category,kegg_drug,pubchem_cid,ligand_title,kegg_target,uniprot_ids,label,feature_status
enzyme,D00002,5893,Nadide (JAN/USAN/INN),hsa:10,A4Z6T7;P11245,1,feature_complete
enzyme,D00002,5893,Nadide (JAN/USAN/INN),hsa:107,Q08828,1,missing_uniprot_affinity_for_target
enzyme,D00002,5893,Nadide (JAN/USAN/INN),hsa:108,Q08462;Q71UM8,1,missing_uniprot_affinity_for_target
enzyme,D00002,5893,Nadide (JAN/USAN/INN),hsa:109,O60266,1,missing_uniprot_affinity_for_target
enzyme,D00002,5893,Nadide (JAN/USAN/INN),hsa:111,A0A384P5Q5;B7Z2C7;O95622,1,missing_uniprot_affinity_for_target
enzyme,D00002,5893,Nadide (JAN/USAN/INN),hsa:112,O43306,1,missing_uniprot_affinity_for_target
enzyme,D00002,5893,Nadide (JAN/USAN/INN),hsa:113,P51828;Q86YI0,1,missing_uniprot_affinity_for_target
enzyme,D00002,5893,Nadide (JAN/USAN/INN),hsa:114,A0A0K0K1K3;P40145;Q4F7X0,1,missing_uniprot_affinity_for_target
enzyme,D00002,5893,Nadide (JAN/USAN/INN),hsa:115,O60503,1,missing_uniprot_affinity_for_target
enzyme,D00002,5893,Nadide (JAN/USAN/INN),hsa:124,P07327,1,feature_complete
enzyme,D00002,5893,Nadide (JAN/USAN/INN),hsa:125,P00325;V9HW50,1,feature_complete
enzyme,D00002,5893,Nadide (JAN/USAN/INN),hsa:126,P00326,1,feature_complete
enzyme,D00002,5893,Nadide (JAN/USAN/INN),hsa:128,P11766;Q6IRT1,1,feature_complete
enzyme,D00002,5893,Nadide (JAN/USAN/INN),hsa:131,A0A0C4DG85;P40394,1,feature_complete
enzyme,D00002,5893,Nadide (JAN/USAN/INN),hsa:1725,P49366,1,feature_complete
enzyme,D00002,5893,Nadide (JAN/USAN/INN),hsa:191,A0A384MTQ3;P23526,1,feature_complete
enzyme,D00002,5893,Nadide (JAN/USAN/INN),hsa:196883,Q8NFM4,1,missing_uniprot_affinity_for_target
enzyme,D00002,5893,Nadide (JAN/USAN/INN),hsa:216,P00352;V9HW83,1,feature_complete
enzyme,D00002,5893,Nadide (JAN/USAN/INN),hsa:217,A0A384NPN7;P05091,1,feature_complete
enzyme,D00002,5893,Nadide (JAN/USAN/INN),hsa:2582,A0A384NL38;Q14376,1,feature_complete
enzyme,D00002,5893,Nadide (JAN/USAN/INN),hsa:2597,P04406;V9HVZ4,1,feature_complete
enzyme,D00002,5893,Nadide (JAN/USAN/INN),hsa:2746,E9KL48;P00367,1,feature_complete
enzyme,D00002,5893,Nadide (JAN/USAN/INN),hsa:2936,P00390;V9HW90,1,feature_complete
enzyme,D00002,5893,Nadide (JAN/USAN/INN),hsa:3028,A0A0S2Z410;Q99714,1,feature_complete
enzyme,D00002,5893,Nadide (JAN/USAN/INN),hsa:3033,A0A140VK76;Q16836,1,feature_complete
enzyme,D00002,5893,Nadide (JAN/USAN/INN),hsa:3292,P14061,1,feature_complete
enzyme,D00002,5893,Nadide (JAN/USAN/INN),hsa:3295,A0A0S2Z4J1;B2R659;P51659,1,feature_complete
enzyme,D00002,5893,Nadide (JAN/USAN/INN),hsa:349565,Q49AL4;Q96T66,1,feature_complete
enzyme,D00002,5893,Nadide (JAN/USAN/INN),hsa:3615,A0A384N6C2;P12268,1,feature_complete
enzyme,D00002,5893,Nadide (JAN/USAN/INN),hsa:3939,P00338;V9HWB9,1,feature_complete
enzyme,D00002,5893,Nadide (JAN/USAN/INN),hsa:3945,P07195;Q5U077,1,feature_complete
enzyme,D00002,5893,Nadide (JAN/USAN/INN),hsa:4190,P40925;V9HWF2,1,feature_complete
enzyme,D00002,5893,Nadide (JAN/USAN/INN),hsa:4200,P23368,1,feature_complete
enzyme,D00002,5893,Nadide (JAN/USAN/INN),hsa:55811,A0A0K0K1J8;Q96PN6,1,feature_complete
enzyme,D00002,5893,Nadide (JAN/USAN/INN),hsa:5860,A0A140VKA9;P09417,1,feature_complete
enzyme,D00002,5893,Nadide (JAN/USAN/INN),hsa:64802,Q9HAN9,1,feature_complete
enzyme,D00002,5893,Nadide (JAN/USAN/INN),hsa:6652,Q00796,1,feature_complete
enzyme,D00005,643975,Flavin Adenine Dinucleotide,hsa:1610,A0A024RBI1;P14920,1,missing_ligand_affinity_file
enzyme,D00005,643975,Flavin Adenine Dinucleotide,hsa:1728,P15559,1,missing_ligand_affinity_file
enzyme,D00005,643975,Flavin Adenine Dinucleotide,hsa:1806,Q12882,1,missing_ligand_affinity_file
enzyme,D00005,643975,Flavin Adenine Dinucleotide,hsa:2232,A0A0A0MT64;P22570,1,missing_ligand_affinity_file
enzyme,D00005,643975,Flavin Adenine Dinucleotide,hsa:2326,B2RCG5;Q01740,1,missing_ligand_affinity_file
enzyme,D00005,643975,Flavin Adenine Dinucleotide,hsa:2639,Q92947,1,missing_ligand_affinity_file
enzyme,D00005,643975,Flavin Adenine Dinucleotide,hsa:27034,Q9UKU7,1,missing_ligand_affinity_file
enzyme,D00005,643975,Flavin Adenine Dinucleotide,hsa:2936,P00390;V9HW90,1,missing_ligand_affinity_file
enzyme,D00005,643975,Flavin Adenine Dinucleotide,hsa:34,A0A0S2Z366;P11310,1,missing_ligand_affinity_file
enzyme,D00005,643975,Flavin Adenine Dinucleotide,hsa:35,E5KSD5;P16219,1,missing_ligand_affinity_file
enzyme,D00005,643975,Flavin Adenine Dinucleotide,hsa:3712,A0A0A0MT83;A0ACM8RFH8;P26440,1,missing_ligand_affinity_file
enzyme,D00005,643975,Flavin Adenine Dinucleotide,hsa:4129,P27338,1,missing_ligand_affinity_file
enzyme,D00005,643975,Flavin Adenine Dinucleotide,hsa:4835,B3KPX6;P16083,1,missing_ligand_affinity_file
enzyme,D00005,643975,Flavin Adenine Dinucleotide,hsa:7498,P47989,1,missing_ligand_affinity_file
enzyme,D00007,33032,L-Glutamic Acid,hsa:2746,E9KL48;P00367,1,feature_complete
enzyme,D00007,33032,L-Glutamic Acid,hsa:31,Q13085,1,missing_uniprot_affinity_for_target
enzyme,D00014,124886,Glutathione,hsa:2936,P00390;V9HW90,1,feature_complete
enzyme,D00014,124886,Glutathione,hsa:2950,P09211;V9HWE9,1,feature_complete
enzyme,D00018,54670067,L-Ascorbic Acid,hsa:5033,P13674,1,feature_complete
enzyme,D00018,54670067,L-Ascorbic Acid,hsa:5351,Q02809,1,missing_uniprot_affinity_for_target
enzyme,D00021,6140,L-Phenylalanine,hsa:10056,Q9NSD9,1,feature_complete
enzyme,D00021,6140,L-Phenylalanine,hsa:10667,O95363,1,feature_complete
enzyme,D00021,6140,L-Phenylalanine,hsa:2193,Q6IBR2;Q9Y285,1,feature_complete
enzyme,D00021,6140,L-Phenylalanine,hsa:5053,P00439,1,feature_complete
enzyme,D00021,6140,L-Phenylalanine,hsa:6898,A0A140VKB7;P17735,1,feature_complete
enzyme,D00021,6140,L-Phenylalanine,hsa:7054,P07101;P78428,1,feature_complete
enzyme,D00027,1174,Uracil,hsa:1806,Q12882,1,missing_uniprot_affinity_for_target
enzyme,D00027,1174,Uracil,hsa:31,Q13085,1,feature_complete
enzyme,D00029,171548,Biotin,hsa:31,Q13085,1,missing_uniprot_affinity_for_target
enzyme,D00029,171548,Biotin,hsa:3141,P50747,1,missing_uniprot_affinity_for_target
enzyme,D00029,171548,Biotin,hsa:32,O00763,1,missing_uniprot_affinity_for_target
enzyme,D00029,171548,Biotin,hsa:5091,P11498,1,feature_complete
enzyme,D00029,171548,Biotin,hsa:5095,P05165,1,feature_complete
enzyme,D00029,171548,Biotin,hsa:5096,P05166,1,missing_uniprot_affinity_for_target
enzyme,D00029,171548,Biotin,hsa:56922,A0A0S2Z693;Q96RQ3,1,feature_complete
enzyme,D00029,171548,Biotin,hsa:64087,A0A140VK29;Q9HCC0,1,missing_uniprot_affinity_for_target
enzyme,D00029,171548,Biotin,hsa:686,P43251,1,missing_uniprot_affinity_for_target
enzyme,D00032,6274,L-Histidine,hsa:3034,P42357,1,missing_uniprot_affinity_for_target
enzyme,D00032,6274,L-Histidine,hsa:3035,P12081,1,feature_complete
enzyme,D00032,6274,L-Histidine,hsa:3067,P19113,1,feature_complete
enzyme,D00035,145742,L-Proline,hsa:2058,P07814,1,feature_complete
enzyme,D00035,145742,L-Proline,hsa:29920,A0A0S2Z5U6;Q96C36,1,feature_complete
enzyme,D00035,145742,L-Proline,hsa:5625,O43272,1,missing_uniprot_affinity_for_target
enzyme,D00035,145742,L-Proline,hsa:5831,P32322,1,feature_complete
enzyme,D00036,936,Nicotinamide,hsa:683,Q10588,1,feature_complete
enzyme,D00037,311,Citric Acid,hsa:100,A0A0S2Z381;P00813,1,feature_complete
enzyme,D00037,311,Citric Acid,hsa:1360,P15086,1,feature_complete
enzyme,D00037,311,Citric Acid,hsa:1431,O75390,1,feature_complete
enzyme,D00037,311,Citric Acid,hsa:231,P15121,1,feature_complete
enzyme,D00037,311,Citric Acid,hsa:4191,A0A024R4K3;B3KTM1;P40926,1,feature_complete
enzyme,D00037,311,Citric Acid,hsa:4282,I4AY87;P14174,1,feature_complete
enzyme,D00037,311,Citric Acid,hsa:50,Q99798,1,missing_uniprot_affinity_for_target
enzyme,D00037,311,Citric Acid,hsa:635,Q93088;V9HWA4,1,feature_complete
enzyme,D00037,311,Citric Acid,hsa:7371,Q9BZX2,1,feature_complete
enzyme,D00037,311,Citric Acid,hsa:8654,O76074,1,feature_complete
enzyme,D00037,311,Citric Acid,hsa:9955,Q9Y663,1,feature_complete
enzyme,D00038,243,Benzoic Acid,hsa:1610,A0A024RBI1;P14920,1,feature_complete
enzyme,D00038,243,Benzoic Acid,hsa:25824,P30044,1,feature_complete
enzyme,D00039,6287,L-Valine,hsa:10295,O14874,1,missing_uniprot_affinity_for_target
enzyme,D00039,6287,L-Valine,hsa:27034,Q9UKU7,1,feature_complete
enzyme,D00039,6287,L-Valine,hsa:4329,A0A024R6G4;Q02252,1,missing_uniprot_affinity_for_target
enzyme,D00039,6287,L-Valine,hsa:5095,P05165,1,feature_complete
enzyme,D00039,6287,L-Valine,hsa:5096,P05166,1,missing_uniprot_affinity_for_target
enzyme,D00039,6287,L-Valine,hsa:57176,A0A0G2JH62;B4DG77;B4E0K6;Q5ST30,1,missing_uniprot_affinity_for_target
enzyme,D00039,6287,L-Valine,hsa:586,P54687,1,feature_complete
enzyme,D00041,6288,L-Threonine,hsa:5095,P05165,1,feature_complete
enzyme,D00041,6288,L-Threonine,hsa:5096,P05166,1,missing_uniprot_affinity_for_target
enzyme,D00041,6288,L-Threonine,hsa:6897,P26639,1,feature_complete
enzyme,D00043,5936,Diisopropyl Fluorophosphate,hsa:10279,Q9NQE7,1,missing_uniprot_affinity_for_target
enzyme,D00043,5936,Diisopropyl Fluorophosphate,hsa:10747,O00187,1,feature_complete
enzyme,D00043,5936,Diisopropyl Fluorophosphate,hsa:11202,O60259,1,feature_complete
enzyme,D00043,5936,Diisopropyl Fluorophosphate,hsa:1200,O14773,1,feature_complete
enzyme,D00043,5936,Diisopropyl Fluorophosphate,hsa:1215,P23946;Q4FEB3,1,feature_complete
enzyme,D00043,5936,Diisopropyl Fluorophosphate,hsa:1675,P00746,1,feature_complete
enzyme,D00043,5936,Diisopropyl Fluorophosphate,hsa:1803,P27487,1,feature_complete
enzyme,D00043,5936,Diisopropyl Fluorophosphate,hsa:2098,A0A140VJJ2;P10768,1,feature_complete
enzyme,D00043,5936,Diisopropyl Fluorophosphate,hsa:2155,P08709,1,feature_complete
enzyme,D00043,5936,Diisopropyl Fluorophosphate,hsa:2158,P00740,1,feature_complete
enzyme,D00043,5936,Diisopropyl Fluorophosphate,hsa:2159,P00742;Q5JVE7,1,feature_complete
enzyme,D00043,5936,Diisopropyl Fluorophosphate,hsa:2160,P03951,1,feature_complete
enzyme,D00043,5936,Diisopropyl Fluorophosphate,hsa:2161,P00748;Q8IZZ5,1,feature_complete
enzyme,D00043,5936,Diisopropyl Fluorophosphate,hsa:23430,Q9BZJ3,1,missing_uniprot_affinity_for_target
enzyme,D00043,5936,Diisopropyl Fluorophosphate,hsa:23436,P08861,1,missing_uniprot_affinity_for_target
enzyme,D00043,5936,Diisopropyl Fluorophosphate,hsa:28972,A0A5F9YFS9;Q9Y6A9,1,feature_complete
enzyme,D00043,5936,Diisopropyl Fluorophosphate,hsa:3001,P12544,1,feature_complete
enzyme,D00043,5936,Diisopropyl Fluorophosphate,hsa:3002,P10144;Q67BC3,1,feature_complete
enzyme,D00043,5936,Diisopropyl Fluorophosphate,hsa:327,P13798,1,missing_uniprot_affinity_for_target
enzyme,D00043,5936,Diisopropyl Fluorophosphate,hsa:354,P07288;Q546G3,1,feature_complete
enzyme,D00043,5936,Diisopropyl Fluorophosphate,hsa:3816,P06870,1,feature_complete
enzyme,D00043,5936,Diisopropyl Fluorophosphate,hsa:3817,B4DU77;P20151,1,feature_complete
enzyme,D00043,5936,Diisopropyl Fluorophosphate,hsa:3818,A8K9A9;P03952,1,feature_complete
enzyme,D00043,5936,Diisopropyl Fluorophosphate,hsa:43,P22303,1,feature_complete
enzyme,D00043,5936,Diisopropyl Fluorophosphate,hsa:49,P10323,1,missing_uniprot_affinity_for_target
enzyme,D00043,5936,Diisopropyl Fluorophosphate,hsa:5045,P09958,1,feature_complete
enzyme,D00043,5936,Diisopropyl Fluorophosphate,hsa:5122,P29120,1,missing_uniprot_affinity_for_target
enzyme,D00043,5936,Diisopropyl Fluorophosphate,hsa:5126,P16519,1,missing_uniprot_affinity_for_target
enzyme,D00043,5936,Diisopropyl Fluorophosphate,hsa:5167,P22413,1,missing_uniprot_affinity_for_target
enzyme,D00043,5936,Diisopropyl Fluorophosphate,hsa:5327,P00750,1,feature_complete
enzyme,D00043,5936,Diisopropyl Fluorophosphate,hsa:5328,P00749,1,feature_complete
enzyme,D00043,5936,Diisopropyl Fluorophosphate,hsa:5340,P00747,1,feature_complete
enzyme,D00043,5936,Diisopropyl Fluorophosphate,hsa:5444,P27169,1,missing_uniprot_affinity_for_target
enzyme,D00043,5936,Diisopropyl Fluorophosphate,hsa:5445,Q15165,1,missing_uniprot_affinity_for_target
enzyme,D00043,5936,Diisopropyl Fluorophosphate,hsa:5476,P10619;X6R8A1,1,feature_complete
enzyme,D00043,5936,Diisopropyl Fluorophosphate,hsa:54878,A8K4U2;Q6V1X1,1,feature_complete
enzyme,D00043,5936,Diisopropyl Fluorophosphate,hsa:5547,P42785,1,feature_complete
enzyme,D00043,5936,Diisopropyl Fluorophosphate,hsa:5550,B2RAH7;P48147,1,feature_complete
enzyme,D00043,5936,Diisopropyl Fluorophosphate,hsa:5645,P07478;Q5NV56;Q6PK75,1,missing_uniprot_affinity_for_target
enzyme,D00043,5936,Diisopropyl Fluorophosphate,hsa:5646,P35030;Q7Z5F4,1,feature_complete
enzyme,D00043,5936,Diisopropyl Fluorophosphate,hsa:5650,B4DHX9;P49862,1,feature_complete
enzyme,D00043,5936,Diisopropyl Fluorophosphate,hsa:5651,P98073,1,feature_complete
enzyme,D00043,5936,Diisopropyl Fluorophosphate,hsa:5657,P24158,1,feature_complete
enzyme,D00043,5936,Diisopropyl Fluorophosphate,hsa:590,P06276,1,feature_complete
enzyme,D00043,5936,Diisopropyl Fluorophosphate,hsa:63036,P08217,1,missing_uniprot_affinity_for_target
enzyme,D00043,5936,Diisopropyl Fluorophosphate,hsa:64499,A0A140VJT7;P20231,1,feature_complete
enzyme,D00043,5936,Diisopropyl Fluorophosphate,hsa:6768,Q9Y5Y6,1,feature_complete
enzyme,D00043,5936,Diisopropyl Fluorophosphate,hsa:7174,P29144,1,missing_uniprot_affinity_for_target
enzyme,D00043,5936,Diisopropyl Fluorophosphate,hsa:8192,Q16740,1,feature_complete
enzyme,D00043,5936,Diisopropyl Fluorophosphate,hsa:91039,Q86TI2,1,feature_complete
enzyme,D00043,5936,Diisopropyl Fluorophosphate,hsa:94009,,1,missing_kegg_target_to_uniprot
enzyme,D00045,60961,Adenosine,hsa:107,Q08828,1,missing_uniprot_affinity_for_target
enzyme,D00049,938,Nicotinic Acid,hsa:23475,B4DDH4;Q15274;V9HWJ5,1,feature_complete
enzyme,D00049,938,Nicotinic Acid,hsa:4837,B0YJ53;P40261,1,feature_complete
enzyme,D00050,493570,Riboflavin,hsa:55312,B2RDZ2;Q969G6,1,feature_complete
enzyme,D00050,493570,Riboflavin,hsa:645,P30043;V9HWI1,1,feature_complete
enzyme,D00052,6049,Ethylenediaminetetraacetic Acid,hsa:1363,A0A384N679;P16870,1,missing_uniprot_affinity_for_target
enzyme,D00052,6049,Ethylenediaminetetraacetic Acid,hsa:3416,P14735,1,feature_complete
enzyme,D00052,6049,Ethylenediaminetetraacetic Acid,hsa:4311,P08473,1,feature_complete
enzyme,D00054,135398641,Inosine,hsa:4860,P00491;V9HWH6,1,feature_complete
enzyme,D00055,967,Orotic Acid,hsa:1723,Q02127,1,feature_complete
enzyme,D00065,6306,L-Isoleucine,hsa:10295,O14874,1,missing_uniprot_affinity_for_target
enzyme,D00065,6306,L-Isoleucine,hsa:3376,P41252,1,missing_uniprot_affinity_for_target
enzyme,D00065,6306,L-Isoleucine,hsa:36,A0A0S2Z3P9;P45954,1,feature_complete
enzyme,D00065,6306,L-Isoleucine,hsa:38,A0A140VJX1;P24752,1,feature_complete
enzyme,D00065,6306,L-Isoleucine,hsa:5095,P05165,1,feature_complete
enzyme,D00065,6306,L-Isoleucine,hsa:5096,P05166,1,missing_uniprot_affinity_for_target
enzyme,D00065,6306,L-Isoleucine,hsa:586,P54687,1,feature_complete
enzyme,D00065,6306,L-Isoleucine,hsa:587,O15382,1,feature_complete
enzyme,D00070,135398658,Folic Acid,hsa:2356,Q05932,1,missing_uniprot_affinity_for_target
enzyme,D00070,135398658,Folic Acid,hsa:8836,Q92820,1,feature_complete
enzyme,D00086,864,alpha Lipoic acid,hsa:51601,Q9Y234,1,missing_uniprot_affinity_for_target
enzyme,D00094,444795,Retinoic Acid,hsa:216,P00352;V9HW83,1,feature_complete
enzyme,D00094,444795,Retinoic Acid,hsa:8854,O94788,1,feature_complete
enzyme,D00097,338,Salicylic Acid,hsa:239,P18054,1,feature_complete
enzyme,D00097,338,Salicylic Acid,hsa:240,P09917,1,feature_complete
enzyme,D00097,338,Salicylic Acid,hsa:242,O75342,1,missing_uniprot_affinity_for_target
enzyme,D00097,338,Salicylic Acid,hsa:246,P16050,1,missing_uniprot_affinity_for_target
enzyme,D00097,338,Salicylic Acid,hsa:247,O15296,1,feature_complete
enzyme,D00097,338,Salicylic Acid,hsa:3551,O14920,1,feature_complete
enzyme,D00097,338,Salicylic Acid,hsa:4025,P22079,1,missing_uniprot_affinity_for_target
enzyme,D00097,338,Salicylic Acid,hsa:4048,A0A140VK27;P09960,1,feature_complete
enzyme,D00097,338,Salicylic Acid,hsa:4353,P05164,1,feature_complete
enzyme,D00097,338,Salicylic Acid,hsa:5742,P23219,1,feature_complete
enzyme,D00097,338,Salicylic Acid,hsa:8288,P11678,1,missing_uniprot_affinity_for_target
enzyme,D00103,444305,L-Tartaric acid,hsa:51205,Q9NPH0,1,feature_complete
enzyme,D00103,444305,L-Tartaric acid,hsa:52,P24666;Q59EH3,1,feature_complete
enzyme,D00103,444305,L-Tartaric acid,hsa:53,P11117,1,missing_uniprot_affinity_for_target
enzyme,D00103,444305,L-Tartaric acid,hsa:54,P13686,1,feature_complete
enzyme,D00103,444305,L-Tartaric acid,hsa:55,P15309,1,feature_complete
enzyme,D00103,444305,L-Tartaric acid,hsa:93650,Q9BZG2,1,missing_uniprot_affinity_for_target
enzyme,D00107,5282315,Tacrolimus Hydrate,hsa:1033,Q16667,1,missing_ligand_affinity_file
enzyme,D00107,5282315,Tacrolimus Hydrate,hsa:11072,O95147;Q6FI36,1,missing_ligand_affinity_file
enzyme,D00107,5282315,Tacrolimus Hydrate,hsa:11221,Q9Y6W6,1,missing_ligand_affinity_file
enzyme,D00107,5282315,Tacrolimus Hydrate,hsa:11266,Q9UNI6,1,missing_ligand_affinity_file
enzyme,D00107,5282315,Tacrolimus Hydrate,hsa:128853,Q9H1R2,1,missing_ligand_affinity_file
enzyme,D00107,5282315,Tacrolimus Hydrate,hsa:132160,Q96MI6,1,missing_ligand_affinity_file
enzyme,D00107,5282315,Tacrolimus Hydrate,hsa:134510,Q8WVY7,1,missing_ligand_affinity_file
enzyme,D00107,5282315,Tacrolimus Hydrate,hsa:142679,Q8WTR2,1,missing_ligand_affinity_file
enzyme,D00107,5282315,Tacrolimus Hydrate,hsa:150290,Q8NEJ0,1,missing_ligand_affinity_file
enzyme,D00107,5282315,Tacrolimus Hydrate,hsa:1843,B4DU40;P28562,1,missing_ligand_affinity_file
enzyme,D00107,5282315,Tacrolimus Hydrate,hsa:1844,Q05923,1,missing_ligand_affinity_file
enzyme,D00107,5282315,Tacrolimus Hydrate,hsa:1845,P51452,1,missing_ligand_affinity_file
enzyme,D00107,5282315,Tacrolimus Hydrate,hsa:1846,Q13115,1,missing_ligand_affinity_file
enzyme,D00107,5282315,Tacrolimus Hydrate,hsa:1847,Q16690,1,missing_ligand_affinity_file
enzyme,D00107,5282315,Tacrolimus Hydrate,hsa:1848,Q16828,1,missing_ligand_affinity_file
enzyme,D00107,5282315,Tacrolimus Hydrate,hsa:1849,Q16829,1,missing_ligand_affinity_file
enzyme,D00107,5282315,Tacrolimus Hydrate,hsa:1850,Q13202,1,missing_ligand_affinity_file
enzyme,D00107,5282315,Tacrolimus Hydrate,hsa:1852,Q6P9C2;Q99956,1,missing_ligand_affinity_file
enzyme,D00107,5282315,Tacrolimus Hydrate,hsa:22843,Q8WY54,1,missing_ligand_affinity_file
enzyme,D00107,5282315,Tacrolimus Hydrate,hsa:23035,Q6ZVD8,1,missing_ligand_affinity_file
enzyme,D00107,5282315,Tacrolimus Hydrate,hsa:23239,O60346,1,missing_ligand_affinity_file
enzyme,D00107,5282315,Tacrolimus Hydrate,hsa:28227,Q9Y5P8,1,missing_ligand_affinity_file
enzyme,D00107,5282315,Tacrolimus Hydrate,hsa:390956,,1,missing_ligand_affinity_file
enzyme,D00107,5282315,Tacrolimus Hydrate,hsa:51207,Q6B8I1;Q9UII6,1,missing_ligand_affinity_file
enzyme,D00107,5282315,Tacrolimus Hydrate,hsa:51645,Q9Y3C6,1,missing_ligand_affinity_file
enzyme,D00107,5282315,Tacrolimus Hydrate,hsa:53938,A0A024R3V4;Q9H2H8,1,missing_ligand_affinity_file
enzyme,D00107,5282315,Tacrolimus Hydrate,hsa:5470,O14830,1,missing_ligand_affinity_file
enzyme,D00107,5282315,Tacrolimus Hydrate,hsa:5475,O14829,1,missing_ligand_affinity_file
enzyme,D00107,5282315,Tacrolimus Hydrate,hsa:5478,P62937;V9HWF5,1,missing_ligand_affinity_file
enzyme,D00107,5282315,Tacrolimus Hydrate,hsa:5479,P23284,1,missing_ligand_affinity_file
enzyme,D00107,5282315,Tacrolimus Hydrate,hsa:5481,E5KN55;Q08752,1,missing_ligand_affinity_file
enzyme,D00107,5282315,Tacrolimus Hydrate,hsa:5494,P35813,1,missing_ligand_affinity_file
enzyme,D00107,5282315,Tacrolimus Hydrate,hsa:5495,O75688,1,missing_ligand_affinity_file
enzyme,D00107,5282315,Tacrolimus Hydrate,hsa:5496,O15355;Q6IAU5,1,missing_ligand_affinity_file
enzyme,D00107,5282315,Tacrolimus Hydrate,hsa:5499,P62136,1,missing_ligand_affinity_file
enzyme,D00107,5282315,Tacrolimus Hydrate,hsa:5500,P62140;V9HW04,1,missing_ligand_affinity_file
enzyme,D00107,5282315,Tacrolimus Hydrate,hsa:5501,P36873,1,missing_ligand_affinity_file
enzyme,D00107,5282315,Tacrolimus Hydrate,hsa:5515,B3KUN1;P67775,1,missing_ligand_affinity_file
enzyme,D00107,5282315,Tacrolimus Hydrate,hsa:5516,A0A140VJS0;P62714,1,missing_ligand_affinity_file
enzyme,D00107,5282315,Tacrolimus Hydrate,hsa:5523,Q06190,1,missing_ligand_affinity_file
enzyme,D00107,5282315,Tacrolimus Hydrate,hsa:5530,A0A0S2Z4C6;Q08209,1,missing_ligand_affinity_file
enzyme,D00107,5282315,Tacrolimus Hydrate,hsa:5531,A0A024R625;P60510,1,missing_ligand_affinity_file
enzyme,D00107,5282315,Tacrolimus Hydrate,hsa:5532,P16298,1,missing_ligand_affinity_file
enzyme,D00107,5282315,Tacrolimus Hydrate,hsa:5533,P48454,1,missing_ligand_affinity_file
enzyme,D00107,5282315,Tacrolimus Hydrate,hsa:5536,P53041,1,missing_ligand_affinity_file
enzyme,D00107,5282315,Tacrolimus Hydrate,hsa:5537,A0A024R861;O00743,1,missing_ligand_affinity_file
enzyme,D00107,5282315,Tacrolimus Hydrate,hsa:58190,Q9GZU7,1,missing_ligand_affinity_file
enzyme,D00107,5282315,Tacrolimus Hydrate,hsa:63904,Q9H596,1,missing_ligand_affinity_file
enzyme,D00107,5282315,Tacrolimus Hydrate,hsa:7957,O95278,1,missing_ligand_affinity_file
enzyme,D00107,5282315,Tacrolimus Hydrate,hsa:80824,Q9BY84,1,missing_ligand_affinity_file
enzyme,D00107,5282315,Tacrolimus Hydrate,hsa:84152,B3KVQ9;Q9UD71,1,missing_ligand_affinity_file
enzyme,D00107,5282315,Tacrolimus Hydrate,hsa:85313,Q8WUA2,1,missing_ligand_affinity_file
enzyme,D00107,5282315,Tacrolimus Hydrate,hsa:8555,O60729,1,missing_ligand_affinity_file
enzyme,D00107,5282315,Tacrolimus Hydrate,hsa:8556,Q59EF4;Q9UNH5,1,missing_ligand_affinity_file
enzyme,D00107,5282315,Tacrolimus Hydrate,hsa:9150,Q9Y5B0,1,missing_ligand_affinity_file
enzyme,D00107,5282315,Tacrolimus Hydrate,hsa:9647,P49593,1,missing_ligand_affinity_file
enzyme,D00109,2244,Aspirin,hsa:5742,P23219,1,feature_complete
enzyme,D00109,2244,Aspirin,hsa:5743,P35354,1,feature_complete
enzyme,D00118,156391,Naproxen,hsa:239,P18054,1,feature_complete
enzyme,D00118,156391,Naproxen,hsa:240,P09917,1,feature_complete
enzyme,D00118,156391,Naproxen,hsa:242,O75342,1,missing_uniprot_affinity_for_target
enzyme,D00118,156391,Naproxen,hsa:246,P16050,1,missing_uniprot_affinity_for_target
enzyme,D00118,156391,Naproxen,hsa:247,O15296,1,feature_complete
enzyme,D00118,156391,Naproxen,hsa:4048,A0A140VK27;P09960,1,feature_complete
enzyme,D00118,156391,Naproxen,hsa:5742,P23219,1,feature_complete
enzyme,D00118,156391,Naproxen,hsa:5743,P35354,1,feature_complete
enzyme,D00120,1548887,Sulindac,hsa:2328,A0A024R8Z4;P31513;Q53FW5,1,missing_uniprot_affinity_for_target
enzyme,D00120,1548887,Sulindac,hsa:3551,O14920,1,feature_complete
enzyme,D00120,1548887,Sulindac,hsa:5742,P23219,1,feature_complete
enzyme,D00120,1548887,Sulindac,hsa:5743,P35354,1,feature_complete
enzyme,D00125,36462,Etoposide,hsa:7153,P11388,1,feature_complete
enzyme,D00125,36462,Etoposide,hsa:7155,Q02880,1,feature_complete
enzyme,D00126,3672,"Ibuprofen, (+-)-",hsa:1559,P11712,1,feature_complete
enzyme,D00126,3672,"Ibuprofen, (+-)-",hsa:239,P18054,1,feature_complete
enzyme,D00126,3672,"Ibuprofen, (+-)-",hsa:240,P09917,1,feature_complete
enzyme,D00126,3672,"Ibuprofen, (+-)-",hsa:242,O75342,1,missing_uniprot_affinity_for_target
enzyme,D00126,3672,"Ibuprofen, (+-)-",hsa:3906,P00709,1,feature_complete
enzyme,D00126,3672,"Ibuprofen, (+-)-",hsa:4048,A0A140VK27;P09960,1,feature_complete
enzyme,D00126,3672,"Ibuprofen, (+-)-",hsa:5742,P23219,1,feature_complete
enzyme,D00126,3672,"Ibuprofen, (+-)-",hsa:5743,P35354,1,feature_complete
enzyme,D00127,54676228,Piroxicam,hsa:5742,P23219,1,feature_complete
enzyme,D00127,54676228,Piroxicam,hsa:5743,P35354,1,feature_complete
enzyme,D00129,5280453,Calcitriol,hsa:1594,O15528,1,missing_uniprot_affinity_for_target
enzyme,D00130,3059,Diflunisal,hsa:5742,P23219,1,feature_complete
enzyme,D00130,3059,Diflunisal,hsa:5743,P35354,1,feature_complete
enzyme,D00131,3117,Disulfiram,hsa:1571,P05181,1,feature_complete
enzyme,D00131,3117,Disulfiram,hsa:1621,P09172,1,feature_complete
enzyme,D00131,3117,Disulfiram,hsa:216,P00352;V9HW83,1,feature_complete
enzyme,D00131,3117,Disulfiram,hsa:217,A0A384NPN7;P05091,1,feature_complete
enzyme,D00131,3117,Disulfiram,hsa:218,P30838;Q6PKA6,1,feature_complete
enzyme,D00131,3117,Disulfiram,hsa:219,A0A384MTJ7;P30837,1,feature_complete
enzyme,D00131,3117,Disulfiram,hsa:223,P49189,1,feature_complete
enzyme,D00131,3117,Disulfiram,hsa:224,P51648,1,feature_complete
enzyme,D00131,3117,Disulfiram,hsa:444,Q12797,1,feature_complete
enzyme,D00131,3117,Disulfiram,hsa:501,P49419,1,feature_complete
enzyme,D00132,3825,Ketoprofen,hsa:239,P18054,1,feature_complete
enzyme,D00132,3825,Ketoprofen,hsa:240,P09917,1,feature_complete
enzyme,D00132,3825,Ketoprofen,hsa:242,O75342,1,missing_uniprot_affinity_for_target
enzyme,D00132,3825,Ketoprofen,hsa:246,P16050,1,missing_uniprot_affinity_for_target
enzyme,D00132,3825,Ketoprofen,hsa:247,O15296,1,feature_complete
enzyme,D00132,3825,Ketoprofen,hsa:3906,P00709,1,feature_complete
enzyme,D00132,3825,Ketoprofen,hsa:4048,A0A140VK27;P09960,1,feature_complete
enzyme,D00132,3825,Ketoprofen,hsa:5742,P23219,1,feature_complete
enzyme,D00132,3825,Ketoprofen,hsa:5743,P35354,1,feature_complete
enzyme,D00136,3559,Haloperidol,hsa:10327,P14550;V9HWI0,1,feature_complete
enzyme,D00136,3559,Haloperidol,hsa:1576,P08684;Q6GRK0,1,feature_complete
enzyme,D00136,3559,Haloperidol,hsa:1645,Q04828,1,feature_complete
enzyme,D00136,3559,Haloperidol,hsa:231,P15121,1,feature_complete
enzyme,D00136,3559,Haloperidol,hsa:51181,A0A384NY14;Q7Z4W1,1,feature_complete
enzyme,D00136,3559,Haloperidol,hsa:57016,O60218,1,feature_complete
enzyme,D00139,4114,8-Methoxypsoralen,hsa:10858,Q9Y6A2,1,feature_complete
enzyme,D00139,4114,8-Methoxypsoralen,hsa:1544,P05177,1,feature_complete
enzyme,D00139,4114,8-Methoxypsoralen,hsa:1545,Q16678;Q53TK1,1,feature_complete
enzyme,D00139,4114,8-Methoxypsoralen,hsa:1548,P11509,1,feature_complete
enzyme,D00139,4114,8-Methoxypsoralen,hsa:1549,P20853,1,missing_uniprot_affinity_for_target
enzyme,D00139,4114,8-Methoxypsoralen,hsa:1551,P24462,1,feature_complete
enzyme,D00139,4114,8-Methoxypsoralen,hsa:1553,Q16696,1,feature_complete
enzyme,D00139,4114,8-Methoxypsoralen,hsa:1555,P20813,1,feature_complete
enzyme,D00139,4114,8-Methoxypsoralen,hsa:1557,P33261,1,feature_complete
enzyme,D00139,4114,8-Methoxypsoralen,hsa:1558,P10632,1,feature_complete
enzyme,D00139,4114,8-Methoxypsoralen,hsa:1559,P11712,1,feature_complete
enzyme,D00139,4114,8-Methoxypsoralen,hsa:1562,P33260;Q7Z348,1,feature_complete
enzyme,D00139,4114,8-Methoxypsoralen,hsa:1565,C1ID52;P10635;Q5Y7H2,1,feature_complete
enzyme,D00139,4114,8-Methoxypsoralen,hsa:1571,P05181,1,feature_complete
enzyme,D00139,4114,8-Methoxypsoralen,hsa:1572,P24903,1,missing_uniprot_affinity_for_target
enzyme,D00139,4114,8-Methoxypsoralen,hsa:1573,P51589,1,missing_uniprot_affinity_for_target
enzyme,D00139,4114,8-Methoxypsoralen,hsa:1576,P08684;Q6GRK0,1,feature_complete
enzyme,D00139,4114,8-Methoxypsoralen,hsa:1577,P20815,1,feature_complete
enzyme,D00139,4114,8-Methoxypsoralen,hsa:1579,Q02928,1,missing_uniprot_affinity_for_target
enzyme,D00139,4114,8-Methoxypsoralen,hsa:1580,P13584,1,missing_uniprot_affinity_for_target
enzyme,D00139,4114,8-Methoxypsoralen,hsa:1581,P22680,1,feature_complete
enzyme,D00139,4114,8-Methoxypsoralen,hsa:1582,Q9UNU6,1,feature_complete
enzyme,D00139,4114,8-Methoxypsoralen,hsa:1583,A0A0S2Z3R3;P05108,1,feature_complete
enzyme,D00139,4114,8-Methoxypsoralen,hsa:1584,P15538;Q8TDD0,1,feature_complete
enzyme,D00139,4114,8-Methoxypsoralen,hsa:1585,P19099,1,feature_complete
enzyme,D00139,4114,8-Methoxypsoralen,hsa:1586,P05093;Q1HB44,1,feature_complete
enzyme,D00139,4114,8-Methoxypsoralen,hsa:1588,P11511;Q8IYG4;Q8TCA4,1,feature_complete
enzyme,D00139,4114,8-Methoxypsoralen,hsa:1589,P08686;Q08AG9,1,feature_complete
enzyme,D00139,4114,8-Methoxypsoralen,hsa:1593,Q02318,1,missing_uniprot_affinity_for_target
enzyme,D00139,4114,8-Methoxypsoralen,hsa:1594,O15528,1,missing_uniprot_affinity_for_target
enzyme,D00139,4114,8-Methoxypsoralen,hsa:1595,Q16850,1,feature_complete
enzyme,D00139,4114,8-Methoxypsoralen,hsa:199974,Q86W10,1,missing_uniprot_affinity_for_target
enzyme,D00139,4114,8-Methoxypsoralen,hsa:260293,Q8N118,1,missing_uniprot_affinity_for_target
enzyme,D00139,4114,8-Methoxypsoralen,hsa:284541,Q5TCH4,1,missing_uniprot_affinity_for_target
enzyme,D00139,4114,8-Methoxypsoralen,hsa:29785,Q96SQ9,1,missing_uniprot_affinity_for_target
enzyme,D00139,4114,8-Methoxypsoralen,hsa:4051,Q08477,1,missing_uniprot_affinity_for_target
enzyme,D00139,4114,8-Methoxypsoralen,hsa:51004,Q9Y2Z9,1,missing_uniprot_affinity_for_target
enzyme,D00139,4114,8-Methoxypsoralen,hsa:51302,Q9NYL5,1,missing_uniprot_affinity_for_target
enzyme,D00139,4114,8-Methoxypsoralen,hsa:5740,Q16647,1,feature_complete
enzyme,D00139,4114,8-Methoxypsoralen,hsa:64816,Q9HB55,1,missing_uniprot_affinity_for_target
enzyme,D00139,4114,8-Methoxypsoralen,hsa:8529,P78329,1,missing_uniprot_affinity_for_target
enzyme,D00139,4114,8-Methoxypsoralen,hsa:9023,O95992,1,missing_uniprot_affinity_for_target
enzyme,D00139,4114,8-Methoxypsoralen,hsa:9420,O75881;Q05C57,1,missing_uniprot_affinity_for_target
enzyme,D00141,3715,Indomethacin,hsa:239,P18054,1,feature_complete
enzyme,D00141,3715,Indomethacin,hsa:240,P09917,1,feature_complete
enzyme,D00141,3715,Indomethacin,hsa:242,O75342,1,missing_uniprot_affinity_for_target
enzyme,D00141,3715,Indomethacin,hsa:246,P16050,1,missing_uniprot_affinity_for_target
enzyme,D00141,3715,Indomethacin,hsa:247,O15296,1,feature_complete
enzyme,D00141,3715,Indomethacin,hsa:4048,A0A140VK27;P09960,1,feature_complete
enzyme,D00141,3715,Indomethacin,hsa:5742,P23219,1,feature_complete
enzyme,D00141,3715,Indomethacin,hsa:5743,P35354,1,feature_complete
enzyme,D00142,126941,Methotrexate,hsa:1719,B0YJ76;P00374,1,feature_complete
enzyme,D00145,5578,Trimethoprim,hsa:1719,B0YJ76;P00374,1,feature_complete
enzyme,D00148,5280483,Vitamin K,hsa:2677,P38435,1,missing_uniprot_affinity_for_target
enzyme,D00151,4044,Mefenamic Acid,hsa:5742,P23219,1,feature_complete
enzyme,D00151,4044,Mefenamic Acid,hsa:5743,P35354,1,feature_complete
enzyme,D00153,13769,Testolactone,hsa:1588,P11511;Q8IYG4;Q8TCA4,1,feature_complete
enzyme,D00155,439693,Pentostatin,hsa:100,A0A0S2Z381;P00813,1,feature_complete
enzyme,D00158,23677829,Tolmetin sodium dihydrate,hsa:5742,P23219,1,missing_ligand_affinity_file
enzyme,D00158,23677829,Tolmetin sodium dihydrate,hsa:5743,P35354,1,missing_ligand_affinity_file
enzyme,D00160,564,6-Aminohexanoic Acid,hsa:10279,Q9NQE7,1,missing_uniprot_affinity_for_target
enzyme,D00160,564,6-Aminohexanoic Acid,hsa:10747,O00187,1,feature_complete
enzyme,D00160,564,6-Aminohexanoic Acid,hsa:11202,O60259,1,feature_complete
enzyme,D00160,564,6-Aminohexanoic Acid,hsa:11330,Q99895,1,feature_complete
enzyme,D00160,564,6-Aminohexanoic Acid,hsa:1215,P23946;Q4FEB3,1,feature_complete
enzyme,D00160,564,6-Aminohexanoic Acid,hsa:1504,P17538,1,missing_uniprot_affinity_for_target
enzyme,D00160,564,6-Aminohexanoic Acid,hsa:1675,P00746,1,feature_complete
enzyme,D00160,564,6-Aminohexanoic Acid,hsa:1990,Q9UNI1,1,missing_uniprot_affinity_for_target
enzyme,D00160,564,6-Aminohexanoic Acid,hsa:1991,P08246,1,feature_complete
enzyme,D00160,564,6-Aminohexanoic Acid,hsa:2155,P08709,1,feature_complete
enzyme,D00160,564,6-Aminohexanoic Acid,hsa:2158,P00740,1,feature_complete
enzyme,D00160,564,6-Aminohexanoic Acid,hsa:2159,P00742;Q5JVE7,1,feature_complete
enzyme,D00160,564,6-Aminohexanoic Acid,hsa:2160,P03951,1,feature_complete
enzyme,D00160,564,6-Aminohexanoic Acid,hsa:2161,P00748;Q8IZZ5,1,feature_complete
enzyme,D00160,564,6-Aminohexanoic Acid,hsa:23430,Q9BZJ3,1,missing_uniprot_affinity_for_target
enzyme,D00160,564,6-Aminohexanoic Acid,hsa:23436,P08861,1,missing_uniprot_affinity_for_target
enzyme,D00160,564,6-Aminohexanoic Acid,hsa:28972,A0A5F9YFS9;Q9Y6A9,1,feature_complete
enzyme,D00160,564,6-Aminohexanoic Acid,hsa:3001,P12544,1,feature_complete
enzyme,D00160,564,6-Aminohexanoic Acid,hsa:3002,P10144;Q67BC3,1,feature_complete
enzyme,D00160,564,6-Aminohexanoic Acid,hsa:354,P07288;Q546G3,1,feature_complete
enzyme,D00160,564,6-Aminohexanoic Acid,hsa:3816,P06870,1,feature_complete
enzyme,D00160,564,6-Aminohexanoic Acid,hsa:3817,B4DU77;P20151,1,feature_complete
enzyme,D00160,564,6-Aminohexanoic Acid,hsa:3818,A8K9A9;P03952,1,feature_complete
enzyme,D00160,564,6-Aminohexanoic Acid,hsa:49,P10323,1,missing_uniprot_affinity_for_target
enzyme,D00160,564,6-Aminohexanoic Acid,hsa:5045,P09958,1,feature_complete
enzyme,D00160,564,6-Aminohexanoic Acid,hsa:5122,P29120,1,missing_uniprot_affinity_for_target
enzyme,D00160,564,6-Aminohexanoic Acid,hsa:5126,P16519,1,missing_uniprot_affinity_for_target
enzyme,D00160,564,6-Aminohexanoic Acid,hsa:5327,P00750,1,feature_complete
enzyme,D00160,564,6-Aminohexanoic Acid,hsa:5328,P00749,1,feature_complete
enzyme,D00160,564,6-Aminohexanoic Acid,hsa:5340,P00747,1,feature_complete
enzyme,D00160,564,6-Aminohexanoic Acid,hsa:5550,B2RAH7;P48147,1,feature_complete
enzyme,D00160,564,6-Aminohexanoic Acid,hsa:5645,P07478;Q5NV56;Q6PK75,1,missing_uniprot_affinity_for_target
enzyme,D00160,564,6-Aminohexanoic Acid,hsa:5646,P35030;Q7Z5F4,1,feature_complete
enzyme,D00160,564,6-Aminohexanoic Acid,hsa:5650,B4DHX9;P49862,1,feature_complete
enzyme,D00160,564,6-Aminohexanoic Acid,hsa:5651,P98073,1,feature_complete
enzyme,D00160,564,6-Aminohexanoic Acid,hsa:5657,P24158,1,feature_complete
enzyme,D00160,564,6-Aminohexanoic Acid,hsa:63036,P08217,1,missing_uniprot_affinity_for_target
enzyme,D00160,564,6-Aminohexanoic Acid,hsa:64499,A0A140VJT7;P20231,1,feature_complete
enzyme,D00160,564,6-Aminohexanoic Acid,hsa:6768,Q9Y5Y6,1,feature_complete
enzyme,D00160,564,6-Aminohexanoic Acid,hsa:7174,P29144,1,missing_uniprot_affinity_for_target
enzyme,D00160,564,6-Aminohexanoic Acid,hsa:8192,Q16740,1,feature_complete
enzyme,D00160,564,6-Aminohexanoic Acid,hsa:94009,,1,missing_kegg_target_to_uniprot
enzyme,D00168,6253,Cytarabine,hsa:5423,P06746,1,feature_complete
enzyme,D00169,23663959,Sodium meclofenamate monohydrate,hsa:5742,P23219,1,feature_complete
enzyme,D00169,23663959,Sodium meclofenamate monohydrate,hsa:5743,P35354,1,feature_complete
enzyme,D00183,4421,Nalidixic Acid,hsa:7153,P11388,1,feature_complete
enzyme,D00183,4421,Nalidixic Acid,hsa:7155,Q02880,1,feature_complete
enzyme,D00184,5280754,Cyclosporine (USP),hsa:1033,Q16667,1,missing_ligand_affinity_file
enzyme,D00184,5280754,Cyclosporine (USP),hsa:11072,O95147;Q6FI36,1,missing_ligand_affinity_file
enzyme,D00184,5280754,Cyclosporine (USP),hsa:11221,Q9Y6W6,1,missing_ligand_affinity_file
enzyme,D00184,5280754,Cyclosporine (USP),hsa:11266,Q9UNI6,1,missing_ligand_affinity_file
enzyme,D00184,5280754,Cyclosporine (USP),hsa:128853,Q9H1R2,1,missing_ligand_affinity_file
enzyme,D00184,5280754,Cyclosporine (USP),hsa:132160,Q96MI6,1,missing_ligand_affinity_file
enzyme,D00184,5280754,Cyclosporine (USP),hsa:134510,Q8WVY7,1,missing_ligand_affinity_file
enzyme,D00184,5280754,Cyclosporine (USP),hsa:142679,Q8WTR2,1,missing_ligand_affinity_file
enzyme,D00184,5280754,Cyclosporine (USP),hsa:150290,Q8NEJ0,1,missing_ligand_affinity_file
enzyme,D00184,5280754,Cyclosporine (USP),hsa:1843,B4DU40;P28562,1,missing_ligand_affinity_file
enzyme,D00184,5280754,Cyclosporine (USP),hsa:1844,Q05923,1,missing_ligand_affinity_file
enzyme,D00184,5280754,Cyclosporine (USP),hsa:1845,P51452,1,missing_ligand_affinity_file
enzyme,D00184,5280754,Cyclosporine (USP),hsa:1846,Q13115,1,missing_ligand_affinity_file
enzyme,D00184,5280754,Cyclosporine (USP),hsa:1847,Q16690,1,missing_ligand_affinity_file
enzyme,D00184,5280754,Cyclosporine (USP),hsa:1848,Q16828,1,missing_ligand_affinity_file
enzyme,D00184,5280754,Cyclosporine (USP),hsa:1849,Q16829,1,missing_ligand_affinity_file
enzyme,D00184,5280754,Cyclosporine (USP),hsa:1850,Q13202,1,missing_ligand_affinity_file
enzyme,D00184,5280754,Cyclosporine (USP),hsa:1852,Q6P9C2;Q99956,1,missing_ligand_affinity_file
enzyme,D00184,5280754,Cyclosporine (USP),hsa:22843,Q8WY54,1,missing_ligand_affinity_file
enzyme,D00184,5280754,Cyclosporine (USP),hsa:23035,Q6ZVD8,1,missing_ligand_affinity_file
enzyme,D00184,5280754,Cyclosporine (USP),hsa:23239,O60346,1,missing_ligand_affinity_file
enzyme,D00184,5280754,Cyclosporine (USP),hsa:28227,Q9Y5P8,1,missing_ligand_affinity_file
enzyme,D00184,5280754,Cyclosporine (USP),hsa:51207,Q6B8I1;Q9UII6,1,missing_ligand_affinity_file
enzyme,D00184,5280754,Cyclosporine (USP),hsa:5470,O14830,1,missing_ligand_affinity_file
enzyme,D00184,5280754,Cyclosporine (USP),hsa:5475,O14829,1,missing_ligand_affinity_file
enzyme,D00184,5280754,Cyclosporine (USP),hsa:5494,P35813,1,missing_ligand_affinity_file
enzyme,D00184,5280754,Cyclosporine (USP),hsa:5495,O75688,1,missing_ligand_affinity_file
enzyme,D00184,5280754,Cyclosporine (USP),hsa:5496,O15355;Q6IAU5,1,missing_ligand_affinity_file
enzyme,D00184,5280754,Cyclosporine (USP),hsa:5499,P62136,1,missing_ligand_affinity_file
enzyme,D00184,5280754,Cyclosporine (USP),hsa:5500,P62140;V9HW04,1,missing_ligand_affinity_file
enzyme,D00184,5280754,Cyclosporine (USP),hsa:5501,P36873,1,missing_ligand_affinity_file
enzyme,D00184,5280754,Cyclosporine (USP),hsa:5515,B3KUN1;P67775,1,missing_ligand_affinity_file
enzyme,D00184,5280754,Cyclosporine (USP),hsa:5516,A0A140VJS0;P62714,1,missing_ligand_affinity_file
enzyme,D00184,5280754,Cyclosporine (USP),hsa:5523,Q06190,1,missing_ligand_affinity_file
enzyme,D00184,5280754,Cyclosporine (USP),hsa:5530,A0A0S2Z4C6;Q08209,1,missing_ligand_affinity_file
enzyme,D00184,5280754,Cyclosporine (USP),hsa:5531,A0A024R625;P60510,1,missing_ligand_affinity_file
enzyme,D00184,5280754,Cyclosporine (USP),hsa:5532,P16298,1,missing_ligand_affinity_file
enzyme,D00184,5280754,Cyclosporine (USP),hsa:5533,P48454,1,missing_ligand_affinity_file
enzyme,D00184,5280754,Cyclosporine (USP),hsa:5536,P53041,1,missing_ligand_affinity_file
enzyme,D00184,5280754,Cyclosporine (USP),hsa:5537,A0A024R861;O00743,1,missing_ligand_affinity_file
enzyme,D00184,5280754,Cyclosporine (USP),hsa:58190,Q9GZU7,1,missing_ligand_affinity_file
enzyme,D00184,5280754,Cyclosporine (USP),hsa:63904,Q9H596,1,missing_ligand_affinity_file
enzyme,D00184,5280754,Cyclosporine (USP),hsa:7957,O95278,1,missing_ligand_affinity_file
enzyme,D00184,5280754,Cyclosporine (USP),hsa:80824,Q9BY84,1,missing_ligand_affinity_file
enzyme,D00184,5280754,Cyclosporine (USP),hsa:84152,B3KVQ9;Q9UD71,1,missing_ligand_affinity_file
enzyme,D00184,5280754,Cyclosporine (USP),hsa:8555,O60729,1,missing_ligand_affinity_file
enzyme,D00184,5280754,Cyclosporine (USP),hsa:8556,Q59EF4;Q9UNH5,1,missing_ligand_affinity_file
enzyme,D00184,5280754,Cyclosporine (USP),hsa:9150,Q9Y5B0,1,missing_ligand_affinity_file
enzyme,D00184,5280754,Cyclosporine (USP),hsa:9647,P49593,1,missing_ligand_affinity_file
enzyme,D00185,5756,Estriol,hsa:51,Q15067,1,missing_uniprot_affinity_for_target
enzyme,D00186,2764,Ciprofloxacin,hsa:7153,P11388,1,feature_complete
enzyme,D00186,2764,Ciprofloxacin,hsa:7155,Q02880,1,feature_complete
enzyme,D00187,5280793,Ergocalciferol,hsa:1594,O15528,1,missing_uniprot_affinity_for_target
enzyme,D00188,5280795,Vitamin D3,hsa:1593,Q02318,1,missing_uniprot_affinity_for_target
enzyme,D00196,5983,Physostigmine,hsa:43,P22303,1,feature_complete
enzyme,D00196,5983,Physostigmine,hsa:590,P06276,1,feature_complete
enzyme,D00198,5280954,Rescinnamine,hsa:1636,B4DKH4;P12821,1,feature_complete
enzyme,D00203,5280965,Amphotericin B,hsa:28,,1,missing_kegg_target_to_uniprot
enzyme,D00208,5746,Mitomycin C,hsa:1728,P15559,1,feature_complete
enzyme,D00208,5746,Mitomycin C,hsa:5447,P16435,1,feature_complete
enzyme,D00216,41774,"(3R,4R,5S,6R)-5-(((2R,3R,4R,5S,6R)-5-(((2R,3R,4S,5S,6R)-3,4-dihydroxy-6-methyl-5-(((1S,4R,5S,6S)-4,5,6-trihydroxy-3-(hydroxymethyl)cyclohex-2-en-1-yl)amino)oxan-2-yl)oxy)-3,4-dihydroxy-6-(hydroxymethyl)oxan-2-yl)oxy)-6-(hydroxymethyl)oxane-2,3,4-triol",hsa:2548,P10253,1,feature_complete
enzyme,D00216,41774,"(3R,4R,5S,6R)-5-(((2R,3R,4R,5S,6R)-5-(((2R,3R,4S,5S,6R)-3,4-dihydroxy-6-methyl-5-(((1S,4R,5S,6S)-4,5,6-trihydroxy-3-(hydroxymethyl)cyclohex-2-en-1-yl)amino)oxan-2-yl)oxy)-3,4-dihydroxy-6-(hydroxymethyl)oxan-2-yl)oxy)-6-(hydroxymethyl)oxane-2,3,4-triol",hsa:2595,Q8TET4,1,missing_uniprot_affinity_for_target
enzyme,D00216,41774,"(3R,4R,5S,6R)-5-(((2R,3R,4R,5S,6R)-5-(((2R,3R,4S,5S,6R)-3,4-dihydroxy-6-methyl-5-(((1S,4R,5S,6S)-4,5,6-trihydroxy-3-(hydroxymethyl)cyclohex-2-en-1-yl)amino)oxan-2-yl)oxy)-3,4-dihydroxy-6-(hydroxymethyl)oxan-2-yl)oxy)-6-(hydroxymethyl)oxane-2,3,4-triol",hsa:279,P04746;Q53F26,1,feature_complete
enzyme,D00216,41774,"(3R,4R,5S,6R)-5-(((2R,3R,4R,5S,6R)-5-(((2R,3R,4S,5S,6R)-3,4-dihydroxy-6-methyl-5-(((1S,4R,5S,6S)-4,5,6-trihydroxy-3-(hydroxymethyl)cyclohex-2-en-1-yl)amino)oxan-2-yl)oxy)-3,4-dihydroxy-6-(hydroxymethyl)oxan-2-yl)oxy)-6-(hydroxymethyl)oxane-2,3,4-triol",hsa:8972,O43451,1,feature_complete
enzyme,D00217,1983,Acetaminophen,hsa:10549,Q13162;V9HW63,1,feature_complete
enzyme,D00217,1983,Acetaminophen,hsa:10935,A0A384MTR2;P30048,1,feature_complete
enzyme,D00217,1983,Acetaminophen,hsa:1543,A0N0X8;P04798,1,feature_complete
enzyme,D00217,1983,Acetaminophen,hsa:1544,P05177,1,feature_complete
enzyme,D00217,1983,Acetaminophen,hsa:1565,C1ID52;P10635;Q5Y7H2,1,feature_complete
enzyme,D00217,1983,Acetaminophen,hsa:1571,P05181,1,feature_complete
enzyme,D00217,1983,Acetaminophen,hsa:1733,A8K415;P49895,1,missing_uniprot_affinity_for_target
enzyme,D00217,1983,Acetaminophen,hsa:1734,Q92813,1,missing_uniprot_affinity_for_target
enzyme,D00217,1983,Acetaminophen,hsa:1735,P55073;Q86TU3,1,missing_uniprot_affinity_for_target
enzyme,D00217,1983,Acetaminophen,hsa:25824,P30044,1,feature_complete
enzyme,D00217,1983,Acetaminophen,hsa:4025,P22079,1,missing_uniprot_affinity_for_target
enzyme,D00217,1983,Acetaminophen,hsa:4353,P05164,1,feature_complete
enzyme,D00217,1983,Acetaminophen,hsa:5052,A0A384NPQ2;Q06830,1,feature_complete
enzyme,D00217,1983,Acetaminophen,hsa:5742,P23219,1,feature_complete
enzyme,D00217,1983,Acetaminophen,hsa:5743,P35354,1,feature_complete
enzyme,D00217,1983,Acetaminophen,hsa:6799,P50226,1,feature_complete
enzyme,D00217,1983,Acetaminophen,hsa:8288,P11678,1,missing_uniprot_affinity_for_target
enzyme,D00218,1986,Acetazolamide,hsa:11238,Q9Y2D0,1,missing_uniprot_affinity_for_target
enzyme,D00218,1986,Acetazolamide,hsa:23632,A8K3J4;Q9ULX7,1,feature_complete
enzyme,D00218,1986,Acetazolamide,hsa:377677,Q8N1Q1,1,feature_complete
enzyme,D00218,1986,Acetazolamide,hsa:759,P00915;V9HWE3,1,feature_complete
enzyme,D00218,1986,Acetazolamide,hsa:760,P00918;V9HW21,1,feature_complete
enzyme,D00218,1986,Acetazolamide,hsa:761,P07451;V9HWA3,1,feature_complete
enzyme,D00218,1986,Acetazolamide,hsa:762,P22748,1,feature_complete
enzyme,D00218,1986,Acetazolamide,hsa:763,P35218,1,missing_uniprot_affinity_for_target
enzyme,D00218,1986,Acetazolamide,hsa:765,B4DUH8;P23280,1,feature_complete
enzyme,D00218,1986,Acetazolamide,hsa:766,P43166,1,feature_complete
enzyme,D00218,1986,Acetazolamide,hsa:767,P35219,1,feature_complete
enzyme,D00218,1986,Acetazolamide,hsa:768,A0A0S2Z3D0;Q16790,1,feature_complete
enzyme,D00218,1986,Acetazolamide,hsa:771,O43570,1,feature_complete
enzyme,D00219,1989,Acetohexamide,hsa:51181,A0A384NY14;Q7Z4W1,1,feature_complete
enzyme,D00222,135398513,Acyclovir,hsa:28,,1,missing_kegg_target_to_uniprot
enzyme,D00222,135398513,Acyclovir,hsa:30,A0A024R2M6;P09110,1,feature_complete
enzyme,D00224,135401907,Allopurinol,hsa:7498,P47989,1,feature_complete
enzyme,D00225,2118,Alprazolam,hsa:10858,Q9Y6A2,1,feature_complete
enzyme,D00225,2118,Alprazolam,hsa:1543,A0N0X8;P04798,1,feature_complete
enzyme,D00225,2118,Alprazolam,hsa:1544,P05177,1,feature_complete
enzyme,D00225,2118,Alprazolam,hsa:1545,Q16678;Q53TK1,1,feature_complete
enzyme,D00225,2118,Alprazolam,hsa:1548,P11509,1,feature_complete
enzyme,D00225,2118,Alprazolam,hsa:1549,P20853,1,missing_uniprot_affinity_for_target
enzyme,D00225,2118,Alprazolam,hsa:1551,P24462,1,feature_complete
enzyme,D00225,2118,Alprazolam,hsa:1553,Q16696,1,feature_complete
enzyme,D00225,2118,Alprazolam,hsa:1555,P20813,1,feature_complete
enzyme,D00225,2118,Alprazolam,hsa:1557,P33261,1,feature_complete
enzyme,D00225,2118,Alprazolam,hsa:1558,P10632,1,feature_complete
enzyme,D00225,2118,Alprazolam,hsa:1559,P11712,1,feature_complete
enzyme,D00225,2118,Alprazolam,hsa:1562,P33260;Q7Z348,1,feature_complete
enzyme,D00225,2118,Alprazolam,hsa:1565,C1ID52;P10635;Q5Y7H2,1,feature_complete
enzyme,D00225,2118,Alprazolam,hsa:1571,P05181,1,feature_complete
enzyme,D00225,2118,Alprazolam,hsa:1572,P24903,1,missing_uniprot_affinity_for_target
enzyme,D00225,2118,Alprazolam,hsa:1573,P51589,1,missing_uniprot_affinity_for_target
enzyme,D00225,2118,Alprazolam,hsa:1576,P08684;Q6GRK0,1,feature_complete
enzyme,D00225,2118,Alprazolam,hsa:1577,P20815,1,feature_complete
enzyme,D00225,2118,Alprazolam,hsa:1579,Q02928,1,missing_uniprot_affinity_for_target
enzyme,D00225,2118,Alprazolam,hsa:1580,P13584,1,missing_uniprot_affinity_for_target
enzyme,D00225,2118,Alprazolam,hsa:1581,P22680,1,feature_complete
enzyme,D00225,2118,Alprazolam,hsa:1582,Q9UNU6,1,feature_complete
enzyme,D00225,2118,Alprazolam,hsa:1583,A0A0S2Z3R3;P05108,1,feature_complete
enzyme,D00225,2118,Alprazolam,hsa:1584,P15538;Q8TDD0,1,feature_complete
enzyme,D00225,2118,Alprazolam,hsa:1585,P19099,1,feature_complete
enzyme,D00225,2118,Alprazolam,hsa:1586,P05093;Q1HB44,1,feature_complete
enzyme,D00225,2118,Alprazolam,hsa:1588,P11511;Q8IYG4;Q8TCA4,1,feature_complete
enzyme,D00225,2118,Alprazolam,hsa:1589,P08686;Q08AG9,1,feature_complete
enzyme,D00225,2118,Alprazolam,hsa:1593,Q02318,1,missing_uniprot_affinity_for_target
enzyme,D00225,2118,Alprazolam,hsa:1594,O15528,1,missing_uniprot_affinity_for_target
enzyme,D00225,2118,Alprazolam,hsa:1595,Q16850,1,feature_complete
enzyme,D00225,2118,Alprazolam,hsa:199974,Q86W10,1,missing_uniprot_affinity_for_target
enzyme,D00225,2118,Alprazolam,hsa:260293,Q8N118,1,missing_uniprot_affinity_for_target
enzyme,D00225,2118,Alprazolam,hsa:284541,Q5TCH4,1,missing_uniprot_affinity_for_target
enzyme,D00225,2118,Alprazolam,hsa:29785,Q96SQ9,1,missing_uniprot_affinity_for_target
enzyme,D00225,2118,Alprazolam,hsa:4051,Q08477,1,missing_uniprot_affinity_for_target
enzyme,D00225,2118,Alprazolam,hsa:51004,Q9Y2Z9,1,missing_uniprot_affinity_for_target
enzyme,D00225,2118,Alprazolam,hsa:51302,Q9NYL5,1,missing_uniprot_affinity_for_target
enzyme,D00225,2118,Alprazolam,hsa:5740,Q16647,1,feature_complete
enzyme,D00225,2118,Alprazolam,hsa:64816,Q9HB55,1,missing_uniprot_affinity_for_target
enzyme,D00225,2118,Alprazolam,hsa:8529,P78329,1,missing_uniprot_affinity_for_target
enzyme,D00225,2118,Alprazolam,hsa:9023,O95992,1,missing_uniprot_affinity_for_target
enzyme,D00225,2118,Alprazolam,hsa:9420,O75881;Q05C57,1,missing_uniprot_affinity_for_target
enzyme,D00227,9433,Aminophylline,hsa:10846,Q9Y233,1,missing_ligand_affinity_file
enzyme,D00227,9433,Aminophylline,hsa:27115,Q9NP56,1,missing_ligand_affinity_file
enzyme,D00227,9433,Aminophylline,hsa:50940,Q9HCR9,1,missing_ligand_affinity_file
enzyme,D00227,9433,Aminophylline,hsa:5136,P54750,1,missing_ligand_affinity_file
enzyme,D00227,9433,Aminophylline,hsa:5137,Q14123,1,missing_ligand_affinity_file
enzyme,D00227,9433,Aminophylline,hsa:5138,O00408;Q8IW54,1,missing_ligand_affinity_file
enzyme,D00227,9433,Aminophylline,hsa:5140,A7E2E5;Q13370,1,missing_ligand_affinity_file
enzyme,D00227,9433,Aminophylline,hsa:5141,P27815,1,missing_ligand_affinity_file
enzyme,D00227,9433,Aminophylline,hsa:5142,Q07343;X5DNX5,1,missing_ligand_affinity_file
enzyme,D00227,9433,Aminophylline,hsa:5143,F6R4I1;O43849;Q08493;Q32MM7,1,missing_ligand_affinity_file
enzyme,D00227,9433,Aminophylline,hsa:5144,A0A140VJR0;Q08499,1,missing_ligand_affinity_file
enzyme,D00227,9433,Aminophylline,hsa:5147,O43924;Q6IB24,1,missing_ligand_affinity_file
enzyme,D00227,9433,Aminophylline,hsa:5148,P18545,1,missing_ligand_affinity_file
enzyme,D00227,9433,Aminophylline,hsa:5149,Q13956,1,missing_ligand_affinity_file
enzyme,D00227,9433,Aminophylline,hsa:5150,Q13946,1,missing_ligand_affinity_file
enzyme,D00227,9433,Aminophylline,hsa:5151,O60658,1,missing_ligand_affinity_file
enzyme,D00227,9433,Aminophylline,hsa:5152,A0A0S2Z4T6;O76083,1,missing_ligand_affinity_file
enzyme,D00227,9433,Aminophylline,hsa:8622,B3KN77;O95263,1,missing_ligand_affinity_file
enzyme,D00227,9433,Aminophylline,hsa:8654,O76074,1,missing_ligand_affinity_file
enzyme,D00231,3698,Amrinone,hsa:10846,Q9Y233,1,feature_complete
enzyme,D00231,3698,Amrinone,hsa:27115,Q9NP56,1,missing_uniprot_affinity_for_target
enzyme,D00231,3698,Amrinone,hsa:50940,Q9HCR9,1,missing_uniprot_affinity_for_target
enzyme,D00231,3698,Amrinone,hsa:5136,P54750,1,missing_uniprot_affinity_for_target
enzyme,D00231,3698,Amrinone,hsa:5137,Q14123,1,missing_uniprot_affinity_for_target
enzyme,D00231,3698,Amrinone,hsa:5138,O00408;Q8IW54,1,feature_complete
enzyme,D00231,3698,Amrinone,hsa:5140,A7E2E5;Q13370,1,feature_complete
enzyme,D00231,3698,Amrinone,hsa:5141,P27815,1,feature_complete
enzyme,D00231,3698,Amrinone,hsa:5142,Q07343;X5DNX5,1,feature_complete
enzyme,D00231,3698,Amrinone,hsa:5143,F6R4I1;O43849;Q08493;Q32MM7,1,feature_complete
enzyme,D00231,3698,Amrinone,hsa:5144,A0A140VJR0;Q08499,1,feature_complete
enzyme,D00231,3698,Amrinone,hsa:5147,O43924;Q6IB24,1,feature_complete
enzyme,D00231,3698,Amrinone,hsa:5148,P18545,1,feature_complete
enzyme,D00231,3698,Amrinone,hsa:5149,Q13956,1,missing_uniprot_affinity_for_target
enzyme,D00231,3698,Amrinone,hsa:5150,Q13946,1,feature_complete
enzyme,D00231,3698,Amrinone,hsa:5151,O60658,1,feature_complete
enzyme,D00231,3698,Amrinone,hsa:5152,A0A0S2Z4T6;O76083,1,feature_complete
enzyme,D00231,3698,Amrinone,hsa:8622,B3KN77;O95263,1,missing_uniprot_affinity_for_target
enzyme,D00231,3698,Amrinone,hsa:8654,O76074,1,feature_complete
enzyme,D00234,2247,Astemizole,hsa:1565,C1ID52;P10635;Q5Y7H2,1,feature_complete
enzyme,D00234,2247,Astemizole,hsa:1576,P08684;Q6GRK0,1,feature_complete
enzyme,D00251,44093,Captopril,hsa:1636,B4DKH4;P12821,1,feature_complete
enzyme,D00252,2554,Carbamazepine,hsa:1558,P10632,1,feature_complete
enzyme,D00252,2554,Carbamazepine,hsa:1576,P08684;Q6GRK0,1,feature_complete
enzyme,D00270,2726,Chlorpromazine,hsa:2147,P00734,1,feature_complete
enzyme,D00270,2726,Chlorpromazine,hsa:4017,Q9Y4K0,1,feature_complete
enzyme,D00270,2726,Chlorpromazine,hsa:4128,P21397;Q49A63;Q53YE7,1,feature_complete
enzyme,D00270,2726,Chlorpromazine,hsa:4129,P27338,1,feature_complete
enzyme,D00270,2726,Chlorpromazine,hsa:84171,Q96JB6,1,missing_uniprot_affinity_for_target
enzyme,D00270,2726,Chlorpromazine,hsa:84695,P58215,1,missing_uniprot_affinity_for_target
enzyme,D00274,2769,Cisapride (USP/INN),hsa:1565,C1ID52;P10635;Q5Y7H2,1,feature_complete
enzyme,D00274,2769,Cisapride (USP/INN),hsa:1576,P08684;Q6GRK0,1,feature_complete
enzyme,D00279,2796,Clofibrate,hsa:10269,O75844,1,feature_complete
enzyme,D00279,2796,Clofibrate,hsa:4023,P06858,1,feature_complete
enzyme,D00283,135398737,Clozapine,hsa:1544,P05177,1,feature_complete
enzyme,D00283,135398737,Clozapine,hsa:1557,P33261,1,feature_complete
enzyme,D00283,135398737,Clozapine,hsa:1565,C1ID52;P10635;Q5Y7H2,1,feature_complete
enzyme,D00283,135398737,Clozapine,hsa:1576,P08684;Q6GRK0,1,feature_complete
enzyme,D00283,135398737,Clozapine,hsa:22954,Q13049,1,feature_complete
enzyme,D00285,358641,Sulfamethoxazole-trimethoprim mixt.,hsa:1719,B0YJ76;P00374,1,feature_complete
enzyme,D00293,3016,Diazepam,hsa:1557,P33261,1,feature_complete
enzyme,D00293,3016,Diazepam,hsa:1576,P08684;Q6GRK0,1,feature_complete
enzyme,D00293,3016,Diazepam,hsa:3906,P00709,1,feature_complete
enzyme,D00293,3016,Diazepam,hsa:51,Q15067,1,missing_uniprot_affinity_for_target
enzyme,D00294,3019,Diazoxide,hsa:759,P00915;V9HWE3,1,feature_complete
enzyme,D00294,3019,Diazoxide,hsa:760,P00918;V9HW21,1,feature_complete
enzyme,D00294,3019,Diazoxide,hsa:762,P22748,1,feature_complete
enzyme,D00298,2724385,Digoxin,hsa:476,P05023,1,feature_complete
enzyme,D00300,3100,Diphenhydramine,hsa:1565,C1ID52;P10635;Q5Y7H2,1,feature_complete
enzyme,D00315,3308,Etodolac,hsa:5742,P23219,1,feature_complete
enzyme,D00315,3308,Etodolac,hsa:5743,P35354,1,feature_complete
enzyme,D00317,3324,Famciclovir,hsa:28,,1,missing_kegg_target_to_uniprot
enzyme,D00317,3324,Famciclovir,hsa:30,A0A024R2M6;P09110,1,feature_complete
enzyme,D00322,3365,Fluconazole,hsa:1557,P33261,1,feature_complete
enzyme,D00322,3365,Fluconazole,hsa:1559,P11712,1,feature_complete
enzyme,D00324,11954221,"6alpha-Fluoro-11beta,16alpha,17,21-tetrahydroxypregna-1,4-diene-3,20-dione cyclic 16,17-acetal with acetone, hemihydrate",hsa:5321,P47712,1,missing_ligand_affinity_file
enzyme,D00325,9642,Fluocinonide,hsa:5321,P47712,1,feature_complete
enzyme,D00328,15209,Flurandrenolide,hsa:5321,P47712,1,feature_complete
enzyme,D00330,3394,Flurbiprofen,hsa:5742,P23219,1,feature_complete
enzyme,D00330,3394,Flurbiprofen,hsa:5743,P35354,1,feature_complete
enzyme,D00332,3446,Gabapentin,hsa:18,P80404;X5D8S1,1,missing_uniprot_affinity_for_target
enzyme,D00332,3446,Gabapentin,hsa:2673,Q06210,1,feature_complete
enzyme,D00332,3446,Gabapentin,hsa:2806,P00505,1,feature_complete
enzyme,D00332,3446,Gabapentin,hsa:29968,Q9Y617,1,feature_complete
enzyme,D00332,3446,Gabapentin,hsa:4942,A0A140VJQ4;P04181,1,feature_complete
enzyme,D00332,3446,Gabapentin,hsa:51,Q15067,1,missing_uniprot_affinity_for_target
enzyme,D00332,3446,Gabapentin,hsa:51166,Q4W5N8;Q8N5Z0,1,feature_complete
enzyme,D00332,3446,Gabapentin,hsa:586,P54687,1,feature_complete
enzyme,D00332,3446,Gabapentin,hsa:587,O15382,1,feature_complete
enzyme,D00332,3446,Gabapentin,hsa:64850,Q8TBG4,1,feature_complete
enzyme,D00332,3446,Gabapentin,hsa:64902,Q9BYV1,1,missing_uniprot_affinity_for_target
enzyme,D00332,3446,Gabapentin,hsa:6898,A0A140VKB7;P17735,1,feature_complete
enzyme,D00332,3446,Gabapentin,hsa:84706,Q8TD30,1,feature_complete
enzyme,D00332,3446,Gabapentin,hsa:9945,A0A0S2Z4X9;B3KMR8;O94808,1,missing_uniprot_affinity_for_target
enzyme,D00333,135398740,Ganciclovir,hsa:30,A0A024R2M6;P09110,1,feature_complete
enzyme,D00340,3639,Hydrochlorothiazide,hsa:11238,Q9Y2D0,1,missing_uniprot_affinity_for_target
enzyme,D00340,3639,Hydrochlorothiazide,hsa:23632,A8K3J4;Q9ULX7,1,feature_complete
enzyme,D00340,3639,Hydrochlorothiazide,hsa:377677,Q8N1Q1,1,feature_complete
enzyme,D00340,3639,Hydrochlorothiazide,hsa:759,P00915;V9HWE3,1,feature_complete
enzyme,D00340,3639,Hydrochlorothiazide,hsa:760,P00918;V9HW21,1,feature_complete
enzyme,D00340,3639,Hydrochlorothiazide,hsa:761,P07451;V9HWA3,1,feature_complete
enzyme,D00340,3639,Hydrochlorothiazide,hsa:762,P22748,1,feature_complete
enzyme,D00340,3639,Hydrochlorothiazide,hsa:763,P35218,1,missing_uniprot_affinity_for_target
enzyme,D00340,3639,Hydrochlorothiazide,hsa:765,B4DUH8;P23280,1,feature_complete
enzyme,D00340,3639,Hydrochlorothiazide,hsa:766,P43166,1,feature_complete
enzyme,D00340,3639,Hydrochlorothiazide,hsa:767,P35219,1,feature_complete
enzyme,D00340,3639,Hydrochlorothiazide,hsa:768,A0A0S2Z3D0;Q16790,1,feature_complete
enzyme,D00340,3639,Hydrochlorothiazide,hsa:771,O43570,1,feature_complete
enzyme,D00342,5905,Idoxuridine,hsa:30,A0A024R2M6;P09110,1,feature_complete
enzyme,D00359,53232,Lovastatin,hsa:3156,P04035,1,feature_complete
enzyme,D00362,5362118,Lisinopril dihydrate,hsa:1636,B4DKH4;P12821,1,missing_ligand_affinity_file
enzyme,D00364,3957,Loratadine,hsa:1576,P08684;Q6GRK0,1,feature_complete
enzyme,D00369,460612,Melphalan,hsa:189,P21549,1,feature_complete
enzyme,D00371,2153,Theophylline,hsa:10846,Q9Y233,1,feature_complete
enzyme,D00371,2153,Theophylline,hsa:27115,Q9NP56,1,missing_uniprot_affinity_for_target
enzyme,D00371,2153,Theophylline,hsa:50940,Q9HCR9,1,missing_uniprot_affinity_for_target
enzyme,D00371,2153,Theophylline,hsa:5136,P54750,1,missing_uniprot_affinity_for_target
enzyme,D00371,2153,Theophylline,hsa:5137,Q14123,1,missing_uniprot_affinity_for_target
enzyme,D00371,2153,Theophylline,hsa:5138,O00408;Q8IW54,1,feature_complete
enzyme,D00371,2153,Theophylline,hsa:5140,A7E2E5;Q13370,1,feature_complete
enzyme,D00371,2153,Theophylline,hsa:5141,P27815,1,feature_complete
enzyme,D00371,2153,Theophylline,hsa:5142,Q07343;X5DNX5,1,feature_complete
enzyme,D00371,2153,Theophylline,hsa:5143,F6R4I1;O43849;Q08493;Q32MM7,1,feature_complete
enzyme,D00371,2153,Theophylline,hsa:5144,A0A140VJR0;Q08499,1,feature_complete
enzyme,D00371,2153,Theophylline,hsa:5147,O43924;Q6IB24,1,feature_complete
enzyme,D00371,2153,Theophylline,hsa:5148,P18545,1,feature_complete
enzyme,D00371,2153,Theophylline,hsa:5149,Q13956,1,missing_uniprot_affinity_for_target
enzyme,D00371,2153,Theophylline,hsa:5150,Q13946,1,feature_complete
enzyme,D00371,2153,Theophylline,hsa:5151,O60658,1,feature_complete
enzyme,D00371,2153,Theophylline,hsa:5152,A0A0S2Z4T6;O76083,1,feature_complete
enzyme,D00371,2153,Theophylline,hsa:8622,B3KN77;O95263,1,missing_uniprot_affinity_for_target
enzyme,D00371,2153,Theophylline,hsa:8654,O76074,1,feature_complete
enzyme,D00377,4075,5-Aminosalicylic Acid,hsa:240,P09917,1,feature_complete
enzyme,D00377,4075,5-Aminosalicylic Acid,hsa:5742,P23219,1,feature_complete
enzyme,D00377,4075,5-Aminosalicylic Acid,hsa:5743,P35354,1,feature_complete
enzyme,D00377,4075,5-Aminosalicylic Acid,hsa:7172,P51580,1,feature_complete
enzyme,D00380,5505,Tolbutamide,hsa:10858,Q9Y6A2,1,feature_complete
enzyme,D00380,5505,Tolbutamide,hsa:1543,A0N0X8;P04798,1,feature_complete
enzyme,D00380,5505,Tolbutamide,hsa:1544,P05177,1,feature_complete
enzyme,D00380,5505,Tolbutamide,hsa:1545,Q16678;Q53TK1,1,feature_complete
enzyme,D00380,5505,Tolbutamide,hsa:1548,P11509,1,feature_complete
enzyme,D00380,5505,Tolbutamide,hsa:1549,P20853,1,missing_uniprot_affinity_for_target
enzyme,D00380,5505,Tolbutamide,hsa:1551,P24462,1,feature_complete
enzyme,D00380,5505,Tolbutamide,hsa:1553,Q16696,1,feature_complete
enzyme,D00380,5505,Tolbutamide,hsa:1555,P20813,1,feature_complete
enzyme,D00380,5505,Tolbutamide,hsa:1557,P33261,1,feature_complete
enzyme,D00380,5505,Tolbutamide,hsa:1558,P10632,1,feature_complete
enzyme,D00380,5505,Tolbutamide,hsa:1559,P11712,1,feature_complete
enzyme,D00380,5505,Tolbutamide,hsa:1562,P33260;Q7Z348,1,feature_complete
enzyme,D00380,5505,Tolbutamide,hsa:1565,C1ID52;P10635;Q5Y7H2,1,feature_complete
enzyme,D00380,5505,Tolbutamide,hsa:1571,P05181,1,feature_complete
enzyme,D00380,5505,Tolbutamide,hsa:1572,P24903,1,missing_uniprot_affinity_for_target
enzyme,D00380,5505,Tolbutamide,hsa:1573,P51589,1,missing_uniprot_affinity_for_target
enzyme,D00380,5505,Tolbutamide,hsa:1576,P08684;Q6GRK0,1,feature_complete
enzyme,D00380,5505,Tolbutamide,hsa:1577,P20815,1,feature_complete
enzyme,D00380,5505,Tolbutamide,hsa:1579,Q02928,1,missing_uniprot_affinity_for_target
enzyme,D00380,5505,Tolbutamide,hsa:1580,P13584,1,missing_uniprot_affinity_for_target
enzyme,D00380,5505,Tolbutamide,hsa:1581,P22680,1,feature_complete
enzyme,D00380,5505,Tolbutamide,hsa:1582,Q9UNU6,1,feature_complete
enzyme,D00380,5505,Tolbutamide,hsa:1583,A0A0S2Z3R3;P05108,1,feature_complete
enzyme,D00380,5505,Tolbutamide,hsa:1584,P15538;Q8TDD0,1,feature_complete
enzyme,D00380,5505,Tolbutamide,hsa:1585,P19099,1,feature_complete
enzyme,D00380,5505,Tolbutamide,hsa:1586,P05093;Q1HB44,1,feature_complete
enzyme,D00380,5505,Tolbutamide,hsa:1588,P11511;Q8IYG4;Q8TCA4,1,feature_complete
enzyme,D00380,5505,Tolbutamide,hsa:1589,P08686;Q08AG9,1,feature_complete
enzyme,D00380,5505,Tolbutamide,hsa:1593,Q02318,1,missing_uniprot_affinity_for_target
enzyme,D00380,5505,Tolbutamide,hsa:1594,O15528,1,missing_uniprot_affinity_for_target
enzyme,D00380,5505,Tolbutamide,hsa:1595,Q16850,1,feature_complete
enzyme,D00380,5505,Tolbutamide,hsa:199974,Q86W10,1,missing_uniprot_affinity_for_target
enzyme,D00380,5505,Tolbutamide,hsa:260293,Q8N118,1,missing_uniprot_affinity_for_target
enzyme,D00380,5505,Tolbutamide,hsa:284541,Q5TCH4,1,missing_uniprot_affinity_for_target
enzyme,D00380,5505,Tolbutamide,hsa:29785,Q96SQ9,1,missing_uniprot_affinity_for_target
enzyme,D00380,5505,Tolbutamide,hsa:4051,Q08477,1,missing_uniprot_affinity_for_target
enzyme,D00380,5505,Tolbutamide,hsa:51004,Q9Y2Z9,1,missing_uniprot_affinity_for_target
enzyme,D00380,5505,Tolbutamide,hsa:51302,Q9NYL5,1,missing_uniprot_affinity_for_target
enzyme,D00380,5505,Tolbutamide,hsa:5740,Q16647,1,feature_complete
enzyme,D00380,5505,Tolbutamide,hsa:64816,Q9HB55,1,missing_uniprot_affinity_for_target
enzyme,D00380,5505,Tolbutamide,hsa:8529,P78329,1,missing_uniprot_affinity_for_target
enzyme,D00380,5505,Tolbutamide,hsa:9023,O95992,1,missing_uniprot_affinity_for_target
enzyme,D00380,5505,Tolbutamide,hsa:9420,O75881;Q05C57,1,missing_uniprot_affinity_for_target
enzyme,D00383,5484727,Trandolapril,hsa:1636,B4DKH4;P12821,1,feature_complete
enzyme,D00387,5556,Triazolam,hsa:1576,P08684;Q6GRK0,1,feature_complete
enzyme,D00391,6256,Trifluridine,hsa:30,A0A024R2M6;P09110,1,feature_complete
enzyme,D00394,5584,Trimipramine,hsa:10858,Q9Y6A2,1,feature_complete
enzyme,D00394,5584,Trimipramine,hsa:1543,A0N0X8;P04798,1,feature_complete
enzyme,D00394,5584,Trimipramine,hsa:1544,P05177,1,feature_complete
enzyme,D00394,5584,Trimipramine,hsa:1545,Q16678;Q53TK1,1,feature_complete
enzyme,D00394,5584,Trimipramine,hsa:1548,P11509,1,feature_complete
enzyme,D00394,5584,Trimipramine,hsa:1549,P20853,1,missing_uniprot_affinity_for_target
enzyme,D00394,5584,Trimipramine,hsa:1551,P24462,1,feature_complete
enzyme,D00394,5584,Trimipramine,hsa:1553,Q16696,1,feature_complete
enzyme,D00394,5584,Trimipramine,hsa:1555,P20813,1,feature_complete
enzyme,D00394,5584,Trimipramine,hsa:1557,P33261,1,feature_complete
enzyme,D00394,5584,Trimipramine,hsa:1558,P10632,1,feature_complete
enzyme,D00394,5584,Trimipramine,hsa:1559,P11712,1,feature_complete
enzyme,D00394,5584,Trimipramine,hsa:1562,P33260;Q7Z348,1,feature_complete
enzyme,D00394,5584,Trimipramine,hsa:1565,C1ID52;P10635;Q5Y7H2,1,feature_complete
enzyme,D00394,5584,Trimipramine,hsa:1571,P05181,1,feature_complete
enzyme,D00394,5584,Trimipramine,hsa:1572,P24903,1,missing_uniprot_affinity_for_target
enzyme,D00394,5584,Trimipramine,hsa:1573,P51589,1,missing_uniprot_affinity_for_target
enzyme,D00394,5584,Trimipramine,hsa:1576,P08684;Q6GRK0,1,feature_complete
enzyme,D00394,5584,Trimipramine,hsa:1577,P20815,1,feature_complete
enzyme,D00394,5584,Trimipramine,hsa:1579,Q02928,1,missing_uniprot_affinity_for_target
enzyme,D00394,5584,Trimipramine,hsa:1580,P13584,1,missing_uniprot_affinity_for_target
enzyme,D00394,5584,Trimipramine,hsa:1581,P22680,1,feature_complete
enzyme,D00394,5584,Trimipramine,hsa:1582,Q9UNU6,1,feature_complete
enzyme,D00394,5584,Trimipramine,hsa:1583,A0A0S2Z3R3;P05108,1,feature_complete
enzyme,D00394,5584,Trimipramine,hsa:1584,P15538;Q8TDD0,1,feature_complete
enzyme,D00394,5584,Trimipramine,hsa:1585,P19099,1,feature_complete
enzyme,D00394,5584,Trimipramine,hsa:1586,P05093;Q1HB44,1,feature_complete
enzyme,D00394,5584,Trimipramine,hsa:1588,P11511;Q8IYG4;Q8TCA4,1,feature_complete
enzyme,D00394,5584,Trimipramine,hsa:1589,P08686;Q08AG9,1,feature_complete
enzyme,D00394,5584,Trimipramine,hsa:1593,Q02318,1,missing_uniprot_affinity_for_target
enzyme,D00394,5584,Trimipramine,hsa:1594,O15528,1,missing_uniprot_affinity_for_target
enzyme,D00394,5584,Trimipramine,hsa:1595,Q16850,1,feature_complete
enzyme,D00394,5584,Trimipramine,hsa:199974,Q86W10,1,missing_uniprot_affinity_for_target
enzyme,D00394,5584,Trimipramine,hsa:260293,Q8N118,1,missing_uniprot_affinity_for_target
enzyme,D00394,5584,Trimipramine,hsa:284541,Q5TCH4,1,missing_uniprot_affinity_for_target
enzyme,D00394,5584,Trimipramine,hsa:29785,Q96SQ9,1,missing_uniprot_affinity_for_target
enzyme,D00394,5584,Trimipramine,hsa:4051,Q08477,1,missing_uniprot_affinity_for_target
enzyme,D00394,5584,Trimipramine,hsa:51004,Q9Y2Z9,1,missing_uniprot_affinity_for_target
enzyme,D00394,5584,Trimipramine,hsa:51302,Q9NYL5,1,missing_uniprot_affinity_for_target
enzyme,D00394,5584,Trimipramine,hsa:5740,Q16647,1,feature_complete
enzyme,D00394,5584,Trimipramine,hsa:64816,Q9HB55,1,missing_uniprot_affinity_for_target
enzyme,D00394,5584,Trimipramine,hsa:8529,P78329,1,missing_uniprot_affinity_for_target
enzyme,D00394,5584,Trimipramine,hsa:9023,O95992,1,missing_uniprot_affinity_for_target
enzyme,D00394,5584,Trimipramine,hsa:9420,O75881;Q05C57,1,missing_uniprot_affinity_for_target
enzyme,D00398,135398741,Valacyclovir Hydrochloride,hsa:30,A0A024R2M6;P09110,1,feature_complete
enzyme,D00401,1349907,Methimazole,hsa:1733,A8K415;P49895,1,missing_uniprot_affinity_for_target
enzyme,D00401,1349907,Methimazole,hsa:1734,Q92813,1,missing_uniprot_affinity_for_target
enzyme,D00401,1349907,Methimazole,hsa:1735,P55073;Q86TU3,1,missing_uniprot_affinity_for_target
enzyme,D00401,1349907,Methimazole,hsa:2326,B2RCG5;Q01740,1,missing_uniprot_affinity_for_target
enzyme,D00401,1349907,Methimazole,hsa:2328,A0A024R8Z4;P31513;Q53FW5,1,missing_uniprot_affinity_for_target
enzyme,D00401,1349907,Methimazole,hsa:4353,P05164,1,feature_complete
enzyme,D00401,1349907,Methimazole,hsa:7173,P07202;Q502Y3;Q6P534,1,missing_uniprot_affinity_for_target
enzyme,D00401,1349907,Methimazole,hsa:7453,A0A024R6K8;P23381,1,feature_complete
enzyme,D00410,4174,Metyrapone,hsa:10858,Q9Y6A2,1,feature_complete
enzyme,D00410,4174,Metyrapone,hsa:1544,P05177,1,feature_complete
enzyme,D00410,4174,Metyrapone,hsa:1545,Q16678;Q53TK1,1,feature_complete
enzyme,D00410,4174,Metyrapone,hsa:1548,P11509,1,feature_complete
enzyme,D00410,4174,Metyrapone,hsa:1549,P20853,1,missing_uniprot_affinity_for_target
enzyme,D00410,4174,Metyrapone,hsa:1551,P24462,1,feature_complete
enzyme,D00410,4174,Metyrapone,hsa:1553,Q16696,1,feature_complete
enzyme,D00410,4174,Metyrapone,hsa:1555,P20813,1,feature_complete
enzyme,D00410,4174,Metyrapone,hsa:1557,P33261,1,feature_complete
enzyme,D00410,4174,Metyrapone,hsa:1558,P10632,1,feature_complete
enzyme,D00410,4174,Metyrapone,hsa:1559,P11712,1,feature_complete
enzyme,D00410,4174,Metyrapone,hsa:1562,P33260;Q7Z348,1,feature_complete
enzyme,D00410,4174,Metyrapone,hsa:1565,C1ID52;P10635;Q5Y7H2,1,feature_complete
enzyme,D00410,4174,Metyrapone,hsa:1571,P05181,1,feature_complete
enzyme,D00410,4174,Metyrapone,hsa:1572,P24903,1,missing_uniprot_affinity_for_target
enzyme,D00410,4174,Metyrapone,hsa:1573,P51589,1,missing_uniprot_affinity_for_target
enzyme,D00410,4174,Metyrapone,hsa:1576,P08684;Q6GRK0,1,feature_complete
enzyme,D00410,4174,Metyrapone,hsa:1577,P20815,1,feature_complete
enzyme,D00410,4174,Metyrapone,hsa:1579,Q02928,1,missing_uniprot_affinity_for_target
enzyme,D00410,4174,Metyrapone,hsa:1580,P13584,1,missing_uniprot_affinity_for_target
enzyme,D00410,4174,Metyrapone,hsa:1581,P22680,1,feature_complete
enzyme,D00410,4174,Metyrapone,hsa:1582,Q9UNU6,1,feature_complete
enzyme,D00410,4174,Metyrapone,hsa:1584,P15538;Q8TDD0,1,feature_complete
enzyme,D00410,4174,Metyrapone,hsa:1586,P05093;Q1HB44,1,feature_complete
enzyme,D00410,4174,Metyrapone,hsa:1588,P11511;Q8IYG4;Q8TCA4,1,feature_complete
enzyme,D00410,4174,Metyrapone,hsa:1589,P08686;Q08AG9,1,feature_complete
enzyme,D00410,4174,Metyrapone,hsa:1593,Q02318,1,missing_uniprot_affinity_for_target
enzyme,D00410,4174,Metyrapone,hsa:1594,O15528,1,missing_uniprot_affinity_for_target
enzyme,D00410,4174,Metyrapone,hsa:1595,Q16850,1,feature_complete
enzyme,D00410,4174,Metyrapone,hsa:199974,Q86W10,1,missing_uniprot_affinity_for_target
enzyme,D00410,4174,Metyrapone,hsa:260293,Q8N118,1,missing_uniprot_affinity_for_target
enzyme,D00410,4174,Metyrapone,hsa:284541,Q5TCH4,1,missing_uniprot_affinity_for_target
enzyme,D00410,4174,Metyrapone,hsa:29785,Q96SQ9,1,missing_uniprot_affinity_for_target
enzyme,D00410,4174,Metyrapone,hsa:3290,P28845;X5D2L1,1,feature_complete
enzyme,D00410,4174,Metyrapone,hsa:3291,P80365,1,missing_uniprot_affinity_for_target
enzyme,D00410,4174,Metyrapone,hsa:4051,Q08477,1,missing_uniprot_affinity_for_target
enzyme,D00410,4174,Metyrapone,hsa:51004,Q9Y2Z9,1,missing_uniprot_affinity_for_target
enzyme,D00410,4174,Metyrapone,hsa:51181,A0A384NY14;Q7Z4W1,1,feature_complete
enzyme,D00410,4174,Metyrapone,hsa:51302,Q9NYL5,1,missing_uniprot_affinity_for_target
enzyme,D00410,4174,Metyrapone,hsa:5740,Q16647,1,feature_complete
enzyme,D00410,4174,Metyrapone,hsa:64816,Q9HB55,1,missing_uniprot_affinity_for_target
enzyme,D00410,4174,Metyrapone,hsa:8529,P78329,1,missing_uniprot_affinity_for_target
enzyme,D00410,4174,Metyrapone,hsa:9023,O95992,1,missing_uniprot_affinity_for_target
enzyme,D00410,4174,Metyrapone,hsa:9420,O75881;Q05C57,1,missing_uniprot_affinity_for_target
enzyme,D00414,60490,Zileuton,hsa:240,P09917,1,feature_complete
enzyme,D00416,4189,Miconazole,hsa:1557,P33261,1,feature_complete
enzyme,D00416,4189,Miconazole,hsa:1559,P11712,1,feature_complete
enzyme,D00417,4197,Milrinone,hsa:10846,Q9Y233,1,feature_complete
enzyme,D00417,4197,Milrinone,hsa:10924,Q92484,1,feature_complete
enzyme,D00417,4197,Milrinone,hsa:1267,P09543,1,feature_complete
enzyme,D00417,4197,Milrinone,hsa:133121,Q6UWR7,1,missing_uniprot_affinity_for_target
enzyme,D00417,4197,Milrinone,hsa:23236,Q9NQ66,1,missing_uniprot_affinity_for_target
enzyme,D00417,4197,Milrinone,hsa:27115,Q9NP56,1,missing_uniprot_affinity_for_target
enzyme,D00417,4197,Milrinone,hsa:2822,P80108,1,missing_uniprot_affinity_for_target
enzyme,D00417,4197,Milrinone,hsa:306,P12429,1,feature_complete
enzyme,D00417,4197,Milrinone,hsa:339221,Q6UWV6,1,feature_complete
enzyme,D00417,4197,Milrinone,hsa:50940,Q9HCR9,1,missing_uniprot_affinity_for_target
enzyme,D00417,4197,Milrinone,hsa:51095,Q96Q11,1,feature_complete
enzyme,D00417,4197,Milrinone,hsa:51172,Q9UK23,1,missing_uniprot_affinity_for_target
enzyme,D00417,4197,Milrinone,hsa:5136,P54750,1,missing_uniprot_affinity_for_target
enzyme,D00417,4197,Milrinone,hsa:5137,Q14123,1,missing_uniprot_affinity_for_target
enzyme,D00417,4197,Milrinone,hsa:5138,O00408;Q8IW54,1,feature_complete
enzyme,D00417,4197,Milrinone,hsa:5140,A7E2E5;Q13370,1,feature_complete
enzyme,D00417,4197,Milrinone,hsa:5141,P27815,1,feature_complete
enzyme,D00417,4197,Milrinone,hsa:5142,Q07343;X5DNX5,1,feature_complete
enzyme,D00417,4197,Milrinone,hsa:5143,F6R4I1;O43849;Q08493;Q32MM7,1,feature_complete
enzyme,D00417,4197,Milrinone,hsa:5144,A0A140VJR0;Q08499,1,feature_complete
enzyme,D00417,4197,Milrinone,hsa:5145,P16499,1,missing_uniprot_affinity_for_target
enzyme,D00417,4197,Milrinone,hsa:5146,P51160,1,feature_complete
enzyme,D00417,4197,Milrinone,hsa:5147,O43924;Q6IB24,1,feature_complete
enzyme,D00417,4197,Milrinone,hsa:5148,P18545,1,feature_complete
enzyme,D00417,4197,Milrinone,hsa:5149,Q13956,1,missing_uniprot_affinity_for_target
enzyme,D00417,4197,Milrinone,hsa:5150,Q13946,1,feature_complete
enzyme,D00417,4197,Milrinone,hsa:5151,O60658,1,feature_complete
enzyme,D00417,4197,Milrinone,hsa:5152,A0A0S2Z4T6;O76083,1,feature_complete
enzyme,D00417,4197,Milrinone,hsa:5158,P35913,1,missing_uniprot_affinity_for_target
enzyme,D00417,4197,Milrinone,hsa:5167,P22413,1,missing_uniprot_affinity_for_target
enzyme,D00417,4197,Milrinone,hsa:5168,Q13822,1,feature_complete
enzyme,D00417,4197,Milrinone,hsa:5169,O14638,1,feature_complete
enzyme,D00417,4197,Milrinone,hsa:5330,Q00722;Q59F77,1,feature_complete
enzyme,D00417,4197,Milrinone,hsa:5331,Q01970,1,feature_complete
enzyme,D00417,4197,Milrinone,hsa:5332,Q15147,1,missing_uniprot_affinity_for_target
enzyme,D00417,4197,Milrinone,hsa:5333,A0A384MR47;A8K8F9;P51178,1,missing_uniprot_affinity_for_target
enzyme,D00417,4197,Milrinone,hsa:5335,P19174;Q4LE43,1,feature_complete
enzyme,D00417,4197,Milrinone,hsa:5336,P16885,1,feature_complete
enzyme,D00417,4197,Milrinone,hsa:5337,Q13393;Q59EA4,1,feature_complete
enzyme,D00417,4197,Milrinone,hsa:5338,O14939,1,feature_complete
enzyme,D00417,4197,Milrinone,hsa:55512,A8K0T6;Q9NY59,1,feature_complete
enzyme,D00417,4197,Milrinone,hsa:55775,B3KN41;Q9NUW8,1,feature_complete
enzyme,D00417,4197,Milrinone,hsa:6609,P17405;Q59EN6,1,feature_complete
enzyme,D00417,4197,Milrinone,hsa:6610,O60906,1,missing_uniprot_affinity_for_target
enzyme,D00417,4197,Milrinone,hsa:84812,Q9BRC7,1,missing_uniprot_affinity_for_target
enzyme,D00417,4197,Milrinone,hsa:8622,B3KN77;O95263,1,missing_uniprot_affinity_for_target
enzyme,D00417,4197,Milrinone,hsa:8654,O76074,1,feature_complete
enzyme,D00418,4201,Minoxidil,hsa:6799,P50226,1,feature_complete
enzyme,D00421,5362129,Ramipril,hsa:1636,B4DKH4;P12821,1,feature_complete
enzyme,D00423,37542,Ribavirin,hsa:132,P55263,1,feature_complete
enzyme,D00423,37542,Ribavirin,hsa:22978,A0A384MED8;A8K6K2;P49902,1,feature_complete
enzyme,D00423,37542,Ribavirin,hsa:3614,P20839,1,feature_complete
enzyme,D00423,37542,Ribavirin,hsa:5167,P22413,1,missing_uniprot_affinity_for_target
enzyme,D00425,4409,Nabumetone,hsa:5742,P23219,1,feature_complete
enzyme,D00425,4409,Nabumetone,hsa:5743,P35354,1,feature_complete
enzyme,D00434,54454,Simvastatin,hsa:1576,P08684;Q6GRK0,1,feature_complete
enzyme,D00434,54454,Simvastatin,hsa:3156,P04035,1,feature_complete
enzyme,D00437,4485,Nifedipine,hsa:10858,Q9Y6A2,1,feature_complete
enzyme,D00437,4485,Nifedipine,hsa:1543,A0N0X8;P04798,1,feature_complete
enzyme,D00437,4485,Nifedipine,hsa:1544,P05177,1,feature_complete
enzyme,D00437,4485,Nifedipine,hsa:1545,Q16678;Q53TK1,1,feature_complete
enzyme,D00437,4485,Nifedipine,hsa:1548,P11509,1,feature_complete
enzyme,D00437,4485,Nifedipine,hsa:1549,P20853,1,missing_uniprot_affinity_for_target
enzyme,D00437,4485,Nifedipine,hsa:1551,P24462,1,feature_complete
enzyme,D00437,4485,Nifedipine,hsa:1553,Q16696,1,feature_complete
enzyme,D00437,4485,Nifedipine,hsa:1555,P20813,1,feature_complete
enzyme,D00437,4485,Nifedipine,hsa:1557,P33261,1,feature_complete
enzyme,D00437,4485,Nifedipine,hsa:1558,P10632,1,feature_complete
enzyme,D00437,4485,Nifedipine,hsa:1562,P33260;Q7Z348,1,feature_complete
enzyme,D00437,4485,Nifedipine,hsa:1565,C1ID52;P10635;Q5Y7H2,1,feature_complete
enzyme,D00437,4485,Nifedipine,hsa:1571,P05181,1,feature_complete
enzyme,D00437,4485,Nifedipine,hsa:1572,P24903,1,missing_uniprot_affinity_for_target
enzyme,D00437,4485,Nifedipine,hsa:1573,P51589,1,missing_uniprot_affinity_for_target
enzyme,D00437,4485,Nifedipine,hsa:1576,P08684;Q6GRK0,1,feature_complete
enzyme,D00437,4485,Nifedipine,hsa:1577,P20815,1,feature_complete
enzyme,D00437,4485,Nifedipine,hsa:1579,Q02928,1,missing_uniprot_affinity_for_target
enzyme,D00437,4485,Nifedipine,hsa:1580,P13584,1,missing_uniprot_affinity_for_target
enzyme,D00437,4485,Nifedipine,hsa:1581,P22680,1,feature_complete
enzyme,D00437,4485,Nifedipine,hsa:1582,Q9UNU6,1,feature_complete
enzyme,D00437,4485,Nifedipine,hsa:1583,A0A0S2Z3R3;P05108,1,feature_complete
enzyme,D00437,4485,Nifedipine,hsa:1584,P15538;Q8TDD0,1,feature_complete
enzyme,D00437,4485,Nifedipine,hsa:1586,P05093;Q1HB44,1,feature_complete
enzyme,D00437,4485,Nifedipine,hsa:1588,P11511;Q8IYG4;Q8TCA4,1,feature_complete
enzyme,D00437,4485,Nifedipine,hsa:1589,P08686;Q08AG9,1,feature_complete
enzyme,D00437,4485,Nifedipine,hsa:1593,Q02318,1,missing_uniprot_affinity_for_target
enzyme,D00437,4485,Nifedipine,hsa:1594,O15528,1,missing_uniprot_affinity_for_target
enzyme,D00437,4485,Nifedipine,hsa:1595,Q16850,1,feature_complete
enzyme,D00437,4485,Nifedipine,hsa:199974,Q86W10,1,missing_uniprot_affinity_for_target
enzyme,D00437,4485,Nifedipine,hsa:260293,Q8N118,1,missing_uniprot_affinity_for_target
enzyme,D00437,4485,Nifedipine,hsa:284541,Q5TCH4,1,missing_uniprot_affinity_for_target
enzyme,D00437,4485,Nifedipine,hsa:29785,Q96SQ9,1,missing_uniprot_affinity_for_target
enzyme,D00437,4485,Nifedipine,hsa:4051,Q08477,1,missing_uniprot_affinity_for_target
enzyme,D00437,4485,Nifedipine,hsa:51004,Q9Y2Z9,1,missing_uniprot_affinity_for_target
enzyme,D00437,4485,Nifedipine,hsa:51302,Q9NYL5,1,missing_uniprot_affinity_for_target
enzyme,D00437,4485,Nifedipine,hsa:5740,Q16647,1,feature_complete
enzyme,D00437,4485,Nifedipine,hsa:64816,Q9HB55,1,missing_uniprot_affinity_for_target
enzyme,D00437,4485,Nifedipine,hsa:8529,P78329,1,missing_uniprot_affinity_for_target
enzyme,D00437,4485,Nifedipine,hsa:9023,O95992,1,missing_uniprot_affinity_for_target
enzyme,D00437,4485,Nifedipine,hsa:9420,O75881;Q05C57,1,missing_uniprot_affinity_for_target
enzyme,D00448,5339,Sulfasalazine,hsa:10,A4Z6T7;P11245,1,feature_complete
enzyme,D00448,5339,Sulfasalazine,hsa:1147,O15111,1,feature_complete
enzyme,D00448,5339,Sulfasalazine,hsa:239,P18054,1,feature_complete
enzyme,D00448,5339,Sulfasalazine,hsa:240,P09917,1,feature_complete
enzyme,D00448,5339,Sulfasalazine,hsa:242,O75342,1,missing_uniprot_affinity_for_target
enzyme,D00448,5339,Sulfasalazine,hsa:246,P16050,1,missing_uniprot_affinity_for_target
enzyme,D00448,5339,Sulfasalazine,hsa:247,O15296,1,feature_complete
enzyme,D00448,5339,Sulfasalazine,hsa:3551,O14920,1,feature_complete
enzyme,D00448,5339,Sulfasalazine,hsa:38,A0A140VJX1;P24752,1,feature_complete
enzyme,D00448,5339,Sulfasalazine,hsa:4048,A0A140VK27;P09960,1,feature_complete
enzyme,D00448,5339,Sulfasalazine,hsa:9641,Q14164,1,missing_uniprot_affinity_for_target
enzyme,D00449,5342,Sulfinpyrazone,hsa:5743,P35354,1,feature_complete
enzyme,D00451,5358,Sumatriptan,hsa:22954,Q13049,1,feature_complete
enzyme,D00452,5359,Suprofen,hsa:5742,P23219,1,feature_complete
enzyme,D00452,5359,Suprofen,hsa:5743,P35354,1,feature_complete
enzyme,D00454,135398745,Olanzapine,hsa:1544,P05177,1,feature_complete
enzyme,D00454,135398745,Olanzapine,hsa:1565,C1ID52;P10635;Q5Y7H2,1,feature_complete
enzyme,D00455,4594,Prilosec,hsa:495,A0A384MR29;P20648;Q658V6,1,missing_uniprot_affinity_for_target
enzyme,D00459,54891,Quinapril Hydrochloride,hsa:1636,B4DKH4;P12821,1,feature_complete
enzyme,D00463,4614,Oxaprozin,hsa:5742,P23219,1,feature_complete
enzyme,D00463,4614,Oxaprozin,hsa:5743,P35354,1,feature_complete
enzyme,D00475,4911,Probenecid,hsa:4942,A0A140VJQ4;P04181,1,feature_complete
enzyme,D00487,7550,Pyridostigmine Bromide,hsa:43,P22303,1,feature_complete
enzyme,D00488,4993,Pyrimethamine,hsa:1719,B0YJ76;P00374,1,feature_complete
enzyme,D00494,4927,Promethazine,hsa:2147,P00734,1,feature_complete
enzyme,D00496,5852,Penicillamine,hsa:834,A8K249;P29466,1,feature_complete
enzyme,D00501,4740,Pentoxifylline,hsa:10846,Q9Y233,1,feature_complete
enzyme,D00501,4740,Pentoxifylline,hsa:10924,Q92484,1,feature_complete
enzyme,D00501,4740,Pentoxifylline,hsa:1267,P09543,1,feature_complete
enzyme,D00501,4740,Pentoxifylline,hsa:133121,Q6UWR7,1,missing_uniprot_affinity_for_target
enzyme,D00501,4740,Pentoxifylline,hsa:22978,A0A384MED8;A8K6K2;P49902,1,feature_complete
enzyme,D00501,4740,Pentoxifylline,hsa:23236,Q9NQ66,1,missing_uniprot_affinity_for_target
enzyme,D00501,4740,Pentoxifylline,hsa:27115,Q9NP56,1,missing_uniprot_affinity_for_target
enzyme,D00501,4740,Pentoxifylline,hsa:2822,P80108,1,missing_uniprot_affinity_for_target
enzyme,D00501,4740,Pentoxifylline,hsa:306,P12429,1,feature_complete
enzyme,D00501,4740,Pentoxifylline,hsa:30833,Q8TCD5;V9HWF3,1,feature_complete
enzyme,D00501,4740,Pentoxifylline,hsa:339221,Q6UWV6,1,feature_complete
enzyme,D00501,4740,Pentoxifylline,hsa:3612,P29218,1,feature_complete
enzyme,D00501,4740,Pentoxifylline,hsa:4907,P21589;Q6NZX3,1,feature_complete
enzyme,D00501,4740,Pentoxifylline,hsa:51095,Q96Q11,1,feature_complete
enzyme,D00501,4740,Pentoxifylline,hsa:51172,Q9UK23,1,missing_uniprot_affinity_for_target
enzyme,D00501,4740,Pentoxifylline,hsa:51251,Q9H0P0;X6RM59,1,feature_complete
enzyme,D00501,4740,Pentoxifylline,hsa:5136,P54750,1,missing_uniprot_affinity_for_target
enzyme,D00501,4740,Pentoxifylline,hsa:5137,Q14123,1,missing_uniprot_affinity_for_target
enzyme,D00501,4740,Pentoxifylline,hsa:5138,O00408;Q8IW54,1,feature_complete
enzyme,D00501,4740,Pentoxifylline,hsa:5140,A7E2E5;Q13370,1,feature_complete
enzyme,D00501,4740,Pentoxifylline,hsa:5141,P27815,1,feature_complete
enzyme,D00501,4740,Pentoxifylline,hsa:5142,Q07343;X5DNX5,1,feature_complete
enzyme,D00501,4740,Pentoxifylline,hsa:5143,F6R4I1;O43849;Q08493;Q32MM7,1,feature_complete
enzyme,D00501,4740,Pentoxifylline,hsa:5144,A0A140VJR0;Q08499,1,feature_complete
enzyme,D00501,4740,Pentoxifylline,hsa:5145,P16499,1,missing_uniprot_affinity_for_target
enzyme,D00501,4740,Pentoxifylline,hsa:5146,P51160,1,feature_complete
enzyme,D00501,4740,Pentoxifylline,hsa:5147,O43924;Q6IB24,1,feature_complete
enzyme,D00501,4740,Pentoxifylline,hsa:5148,P18545,1,feature_complete
enzyme,D00501,4740,Pentoxifylline,hsa:5149,Q13956,1,missing_uniprot_affinity_for_target
enzyme,D00501,4740,Pentoxifylline,hsa:5151,O60658,1,feature_complete
enzyme,D00501,4740,Pentoxifylline,hsa:5152,A0A0S2Z4T6;O76083,1,feature_complete
enzyme,D00501,4740,Pentoxifylline,hsa:5158,P35913,1,missing_uniprot_affinity_for_target
enzyme,D00501,4740,Pentoxifylline,hsa:5167,P22413,1,missing_uniprot_affinity_for_target
enzyme,D00501,4740,Pentoxifylline,hsa:5168,Q13822,1,feature_complete
enzyme,D00501,4740,Pentoxifylline,hsa:5169,O14638,1,feature_complete
enzyme,D00501,4740,Pentoxifylline,hsa:5330,Q00722;Q59F77,1,feature_complete
enzyme,D00501,4740,Pentoxifylline,hsa:5331,Q01970,1,feature_complete
enzyme,D00501,4740,Pentoxifylline,hsa:5332,Q15147,1,missing_uniprot_affinity_for_target
enzyme,D00501,4740,Pentoxifylline,hsa:5333,A0A384MR47;A8K8F9;P51178,1,missing_uniprot_affinity_for_target
enzyme,D00501,4740,Pentoxifylline,hsa:5335,P19174;Q4LE43,1,feature_complete
enzyme,D00501,4740,Pentoxifylline,hsa:5336,P16885,1,feature_complete
enzyme,D00501,4740,Pentoxifylline,hsa:5337,Q13393;Q59EA4,1,feature_complete
enzyme,D00501,4740,Pentoxifylline,hsa:5338,O14939,1,feature_complete
enzyme,D00501,4740,Pentoxifylline,hsa:55512,A8K0T6;Q9NY59,1,feature_complete
enzyme,D00501,4740,Pentoxifylline,hsa:55775,B3KN41;Q9NUW8,1,feature_complete
enzyme,D00501,4740,Pentoxifylline,hsa:57665,Q53RX3;Q9HBH5,1,missing_uniprot_affinity_for_target
enzyme,D00501,4740,Pentoxifylline,hsa:6609,P17405;Q59EN6,1,feature_complete
enzyme,D00501,4740,Pentoxifylline,hsa:6610,O60906,1,missing_uniprot_affinity_for_target
enzyme,D00501,4740,Pentoxifylline,hsa:84618,Q9BXI3,1,missing_uniprot_affinity_for_target
enzyme,D00501,4740,Pentoxifylline,hsa:84812,Q9BRC7,1,missing_uniprot_affinity_for_target
enzyme,D00501,4740,Pentoxifylline,hsa:8622,B3KN77;O95263,1,missing_uniprot_affinity_for_target
enzyme,D00501,4740,Pentoxifylline,hsa:8654,O76074,1,feature_complete
enzyme,D00503,4748,Perphenazine,hsa:1565,C1ID52;P10635;Q5Y7H2,1,feature_complete
enzyme,D00503,4748,Perphenazine,hsa:1576,P08684;Q6GRK0,1,feature_complete
enzyme,D00505,61100,Phenelzine Sulfate,hsa:4128,P21397;Q49A63;Q53YE7,1,feature_complete
enzyme,D00505,61100,Phenelzine Sulfate,hsa:4129,P27338,1,feature_complete
enzyme,D00510,4781,Phenylbutazone,hsa:239,P18054,1,feature_complete
enzyme,D00510,4781,Phenylbutazone,hsa:240,P09917,1,feature_complete
enzyme,D00510,4781,Phenylbutazone,hsa:242,O75342,1,missing_uniprot_affinity_for_target
enzyme,D00510,4781,Phenylbutazone,hsa:246,P16050,1,missing_uniprot_affinity_for_target
enzyme,D00510,4781,Phenylbutazone,hsa:247,O15296,1,feature_complete
enzyme,D00510,4781,Phenylbutazone,hsa:3906,P00709,1,feature_complete
enzyme,D00510,4781,Phenylbutazone,hsa:4048,A0A140VK27;P09960,1,feature_complete
enzyme,D00510,4781,Phenylbutazone,hsa:5740,Q16647,1,feature_complete
enzyme,D00510,4781,Phenylbutazone,hsa:5742,P23219,1,feature_complete
enzyme,D00510,4781,Phenylbutazone,hsa:5743,P35354,1,feature_complete
enzyme,D00512,1775,Phenytoin,hsa:1557,P33261,1,feature_complete
enzyme,D00512,1775,Phenytoin,hsa:1559,P11712,1,feature_complete
enzyme,D00513,4828,Pindolol,hsa:22954,Q13049,1,feature_complete
enzyme,D00515,4510,Nitroglycerin,hsa:4881,A0A140VJE6;P16066,1,missing_uniprot_affinity_for_target
enzyme,D00516,6883,Isosorbide Dinitrate,hsa:4881,A0A140VJE6;P16066,1,missing_uniprot_affinity_for_target
enzyme,D00518,3038,Dichlorphenamide,hsa:11238,Q9Y2D0,1,missing_uniprot_affinity_for_target
enzyme,D00518,3038,Dichlorphenamide,hsa:23632,A8K3J4;Q9ULX7,1,feature_complete
enzyme,D00518,3038,Dichlorphenamide,hsa:377677,Q8N1Q1,1,feature_complete
enzyme,D00518,3038,Dichlorphenamide,hsa:759,P00915;V9HWE3,1,feature_complete
enzyme,D00518,3038,Dichlorphenamide,hsa:760,P00918;V9HW21,1,feature_complete
enzyme,D00518,3038,Dichlorphenamide,hsa:761,P07451;V9HWA3,1,feature_complete
enzyme,D00518,3038,Dichlorphenamide,hsa:762,P22748,1,feature_complete
enzyme,D00518,3038,Dichlorphenamide,hsa:763,P35218,1,missing_uniprot_affinity_for_target
enzyme,D00518,3038,Dichlorphenamide,hsa:765,B4DUH8;P23280,1,feature_complete
enzyme,D00518,3038,Dichlorphenamide,hsa:766,P43166,1,feature_complete
enzyme,D00518,3038,Dichlorphenamide,hsa:767,P35219,1,feature_complete
enzyme,D00518,3038,Dichlorphenamide,hsa:768,A0A0S2Z3D0;Q16790,1,feature_complete
enzyme,D00518,3038,Dichlorphenamide,hsa:771,O43570,1,feature_complete
enzyme,D00519,2720,Chlorothiazide,hsa:11238,Q9Y2D0,1,missing_uniprot_affinity_for_target
enzyme,D00519,2720,Chlorothiazide,hsa:23632,A8K3J4;Q9ULX7,1,feature_complete
enzyme,D00519,2720,Chlorothiazide,hsa:377677,Q8N1Q1,1,feature_complete
enzyme,D00519,2720,Chlorothiazide,hsa:759,P00915;V9HWE3,1,feature_complete
enzyme,D00519,2720,Chlorothiazide,hsa:760,P00918;V9HW21,1,feature_complete
enzyme,D00519,2720,Chlorothiazide,hsa:761,P07451;V9HWA3,1,feature_complete
enzyme,D00519,2720,Chlorothiazide,hsa:762,P22748,1,feature_complete
enzyme,D00519,2720,Chlorothiazide,hsa:763,P35218,1,missing_uniprot_affinity_for_target
enzyme,D00519,2720,Chlorothiazide,hsa:765,B4DUH8;P23280,1,feature_complete
enzyme,D00519,2720,Chlorothiazide,hsa:766,P43166,1,feature_complete
enzyme,D00519,2720,Chlorothiazide,hsa:767,P35219,1,feature_complete
enzyme,D00519,2720,Chlorothiazide,hsa:768,A0A0S2Z3D0;Q16790,1,feature_complete
enzyme,D00519,2720,Chlorothiazide,hsa:771,O43570,1,feature_complete
enzyme,D00521,5405,Terfenadine,hsa:1565,C1ID52;P10635;Q5Y7H2,1,feature_complete
enzyme,D00521,5405,Terfenadine,hsa:1576,P08684;Q6GRK0,1,feature_complete
enzyme,D00528,2519,Caffeine,hsa:10846,Q9Y233,1,feature_complete
enzyme,D00528,2519,Caffeine,hsa:10858,Q9Y6A2,1,feature_complete
enzyme,D00528,2519,Caffeine,hsa:10924,Q92484,1,feature_complete
enzyme,D00528,2519,Caffeine,hsa:1267,P09543,1,feature_complete
enzyme,D00528,2519,Caffeine,hsa:133121,Q6UWR7,1,missing_uniprot_affinity_for_target
enzyme,D00528,2519,Caffeine,hsa:1543,A0N0X8;P04798,1,feature_complete
enzyme,D00528,2519,Caffeine,hsa:1544,P05177,1,feature_complete
enzyme,D00528,2519,Caffeine,hsa:1545,Q16678;Q53TK1,1,feature_complete
enzyme,D00528,2519,Caffeine,hsa:1548,P11509,1,feature_complete
enzyme,D00528,2519,Caffeine,hsa:1551,P24462,1,feature_complete
enzyme,D00528,2519,Caffeine,hsa:1553,Q16696,1,feature_complete
enzyme,D00528,2519,Caffeine,hsa:1555,P20813,1,feature_complete
enzyme,D00528,2519,Caffeine,hsa:1557,P33261,1,feature_complete
enzyme,D00528,2519,Caffeine,hsa:1558,P10632,1,feature_complete
enzyme,D00528,2519,Caffeine,hsa:1559,P11712,1,feature_complete
enzyme,D00528,2519,Caffeine,hsa:1562,P33260;Q7Z348,1,feature_complete
enzyme,D00528,2519,Caffeine,hsa:1565,C1ID52;P10635;Q5Y7H2,1,feature_complete
enzyme,D00528,2519,Caffeine,hsa:1571,P05181,1,feature_complete
enzyme,D00528,2519,Caffeine,hsa:1572,P24903,1,missing_uniprot_affinity_for_target
enzyme,D00528,2519,Caffeine,hsa:1573,P51589,1,missing_uniprot_affinity_for_target
enzyme,D00528,2519,Caffeine,hsa:1576,P08684;Q6GRK0,1,feature_complete
enzyme,D00528,2519,Caffeine,hsa:1577,P20815,1,feature_complete
enzyme,D00528,2519,Caffeine,hsa:1579,Q02928,1,missing_uniprot_affinity_for_target
enzyme,D00528,2519,Caffeine,hsa:1580,P13584,1,missing_uniprot_affinity_for_target
enzyme,D00528,2519,Caffeine,hsa:1581,P22680,1,feature_complete
enzyme,D00528,2519,Caffeine,hsa:1582,Q9UNU6,1,feature_complete
enzyme,D00528,2519,Caffeine,hsa:1583,A0A0S2Z3R3;P05108,1,feature_complete
enzyme,D00528,2519,Caffeine,hsa:1584,P15538;Q8TDD0,1,feature_complete
enzyme,D00528,2519,Caffeine,hsa:1585,P19099,1,feature_complete
enzyme,D00528,2519,Caffeine,hsa:1586,P05093;Q1HB44,1,feature_complete
enzyme,D00528,2519,Caffeine,hsa:1588,P11511;Q8IYG4;Q8TCA4,1,feature_complete
enzyme,D00528,2519,Caffeine,hsa:1589,P08686;Q08AG9,1,feature_complete
enzyme,D00528,2519,Caffeine,hsa:1593,Q02318,1,missing_uniprot_affinity_for_target
enzyme,D00528,2519,Caffeine,hsa:1594,O15528,1,missing_uniprot_affinity_for_target
enzyme,D00528,2519,Caffeine,hsa:1595,Q16850,1,feature_complete
enzyme,D00528,2519,Caffeine,hsa:199974,Q86W10,1,missing_uniprot_affinity_for_target
enzyme,D00528,2519,Caffeine,hsa:23236,Q9NQ66,1,missing_uniprot_affinity_for_target
enzyme,D00528,2519,Caffeine,hsa:260293,Q8N118,1,missing_uniprot_affinity_for_target
enzyme,D00528,2519,Caffeine,hsa:27115,Q9NP56,1,missing_uniprot_affinity_for_target
enzyme,D00528,2519,Caffeine,hsa:2822,P80108,1,missing_uniprot_affinity_for_target
enzyme,D00528,2519,Caffeine,hsa:284541,Q5TCH4,1,missing_uniprot_affinity_for_target
enzyme,D00528,2519,Caffeine,hsa:29785,Q96SQ9,1,missing_uniprot_affinity_for_target
enzyme,D00528,2519,Caffeine,hsa:306,P12429,1,feature_complete
enzyme,D00528,2519,Caffeine,hsa:339221,Q6UWV6,1,feature_complete
enzyme,D00528,2519,Caffeine,hsa:4051,Q08477,1,missing_uniprot_affinity_for_target
enzyme,D00528,2519,Caffeine,hsa:472,Q13315,1,missing_uniprot_affinity_for_target
enzyme,D00528,2519,Caffeine,hsa:51004,Q9Y2Z9,1,missing_uniprot_affinity_for_target
enzyme,D00528,2519,Caffeine,hsa:51095,Q96Q11,1,feature_complete
enzyme,D00528,2519,Caffeine,hsa:51172,Q9UK23,1,missing_uniprot_affinity_for_target
enzyme,D00528,2519,Caffeine,hsa:51302,Q9NYL5,1,missing_uniprot_affinity_for_target
enzyme,D00528,2519,Caffeine,hsa:5136,P54750,1,missing_uniprot_affinity_for_target
enzyme,D00528,2519,Caffeine,hsa:5137,Q14123,1,missing_uniprot_affinity_for_target
enzyme,D00528,2519,Caffeine,hsa:5138,O00408;Q8IW54,1,feature_complete
enzyme,D00528,2519,Caffeine,hsa:5140,A7E2E5;Q13370,1,feature_complete
enzyme,D00528,2519,Caffeine,hsa:5141,P27815,1,feature_complete
enzyme,D00528,2519,Caffeine,hsa:5142,Q07343;X5DNX5,1,feature_complete
enzyme,D00528,2519,Caffeine,hsa:5143,F6R4I1;O43849;Q08493;Q32MM7,1,feature_complete
enzyme,D00528,2519,Caffeine,hsa:5144,A0A140VJR0;Q08499,1,feature_complete
enzyme,D00528,2519,Caffeine,hsa:5145,P16499,1,missing_uniprot_affinity_for_target
enzyme,D00528,2519,Caffeine,hsa:5146,P51160,1,feature_complete
enzyme,D00528,2519,Caffeine,hsa:5147,O43924;Q6IB24,1,feature_complete
enzyme,D00528,2519,Caffeine,hsa:5148,P18545,1,feature_complete
enzyme,D00528,2519,Caffeine,hsa:5149,Q13956,1,missing_uniprot_affinity_for_target
enzyme,D00528,2519,Caffeine,hsa:5151,O60658,1,feature_complete
enzyme,D00528,2519,Caffeine,hsa:5152,A0A0S2Z4T6;O76083,1,feature_complete
enzyme,D00528,2519,Caffeine,hsa:5158,P35913,1,missing_uniprot_affinity_for_target
enzyme,D00528,2519,Caffeine,hsa:5167,P22413,1,missing_uniprot_affinity_for_target
enzyme,D00528,2519,Caffeine,hsa:5168,Q13822,1,feature_complete
enzyme,D00528,2519,Caffeine,hsa:5169,O14638,1,feature_complete
enzyme,D00528,2519,Caffeine,hsa:5330,Q00722;Q59F77,1,feature_complete
enzyme,D00528,2519,Caffeine,hsa:5331,Q01970,1,feature_complete
enzyme,D00528,2519,Caffeine,hsa:5332,Q15147,1,missing_uniprot_affinity_for_target
enzyme,D00528,2519,Caffeine,hsa:5333,A0A384MR47;A8K8F9;P51178,1,missing_uniprot_affinity_for_target
enzyme,D00528,2519,Caffeine,hsa:5335,P19174;Q4LE43,1,feature_complete
enzyme,D00528,2519,Caffeine,hsa:5336,P16885,1,feature_complete
enzyme,D00528,2519,Caffeine,hsa:5337,Q13393;Q59EA4,1,feature_complete
enzyme,D00528,2519,Caffeine,hsa:5338,O14939,1,feature_complete
enzyme,D00528,2519,Caffeine,hsa:55512,A8K0T6;Q9NY59,1,feature_complete
enzyme,D00528,2519,Caffeine,hsa:55775,B3KN41;Q9NUW8,1,feature_complete
enzyme,D00528,2519,Caffeine,hsa:5740,Q16647,1,feature_complete
enzyme,D00528,2519,Caffeine,hsa:64816,Q9HB55,1,missing_uniprot_affinity_for_target
enzyme,D00528,2519,Caffeine,hsa:6609,P17405;Q59EN6,1,feature_complete
enzyme,D00528,2519,Caffeine,hsa:6610,O60906,1,missing_uniprot_affinity_for_target
enzyme,D00528,2519,Caffeine,hsa:84812,Q9BRC7,1,missing_uniprot_affinity_for_target
enzyme,D00528,2519,Caffeine,hsa:8529,P78329,1,missing_uniprot_affinity_for_target
enzyme,D00528,2519,Caffeine,hsa:8622,B3KN77;O95263,1,missing_uniprot_affinity_for_target
enzyme,D00528,2519,Caffeine,hsa:8654,O76074,1,feature_complete
enzyme,D00528,2519,Caffeine,hsa:9023,O95992,1,missing_uniprot_affinity_for_target
enzyme,D00528,2519,Caffeine,hsa:9420,O75881;Q05C57,1,missing_uniprot_affinity_for_target
enzyme,D00530,5719,Zaleplon,hsa:51,Q15067,1,missing_uniprot_affinity_for_target
enzyme,D00533,34312,Oxcarbazepine,hsa:1557,P33261,1,feature_complete
enzyme,D00535,5665,Vigabatrin,hsa:18,P80404;X5D8S1,1,missing_uniprot_affinity_for_target
enzyme,D00536,3331,Felbamate,hsa:1557,P33261,1,feature_complete
enzyme,D00537,5284627,Topiramate,hsa:760,P00918;V9HW21,1,feature_complete
enzyme,D00537,5284627,Topiramate,hsa:762,P22748,1,feature_complete
enzyme,D00538,5734,Zonisamide,hsa:11238,Q9Y2D0,1,missing_uniprot_affinity_for_target
enzyme,D00538,5734,Zonisamide,hsa:23632,A8K3J4;Q9ULX7,1,feature_complete
enzyme,D00538,5734,Zonisamide,hsa:377677,Q8N1Q1,1,feature_complete
enzyme,D00538,5734,Zonisamide,hsa:759,P00915;V9HWE3,1,feature_complete
enzyme,D00538,5734,Zonisamide,hsa:760,P00918;V9HW21,1,feature_complete
enzyme,D00538,5734,Zonisamide,hsa:761,P07451;V9HWA3,1,feature_complete
enzyme,D00538,5734,Zonisamide,hsa:762,P22748,1,feature_complete
enzyme,D00538,5734,Zonisamide,hsa:763,P35218,1,missing_uniprot_affinity_for_target
enzyme,D00538,5734,Zonisamide,hsa:765,B4DUH8;P23280,1,feature_complete
enzyme,D00538,5734,Zonisamide,hsa:766,P43166,1,feature_complete
enzyme,D00538,5734,Zonisamide,hsa:767,P35219,1,feature_complete
enzyme,D00538,5734,Zonisamide,hsa:768,A0A0S2Z3D0;Q16790,1,feature_complete
enzyme,D00538,5734,Zonisamide,hsa:771,O43570,1,feature_complete
enzyme,D00542,3562,Halothane,hsa:10858,Q9Y6A2,1,feature_complete
enzyme,D00542,3562,Halothane,hsa:1543,A0N0X8;P04798,1,feature_complete
enzyme,D00542,3562,Halothane,hsa:1544,P05177,1,feature_complete
enzyme,D00542,3562,Halothane,hsa:1545,Q16678;Q53TK1,1,feature_complete
enzyme,D00542,3562,Halothane,hsa:1548,P11509,1,feature_complete
enzyme,D00542,3562,Halothane,hsa:1549,P20853,1,missing_uniprot_affinity_for_target
enzyme,D00542,3562,Halothane,hsa:1551,P24462,1,feature_complete
enzyme,D00542,3562,Halothane,hsa:1553,Q16696,1,feature_complete
enzyme,D00542,3562,Halothane,hsa:1555,P20813,1,feature_complete
enzyme,D00542,3562,Halothane,hsa:1557,P33261,1,feature_complete
enzyme,D00542,3562,Halothane,hsa:1558,P10632,1,feature_complete
enzyme,D00542,3562,Halothane,hsa:1559,P11712,1,feature_complete
enzyme,D00542,3562,Halothane,hsa:1562,P33260;Q7Z348,1,feature_complete
enzyme,D00542,3562,Halothane,hsa:1565,C1ID52;P10635;Q5Y7H2,1,feature_complete
enzyme,D00542,3562,Halothane,hsa:1572,P24903,1,missing_uniprot_affinity_for_target
enzyme,D00542,3562,Halothane,hsa:1573,P51589,1,missing_uniprot_affinity_for_target
enzyme,D00542,3562,Halothane,hsa:1576,P08684;Q6GRK0,1,feature_complete
enzyme,D00542,3562,Halothane,hsa:1577,P20815,1,feature_complete
enzyme,D00542,3562,Halothane,hsa:1579,Q02928,1,missing_uniprot_affinity_for_target
enzyme,D00542,3562,Halothane,hsa:1580,P13584,1,missing_uniprot_affinity_for_target
enzyme,D00542,3562,Halothane,hsa:1581,P22680,1,feature_complete
enzyme,D00542,3562,Halothane,hsa:1582,Q9UNU6,1,feature_complete
enzyme,D00542,3562,Halothane,hsa:1583,A0A0S2Z3R3;P05108,1,feature_complete
enzyme,D00542,3562,Halothane,hsa:1584,P15538;Q8TDD0,1,feature_complete
enzyme,D00542,3562,Halothane,hsa:1585,P19099,1,feature_complete
enzyme,D00542,3562,Halothane,hsa:1586,P05093;Q1HB44,1,feature_complete
enzyme,D00542,3562,Halothane,hsa:1588,P11511;Q8IYG4;Q8TCA4,1,feature_complete
enzyme,D00542,3562,Halothane,hsa:1589,P08686;Q08AG9,1,feature_complete
enzyme,D00542,3562,Halothane,hsa:1593,Q02318,1,missing_uniprot_affinity_for_target
enzyme,D00542,3562,Halothane,hsa:1594,O15528,1,missing_uniprot_affinity_for_target
enzyme,D00542,3562,Halothane,hsa:1595,Q16850,1,feature_complete
enzyme,D00542,3562,Halothane,hsa:199974,Q86W10,1,missing_uniprot_affinity_for_target
enzyme,D00542,3562,Halothane,hsa:260293,Q8N118,1,missing_uniprot_affinity_for_target
enzyme,D00542,3562,Halothane,hsa:27032,P98194,1,missing_uniprot_affinity_for_target
enzyme,D00542,3562,Halothane,hsa:284541,Q5TCH4,1,missing_uniprot_affinity_for_target
enzyme,D00542,3562,Halothane,hsa:29785,Q96SQ9,1,missing_uniprot_affinity_for_target
enzyme,D00542,3562,Halothane,hsa:4051,Q08477,1,missing_uniprot_affinity_for_target
enzyme,D00542,3562,Halothane,hsa:51004,Q9Y2Z9,1,missing_uniprot_affinity_for_target
enzyme,D00542,3562,Halothane,hsa:513,P30049,1,missing_uniprot_affinity_for_target
enzyme,D00542,3562,Halothane,hsa:51302,Q9NYL5,1,missing_uniprot_affinity_for_target
enzyme,D00542,3562,Halothane,hsa:5740,Q16647,1,feature_complete
enzyme,D00542,3562,Halothane,hsa:64816,Q9HB55,1,missing_uniprot_affinity_for_target
enzyme,D00542,3562,Halothane,hsa:8529,P78329,1,missing_uniprot_affinity_for_target
enzyme,D00542,3562,Halothane,hsa:9023,O95992,1,missing_uniprot_affinity_for_target
enzyme,D00542,3562,Halothane,hsa:9420,O75881;Q05C57,1,missing_uniprot_affinity_for_target
enzyme,D00543,3226,Enflurane,hsa:1571,P05181,1,feature_complete
enzyme,D00543,3226,Enflurane,hsa:27032,P98194,1,missing_uniprot_affinity_for_target
enzyme,D00543,3226,Enflurane,hsa:513,P30049,1,missing_uniprot_affinity_for_target
enzyme,D00544,4116,Methoxyflurane,hsa:1571,P05181,1,feature_complete
enzyme,D00544,4116,Methoxyflurane,hsa:27032,P98194,1,missing_uniprot_affinity_for_target
enzyme,D00544,4116,Methoxyflurane,hsa:513,P30049,1,missing_uniprot_affinity_for_target
enzyme,D00545,3763,Isoflurane,hsa:27032,P98194,1,missing_uniprot_affinity_for_target
enzyme,D00545,3763,Isoflurane,hsa:513,P30049,1,missing_uniprot_affinity_for_target
enzyme,D00546,42113,Desflurane,hsa:27032,P98194,1,missing_uniprot_affinity_for_target
enzyme,D00546,42113,Desflurane,hsa:513,P30049,1,missing_uniprot_affinity_for_target
enzyme,D00547,5206,Sevoflurane,hsa:1571,P05181,1,feature_complete
enzyme,D00547,5206,Sevoflurane,hsa:27032,P98194,1,missing_uniprot_affinity_for_target
enzyme,D00547,5206,Sevoflurane,hsa:513,P30049,1,missing_uniprot_affinity_for_target
enzyme,D00549,4943,Propofol,hsa:51,Q15067,1,missing_uniprot_affinity_for_target
enzyme,D00550,4192,Midazolam,hsa:1576,P08684;Q6GRK0,1,feature_complete
enzyme,D00560,16362,Pimozide,hsa:2147,P00734,1,feature_complete
enzyme,D00562,657298,Propylthiouracil,hsa:1733,A8K415;P49895,1,missing_uniprot_affinity_for_target
enzyme,D00562,657298,Propylthiouracil,hsa:1734,Q92813,1,missing_uniprot_affinity_for_target
enzyme,D00562,657298,Propylthiouracil,hsa:1735,P55073;Q86TU3,1,missing_uniprot_affinity_for_target
enzyme,D00562,657298,Propylthiouracil,hsa:4025,P22079,1,missing_uniprot_affinity_for_target
enzyme,D00562,657298,Propylthiouracil,hsa:4353,P05164,1,feature_complete
enzyme,D00562,657298,Propylthiouracil,hsa:7173,P07202;Q502Y3;Q6P534,1,missing_uniprot_affinity_for_target
enzyme,D00562,657298,Propylthiouracil,hsa:7453,A0A024R6K8;P23381,1,feature_complete
enzyme,D00562,657298,Propylthiouracil,hsa:8288,P11678,1,missing_uniprot_affinity_for_target
enzyme,D00563,4205,Mirtazapine,hsa:1544,P05177,1,feature_complete
enzyme,D00563,4205,Mirtazapine,hsa:1565,C1ID52;P10635;Q5Y7H2,1,feature_complete
enzyme,D00563,4205,Mirtazapine,hsa:1576,P08684;Q6GRK0,1,feature_complete
enzyme,D00566,16760658,Sodium Salicylate,hsa:5742,P23219,1,feature_complete
enzyme,D00566,16760658,Sodium Salicylate,hsa:5743,P35354,1,feature_complete
enzyme,D00567,2662,Celecoxib,hsa:1559,P11712,1,feature_complete
enzyme,D00567,2662,Celecoxib,hsa:5742,P23219,1,feature_complete
enzyme,D00567,2662,Celecoxib,hsa:5743,P35354,1,feature_complete
enzyme,D00568,5090,Rofecoxib,hsa:5742,P23219,1,feature_complete
enzyme,D00568,5090,Rofecoxib,hsa:5743,P35354,1,feature_complete
enzyme,D00569,4754,Phenacetin,hsa:1543,A0N0X8;P04798,1,feature_complete
enzyme,D00569,4754,Phenacetin,hsa:1544,P05177,1,feature_complete
enzyme,D00574,2145,Aminoglutethimide,hsa:10858,Q9Y6A2,1,feature_complete
enzyme,D00574,2145,Aminoglutethimide,hsa:1543,A0N0X8;P04798,1,feature_complete
enzyme,D00574,2145,Aminoglutethimide,hsa:1544,P05177,1,feature_complete
enzyme,D00574,2145,Aminoglutethimide,hsa:1545,Q16678;Q53TK1,1,feature_complete
enzyme,D00574,2145,Aminoglutethimide,hsa:1548,P11509,1,feature_complete
enzyme,D00574,2145,Aminoglutethimide,hsa:1549,P20853,1,missing_uniprot_affinity_for_target
enzyme,D00574,2145,Aminoglutethimide,hsa:1551,P24462,1,feature_complete
enzyme,D00574,2145,Aminoglutethimide,hsa:1553,Q16696,1,feature_complete
enzyme,D00574,2145,Aminoglutethimide,hsa:1555,P20813,1,feature_complete
enzyme,D00574,2145,Aminoglutethimide,hsa:1557,P33261,1,feature_complete
enzyme,D00574,2145,Aminoglutethimide,hsa:1558,P10632,1,feature_complete
enzyme,D00574,2145,Aminoglutethimide,hsa:1559,P11712,1,feature_complete
enzyme,D00574,2145,Aminoglutethimide,hsa:1562,P33260;Q7Z348,1,feature_complete
enzyme,D00574,2145,Aminoglutethimide,hsa:1565,C1ID52;P10635;Q5Y7H2,1,feature_complete
enzyme,D00574,2145,Aminoglutethimide,hsa:1571,P05181,1,feature_complete
enzyme,D00574,2145,Aminoglutethimide,hsa:1572,P24903,1,missing_uniprot_affinity_for_target
enzyme,D00574,2145,Aminoglutethimide,hsa:1573,P51589,1,missing_uniprot_affinity_for_target
enzyme,D00574,2145,Aminoglutethimide,hsa:1576,P08684;Q6GRK0,1,feature_complete
enzyme,D00574,2145,Aminoglutethimide,hsa:1577,P20815,1,feature_complete
enzyme,D00574,2145,Aminoglutethimide,hsa:1579,Q02928,1,missing_uniprot_affinity_for_target
enzyme,D00574,2145,Aminoglutethimide,hsa:1580,P13584,1,missing_uniprot_affinity_for_target
enzyme,D00574,2145,Aminoglutethimide,hsa:1581,P22680,1,feature_complete
enzyme,D00574,2145,Aminoglutethimide,hsa:1582,Q9UNU6,1,feature_complete
enzyme,D00574,2145,Aminoglutethimide,hsa:1583,A0A0S2Z3R3;P05108,1,feature_complete
enzyme,D00574,2145,Aminoglutethimide,hsa:1584,P15538;Q8TDD0,1,feature_complete
enzyme,D00574,2145,Aminoglutethimide,hsa:1585,P19099,1,feature_complete
enzyme,D00574,2145,Aminoglutethimide,hsa:1586,P05093;Q1HB44,1,feature_complete
enzyme,D00574,2145,Aminoglutethimide,hsa:1588,P11511;Q8IYG4;Q8TCA4,1,feature_complete
enzyme,D00574,2145,Aminoglutethimide,hsa:1593,Q02318,1,missing_uniprot_affinity_for_target
enzyme,D00574,2145,Aminoglutethimide,hsa:1594,O15528,1,missing_uniprot_affinity_for_target
enzyme,D00574,2145,Aminoglutethimide,hsa:1595,Q16850,1,feature_complete
enzyme,D00574,2145,Aminoglutethimide,hsa:199974,Q86W10,1,missing_uniprot_affinity_for_target
enzyme,D00574,2145,Aminoglutethimide,hsa:260293,Q8N118,1,missing_uniprot_affinity_for_target
enzyme,D00574,2145,Aminoglutethimide,hsa:284541,Q5TCH4,1,missing_uniprot_affinity_for_target
enzyme,D00574,2145,Aminoglutethimide,hsa:29785,Q96SQ9,1,missing_uniprot_affinity_for_target
enzyme,D00574,2145,Aminoglutethimide,hsa:4051,Q08477,1,missing_uniprot_affinity_for_target
enzyme,D00574,2145,Aminoglutethimide,hsa:51004,Q9Y2Z9,1,missing_uniprot_affinity_for_target
enzyme,D00574,2145,Aminoglutethimide,hsa:51302,Q9NYL5,1,missing_uniprot_affinity_for_target
enzyme,D00574,2145,Aminoglutethimide,hsa:5740,Q16647,1,feature_complete
enzyme,D00574,2145,Aminoglutethimide,hsa:64816,Q9HB55,1,missing_uniprot_affinity_for_target
enzyme,D00574,2145,Aminoglutethimide,hsa:8529,P78329,1,missing_uniprot_affinity_for_target
enzyme,D00574,2145,Aminoglutethimide,hsa:9023,O95992,1,missing_uniprot_affinity_for_target
enzyme,D00574,2145,Aminoglutethimide,hsa:9420,O75881;Q05C57,1,missing_uniprot_affinity_for_target
enzyme,D00577,448537,Diethylstilbestrol,hsa:10549,Q13162;V9HW63,1,feature_complete
enzyme,D00577,448537,Diethylstilbestrol,hsa:10935,A0A384MTR2;P30048,1,feature_complete
enzyme,D00577,448537,Diethylstilbestrol,hsa:1733,A8K415;P49895,1,missing_uniprot_affinity_for_target
enzyme,D00577,448537,Diethylstilbestrol,hsa:1734,Q92813,1,missing_uniprot_affinity_for_target
enzyme,D00577,448537,Diethylstilbestrol,hsa:1735,P55073;Q86TU3,1,missing_uniprot_affinity_for_target
enzyme,D00577,448537,Diethylstilbestrol,hsa:25824,P30044,1,feature_complete
enzyme,D00577,448537,Diethylstilbestrol,hsa:2876,P07203;Q7L4Q3,1,feature_complete
enzyme,D00577,448537,Diethylstilbestrol,hsa:2877,P18283,1,feature_complete
enzyme,D00577,448537,Diethylstilbestrol,hsa:2878,P22352,1,feature_complete
enzyme,D00577,448537,Diethylstilbestrol,hsa:2879,P36969,1,feature_complete
enzyme,D00577,448537,Diethylstilbestrol,hsa:2880,O75715;V9HWN8,1,feature_complete
enzyme,D00577,448537,Diethylstilbestrol,hsa:2882,Q96SL4,1,feature_complete
enzyme,D00577,448537,Diethylstilbestrol,hsa:4025,P22079,1,missing_uniprot_affinity_for_target
enzyme,D00577,448537,Diethylstilbestrol,hsa:4353,P05164,1,feature_complete
enzyme,D00577,448537,Diethylstilbestrol,hsa:5052,A0A384NPQ2;Q06830,1,feature_complete
enzyme,D00577,448537,Diethylstilbestrol,hsa:8288,P11678,1,missing_uniprot_affinity_for_target
enzyme,D00579,44561,Foscarnet Sodium,hsa:7015,O14746,1,missing_ligand_affinity_file
enzyme,D00584,3385,5-Fluorouracil,hsa:151531,A0A0S2Z634;O95045,1,feature_complete
enzyme,D00584,3385,5-Fluorouracil,hsa:1806,Q12882,1,missing_uniprot_affinity_for_target
enzyme,D00584,3385,5-Fluorouracil,hsa:7083,A0A384MDV9;P04183,1,feature_complete
enzyme,D00584,3385,5-Fluorouracil,hsa:7084,O00142;Q8IZR3,1,missing_uniprot_affinity_for_target
enzyme,D00584,3385,5-Fluorouracil,hsa:7298,P04818;Q53Y97,1,feature_complete
enzyme,D00584,3385,5-Fluorouracil,hsa:7372,A8K5J1;P11172,1,feature_complete
enzyme,D00584,3385,5-Fluorouracil,hsa:7378,B4DND0;Q16831,1,feature_complete
enzyme,D00593,3476,"1H-Pyrrole-1-carboxamide, 3-ethyl-2,5-dihydro-4-methyl-N-2-4-(trans-4-methylcyclohexyl)aminocarbonylaminosulfonylphenylethyl-2-oxo-",hsa:1559,P11712,1,feature_complete
enzyme,D00596,5281055,Rosiglitazone Maleate,hsa:1558,P10632,1,feature_complete
enzyme,D00620,5362123,Benazepril Hydrochloride,hsa:1636,B4DKH4;P12821,1,feature_complete
enzyme,D00621,5388961,Enalapril Maleate,hsa:1636,B4DKH4;P12821,1,missing_ligand_affinity_file
enzyme,D00622,23667962,Dynacil,hsa:1636,B4DKH4;P12821,1,missing_uniprot_affinity_for_target
enzyme,D00623,54889,Moexipril Hydrochloride,hsa:1636,B4DKH4;P12821,1,missing_ligand_affinity_file
enzyme,D00624,441313,Perindopril Erbumine,hsa:1636,B4DKH4;P12821,1,feature_complete
enzyme,D00625,441314,Miglitol,hsa:2548,P10253,1,feature_complete
enzyme,D00625,441314,Miglitol,hsa:2595,Q8TET4,1,missing_uniprot_affinity_for_target
enzyme,D00625,441314,Miglitol,hsa:279,P04746;Q53F26,1,feature_complete
enzyme,D00625,441314,Miglitol,hsa:8972,O43451,1,feature_complete
enzyme,D00630,27661,Isosorbide Mononitrate,hsa:4881,A0A140VJE6;P16066,1,missing_uniprot_affinity_for_target
enzyme,D00650,2315,Bendroflumethiazide,hsa:759,P00915;V9HWE3,1,feature_complete
enzyme,D00650,2315,Bendroflumethiazide,hsa:760,P00918;V9HW21,1,feature_complete
enzyme,D00650,2315,Bendroflumethiazide,hsa:762,P22748,1,feature_complete
enzyme,D00651,2343,Benzthiazide,hsa:759,P00915;V9HWE3,1,feature_complete
enzyme,D00651,2343,Benzthiazide,hsa:760,P00918;V9HW21,1,feature_complete
enzyme,D00651,2343,Benzthiazide,hsa:762,P22748,1,feature_complete
enzyme,D00652,68844,Brinzolamide,hsa:11238,Q9Y2D0,1,missing_uniprot_affinity_for_target
enzyme,D00652,68844,Brinzolamide,hsa:23632,A8K3J4;Q9ULX7,1,feature_complete
enzyme,D00652,68844,Brinzolamide,hsa:377677,Q8N1Q1,1,feature_complete
enzyme,D00652,68844,Brinzolamide,hsa:759,P00915;V9HWE3,1,feature_complete
enzyme,D00652,68844,Brinzolamide,hsa:760,P00918;V9HW21,1,feature_complete
enzyme,D00652,68844,Brinzolamide,hsa:761,P07451;V9HWA3,1,feature_complete
enzyme,D00652,68844,Brinzolamide,hsa:762,P22748,1,feature_complete
enzyme,D00652,68844,Brinzolamide,hsa:763,P35218,1,missing_uniprot_affinity_for_target
enzyme,D00652,68844,Brinzolamide,hsa:765,B4DUH8;P23280,1,feature_complete
enzyme,D00652,68844,Brinzolamide,hsa:766,P43166,1,feature_complete
enzyme,D00652,68844,Brinzolamide,hsa:767,P35219,1,feature_complete
enzyme,D00652,68844,Brinzolamide,hsa:768,A0A0S2Z3D0;Q16790,1,feature_complete
enzyme,D00652,68844,Brinzolamide,hsa:771,O43570,1,feature_complete
enzyme,D00653,6918132,Dorzolamide Hydrochloride,hsa:11238,Q9Y2D0,1,missing_uniprot_affinity_for_target
enzyme,D00653,6918132,Dorzolamide Hydrochloride,hsa:23632,A8K3J4;Q9ULX7,1,feature_complete
enzyme,D00653,6918132,Dorzolamide Hydrochloride,hsa:377677,Q8N1Q1,1,feature_complete
enzyme,D00653,6918132,Dorzolamide Hydrochloride,hsa:759,P00915;V9HWE3,1,feature_complete
enzyme,D00653,6918132,Dorzolamide Hydrochloride,hsa:760,P00918;V9HW21,1,feature_complete
enzyme,D00653,6918132,Dorzolamide Hydrochloride,hsa:761,P07451;V9HWA3,1,feature_complete
enzyme,D00653,6918132,Dorzolamide Hydrochloride,hsa:762,P22748,1,feature_complete
enzyme,D00653,6918132,Dorzolamide Hydrochloride,hsa:763,P35218,1,missing_uniprot_affinity_for_target
enzyme,D00653,6918132,Dorzolamide Hydrochloride,hsa:765,B4DUH8;P23280,1,feature_complete
enzyme,D00653,6918132,Dorzolamide Hydrochloride,hsa:766,P43166,1,feature_complete
enzyme,D00653,6918132,Dorzolamide Hydrochloride,hsa:767,P35219,1,feature_complete
enzyme,D00653,6918132,Dorzolamide Hydrochloride,hsa:768,A0A0S2Z3D0;Q16790,1,feature_complete
enzyme,D00653,6918132,Dorzolamide Hydrochloride,hsa:771,O43570,1,feature_complete
enzyme,D00654,3647,Hydroflumethiazide,hsa:476,P05023,1,missing_uniprot_affinity_for_target
enzyme,D00654,3647,Hydroflumethiazide,hsa:759,P00915;V9HWE3,1,feature_complete
enzyme,D00654,3647,Hydroflumethiazide,hsa:760,P00918;V9HW21,1,feature_complete
enzyme,D00654,3647,Hydroflumethiazide,hsa:762,P22748,1,feature_complete
enzyme,D00655,4100,Methazolamide,hsa:11238,Q9Y2D0,1,missing_uniprot_affinity_for_target
enzyme,D00655,4100,Methazolamide,hsa:23632,A8K3J4;Q9ULX7,1,feature_complete
enzyme,D00655,4100,Methazolamide,hsa:377677,Q8N1Q1,1,feature_complete
enzyme,D00655,4100,Methazolamide,hsa:759,P00915;V9HWE3,1,feature_complete
enzyme,D00655,4100,Methazolamide,hsa:760,P00918;V9HW21,1,feature_complete
enzyme,D00655,4100,Methazolamide,hsa:761,P07451;V9HWA3,1,feature_complete
enzyme,D00655,4100,Methazolamide,hsa:762,P22748,1,feature_complete
enzyme,D00655,4100,Methazolamide,hsa:763,P35218,1,missing_uniprot_affinity_for_target
enzyme,D00655,4100,Methazolamide,hsa:765,B4DUH8;P23280,1,feature_complete
enzyme,D00655,4100,Methazolamide,hsa:766,P43166,1,feature_complete
enzyme,D00655,4100,Methazolamide,hsa:767,P35219,1,feature_complete
enzyme,D00655,4100,Methazolamide,hsa:768,A0A0S2Z3D0;Q16790,1,feature_complete
enzyme,D00655,4100,Methazolamide,hsa:771,O43570,1,feature_complete
enzyme,D00656,4121,Methyclothiazide,hsa:476,P05023,1,missing_uniprot_affinity_for_target
enzyme,D00656,4121,Methyclothiazide,hsa:759,P00915;V9HWE3,1,feature_complete
enzyme,D00656,4121,Methyclothiazide,hsa:760,P00918;V9HW21,1,feature_complete
enzyme,D00656,4121,Methyclothiazide,hsa:762,P22748,1,feature_complete
enzyme,D00658,5560,Trichlormethiazide,hsa:476,P05023,1,missing_uniprot_affinity_for_target
enzyme,D00658,5560,Trichlormethiazide,hsa:759,P00915;V9HWE3,1,feature_complete
enzyme,D00658,5560,Trichlormethiazide,hsa:760,P00918;V9HW21,1,feature_complete
enzyme,D00658,5560,Trichlormethiazide,hsa:762,P22748,1,feature_complete
enzyme,D00667,5965,Demecarium Bromide,hsa:43,P22303,1,feature_complete
enzyme,D00667,5965,Demecarium Bromide,hsa:590,P06276,1,feature_complete
enzyme,D00670,5741,Donepezil Hydrochloride,hsa:43,P22303,1,feature_complete
enzyme,D00670,5741,Donepezil Hydrochloride,hsa:590,P06276,1,feature_complete
enzyme,D00691,3182,Diprophylline,hsa:10846,Q9Y233,1,feature_complete
enzyme,D00691,3182,Diprophylline,hsa:27115,Q9NP56,1,missing_uniprot_affinity_for_target
enzyme,D00691,3182,Diprophylline,hsa:5136,P54750,1,missing_uniprot_affinity_for_target
enzyme,D00691,3182,Diprophylline,hsa:5137,Q14123,1,missing_uniprot_affinity_for_target
enzyme,D00691,3182,Diprophylline,hsa:5138,O00408;Q8IW54,1,feature_complete
enzyme,D00691,3182,Diprophylline,hsa:5140,A7E2E5;Q13370,1,feature_complete
enzyme,D00691,3182,Diprophylline,hsa:5141,P27815,1,feature_complete
enzyme,D00691,3182,Diprophylline,hsa:5142,Q07343;X5DNX5,1,feature_complete
enzyme,D00691,3182,Diprophylline,hsa:5143,F6R4I1;O43849;Q08493;Q32MM7,1,feature_complete
enzyme,D00691,3182,Diprophylline,hsa:5144,A0A140VJR0;Q08499,1,feature_complete
enzyme,D00691,3182,Diprophylline,hsa:5147,O43924;Q6IB24,1,feature_complete
enzyme,D00691,3182,Diprophylline,hsa:5148,P18545,1,feature_complete
enzyme,D00691,3182,Diprophylline,hsa:5149,Q13956,1,missing_uniprot_affinity_for_target
enzyme,D00691,3182,Diprophylline,hsa:5151,O60658,1,feature_complete
enzyme,D00691,3182,Diprophylline,hsa:8622,B3KN77;O95263,1,missing_uniprot_affinity_for_target
enzyme,D00703,3284,Ethinamate,hsa:759,P00915;V9HWE3,1,feature_complete
enzyme,D00703,3284,Ethinamate,hsa:760,P00918;V9HW21,1,feature_complete
enzyme,D00709,5284583,Levetiracetam,hsa:759,P00915;V9HWE3,1,feature_complete
enzyme,D00726,4168,Metoclopramide,hsa:22954,Q13049,1,feature_complete
enzyme,D00726,4168,Metoclopramide,hsa:4593,O15146,1,missing_uniprot_affinity_for_target
enzyme,D00733,3025,Dibucaine,hsa:2147,P00734,1,feature_complete
enzyme,D00733,3025,Dibucaine,hsa:590,P06276,1,feature_complete
enzyme,D00749,3899,Leflunomide,hsa:1723,Q02127,1,feature_complete
enzyme,D00752,5281078,Mycophenolate Mofetil,hsa:3614,P20839,1,feature_complete
enzyme,D00752,5281078,Mycophenolate Mofetil,hsa:3615,A0A384N6C2;P12268,1,feature_complete
enzyme,D00753,5497196,Rapamycin (TN),hsa:2280,P62942;Q0VDC6,1,missing_uniprot_affinity_for_target
enzyme,D00762,441350,Metyrosine,hsa:7054,P07101;P78428,1,feature_complete
enzyme,D00771,2733,Chlorzoxazone,hsa:1543,A0N0X8;P04798,1,feature_complete
enzyme,D00771,2733,Chlorzoxazone,hsa:1544,P05177,1,feature_complete
enzyme,D00771,2733,Chlorzoxazone,hsa:1549,P20853,1,missing_uniprot_affinity_for_target
enzyme,D00771,2733,Chlorzoxazone,hsa:1571,P05181,1,feature_complete
enzyme,D00781,5281081,Entacapone,hsa:1312,A0A140VJG8;P21964,1,feature_complete
enzyme,D00785,26758,Selegiline Hydrochloride,hsa:4128,P21397;Q49A63;Q53YE7,1,feature_complete
enzyme,D00785,26758,Selegiline Hydrochloride,hsa:4129,P27338,1,feature_complete
enzyme,D00786,4659569,Tolcapone,hsa:1312,A0A140VJG8;P21964,1,feature_complete
enzyme,D00805,5853,Trichlorfon,hsa:43,P22303,1,feature_complete
enzyme,D00805,5853,Trichlorfon,hsa:590,P06276,1,feature_complete
enzyme,D00810,54686350,Choline Salicylate,hsa:5742,P23219,1,feature_complete
enzyme,D00810,54686350,Choline Salicylate,hsa:5743,P35354,1,feature_complete
enzyme,D00813,84003,Ketorolac Tromethamine,hsa:5742,P23219,1,feature_complete
enzyme,D00813,84003,Ketorolac Tromethamine,hsa:5743,P35354,1,feature_complete
enzyme,D00826,23724784,bis((1R)-2-phenylcyclopropan-1-amine);sulfuric acid,hsa:4128,P21397;Q49A63;Q53YE7,1,missing_ligand_affinity_file
enzyme,D00826,23724784,bis((1R)-2-phenylcyclopropan-1-amine);sulfuric acid,hsa:4129,P27338,1,missing_ligand_affinity_file
enzyme,D00827,5282387,Magnesium salicylate hydrate,hsa:5742,P23219,1,missing_ligand_affinity_file
enzyme,D00827,5282387,Magnesium salicylate hydrate,hsa:5743,P35354,1,missing_ligand_affinity_file
enzyme,D00829,441361,"Ornithine, 2-(difluoromethyl)-, hydrochloride, hydrate (1:1:1)",hsa:4953,P11926,1,missing_ligand_affinity_file
enzyme,D00882,68553,Miconazole Nitrate,hsa:1557,P33261,1,feature_complete
enzyme,D00882,68553,Miconazole Nitrate,hsa:1559,P11712,1,feature_complete
enzyme,D00884,72734318,Natacyn (TN),hsa:28,,1,missing_kegg_target_to_uniprot
enzyme,D00885,9556529,Oxiconazole Nitrate,hsa:28,,1,missing_kegg_target_to_uniprot
enzyme,D00887,60822,Atorvastatin Calcium,hsa:3156,P04035,1,missing_ligand_affinity_file
enzyme,D00889,23663992,Cerivastatin Sodium,hsa:3156,P04035,1,feature_complete
enzyme,D00892,23679527,Fluvastatin Sodium,hsa:3156,P04035,1,feature_complete
enzyme,D00893,16759173,Pravastatin Sodium,hsa:3156,P04035,1,feature_complete
enzyme,D00900,78000,Tamiflu,hsa:10825,Q9UQ49,1,missing_uniprot_affinity_for_target
enzyme,D00900,78000,Tamiflu,hsa:129807,B3KR54;Q8WWR8,1,missing_uniprot_affinity_for_target
enzyme,D00900,78000,Tamiflu,hsa:4758,Q5JQI0;Q99519,1,missing_uniprot_affinity_for_target
enzyme,D00900,78000,Tamiflu,hsa:4759,Q9Y3R4,1,feature_complete
enzyme,D00902,60855,Zanamivir,hsa:10825,Q9UQ49,1,missing_uniprot_affinity_for_target
enzyme,D00902,60855,Zanamivir,hsa:129807,B3KR54;Q8WWR8,1,missing_uniprot_affinity_for_target
enzyme,D00902,60855,Zanamivir,hsa:4758,Q5JQI0;Q99519,1,missing_uniprot_affinity_for_target
enzyme,D00902,60855,Zanamivir,hsa:4759,Q9Y3R4,1,feature_complete
enzyme,D00903,23667642,Diclofenac Potassium,hsa:5742,P23219,1,missing_ligand_affinity_file
enzyme,D00903,23667642,Diclofenac Potassium,hsa:5743,P35354,1,missing_ligand_affinity_file
enzyme,D00904,5018304,Diclofenac sodium,hsa:5742,P23219,1,missing_ligand_affinity_file
enzyme,D00904,5018304,Diclofenac sodium,hsa:5743,P35354,1,missing_ligand_affinity_file
enzyme,D00947,441401,Linezolid,hsa:4128,P21397;Q49A63;Q53YE7,1,feature_complete
enzyme,D00960,2187,Anastrozole,hsa:1543,A0N0X8;P04798,1,feature_complete
enzyme,D00960,2187,Anastrozole,hsa:1544,P05177,1,feature_complete
enzyme,D00960,2187,Anastrozole,hsa:1545,Q16678;Q53TK1,1,feature_complete
enzyme,D00960,2187,Anastrozole,hsa:1548,P11509,1,feature_complete
enzyme,D00960,2187,Anastrozole,hsa:1549,P20853,1,missing_uniprot_affinity_for_target
enzyme,D00960,2187,Anastrozole,hsa:1551,P24462,1,feature_complete
enzyme,D00960,2187,Anastrozole,hsa:1553,Q16696,1,feature_complete
enzyme,D00960,2187,Anastrozole,hsa:1555,P20813,1,feature_complete
enzyme,D00960,2187,Anastrozole,hsa:1557,P33261,1,feature_complete
enzyme,D00960,2187,Anastrozole,hsa:1558,P10632,1,feature_complete
enzyme,D00960,2187,Anastrozole,hsa:1559,P11712,1,feature_complete
enzyme,D00960,2187,Anastrozole,hsa:1562,P33260;Q7Z348,1,feature_complete
enzyme,D00960,2187,Anastrozole,hsa:1565,C1ID52;P10635;Q5Y7H2,1,feature_complete
enzyme,D00960,2187,Anastrozole,hsa:1571,P05181,1,feature_complete
enzyme,D00960,2187,Anastrozole,hsa:1572,P24903,1,missing_uniprot_affinity_for_target
enzyme,D00960,2187,Anastrozole,hsa:1573,P51589,1,missing_uniprot_affinity_for_target
enzyme,D00960,2187,Anastrozole,hsa:1576,P08684;Q6GRK0,1,feature_complete
enzyme,D00960,2187,Anastrozole,hsa:1577,P20815,1,feature_complete
enzyme,D00960,2187,Anastrozole,hsa:1580,P13584,1,missing_uniprot_affinity_for_target
enzyme,D00960,2187,Anastrozole,hsa:1588,P11511;Q8IYG4;Q8TCA4,1,feature_complete
enzyme,D00960,2187,Anastrozole,hsa:199974,Q86W10,1,missing_uniprot_affinity_for_target
enzyme,D00960,2187,Anastrozole,hsa:260293,Q8N118,1,missing_uniprot_affinity_for_target
enzyme,D00960,2187,Anastrozole,hsa:29785,Q96SQ9,1,missing_uniprot_affinity_for_target
enzyme,D00960,2187,Anastrozole,hsa:64816,Q9HB55,1,missing_uniprot_affinity_for_target
enzyme,D00963,60198,Exemestane,hsa:1588,P11511;Q8IYG4;Q8TCA4,1,feature_complete
enzyme,D00964,3902,Letrozole,hsa:1543,A0N0X8;P04798,1,feature_complete
enzyme,D00964,3902,Letrozole,hsa:1544,P05177,1,feature_complete
enzyme,D00964,3902,Letrozole,hsa:1545,Q16678;Q53TK1,1,feature_complete
enzyme,D00964,3902,Letrozole,hsa:1548,P11509,1,feature_complete
enzyme,D00964,3902,Letrozole,hsa:1549,P20853,1,missing_uniprot_affinity_for_target
enzyme,D00964,3902,Letrozole,hsa:1551,P24462,1,feature_complete
enzyme,D00964,3902,Letrozole,hsa:1553,Q16696,1,feature_complete
enzyme,D00964,3902,Letrozole,hsa:1555,P20813,1,feature_complete
enzyme,D00964,3902,Letrozole,hsa:1557,P33261,1,feature_complete
enzyme,D00964,3902,Letrozole,hsa:1558,P10632,1,feature_complete
enzyme,D00964,3902,Letrozole,hsa:1559,P11712,1,feature_complete
enzyme,D00964,3902,Letrozole,hsa:1562,P33260;Q7Z348,1,feature_complete
enzyme,D00964,3902,Letrozole,hsa:1565,C1ID52;P10635;Q5Y7H2,1,feature_complete
enzyme,D00964,3902,Letrozole,hsa:1571,P05181,1,feature_complete
enzyme,D00964,3902,Letrozole,hsa:1572,P24903,1,missing_uniprot_affinity_for_target
enzyme,D00964,3902,Letrozole,hsa:1573,P51589,1,missing_uniprot_affinity_for_target
enzyme,D00964,3902,Letrozole,hsa:1576,P08684;Q6GRK0,1,feature_complete
enzyme,D00964,3902,Letrozole,hsa:1577,P20815,1,feature_complete
enzyme,D00964,3902,Letrozole,hsa:1580,P13584,1,missing_uniprot_affinity_for_target
enzyme,D00964,3902,Letrozole,hsa:1588,P11511;Q8IYG4;Q8TCA4,1,feature_complete
enzyme,D00964,3902,Letrozole,hsa:199974,Q86W10,1,missing_uniprot_affinity_for_target
enzyme,D00964,3902,Letrozole,hsa:260293,Q8N118,1,missing_uniprot_affinity_for_target
enzyme,D00964,3902,Letrozole,hsa:29785,Q96SQ9,1,missing_uniprot_affinity_for_target
enzyme,D00964,3902,Letrozole,hsa:64816,Q9HB55,1,missing_uniprot_affinity_for_target
enzyme,D00965,4493,Nilutamide,hsa:5447,P16435,1,feature_complete
enzyme,D00968,64747,Fenoprofen Calcium,hsa:5742,P23219,1,missing_ligand_affinity_file
enzyme,D00968,64747,Fenoprofen Calcium,hsa:5743,P35354,1,missing_ligand_affinity_file
enzyme,D00969,54677470,Meloxicam,hsa:5742,P23219,1,feature_complete
enzyme,D00969,54677470,Meloxicam,hsa:5743,P35354,1,feature_complete
enzyme,D00970,23681059,Naproxen Sodium,hsa:5742,P23219,1,feature_complete
enzyme,D00970,23681059,Naproxen Sodium,hsa:5743,P35354,1,feature_complete
enzyme,D00994,8307,Edrophonium Chloride,hsa:43,P22303,1,feature_complete
enzyme,D00995,8246,Neostigmine Bromide,hsa:43,P22303,1,missing_ligand_affinity_file
enzyme,D00998,5824,Neostigmine Methylsulfate,hsa:43,P22303,1,missing_ligand_affinity_file
enzyme,D01001,8288,Ambenonium Chloride,hsa:43,P22303,1,feature_complete
enzyme,D01027,11953898,"Cobalt;[(2R,3S,4R,5S)-5-(5,6-dimethylbenzimidazol-1-yl)-4-hydroxy-2-(hydroxymethyl)oxolan-3-yl] [(2S)-1-[3-[(2R,3R,4Z,7S,9Z,12S,13S,14Z,17S,18S,19R)-2,13,18-tris(2-amino-2-oxoethyl)-7,12,17-tris(3-amino-3-oxopropyl)-3,5,8,8,13,15,18,19-octamethyl-2,7,12,17-tetrahydro-1H-corrin-21-id-3-yl]propanoylamino]propan-2-yl] phosphate;hydrate",hsa:326625,Q96EY8,1,missing_ligand_affinity_file
enzyme,D01027,11953898,"Cobalt;[(2R,3S,4R,5S)-5-(5,6-dimethylbenzimidazol-1-yl)-4-hydroxy-2-(hydroxymethyl)oxolan-3-yl] [(2S)-1-[3-[(2R,3R,4Z,7S,9Z,12S,13S,14Z,17S,18S,19R)-2,13,18-tris(2-amino-2-oxoethyl)-7,12,17-tris(3-amino-3-oxopropyl)-3,5,8,8,13,15,18,19-octamethyl-2,7,12,17-tetrahydro-1H-corrin-21-id-3-yl]propanoylamino]propan-2-yl] phosphate;hydrate",hsa:4548,Q99707,1,missing_ligand_affinity_file
enzyme,D01027,11953898,"Cobalt;[(2R,3S,4R,5S)-5-(5,6-dimethylbenzimidazol-1-yl)-4-hydroxy-2-(hydroxymethyl)oxolan-3-yl] [(2S)-1-[3-[(2R,3R,4Z,7S,9Z,12S,13S,14Z,17S,18S,19R)-2,13,18-tris(2-amino-2-oxoethyl)-7,12,17-tris(3-amino-3-oxopropyl)-3,5,8,8,13,15,18,19-octamethyl-2,7,12,17-tetrahydro-1H-corrin-21-id-3-yl]propanoylamino]propan-2-yl] phosphate;hydrate",hsa:4552,Q9UBK8,1,missing_ligand_affinity_file
enzyme,D01027,11953898,"Cobalt;[(2R,3S,4R,5S)-5-(5,6-dimethylbenzimidazol-1-yl)-4-hydroxy-2-(hydroxymethyl)oxolan-3-yl] [(2S)-1-[3-[(2R,3R,4Z,7S,9Z,12S,13S,14Z,17S,18S,19R)-2,13,18-tris(2-amino-2-oxoethyl)-7,12,17-tris(3-amino-3-oxopropyl)-3,5,8,8,13,15,18,19-octamethyl-2,7,12,17-tetrahydro-1H-corrin-21-id-3-yl]propanoylamino]propan-2-yl] phosphate;hydrate",hsa:4594,A0A024RD82;B2R6K1;P22033,1,missing_ligand_affinity_file
enzyme,D01061,60837,Camptosar,hsa:116447,E5KMK7;Q969P6,1,missing_ligand_affinity_file
enzyme,D01061,60837,Camptosar,hsa:7150,P11387;Q9BVT2,1,missing_ligand_affinity_file
enzyme,D01061,60837,Camptosar,hsa:7156,Q13472,1,missing_ligand_affinity_file
enzyme,D01061,60837,Camptosar,hsa:8940,O95985,1,missing_ligand_affinity_file
enzyme,D01064,135400182,Raltitrexed,hsa:7298,P04818;Q53Y97,1,feature_complete
enzyme,D01069,56329,Cilazapril Monohydrate,hsa:1636,B4DKH4;P12821,1,missing_ligand_affinity_file
enzyme,D01071,3608,Hexobarbital,hsa:10858,Q9Y6A2,1,feature_complete
enzyme,D01071,3608,Hexobarbital,hsa:1543,A0N0X8;P04798,1,feature_complete
enzyme,D01071,3608,Hexobarbital,hsa:1544,P05177,1,feature_complete
enzyme,D01071,3608,Hexobarbital,hsa:1545,Q16678;Q53TK1,1,feature_complete
enzyme,D01071,3608,Hexobarbital,hsa:1548,P11509,1,feature_complete
enzyme,D01071,3608,Hexobarbital,hsa:1549,P20853,1,missing_uniprot_affinity_for_target
enzyme,D01071,3608,Hexobarbital,hsa:1551,P24462,1,feature_complete
enzyme,D01071,3608,Hexobarbital,hsa:1553,Q16696,1,feature_complete
enzyme,D01071,3608,Hexobarbital,hsa:1555,P20813,1,feature_complete
enzyme,D01071,3608,Hexobarbital,hsa:1557,P33261,1,feature_complete
enzyme,D01071,3608,Hexobarbital,hsa:1558,P10632,1,feature_complete
enzyme,D01071,3608,Hexobarbital,hsa:1559,P11712,1,feature_complete
enzyme,D01071,3608,Hexobarbital,hsa:1562,P33260;Q7Z348,1,feature_complete
enzyme,D01071,3608,Hexobarbital,hsa:1565,C1ID52;P10635;Q5Y7H2,1,feature_complete
enzyme,D01071,3608,Hexobarbital,hsa:1571,P05181,1,feature_complete
enzyme,D01071,3608,Hexobarbital,hsa:1572,P24903,1,missing_uniprot_affinity_for_target
enzyme,D01071,3608,Hexobarbital,hsa:1573,P51589,1,missing_uniprot_affinity_for_target
enzyme,D01071,3608,Hexobarbital,hsa:1576,P08684;Q6GRK0,1,feature_complete
enzyme,D01071,3608,Hexobarbital,hsa:1577,P20815,1,feature_complete
enzyme,D01071,3608,Hexobarbital,hsa:1579,Q02928,1,missing_uniprot_affinity_for_target
enzyme,D01071,3608,Hexobarbital,hsa:1580,P13584,1,missing_uniprot_affinity_for_target
enzyme,D01071,3608,Hexobarbital,hsa:1581,P22680,1,feature_complete
enzyme,D01071,3608,Hexobarbital,hsa:1582,Q9UNU6,1,feature_complete
enzyme,D01071,3608,Hexobarbital,hsa:1583,A0A0S2Z3R3;P05108,1,feature_complete
enzyme,D01071,3608,Hexobarbital,hsa:1584,P15538;Q8TDD0,1,feature_complete
enzyme,D01071,3608,Hexobarbital,hsa:1585,P19099,1,feature_complete
enzyme,D01071,3608,Hexobarbital,hsa:1586,P05093;Q1HB44,1,feature_complete
enzyme,D01071,3608,Hexobarbital,hsa:1588,P11511;Q8IYG4;Q8TCA4,1,feature_complete
enzyme,D01071,3608,Hexobarbital,hsa:1589,P08686;Q08AG9,1,feature_complete
enzyme,D01071,3608,Hexobarbital,hsa:1593,Q02318,1,missing_uniprot_affinity_for_target
enzyme,D01071,3608,Hexobarbital,hsa:1594,O15528,1,missing_uniprot_affinity_for_target
enzyme,D01071,3608,Hexobarbital,hsa:1595,Q16850,1,feature_complete
enzyme,D01071,3608,Hexobarbital,hsa:199974,Q86W10,1,missing_uniprot_affinity_for_target
enzyme,D01071,3608,Hexobarbital,hsa:260293,Q8N118,1,missing_uniprot_affinity_for_target
enzyme,D01071,3608,Hexobarbital,hsa:284541,Q5TCH4,1,missing_uniprot_affinity_for_target
enzyme,D01071,3608,Hexobarbital,hsa:29785,Q96SQ9,1,missing_uniprot_affinity_for_target
enzyme,D01071,3608,Hexobarbital,hsa:4051,Q08477,1,missing_uniprot_affinity_for_target
enzyme,D01071,3608,Hexobarbital,hsa:51004,Q9Y2Z9,1,missing_uniprot_affinity_for_target
enzyme,D01071,3608,Hexobarbital,hsa:51302,Q9NYL5,1,missing_uniprot_affinity_for_target
enzyme,D01071,3608,Hexobarbital,hsa:5740,Q16647,1,feature_complete
enzyme,D01071,3608,Hexobarbital,hsa:64816,Q9HB55,1,missing_uniprot_affinity_for_target
enzyme,D01071,3608,Hexobarbital,hsa:8529,P78329,1,missing_uniprot_affinity_for_target
enzyme,D01071,3608,Hexobarbital,hsa:9023,O95992,1,missing_uniprot_affinity_for_target
enzyme,D01071,3608,Hexobarbital,hsa:9420,O75881;Q05C57,1,missing_uniprot_affinity_for_target
enzyme,D01097,163727,Lazabemide Hydrochloride,hsa:4128,P21397;Q49A63;Q53YE7,1,feature_complete
enzyme,D01097,163727,Lazabemide Hydrochloride,hsa:4129,P27338,1,feature_complete
enzyme,D01118,122824,Ethopropazine Hydrochloride,hsa:590,P06276,1,feature_complete
enzyme,D01119,443873,Temocapril Hydrochloride,hsa:1636,B4DKH4;P12821,1,feature_complete
enzyme,D01122,3673,Ibuprofen Piconol,hsa:5742,P23219,1,feature_complete
enzyme,D01122,3673,Ibuprofen Piconol,hsa:5743,P35354,1,feature_complete
enzyme,D01133,4823,Pimobendan,hsa:10846,Q9Y233,1,feature_complete
enzyme,D01133,4823,Pimobendan,hsa:27115,Q9NP56,1,missing_uniprot_affinity_for_target
enzyme,D01133,4823,Pimobendan,hsa:50940,Q9HCR9,1,missing_uniprot_affinity_for_target
enzyme,D01133,4823,Pimobendan,hsa:5136,P54750,1,missing_uniprot_affinity_for_target
enzyme,D01133,4823,Pimobendan,hsa:5137,Q14123,1,missing_uniprot_affinity_for_target
enzyme,D01133,4823,Pimobendan,hsa:5138,O00408;Q8IW54,1,feature_complete
enzyme,D01133,4823,Pimobendan,hsa:5140,A7E2E5;Q13370,1,feature_complete
enzyme,D01133,4823,Pimobendan,hsa:5141,P27815,1,feature_complete
enzyme,D01133,4823,Pimobendan,hsa:5142,Q07343;X5DNX5,1,feature_complete
enzyme,D01133,4823,Pimobendan,hsa:5143,F6R4I1;O43849;Q08493;Q32MM7,1,feature_complete
enzyme,D01133,4823,Pimobendan,hsa:5144,A0A140VJR0;Q08499,1,feature_complete
enzyme,D01133,4823,Pimobendan,hsa:5147,O43924;Q6IB24,1,feature_complete
enzyme,D01133,4823,Pimobendan,hsa:5148,P18545,1,feature_complete
enzyme,D01133,4823,Pimobendan,hsa:5149,Q13956,1,missing_uniprot_affinity_for_target
enzyme,D01133,4823,Pimobendan,hsa:5150,Q13946,1,feature_complete
enzyme,D01133,4823,Pimobendan,hsa:5151,O60658,1,feature_complete
enzyme,D01133,4823,Pimobendan,hsa:5152,A0A0S2Z4T6;O76083,1,feature_complete
enzyme,D01133,4823,Pimobendan,hsa:8622,B3KN77;O95263,1,missing_uniprot_affinity_for_target
enzyme,D01133,4823,Pimobendan,hsa:8654,O76074,1,feature_complete
enzyme,D01136,5526,4-(Aminomethyl)cyclohexanecarboxylic acid,hsa:5328,P00749,1,feature_complete
enzyme,D01136,5526,4-(Aminomethyl)cyclohexanecarboxylic acid,hsa:5340,P00747,1,feature_complete
enzyme,D01164,60795,Aripiprazole,hsa:1565,C1ID52;P10635;Q5Y7H2,1,feature_complete
enzyme,D01180,656583,Trilostane,hsa:3283,P14060,1,missing_uniprot_affinity_for_target
enzyme,D01183,610479,Tolfenamic Acid,hsa:5742,P23219,1,feature_complete
enzyme,D01183,610479,Tolfenamic Acid,hsa:5743,P35354,1,feature_complete
enzyme,D01196,13290219,Acetazolamide Sodium,hsa:11238,Q9Y2D0,1,missing_uniprot_affinity_for_target
enzyme,D01196,13290219,Acetazolamide Sodium,hsa:23632,A8K3J4;Q9ULX7,1,feature_complete
enzyme,D01196,13290219,Acetazolamide Sodium,hsa:377677,Q8N1Q1,1,feature_complete
enzyme,D01196,13290219,Acetazolamide Sodium,hsa:759,P00915;V9HWE3,1,feature_complete
enzyme,D01196,13290219,Acetazolamide Sodium,hsa:760,P00918;V9HW21,1,feature_complete
enzyme,D01196,13290219,Acetazolamide Sodium,hsa:761,P07451;V9HWA3,1,feature_complete
enzyme,D01196,13290219,Acetazolamide Sodium,hsa:762,P22748,1,feature_complete
enzyme,D01196,13290219,Acetazolamide Sodium,hsa:763,P35218,1,missing_uniprot_affinity_for_target
enzyme,D01196,13290219,Acetazolamide Sodium,hsa:765,B4DUH8;P23280,1,feature_complete
enzyme,D01196,13290219,Acetazolamide Sodium,hsa:766,P43166,1,feature_complete
enzyme,D01196,13290219,Acetazolamide Sodium,hsa:767,P35219,1,feature_complete
enzyme,D01196,13290219,Acetazolamide Sodium,hsa:768,A0A0S2Z3D0;Q16790,1,feature_complete
enzyme,D01196,13290219,Acetazolamide Sodium,hsa:771,O43570,1,feature_complete
enzyme,D01198,60790,Toborinone,hsa:10846,Q9Y233,1,feature_complete
enzyme,D01198,60790,Toborinone,hsa:27115,Q9NP56,1,missing_uniprot_affinity_for_target
enzyme,D01198,60790,Toborinone,hsa:50940,Q9HCR9,1,missing_uniprot_affinity_for_target
enzyme,D01198,60790,Toborinone,hsa:5136,P54750,1,missing_uniprot_affinity_for_target
enzyme,D01198,60790,Toborinone,hsa:5137,Q14123,1,missing_uniprot_affinity_for_target
enzyme,D01198,60790,Toborinone,hsa:5138,O00408;Q8IW54,1,feature_complete
enzyme,D01198,60790,Toborinone,hsa:5140,A7E2E5;Q13370,1,feature_complete
enzyme,D01198,60790,Toborinone,hsa:5141,P27815,1,feature_complete
enzyme,D01198,60790,Toborinone,hsa:5142,Q07343;X5DNX5,1,feature_complete
enzyme,D01198,60790,Toborinone,hsa:5143,F6R4I1;O43849;Q08493;Q32MM7,1,feature_complete
enzyme,D01198,60790,Toborinone,hsa:5144,A0A140VJR0;Q08499,1,feature_complete
enzyme,D01198,60790,Toborinone,hsa:5147,O43924;Q6IB24,1,feature_complete
enzyme,D01198,60790,Toborinone,hsa:5148,P18545,1,feature_complete
enzyme,D01198,60790,Toborinone,hsa:5149,Q13956,1,missing_uniprot_affinity_for_target
enzyme,D01198,60790,Toborinone,hsa:5150,Q13946,1,feature_complete
enzyme,D01198,60790,Toborinone,hsa:5151,O60658,1,feature_complete
enzyme,D01198,60790,Toborinone,hsa:5152,A0A0S2Z4T6;O76083,1,feature_complete
enzyme,D01198,60790,Toborinone,hsa:8622,B3KN77;O95263,1,missing_uniprot_affinity_for_target
enzyme,D01198,60790,Toborinone,hsa:8654,O76074,1,feature_complete
enzyme,D01211,9051,Dydrogesterone,hsa:7298,P04818;Q53Y97,1,feature_complete
enzyme,D01223,185462,Bosentan Monohydrate,hsa:1056,B4DSX9;O75612;P19835;Q86SR3,1,feature_complete
enzyme,D01223,185462,Bosentan Monohydrate,hsa:11343,Q99685,1,feature_complete
enzyme,D01223,185462,Bosentan Monohydrate,hsa:1178,Q05315,1,feature_complete
enzyme,D01223,185462,Bosentan Monohydrate,hsa:13,P22760,1,missing_uniprot_affinity_for_target
enzyme,D01223,185462,Bosentan Monohydrate,hsa:1890,B2RBL3;E5KRG5;P19971,1,feature_complete
enzyme,D01223,185462,Bosentan Monohydrate,hsa:2098,A0A140VJJ2;P10768,1,feature_complete
enzyme,D01223,185462,Bosentan Monohydrate,hsa:25796,A0A0K0K1K7;O95336,1,missing_uniprot_affinity_for_target
enzyme,D01223,185462,Bosentan Monohydrate,hsa:26279,Q9UNK4,1,missing_uniprot_affinity_for_target
enzyme,D01223,185462,Bosentan Monohydrate,hsa:30814,Q9NZK7,1,feature_complete
enzyme,D01223,185462,Bosentan Monohydrate,hsa:313,P28039,1,feature_complete
enzyme,D01223,185462,Bosentan Monohydrate,hsa:3990,A6H8L5;P11150,1,missing_uniprot_affinity_for_target
enzyme,D01223,185462,Bosentan Monohydrate,hsa:3991,A8K8W7;Q05469,1,missing_uniprot_affinity_for_target
enzyme,D01223,185462,Bosentan Monohydrate,hsa:4023,P06858,1,feature_complete
enzyme,D01223,185462,Bosentan Monohydrate,hsa:43,P22303,1,feature_complete
enzyme,D01223,185462,Bosentan Monohydrate,hsa:50487,Q9NZ20,1,missing_uniprot_affinity_for_target
enzyme,D01223,185462,Bosentan Monohydrate,hsa:5049,P68402;V9HW44,1,feature_complete
enzyme,D01223,185462,Bosentan Monohydrate,hsa:5050,A0A024R0L6;Q15102,1,missing_uniprot_affinity_for_target
enzyme,D01223,185462,Bosentan Monohydrate,hsa:5051,Q99487,1,missing_uniprot_affinity_for_target
enzyme,D01223,185462,Bosentan Monohydrate,hsa:51365,Q53H76,1,missing_uniprot_affinity_for_target
enzyme,D01223,185462,Bosentan Monohydrate,hsa:5319,P04054,1,feature_complete
enzyme,D01223,185462,Bosentan Monohydrate,hsa:5320,P14555,1,feature_complete
enzyme,D01223,185462,Bosentan Monohydrate,hsa:5321,P47712,1,feature_complete
enzyme,D01223,185462,Bosentan Monohydrate,hsa:5322,P39877,1,missing_uniprot_affinity_for_target
enzyme,D01223,185462,Bosentan Monohydrate,hsa:5406,P16233,1,feature_complete
enzyme,D01223,185462,Bosentan Monohydrate,hsa:5407,P54315,1,feature_complete
enzyme,D01223,185462,Bosentan Monohydrate,hsa:5408,A0AAG2UV77;P54317,1,feature_complete
enzyme,D01223,185462,Bosentan Monohydrate,hsa:590,P06276,1,feature_complete
enzyme,D01223,185462,Bosentan Monohydrate,hsa:64600,Q9BZM2,1,missing_uniprot_affinity_for_target
enzyme,D01223,185462,Bosentan Monohydrate,hsa:670,F6VCN3;Q49AI2;Q86WA6,1,feature_complete
enzyme,D01223,185462,Bosentan Monohydrate,hsa:7298,P04818;Q53Y97,1,feature_complete
enzyme,D01223,185462,Bosentan Monohydrate,hsa:80339,Q9NST1,1,missing_uniprot_affinity_for_target
enzyme,D01223,185462,Bosentan Monohydrate,hsa:81579,Q542Y6;Q9BZM1,1,missing_uniprot_affinity_for_target
enzyme,D01223,185462,Bosentan Monohydrate,hsa:8398,O60733,1,missing_uniprot_affinity_for_target
enzyme,D01223,185462,Bosentan Monohydrate,hsa:8399,O15496,1,feature_complete
enzyme,D01223,185462,Bosentan Monohydrate,hsa:8513,P07098,1,feature_complete
enzyme,D01223,185462,Bosentan Monohydrate,hsa:9388,Q9Y5X9,1,missing_uniprot_affinity_for_target
enzyme,D01223,185462,Bosentan Monohydrate,hsa:9563,O95479,1,missing_uniprot_affinity_for_target
enzyme,D01228,216322,Conivaptan Hydrochloride,hsa:43,P22303,1,feature_complete
enzyme,D01240,63030,Promethazine Teoclate,hsa:476,P05023,1,missing_uniprot_affinity_for_target
enzyme,D01256,62770,Daunorubicin Hydrochloride,hsa:759,P00915;V9HWE3,1,feature_complete
enzyme,D01256,62770,Daunorubicin Hydrochloride,hsa:760,P00918;V9HW21,1,feature_complete
enzyme,D01256,62770,Daunorubicin Hydrochloride,hsa:762,P22748,1,feature_complete
enzyme,D01264,216457,Solifenacin Succinate,hsa:7153,P11388,1,feature_complete
enzyme,D01264,216457,Solifenacin Succinate,hsa:7155,Q02880,1,feature_complete
enzyme,D01275,158550,Atazanavir Sulfate,hsa:7153,P11388,1,missing_uniprot_affinity_for_target
enzyme,D01275,158550,Atazanavir Sulfate,hsa:7155,Q02880,1,missing_uniprot_affinity_for_target
enzyme,D01276,117965,"2-Piperidinecarboxamide, 1-butyl-N-(2,6-dimethylphenyl)-, hydrochloride (1:1), (2S)-",hsa:10720,O75310,1,missing_ligand_affinity_file
enzyme,D01276,117965,"2-Piperidinecarboxamide, 1-butyl-N-(2,6-dimethylphenyl)-, hydrochloride (1:1), (2S)-",hsa:10941,P0DTE4,1,missing_ligand_affinity_file
enzyme,D01276,117965,"2-Piperidinecarboxamide, 1-butyl-N-(2,6-dimethylphenyl)-, hydrochloride (1:1), (2S)-",hsa:54490,Q9BY64,1,missing_ligand_affinity_file
enzyme,D01276,117965,"2-Piperidinecarboxamide, 1-butyl-N-(2,6-dimethylphenyl)-, hydrochloride (1:1), (2S)-",hsa:54575,Q5DT02;Q9HAW8,1,missing_ligand_affinity_file
enzyme,D01276,117965,"2-Piperidinecarboxamide, 1-butyl-N-(2,6-dimethylphenyl)-, hydrochloride (1:1), (2S)-",hsa:54576,Q5DSZ6;Q9HAW9,1,missing_ligand_affinity_file
enzyme,D01276,117965,"2-Piperidinecarboxamide, 1-butyl-N-(2,6-dimethylphenyl)-, hydrochloride (1:1), (2S)-",hsa:54577,Q5DSZ7;Q9HAW7,1,missing_ligand_affinity_file
enzyme,D01276,117965,"2-Piperidinecarboxamide, 1-butyl-N-(2,6-dimethylphenyl)-, hydrochloride (1:1), (2S)-",hsa:54578,P19224;Q5DSZ8,1,missing_ligand_affinity_file
enzyme,D01276,117965,"2-Piperidinecarboxamide, 1-butyl-N-(2,6-dimethylphenyl)-, hydrochloride (1:1), (2S)-",hsa:54579,P35504;Q5DSZ9,1,missing_ligand_affinity_file
enzyme,D01276,117965,"2-Piperidinecarboxamide, 1-butyl-N-(2,6-dimethylphenyl)-, hydrochloride (1:1), (2S)-",hsa:54600,O60656;Q5DSZ5,1,missing_ligand_affinity_file
enzyme,D01276,117965,"2-Piperidinecarboxamide, 1-butyl-N-(2,6-dimethylphenyl)-, hydrochloride (1:1), (2S)-",hsa:54657,P22310,1,missing_ligand_affinity_file
enzyme,D01276,117965,"2-Piperidinecarboxamide, 1-butyl-N-(2,6-dimethylphenyl)-, hydrochloride (1:1), (2S)-",hsa:54658,P22309;Q5DT03,1,missing_ligand_affinity_file
enzyme,D01276,117965,"2-Piperidinecarboxamide, 1-butyl-N-(2,6-dimethylphenyl)-, hydrochloride (1:1), (2S)-",hsa:54659,P35503;Q5DT01,1,missing_ligand_affinity_file
enzyme,D01276,117965,"2-Piperidinecarboxamide, 1-butyl-N-(2,6-dimethylphenyl)-, hydrochloride (1:1), (2S)-",hsa:7363,P06133,1,missing_ligand_affinity_file
enzyme,D01276,117965,"2-Piperidinecarboxamide, 1-butyl-N-(2,6-dimethylphenyl)-, hydrochloride (1:1), (2S)-",hsa:7364,P16662,1,missing_ligand_affinity_file
enzyme,D01276,117965,"2-Piperidinecarboxamide, 1-butyl-N-(2,6-dimethylphenyl)-, hydrochloride (1:1), (2S)-",hsa:7365,P36537,1,missing_ligand_affinity_file
enzyme,D01276,117965,"2-Piperidinecarboxamide, 1-butyl-N-(2,6-dimethylphenyl)-, hydrochloride (1:1), (2S)-",hsa:7366,P54855,1,missing_ligand_affinity_file
enzyme,D01276,117965,"2-Piperidinecarboxamide, 1-butyl-N-(2,6-dimethylphenyl)-, hydrochloride (1:1), (2S)-",hsa:7367,O75795,1,missing_ligand_affinity_file
enzyme,D01276,117965,"2-Piperidinecarboxamide, 1-butyl-N-(2,6-dimethylphenyl)-, hydrochloride (1:1), (2S)-",hsa:79799,Q6UWM9,1,missing_ligand_affinity_file
enzyme,D01325,5282408,Ketotifen Fumarate,hsa:5742,P23219,1,feature_complete
enzyme,D01325,5282408,Ketotifen Fumarate,hsa:5743,P35354,1,feature_complete
enzyme,D01332,2329,4-((2-(Benzoylamino)-3-(4-hydroxyphenyl)-1-oxopropyl)amino)benzoic acid,hsa:239,P18054,1,feature_complete
enzyme,D01332,2329,4-((2-(Benzoylamino)-3-(4-hydroxyphenyl)-1-oxopropyl)amino)benzoic acid,hsa:240,P09917,1,feature_complete
enzyme,D01332,2329,4-((2-(Benzoylamino)-3-(4-hydroxyphenyl)-1-oxopropyl)amino)benzoic acid,hsa:242,O75342,1,missing_uniprot_affinity_for_target
enzyme,D01332,2329,4-((2-(Benzoylamino)-3-(4-hydroxyphenyl)-1-oxopropyl)amino)benzoic acid,hsa:246,P16050,1,missing_uniprot_affinity_for_target
enzyme,D01332,2329,4-((2-(Benzoylamino)-3-(4-hydroxyphenyl)-1-oxopropyl)amino)benzoic acid,hsa:247,O15296,1,feature_complete
enzyme,D01332,2329,4-((2-(Benzoylamino)-3-(4-hydroxyphenyl)-1-oxopropyl)amino)benzoic acid,hsa:27115,Q9NP56,1,missing_uniprot_affinity_for_target
enzyme,D01332,2329,4-((2-(Benzoylamino)-3-(4-hydroxyphenyl)-1-oxopropyl)amino)benzoic acid,hsa:4048,A0A140VK27;P09960,1,feature_complete
enzyme,D01332,2329,4-((2-(Benzoylamino)-3-(4-hydroxyphenyl)-1-oxopropyl)amino)benzoic acid,hsa:5150,Q13946,1,feature_complete
enzyme,D01346,19648,Streptomycin Sulfate,hsa:11330,Q99895,1,missing_ligand_affinity_file
enzyme,D01346,19648,Streptomycin Sulfate,hsa:1504,P17538,1,missing_ligand_affinity_file
enzyme,D01346,19648,Streptomycin Sulfate,hsa:279,P04746;Q53F26,1,missing_ligand_affinity_file
enzyme,D01346,19648,Streptomycin Sulfate,hsa:5406,P16233,1,missing_ligand_affinity_file
enzyme,D01364,9878,Fluorometholone,hsa:246,P16050,1,missing_uniprot_affinity_for_target
enzyme,D01364,9878,Fluorometholone,hsa:5742,P23219,1,feature_complete
enzyme,D01364,9878,Fluorometholone,hsa:5743,P35354,1,feature_complete
enzyme,D01367,20279,Cladribine,hsa:5321,P47712,1,feature_complete
enzyme,D01370,65326,Ephedrine Hydrochloride,hsa:4860,P00491;V9HWH6,1,feature_complete
enzyme,D01397,92727,Lopinavir,hsa:5742,P23219,1,feature_complete
enzyme,D01397,92727,Lopinavir,hsa:5743,P35354,1,feature_complete
enzyme,D01425,151114,Exatecan Mesylate,hsa:1543,A0N0X8;P04798,1,feature_complete
enzyme,D01425,151114,Exatecan Mesylate,hsa:1544,P05177,1,feature_complete
enzyme,D01425,151114,Exatecan Mesylate,hsa:1545,Q16678;Q53TK1,1,feature_complete
enzyme,D01425,151114,Exatecan Mesylate,hsa:1548,P11509,1,missing_uniprot_affinity_for_target
enzyme,D01425,151114,Exatecan Mesylate,hsa:1549,P20853,1,missing_uniprot_affinity_for_target
enzyme,D01425,151114,Exatecan Mesylate,hsa:1551,P24462,1,feature_complete
enzyme,D01425,151114,Exatecan Mesylate,hsa:1553,Q16696,1,feature_complete
enzyme,D01425,151114,Exatecan Mesylate,hsa:1555,P20813,1,feature_complete
enzyme,D01425,151114,Exatecan Mesylate,hsa:1557,P33261,1,feature_complete
enzyme,D01425,151114,Exatecan Mesylate,hsa:1558,P10632,1,feature_complete
enzyme,D01425,151114,Exatecan Mesylate,hsa:1559,P11712,1,feature_complete
enzyme,D01425,151114,Exatecan Mesylate,hsa:1562,P33260;Q7Z348,1,feature_complete
enzyme,D01425,151114,Exatecan Mesylate,hsa:1565,C1ID52;P10635;Q5Y7H2,1,feature_complete
enzyme,D01425,151114,Exatecan Mesylate,hsa:1571,P05181,1,feature_complete
enzyme,D01425,151114,Exatecan Mesylate,hsa:1572,P24903,1,missing_uniprot_affinity_for_target
enzyme,D01425,151114,Exatecan Mesylate,hsa:1573,P51589,1,missing_uniprot_affinity_for_target
enzyme,D01425,151114,Exatecan Mesylate,hsa:1576,P08684;Q6GRK0,1,feature_complete
enzyme,D01425,151114,Exatecan Mesylate,hsa:1577,P20815,1,feature_complete
enzyme,D01425,151114,Exatecan Mesylate,hsa:1580,P13584,1,missing_uniprot_affinity_for_target
enzyme,D01425,151114,Exatecan Mesylate,hsa:1588,P11511;Q8IYG4;Q8TCA4,1,feature_complete
enzyme,D01425,151114,Exatecan Mesylate,hsa:199974,Q86W10,1,missing_uniprot_affinity_for_target
enzyme,D01425,151114,Exatecan Mesylate,hsa:260293,Q8N118,1,missing_uniprot_affinity_for_target
enzyme,D01425,151114,Exatecan Mesylate,hsa:29785,Q96SQ9,1,missing_uniprot_affinity_for_target
enzyme,D01425,151114,Exatecan Mesylate,hsa:64816,Q9HB55,1,missing_uniprot_affinity_for_target
enzyme,D01432,123596,Imatinib Mesylate,hsa:116447,E5KMK7;Q969P6,1,missing_uniprot_affinity_for_target
enzyme,D01432,123596,Imatinib Mesylate,hsa:7150,P11387;Q9BVT2,1,feature_complete
enzyme,D01432,123596,Imatinib Mesylate,hsa:7156,Q13472,1,feature_complete
enzyme,D01432,123596,Imatinib Mesylate,hsa:8940,O95985,1,feature_complete
enzyme,D01441,5282418,Trifluoperazine dimaleate,hsa:10188,Q07912,1,missing_ligand_affinity_file
enzyme,D01441,5282418,Trifluoperazine dimaleate,hsa:10461,Q12866,1,missing_ligand_affinity_file
enzyme,D01441,5282418,Trifluoperazine dimaleate,hsa:130399,Q8NER5,1,missing_ligand_affinity_file
enzyme,D01441,5282418,Trifluoperazine dimaleate,hsa:1436,P07333,1,missing_ligand_affinity_file
enzyme,D01441,5282418,Trifluoperazine dimaleate,hsa:1445,A8K3B6;B2R6Q4;P41240,1,missing_ligand_affinity_file
enzyme,D01441,5282418,Trifluoperazine dimaleate,hsa:1956,F2YGG7;F6QWY5;P00533;Q504U8,1,missing_ligand_affinity_file
enzyme,D01441,5282418,Trifluoperazine dimaleate,hsa:1969,P29317,1,missing_ligand_affinity_file
enzyme,D01441,5282418,Trifluoperazine dimaleate,hsa:2041,P21709,1,missing_ligand_affinity_file
enzyme,D01441,5282418,Trifluoperazine dimaleate,hsa:2042,A0A140VJJ0;P29320;Q6P4R6,1,missing_ligand_affinity_file
enzyme,D01441,5282418,Trifluoperazine dimaleate,hsa:2043,P54764,1,missing_ligand_affinity_file
enzyme,D01441,5282418,Trifluoperazine dimaleate,hsa:2044,A0A087WX63;A0A384MU00;B7ZKJ3;P54756;Q59FT4,1,missing_ligand_affinity_file
enzyme,D01441,5282418,Trifluoperazine dimaleate,hsa:2045,Q15375,1,missing_ligand_affinity_file
enzyme,D01441,5282418,Trifluoperazine dimaleate,hsa:2046,P29322,1,missing_ligand_affinity_file
enzyme,D01441,5282418,Trifluoperazine dimaleate,hsa:2047,P54762,1,missing_ligand_affinity_file
enzyme,D01441,5282418,Trifluoperazine dimaleate,hsa:2048,F6TUL7;P29323;Q4LE53;Q6NVW1,1,missing_ligand_affinity_file
enzyme,D01441,5282418,Trifluoperazine dimaleate,hsa:2049,P54753,1,missing_ligand_affinity_file
enzyme,D01441,5282418,Trifluoperazine dimaleate,hsa:2050,F6RDZ0;P54760;Q96L35,1,missing_ligand_affinity_file
enzyme,D01441,5282418,Trifluoperazine dimaleate,hsa:2051,,1,missing_ligand_affinity_file
enzyme,D01441,5282418,Trifluoperazine dimaleate,hsa:2064,P04626;X5DNK3,1,missing_ligand_affinity_file
enzyme,D01441,5282418,Trifluoperazine dimaleate,hsa:2065,P21860,1,missing_ligand_affinity_file
enzyme,D01441,5282418,Trifluoperazine dimaleate,hsa:2066,Q15303,1,missing_ligand_affinity_file
enzyme,D01441,5282418,Trifluoperazine dimaleate,hsa:2185,Q14289,1,missing_ligand_affinity_file
enzyme,D01441,5282418,Trifluoperazine dimaleate,hsa:2241,P16591;W0S0X4,1,missing_ligand_affinity_file
enzyme,D01441,5282418,Trifluoperazine dimaleate,hsa:2242,P07332,1,missing_ligand_affinity_file
enzyme,D01441,5282418,Trifluoperazine dimaleate,hsa:2260,P11362,1,missing_ligand_affinity_file
enzyme,D01441,5282418,Trifluoperazine dimaleate,hsa:2261,P22607;Q0IJ44,1,missing_ligand_affinity_file
enzyme,D01441,5282418,Trifluoperazine dimaleate,hsa:2263,P21802,1,missing_ligand_affinity_file
enzyme,D01441,5282418,Trifluoperazine dimaleate,hsa:2264,P22455,1,missing_ligand_affinity_file
enzyme,D01441,5282418,Trifluoperazine dimaleate,hsa:2321,P17948,1,missing_ligand_affinity_file
enzyme,D01441,5282418,Trifluoperazine dimaleate,hsa:2322,P36888,1,missing_ligand_affinity_file
enzyme,D01441,5282418,Trifluoperazine dimaleate,hsa:2324,P35916,1,missing_ligand_affinity_file
enzyme,D01441,5282418,Trifluoperazine dimaleate,hsa:238,B6D4Y2;Q9UM73,1,missing_ligand_affinity_file
enzyme,D01441,5282418,Trifluoperazine dimaleate,hsa:25,P00519;Q59FK4,1,missing_ligand_affinity_file
enzyme,D01441,5282418,Trifluoperazine dimaleate,hsa:2534,P06241,1,missing_ligand_affinity_file
enzyme,D01441,5282418,Trifluoperazine dimaleate,hsa:285220,Q9UF33,1,missing_ligand_affinity_file
enzyme,D01441,5282418,Trifluoperazine dimaleate,hsa:29941,Q6P5Z2,1,missing_ligand_affinity_file
enzyme,D01441,5282418,Trifluoperazine dimaleate,hsa:3055,P08631,1,missing_ligand_affinity_file
enzyme,D01441,5282418,Trifluoperazine dimaleate,hsa:3480,P08069,1,missing_ligand_affinity_file
enzyme,D01441,5282418,Trifluoperazine dimaleate,hsa:3643,P06213,1,missing_ligand_affinity_file
enzyme,D01441,5282418,Trifluoperazine dimaleate,hsa:3645,P14616,1,missing_ligand_affinity_file
enzyme,D01441,5282418,Trifluoperazine dimaleate,hsa:3702,Q08881,1,missing_ligand_affinity_file
enzyme,D01441,5282418,Trifluoperazine dimaleate,hsa:3716,P23458;Q6P669,1,missing_ligand_affinity_file
enzyme,D01441,5282418,Trifluoperazine dimaleate,hsa:3717,O60674,1,missing_ligand_affinity_file
enzyme,D01441,5282418,Trifluoperazine dimaleate,hsa:3718,P52333,1,missing_ligand_affinity_file
enzyme,D01441,5282418,Trifluoperazine dimaleate,hsa:3791,P35968,1,missing_ligand_affinity_file
enzyme,D01441,5282418,Trifluoperazine dimaleate,hsa:3815,P10721,1,missing_ligand_affinity_file
enzyme,D01441,5282418,Trifluoperazine dimaleate,hsa:3932,A0A0S2Z3Y8;P06239,1,missing_ligand_affinity_file
enzyme,D01441,5282418,Trifluoperazine dimaleate,hsa:4058,P29376,1,missing_ligand_affinity_file
enzyme,D01441,5282418,Trifluoperazine dimaleate,hsa:4067,A8K379;P07948;Q6NUK7,1,missing_ligand_affinity_file
enzyme,D01441,5282418,Trifluoperazine dimaleate,hsa:4145,F1T0G6;P42679,1,missing_ligand_affinity_file
enzyme,D01441,5282418,Trifluoperazine dimaleate,hsa:4233,P08581,1,missing_ligand_affinity_file
enzyme,D01441,5282418,Trifluoperazine dimaleate,hsa:4486,Q04912,1,missing_ligand_affinity_file
enzyme,D01441,5282418,Trifluoperazine dimaleate,hsa:4593,O15146,1,missing_ligand_affinity_file
enzyme,D01441,5282418,Trifluoperazine dimaleate,hsa:4914,P04629,1,missing_ligand_affinity_file
enzyme,D01441,5282418,Trifluoperazine dimaleate,hsa:4915,Q16620;Q548C2;Q5VWE5,1,missing_ligand_affinity_file
enzyme,D01441,5282418,Trifluoperazine dimaleate,hsa:4916,Q16288;X5D2R1,1,missing_ligand_affinity_file
enzyme,D01441,5282418,Trifluoperazine dimaleate,hsa:4919,Q01973,1,missing_ligand_affinity_file
enzyme,D01441,5282418,Trifluoperazine dimaleate,hsa:4920,Q01974,1,missing_ligand_affinity_file
enzyme,D01441,5282418,Trifluoperazine dimaleate,hsa:4921,Q16832,1,missing_ligand_affinity_file
enzyme,D01441,5282418,Trifluoperazine dimaleate,hsa:5156,P16234,1,missing_ligand_affinity_file
enzyme,D01441,5282418,Trifluoperazine dimaleate,hsa:5159,P09619;Q59F04,1,missing_ligand_affinity_file
enzyme,D01441,5282418,Trifluoperazine dimaleate,hsa:55359,Q6J9G0,1,missing_ligand_affinity_file
enzyme,D01441,5282418,Trifluoperazine dimaleate,hsa:558,P30530,1,missing_ligand_affinity_file
enzyme,D01441,5282418,Trifluoperazine dimaleate,hsa:5604,A4QPA9;Q02750,1,missing_ligand_affinity_file
enzyme,D01441,5282418,Trifluoperazine dimaleate,hsa:5605,P36507,1,missing_ligand_affinity_file
enzyme,D01441,5282418,Trifluoperazine dimaleate,hsa:5606,P46734;Q6FI23,1,missing_ligand_affinity_file
enzyme,D01441,5282418,Trifluoperazine dimaleate,hsa:5607,Q13163,1,missing_ligand_affinity_file
enzyme,D01441,5282418,Trifluoperazine dimaleate,hsa:5608,A8K3Y2;P52564,1,missing_ligand_affinity_file
enzyme,D01441,5282418,Trifluoperazine dimaleate,hsa:5747,Q05397,1,missing_ligand_affinity_file
enzyme,D01441,5282418,Trifluoperazine dimaleate,hsa:5754,Q13308,1,missing_ligand_affinity_file
enzyme,D01441,5282418,Trifluoperazine dimaleate,hsa:5979,P07949,1,missing_ligand_affinity_file
enzyme,D01441,5282418,Trifluoperazine dimaleate,hsa:6098,P08922,1,missing_ligand_affinity_file
enzyme,D01441,5282418,Trifluoperazine dimaleate,hsa:613,P11274,1,missing_ligand_affinity_file
enzyme,D01441,5282418,Trifluoperazine dimaleate,hsa:6259,P34925;Q59FQ5;Q8WTZ8,1,missing_ligand_affinity_file
enzyme,D01441,5282418,Trifluoperazine dimaleate,hsa:6416,P45985,1,missing_ligand_affinity_file
enzyme,D01441,5282418,Trifluoperazine dimaleate,hsa:657,P36894,1,missing_ligand_affinity_file
enzyme,D01441,5282418,Trifluoperazine dimaleate,hsa:658,O00238,1,missing_ligand_affinity_file
enzyme,D01441,5282418,Trifluoperazine dimaleate,hsa:660,P51813,1,missing_ligand_affinity_file
enzyme,D01441,5282418,Trifluoperazine dimaleate,hsa:6714,P12931,1,missing_ligand_affinity_file
enzyme,D01441,5282418,Trifluoperazine dimaleate,hsa:6725,Q9H3Y6,1,missing_ligand_affinity_file
enzyme,D01441,5282418,Trifluoperazine dimaleate,hsa:695,A0A8Q3WKL1;Q06187;Q5JY90,1,missing_ligand_affinity_file
enzyme,D01441,5282418,Trifluoperazine dimaleate,hsa:7006,P42680,1,missing_ligand_affinity_file
enzyme,D01441,5282418,Trifluoperazine dimaleate,hsa:7010,Q02763;Q59HG2,1,missing_ligand_affinity_file
enzyme,D01441,5282418,Trifluoperazine dimaleate,hsa:7046,B4DXN7;P36897;Q5T7S2,1,missing_ligand_affinity_file
enzyme,D01441,5282418,Trifluoperazine dimaleate,hsa:7075,P35590,1,missing_ligand_affinity_file
enzyme,D01441,5282418,Trifluoperazine dimaleate,hsa:7294,P42681,1,missing_ligand_affinity_file
enzyme,D01441,5282418,Trifluoperazine dimaleate,hsa:7297,P29597,1,missing_ligand_affinity_file
enzyme,D01441,5282418,Trifluoperazine dimaleate,hsa:7301,Q06418,1,missing_ligand_affinity_file
enzyme,D01441,5282418,Trifluoperazine dimaleate,hsa:7525,P07947,1,missing_ligand_affinity_file
enzyme,D01441,5282418,Trifluoperazine dimaleate,hsa:7535,P43403,1,missing_ligand_affinity_file
enzyme,D01441,5282418,Trifluoperazine dimaleate,hsa:780,Q08345,1,missing_ligand_affinity_file
enzyme,D01441,5282418,Trifluoperazine dimaleate,hsa:90,D3DPA4;Q04771,1,missing_ligand_affinity_file
enzyme,D01441,5282418,Trifluoperazine dimaleate,hsa:9088,Q99640,1,missing_ligand_affinity_file
enzyme,D01441,5282418,Trifluoperazine dimaleate,hsa:91,P36896,1,missing_ligand_affinity_file
enzyme,D01441,5282418,Trifluoperazine dimaleate,hsa:93,Q13705,1,missing_ligand_affinity_file
enzyme,D01441,5282418,Trifluoperazine dimaleate,hsa:94,A0A0S2Z310;P37023,1,missing_ligand_affinity_file
enzyme,D01475,2097,Alminoprofen,hsa:5742,P23219,1,feature_complete
enzyme,D01475,2097,Alminoprofen,hsa:5743,P35354,1,feature_complete
enzyme,D01513,5720,Zaltoprofen,hsa:5742,P23219,1,feature_complete
enzyme,D01513,5720,Zaltoprofen,hsa:5743,P35354,1,feature_complete
enzyme,D01547,5485193,Imidapril Hydrochloride,hsa:5742,P23219,1,feature_complete
enzyme,D01547,5485193,Imidapril Hydrochloride,hsa:5743,P35354,1,feature_complete
enzyme,D01549,5282183,Indomethacin farnesil,hsa:1636,B4DKH4;P12821,1,feature_complete
enzyme,D01565,10649,Dequalinium Chloride,hsa:5742,P23219,1,feature_complete
enzyme,D01565,10649,Dequalinium Chloride,hsa:5743,P35354,1,feature_complete
enzyme,D01578,1981,Acemetacin,hsa:5742,P23219,1,feature_complete
enzyme,D01578,1981,Acemetacin,hsa:5743,P35354,1,feature_complete
enzyme,D01582,3475,Gliclazide,hsa:5742,P23219,1,feature_complete
enzyme,D01582,3475,Gliclazide,hsa:5743,P35354,1,feature_complete
enzyme,D01665,5362115,Delapril Hydrochloride,hsa:2548,P10253,1,feature_complete
enzyme,D01665,5362115,Delapril Hydrochloride,hsa:2595,Q8TET4,1,missing_uniprot_affinity_for_target
enzyme,D01665,5362115,Delapril Hydrochloride,hsa:8972,O43451,1,feature_complete
enzyme,D01667,1549120,Epalrestat,hsa:1636,B4DKH4;P12821,1,feature_complete
enzyme,D01688,444025,Loteprednol Etabonate,hsa:231,P15121,1,feature_complete
enzyme,D01690,71764,Alfuzosin Hydrochloride,hsa:10846,Q9Y233,1,feature_complete
enzyme,D01690,71764,Alfuzosin Hydrochloride,hsa:27115,Q9NP56,1,missing_uniprot_affinity_for_target
enzyme,D01690,71764,Alfuzosin Hydrochloride,hsa:50940,Q9HCR9,1,missing_uniprot_affinity_for_target
enzyme,D01690,71764,Alfuzosin Hydrochloride,hsa:5136,P54750,1,missing_uniprot_affinity_for_target
enzyme,D01690,71764,Alfuzosin Hydrochloride,hsa:5137,Q14123,1,missing_uniprot_affinity_for_target
enzyme,D01690,71764,Alfuzosin Hydrochloride,hsa:5138,O00408;Q8IW54,1,missing_uniprot_affinity_for_target
enzyme,D01690,71764,Alfuzosin Hydrochloride,hsa:5140,A7E2E5;Q13370,1,feature_complete
enzyme,D01690,71764,Alfuzosin Hydrochloride,hsa:5141,P27815,1,feature_complete
enzyme,D01690,71764,Alfuzosin Hydrochloride,hsa:5142,Q07343;X5DNX5,1,feature_complete
enzyme,D01690,71764,Alfuzosin Hydrochloride,hsa:5143,F6R4I1;O43849;Q08493;Q32MM7,1,feature_complete
enzyme,D01690,71764,Alfuzosin Hydrochloride,hsa:5144,A0A140VJR0;Q08499,1,feature_complete
enzyme,D01690,71764,Alfuzosin Hydrochloride,hsa:5147,O43924;Q6IB24,1,feature_complete
enzyme,D01690,71764,Alfuzosin Hydrochloride,hsa:5148,P18545,1,feature_complete
enzyme,D01690,71764,Alfuzosin Hydrochloride,hsa:5149,Q13956,1,missing_uniprot_affinity_for_target
enzyme,D01690,71764,Alfuzosin Hydrochloride,hsa:5150,Q13946,1,feature_complete
enzyme,D01690,71764,Alfuzosin Hydrochloride,hsa:5151,O60658,1,feature_complete
enzyme,D01690,71764,Alfuzosin Hydrochloride,hsa:5152,A0A0S2Z4T6;O76083,1,feature_complete
enzyme,D01690,71764,Alfuzosin Hydrochloride,hsa:8622,B3KN77;O95263,1,missing_uniprot_affinity_for_target
enzyme,D01690,71764,Alfuzosin Hydrochloride,hsa:8654,O76074,1,feature_complete
enzyme,D01704,23674745,Sodium 2-(4-(2-oxocyclopentylmethyl)phenyl)propionate dihydrate,hsa:10846,Q9Y233,1,missing_ligand_affinity_file
enzyme,D01704,23674745,Sodium 2-(4-(2-oxocyclopentylmethyl)phenyl)propionate dihydrate,hsa:27115,Q9NP56,1,missing_ligand_affinity_file
enzyme,D01704,23674745,Sodium 2-(4-(2-oxocyclopentylmethyl)phenyl)propionate dihydrate,hsa:50940,Q9HCR9,1,missing_ligand_affinity_file
enzyme,D01704,23674745,Sodium 2-(4-(2-oxocyclopentylmethyl)phenyl)propionate dihydrate,hsa:5136,P54750,1,missing_ligand_affinity_file
enzyme,D01704,23674745,Sodium 2-(4-(2-oxocyclopentylmethyl)phenyl)propionate dihydrate,hsa:5137,Q14123,1,missing_ligand_affinity_file
enzyme,D01704,23674745,Sodium 2-(4-(2-oxocyclopentylmethyl)phenyl)propionate dihydrate,hsa:5138,O00408;Q8IW54,1,missing_ligand_affinity_file
enzyme,D01704,23674745,Sodium 2-(4-(2-oxocyclopentylmethyl)phenyl)propionate dihydrate,hsa:5140,A7E2E5;Q13370,1,missing_ligand_affinity_file
enzyme,D01704,23674745,Sodium 2-(4-(2-oxocyclopentylmethyl)phenyl)propionate dihydrate,hsa:5141,P27815,1,missing_ligand_affinity_file
enzyme,D01704,23674745,Sodium 2-(4-(2-oxocyclopentylmethyl)phenyl)propionate dihydrate,hsa:5142,Q07343;X5DNX5,1,missing_ligand_affinity_file
enzyme,D01704,23674745,Sodium 2-(4-(2-oxocyclopentylmethyl)phenyl)propionate dihydrate,hsa:5143,F6R4I1;O43849;Q08493;Q32MM7,1,missing_ligand_affinity_file
enzyme,D01704,23674745,Sodium 2-(4-(2-oxocyclopentylmethyl)phenyl)propionate dihydrate,hsa:5144,A0A140VJR0;Q08499,1,missing_ligand_affinity_file
enzyme,D01704,23674745,Sodium 2-(4-(2-oxocyclopentylmethyl)phenyl)propionate dihydrate,hsa:5147,O43924;Q6IB24,1,missing_ligand_affinity_file
enzyme,D01704,23674745,Sodium 2-(4-(2-oxocyclopentylmethyl)phenyl)propionate dihydrate,hsa:5148,P18545,1,missing_ligand_affinity_file
enzyme,D01704,23674745,Sodium 2-(4-(2-oxocyclopentylmethyl)phenyl)propionate dihydrate,hsa:5149,Q13956,1,missing_ligand_affinity_file
enzyme,D01704,23674745,Sodium 2-(4-(2-oxocyclopentylmethyl)phenyl)propionate dihydrate,hsa:5150,Q13946,1,missing_ligand_affinity_file
enzyme,D01704,23674745,Sodium 2-(4-(2-oxocyclopentylmethyl)phenyl)propionate dihydrate,hsa:5151,O60658,1,missing_ligand_affinity_file
enzyme,D01704,23674745,Sodium 2-(4-(2-oxocyclopentylmethyl)phenyl)propionate dihydrate,hsa:5152,A0A0S2Z4T6;O76083,1,missing_ligand_affinity_file
enzyme,D01704,23674745,Sodium 2-(4-(2-oxocyclopentylmethyl)phenyl)propionate dihydrate,hsa:8622,B3KN77;O95263,1,missing_ligand_affinity_file
enzyme,D01704,23674745,Sodium 2-(4-(2-oxocyclopentylmethyl)phenyl)propionate dihydrate,hsa:8654,O76074,1,missing_ligand_affinity_file
enzyme,D01709,23675769,"sodium;1,3-dimethyl-7H-purine-2,6-dione;acetate",hsa:5742,P23219,1,feature_complete
enzyme,D01709,23675769,"sodium;1,3-dimethyl-7H-purine-2,6-dione;acetate",hsa:5743,P35354,1,feature_complete
enzyme,D01712,157313,Epinastine Hydrochloride,hsa:10846,Q9Y233,1,feature_complete
enzyme,D01712,157313,Epinastine Hydrochloride,hsa:27115,Q9NP56,1,missing_uniprot_affinity_for_target
enzyme,D01712,157313,Epinastine Hydrochloride,hsa:50940,Q9HCR9,1,missing_uniprot_affinity_for_target
enzyme,D01712,157313,Epinastine Hydrochloride,hsa:5136,P54750,1,missing_uniprot_affinity_for_target
enzyme,D01712,157313,Epinastine Hydrochloride,hsa:5137,Q14123,1,missing_uniprot_affinity_for_target
enzyme,D01712,157313,Epinastine Hydrochloride,hsa:5138,O00408;Q8IW54,1,feature_complete
enzyme,D01712,157313,Epinastine Hydrochloride,hsa:5140,A7E2E5;Q13370,1,feature_complete
enzyme,D01712,157313,Epinastine Hydrochloride,hsa:5141,P27815,1,feature_complete
enzyme,D01712,157313,Epinastine Hydrochloride,hsa:5142,Q07343;X5DNX5,1,feature_complete
enzyme,D01712,157313,Epinastine Hydrochloride,hsa:5143,F6R4I1;O43849;Q08493;Q32MM7,1,feature_complete
enzyme,D01712,157313,Epinastine Hydrochloride,hsa:5144,A0A140VJR0;Q08499,1,feature_complete
enzyme,D01712,157313,Epinastine Hydrochloride,hsa:5147,O43924;Q6IB24,1,feature_complete
enzyme,D01712,157313,Epinastine Hydrochloride,hsa:5148,P18545,1,feature_complete
enzyme,D01712,157313,Epinastine Hydrochloride,hsa:5149,Q13956,1,missing_uniprot_affinity_for_target
enzyme,D01712,157313,Epinastine Hydrochloride,hsa:5150,Q13946,1,feature_complete
enzyme,D01712,157313,Epinastine Hydrochloride,hsa:5151,O60658,1,feature_complete
enzyme,D01712,157313,Epinastine Hydrochloride,hsa:5152,A0A0S2Z4T6;O76083,1,feature_complete
enzyme,D01712,157313,Epinastine Hydrochloride,hsa:8622,B3KN77;O95263,1,missing_uniprot_affinity_for_target
enzyme,D01712,157313,Epinastine Hydrochloride,hsa:8654,O76074,1,feature_complete
enzyme,D01715,133264,Risarestat,hsa:231,P15121,1,feature_complete
enzyme,D01718,4237,Mofezolac,hsa:5742,P23219,1,feature_complete
enzyme,D01718,4237,Mofezolac,hsa:5743,P35354,1,feature_complete
enzyme,D01747,636362,Idarubicin Hydrochloride,hsa:7153,P11388,1,feature_complete
enzyme,D01747,636362,Idarubicin Hydrochloride,hsa:7155,Q02880,1,feature_complete
enzyme,D01765,5282193,Proglumetacin Maleate,hsa:5742,P23219,1,missing_ligand_affinity_file
enzyme,D01765,5282193,Proglumetacin Maleate,hsa:5743,P35354,1,missing_ligand_affinity_file
enzyme,D01767,54677971,Tenoxicam,hsa:5742,P23219,1,feature_complete
enzyme,D01767,54677971,Tenoxicam,hsa:5743,P35354,1,feature_complete
enzyme,D01811,5147,Salicylamide,hsa:5742,P23219,1,feature_complete
enzyme,D01811,5147,Salicylamide,hsa:5743,P35354,1,feature_complete
enzyme,D01825,6215,Fluocinolone Acetonide,hsa:5321,P47712,1,feature_complete
enzyme,D01828,2161,Amlexanox,hsa:2135,Q9UBQ6,1,missing_uniprot_affinity_for_target
enzyme,D01840,163751,Fasudil Hydrochloride,hsa:1432,Q16539,1,missing_ligand_affinity_file
enzyme,D01840,163751,Fasudil Hydrochloride,hsa:225689,Q8TD08,1,missing_ligand_affinity_file
enzyme,D01840,163751,Fasudil Hydrochloride,hsa:5594,P28482;Q499G7,1,missing_ligand_affinity_file
enzyme,D01840,163751,Fasudil Hydrochloride,hsa:5595,L7RXH5;P27361,1,missing_ligand_affinity_file
enzyme,D01840,163751,Fasudil Hydrochloride,hsa:5596,P31152,1,missing_ligand_affinity_file
enzyme,D01840,163751,Fasudil Hydrochloride,hsa:5597,Q16659,1,missing_ligand_affinity_file
enzyme,D01840,163751,Fasudil Hydrochloride,hsa:5598,Q13164,1,missing_ligand_affinity_file
enzyme,D01840,163751,Fasudil Hydrochloride,hsa:5599,P45983,1,missing_ligand_affinity_file
enzyme,D01840,163751,Fasudil Hydrochloride,hsa:5600,Q15759,1,missing_ligand_affinity_file
enzyme,D01840,163751,Fasudil Hydrochloride,hsa:5601,P45984,1,missing_ligand_affinity_file
enzyme,D01840,163751,Fasudil Hydrochloride,hsa:5602,P53779,1,missing_ligand_affinity_file
enzyme,D01840,163751,Fasudil Hydrochloride,hsa:5603,A0A024RD04;O15264,1,missing_ligand_affinity_file
enzyme,D01840,163751,Fasudil Hydrochloride,hsa:6300,P53778,1,missing_ligand_affinity_file
enzyme,D01842,160024,Fidarestat,hsa:231,P15121,1,feature_complete
enzyme,D01844,636380,Fondaparinux Sodium,hsa:2159,P00742;Q5JVE7,1,missing_ligand_affinity_file
enzyme,D01862,5282451,Pitavastatin Calcium,hsa:3156,P04035,1,missing_ligand_affinity_file
enzyme,D01866,54690031,Lornoxicam,hsa:5742,P23219,1,feature_complete
enzyme,D01866,54690031,Lornoxicam,hsa:5743,P35354,1,feature_complete
enzyme,D01885,636397,"(8S,10S)-10-(((2R,4S,5S,6S)-4-amino-6-methyl-5-(((S)-tetrahydro-2H-pyran-2-yl)oxy)tetrahydro-2H-pyran-2-yl)oxy)-6,8,11-trihydroxy-8-(2-hydroxyacetyl)-1-methoxy-7,8,9,10-tetrahydrotetracene-5,12-dione",hsa:7153,P11388,1,missing_ligand_affinity_file
enzyme,D01885,636397,"(8S,10S)-10-(((2R,4S,5S,6S)-4-amino-6-methyl-5-(((S)-tetrahydro-2H-pyran-2-yl)oxy)tetrahydro-2H-pyran-2-yl)oxy)-6,8,11-trihydroxy-8-(2-hydroxyacetyl)-1-methoxy-7,8,9,10-tetrahydrotetracene-5,12-dione",hsa:7155,Q02880,1,missing_ligand_affinity_file
enzyme,D01888,636399,Safrazine Hydrochloride,hsa:4128,P21397;Q49A63;Q53YE7,1,feature_complete
enzyme,D01888,636399,Safrazine Hydrochloride,hsa:4129,P27338,1,feature_complete
enzyme,D01900,71992,Alacepril,hsa:1636,B4DKH4;P12821,1,feature_complete
enzyme,D01907,30751,Fludarabine Phosphate,hsa:5422,P09884,1,missing_uniprot_affinity_for_target
enzyme,D01907,30751,Fludarabine Phosphate,hsa:6240,P23921,1,feature_complete
enzyme,D01911,153751,Aclarubicin Hydrochloride,hsa:116447,E5KMK7;Q969P6,1,missing_ligand_affinity_file
enzyme,D01911,153751,Aclarubicin Hydrochloride,hsa:7150,P11387;Q9BVT2,1,missing_ligand_affinity_file
enzyme,D01911,153751,Aclarubicin Hydrochloride,hsa:7153,P11388,1,missing_ligand_affinity_file
enzyme,D01911,153751,Aclarubicin Hydrochloride,hsa:7155,Q02880,1,missing_ligand_affinity_file
enzyme,D01911,153751,Aclarubicin Hydrochloride,hsa:7156,Q13472,1,missing_ligand_affinity_file
enzyme,D01911,153751,Aclarubicin Hydrochloride,hsa:8940,O95985,1,missing_ligand_affinity_file
enzyme,D01915,5282455,Rosuvastatin Calcium,hsa:3156,P04035,1,missing_ligand_affinity_file
enzyme,D01918,23663985,Sivelestat Sodium,hsa:1991,P08246,1,missing_ligand_affinity_file
enzyme,D01966,150311,Ezetimibe,hsa:6646,P35610,1,feature_complete
enzyme,D01966,150311,Ezetimibe,hsa:8435,O75908,1,feature_complete
enzyme,D01968,121586,Zoledronic acid monohydrate,hsa:2224,P14324,1,feature_complete
enzyme,D01973,656631,Eletriptan Hydrobromide,hsa:1576,P08684;Q6GRK0,1,feature_complete
enzyme,D01974,159271,Tilmacoxib,hsa:5742,P23219,1,feature_complete
enzyme,D01974,159271,Tilmacoxib,hsa:5743,P35354,1,feature_complete
enzyme,D01977,123631,Gefitinib,hsa:10461,Q12866,1,feature_complete
enzyme,D01977,123631,Gefitinib,hsa:1436,P07333,1,feature_complete
enzyme,D01977,123631,Gefitinib,hsa:1956,F2YGG7;F6QWY5;P00533;Q504U8,1,feature_complete
enzyme,D01977,123631,Gefitinib,hsa:1969,P29317,1,missing_uniprot_affinity_for_target
enzyme,D01977,123631,Gefitinib,hsa:2041,P21709,1,feature_complete
enzyme,D01977,123631,Gefitinib,hsa:2042,A0A140VJJ0;P29320;Q6P4R6,1,feature_complete
enzyme,D01977,123631,Gefitinib,hsa:2043,P54764,1,feature_complete
enzyme,D01977,123631,Gefitinib,hsa:2044,A0A087WX63;A0A384MU00;B7ZKJ3;P54756;Q59FT4,1,feature_complete
enzyme,D01977,123631,Gefitinib,hsa:2045,Q15375,1,feature_complete
enzyme,D01977,123631,Gefitinib,hsa:2046,P29322,1,feature_complete
enzyme,D01977,123631,Gefitinib,hsa:2047,P54762,1,feature_complete
enzyme,D01977,123631,Gefitinib,hsa:2048,F6TUL7;P29323;Q4LE53;Q6NVW1,1,feature_complete
enzyme,D01977,123631,Gefitinib,hsa:2049,P54753,1,feature_complete
enzyme,D01977,123631,Gefitinib,hsa:2050,F6RDZ0;P54760;Q96L35,1,feature_complete
enzyme,D01977,123631,Gefitinib,hsa:2051,,1,missing_kegg_target_to_uniprot
enzyme,D01977,123631,Gefitinib,hsa:2064,P04626;X5DNK3,1,feature_complete
enzyme,D01977,123631,Gefitinib,hsa:2065,P21860,1,feature_complete
enzyme,D01977,123631,Gefitinib,hsa:2066,Q15303,1,feature_complete
enzyme,D01977,123631,Gefitinib,hsa:2260,P11362,1,feature_complete
enzyme,D01977,123631,Gefitinib,hsa:2261,P22607;Q0IJ44,1,feature_complete
enzyme,D01977,123631,Gefitinib,hsa:2263,P21802,1,feature_complete
enzyme,D01977,123631,Gefitinib,hsa:2264,P22455,1,feature_complete
enzyme,D01977,123631,Gefitinib,hsa:2321,P17948,1,missing_uniprot_affinity_for_target
enzyme,D01977,123631,Gefitinib,hsa:2322,P36888,1,feature_complete
enzyme,D01977,123631,Gefitinib,hsa:2324,P35916,1,feature_complete
enzyme,D01977,123631,Gefitinib,hsa:238,B6D4Y2;Q9UM73,1,feature_complete
enzyme,D01977,123631,Gefitinib,hsa:285220,Q9UF33,1,missing_uniprot_affinity_for_target
enzyme,D01977,123631,Gefitinib,hsa:3480,P08069,1,missing_uniprot_affinity_for_target
enzyme,D01977,123631,Gefitinib,hsa:3643,P06213,1,missing_uniprot_affinity_for_target
enzyme,D01977,123631,Gefitinib,hsa:3645,P14616,1,missing_uniprot_affinity_for_target
enzyme,D01977,123631,Gefitinib,hsa:3791,P35968,1,feature_complete
enzyme,D01977,123631,Gefitinib,hsa:3815,P10721,1,feature_complete
enzyme,D01977,123631,Gefitinib,hsa:4058,P29376,1,feature_complete
enzyme,D01977,123631,Gefitinib,hsa:4233,P08581,1,missing_uniprot_affinity_for_target
enzyme,D01977,123631,Gefitinib,hsa:4486,Q04912,1,feature_complete
enzyme,D01977,123631,Gefitinib,hsa:4593,O15146,1,missing_uniprot_affinity_for_target
enzyme,D01977,123631,Gefitinib,hsa:4914,P04629,1,feature_complete
enzyme,D01977,123631,Gefitinib,hsa:4915,Q16620;Q548C2;Q5VWE5,1,feature_complete
enzyme,D01977,123631,Gefitinib,hsa:4916,Q16288;X5D2R1,1,feature_complete
enzyme,D01977,123631,Gefitinib,hsa:4919,Q01973,1,feature_complete
enzyme,D01977,123631,Gefitinib,hsa:4920,Q01974,1,feature_complete
enzyme,D01977,123631,Gefitinib,hsa:4921,Q16832,1,feature_complete
enzyme,D01977,123631,Gefitinib,hsa:5156,P16234,1,feature_complete
enzyme,D01977,123631,Gefitinib,hsa:5159,P09619;Q59F04,1,feature_complete
enzyme,D01977,123631,Gefitinib,hsa:558,P30530,1,feature_complete
enzyme,D01977,123631,Gefitinib,hsa:5754,Q13308,1,feature_complete
enzyme,D01977,123631,Gefitinib,hsa:5979,P07949,1,missing_uniprot_affinity_for_target
enzyme,D01977,123631,Gefitinib,hsa:6098,P08922,1,feature_complete
enzyme,D01977,123631,Gefitinib,hsa:6259,P34925;Q59FQ5;Q8WTZ8,1,feature_complete
enzyme,D01977,123631,Gefitinib,hsa:7010,Q02763;Q59HG2,1,feature_complete
enzyme,D01977,123631,Gefitinib,hsa:7075,P35590,1,feature_complete
enzyme,D01977,123631,Gefitinib,hsa:7301,Q06418,1,feature_complete
enzyme,D01977,123631,Gefitinib,hsa:780,Q08345,1,feature_complete
enzyme,D01981,9574101,Ximelagatran,hsa:2147,P00734,1,feature_complete
enzyme,D01984,21121303,Esomeprazole magnesium trihydrate,hsa:495,A0A384MR29;P20648;Q658V6,1,missing_ligand_affinity_file
enzyme,D02008,110635,Tadalafil,hsa:10846,Q9Y233,1,feature_complete
enzyme,D02008,110635,Tadalafil,hsa:27115,Q9NP56,1,missing_uniprot_affinity_for_target
enzyme,D02008,110635,Tadalafil,hsa:50940,Q9HCR9,1,missing_uniprot_affinity_for_target
enzyme,D02008,110635,Tadalafil,hsa:5136,P54750,1,missing_uniprot_affinity_for_target
enzyme,D02008,110635,Tadalafil,hsa:5137,Q14123,1,missing_uniprot_affinity_for_target
enzyme,D02008,110635,Tadalafil,hsa:5138,O00408;Q8IW54,1,feature_complete
enzyme,D02008,110635,Tadalafil,hsa:5140,A7E2E5;Q13370,1,feature_complete
enzyme,D02008,110635,Tadalafil,hsa:5141,P27815,1,feature_complete
enzyme,D02008,110635,Tadalafil,hsa:5142,Q07343;X5DNX5,1,feature_complete
enzyme,D02008,110635,Tadalafil,hsa:5143,F6R4I1;O43849;Q08493;Q32MM7,1,feature_complete
enzyme,D02008,110635,Tadalafil,hsa:5144,A0A140VJR0;Q08499,1,feature_complete
enzyme,D02008,110635,Tadalafil,hsa:5147,O43924;Q6IB24,1,feature_complete
enzyme,D02008,110635,Tadalafil,hsa:5148,P18545,1,feature_complete
enzyme,D02008,110635,Tadalafil,hsa:5149,Q13956,1,missing_uniprot_affinity_for_target
enzyme,D02008,110635,Tadalafil,hsa:5150,Q13946,1,feature_complete
enzyme,D02008,110635,Tadalafil,hsa:5151,O60658,1,feature_complete
enzyme,D02008,110635,Tadalafil,hsa:5152,A0A0S2Z4T6;O76083,1,feature_complete
enzyme,D02008,110635,Tadalafil,hsa:8622,B3KN77;O95263,1,missing_uniprot_affinity_for_target
enzyme,D02008,110635,Tadalafil,hsa:8654,O76074,1,feature_complete
enzyme,D02017,656652,Oxtriphylline,hsa:10846,Q9Y233,1,feature_complete
enzyme,D02017,656652,Oxtriphylline,hsa:27115,Q9NP56,1,missing_uniprot_affinity_for_target
enzyme,D02017,656652,Oxtriphylline,hsa:50940,Q9HCR9,1,missing_uniprot_affinity_for_target
enzyme,D02017,656652,Oxtriphylline,hsa:5136,P54750,1,missing_uniprot_affinity_for_target
enzyme,D02017,656652,Oxtriphylline,hsa:5137,Q14123,1,missing_uniprot_affinity_for_target
enzyme,D02017,656652,Oxtriphylline,hsa:5138,O00408;Q8IW54,1,feature_complete
enzyme,D02017,656652,Oxtriphylline,hsa:5140,A7E2E5;Q13370,1,feature_complete
enzyme,D02017,656652,Oxtriphylline,hsa:5141,P27815,1,feature_complete
enzyme,D02017,656652,Oxtriphylline,hsa:5142,Q07343;X5DNX5,1,feature_complete
enzyme,D02017,656652,Oxtriphylline,hsa:5143,F6R4I1;O43849;Q08493;Q32MM7,1,feature_complete
enzyme,D02017,656652,Oxtriphylline,hsa:5144,A0A140VJR0;Q08499,1,feature_complete
enzyme,D02017,656652,Oxtriphylline,hsa:5147,O43924;Q6IB24,1,feature_complete
enzyme,D02017,656652,Oxtriphylline,hsa:5148,P18545,1,feature_complete
enzyme,D02017,656652,Oxtriphylline,hsa:5149,Q13956,1,missing_uniprot_affinity_for_target
enzyme,D02017,656652,Oxtriphylline,hsa:5150,Q13946,1,feature_complete
enzyme,D02017,656652,Oxtriphylline,hsa:5151,O60658,1,feature_complete
enzyme,D02017,656652,Oxtriphylline,hsa:5152,A0A0S2Z4T6;O76083,1,feature_complete
enzyme,D02017,656652,Oxtriphylline,hsa:8622,B3KN77;O95263,1,missing_uniprot_affinity_for_target
enzyme,D02017,656652,Oxtriphylline,hsa:8654,O76074,1,feature_complete
enzyme,D02042,6918034,Olprinone Hydrochloride Hydrate,hsa:10846,Q9Y233,1,feature_complete
enzyme,D02042,6918034,Olprinone Hydrochloride Hydrate,hsa:27115,Q9NP56,1,missing_uniprot_affinity_for_target
enzyme,D02042,6918034,Olprinone Hydrochloride Hydrate,hsa:50940,Q9HCR9,1,missing_uniprot_affinity_for_target
enzyme,D02042,6918034,Olprinone Hydrochloride Hydrate,hsa:5136,P54750,1,missing_uniprot_affinity_for_target
enzyme,D02042,6918034,Olprinone Hydrochloride Hydrate,hsa:5137,Q14123,1,missing_uniprot_affinity_for_target
enzyme,D02042,6918034,Olprinone Hydrochloride Hydrate,hsa:5138,O00408;Q8IW54,1,feature_complete
enzyme,D02042,6918034,Olprinone Hydrochloride Hydrate,hsa:5140,A7E2E5;Q13370,1,missing_uniprot_affinity_for_target
enzyme,D02042,6918034,Olprinone Hydrochloride Hydrate,hsa:5141,P27815,1,feature_complete
enzyme,D02042,6918034,Olprinone Hydrochloride Hydrate,hsa:5142,Q07343;X5DNX5,1,feature_complete
enzyme,D02042,6918034,Olprinone Hydrochloride Hydrate,hsa:5143,F6R4I1;O43849;Q08493;Q32MM7,1,feature_complete
enzyme,D02042,6918034,Olprinone Hydrochloride Hydrate,hsa:5144,A0A140VJR0;Q08499,1,feature_complete
enzyme,D02042,6918034,Olprinone Hydrochloride Hydrate,hsa:5147,O43924;Q6IB24,1,feature_complete
enzyme,D02042,6918034,Olprinone Hydrochloride Hydrate,hsa:5148,P18545,1,feature_complete
enzyme,D02042,6918034,Olprinone Hydrochloride Hydrate,hsa:5149,Q13956,1,missing_uniprot_affinity_for_target
enzyme,D02042,6918034,Olprinone Hydrochloride Hydrate,hsa:5150,Q13946,1,feature_complete
enzyme,D02042,6918034,Olprinone Hydrochloride Hydrate,hsa:5151,O60658,1,feature_complete
enzyme,D02042,6918034,Olprinone Hydrochloride Hydrate,hsa:5152,A0A0S2Z4T6;O76083,1,feature_complete
enzyme,D02042,6918034,Olprinone Hydrochloride Hydrate,hsa:8622,B3KN77;O95263,1,missing_uniprot_affinity_for_target
enzyme,D02042,6918034,Olprinone Hydrochloride Hydrate,hsa:8654,O76074,1,feature_complete
enzyme,D02068,2723754,Tacrine Hydrochloride,hsa:43,P22303,1,missing_ligand_affinity_file
enzyme,D02110,23674731,Indometacin (sodium hydrate),hsa:5742,P23219,1,missing_ligand_affinity_file
enzyme,D02110,23674731,Indometacin (sodium hydrate),hsa:5743,P35354,1,missing_ligand_affinity_file
enzyme,D02115,23678981,Methotrexate monosodium,hsa:1719,B0YJ76;P00374,1,feature_complete
enzyme,D02166,51082,Mitoxantrone Hydrochloride,hsa:7153,P11388,1,missing_ligand_affinity_file
enzyme,D02166,51082,Mitoxantrone Hydrochloride,hsa:7155,Q02880,1,missing_ligand_affinity_file
enzyme,D02168,60699,Topotecan Hydrochloride,hsa:116447,E5KMK7;Q969P6,1,missing_uniprot_affinity_for_target
enzyme,D02168,60699,Topotecan Hydrochloride,hsa:7150,P11387;Q9BVT2,1,feature_complete
enzyme,D02168,60699,Topotecan Hydrochloride,hsa:7156,Q13472,1,feature_complete
enzyme,D02168,60699,Topotecan Hydrochloride,hsa:8940,O95985,1,feature_complete
enzyme,D02173,121587,Galantamine Hydrobromide,hsa:43,P22303,1,feature_complete
enzyme,D02176,10917,(-)-Carnitine,hsa:1374,P50416,1,feature_complete
enzyme,D02176,10917,(-)-Carnitine,hsa:1376,A0A140VK13;P23786,1,missing_uniprot_affinity_for_target
enzyme,D02176,10917,(-)-Carnitine,hsa:1384,,1,missing_kegg_target_to_uniprot
enzyme,D02176,10917,(-)-Carnitine,hsa:54677,Q9UKG9,1,missing_uniprot_affinity_for_target
enzyme,D02193,10547,Echothiophate Iodide,hsa:43,P22303,1,feature_complete
enzyme,D02193,10547,Echothiophate Iodide,hsa:590,P06276,1,feature_complete
enzyme,D02194,23663403,Cilastatin Sodium,hsa:1800,A0A140VJI3;P16444,1,missing_ligand_affinity_file
enzyme,D02214,65348,Epirubicin Hydrochloride,hsa:7153,P11388,1,feature_complete
enzyme,D02214,65348,Epirubicin Hydrochloride,hsa:7155,Q02880,1,feature_complete
enzyme,D02229,135413523,Sildenafil Citrate,hsa:10846,Q9Y233,1,feature_complete
enzyme,D02229,135413523,Sildenafil Citrate,hsa:27115,Q9NP56,1,missing_uniprot_affinity_for_target
enzyme,D02229,135413523,Sildenafil Citrate,hsa:50940,Q9HCR9,1,missing_uniprot_affinity_for_target
enzyme,D02229,135413523,Sildenafil Citrate,hsa:5136,P54750,1,missing_uniprot_affinity_for_target
enzyme,D02229,135413523,Sildenafil Citrate,hsa:5137,Q14123,1,missing_uniprot_affinity_for_target
enzyme,D02229,135413523,Sildenafil Citrate,hsa:5138,O00408;Q8IW54,1,missing_uniprot_affinity_for_target
enzyme,D02229,135413523,Sildenafil Citrate,hsa:5140,A7E2E5;Q13370,1,feature_complete
enzyme,D02229,135413523,Sildenafil Citrate,hsa:5141,P27815,1,feature_complete
enzyme,D02229,135413523,Sildenafil Citrate,hsa:5142,Q07343;X5DNX5,1,feature_complete
enzyme,D02229,135413523,Sildenafil Citrate,hsa:5143,F6R4I1;O43849;Q08493;Q32MM7,1,feature_complete
enzyme,D02229,135413523,Sildenafil Citrate,hsa:5144,A0A140VJR0;Q08499,1,feature_complete
enzyme,D02229,135413523,Sildenafil Citrate,hsa:5147,O43924;Q6IB24,1,feature_complete
enzyme,D02229,135413523,Sildenafil Citrate,hsa:5148,P18545,1,feature_complete
enzyme,D02229,135413523,Sildenafil Citrate,hsa:5149,Q13956,1,missing_uniprot_affinity_for_target
enzyme,D02229,135413523,Sildenafil Citrate,hsa:5150,Q13946,1,feature_complete
enzyme,D02229,135413523,Sildenafil Citrate,hsa:5151,O60658,1,feature_complete
enzyme,D02229,135413523,Sildenafil Citrate,hsa:5152,A0A0S2Z4T6;O76083,1,feature_complete
enzyme,D02229,135413523,Sildenafil Citrate,hsa:8622,B3KN77;O95263,1,missing_uniprot_affinity_for_target
enzyme,D02229,135413523,Sildenafil Citrate,hsa:8654,O76074,1,feature_complete
enzyme,D02258,656846,Atorvastatin hemicalcium trihydrate,hsa:3156,P04035,1,missing_ligand_affinity_file
enzyme,D02267,169569,Sodium phosphonatoformate hexahydrate,hsa:7015,O14746,1,missing_ligand_affinity_file
enzyme,D02289,247839,Medrysone,hsa:5321,P47712,1,feature_complete
enzyme,D02290,23706216,Ocufen,hsa:5742,P23219,1,missing_ligand_affinity_file
enzyme,D02290,23706216,Ocufen,hsa:5743,P35354,1,missing_ligand_affinity_file
enzyme,D02304,5962,L-Lysine,hsa:3735,Q15046,1,feature_complete
enzyme,D02308,444972,Fumaric Acid,hsa:4200,P23368,1,feature_complete
enzyme,D02315,445639,Oleic Acid,hsa:2638,P02774,1,feature_complete
enzyme,D02321,2179,Amsacrine,hsa:7153,P11388,1,feature_complete
enzyme,D02321,2179,Amsacrine,hsa:7155,Q02880,1,feature_complete
enzyme,D02323,53359,Tolrestat,hsa:10327,P14550;V9HWI0,1,feature_complete
enzyme,D02323,53359,Tolrestat,hsa:231,P15121,1,feature_complete
enzyme,D02328,1613,Zopolrestat,hsa:231,P15121,1,feature_complete
enzyme,D02333,54675768,Coumermycin A1,hsa:7153,P11388,1,missing_ligand_affinity_file
enzyme,D02333,54675768,Coumermycin A1,hsa:7155,Q02880,1,missing_ligand_affinity_file
enzyme,D02335,4055,Menadione,hsa:10901,Q9BTZ2,1,feature_complete
enzyme,D02335,4055,Menadione,hsa:2147,P00734,1,feature_complete
enzyme,D02335,4055,Menadione,hsa:2155,P08709,1,feature_complete
enzyme,D02335,4055,Menadione,hsa:2158,P00740,1,feature_complete
enzyme,D02335,4055,Menadione,hsa:2159,P00742;Q5JVE7,1,feature_complete
enzyme,D02335,4055,Menadione,hsa:2677,P38435,1,missing_uniprot_affinity_for_target
enzyme,D02335,4055,Menadione,hsa:5624,P04070,1,feature_complete
enzyme,D02335,4055,Menadione,hsa:79001,A0A0S2Z6I4;Q9BQB6,1,feature_complete
enzyme,D02341,4037,Meclofenamic Acid,hsa:5742,P23219,1,feature_complete
enzyme,D02341,4037,Meclofenamic Acid,hsa:5743,P35354,1,feature_complete
enzyme,D02342,2405,Bisoprolol,hsa:1565,C1ID52;P10635;Q5Y7H2,1,feature_complete
enzyme,D02350,3342,Fenoprofen,hsa:5742,P23219,1,feature_complete
enzyme,D02350,3342,Fenoprofen,hsa:5743,P35354,1,feature_complete
enzyme,D02355,5509,Tolmetin,hsa:5742,P23219,1,feature_complete
enzyme,D02355,5509,Tolmetin,hsa:5743,P35354,1,feature_complete
enzyme,D02356,2520,Verapamil,hsa:13,P22760,1,missing_uniprot_affinity_for_target
enzyme,D02356,2520,Verapamil,hsa:1558,P10632,1,feature_complete
enzyme,D02356,2520,Verapamil,hsa:1576,P08684;Q6GRK0,1,feature_complete
enzyme,D02356,2520,Verapamil,hsa:759,P00915;V9HWE3,1,feature_complete
enzyme,D02368,60750,Gemcitabine,hsa:1633,F5CTF3;P27707,1,feature_complete
enzyme,D02368,60750,Gemcitabine,hsa:51727,P30085,1,feature_complete
enzyme,D02368,60750,Gemcitabine,hsa:6240,P23921,1,feature_complete
enzyme,D02368,60750,Gemcitabine,hsa:7298,P04818;Q53Y97,1,feature_complete
enzyme,D02375,1549008,Terbinafine,hsa:6713,Q14534;Q5HYI4,1,feature_complete
enzyme,D02418,657348,(-)-Physostigmine salicylate,hsa:43,P22303,1,feature_complete
enzyme,D02441,3295,Ethoxzolamide,hsa:759,P00915;V9HWE3,1,feature_complete
enzyme,D02451,59694,"Benzonitrile, 4-(5,6,7,8-tetrahydroimidazo(1,5-a)pyridin-5-yl)-, hydrochloride (1:1)",hsa:1543,A0N0X8;P04798,1,feature_complete
enzyme,D02451,59694,"Benzonitrile, 4-(5,6,7,8-tetrahydroimidazo(1,5-a)pyridin-5-yl)-, hydrochloride (1:1)",hsa:1544,P05177,1,feature_complete
enzyme,D02451,59694,"Benzonitrile, 4-(5,6,7,8-tetrahydroimidazo(1,5-a)pyridin-5-yl)-, hydrochloride (1:1)",hsa:1545,Q16678;Q53TK1,1,feature_complete
enzyme,D02451,59694,"Benzonitrile, 4-(5,6,7,8-tetrahydroimidazo(1,5-a)pyridin-5-yl)-, hydrochloride (1:1)",hsa:1548,P11509,1,feature_complete
enzyme,D02451,59694,"Benzonitrile, 4-(5,6,7,8-tetrahydroimidazo(1,5-a)pyridin-5-yl)-, hydrochloride (1:1)",hsa:1549,P20853,1,missing_uniprot_affinity_for_target
enzyme,D02451,59694,"Benzonitrile, 4-(5,6,7,8-tetrahydroimidazo(1,5-a)pyridin-5-yl)-, hydrochloride (1:1)",hsa:1551,P24462,1,feature_complete
enzyme,D02451,59694,"Benzonitrile, 4-(5,6,7,8-tetrahydroimidazo(1,5-a)pyridin-5-yl)-, hydrochloride (1:1)",hsa:1553,Q16696,1,feature_complete
enzyme,D02451,59694,"Benzonitrile, 4-(5,6,7,8-tetrahydroimidazo(1,5-a)pyridin-5-yl)-, hydrochloride (1:1)",hsa:1555,P20813,1,feature_complete
enzyme,D02451,59694,"Benzonitrile, 4-(5,6,7,8-tetrahydroimidazo(1,5-a)pyridin-5-yl)-, hydrochloride (1:1)",hsa:1557,P33261,1,feature_complete
enzyme,D02451,59694,"Benzonitrile, 4-(5,6,7,8-tetrahydroimidazo(1,5-a)pyridin-5-yl)-, hydrochloride (1:1)",hsa:1558,P10632,1,feature_complete
enzyme,D02451,59694,"Benzonitrile, 4-(5,6,7,8-tetrahydroimidazo(1,5-a)pyridin-5-yl)-, hydrochloride (1:1)",hsa:1559,P11712,1,feature_complete
enzyme,D02451,59694,"Benzonitrile, 4-(5,6,7,8-tetrahydroimidazo(1,5-a)pyridin-5-yl)-, hydrochloride (1:1)",hsa:1562,P33260;Q7Z348,1,feature_complete
enzyme,D02451,59694,"Benzonitrile, 4-(5,6,7,8-tetrahydroimidazo(1,5-a)pyridin-5-yl)-, hydrochloride (1:1)",hsa:1565,C1ID52;P10635;Q5Y7H2,1,feature_complete
enzyme,D02451,59694,"Benzonitrile, 4-(5,6,7,8-tetrahydroimidazo(1,5-a)pyridin-5-yl)-, hydrochloride (1:1)",hsa:1571,P05181,1,feature_complete
enzyme,D02451,59694,"Benzonitrile, 4-(5,6,7,8-tetrahydroimidazo(1,5-a)pyridin-5-yl)-, hydrochloride (1:1)",hsa:1572,P24903,1,missing_uniprot_affinity_for_target
enzyme,D02451,59694,"Benzonitrile, 4-(5,6,7,8-tetrahydroimidazo(1,5-a)pyridin-5-yl)-, hydrochloride (1:1)",hsa:1573,P51589,1,missing_uniprot_affinity_for_target
enzyme,D02451,59694,"Benzonitrile, 4-(5,6,7,8-tetrahydroimidazo(1,5-a)pyridin-5-yl)-, hydrochloride (1:1)",hsa:1576,P08684;Q6GRK0,1,feature_complete
enzyme,D02451,59694,"Benzonitrile, 4-(5,6,7,8-tetrahydroimidazo(1,5-a)pyridin-5-yl)-, hydrochloride (1:1)",hsa:1577,P20815,1,feature_complete
enzyme,D02451,59694,"Benzonitrile, 4-(5,6,7,8-tetrahydroimidazo(1,5-a)pyridin-5-yl)-, hydrochloride (1:1)",hsa:1580,P13584,1,missing_uniprot_affinity_for_target
enzyme,D02451,59694,"Benzonitrile, 4-(5,6,7,8-tetrahydroimidazo(1,5-a)pyridin-5-yl)-, hydrochloride (1:1)",hsa:1588,P11511;Q8IYG4;Q8TCA4,1,feature_complete
enzyme,D02451,59694,"Benzonitrile, 4-(5,6,7,8-tetrahydroimidazo(1,5-a)pyridin-5-yl)-, hydrochloride (1:1)",hsa:199974,Q86W10,1,missing_uniprot_affinity_for_target
enzyme,D02451,59694,"Benzonitrile, 4-(5,6,7,8-tetrahydroimidazo(1,5-a)pyridin-5-yl)-, hydrochloride (1:1)",hsa:260293,Q8N118,1,missing_uniprot_affinity_for_target
enzyme,D02451,59694,"Benzonitrile, 4-(5,6,7,8-tetrahydroimidazo(1,5-a)pyridin-5-yl)-, hydrochloride (1:1)",hsa:29785,Q96SQ9,1,missing_uniprot_affinity_for_target
enzyme,D02451,59694,"Benzonitrile, 4-(5,6,7,8-tetrahydroimidazo(1,5-a)pyridin-5-yl)-, hydrochloride (1:1)",hsa:64816,Q9HB55,1,missing_uniprot_affinity_for_target
enzyme,D02487,9570076,Proguanil Hydrochloride,hsa:1719,B0YJ76;P00374,1,feature_complete
enzyme,D02556,467825,Ravuconazole,hsa:1595,Q16850,1,feature_complete
enzyme,D02558,6918078,Rivastigmine Tartrate,hsa:43,P22303,1,feature_complete
enzyme,D02559,34521,Toloxatone,hsa:4128,P21397;Q49A63;Q53YE7,1,feature_complete
enzyme,D02559,34521,Toloxatone,hsa:4129,P27338,1,feature_complete
enzyme,D02560,44571,Brofaromine,hsa:4128,P21397;Q49A63;Q53YE7,1,feature_complete
enzyme,D02560,44571,Brofaromine,hsa:4129,P27338,1,feature_complete
enzyme,D02561,4235,Moclobemide,hsa:4128,P21397;Q49A63;Q53YE7,1,feature_complete
enzyme,D02561,4235,Moclobemide,hsa:4129,P27338,1,feature_complete
enzyme,D02562,3052775,Rasagiline Mesylate,hsa:4128,P21397;Q49A63;Q53YE7,1,feature_complete
enzyme,D02562,3052775,Rasagiline Mesylate,hsa:4129,P27338,1,feature_complete
enzyme,D02563,60824,Befloxatone,hsa:4128,P21397;Q49A63;Q53YE7,1,feature_complete
enzyme,D02563,60824,Befloxatone,hsa:4129,P27338,1,feature_complete
enzyme,D02564,9373,Pargyline Hydrochloride,hsa:4128,P21397;Q49A63;Q53YE7,1,feature_complete
enzyme,D02564,9373,Pargyline Hydrochloride,hsa:4129,P27338,1,feature_complete
enzyme,D02566,4011,Maprotiline,hsa:50484,Q7LG56,1,feature_complete
enzyme,D02579,3748,Iproniazid,hsa:4128,P21397;Q49A63;Q53YE7,1,feature_complete
enzyme,D02579,3748,Iproniazid,hsa:4129,P27338,1,feature_complete
enzyme,D02580,3759,Isocarboxazid,hsa:4128,P21397;Q49A63;Q53YE7,1,feature_complete
enzyme,D02580,3759,Isocarboxazid,hsa:4129,P27338,1,feature_complete
enzyme,D02581,52542,Cimoxatone,hsa:4128,P21397;Q49A63;Q53YE7,1,feature_complete
enzyme,D02581,52542,Cimoxatone,hsa:4129,P27338,1,feature_complete
enzyme,D02655,37274,Etazolate Hydrochloride,hsa:10846,Q9Y233,1,feature_complete
enzyme,D02655,37274,Etazolate Hydrochloride,hsa:27115,Q9NP56,1,missing_uniprot_affinity_for_target
enzyme,D02655,37274,Etazolate Hydrochloride,hsa:50940,Q9HCR9,1,missing_uniprot_affinity_for_target
enzyme,D02655,37274,Etazolate Hydrochloride,hsa:5136,P54750,1,missing_uniprot_affinity_for_target
enzyme,D02655,37274,Etazolate Hydrochloride,hsa:5137,Q14123,1,missing_uniprot_affinity_for_target
enzyme,D02655,37274,Etazolate Hydrochloride,hsa:5138,O00408;Q8IW54,1,missing_uniprot_affinity_for_target
enzyme,D02655,37274,Etazolate Hydrochloride,hsa:5140,A7E2E5;Q13370,1,feature_complete
enzyme,D02655,37274,Etazolate Hydrochloride,hsa:5141,P27815,1,feature_complete
enzyme,D02655,37274,Etazolate Hydrochloride,hsa:5142,Q07343;X5DNX5,1,feature_complete
enzyme,D02655,37274,Etazolate Hydrochloride,hsa:5143,F6R4I1;O43849;Q08493;Q32MM7,1,feature_complete
enzyme,D02655,37274,Etazolate Hydrochloride,hsa:5144,A0A140VJR0;Q08499,1,feature_complete
enzyme,D02655,37274,Etazolate Hydrochloride,hsa:5147,O43924;Q6IB24,1,feature_complete
enzyme,D02655,37274,Etazolate Hydrochloride,hsa:5148,P18545,1,feature_complete
enzyme,D02655,37274,Etazolate Hydrochloride,hsa:5149,Q13956,1,missing_uniprot_affinity_for_target
enzyme,D02655,37274,Etazolate Hydrochloride,hsa:5150,Q13946,1,feature_complete
enzyme,D02655,37274,Etazolate Hydrochloride,hsa:5151,O60658,1,missing_uniprot_affinity_for_target
enzyme,D02655,37274,Etazolate Hydrochloride,hsa:5152,A0A0S2Z4T6;O76083,1,feature_complete
enzyme,D02655,37274,Etazolate Hydrochloride,hsa:8622,B3KN77;O95263,1,missing_uniprot_affinity_for_target
enzyme,D02655,37274,Etazolate Hydrochloride,hsa:8654,O76074,1,feature_complete
enzyme,D02671,4078,Mesoridazine,hsa:1565,C1ID52;P10635;Q5Y7H2,1,feature_complete
enzyme,D02698,23724511,"(8aR,9R)-5-[[(4aR,6R,7R,8R,8aS)-7,8-dihydroxy-2-thiophen-2-yl-4,4a,6,7,8,8a-hexahydropyrano[3,2-d][1,3]dioxin-6-yl]oxy]-9-(4-hydroxy-3,5-dimethoxyphenyl)-5a,6,8a,9-tetrahydro-5H-[2]benzofuro[6,5-f][1,3]benzodioxol-8-one",hsa:7153,P11388,1,missing_ligand_affinity_file
enzyme,D02698,23724511,"(8aR,9R)-5-[[(4aR,6R,7R,8R,8aS)-7,8-dihydroxy-2-thiophen-2-yl-4,4a,6,7,8,8a-hexahydropyrano[3,2-d][1,3]dioxin-6-yl]oxy]-9-(4-hydroxy-3,5-dimethoxyphenyl)-5a,6,8a,9-tetrahydro-5H-[2]benzofuro[6,5-f][1,3]benzodioxol-8-one",hsa:7155,Q02880,1,missing_ligand_affinity_file
enzyme,D02709,119607,Valdecoxib,hsa:5742,P23219,1,feature_complete
enzyme,D02709,119607,Valdecoxib,hsa:5743,P35354,1,feature_complete
enzyme,D02729,129791,Itopride Hydrochloride,hsa:43,P22303,1,feature_complete
enzyme,D02729,129791,Itopride Hydrochloride,hsa:590,P06276,1,feature_complete
enzyme,D02731,135414253,Vardenafil Dihydrochloride,hsa:10846,Q9Y233,1,missing_ligand_affinity_file
enzyme,D02731,135414253,Vardenafil Dihydrochloride,hsa:27115,Q9NP56,1,missing_ligand_affinity_file
enzyme,D02731,135414253,Vardenafil Dihydrochloride,hsa:50940,Q9HCR9,1,missing_ligand_affinity_file
enzyme,D02731,135414253,Vardenafil Dihydrochloride,hsa:5136,P54750,1,missing_ligand_affinity_file
enzyme,D02731,135414253,Vardenafil Dihydrochloride,hsa:5137,Q14123,1,missing_ligand_affinity_file
enzyme,D02731,135414253,Vardenafil Dihydrochloride,hsa:5138,O00408;Q8IW54,1,missing_ligand_affinity_file
enzyme,D02731,135414253,Vardenafil Dihydrochloride,hsa:5140,A7E2E5;Q13370,1,missing_ligand_affinity_file
enzyme,D02731,135414253,Vardenafil Dihydrochloride,hsa:5141,P27815,1,missing_ligand_affinity_file
enzyme,D02731,135414253,Vardenafil Dihydrochloride,hsa:5142,Q07343;X5DNX5,1,missing_ligand_affinity_file
enzyme,D02731,135414253,Vardenafil Dihydrochloride,hsa:5143,F6R4I1;O43849;Q08493;Q32MM7,1,missing_ligand_affinity_file
enzyme,D02731,135414253,Vardenafil Dihydrochloride,hsa:5144,A0A140VJR0;Q08499,1,missing_ligand_affinity_file
enzyme,D02731,135414253,Vardenafil Dihydrochloride,hsa:5147,O43924;Q6IB24,1,missing_ligand_affinity_file
enzyme,D02731,135414253,Vardenafil Dihydrochloride,hsa:5148,P18545,1,missing_ligand_affinity_file
enzyme,D02731,135414253,Vardenafil Dihydrochloride,hsa:5149,Q13956,1,missing_ligand_affinity_file
enzyme,D02731,135414253,Vardenafil Dihydrochloride,hsa:5150,Q13946,1,missing_ligand_affinity_file
enzyme,D02731,135414253,Vardenafil Dihydrochloride,hsa:5151,O60658,1,missing_ligand_affinity_file
enzyme,D02731,135414253,Vardenafil Dihydrochloride,hsa:5152,A0A0S2Z4T6;O76083,1,missing_ligand_affinity_file
enzyme,D02731,135414253,Vardenafil Dihydrochloride,hsa:8622,B3KN77;O95263,1,missing_ligand_affinity_file
enzyme,D02731,135414253,Vardenafil Dihydrochloride,hsa:8654,O76074,1,missing_ligand_affinity_file
enzyme,D02756,451415,Aclarubicin,hsa:116447,E5KMK7;Q969P6,1,missing_ligand_affinity_file
enzyme,D02756,451415,Aclarubicin,hsa:7150,P11387;Q9BVT2,1,missing_ligand_affinity_file
enzyme,D02756,451415,Aclarubicin,hsa:7153,P11388,1,missing_ligand_affinity_file
enzyme,D02756,451415,Aclarubicin,hsa:7155,Q02880,1,missing_ligand_affinity_file
enzyme,D02756,451415,Aclarubicin,hsa:7156,Q13472,1,missing_ligand_affinity_file
enzyme,D02756,451415,Aclarubicin,hsa:8940,O95985,1,missing_ligand_affinity_file
enzyme,D02769,6083,Adenosine Monophosphate,hsa:107,Q08828,1,missing_uniprot_affinity_for_target
enzyme,D02769,6083,Adenosine Monophosphate,hsa:132,P55263,1,feature_complete
enzyme,D02769,6083,Adenosine Monophosphate,hsa:2180,A8K9T3;P33121,1,missing_uniprot_affinity_for_target
enzyme,D02769,6083,Adenosine Monophosphate,hsa:270,P23109,1,missing_uniprot_affinity_for_target
enzyme,D02769,6083,Adenosine Monophosphate,hsa:353,P07741,1,feature_complete
enzyme,D02769,6083,Adenosine Monophosphate,hsa:5562,Q13131,1,feature_complete
enzyme,D02769,6083,Adenosine Monophosphate,hsa:55902,Q6DKJ3;Q9NR19,1,missing_uniprot_affinity_for_target
enzyme,D02769,6083,Adenosine Monophosphate,hsa:5834,P11216,1,feature_complete
enzyme,D02769,6083,Adenosine Monophosphate,hsa:5836,P06737,1,feature_complete
enzyme,D02769,6083,Adenosine Monophosphate,hsa:5837,P11217,1,feature_complete
enzyme,D02769,6083,Adenosine Monophosphate,hsa:84532,Q9NUB1,1,feature_complete
enzyme,D02835,23683779,Alrestatin Sodium,hsa:231,P15121,1,feature_complete
enzyme,D02880,9910986,Flavopiridol hydrochloride,hsa:1017,P24941,1,missing_ligand_affinity_file
enzyme,D02880,9910986,Flavopiridol hydrochloride,hsa:1018,Q00526,1,missing_ligand_affinity_file
enzyme,D02880,9910986,Flavopiridol hydrochloride,hsa:1019,P11802,1,missing_ligand_affinity_file
enzyme,D02880,9910986,Flavopiridol hydrochloride,hsa:1020,A0A090N7W4;Q00535,1,missing_ligand_affinity_file
enzyme,D02880,9910986,Flavopiridol hydrochloride,hsa:1021,Q00534,1,missing_ligand_affinity_file
enzyme,D02880,9910986,Flavopiridol hydrochloride,hsa:1022,A0A0S2Z3F9;P50613,1,missing_ligand_affinity_file
enzyme,D02880,9910986,Flavopiridol hydrochloride,hsa:1024,P49336,1,missing_ligand_affinity_file
enzyme,D02880,9910986,Flavopiridol hydrochloride,hsa:1025,P50750,1,missing_ligand_affinity_file
enzyme,D02880,9910986,Flavopiridol hydrochloride,hsa:23097,Q9BWU1,1,missing_ligand_affinity_file
enzyme,D02880,9910986,Flavopiridol hydrochloride,hsa:4281,O15344,1,missing_ligand_affinity_file
enzyme,D02880,9910986,Flavopiridol hydrochloride,hsa:8558,B7Z537;Q15131,1,missing_ligand_affinity_file
enzyme,D02880,9910986,Flavopiridol hydrochloride,hsa:983,P06493,1,missing_ligand_affinity_file
enzyme,D03012,166558,Avasimibe,hsa:6646,P35610,1,feature_complete
enzyme,D03012,166558,Avasimibe,hsa:8435,O75908,1,feature_complete
enzyme,D03034,2266,Azelaic Acid,hsa:6716,P31213,1,feature_complete
enzyme,D03034,2266,Azelaic Acid,hsa:7299,L8B082;P14679,1,feature_complete
enzyme,D03077,5463984,Benazeprilat,hsa:1636,B4DKH4;P12821,1,feature_complete
enzyme,D03115,23724856,Fasudil Hydrochloride Hydrate,hsa:1432,Q16539,1,missing_ligand_affinity_file
enzyme,D03115,23724856,Fasudil Hydrochloride Hydrate,hsa:225689,Q8TD08,1,missing_ligand_affinity_file
enzyme,D03115,23724856,Fasudil Hydrochloride Hydrate,hsa:5594,P28482;Q499G7,1,missing_ligand_affinity_file
enzyme,D03115,23724856,Fasudil Hydrochloride Hydrate,hsa:5595,L7RXH5;P27361,1,missing_ligand_affinity_file
enzyme,D03115,23724856,Fasudil Hydrochloride Hydrate,hsa:5596,P31152,1,missing_ligand_affinity_file
enzyme,D03115,23724856,Fasudil Hydrochloride Hydrate,hsa:5597,Q16659,1,missing_ligand_affinity_file
enzyme,D03115,23724856,Fasudil Hydrochloride Hydrate,hsa:5598,Q13164,1,missing_ligand_affinity_file
enzyme,D03115,23724856,Fasudil Hydrochloride Hydrate,hsa:5599,P45983,1,missing_ligand_affinity_file
enzyme,D03115,23724856,Fasudil Hydrochloride Hydrate,hsa:5600,Q15759,1,missing_ligand_affinity_file
enzyme,D03115,23724856,Fasudil Hydrochloride Hydrate,hsa:5601,P45984,1,missing_ligand_affinity_file
enzyme,D03115,23724856,Fasudil Hydrochloride Hydrate,hsa:5602,P53779,1,missing_ligand_affinity_file
enzyme,D03115,23724856,Fasudil Hydrochloride Hydrate,hsa:5603,A0A024RD04;O15264,1,missing_ligand_affinity_file
enzyme,D03115,23724856,Fasudil Hydrochloride Hydrate,hsa:6300,P53778,1,missing_ligand_affinity_file
enzyme,D03208,5493444,Aliskiren,hsa:5972,P00797,1,feature_complete
enzyme,D03217,6450551,Axitinib,hsa:10846,Q9Y233,1,feature_complete
enzyme,D03217,6450551,Axitinib,hsa:27115,Q9NP56,1,missing_uniprot_affinity_for_target
enzyme,D03217,6450551,Axitinib,hsa:50940,Q9HCR9,1,missing_uniprot_affinity_for_target
enzyme,D03217,6450551,Axitinib,hsa:5136,P54750,1,missing_uniprot_affinity_for_target
enzyme,D03217,6450551,Axitinib,hsa:5137,Q14123,1,missing_uniprot_affinity_for_target
enzyme,D03217,6450551,Axitinib,hsa:5138,O00408;Q8IW54,1,feature_complete
enzyme,D03217,6450551,Axitinib,hsa:5140,A7E2E5;Q13370,1,feature_complete
enzyme,D03217,6450551,Axitinib,hsa:5141,P27815,1,feature_complete
enzyme,D03217,6450551,Axitinib,hsa:5142,Q07343;X5DNX5,1,feature_complete
enzyme,D03217,6450551,Axitinib,hsa:5143,F6R4I1;O43849;Q08493;Q32MM7,1,feature_complete
enzyme,D03217,6450551,Axitinib,hsa:5144,A0A140VJR0;Q08499,1,feature_complete
enzyme,D03217,6450551,Axitinib,hsa:5147,O43924;Q6IB24,1,feature_complete
enzyme,D03217,6450551,Axitinib,hsa:5148,P18545,1,feature_complete
enzyme,D03217,6450551,Axitinib,hsa:5149,Q13956,1,missing_uniprot_affinity_for_target
enzyme,D03217,6450551,Axitinib,hsa:5150,Q13946,1,feature_complete
enzyme,D03217,6450551,Axitinib,hsa:5151,O60658,1,feature_complete
enzyme,D03217,6450551,Axitinib,hsa:5152,A0A0S2Z4T6;O76083,1,feature_complete
enzyme,D03217,6450551,Axitinib,hsa:8622,B3KN77;O95263,1,missing_uniprot_affinity_for_target
enzyme,D03217,6450551,Axitinib,hsa:8654,O76074,1,feature_complete
enzyme,D03218,5328940,Bosutinib,hsa:10461,Q12866,1,feature_complete
enzyme,D03218,5328940,Bosutinib,hsa:1436,P07333,1,feature_complete
enzyme,D03218,5328940,Bosutinib,hsa:1956,F2YGG7;F6QWY5;P00533;Q504U8,1,feature_complete
enzyme,D03218,5328940,Bosutinib,hsa:1969,P29317,1,missing_uniprot_affinity_for_target
enzyme,D03218,5328940,Bosutinib,hsa:2041,P21709,1,feature_complete
enzyme,D03218,5328940,Bosutinib,hsa:2042,A0A140VJJ0;P29320;Q6P4R6,1,feature_complete
enzyme,D03218,5328940,Bosutinib,hsa:2043,P54764,1,feature_complete
enzyme,D03218,5328940,Bosutinib,hsa:2044,A0A087WX63;A0A384MU00;B7ZKJ3;P54756;Q59FT4,1,feature_complete
enzyme,D03218,5328940,Bosutinib,hsa:2045,Q15375,1,feature_complete
enzyme,D03218,5328940,Bosutinib,hsa:2046,P29322,1,feature_complete
enzyme,D03218,5328940,Bosutinib,hsa:2047,P54762,1,feature_complete
enzyme,D03218,5328940,Bosutinib,hsa:2048,F6TUL7;P29323;Q4LE53;Q6NVW1,1,feature_complete
enzyme,D03218,5328940,Bosutinib,hsa:2049,P54753,1,feature_complete
enzyme,D03218,5328940,Bosutinib,hsa:2050,F6RDZ0;P54760;Q96L35,1,feature_complete
enzyme,D03218,5328940,Bosutinib,hsa:2051,,1,missing_kegg_target_to_uniprot
enzyme,D03218,5328940,Bosutinib,hsa:2064,P04626;X5DNK3,1,feature_complete
enzyme,D03218,5328940,Bosutinib,hsa:2065,P21860,1,feature_complete
enzyme,D03218,5328940,Bosutinib,hsa:2066,Q15303,1,feature_complete
enzyme,D03218,5328940,Bosutinib,hsa:2260,P11362,1,feature_complete
enzyme,D03218,5328940,Bosutinib,hsa:2261,P22607;Q0IJ44,1,feature_complete
enzyme,D03218,5328940,Bosutinib,hsa:2263,P21802,1,feature_complete
enzyme,D03218,5328940,Bosutinib,hsa:2264,P22455,1,feature_complete
enzyme,D03218,5328940,Bosutinib,hsa:2321,P17948,1,missing_uniprot_affinity_for_target
enzyme,D03218,5328940,Bosutinib,hsa:2322,P36888,1,feature_complete
enzyme,D03218,5328940,Bosutinib,hsa:2324,P35916,1,feature_complete
enzyme,D03218,5328940,Bosutinib,hsa:238,B6D4Y2;Q9UM73,1,feature_complete
enzyme,D03218,5328940,Bosutinib,hsa:285220,Q9UF33,1,missing_uniprot_affinity_for_target
enzyme,D03218,5328940,Bosutinib,hsa:3480,P08069,1,missing_uniprot_affinity_for_target
enzyme,D03218,5328940,Bosutinib,hsa:3643,P06213,1,missing_uniprot_affinity_for_target
enzyme,D03218,5328940,Bosutinib,hsa:3645,P14616,1,missing_uniprot_affinity_for_target
enzyme,D03218,5328940,Bosutinib,hsa:3791,P35968,1,feature_complete
enzyme,D03218,5328940,Bosutinib,hsa:3815,P10721,1,feature_complete
enzyme,D03218,5328940,Bosutinib,hsa:4058,P29376,1,feature_complete
enzyme,D03218,5328940,Bosutinib,hsa:4233,P08581,1,feature_complete
enzyme,D03218,5328940,Bosutinib,hsa:4486,Q04912,1,feature_complete
enzyme,D03218,5328940,Bosutinib,hsa:4593,O15146,1,missing_uniprot_affinity_for_target
enzyme,D03218,5328940,Bosutinib,hsa:4914,P04629,1,feature_complete
enzyme,D03218,5328940,Bosutinib,hsa:4915,Q16620;Q548C2;Q5VWE5,1,feature_complete
enzyme,D03218,5328940,Bosutinib,hsa:4916,Q16288;X5D2R1,1,feature_complete
enzyme,D03218,5328940,Bosutinib,hsa:4919,Q01973,1,feature_complete
enzyme,D03218,5328940,Bosutinib,hsa:4920,Q01974,1,feature_complete
enzyme,D03218,5328940,Bosutinib,hsa:4921,Q16832,1,feature_complete
enzyme,D03218,5328940,Bosutinib,hsa:5156,P16234,1,feature_complete
enzyme,D03218,5328940,Bosutinib,hsa:5159,P09619;Q59F04,1,feature_complete
enzyme,D03218,5328940,Bosutinib,hsa:558,P30530,1,feature_complete
enzyme,D03218,5328940,Bosutinib,hsa:5754,Q13308,1,feature_complete
enzyme,D03218,5328940,Bosutinib,hsa:5979,P07949,1,missing_uniprot_affinity_for_target
enzyme,D03218,5328940,Bosutinib,hsa:6098,P08922,1,feature_complete
enzyme,D03218,5328940,Bosutinib,hsa:6259,P34925;Q59FQ5;Q8WTZ8,1,feature_complete
enzyme,D03218,5328940,Bosutinib,hsa:7010,Q02763;Q59HG2,1,feature_complete
enzyme,D03218,5328940,Bosutinib,hsa:7075,P35590,1,feature_complete
enzyme,D03218,5328940,Bosutinib,hsa:7301,Q06418,1,feature_complete
enzyme,D03218,5328940,Bosutinib,hsa:780,Q08345,1,feature_complete
enzyme,D03252,135413545,Vardenafil Hydrochloride Trihydrate,hsa:10461,Q12866,1,missing_ligand_affinity_file
enzyme,D03252,135413545,Vardenafil Hydrochloride Trihydrate,hsa:1436,P07333,1,missing_ligand_affinity_file
enzyme,D03252,135413545,Vardenafil Hydrochloride Trihydrate,hsa:1956,F2YGG7;F6QWY5;P00533;Q504U8,1,missing_ligand_affinity_file
enzyme,D03252,135413545,Vardenafil Hydrochloride Trihydrate,hsa:1969,P29317,1,missing_ligand_affinity_file
enzyme,D03252,135413545,Vardenafil Hydrochloride Trihydrate,hsa:2041,P21709,1,missing_ligand_affinity_file
enzyme,D03252,135413545,Vardenafil Hydrochloride Trihydrate,hsa:2042,A0A140VJJ0;P29320;Q6P4R6,1,missing_ligand_affinity_file
enzyme,D03252,135413545,Vardenafil Hydrochloride Trihydrate,hsa:2043,P54764,1,missing_ligand_affinity_file
enzyme,D03252,135413545,Vardenafil Hydrochloride Trihydrate,hsa:2044,A0A087WX63;A0A384MU00;B7ZKJ3;P54756;Q59FT4,1,missing_ligand_affinity_file
enzyme,D03252,135413545,Vardenafil Hydrochloride Trihydrate,hsa:2045,Q15375,1,missing_ligand_affinity_file
enzyme,D03252,135413545,Vardenafil Hydrochloride Trihydrate,hsa:2046,P29322,1,missing_ligand_affinity_file
enzyme,D03252,135413545,Vardenafil Hydrochloride Trihydrate,hsa:2047,P54762,1,missing_ligand_affinity_file
enzyme,D03252,135413545,Vardenafil Hydrochloride Trihydrate,hsa:2048,F6TUL7;P29323;Q4LE53;Q6NVW1,1,missing_ligand_affinity_file
enzyme,D03252,135413545,Vardenafil Hydrochloride Trihydrate,hsa:2049,P54753,1,missing_ligand_affinity_file
enzyme,D03252,135413545,Vardenafil Hydrochloride Trihydrate,hsa:2050,F6RDZ0;P54760;Q96L35,1,missing_ligand_affinity_file
enzyme,D03252,135413545,Vardenafil Hydrochloride Trihydrate,hsa:2051,,1,missing_ligand_affinity_file
enzyme,D03252,135413545,Vardenafil Hydrochloride Trihydrate,hsa:2064,P04626;X5DNK3,1,missing_ligand_affinity_file
enzyme,D03252,135413545,Vardenafil Hydrochloride Trihydrate,hsa:2065,P21860,1,missing_ligand_affinity_file
enzyme,D03252,135413545,Vardenafil Hydrochloride Trihydrate,hsa:2066,Q15303,1,missing_ligand_affinity_file
enzyme,D03252,135413545,Vardenafil Hydrochloride Trihydrate,hsa:2260,P11362,1,missing_ligand_affinity_file
enzyme,D03252,135413545,Vardenafil Hydrochloride Trihydrate,hsa:2261,P22607;Q0IJ44,1,missing_ligand_affinity_file
enzyme,D03252,135413545,Vardenafil Hydrochloride Trihydrate,hsa:2263,P21802,1,missing_ligand_affinity_file
enzyme,D03252,135413545,Vardenafil Hydrochloride Trihydrate,hsa:2264,P22455,1,missing_ligand_affinity_file
enzyme,D03252,135413545,Vardenafil Hydrochloride Trihydrate,hsa:2321,P17948,1,missing_ligand_affinity_file
enzyme,D03252,135413545,Vardenafil Hydrochloride Trihydrate,hsa:2322,P36888,1,missing_ligand_affinity_file
enzyme,D03252,135413545,Vardenafil Hydrochloride Trihydrate,hsa:2324,P35916,1,missing_ligand_affinity_file
enzyme,D03252,135413545,Vardenafil Hydrochloride Trihydrate,hsa:238,B6D4Y2;Q9UM73,1,missing_ligand_affinity_file
enzyme,D03252,135413545,Vardenafil Hydrochloride Trihydrate,hsa:285220,Q9UF33,1,missing_ligand_affinity_file
enzyme,D03252,135413545,Vardenafil Hydrochloride Trihydrate,hsa:3480,P08069,1,missing_ligand_affinity_file
enzyme,D03252,135413545,Vardenafil Hydrochloride Trihydrate,hsa:3643,P06213,1,missing_ligand_affinity_file
enzyme,D03252,135413545,Vardenafil Hydrochloride Trihydrate,hsa:3645,P14616,1,missing_ligand_affinity_file
enzyme,D03252,135413545,Vardenafil Hydrochloride Trihydrate,hsa:3791,P35968,1,missing_ligand_affinity_file
enzyme,D03252,135413545,Vardenafil Hydrochloride Trihydrate,hsa:3815,P10721,1,missing_ligand_affinity_file
enzyme,D03252,135413545,Vardenafil Hydrochloride Trihydrate,hsa:4058,P29376,1,missing_ligand_affinity_file
enzyme,D03252,135413545,Vardenafil Hydrochloride Trihydrate,hsa:4233,P08581,1,missing_ligand_affinity_file
enzyme,D03252,135413545,Vardenafil Hydrochloride Trihydrate,hsa:4486,Q04912,1,missing_ligand_affinity_file
enzyme,D03252,135413545,Vardenafil Hydrochloride Trihydrate,hsa:4593,O15146,1,missing_ligand_affinity_file
enzyme,D03252,135413545,Vardenafil Hydrochloride Trihydrate,hsa:4914,P04629,1,missing_ligand_affinity_file
enzyme,D03252,135413545,Vardenafil Hydrochloride Trihydrate,hsa:4915,Q16620;Q548C2;Q5VWE5,1,missing_ligand_affinity_file
enzyme,D03252,135413545,Vardenafil Hydrochloride Trihydrate,hsa:4916,Q16288;X5D2R1,1,missing_ligand_affinity_file
enzyme,D03252,135413545,Vardenafil Hydrochloride Trihydrate,hsa:4919,Q01973,1,missing_ligand_affinity_file
enzyme,D03252,135413545,Vardenafil Hydrochloride Trihydrate,hsa:4920,Q01974,1,missing_ligand_affinity_file
enzyme,D03252,135413545,Vardenafil Hydrochloride Trihydrate,hsa:4921,Q16832,1,missing_ligand_affinity_file
enzyme,D03252,135413545,Vardenafil Hydrochloride Trihydrate,hsa:5156,P16234,1,missing_ligand_affinity_file
enzyme,D03252,135413545,Vardenafil Hydrochloride Trihydrate,hsa:5159,P09619;Q59F04,1,missing_ligand_affinity_file
enzyme,D03252,135413545,Vardenafil Hydrochloride Trihydrate,hsa:558,P30530,1,missing_ligand_affinity_file
enzyme,D03252,135413545,Vardenafil Hydrochloride Trihydrate,hsa:5754,Q13308,1,missing_ligand_affinity_file
enzyme,D03252,135413545,Vardenafil Hydrochloride Trihydrate,hsa:5979,P07949,1,missing_ligand_affinity_file
enzyme,D03252,135413545,Vardenafil Hydrochloride Trihydrate,hsa:6098,P08922,1,missing_ligand_affinity_file
enzyme,D03252,135413545,Vardenafil Hydrochloride Trihydrate,hsa:6259,P34925;Q59FQ5;Q8WTZ8,1,missing_ligand_affinity_file
enzyme,D03252,135413545,Vardenafil Hydrochloride Trihydrate,hsa:7010,Q02763;Q59HG2,1,missing_ligand_affinity_file
enzyme,D03252,135413545,Vardenafil Hydrochloride Trihydrate,hsa:7075,P35590,1,missing_ligand_affinity_file
enzyme,D03252,135413545,Vardenafil Hydrochloride Trihydrate,hsa:7301,Q06418,1,missing_ligand_affinity_file
enzyme,D03252,135413545,Vardenafil Hydrochloride Trihydrate,hsa:780,Q08345,1,missing_ligand_affinity_file
enzyme,D03260,6431825,Chlorpromazine Hibenzate,hsa:10846,Q9Y233,1,feature_complete
enzyme,D03260,6431825,Chlorpromazine Hibenzate,hsa:27115,Q9NP56,1,missing_uniprot_affinity_for_target
enzyme,D03260,6431825,Chlorpromazine Hibenzate,hsa:50940,Q9HCR9,1,missing_uniprot_affinity_for_target
enzyme,D03260,6431825,Chlorpromazine Hibenzate,hsa:5136,P54750,1,missing_uniprot_affinity_for_target
enzyme,D03260,6431825,Chlorpromazine Hibenzate,hsa:5137,Q14123,1,missing_uniprot_affinity_for_target
enzyme,D03260,6431825,Chlorpromazine Hibenzate,hsa:5138,O00408;Q8IW54,1,missing_uniprot_affinity_for_target
enzyme,D03260,6431825,Chlorpromazine Hibenzate,hsa:5140,A7E2E5;Q13370,1,feature_complete
enzyme,D03260,6431825,Chlorpromazine Hibenzate,hsa:5141,P27815,1,feature_complete
enzyme,D03260,6431825,Chlorpromazine Hibenzate,hsa:5142,Q07343;X5DNX5,1,feature_complete
enzyme,D03260,6431825,Chlorpromazine Hibenzate,hsa:5143,F6R4I1;O43849;Q08493;Q32MM7,1,feature_complete
enzyme,D03260,6431825,Chlorpromazine Hibenzate,hsa:5144,A0A140VJR0;Q08499,1,feature_complete
enzyme,D03260,6431825,Chlorpromazine Hibenzate,hsa:5147,O43924;Q6IB24,1,feature_complete
enzyme,D03260,6431825,Chlorpromazine Hibenzate,hsa:5148,P18545,1,feature_complete
enzyme,D03260,6431825,Chlorpromazine Hibenzate,hsa:5149,Q13956,1,missing_uniprot_affinity_for_target
enzyme,D03260,6431825,Chlorpromazine Hibenzate,hsa:5150,Q13946,1,feature_complete
enzyme,D03260,6431825,Chlorpromazine Hibenzate,hsa:5151,O60658,1,feature_complete
enzyme,D03260,6431825,Chlorpromazine Hibenzate,hsa:5152,A0A0S2Z4T6;O76083,1,feature_complete
enzyme,D03260,6431825,Chlorpromazine Hibenzate,hsa:8622,B3KN77;O95263,1,missing_uniprot_affinity_for_target
enzyme,D03260,6431825,Chlorpromazine Hibenzate,hsa:8654,O76074,1,feature_complete
enzyme,D03350,89594,Nicotine,hsa:10461,Q12866,1,feature_complete
enzyme,D03350,89594,Nicotine,hsa:1436,P07333,1,feature_complete
enzyme,D03350,89594,Nicotine,hsa:1956,F2YGG7;F6QWY5;P00533;Q504U8,1,feature_complete
enzyme,D03350,89594,Nicotine,hsa:1969,P29317,1,feature_complete
enzyme,D03350,89594,Nicotine,hsa:2041,P21709,1,feature_complete
enzyme,D03350,89594,Nicotine,hsa:2042,A0A140VJJ0;P29320;Q6P4R6,1,feature_complete
enzyme,D03350,89594,Nicotine,hsa:2043,P54764,1,feature_complete
enzyme,D03350,89594,Nicotine,hsa:2044,A0A087WX63;A0A384MU00;B7ZKJ3;P54756;Q59FT4,1,feature_complete
enzyme,D03350,89594,Nicotine,hsa:2045,Q15375,1,feature_complete
enzyme,D03350,89594,Nicotine,hsa:2046,P29322,1,feature_complete
enzyme,D03350,89594,Nicotine,hsa:2047,P54762,1,feature_complete
enzyme,D03350,89594,Nicotine,hsa:2048,F6TUL7;P29323;Q4LE53;Q6NVW1,1,feature_complete
enzyme,D03350,89594,Nicotine,hsa:2049,P54753,1,feature_complete
enzyme,D03350,89594,Nicotine,hsa:2050,F6RDZ0;P54760;Q96L35,1,feature_complete
enzyme,D03350,89594,Nicotine,hsa:2051,,1,missing_kegg_target_to_uniprot
enzyme,D03350,89594,Nicotine,hsa:2064,P04626;X5DNK3,1,feature_complete
enzyme,D03350,89594,Nicotine,hsa:2065,P21860,1,feature_complete
enzyme,D03350,89594,Nicotine,hsa:2066,Q15303,1,feature_complete
enzyme,D03350,89594,Nicotine,hsa:2260,P11362,1,feature_complete
enzyme,D03350,89594,Nicotine,hsa:2261,P22607;Q0IJ44,1,feature_complete
enzyme,D03350,89594,Nicotine,hsa:2263,P21802,1,feature_complete
enzyme,D03350,89594,Nicotine,hsa:2264,P22455,1,feature_complete
enzyme,D03350,89594,Nicotine,hsa:2321,P17948,1,missing_uniprot_affinity_for_target
enzyme,D03350,89594,Nicotine,hsa:2322,P36888,1,feature_complete
enzyme,D03350,89594,Nicotine,hsa:2324,P35916,1,feature_complete
enzyme,D03350,89594,Nicotine,hsa:238,B6D4Y2;Q9UM73,1,feature_complete
enzyme,D03350,89594,Nicotine,hsa:285220,Q9UF33,1,missing_uniprot_affinity_for_target
enzyme,D03350,89594,Nicotine,hsa:3480,P08069,1,feature_complete
enzyme,D03350,89594,Nicotine,hsa:3643,P06213,1,feature_complete
enzyme,D03350,89594,Nicotine,hsa:3645,P14616,1,feature_complete
enzyme,D03350,89594,Nicotine,hsa:3791,P35968,1,feature_complete
enzyme,D03350,89594,Nicotine,hsa:3815,P10721,1,feature_complete
enzyme,D03350,89594,Nicotine,hsa:4058,P29376,1,feature_complete
enzyme,D03350,89594,Nicotine,hsa:4233,P08581,1,feature_complete
enzyme,D03350,89594,Nicotine,hsa:4486,Q04912,1,feature_complete
enzyme,D03350,89594,Nicotine,hsa:4593,O15146,1,missing_uniprot_affinity_for_target
enzyme,D03350,89594,Nicotine,hsa:4914,P04629,1,feature_complete
enzyme,D03350,89594,Nicotine,hsa:4915,Q16620;Q548C2;Q5VWE5,1,feature_complete
enzyme,D03350,89594,Nicotine,hsa:4916,Q16288;X5D2R1,1,feature_complete
enzyme,D03350,89594,Nicotine,hsa:4919,Q01973,1,feature_complete
enzyme,D03350,89594,Nicotine,hsa:4920,Q01974,1,feature_complete
enzyme,D03350,89594,Nicotine,hsa:4921,Q16832,1,feature_complete
enzyme,D03350,89594,Nicotine,hsa:5156,P16234,1,feature_complete
enzyme,D03350,89594,Nicotine,hsa:5159,P09619;Q59F04,1,feature_complete
enzyme,D03350,89594,Nicotine,hsa:558,P30530,1,feature_complete
enzyme,D03350,89594,Nicotine,hsa:5754,Q13308,1,feature_complete
enzyme,D03350,89594,Nicotine,hsa:5979,P07949,1,feature_complete
enzyme,D03350,89594,Nicotine,hsa:6098,P08922,1,feature_complete
enzyme,D03350,89594,Nicotine,hsa:6259,P34925;Q59FQ5;Q8WTZ8,1,feature_complete
enzyme,D03350,89594,Nicotine,hsa:7010,Q02763;Q59HG2,1,feature_complete
enzyme,D03350,89594,Nicotine,hsa:7075,P35590,1,feature_complete
enzyme,D03350,89594,Nicotine,hsa:7301,Q06418,1,feature_complete
enzyme,D03350,89594,Nicotine,hsa:780,Q08345,1,feature_complete
enzyme,D03365,11954344,Carvedilol Phosphate,hsa:1549,P20853,1,missing_ligand_affinity_file
enzyme,D03365,11954344,Carvedilol Phosphate,hsa:1553,Q16696,1,missing_ligand_affinity_file
enzyme,D03365,11954344,Carvedilol Phosphate,hsa:2328,A0A024R8Z4;P31513;Q53FW5,1,missing_ligand_affinity_file
enzyme,D03433,189729,Ceronapril,hsa:2548,P10253,1,feature_complete
enzyme,D03433,189729,Ceronapril,hsa:2595,Q8TET4,1,missing_uniprot_affinity_for_target
enzyme,D03433,189729,Ceronapril,hsa:8972,O43451,1,feature_complete
enzyme,D03440,16129675,Ceruletide,hsa:1636,B4DKH4;P12821,1,missing_ligand_affinity_file
enzyme,D03601,6726,Cyclizine,hsa:3156,P04035,1,feature_complete
enzyme,D03643,444031,Darifenacin,hsa:3156,P04035,1,feature_complete
enzyme,D03670,3058754,Deracoxib,hsa:10549,Q13162;V9HW63,1,feature_complete
enzyme,D03670,3058754,Deracoxib,hsa:10858,Q9Y6A2,1,feature_complete
enzyme,D03670,3058754,Deracoxib,hsa:10935,A0A384MTR2;P30048,1,feature_complete
enzyme,D03670,3058754,Deracoxib,hsa:1537,P08574,1,feature_complete
enzyme,D03670,3058754,Deracoxib,hsa:1543,A0N0X8;P04798,1,feature_complete
enzyme,D03670,3058754,Deracoxib,hsa:1544,P05177,1,feature_complete
enzyme,D03670,3058754,Deracoxib,hsa:1545,Q16678;Q53TK1,1,feature_complete
enzyme,D03670,3058754,Deracoxib,hsa:1548,P11509,1,feature_complete
enzyme,D03670,3058754,Deracoxib,hsa:1549,P20853,1,missing_uniprot_affinity_for_target
enzyme,D03670,3058754,Deracoxib,hsa:1551,P24462,1,feature_complete
enzyme,D03670,3058754,Deracoxib,hsa:1553,Q16696,1,feature_complete
enzyme,D03670,3058754,Deracoxib,hsa:1555,P20813,1,feature_complete
enzyme,D03670,3058754,Deracoxib,hsa:1557,P33261,1,feature_complete
enzyme,D03670,3058754,Deracoxib,hsa:1558,P10632,1,feature_complete
enzyme,D03670,3058754,Deracoxib,hsa:1559,P11712,1,feature_complete
enzyme,D03670,3058754,Deracoxib,hsa:1562,P33260;Q7Z348,1,feature_complete
enzyme,D03670,3058754,Deracoxib,hsa:1565,C1ID52;P10635;Q5Y7H2,1,feature_complete
enzyme,D03670,3058754,Deracoxib,hsa:1571,P05181,1,feature_complete
enzyme,D03670,3058754,Deracoxib,hsa:1572,P24903,1,missing_uniprot_affinity_for_target
enzyme,D03670,3058754,Deracoxib,hsa:1573,P51589,1,missing_uniprot_affinity_for_target
enzyme,D03670,3058754,Deracoxib,hsa:1576,P08684;Q6GRK0,1,feature_complete
enzyme,D03670,3058754,Deracoxib,hsa:1577,P20815,1,feature_complete
enzyme,D03670,3058754,Deracoxib,hsa:1580,P13584,1,missing_uniprot_affinity_for_target
enzyme,D03670,3058754,Deracoxib,hsa:1581,P22680,1,feature_complete
enzyme,D03670,3058754,Deracoxib,hsa:1582,Q9UNU6,1,feature_complete
enzyme,D03670,3058754,Deracoxib,hsa:1583,A0A0S2Z3R3;P05108,1,feature_complete
enzyme,D03670,3058754,Deracoxib,hsa:1584,P15538;Q8TDD0,1,feature_complete
enzyme,D03670,3058754,Deracoxib,hsa:1585,P19099,1,feature_complete
enzyme,D03670,3058754,Deracoxib,hsa:1586,P05093;Q1HB44,1,feature_complete
enzyme,D03670,3058754,Deracoxib,hsa:1588,P11511;Q8IYG4;Q8TCA4,1,feature_complete
enzyme,D03670,3058754,Deracoxib,hsa:1589,P08686;Q08AG9,1,feature_complete
enzyme,D03670,3058754,Deracoxib,hsa:1593,Q02318,1,missing_uniprot_affinity_for_target
enzyme,D03670,3058754,Deracoxib,hsa:1594,O15528,1,missing_uniprot_affinity_for_target
enzyme,D03670,3058754,Deracoxib,hsa:1595,Q16850,1,feature_complete
enzyme,D03670,3058754,Deracoxib,hsa:1733,A8K415;P49895,1,missing_uniprot_affinity_for_target
enzyme,D03670,3058754,Deracoxib,hsa:1734,Q92813,1,missing_uniprot_affinity_for_target
enzyme,D03670,3058754,Deracoxib,hsa:1735,P55073;Q86TU3,1,missing_uniprot_affinity_for_target
enzyme,D03670,3058754,Deracoxib,hsa:199974,Q86W10,1,missing_uniprot_affinity_for_target
enzyme,D03670,3058754,Deracoxib,hsa:2235,P22830;Q7KZA3,1,feature_complete
enzyme,D03670,3058754,Deracoxib,hsa:25824,P30044,1,feature_complete
enzyme,D03670,3058754,Deracoxib,hsa:260293,Q8N118,1,missing_uniprot_affinity_for_target
enzyme,D03670,3058754,Deracoxib,hsa:284541,Q5TCH4,1,missing_uniprot_affinity_for_target
enzyme,D03670,3058754,Deracoxib,hsa:29785,Q96SQ9,1,missing_uniprot_affinity_for_target
enzyme,D03670,3058754,Deracoxib,hsa:4025,P22079,1,missing_uniprot_affinity_for_target
enzyme,D03670,3058754,Deracoxib,hsa:4051,Q08477,1,missing_uniprot_affinity_for_target
enzyme,D03670,3058754,Deracoxib,hsa:50484,Q7LG56,1,feature_complete
enzyme,D03670,3058754,Deracoxib,hsa:5052,A0A384NPQ2;Q06830,1,feature_complete
enzyme,D03670,3058754,Deracoxib,hsa:5294,A8K9G9;P48736,1,feature_complete
enzyme,D03670,3058754,Deracoxib,hsa:5740,Q16647,1,feature_complete
enzyme,D03670,3058754,Deracoxib,hsa:6240,P23921,1,feature_complete
enzyme,D03670,3058754,Deracoxib,hsa:6241,P31350,1,feature_complete
enzyme,D03670,3058754,Deracoxib,hsa:64816,Q9HB55,1,missing_uniprot_affinity_for_target
enzyme,D03670,3058754,Deracoxib,hsa:8288,P11678,1,missing_uniprot_affinity_for_target
enzyme,D03670,3058754,Deracoxib,hsa:8529,P78329,1,missing_uniprot_affinity_for_target
enzyme,D03670,3058754,Deracoxib,hsa:9023,O95992,1,missing_uniprot_affinity_for_target
enzyme,D03689,123619,Etoricoxib,hsa:5742,P23219,1,feature_complete
enzyme,D03689,123619,Etoricoxib,hsa:5743,P35354,1,feature_complete
enzyme,D03710,208910,Firocoxib,hsa:5742,P23219,1,feature_complete
enzyme,D03710,208910,Firocoxib,hsa:5743,P35354,1,feature_complete
enzyme,D03712,151166,Lumiracoxib,hsa:5742,P23219,1,feature_complete
enzyme,D03712,151166,Lumiracoxib,hsa:5743,P35354,1,feature_complete
enzyme,D03714,119828,Parecoxib,hsa:5742,P23219,1,feature_complete
enzyme,D03714,119828,Parecoxib,hsa:5743,P35354,1,feature_complete
enzyme,D03716,15895902,Parecoxib Sodium,hsa:5742,P23219,1,missing_uniprot_affinity_for_target
enzyme,D03716,15895902,Parecoxib Sodium,hsa:5743,P35354,1,feature_complete
enzyme,D03717,159324,Tipifarnib,hsa:5742,P23219,1,feature_complete
enzyme,D03717,159324,Tipifarnib,hsa:5743,P35354,1,feature_complete
enzyme,D03720,60781,"L-Prolinamide, N-methyl-D-phenylalanyl-N-((1S)-4-((aminoiminomethyl)amino)-1-formylbutyl)-, sulfate (1:1)",hsa:2339,P49354,1,feature_complete
enzyme,D03720,60781,"L-Prolinamide, N-methyl-D-phenylalanyl-N-((1S)-4-((aminoiminomethyl)amino)-1-formylbutyl)-, sulfate (1:1)",hsa:2342,A0A384MEJ5;P49356,1,feature_complete
enzyme,D03722,11954363,Napsagatran,hsa:2147,P00734,1,feature_complete
enzyme,D03728,26757,Selegiline,hsa:2147,P00734,1,feature_complete
enzyme,D03731,6446650,Mofegiline Hydrochloride,hsa:4128,P21397;Q49A63;Q53YE7,1,missing_ligand_affinity_file
enzyme,D03731,6446650,Mofegiline Hydrochloride,hsa:4129,P27338,1,missing_ligand_affinity_file
enzyme,D03733,170321,Eldacimibe,hsa:4128,P21397;Q49A63;Q53YE7,1,feature_complete
enzyme,D03733,170321,Eldacimibe,hsa:4129,P27338,1,feature_complete
enzyme,D03734,71355,Lecimibide,hsa:6646,P35610,1,feature_complete
enzyme,D03734,71355,Lecimibide,hsa:8435,O75908,1,feature_complete
enzyme,D03735,156422,Doramapimod,hsa:6646,P35610,1,feature_complete
enzyme,D03735,156422,Doramapimod,hsa:8435,O75908,1,feature_complete
enzyme,D03736,,,hsa:1432,Q16539,1,missing_kegg_drug_to_pubchem_cid
enzyme,D03736,,,hsa:225689,Q8TD08,1,missing_kegg_drug_to_pubchem_cid
enzyme,D03736,,,hsa:5594,P28482;Q499G7,1,missing_kegg_drug_to_pubchem_cid
enzyme,D03736,,,hsa:5595,L7RXH5;P27361,1,missing_kegg_drug_to_pubchem_cid
enzyme,D03736,,,hsa:5596,P31152,1,missing_kegg_drug_to_pubchem_cid
enzyme,D03736,,,hsa:5597,Q16659,1,missing_kegg_drug_to_pubchem_cid
enzyme,D03736,,,hsa:5598,Q13164,1,missing_kegg_drug_to_pubchem_cid
enzyme,D03736,,,hsa:5599,P45983,1,missing_kegg_drug_to_pubchem_cid
enzyme,D03736,,,hsa:5600,Q15759,1,missing_kegg_drug_to_pubchem_cid
enzyme,D03736,,,hsa:5601,P45984,1,missing_kegg_drug_to_pubchem_cid
enzyme,D03736,,,hsa:5602,P53779,1,missing_kegg_drug_to_pubchem_cid
enzyme,D03736,,,hsa:5603,A0A024RD04;O15264,1,missing_kegg_drug_to_pubchem_cid
enzyme,D03736,,,hsa:6300,P53778,1,missing_kegg_drug_to_pubchem_cid
enzyme,D03738,60594,Enalkiren,hsa:5972,P00797,1,missing_ligand_affinity_file
enzyme,D03741,5464201,Ditekiren,hsa:5972,P00797,1,feature_complete
enzyme,D03743,64922,Terlakiren,hsa:5972,P00797,1,feature_complete
enzyme,D03745,3086651,Zankiren Hydrochloride,hsa:5972,P00797,1,feature_complete
enzyme,D03751,135462830,Icopezil Maleate,hsa:43,P22303,1,feature_complete
enzyme,D03752,54892,Quinapril,hsa:1636,B4DKH4;P12821,1,feature_complete
enzyme,D03753,107807,Perindopril,hsa:1636,B4DKH4;P12821,1,feature_complete
enzyme,D03756,10457278,Indolapril Hydrochloride,hsa:1636,B4DKH4;P12821,1,feature_complete
enzyme,D03758,71320,Libenzapril,hsa:1636,B4DKH4;P12821,1,feature_complete
enzyme,D03760,6917815,Pentopril,hsa:1636,B4DKH4;P12821,1,feature_complete
enzyme,D03763,6917956,Pivopril,hsa:1636,B4DKH4;P12821,1,feature_complete
enzyme,D03765,6850814,Spirapril Hydrochloride,hsa:1636,B4DKH4;P12821,1,feature_complete
enzyme,D03767,3033690,Zofenopril Calcium,hsa:1636,B4DKH4;P12821,1,missing_ligand_affinity_file
enzyme,D03769,6917719,(2S)-1-((2S)-2-(((1S)-1-carboxy-3-phenylpropyl)amino)propanoyl)pyrrolidine-2-carboxylic acid;dihydrate,hsa:1636,B4DKH4;P12821,1,missing_ligand_affinity_file
enzyme,D03772,62956,Fosinoprilat,hsa:1636,B4DKH4;P12821,1,feature_complete
enzyme,D03773,107994,Quinaprilat,hsa:1636,B4DKH4;P12821,1,feature_complete
enzyme,D03775,3033702,Spiraprilat,hsa:1636,B4DKH4;P12821,1,feature_complete
enzyme,D03776,11954366,Zofenoprilat arginine,hsa:1636,B4DKH4;P12821,1,missing_ligand_affinity_file
enzyme,D03778,11954367,Fadrozole Hydrochloride Hemihydrate,hsa:1543,A0N0X8;P04798,1,missing_ligand_affinity_file
enzyme,D03778,11954367,Fadrozole Hydrochloride Hemihydrate,hsa:1544,P05177,1,missing_ligand_affinity_file
enzyme,D03778,11954367,Fadrozole Hydrochloride Hemihydrate,hsa:1545,Q16678;Q53TK1,1,missing_ligand_affinity_file
enzyme,D03778,11954367,Fadrozole Hydrochloride Hemihydrate,hsa:1548,P11509,1,missing_ligand_affinity_file
enzyme,D03778,11954367,Fadrozole Hydrochloride Hemihydrate,hsa:1549,P20853,1,missing_ligand_affinity_file
enzyme,D03778,11954367,Fadrozole Hydrochloride Hemihydrate,hsa:1551,P24462,1,missing_ligand_affinity_file
enzyme,D03778,11954367,Fadrozole Hydrochloride Hemihydrate,hsa:1553,Q16696,1,missing_ligand_affinity_file
enzyme,D03778,11954367,Fadrozole Hydrochloride Hemihydrate,hsa:1555,P20813,1,missing_ligand_affinity_file
enzyme,D03778,11954367,Fadrozole Hydrochloride Hemihydrate,hsa:1557,P33261,1,missing_ligand_affinity_file
enzyme,D03778,11954367,Fadrozole Hydrochloride Hemihydrate,hsa:1558,P10632,1,missing_ligand_affinity_file
enzyme,D03778,11954367,Fadrozole Hydrochloride Hemihydrate,hsa:1559,P11712,1,missing_ligand_affinity_file
enzyme,D03778,11954367,Fadrozole Hydrochloride Hemihydrate,hsa:1562,P33260;Q7Z348,1,missing_ligand_affinity_file
enzyme,D03778,11954367,Fadrozole Hydrochloride Hemihydrate,hsa:1565,C1ID52;P10635;Q5Y7H2,1,missing_ligand_affinity_file
enzyme,D03778,11954367,Fadrozole Hydrochloride Hemihydrate,hsa:1571,P05181,1,missing_ligand_affinity_file
enzyme,D03778,11954367,Fadrozole Hydrochloride Hemihydrate,hsa:1572,P24903,1,missing_ligand_affinity_file
enzyme,D03778,11954367,Fadrozole Hydrochloride Hemihydrate,hsa:1573,P51589,1,missing_ligand_affinity_file
enzyme,D03778,11954367,Fadrozole Hydrochloride Hemihydrate,hsa:1576,P08684;Q6GRK0,1,missing_ligand_affinity_file
enzyme,D03778,11954367,Fadrozole Hydrochloride Hemihydrate,hsa:1577,P20815,1,missing_ligand_affinity_file
enzyme,D03778,11954367,Fadrozole Hydrochloride Hemihydrate,hsa:1580,P13584,1,missing_ligand_affinity_file
enzyme,D03778,11954367,Fadrozole Hydrochloride Hemihydrate,hsa:1588,P11511;Q8IYG4;Q8TCA4,1,missing_ligand_affinity_file
enzyme,D03778,11954367,Fadrozole Hydrochloride Hemihydrate,hsa:199974,Q86W10,1,missing_ligand_affinity_file
enzyme,D03778,11954367,Fadrozole Hydrochloride Hemihydrate,hsa:260293,Q8N118,1,missing_ligand_affinity_file
enzyme,D03778,11954367,Fadrozole Hydrochloride Hemihydrate,hsa:29785,Q96SQ9,1,missing_ligand_affinity_file
enzyme,D03778,11954367,Fadrozole Hydrochloride Hemihydrate,hsa:64816,Q9HB55,1,missing_ligand_affinity_file
enzyme,D03781,11983193,Liarozole Fumarate,hsa:1543,A0N0X8;P04798,1,missing_ligand_affinity_file
enzyme,D03781,11983193,Liarozole Fumarate,hsa:1544,P05177,1,missing_ligand_affinity_file
enzyme,D03781,11983193,Liarozole Fumarate,hsa:1545,Q16678;Q53TK1,1,missing_ligand_affinity_file
enzyme,D03781,11983193,Liarozole Fumarate,hsa:1548,P11509,1,missing_ligand_affinity_file
enzyme,D03781,11983193,Liarozole Fumarate,hsa:1549,P20853,1,missing_ligand_affinity_file
enzyme,D03781,11983193,Liarozole Fumarate,hsa:1551,P24462,1,missing_ligand_affinity_file
enzyme,D03781,11983193,Liarozole Fumarate,hsa:1553,Q16696,1,missing_ligand_affinity_file
enzyme,D03781,11983193,Liarozole Fumarate,hsa:1555,P20813,1,missing_ligand_affinity_file
enzyme,D03781,11983193,Liarozole Fumarate,hsa:1557,P33261,1,missing_ligand_affinity_file
enzyme,D03781,11983193,Liarozole Fumarate,hsa:1558,P10632,1,missing_ligand_affinity_file
enzyme,D03781,11983193,Liarozole Fumarate,hsa:1559,P11712,1,missing_ligand_affinity_file
enzyme,D03781,11983193,Liarozole Fumarate,hsa:1562,P33260;Q7Z348,1,missing_ligand_affinity_file
enzyme,D03781,11983193,Liarozole Fumarate,hsa:1565,C1ID52;P10635;Q5Y7H2,1,missing_ligand_affinity_file
enzyme,D03781,11983193,Liarozole Fumarate,hsa:1571,P05181,1,missing_ligand_affinity_file
enzyme,D03781,11983193,Liarozole Fumarate,hsa:1572,P24903,1,missing_ligand_affinity_file
enzyme,D03781,11983193,Liarozole Fumarate,hsa:1573,P51589,1,missing_ligand_affinity_file
enzyme,D03781,11983193,Liarozole Fumarate,hsa:1576,P08684;Q6GRK0,1,missing_ligand_affinity_file
enzyme,D03781,11983193,Liarozole Fumarate,hsa:1577,P20815,1,missing_ligand_affinity_file
enzyme,D03781,11983193,Liarozole Fumarate,hsa:1580,P13584,1,missing_ligand_affinity_file
enzyme,D03781,11983193,Liarozole Fumarate,hsa:1586,P05093;Q1HB44,1,missing_ligand_affinity_file
enzyme,D03781,11983193,Liarozole Fumarate,hsa:1588,P11511;Q8IYG4;Q8TCA4,1,missing_ligand_affinity_file
enzyme,D03781,11983193,Liarozole Fumarate,hsa:199974,Q86W10,1,missing_ligand_affinity_file
enzyme,D03781,11983193,Liarozole Fumarate,hsa:260293,Q8N118,1,missing_ligand_affinity_file
enzyme,D03781,11983193,Liarozole Fumarate,hsa:29785,Q96SQ9,1,missing_ligand_affinity_file
enzyme,D03781,11983193,Liarozole Fumarate,hsa:64816,Q9HB55,1,missing_ligand_affinity_file
enzyme,D03784,71454,Liarozole hydrochloride,hsa:1543,A0N0X8;P04798,1,missing_ligand_affinity_file
enzyme,D03784,71454,Liarozole hydrochloride,hsa:1544,P05177,1,missing_ligand_affinity_file
enzyme,D03784,71454,Liarozole hydrochloride,hsa:1545,Q16678;Q53TK1,1,missing_ligand_affinity_file
enzyme,D03784,71454,Liarozole hydrochloride,hsa:1548,P11509,1,missing_ligand_affinity_file
enzyme,D03784,71454,Liarozole hydrochloride,hsa:1549,P20853,1,missing_ligand_affinity_file
enzyme,D03784,71454,Liarozole hydrochloride,hsa:1551,P24462,1,missing_ligand_affinity_file
enzyme,D03784,71454,Liarozole hydrochloride,hsa:1553,Q16696,1,missing_ligand_affinity_file
enzyme,D03784,71454,Liarozole hydrochloride,hsa:1555,P20813,1,missing_ligand_affinity_file
enzyme,D03784,71454,Liarozole hydrochloride,hsa:1557,P33261,1,missing_ligand_affinity_file
enzyme,D03784,71454,Liarozole hydrochloride,hsa:1558,P10632,1,missing_ligand_affinity_file
enzyme,D03784,71454,Liarozole hydrochloride,hsa:1559,P11712,1,missing_ligand_affinity_file
enzyme,D03784,71454,Liarozole hydrochloride,hsa:1562,P33260;Q7Z348,1,missing_ligand_affinity_file
enzyme,D03784,71454,Liarozole hydrochloride,hsa:1565,C1ID52;P10635;Q5Y7H2,1,missing_ligand_affinity_file
enzyme,D03784,71454,Liarozole hydrochloride,hsa:1571,P05181,1,missing_ligand_affinity_file
enzyme,D03784,71454,Liarozole hydrochloride,hsa:1572,P24903,1,missing_ligand_affinity_file
enzyme,D03784,71454,Liarozole hydrochloride,hsa:1573,P51589,1,missing_ligand_affinity_file
enzyme,D03784,71454,Liarozole hydrochloride,hsa:1576,P08684;Q6GRK0,1,missing_ligand_affinity_file
enzyme,D03784,71454,Liarozole hydrochloride,hsa:1577,P20815,1,missing_ligand_affinity_file
enzyme,D03784,71454,Liarozole hydrochloride,hsa:1580,P13584,1,missing_ligand_affinity_file
enzyme,D03784,71454,Liarozole hydrochloride,hsa:1586,P05093;Q1HB44,1,missing_ligand_affinity_file
enzyme,D03784,71454,Liarozole hydrochloride,hsa:1588,P11511;Q8IYG4;Q8TCA4,1,missing_ligand_affinity_file
enzyme,D03784,71454,Liarozole hydrochloride,hsa:199974,Q86W10,1,missing_ligand_affinity_file
enzyme,D03784,71454,Liarozole hydrochloride,hsa:260293,Q8N118,1,missing_ligand_affinity_file
enzyme,D03784,71454,Liarozole hydrochloride,hsa:29785,Q96SQ9,1,missing_ligand_affinity_file
enzyme,D03784,71454,Liarozole hydrochloride,hsa:64816,Q9HB55,1,missing_ligand_affinity_file
enzyme,D03787,11954368,Nepicastat Hydrochloride,hsa:1621,P09172,1,feature_complete
enzyme,D03788,107706,Sivelestat,hsa:1991,P08246,1,feature_complete
enzyme,D03798,54676038,Dicoumarol,hsa:1429,Q08257,1,feature_complete
enzyme,D03798,54676038,Dicoumarol,hsa:1728,P15559,1,feature_complete
enzyme,D03798,54676038,Dicoumarol,hsa:2766,P36959,1,feature_complete
enzyme,D03798,54676038,Dicoumarol,hsa:4835,B3KPX6;P16083,1,feature_complete
enzyme,D03798,54676038,Dicoumarol,hsa:51292,Q9P2T1,1,feature_complete
enzyme,D03798,54676038,Dicoumarol,hsa:79001,A0A0S2Z6I4;Q9BQB6,1,feature_complete
enzyme,D03798,54676038,Dicoumarol,hsa:9601,A0A090N8Y2;P13667,1,feature_complete
enzyme,D03803,157838,Lidorestat monohydrate,hsa:231,P15121,1,feature_complete
enzyme,D03805,190816,Minalrestat,hsa:231,P15121,1,feature_complete
enzyme,D03806,5278,Ponalrestat,hsa:231,P15121,1,feature_complete
enzyme,D03807,5724,Zenarestat,hsa:231,P15121,1,feature_complete
enzyme,D03816,11954370,Tenivastatin Calcium,hsa:3156,P04035,1,missing_ligand_affinity_file
enzyme,D03822,77991,Rivastigmine,hsa:43,P22303,1,feature_complete
enzyme,D03822,77991,Rivastigmine,hsa:590,P06276,1,feature_complete
enzyme,D03823,132228,Quilostigmine,hsa:43,P22303,1,feature_complete
enzyme,D03826,6419928,Physostigmine Sulfate,hsa:43,P22303,1,missing_ligand_affinity_file
enzyme,D03828,135413520,Pemetrexed Disodium,hsa:7298,P04818;Q53Y97,1,feature_complete
enzyme,D03829,11954371,Peramivir trihydrate,hsa:10825,Q9UQ49,1,missing_ligand_affinity_file
enzyme,D03829,11954371,Peramivir trihydrate,hsa:129807,B3KR54;Q8WWR8,1,missing_ligand_affinity_file
enzyme,D03829,11954371,Peramivir trihydrate,hsa:4758,Q5JQI0;Q99519,1,missing_ligand_affinity_file
enzyme,D03829,11954371,Peramivir trihydrate,hsa:4759,Q9Y3R4,1,missing_ligand_affinity_file
enzyme,D03845,60692,Sezolamide Hydrochloride,hsa:11238,Q9Y2D0,1,missing_uniprot_affinity_for_target
enzyme,D03845,60692,Sezolamide Hydrochloride,hsa:23632,A8K3J4;Q9ULX7,1,feature_complete
enzyme,D03845,60692,Sezolamide Hydrochloride,hsa:377677,Q8N1Q1,1,feature_complete
enzyme,D03845,60692,Sezolamide Hydrochloride,hsa:759,P00915;V9HWE3,1,feature_complete
enzyme,D03845,60692,Sezolamide Hydrochloride,hsa:760,P00918;V9HW21,1,feature_complete
enzyme,D03845,60692,Sezolamide Hydrochloride,hsa:761,P07451;V9HWA3,1,feature_complete
enzyme,D03845,60692,Sezolamide Hydrochloride,hsa:762,P22748,1,feature_complete
enzyme,D03845,60692,Sezolamide Hydrochloride,hsa:763,P35218,1,missing_uniprot_affinity_for_target
enzyme,D03845,60692,Sezolamide Hydrochloride,hsa:765,B4DUH8;P23280,1,feature_complete
enzyme,D03845,60692,Sezolamide Hydrochloride,hsa:766,P43166,1,feature_complete
enzyme,D03845,60692,Sezolamide Hydrochloride,hsa:767,P35219,1,feature_complete
enzyme,D03845,60692,Sezolamide Hydrochloride,hsa:768,A0A0S2Z3D0;Q16790,1,feature_complete
enzyme,D03845,60692,Sezolamide Hydrochloride,hsa:771,O43570,1,feature_complete
enzyme,D03882,1967,Docebenone,hsa:240,P09917,1,feature_complete
enzyme,D03899,31703,Doxorubicin,hsa:7153,P11388,1,feature_complete
enzyme,D03899,31703,Doxorubicin,hsa:7155,Q02880,1,feature_complete
enzyme,D04023,176871,Erlotinib Hydrochloride,hsa:10461,Q12866,1,feature_complete
enzyme,D04023,176871,Erlotinib Hydrochloride,hsa:1436,P07333,1,feature_complete
enzyme,D04023,176871,Erlotinib Hydrochloride,hsa:1956,F2YGG7;F6QWY5;P00533;Q504U8,1,feature_complete
enzyme,D04023,176871,Erlotinib Hydrochloride,hsa:1969,P29317,1,feature_complete
enzyme,D04023,176871,Erlotinib Hydrochloride,hsa:2041,P21709,1,missing_uniprot_affinity_for_target
enzyme,D04023,176871,Erlotinib Hydrochloride,hsa:2042,A0A140VJJ0;P29320;Q6P4R6,1,feature_complete
enzyme,D04023,176871,Erlotinib Hydrochloride,hsa:2043,P54764,1,feature_complete
enzyme,D04023,176871,Erlotinib Hydrochloride,hsa:2044,A0A087WX63;A0A384MU00;B7ZKJ3;P54756;Q59FT4,1,feature_complete
enzyme,D04023,176871,Erlotinib Hydrochloride,hsa:2045,Q15375,1,feature_complete
enzyme,D04023,176871,Erlotinib Hydrochloride,hsa:2046,P29322,1,feature_complete
enzyme,D04023,176871,Erlotinib Hydrochloride,hsa:2047,P54762,1,feature_complete
enzyme,D04023,176871,Erlotinib Hydrochloride,hsa:2048,F6TUL7;P29323;Q4LE53;Q6NVW1,1,feature_complete
enzyme,D04023,176871,Erlotinib Hydrochloride,hsa:2049,P54753,1,feature_complete
enzyme,D04023,176871,Erlotinib Hydrochloride,hsa:2050,F6RDZ0;P54760;Q96L35,1,feature_complete
enzyme,D04023,176871,Erlotinib Hydrochloride,hsa:2051,,1,missing_kegg_target_to_uniprot
enzyme,D04023,176871,Erlotinib Hydrochloride,hsa:2064,P04626;X5DNK3,1,feature_complete
enzyme,D04023,176871,Erlotinib Hydrochloride,hsa:2065,P21860,1,feature_complete
enzyme,D04023,176871,Erlotinib Hydrochloride,hsa:2066,Q15303,1,feature_complete
enzyme,D04023,176871,Erlotinib Hydrochloride,hsa:2260,P11362,1,feature_complete
enzyme,D04023,176871,Erlotinib Hydrochloride,hsa:2261,P22607;Q0IJ44,1,feature_complete
enzyme,D04023,176871,Erlotinib Hydrochloride,hsa:2263,P21802,1,feature_complete
enzyme,D04023,176871,Erlotinib Hydrochloride,hsa:2264,P22455,1,feature_complete
enzyme,D04023,176871,Erlotinib Hydrochloride,hsa:2321,P17948,1,missing_uniprot_affinity_for_target
enzyme,D04023,176871,Erlotinib Hydrochloride,hsa:2322,P36888,1,feature_complete
enzyme,D04023,176871,Erlotinib Hydrochloride,hsa:2324,P35916,1,feature_complete
enzyme,D04023,176871,Erlotinib Hydrochloride,hsa:238,B6D4Y2;Q9UM73,1,feature_complete
enzyme,D04023,176871,Erlotinib Hydrochloride,hsa:285220,Q9UF33,1,missing_uniprot_affinity_for_target
enzyme,D04023,176871,Erlotinib Hydrochloride,hsa:3480,P08069,1,feature_complete
enzyme,D04023,176871,Erlotinib Hydrochloride,hsa:3643,P06213,1,missing_uniprot_affinity_for_target
enzyme,D04023,176871,Erlotinib Hydrochloride,hsa:3645,P14616,1,missing_uniprot_affinity_for_target
enzyme,D04023,176871,Erlotinib Hydrochloride,hsa:3791,P35968,1,feature_complete
enzyme,D04023,176871,Erlotinib Hydrochloride,hsa:3815,P10721,1,feature_complete
enzyme,D04023,176871,Erlotinib Hydrochloride,hsa:4058,P29376,1,feature_complete
enzyme,D04023,176871,Erlotinib Hydrochloride,hsa:4233,P08581,1,feature_complete
enzyme,D04023,176871,Erlotinib Hydrochloride,hsa:4486,Q04912,1,feature_complete
enzyme,D04023,176871,Erlotinib Hydrochloride,hsa:4593,O15146,1,missing_uniprot_affinity_for_target
enzyme,D04023,176871,Erlotinib Hydrochloride,hsa:4914,P04629,1,feature_complete
enzyme,D04023,176871,Erlotinib Hydrochloride,hsa:4915,Q16620;Q548C2;Q5VWE5,1,feature_complete
enzyme,D04023,176871,Erlotinib Hydrochloride,hsa:4916,Q16288;X5D2R1,1,feature_complete
enzyme,D04023,176871,Erlotinib Hydrochloride,hsa:4919,Q01973,1,feature_complete
enzyme,D04023,176871,Erlotinib Hydrochloride,hsa:4920,Q01974,1,feature_complete
enzyme,D04023,176871,Erlotinib Hydrochloride,hsa:4921,Q16832,1,feature_complete
enzyme,D04023,176871,Erlotinib Hydrochloride,hsa:5156,P16234,1,feature_complete
enzyme,D04023,176871,Erlotinib Hydrochloride,hsa:5159,P09619;Q59F04,1,feature_complete
enzyme,D04023,176871,Erlotinib Hydrochloride,hsa:558,P30530,1,feature_complete
enzyme,D04023,176871,Erlotinib Hydrochloride,hsa:5754,Q13308,1,feature_complete
enzyme,D04023,176871,Erlotinib Hydrochloride,hsa:5979,P07949,1,feature_complete
enzyme,D04023,176871,Erlotinib Hydrochloride,hsa:6098,P08922,1,feature_complete
enzyme,D04023,176871,Erlotinib Hydrochloride,hsa:6259,P34925;Q59FQ5;Q8WTZ8,1,feature_complete
enzyme,D04023,176871,Erlotinib Hydrochloride,hsa:7010,Q02763;Q59HG2,1,feature_complete
enzyme,D04023,176871,Erlotinib Hydrochloride,hsa:7075,P35590,1,feature_complete
enzyme,D04023,176871,Erlotinib Hydrochloride,hsa:7301,Q06418,1,feature_complete
enzyme,D04023,176871,Erlotinib Hydrochloride,hsa:780,Q08345,1,feature_complete
enzyme,D04024,11557040,Lapatinib Ditosylate,hsa:10461,Q12866,1,missing_ligand_affinity_file
enzyme,D04024,11557040,Lapatinib Ditosylate,hsa:1436,P07333,1,missing_ligand_affinity_file
enzyme,D04024,11557040,Lapatinib Ditosylate,hsa:1956,F2YGG7;F6QWY5;P00533;Q504U8,1,missing_ligand_affinity_file
enzyme,D04024,11557040,Lapatinib Ditosylate,hsa:1969,P29317,1,missing_ligand_affinity_file
enzyme,D04024,11557040,Lapatinib Ditosylate,hsa:2041,P21709,1,missing_ligand_affinity_file
enzyme,D04024,11557040,Lapatinib Ditosylate,hsa:2042,A0A140VJJ0;P29320;Q6P4R6,1,missing_ligand_affinity_file
enzyme,D04024,11557040,Lapatinib Ditosylate,hsa:2043,P54764,1,missing_ligand_affinity_file
enzyme,D04024,11557040,Lapatinib Ditosylate,hsa:2044,A0A087WX63;A0A384MU00;B7ZKJ3;P54756;Q59FT4,1,missing_ligand_affinity_file
enzyme,D04024,11557040,Lapatinib Ditosylate,hsa:2045,Q15375,1,missing_ligand_affinity_file
enzyme,D04024,11557040,Lapatinib Ditosylate,hsa:2046,P29322,1,missing_ligand_affinity_file
enzyme,D04024,11557040,Lapatinib Ditosylate,hsa:2047,P54762,1,missing_ligand_affinity_file
enzyme,D04024,11557040,Lapatinib Ditosylate,hsa:2048,F6TUL7;P29323;Q4LE53;Q6NVW1,1,missing_ligand_affinity_file
enzyme,D04024,11557040,Lapatinib Ditosylate,hsa:2049,P54753,1,missing_ligand_affinity_file
enzyme,D04024,11557040,Lapatinib Ditosylate,hsa:2050,F6RDZ0;P54760;Q96L35,1,missing_ligand_affinity_file
enzyme,D04024,11557040,Lapatinib Ditosylate,hsa:2051,,1,missing_ligand_affinity_file
enzyme,D04024,11557040,Lapatinib Ditosylate,hsa:2064,P04626;X5DNK3,1,missing_ligand_affinity_file
enzyme,D04024,11557040,Lapatinib Ditosylate,hsa:2065,P21860,1,missing_ligand_affinity_file
enzyme,D04024,11557040,Lapatinib Ditosylate,hsa:2066,Q15303,1,missing_ligand_affinity_file
enzyme,D04024,11557040,Lapatinib Ditosylate,hsa:2260,P11362,1,missing_ligand_affinity_file
enzyme,D04024,11557040,Lapatinib Ditosylate,hsa:2261,P22607;Q0IJ44,1,missing_ligand_affinity_file
enzyme,D04024,11557040,Lapatinib Ditosylate,hsa:2263,P21802,1,missing_ligand_affinity_file
enzyme,D04024,11557040,Lapatinib Ditosylate,hsa:2264,P22455,1,missing_ligand_affinity_file
enzyme,D04024,11557040,Lapatinib Ditosylate,hsa:2321,P17948,1,missing_ligand_affinity_file
enzyme,D04024,11557040,Lapatinib Ditosylate,hsa:2322,P36888,1,missing_ligand_affinity_file
enzyme,D04024,11557040,Lapatinib Ditosylate,hsa:2324,P35916,1,missing_ligand_affinity_file
enzyme,D04024,11557040,Lapatinib Ditosylate,hsa:238,B6D4Y2;Q9UM73,1,missing_ligand_affinity_file
enzyme,D04024,11557040,Lapatinib Ditosylate,hsa:285220,Q9UF33,1,missing_ligand_affinity_file
enzyme,D04024,11557040,Lapatinib Ditosylate,hsa:3480,P08069,1,missing_ligand_affinity_file
enzyme,D04024,11557040,Lapatinib Ditosylate,hsa:3643,P06213,1,missing_ligand_affinity_file
enzyme,D04024,11557040,Lapatinib Ditosylate,hsa:3645,P14616,1,missing_ligand_affinity_file
enzyme,D04024,11557040,Lapatinib Ditosylate,hsa:3791,P35968,1,missing_ligand_affinity_file
enzyme,D04024,11557040,Lapatinib Ditosylate,hsa:3815,P10721,1,missing_ligand_affinity_file
enzyme,D04024,11557040,Lapatinib Ditosylate,hsa:4058,P29376,1,missing_ligand_affinity_file
enzyme,D04024,11557040,Lapatinib Ditosylate,hsa:4233,P08581,1,missing_ligand_affinity_file
enzyme,D04024,11557040,Lapatinib Ditosylate,hsa:4486,Q04912,1,missing_ligand_affinity_file
enzyme,D04024,11557040,Lapatinib Ditosylate,hsa:4593,O15146,1,missing_ligand_affinity_file
enzyme,D04024,11557040,Lapatinib Ditosylate,hsa:4914,P04629,1,missing_ligand_affinity_file
enzyme,D04024,11557040,Lapatinib Ditosylate,hsa:4915,Q16620;Q548C2;Q5VWE5,1,missing_ligand_affinity_file
enzyme,D04024,11557040,Lapatinib Ditosylate,hsa:4916,Q16288;X5D2R1,1,missing_ligand_affinity_file
enzyme,D04024,11557040,Lapatinib Ditosylate,hsa:4919,Q01973,1,missing_ligand_affinity_file
enzyme,D04024,11557040,Lapatinib Ditosylate,hsa:4920,Q01974,1,missing_ligand_affinity_file
enzyme,D04024,11557040,Lapatinib Ditosylate,hsa:4921,Q16832,1,missing_ligand_affinity_file
enzyme,D04024,11557040,Lapatinib Ditosylate,hsa:5156,P16234,1,missing_ligand_affinity_file
enzyme,D04024,11557040,Lapatinib Ditosylate,hsa:5159,P09619;Q59F04,1,missing_ligand_affinity_file
enzyme,D04024,11557040,Lapatinib Ditosylate,hsa:558,P30530,1,missing_ligand_affinity_file
enzyme,D04024,11557040,Lapatinib Ditosylate,hsa:5754,Q13308,1,missing_ligand_affinity_file
enzyme,D04024,11557040,Lapatinib Ditosylate,hsa:5979,P07949,1,missing_ligand_affinity_file
enzyme,D04024,11557040,Lapatinib Ditosylate,hsa:6098,P08922,1,missing_ligand_affinity_file
enzyme,D04024,11557040,Lapatinib Ditosylate,hsa:6259,P34925;Q59FQ5;Q8WTZ8,1,missing_ligand_affinity_file
enzyme,D04024,11557040,Lapatinib Ditosylate,hsa:7010,Q02763;Q59HG2,1,missing_ligand_affinity_file
enzyme,D04024,11557040,Lapatinib Ditosylate,hsa:7075,P35590,1,missing_ligand_affinity_file
enzyme,D04024,11557040,Lapatinib Ditosylate,hsa:7301,Q06418,1,missing_ligand_affinity_file
enzyme,D04024,11557040,Lapatinib Ditosylate,hsa:780,Q08345,1,missing_ligand_affinity_file
enzyme,D04025,6444692,Mubritinib,hsa:10461,Q12866,1,feature_complete
enzyme,D04025,6444692,Mubritinib,hsa:1436,P07333,1,feature_complete
enzyme,D04025,6444692,Mubritinib,hsa:1956,F2YGG7;F6QWY5;P00533;Q504U8,1,feature_complete
enzyme,D04025,6444692,Mubritinib,hsa:1969,P29317,1,feature_complete
enzyme,D04025,6444692,Mubritinib,hsa:2041,P21709,1,feature_complete
enzyme,D04025,6444692,Mubritinib,hsa:2042,A0A140VJJ0;P29320;Q6P4R6,1,feature_complete
enzyme,D04025,6444692,Mubritinib,hsa:2043,P54764,1,feature_complete
enzyme,D04025,6444692,Mubritinib,hsa:2044,A0A087WX63;A0A384MU00;B7ZKJ3;P54756;Q59FT4,1,feature_complete
enzyme,D04025,6444692,Mubritinib,hsa:2045,Q15375,1,feature_complete
enzyme,D04025,6444692,Mubritinib,hsa:2046,P29322,1,feature_complete
enzyme,D04025,6444692,Mubritinib,hsa:2047,P54762,1,feature_complete
enzyme,D04025,6444692,Mubritinib,hsa:2048,F6TUL7;P29323;Q4LE53;Q6NVW1,1,feature_complete
enzyme,D04025,6444692,Mubritinib,hsa:2049,P54753,1,feature_complete
enzyme,D04025,6444692,Mubritinib,hsa:2050,F6RDZ0;P54760;Q96L35,1,feature_complete
enzyme,D04025,6444692,Mubritinib,hsa:2051,,1,missing_kegg_target_to_uniprot
enzyme,D04025,6444692,Mubritinib,hsa:2064,P04626;X5DNK3,1,feature_complete
enzyme,D04025,6444692,Mubritinib,hsa:2065,P21860,1,feature_complete
enzyme,D04025,6444692,Mubritinib,hsa:2066,Q15303,1,feature_complete
enzyme,D04025,6444692,Mubritinib,hsa:2260,P11362,1,feature_complete
enzyme,D04025,6444692,Mubritinib,hsa:2261,P22607;Q0IJ44,1,feature_complete
enzyme,D04025,6444692,Mubritinib,hsa:2263,P21802,1,feature_complete
enzyme,D04025,6444692,Mubritinib,hsa:2264,P22455,1,feature_complete
enzyme,D04025,6444692,Mubritinib,hsa:2321,P17948,1,missing_uniprot_affinity_for_target
enzyme,D04025,6444692,Mubritinib,hsa:2322,P36888,1,feature_complete
enzyme,D04025,6444692,Mubritinib,hsa:2324,P35916,1,feature_complete
enzyme,D04025,6444692,Mubritinib,hsa:238,B6D4Y2;Q9UM73,1,feature_complete
enzyme,D04025,6444692,Mubritinib,hsa:285220,Q9UF33,1,missing_uniprot_affinity_for_target
enzyme,D04025,6444692,Mubritinib,hsa:3480,P08069,1,feature_complete
enzyme,D04025,6444692,Mubritinib,hsa:3643,P06213,1,missing_uniprot_affinity_for_target
enzyme,D04025,6444692,Mubritinib,hsa:3645,P14616,1,missing_uniprot_affinity_for_target
enzyme,D04025,6444692,Mubritinib,hsa:3791,P35968,1,feature_complete
enzyme,D04025,6444692,Mubritinib,hsa:3815,P10721,1,feature_complete
enzyme,D04025,6444692,Mubritinib,hsa:4058,P29376,1,feature_complete
enzyme,D04025,6444692,Mubritinib,hsa:4233,P08581,1,feature_complete
enzyme,D04025,6444692,Mubritinib,hsa:4486,Q04912,1,feature_complete
enzyme,D04025,6444692,Mubritinib,hsa:4593,O15146,1,missing_uniprot_affinity_for_target
enzyme,D04025,6444692,Mubritinib,hsa:4914,P04629,1,feature_complete
enzyme,D04025,6444692,Mubritinib,hsa:4915,Q16620;Q548C2;Q5VWE5,1,feature_complete
enzyme,D04025,6444692,Mubritinib,hsa:4916,Q16288;X5D2R1,1,feature_complete
enzyme,D04025,6444692,Mubritinib,hsa:4919,Q01973,1,feature_complete
enzyme,D04025,6444692,Mubritinib,hsa:4920,Q01974,1,feature_complete
enzyme,D04025,6444692,Mubritinib,hsa:4921,Q16832,1,feature_complete
enzyme,D04025,6444692,Mubritinib,hsa:5156,P16234,1,feature_complete
enzyme,D04025,6444692,Mubritinib,hsa:5159,P09619;Q59F04,1,feature_complete
enzyme,D04025,6444692,Mubritinib,hsa:558,P30530,1,feature_complete
enzyme,D04025,6444692,Mubritinib,hsa:5754,Q13308,1,feature_complete
enzyme,D04025,6444692,Mubritinib,hsa:5979,P07949,1,feature_complete
enzyme,D04025,6444692,Mubritinib,hsa:6098,P08922,1,feature_complete
enzyme,D04025,6444692,Mubritinib,hsa:6259,P34925;Q59FQ5;Q8WTZ8,1,feature_complete
enzyme,D04025,6444692,Mubritinib,hsa:7010,Q02763;Q59HG2,1,feature_complete
enzyme,D04025,6444692,Mubritinib,hsa:7075,P35590,1,feature_complete
enzyme,D04025,6444692,Mubritinib,hsa:7301,Q06418,1,feature_complete
enzyme,D04025,6444692,Mubritinib,hsa:780,Q08345,1,feature_complete
enzyme,D04028,3034010,Orlistat,hsa:1056,B4DSX9;O75612;P19835;Q86SR3,1,missing_ligand_affinity_file
enzyme,D04028,3034010,Orlistat,hsa:3988,P38571,1,missing_ligand_affinity_file
enzyme,D04028,3034010,Orlistat,hsa:3990,A6H8L5;P11150,1,missing_ligand_affinity_file
enzyme,D04028,3034010,Orlistat,hsa:5406,P16233,1,missing_ligand_affinity_file
enzyme,D04028,3034010,Orlistat,hsa:5407,P54315,1,missing_ligand_affinity_file
enzyme,D04028,3034010,Orlistat,hsa:5408,A0AAG2UV77;P54317,1,missing_ligand_affinity_file
enzyme,D04028,3034010,Orlistat,hsa:80339,Q9NST1,1,missing_ligand_affinity_file
enzyme,D04028,3034010,Orlistat,hsa:8513,P07098,1,missing_ligand_affinity_file
enzyme,D04028,3034010,Orlistat,hsa:9388,Q9Y5X9,1,missing_ligand_affinity_file
enzyme,D04029,204101,Razaxaban Hydrochloride,hsa:2159,P00742;Q5JVE7,1,feature_complete
enzyme,D04031,472335,Rubitecan,hsa:116447,E5KMK7;Q969P6,1,missing_uniprot_affinity_for_target
enzyme,D04031,472335,Rubitecan,hsa:7150,P11387;Q9BVT2,1,feature_complete
enzyme,D04031,472335,Rubitecan,hsa:7156,Q13472,1,feature_complete
enzyme,D04031,472335,Rubitecan,hsa:8940,O95985,1,feature_complete
enzyme,D04092,8366,Etryptamine Acetate,hsa:4128,P21397;Q49A63;Q53YE7,1,feature_complete
enzyme,D04092,8366,Etryptamine Acetate,hsa:4129,P27338,1,feature_complete
enzyme,D04197,5790,Floxuridine,hsa:7298,P04818;Q53Y97,1,feature_complete
enzyme,D04292,9651,(-)-Galantamine,hsa:43,P22303,1,feature_complete
enzyme,D04966,4091,Metformin,hsa:3643,P06213,1,missing_uniprot_affinity_for_target
enzyme,D04966,4091,Metformin,hsa:3645,P14616,1,missing_uniprot_affinity_for_target
enzyme,D04983,876,(+-)-Methionine,hsa:4143,Q00266,1,feature_complete
enzyme,D04983,876,(+-)-Methionine,hsa:4482,Q9UJ68,1,missing_uniprot_affinity_for_target
enzyme,D04983,876,(+-)-Methionine,hsa:4548,Q99707,1,feature_complete
enzyme,D04983,876,(+-)-Methionine,hsa:4552,Q9UBK8,1,feature_complete
enzyme,D05341,985,Palmitic Acid,hsa:1558,P10632,1,feature_complete
enzyme,D05341,985,Palmitic Acid,hsa:5538,P50897,1,feature_complete
enzyme,D05353,4679,Pantoprazole,hsa:1557,P33261,1,feature_complete
enzyme,D05353,4679,Pantoprazole,hsa:1559,P11712,1,feature_complete
enzyme,D05353,4679,Pantoprazole,hsa:1576,P08684;Q6GRK0,1,feature_complete
enzyme,D05353,4679,Pantoprazole,hsa:476,P05023,1,missing_uniprot_affinity_for_target
enzyme,D05407,135398748,Penciclovir,hsa:30,A0A024R2M6;P09110,1,feature_complete
enzyme,D05458,4771,Phentermine,hsa:4129,P27338,1,feature_complete
enzyme,D06238,5583,Trimetrexate,hsa:1719,B0YJ76;P00374,1,feature_complete
gpcr,D00049,938,Nicotinic Acid,hsa:338442,Q8TDS4,1,missing_uniprot_affinity_for_target
gpcr,D00059,6047,Levodopa,hsa:1812,P21728,1,feature_complete
gpcr,D00059,6047,Levodopa,hsa:1813,P14416,1,feature_complete
gpcr,D00079,5280360,Prostaglandin E2,hsa:5739,P43119,1,missing_uniprot_affinity_for_target
gpcr,D00094,444795,Retinoic Acid,hsa:9052,Q8NFJ5,1,missing_uniprot_affinity_for_target
gpcr,D00095,5816,Epinephrine,hsa:148,P35348,1,missing_uniprot_affinity_for_target
gpcr,D00095,5816,Epinephrine,hsa:153,P08588,1,feature_complete
gpcr,D00095,5816,Epinephrine,hsa:154,P07550;X5DQM5,1,feature_complete
gpcr,D00106,5280427,"5-[(3aR,4R,5R,6aS)-5-hydroxy-4-[(E,3S)-3-hydroxyoct-1-enyl]-3,3a,4,5,6,6a-hexahydrocyclopenta[b]furan-2-ylidene]pentanoic acid",hsa:64805,A8K7T1;Q9H244,1,missing_ligand_affinity_file
gpcr,D00110,122142,Cocaine (USP),hsa:1812,P21728,1,feature_complete
gpcr,D00110,122142,Cocaine (USP),hsa:1814,A8K8E4;P35462;X5D2G4,1,feature_complete
gpcr,D00110,122142,Cocaine (USP),hsa:4986,P41145,1,feature_complete
gpcr,D00113,174174,Npc209773,hsa:1128,P11229;Q53XZ3,1,feature_complete
gpcr,D00113,174174,Npc209773,hsa:1129,A4D1Q0;P08172;Q6SL56;Q86SJ1,1,feature_complete
gpcr,D00113,174174,Npc209773,hsa:1131,P20309,1,feature_complete
gpcr,D00113,174174,Npc209773,hsa:1132,P08173,1,feature_complete
gpcr,D00113,174174,Npc209773,hsa:1133,P08912,1,feature_complete
gpcr,D00136,3559,Haloperidol,hsa:150,P08913,1,feature_complete
gpcr,D00136,3559,Haloperidol,hsa:151,P18089,1,feature_complete
gpcr,D00136,3559,Haloperidol,hsa:1813,P14416,1,feature_complete
gpcr,D00136,3559,Haloperidol,hsa:1814,A8K8E4;P35462;X5D2G4,1,feature_complete
gpcr,D00139,4114,8-Methoxypsoralen,hsa:3577,P25024,1,feature_complete
gpcr,D00180,5280723,Alprostadil,hsa:5731,P34995,1,missing_uniprot_affinity_for_target
gpcr,D00180,5280723,Alprostadil,hsa:5732,P43116,1,feature_complete
gpcr,D00180,5280723,Alprostadil,hsa:5739,P43119,1,missing_uniprot_affinity_for_target
gpcr,D00225,2118,Alprazolam,hsa:3577,P25024,1,feature_complete
gpcr,D00227,9433,Aminophylline,hsa:134,P30542,1,missing_ligand_affinity_file
gpcr,D00227,9433,Aminophylline,hsa:135,B3KVQ4;P29274;X5DNB4,1,missing_ligand_affinity_file
gpcr,D00227,9433,Aminophylline,hsa:140,P0DMS8,1,missing_ligand_affinity_file
gpcr,D00232,657201,Anisotropine methylbromide,hsa:1128,P11229;Q53XZ3,1,feature_complete
gpcr,D00232,657201,Anisotropine methylbromide,hsa:1129,A4D1Q0;P08172;Q6SL56;Q86SJ1,1,feature_complete
gpcr,D00232,657201,Anisotropine methylbromide,hsa:1131,P20309,1,feature_complete
gpcr,D00234,2247,Astemizole,hsa:11255,Q9Y5N1,1,feature_complete
gpcr,D00234,2247,Astemizole,hsa:3269,P35367,1,feature_complete
gpcr,D00234,2247,Astemizole,hsa:59340,Q9H3N8,1,missing_uniprot_affinity_for_target
gpcr,D00235,2249,Atenolol,hsa:153,P08588,1,feature_complete
gpcr,D00235,2249,Atenolol,hsa:154,P07550;X5DQM5,1,feature_complete
gpcr,D00241,2284,Baclofen,hsa:2550,Q59HG8;Q9UBS5,1,feature_complete
gpcr,D00255,2585,Carvedilol,hsa:146,P25100,1,missing_uniprot_affinity_for_target
gpcr,D00255,2585,Carvedilol,hsa:147,P35368,1,missing_uniprot_affinity_for_target
gpcr,D00255,2585,Carvedilol,hsa:148,P35348,1,missing_uniprot_affinity_for_target
gpcr,D00255,2585,Carvedilol,hsa:150,P08913,1,feature_complete
gpcr,D00255,2585,Carvedilol,hsa:151,P18089,1,feature_complete
gpcr,D00255,2585,Carvedilol,hsa:153,P08588,1,feature_complete
gpcr,D00255,2585,Carvedilol,hsa:154,P07550;X5DQM5,1,feature_complete
gpcr,D00255,2585,Carvedilol,hsa:155,A8KAG8;P13945,1,missing_uniprot_affinity_for_target
gpcr,D00270,2726,Chlorpromazine,hsa:150,P08913,1,feature_complete
gpcr,D00270,2726,Chlorpromazine,hsa:151,P18089,1,feature_complete
gpcr,D00270,2726,Chlorpromazine,hsa:1812,P21728,1,feature_complete
gpcr,D00270,2726,Chlorpromazine,hsa:1813,P14416,1,feature_complete
gpcr,D00270,2726,Chlorpromazine,hsa:1814,A8K8E4;P35462;X5D2G4,1,feature_complete
gpcr,D00270,2726,Chlorpromazine,hsa:1816,P21918,1,missing_uniprot_affinity_for_target
gpcr,D00270,2726,Chlorpromazine,hsa:3356,P28223,1,feature_complete
gpcr,D00274,2769,Cisapride (USP/INN),hsa:1128,P11229;Q53XZ3,1,feature_complete
gpcr,D00274,2769,Cisapride (USP/INN),hsa:1129,A4D1Q0;P08172;Q6SL56;Q86SJ1,1,feature_complete
gpcr,D00274,2769,Cisapride (USP/INN),hsa:3360,A0A2D3FAF9;Q13639,1,feature_complete
gpcr,D00281,2803,Clonidine,hsa:146,P25100,1,missing_uniprot_affinity_for_target
gpcr,D00281,2803,Clonidine,hsa:147,P35368,1,missing_uniprot_affinity_for_target
gpcr,D00281,2803,Clonidine,hsa:148,P35348,1,missing_uniprot_affinity_for_target
gpcr,D00281,2803,Clonidine,hsa:150,P08913,1,feature_complete
gpcr,D00281,2803,Clonidine,hsa:151,P18089,1,feature_complete
gpcr,D00281,2803,Clonidine,hsa:152,P18825;Q4W594,1,feature_complete
gpcr,D00283,135398737,Clozapine,hsa:1128,P11229;Q53XZ3,1,feature_complete
gpcr,D00283,135398737,Clozapine,hsa:1129,A4D1Q0;P08172;Q6SL56;Q86SJ1,1,feature_complete
gpcr,D00283,135398737,Clozapine,hsa:146,P25100,1,missing_uniprot_affinity_for_target
gpcr,D00283,135398737,Clozapine,hsa:147,P35368,1,missing_uniprot_affinity_for_target
gpcr,D00283,135398737,Clozapine,hsa:148,P35348,1,missing_uniprot_affinity_for_target
gpcr,D00283,135398737,Clozapine,hsa:150,P08913,1,feature_complete
gpcr,D00283,135398737,Clozapine,hsa:151,P18089,1,feature_complete
gpcr,D00283,135398737,Clozapine,hsa:1812,P21728,1,feature_complete
gpcr,D00283,135398737,Clozapine,hsa:1813,P14416,1,feature_complete
gpcr,D00283,135398737,Clozapine,hsa:1815,P21917,1,feature_complete
gpcr,D00283,135398737,Clozapine,hsa:1816,P21918,1,missing_uniprot_affinity_for_target
gpcr,D00283,135398737,Clozapine,hsa:3269,P35367,1,feature_complete
gpcr,D00283,135398737,Clozapine,hsa:3350,A8K5W4;P08908;Q5ZGX3,1,feature_complete
gpcr,D00283,135398737,Clozapine,hsa:3351,A8K215;P28222;X5D7I5,1,feature_complete
gpcr,D00283,135398737,Clozapine,hsa:3352,P28221,1,feature_complete
gpcr,D00283,135398737,Clozapine,hsa:3354,P28566,1,feature_complete
gpcr,D00283,135398737,Clozapine,hsa:3355,P30939,1,feature_complete
gpcr,D00283,135398737,Clozapine,hsa:3356,P28223,1,feature_complete
gpcr,D00283,135398737,Clozapine,hsa:3357,P41595,1,feature_complete
gpcr,D00283,135398737,Clozapine,hsa:3358,P28335,1,feature_complete
gpcr,D00283,135398737,Clozapine,hsa:3360,A0A2D3FAF9;Q13639,1,feature_complete
gpcr,D00283,135398737,Clozapine,hsa:3361,A4D2N2;P47898,1,feature_complete
gpcr,D00283,135398737,Clozapine,hsa:3362,P50406,1,feature_complete
gpcr,D00283,135398737,Clozapine,hsa:3363,P34969,1,feature_complete
gpcr,D00283,135398737,Clozapine,hsa:59340,Q9H3N8,1,missing_uniprot_affinity_for_target
gpcr,D00295,2756,Cimetidine,hsa:3274,P25021,1,feature_complete
gpcr,D00300,3100,Diphenhydramine,hsa:11255,Q9Y5N1,1,feature_complete
gpcr,D00300,3100,Diphenhydramine,hsa:3269,P35367,1,feature_complete
gpcr,D00300,3100,Diphenhydramine,hsa:59340,Q9H3N8,1,missing_uniprot_affinity_for_target
gpcr,D00301,23724775,Atropine sulfate and diphenoxylate hydrochloride,hsa:4988,G8XRH5;P35372,1,feature_complete
gpcr,D00306,16078,Tetrahydrocannabinol,hsa:1268,P21554,1,feature_complete
gpcr,D00318,5702160,Famotidine,hsa:11255,Q9Y5N1,1,feature_complete
gpcr,D00318,5702160,Famotidine,hsa:3274,P25021,1,feature_complete
gpcr,D00318,5702160,Famotidine,hsa:59340,Q9H3N8,1,missing_uniprot_affinity_for_target
gpcr,D00332,3446,Gabapentin,hsa:134,P30542,1,feature_complete
gpcr,D00332,3446,Gabapentin,hsa:150,P08913,1,feature_complete
gpcr,D00336,3488,Glibenclamide,hsa:6915,P21731;Q05C92;Q0VAB0,1,missing_uniprot_affinity_for_target
gpcr,D00356,5311221,Latanoprost,hsa:5737,P43088,1,missing_uniprot_affinity_for_target
gpcr,D00364,3957,Loratadine,hsa:3269,P35367,1,feature_complete
gpcr,D00371,2153,Theophylline,hsa:136,P29275,1,missing_uniprot_affinity_for_target
gpcr,D00380,5505,Tolbutamide,hsa:3577,P25024,1,feature_complete
gpcr,D00394,5584,Trimipramine,hsa:3577,P25024,1,feature_complete
gpcr,D00397,5593,Tropicamide,hsa:1128,P11229;Q53XZ3,1,feature_complete
gpcr,D00397,5593,Tropicamide,hsa:1129,A4D1Q0;P08172;Q6SL56;Q86SJ1,1,feature_complete
gpcr,D00397,5593,Tropicamide,hsa:1132,P08173,1,feature_complete
gpcr,D00400,60846,Valsartan,hsa:185,P30556;Q53YY0,1,feature_complete
gpcr,D00410,4174,Metyrapone,hsa:3577,P25024,1,feature_complete
gpcr,D00411,5717,Zafirlukast,hsa:10800,Q38Q88;Q38Q91;Q9Y271,1,feature_complete
gpcr,D00411,5717,Zafirlukast,hsa:1241,Q15722,1,feature_complete
gpcr,D00411,5717,Zafirlukast,hsa:56413,B4E292;Q9NPC1,1,missing_uniprot_affinity_for_target
gpcr,D00411,5717,Zafirlukast,hsa:57105,A4ZKH2;Q5KU17;Q9NS75,1,missing_uniprot_affinity_for_target
gpcr,D00415,60857,Zolmitriptan,hsa:3351,A8K215;P28222;X5D7I5,1,feature_complete
gpcr,D00415,60857,Zolmitriptan,hsa:3352,P28221,1,feature_complete
gpcr,D00419,5282381,Misoprostol,hsa:5732,P43116,1,feature_complete
gpcr,D00419,5282381,Misoprostol,hsa:5733,P43115,1,feature_complete
gpcr,D00422,3001055,Ranitidine,hsa:3274,P25021,1,feature_complete
gpcr,D00426,5073,Risperidone,hsa:146,P25100,1,missing_uniprot_affinity_for_target
gpcr,D00426,5073,Risperidone,hsa:147,P35368,1,missing_uniprot_affinity_for_target
gpcr,D00426,5073,Risperidone,hsa:148,P35348,1,missing_uniprot_affinity_for_target
gpcr,D00426,5073,Risperidone,hsa:3356,P28223,1,feature_complete
gpcr,D00432,39147,Nadolol,hsa:153,P08588,1,feature_complete
gpcr,D00432,39147,Nadolol,hsa:154,P07550;X5DQM5,1,feature_complete
gpcr,D00432,39147,Nadolol,hsa:155,A8KAG8;P13945,1,missing_uniprot_affinity_for_target
gpcr,D00437,4485,Nifedipine,hsa:146,P25100,1,missing_uniprot_affinity_for_target
gpcr,D00437,4485,Nifedipine,hsa:147,P35368,1,missing_uniprot_affinity_for_target
gpcr,D00437,4485,Nifedipine,hsa:148,P35348,1,missing_uniprot_affinity_for_target
gpcr,D00437,4485,Nifedipine,hsa:150,P08913,1,feature_complete
gpcr,D00437,4485,Nifedipine,hsa:151,P18089,1,feature_complete
gpcr,D00437,4485,Nifedipine,hsa:153,P08588,1,feature_complete
gpcr,D00437,4485,Nifedipine,hsa:154,P07550;X5DQM5,1,feature_complete
gpcr,D00437,4485,Nifedipine,hsa:155,A8KAG8;P13945,1,missing_uniprot_affinity_for_target
gpcr,D00437,4485,Nifedipine,hsa:3577,P25024,1,feature_complete
gpcr,D00440,3033637,Nizax,hsa:3274,P25021,1,feature_complete
gpcr,D00442,383414,Octreotide (USAN/INN),hsa:6751,P30872;Q86SW9,1,missing_ligand_affinity_file
gpcr,D00442,383414,Octreotide (USAN/INN),hsa:6752,P30874,1,missing_ligand_affinity_file
gpcr,D00443,5833,Spironolactone,hsa:185,P30556;Q53YY0,1,feature_complete
gpcr,D00451,5358,Sumatriptan,hsa:3350,A8K5W4;P08908;Q5ZGX3,1,feature_complete
gpcr,D00451,5358,Sumatriptan,hsa:3351,A8K215;P28222;X5D7I5,1,feature_complete
gpcr,D00451,5358,Sumatriptan,hsa:3352,P28221,1,feature_complete
gpcr,D00451,5358,Sumatriptan,hsa:3354,P28566,1,feature_complete
gpcr,D00451,5358,Sumatriptan,hsa:3355,P30939,1,feature_complete
gpcr,D00451,5358,Sumatriptan,hsa:3356,P28223,1,feature_complete
gpcr,D00451,5358,Sumatriptan,hsa:3357,P41595,1,feature_complete
gpcr,D00451,5358,Sumatriptan,hsa:3358,P28335,1,feature_complete
gpcr,D00451,5358,Sumatriptan,hsa:3360,A0A2D3FAF9;Q13639,1,feature_complete
gpcr,D00451,5358,Sumatriptan,hsa:3361,A4D2N2;P47898,1,feature_complete
gpcr,D00451,5358,Sumatriptan,hsa:3362,P50406,1,feature_complete
gpcr,D00454,135398745,Olanzapine,hsa:1128,P11229;Q53XZ3,1,feature_complete
gpcr,D00454,135398745,Olanzapine,hsa:1129,A4D1Q0;P08172;Q6SL56;Q86SJ1,1,feature_complete
gpcr,D00454,135398745,Olanzapine,hsa:1131,P20309,1,feature_complete
gpcr,D00454,135398745,Olanzapine,hsa:1132,P08173,1,feature_complete
gpcr,D00454,135398745,Olanzapine,hsa:1133,P08912,1,feature_complete
gpcr,D00454,135398745,Olanzapine,hsa:146,P25100,1,missing_uniprot_affinity_for_target
gpcr,D00454,135398745,Olanzapine,hsa:147,P35368,1,missing_uniprot_affinity_for_target
gpcr,D00454,135398745,Olanzapine,hsa:148,P35348,1,missing_uniprot_affinity_for_target
gpcr,D00454,135398745,Olanzapine,hsa:150,P08913,1,feature_complete
gpcr,D00454,135398745,Olanzapine,hsa:151,P18089,1,feature_complete
gpcr,D00454,135398745,Olanzapine,hsa:153,P08588,1,feature_complete
gpcr,D00454,135398745,Olanzapine,hsa:154,P07550;X5DQM5,1,feature_complete
gpcr,D00454,135398745,Olanzapine,hsa:155,A8KAG8;P13945,1,missing_uniprot_affinity_for_target
gpcr,D00454,135398745,Olanzapine,hsa:1812,P21728,1,feature_complete
gpcr,D00454,135398745,Olanzapine,hsa:1813,P14416,1,feature_complete
gpcr,D00454,135398745,Olanzapine,hsa:1814,A8K8E4;P35462;X5D2G4,1,feature_complete
gpcr,D00454,135398745,Olanzapine,hsa:1815,P21917,1,feature_complete
gpcr,D00454,135398745,Olanzapine,hsa:1816,P21918,1,missing_uniprot_affinity_for_target
gpcr,D00454,135398745,Olanzapine,hsa:3269,P35367,1,feature_complete
gpcr,D00454,135398745,Olanzapine,hsa:3356,P28223,1,feature_complete
gpcr,D00454,135398745,Olanzapine,hsa:3358,P28335,1,feature_complete
gpcr,D00454,135398745,Olanzapine,hsa:3362,P50406,1,feature_complete
gpcr,D00465,4634,Oxybutynin,hsa:1128,P11229;Q53XZ3,1,feature_complete
gpcr,D00465,4634,Oxybutynin,hsa:1129,A4D1Q0;P08172;Q6SL56;Q86SJ1,1,feature_complete
gpcr,D00480,6014,Promethazine Hydrochloride,hsa:3269,P35367,1,feature_complete
gpcr,D00483,62882,Propranolol Hydrochloride,hsa:153,P08588,1,feature_complete
gpcr,D00483,62882,Propranolol Hydrochloride,hsa:154,P07550;X5DQM5,1,feature_complete
gpcr,D00483,62882,Propranolol Hydrochloride,hsa:155,A8KAG8;P13945,1,missing_uniprot_affinity_for_target
gpcr,D00493,4917,Prochlorperazine,hsa:1812,P21728,1,feature_complete
gpcr,D00493,4917,Prochlorperazine,hsa:1813,P14416,1,feature_complete
gpcr,D00493,4917,Prochlorperazine,hsa:1814,A8K8E4;P35462;X5D2G4,1,feature_complete
gpcr,D00493,4917,Prochlorperazine,hsa:1816,P21918,1,missing_uniprot_affinity_for_target
gpcr,D00493,4917,Prochlorperazine,hsa:3269,P35367,1,feature_complete
gpcr,D00493,4917,Prochlorperazine,hsa:3356,P28223,1,feature_complete
gpcr,D00494,4927,Promethazine,hsa:11255,Q9Y5N1,1,feature_complete
gpcr,D00494,4927,Promethazine,hsa:1128,P11229;Q53XZ3,1,feature_complete
gpcr,D00494,4927,Promethazine,hsa:1129,A4D1Q0;P08172;Q6SL56;Q86SJ1,1,feature_complete
gpcr,D00494,4927,Promethazine,hsa:1131,P20309,1,feature_complete
gpcr,D00494,4927,Promethazine,hsa:1132,P08173,1,feature_complete
gpcr,D00494,4927,Promethazine,hsa:1133,P08912,1,feature_complete
gpcr,D00494,4927,Promethazine,hsa:148,P35348,1,missing_uniprot_affinity_for_target
gpcr,D00494,4927,Promethazine,hsa:1813,P14416,1,feature_complete
gpcr,D00494,4927,Promethazine,hsa:3269,P35367,1,feature_complete
gpcr,D00494,4927,Promethazine,hsa:3356,P28223,1,feature_complete
gpcr,D00494,4927,Promethazine,hsa:59340,Q9H3N8,1,missing_uniprot_affinity_for_target
gpcr,D00498,441278,Pentazocine,hsa:4988,G8XRH5;P35372,1,feature_complete
gpcr,D00499,4737,Pentobarbital,hsa:8843,P49019,1,missing_uniprot_affinity_for_target
gpcr,D00503,4748,Perphenazine,hsa:148,P35348,1,missing_uniprot_affinity_for_target
gpcr,D00503,4748,Perphenazine,hsa:1812,P21728,1,feature_complete
gpcr,D00503,4748,Perphenazine,hsa:1813,P14416,1,feature_complete
gpcr,D00503,4748,Perphenazine,hsa:1814,A8K8E4;P35462;X5D2G4,1,feature_complete
gpcr,D00509,91430,Phentolamine Methanesulfonate,hsa:146,P25100,1,missing_uniprot_affinity_for_target
gpcr,D00509,91430,Phentolamine Methanesulfonate,hsa:147,P35368,1,missing_uniprot_affinity_for_target
gpcr,D00509,91430,Phentolamine Methanesulfonate,hsa:148,P35348,1,missing_uniprot_affinity_for_target
gpcr,D00509,91430,Phentolamine Methanesulfonate,hsa:150,P08913,1,feature_complete
gpcr,D00509,91430,Phentolamine Methanesulfonate,hsa:151,P18089,1,feature_complete
gpcr,D00509,91430,Phentolamine Methanesulfonate,hsa:152,P18825;Q4W594,1,feature_complete
gpcr,D00513,4828,Pindolol,hsa:146,P25100,1,missing_uniprot_affinity_for_target
gpcr,D00513,4828,Pindolol,hsa:147,P35368,1,missing_uniprot_affinity_for_target
gpcr,D00513,4828,Pindolol,hsa:148,P35348,1,missing_uniprot_affinity_for_target
gpcr,D00513,4828,Pindolol,hsa:150,P08913,1,feature_complete
gpcr,D00513,4828,Pindolol,hsa:151,P18089,1,feature_complete
gpcr,D00513,4828,Pindolol,hsa:153,P08588,1,feature_complete
gpcr,D00513,4828,Pindolol,hsa:154,P07550;X5DQM5,1,feature_complete
gpcr,D00513,4828,Pindolol,hsa:155,A8KAG8;P13945,1,missing_uniprot_affinity_for_target
gpcr,D00513,4828,Pindolol,hsa:3350,A8K5W4;P08908;Q5ZGX3,1,feature_complete
gpcr,D00513,4828,Pindolol,hsa:3351,A8K215;P28222;X5D7I5,1,feature_complete
gpcr,D00513,4828,Pindolol,hsa:3352,P28221,1,feature_complete
gpcr,D00513,4828,Pindolol,hsa:3354,P28566,1,feature_complete
gpcr,D00513,4828,Pindolol,hsa:3355,P30939,1,feature_complete
gpcr,D00513,4828,Pindolol,hsa:3356,P28223,1,feature_complete
gpcr,D00513,4828,Pindolol,hsa:3357,P41595,1,feature_complete
gpcr,D00513,4828,Pindolol,hsa:3358,P28335,1,feature_complete
gpcr,D00513,4828,Pindolol,hsa:3360,A0A2D3FAF9;Q13639,1,feature_complete
gpcr,D00513,4828,Pindolol,hsa:3361,A4D2N2;P47898,1,feature_complete
gpcr,D00513,4828,Pindolol,hsa:3362,P50406,1,feature_complete
gpcr,D00514,5311068,Dexmedetomidine,hsa:150,P08913,1,feature_complete
gpcr,D00520,10660,Dimenhydrinate,hsa:3269,P35367,1,feature_complete
gpcr,D00521,5405,Terfenadine,hsa:3269,P35367,1,feature_complete
gpcr,D00522,2541,Candesartan,hsa:185,P30556;Q53YY0,1,feature_complete
gpcr,D00523,3749,Irbesartan,hsa:185,P30556;Q53YY0,1,feature_complete
gpcr,D00524,5831,Carbachol,hsa:1128,P11229;Q53XZ3,1,feature_complete
gpcr,D00524,5831,Carbachol,hsa:1129,A4D1Q0;P08172;Q6SL56;Q86SJ1,1,feature_complete
gpcr,D00524,5831,Carbachol,hsa:8843,P49019,1,missing_uniprot_affinity_for_target
gpcr,D00525,5910,Pilocarpine,hsa:1128,P11229;Q53XZ3,1,feature_complete
gpcr,D00528,2519,Caffeine,hsa:10161,B3KVQ5;P43657,1,missing_uniprot_affinity_for_target
gpcr,D00528,2519,Caffeine,hsa:134,P30542,1,feature_complete
gpcr,D00528,2519,Caffeine,hsa:135,B3KVQ4;P29274;X5DNB4,1,feature_complete
gpcr,D00528,2519,Caffeine,hsa:136,P29275,1,missing_uniprot_affinity_for_target
gpcr,D00528,2519,Caffeine,hsa:140,P0DMS8,1,missing_uniprot_affinity_for_target
gpcr,D00528,2519,Caffeine,hsa:2846,Q99677,1,missing_uniprot_affinity_for_target
gpcr,D00528,2519,Caffeine,hsa:3577,P25024,1,feature_complete
gpcr,D00528,2519,Caffeine,hsa:5028,P47900,1,feature_complete
gpcr,D00528,2519,Caffeine,hsa:5029,P41231,1,missing_uniprot_affinity_for_target
gpcr,D00528,2519,Caffeine,hsa:5030,P51582,1,missing_uniprot_affinity_for_target
gpcr,D00528,2519,Caffeine,hsa:5031,Q15077,1,missing_uniprot_affinity_for_target
gpcr,D00528,2519,Caffeine,hsa:5032,Q96G91,1,missing_uniprot_affinity_for_target
gpcr,D00528,2519,Caffeine,hsa:64805,A8K7T1;Q9H244,1,feature_complete
gpcr,D00528,2519,Caffeine,hsa:9934,A5JUU3;Q15391,1,missing_uniprot_affinity_for_target
gpcr,D00540,11693,Glycopyrrolate,hsa:1128,P11229;Q53XZ3,1,feature_complete
gpcr,D00540,11693,Glycopyrrolate,hsa:1129,A4D1Q0;P08172;Q6SL56;Q86SJ1,1,feature_complete
gpcr,D00542,3562,Halothane,hsa:3577,P25024,1,feature_complete
gpcr,D00559,166589,Pramipexole dihydrochloride monohydrate,hsa:1814,A8K8E4;P35462;X5D2G4,1,missing_ligand_affinity_file
gpcr,D00560,16362,Pimozide,hsa:1812,P21728,1,feature_complete
gpcr,D00560,16362,Pimozide,hsa:1813,P14416,1,feature_complete
gpcr,D00560,16362,Pimozide,hsa:1814,A8K8E4;P35462;X5D2G4,1,feature_complete
gpcr,D00560,16362,Pimozide,hsa:1816,P21918,1,missing_uniprot_affinity_for_target
gpcr,D00560,16362,Pimozide,hsa:4985,P41143,1,feature_complete
gpcr,D00563,4205,Mirtazapine,hsa:150,P08913,1,feature_complete
gpcr,D00563,4205,Mirtazapine,hsa:151,P18089,1,feature_complete
gpcr,D00563,4205,Mirtazapine,hsa:3356,P28223,1,feature_complete
gpcr,D00563,4205,Mirtazapine,hsa:3358,P28335,1,feature_complete
gpcr,D00574,2145,Aminoglutethimide,hsa:3577,P25024,1,feature_complete
gpcr,D00598,107952,Betaxolol Hydrochloride,hsa:153,P08588,1,feature_complete
gpcr,D00598,107952,Betaxolol Hydrochloride,hsa:154,P07550;X5DQM5,1,feature_complete
gpcr,D00601,441308,Metoprolol Tartrate,hsa:153,P08588,1,missing_ligand_affinity_file
gpcr,D00601,441308,Metoprolol Tartrate,hsa:154,P07550;X5DQM5,1,missing_ligand_affinity_file
gpcr,D00604,20179,Clonidine Hydrochloride,hsa:146,P25100,1,missing_uniprot_affinity_for_target
gpcr,D00604,20179,Clonidine Hydrochloride,hsa:150,P08913,1,feature_complete
gpcr,D00604,20179,Clonidine Hydrochloride,hsa:151,P18089,1,feature_complete
gpcr,D00604,20179,Clonidine Hydrochloride,hsa:152,P18825;Q4W594,1,feature_complete
gpcr,D00606,71401,,hsa:150,P08913,1,missing_pubchem_descriptor_row
gpcr,D00606,71401,,hsa:151,P18089,1,missing_pubchem_descriptor_row
gpcr,D00606,71401,,hsa:152,P18825;Q4W594,1,missing_pubchem_descriptor_row
gpcr,D00607,68552,Guanadrel Sulfate,hsa:146,P25100,1,missing_ligand_affinity_file
gpcr,D00607,68552,Guanadrel Sulfate,hsa:147,P35368,1,missing_ligand_affinity_file
gpcr,D00607,68552,Guanadrel Sulfate,hsa:148,P35348,1,missing_ligand_affinity_file
gpcr,D00607,68552,Guanadrel Sulfate,hsa:150,P08913,1,missing_ligand_affinity_file
gpcr,D00607,68552,Guanadrel Sulfate,hsa:151,P18089,1,missing_ligand_affinity_file
gpcr,D00607,68552,Guanadrel Sulfate,hsa:152,P18825;Q4W594,1,missing_ligand_affinity_file
gpcr,D00609,68546,Prazosin Hydrochloride,hsa:146,P25100,1,missing_uniprot_affinity_for_target
gpcr,D00609,68546,Prazosin Hydrochloride,hsa:147,P35368,1,missing_uniprot_affinity_for_target
gpcr,D00609,68546,Prazosin Hydrochloride,hsa:148,P35348,1,missing_uniprot_affinity_for_target
gpcr,D00609,68546,Prazosin Hydrochloride,hsa:150,P08913,1,feature_complete
gpcr,D00609,68546,Prazosin Hydrochloride,hsa:151,P18089,1,feature_complete
gpcr,D00609,68546,Prazosin Hydrochloride,hsa:152,P18825;Q4W594,1,feature_complete
gpcr,D00613,49659,,hsa:150,P08913,1,missing_pubchem_descriptor_row
gpcr,D00613,49659,,hsa:151,P18089,1,missing_pubchem_descriptor_row
gpcr,D00613,49659,,hsa:152,P18825;Q4W594,1,missing_pubchem_descriptor_row
gpcr,D00613,49659,,hsa:1812,P21728,1,missing_pubchem_descriptor_row
gpcr,D00613,49659,,hsa:1816,P21918,1,missing_pubchem_descriptor_row
gpcr,D00627,65999,Telmisartan,hsa:185,P30556;Q53YY0,1,feature_complete
gpcr,D00632,65324,Dobutamine Hydrochloride,hsa:153,P08588,1,feature_complete
gpcr,D00632,65324,Dobutamine Hydrochloride,hsa:154,P07550;X5DQM5,1,feature_complete
gpcr,D00635,62937,Metoprolol Succinate,hsa:153,P08588,1,missing_ligand_affinity_file
gpcr,D00635,62937,Metoprolol Succinate,hsa:154,P07550;X5DQM5,1,missing_ligand_affinity_file
gpcr,D00645,6100,Bretylium Tosylate,hsa:153,P08588,1,feature_complete
gpcr,D00645,6100,Bretylium Tosylate,hsa:154,P07550;X5DQM5,1,feature_complete
gpcr,D00646,443879,Tolterodine,hsa:1128,P11229;Q53XZ3,1,feature_complete
gpcr,D00646,443879,Tolterodine,hsa:1129,A4D1Q0;P08172;Q6SL56;Q86SJ1,1,feature_complete
gpcr,D00665,5281068,Chlorpheniramine Maleate,hsa:3269,P35367,1,feature_complete
gpcr,D00666,23724780,Clemastinefumarate,hsa:3269,P35367,1,feature_complete
gpcr,D00673,3033332,Ranitidine Hydrochloride,hsa:3274,P25021,1,feature_complete
gpcr,D00674,60875,Naratriptan Hydrochloride,hsa:3355,P30939,1,feature_complete
gpcr,D00675,77997,Rizatriptan Benzoate,hsa:3351,A8K215;P28222;X5D7I5,1,missing_ligand_affinity_file
gpcr,D00675,77997,Rizatriptan Benzoate,hsa:3352,P28221,1,missing_ligand_affinity_file
gpcr,D00676,59772,Sumatriptan Succinate,hsa:3351,A8K215;P28222;X5D7I5,1,feature_complete
gpcr,D00676,59772,Sumatriptan Succinate,hsa:3352,P28221,1,feature_complete
gpcr,D00676,59772,Sumatriptan Succinate,hsa:3355,P30939,1,feature_complete
gpcr,D00682,5281074,Carboprost Tromethamine,hsa:5731,P34995,1,missing_uniprot_affinity_for_target
gpcr,D00683,39859,Albuterol Sulfate,hsa:154,P07550;X5DQM5,1,missing_ligand_affinity_file
gpcr,D00684,35329,Bitolterol Mesylate,hsa:154,P07550;X5DQM5,1,feature_complete
gpcr,D00687,56801,Salmeterol Xinafoate,hsa:154,P07550;X5DQM5,1,missing_ligand_affinity_file
gpcr,D00688,441334,Terbutaline Sulfate,hsa:154,P07550;X5DQM5,1,missing_ligand_affinity_file
gpcr,D00715,23724781,,hsa:1128,P11229;Q53XZ3,1,missing_pubchem_descriptor_row
gpcr,D00726,4168,Metoclopramide,hsa:1128,P11229;Q53XZ3,1,feature_complete
gpcr,D00726,4168,Metoclopramide,hsa:1813,P14416,1,feature_complete
gpcr,D00726,4168,Metoclopramide,hsa:1814,A8K8E4;P35462;X5D2G4,1,feature_complete
gpcr,D00726,4168,Metoclopramide,hsa:3350,A8K5W4;P08908;Q5ZGX3,1,feature_complete
gpcr,D00726,4168,Metoclopramide,hsa:3351,A8K215;P28222;X5D7I5,1,feature_complete
gpcr,D00726,4168,Metoclopramide,hsa:3352,P28221,1,feature_complete
gpcr,D00726,4168,Metoclopramide,hsa:3354,P28566,1,feature_complete
gpcr,D00726,4168,Metoclopramide,hsa:3355,P30939,1,feature_complete
gpcr,D00726,4168,Metoclopramide,hsa:3356,P28223,1,feature_complete
gpcr,D00726,4168,Metoclopramide,hsa:3357,P41595,1,feature_complete
gpcr,D00726,4168,Metoclopramide,hsa:3358,P28335,1,feature_complete
gpcr,D00726,4168,Metoclopramide,hsa:3360,A0A2D3FAF9;Q13639,1,feature_complete
gpcr,D00726,4168,Metoclopramide,hsa:3361,A4D2N2;P47898,1,feature_complete
gpcr,D00726,4168,Metoclopramide,hsa:3362,P50406,1,feature_complete
gpcr,D00726,4168,Metoclopramide,hsa:8843,P49019,1,missing_uniprot_affinity_for_target
gpcr,D00760,60168,Doxacurium chloride [VANDF],hsa:1129,A4D1Q0;P08172;Q6SL56;Q86SJ1,1,missing_ligand_affinity_file
gpcr,D00765,441351,Rocuronium Bromide,hsa:1129,A4D1Q0;P08172;Q6SL56;Q86SJ1,1,feature_complete
gpcr,D00769,115366,Clopidogrel Bisulfate,hsa:64805,A8K7T1;Q9H244,1,feature_complete
gpcr,D00775,5070,Riluzole,hsa:2911,Q13255;Q59HC2,1,feature_complete
gpcr,D00775,5070,Riluzole,hsa:2912,Q14416,1,feature_complete
gpcr,D00775,5070,Riluzole,hsa:2913,A4D1D0;Q14832,1,feature_complete
gpcr,D00775,5070,Riluzole,hsa:2914,A1L4F9;Q14833,1,missing_uniprot_affinity_for_target
gpcr,D00775,5070,Riluzole,hsa:2915,P41594,1,feature_complete
gpcr,D00775,5070,Riluzole,hsa:2916,O15303,1,missing_uniprot_affinity_for_target
gpcr,D00775,5070,Riluzole,hsa:2917,B2R693;Q14831;Q59G95,1,missing_uniprot_affinity_for_target
gpcr,D00775,5070,Riluzole,hsa:2918,O00222,1,feature_complete
gpcr,D00779,2381,Biperiden,hsa:1128,P11229;Q53XZ3,1,feature_complete
gpcr,D00779,2381,Biperiden,hsa:1129,A4D1Q0;P08172;Q6SL56;Q86SJ1,1,feature_complete
gpcr,D00780,31100,Bromocriptine Mesylate,hsa:1813,P14416,1,feature_complete
gpcr,D00790,667467,Chlorprothixene,hsa:1812,P21728,1,feature_complete
gpcr,D00790,667467,Chlorprothixene,hsa:1813,P14416,1,feature_complete
gpcr,D00837,5462346,"(1S,9R,10S)-17-(Cyclobutylmethyl)-17-azatetracyclo[7.5.3.01,10.02,7]heptadeca-2(7),3,5-triene-4,10-diol;(2R,3R)-2,3-dihydroxybutanedioic acid",hsa:4986,P41145,1,missing_ligand_affinity_file
gpcr,D00837,5462346,"(1S,9R,10S)-17-(Cyclobutylmethyl)-17-azatetracyclo[7.5.3.01,10.02,7]heptadeca-2(7),3,5-triene-4,10-diol;(2R,3R)-2,3-dihydroxybutanedioic acid",hsa:4988,G8XRH5;P35372,1,missing_ligand_affinity_file
gpcr,D00838,3033053,Dezocine,hsa:4986,P41145,1,feature_complete
gpcr,D00838,3033053,Dezocine,hsa:4988,G8XRH5;P35372,1,feature_complete
gpcr,D00845,65494,Sufentanil Citrate,hsa:4988,G8XRH5;P35372,1,feature_complete
gpcr,D00954,13109,Levonorgestrel,hsa:148,P35348,1,missing_uniprot_affinity_for_target
gpcr,D00965,4493,Nilutamide,hsa:148,P35348,1,missing_uniprot_affinity_for_target
gpcr,D00987,54746,Cabergoline,hsa:1813,P14416,1,feature_complete
gpcr,D00996,441411,(-)-Epinephrine hydrochloride,hsa:146,P25100,1,missing_uniprot_affinity_for_target
gpcr,D00996,441411,(-)-Epinephrine hydrochloride,hsa:147,P35368,1,missing_uniprot_affinity_for_target
gpcr,D00996,441411,(-)-Epinephrine hydrochloride,hsa:148,P35348,1,missing_uniprot_affinity_for_target
gpcr,D00996,441411,(-)-Epinephrine hydrochloride,hsa:150,P08913,1,missing_uniprot_affinity_for_target
gpcr,D00996,441411,(-)-Epinephrine hydrochloride,hsa:151,P18089,1,feature_complete
gpcr,D00996,441411,(-)-Epinephrine hydrochloride,hsa:152,P18825;Q4W594,1,missing_uniprot_affinity_for_target
gpcr,D00996,441411,(-)-Epinephrine hydrochloride,hsa:153,P08588,1,feature_complete
gpcr,D00996,441411,(-)-Epinephrine hydrochloride,hsa:154,P07550;X5DQM5,1,feature_complete
gpcr,D00996,441411,(-)-Epinephrine hydrochloride,hsa:155,A8KAG8;P13945,1,missing_uniprot_affinity_for_target
gpcr,D01020,6081,"2-Amino-1-(2,5-dimethoxyphenyl)propan-1-ol hydrochloride",hsa:146,P25100,1,missing_uniprot_affinity_for_target
gpcr,D01020,6081,"2-Amino-1-(2,5-dimethoxyphenyl)propan-1-ol hydrochloride",hsa:147,P35368,1,missing_uniprot_affinity_for_target
gpcr,D01020,6081,"2-Amino-1-(2,5-dimethoxyphenyl)propan-1-ol hydrochloride",hsa:148,P35348,1,missing_uniprot_affinity_for_target
gpcr,D01022,66259,Oxymetazoline Hydrochloride,hsa:146,P25100,1,missing_uniprot_affinity_for_target
gpcr,D01022,66259,Oxymetazoline Hydrochloride,hsa:147,P35368,1,missing_uniprot_affinity_for_target
gpcr,D01022,66259,Oxymetazoline Hydrochloride,hsa:148,P35348,1,missing_uniprot_affinity_for_target
gpcr,D01022,66259,Oxymetazoline Hydrochloride,hsa:150,P08913,1,feature_complete
gpcr,D01022,66259,Oxymetazoline Hydrochloride,hsa:151,P18089,1,feature_complete
gpcr,D01022,66259,Oxymetazoline Hydrochloride,hsa:152,P18825;Q4W594,1,feature_complete
gpcr,D01024,5362376,Tamsulosin Hydrochloride,hsa:146,P25100,1,missing_uniprot_affinity_for_target
gpcr,D01024,5362376,Tamsulosin Hydrochloride,hsa:147,P35368,1,missing_uniprot_affinity_for_target
gpcr,D01024,5362376,Tamsulosin Hydrochloride,hsa:148,P35348,1,missing_uniprot_affinity_for_target
gpcr,D01051,5265,Spiperone,hsa:146,P25100,1,missing_uniprot_affinity_for_target
gpcr,D01051,5265,Spiperone,hsa:147,P35368,1,missing_uniprot_affinity_for_target
gpcr,D01051,5265,Spiperone,hsa:148,P35348,1,missing_uniprot_affinity_for_target
gpcr,D01051,5265,Spiperone,hsa:3350,A8K5W4;P08908;Q5ZGX3,1,feature_complete
gpcr,D01051,5265,Spiperone,hsa:3356,P28223,1,feature_complete
gpcr,D01051,5265,Spiperone,hsa:3363,P34969,1,feature_complete
gpcr,D01071,3608,Hexobarbital,hsa:3577,P25024,1,feature_complete
gpcr,D01103,107979,"Spiro(8-azoniabicyclo(3.2.1)octane-8,1'-pyrrolidinium), 3-hydroxy-, chloride, benzilate",hsa:1128,P11229;Q53XZ3,1,feature_complete
gpcr,D01118,122824,Ethopropazine Hydrochloride,hsa:1128,P11229;Q53XZ3,1,feature_complete
gpcr,D01126,66250,"L-Arginine, monohydrochloride",hsa:222545,Q5T6X5,1,missing_uniprot_affinity_for_target
gpcr,D01164,60795,Aripiprazole,hsa:1813,P14416,1,feature_complete
gpcr,D01164,60795,Aripiprazole,hsa:1814,A8K8E4;P35462;X5D2G4,1,feature_complete
gpcr,D01164,60795,Aripiprazole,hsa:3350,A8K5W4;P08908;Q5ZGX3,1,feature_complete
gpcr,D01164,60795,Aripiprazole,hsa:3356,P28223,1,feature_complete
gpcr,D01164,60795,Aripiprazole,hsa:3357,P41595,1,feature_complete
gpcr,D01164,60795,Aripiprazole,hsa:3358,P28335,1,feature_complete
gpcr,D01227,27522,Distigmine Bromide,hsa:1909,P25101,1,missing_uniprot_affinity_for_target
gpcr,D01227,27522,Distigmine Bromide,hsa:1910,P24530,1,feature_complete
gpcr,D01236,28620,Deslanoside,hsa:552,P37288;X5D2B0,1,feature_complete
gpcr,D01236,28620,Deslanoside,hsa:554,P30518,1,feature_complete
gpcr,D01242,92163,Prilocaine Hydrochloride,hsa:3269,P35367,1,missing_uniprot_affinity_for_target
gpcr,D01269,443939,Doxorubicin Hydrochloride,hsa:1128,P11229;Q53XZ3,1,feature_complete
gpcr,D01295,71405,Pirenzepine Hydrochloride,hsa:1812,P21728,1,missing_ligand_affinity_file
gpcr,D01295,71405,Pirenzepine Hydrochloride,hsa:1813,P14416,1,missing_ligand_affinity_file
gpcr,D01295,71405,Pirenzepine Hydrochloride,hsa:1814,A8K8E4;P35462;X5D2G4,1,missing_ligand_affinity_file
gpcr,D01295,71405,Pirenzepine Hydrochloride,hsa:1816,P21918,1,missing_ligand_affinity_file
gpcr,D01295,71405,Pirenzepine Hydrochloride,hsa:3269,P35367,1,missing_ligand_affinity_file
gpcr,D01297,4066,Mequitazine,hsa:1128,P11229;Q53XZ3,1,feature_complete
gpcr,D01324,5468,Tiaprofenic Acid,hsa:3269,P35367,1,feature_complete
gpcr,D01332,2329,4-((2-(Benzoylamino)-3-(4-hydroxyphenyl)-1-oxopropyl)amino)benzoic acid,hsa:3269,P35367,1,feature_complete
gpcr,D01346,19648,Streptomycin Sulfate,hsa:2918,O00222,1,missing_ligand_affinity_file
gpcr,D01352,68551,Mianserin Hydrochloride,hsa:5737,P43088,1,missing_uniprot_affinity_for_target
gpcr,D01352,68551,Mianserin Hydrochloride,hsa:5739,P43119,1,missing_uniprot_affinity_for_target
gpcr,D01358,38911,Ciclopirox Olamine,hsa:146,P25100,1,missing_ligand_affinity_file
gpcr,D01358,38911,Ciclopirox Olamine,hsa:147,P35368,1,missing_ligand_affinity_file
gpcr,D01358,38911,Ciclopirox Olamine,hsa:148,P35348,1,missing_ligand_affinity_file
gpcr,D01358,38911,Ciclopirox Olamine,hsa:3356,P28223,1,missing_ligand_affinity_file
gpcr,D01386,443958,Amcinonide,hsa:154,P07550;X5DQM5,1,feature_complete
gpcr,D01390,2176,Ampiroxicam,hsa:153,P08588,1,feature_complete
gpcr,D01390,2176,Ampiroxicam,hsa:154,P07550;X5DQM5,1,feature_complete
gpcr,D01390,2176,Ampiroxicam,hsa:155,A8KAG8;P13945,1,missing_uniprot_affinity_for_target
gpcr,D01441,5282418,Trifluoperazine dimaleate,hsa:9283,O60883,1,missing_ligand_affinity_file
gpcr,D01454,5282421,Lisuride Maleate,hsa:153,P08588,1,feature_complete
gpcr,D01454,5282421,Lisuride Maleate,hsa:154,P07550;X5DQM5,1,feature_complete
gpcr,D01454,5282421,Lisuride Maleate,hsa:155,A8KAG8;P13945,1,missing_uniprot_affinity_for_target
gpcr,D01462,3395,Flurbiprofen Axetil,hsa:1813,P14416,1,feature_complete
gpcr,D01603,65889,Apafant,hsa:146,P25100,1,missing_uniprot_affinity_for_target
gpcr,D01603,65889,Apafant,hsa:147,P35368,1,missing_uniprot_affinity_for_target
gpcr,D01603,65889,Apafant,hsa:148,P35348,1,missing_uniprot_affinity_for_target
gpcr,D01603,65889,Apafant,hsa:150,P08913,1,feature_complete
gpcr,D01603,65889,Apafant,hsa:151,P18089,1,feature_complete
gpcr,D01603,65889,Apafant,hsa:152,P18825;Q4W594,1,feature_complete
gpcr,D01652,444020,Voglibose,hsa:5724,P25105,1,missing_uniprot_affinity_for_target
gpcr,D01692,444030,Darifenacin Hydrobromide,hsa:148,P35348,1,missing_uniprot_affinity_for_target
gpcr,D01699,151170,Cilomilast,hsa:1131,P20309,1,feature_complete
gpcr,D01712,157313,Epinastine Hydrochloride,hsa:134,P30542,1,feature_complete
gpcr,D01712,157313,Epinastine Hydrochloride,hsa:135,B3KVQ4;P29274;X5DNB4,1,feature_complete
gpcr,D01713,,,hsa:146,P25100,1,missing_kegg_drug_to_pubchem_cid
gpcr,D01713,,,hsa:147,P35368,1,missing_kegg_drug_to_pubchem_cid
gpcr,D01713,,,hsa:148,P35348,1,missing_kegg_drug_to_pubchem_cid
gpcr,D01713,,,hsa:150,P08913,1,missing_kegg_drug_to_pubchem_cid
gpcr,D01713,,,hsa:151,P18089,1,missing_kegg_drug_to_pubchem_cid
gpcr,D01713,,,hsa:3269,P35367,1,missing_kegg_drug_to_pubchem_cid
gpcr,D01713,,,hsa:3274,P25021,1,missing_kegg_drug_to_pubchem_cid
gpcr,D01713,,,hsa:3356,P28223,1,missing_kegg_drug_to_pubchem_cid
gpcr,D01717,54384,Levocabastine hydrochloride,hsa:23620,O95665,1,missing_uniprot_affinity_for_target
gpcr,D01717,54384,Levocabastine hydrochloride,hsa:3269,P35367,1,feature_complete
gpcr,D01745,3151,Domperidone,hsa:1813,P14416,1,feature_complete
gpcr,D01782,5284472,Triprolidine hydrochloride monohydrate,hsa:3269,P35367,1,feature_complete
gpcr,D01828,2161,Amlexanox,hsa:10800,Q38Q88;Q38Q91;Q9Y271,1,feature_complete
gpcr,D01871,71177,"Piperidine, 1-methyl-3-(9H-thioxanthen-9-ylmethyl)-, hydrochloride, hydrate (1:1:1)",hsa:1128,P11229;Q53XZ3,1,feature_complete
gpcr,D01871,71177,"Piperidine, 1-methyl-3-(9H-thioxanthen-9-ylmethyl)-, hydrochloride, hydrate (1:1:1)",hsa:1129,A4D1Q0;P08172;Q6SL56;Q86SJ1,1,feature_complete
gpcr,D01871,71177,"Piperidine, 1-methyl-3-(9H-thioxanthen-9-ylmethyl)-, hydrochloride, hydrate (1:1:1)",hsa:1131,P20309,1,feature_complete
gpcr,D01871,71177,"Piperidine, 1-methyl-3-(9H-thioxanthen-9-ylmethyl)-, hydrochloride, hydrate (1:1:1)",hsa:1132,P08173,1,feature_complete
gpcr,D01871,71177,"Piperidine, 1-methyl-3-(9H-thioxanthen-9-ylmethyl)-, hydrochloride, hydrate (1:1:1)",hsa:1133,P08912,1,feature_complete
gpcr,D01891,5311225,Syngard,hsa:5733,P43115,1,feature_complete
gpcr,D01925,656609,Taltirelin tetrahydrate,hsa:7201,P34981,1,missing_ligand_affinity_file
gpcr,D01964,5282226,Travoprost,hsa:5737,P43088,1,missing_uniprot_affinity_for_target
gpcr,D01965,5312125,Silodosin,hsa:146,P25100,1,missing_uniprot_affinity_for_target
gpcr,D01965,5312125,Silodosin,hsa:147,P35368,1,missing_uniprot_affinity_for_target
gpcr,D01965,5312125,Silodosin,hsa:148,P35348,1,missing_uniprot_affinity_for_target
gpcr,D01973,656631,Eletriptan Hydrobromide,hsa:3350,A8K5W4;P08908;Q5ZGX3,1,feature_complete
gpcr,D01973,656631,Eletriptan Hydrobromide,hsa:3351,A8K215;P28222;X5D7I5,1,feature_complete
gpcr,D01973,656631,Eletriptan Hydrobromide,hsa:3352,P28221,1,feature_complete
gpcr,D01973,656631,Eletriptan Hydrobromide,hsa:3354,P28566,1,feature_complete
gpcr,D01973,656631,Eletriptan Hydrobromide,hsa:3355,P30939,1,feature_complete
gpcr,D01973,656631,Eletriptan Hydrobromide,hsa:3357,P41595,1,feature_complete
gpcr,D01973,656631,Eletriptan Hydrobromide,hsa:3363,P34969,1,feature_complete
gpcr,D01994,6918047,Mosapride citrate dihydrate,hsa:3360,A0A2D3FAF9;Q13639,1,missing_ligand_affinity_file
gpcr,D02007,5282469,Protirelin tartrate monohydrate,hsa:7201,P34981,1,feature_complete
gpcr,D02066,656677,Isoproterenol Sulfate,hsa:153,P08588,1,missing_ligand_affinity_file
gpcr,D02066,656677,Isoproterenol Sulfate,hsa:154,P07550;X5DQM5,1,missing_ligand_affinity_file
gpcr,D02066,656677,Isoproterenol Sulfate,hsa:155,A8KAG8;P13945,1,missing_ligand_affinity_file
gpcr,D02070,10429215,Arkitropin,hsa:1128,P11229;Q53XZ3,1,feature_complete
gpcr,D02070,10429215,Arkitropin,hsa:1129,A4D1Q0;P08172;Q6SL56;Q86SJ1,1,feature_complete
gpcr,D02070,10429215,Arkitropin,hsa:1131,P20309,1,feature_complete
gpcr,D02070,10429215,Arkitropin,hsa:1132,P08173,1,feature_complete
gpcr,D02070,10429215,Arkitropin,hsa:1133,P08912,1,feature_complete
gpcr,D02076,54405,Brimonidine Tartrate,hsa:150,P08913,1,feature_complete
gpcr,D02076,54405,Brimonidine Tartrate,hsa:151,P18089,1,feature_complete
gpcr,D02076,54405,Brimonidine Tartrate,hsa:152,P18825;Q4W594,1,feature_complete
gpcr,D02082,5282474,Eprosartan Mesylate,hsa:185,P30556;Q53YY0,1,feature_complete
gpcr,D02147,2083,Salbutamol,hsa:154,P07550;X5DQM5,1,feature_complete
gpcr,D02149,5815,Epinephrine Bitartrate,hsa:146,P25100,1,missing_uniprot_affinity_for_target
gpcr,D02149,5815,Epinephrine Bitartrate,hsa:147,P35368,1,missing_uniprot_affinity_for_target
gpcr,D02149,5815,Epinephrine Bitartrate,hsa:148,P35348,1,missing_uniprot_affinity_for_target
gpcr,D02149,5815,Epinephrine Bitartrate,hsa:150,P08913,1,feature_complete
gpcr,D02149,5815,Epinephrine Bitartrate,hsa:151,P18089,1,feature_complete
gpcr,D02149,5815,Epinephrine Bitartrate,hsa:152,P18825;Q4W594,1,feature_complete
gpcr,D02149,5815,Epinephrine Bitartrate,hsa:153,P08588,1,feature_complete
gpcr,D02149,5815,Epinephrine Bitartrate,hsa:154,P07550;X5DQM5,1,feature_complete
gpcr,D02149,5815,Epinephrine Bitartrate,hsa:155,A8KAG8;P13945,1,missing_uniprot_affinity_for_target
gpcr,D02150,656783,Levisoprenaline hydrochloride,hsa:153,P08588,1,feature_complete
gpcr,D02150,656783,Levisoprenaline hydrochloride,hsa:154,P07550;X5DQM5,1,feature_complete
gpcr,D02150,656783,Levisoprenaline hydrochloride,hsa:155,A8KAG8;P13945,1,missing_uniprot_affinity_for_target
gpcr,D02234,11954233,Cyproheptadine hydrochloride sesquihydrate,hsa:146,P25100,1,missing_ligand_affinity_file
gpcr,D02234,11954233,Cyproheptadine hydrochloride sesquihydrate,hsa:147,P35368,1,missing_ligand_affinity_file
gpcr,D02234,11954233,Cyproheptadine hydrochloride sesquihydrate,hsa:148,P35348,1,missing_ligand_affinity_file
gpcr,D02237,65328,Guanethidine Sulfate,hsa:146,P25100,1,missing_ligand_affinity_file
gpcr,D02237,65328,Guanethidine Sulfate,hsa:147,P35368,1,missing_ligand_affinity_file
gpcr,D02237,65328,Guanethidine Sulfate,hsa:148,P35348,1,missing_ligand_affinity_file
gpcr,D02237,65328,Guanethidine Sulfate,hsa:150,P08913,1,missing_ligand_affinity_file
gpcr,D02237,65328,Guanethidine Sulfate,hsa:151,P18089,1,missing_ligand_affinity_file
gpcr,D02237,65328,Guanethidine Sulfate,hsa:152,P18825;Q4W594,1,missing_ligand_affinity_file
gpcr,D02250,441258,Sandostatin (TN),hsa:6752,P30874,1,missing_ligand_affinity_file
gpcr,D02250,441258,Sandostatin (TN),hsa:6753,P32745,1,missing_ligand_affinity_file
gpcr,D02250,441258,Sandostatin (TN),hsa:6755,P35346,1,missing_ligand_affinity_file
gpcr,D02278,104152,"L-Lysine, acetate (1:1)",hsa:222545,Q5T6X5,1,missing_uniprot_affinity_for_target
gpcr,D02279,69568,L-Lysine monohydrochloride,hsa:222545,Q5T6X5,1,missing_uniprot_affinity_for_target
gpcr,D02327,11224,Donormil,hsa:1128,P11229;Q53XZ3,1,feature_complete
gpcr,D02327,11224,Donormil,hsa:3269,P35367,1,feature_complete
gpcr,D02338,1978,Acebutolol,hsa:153,P08588,1,feature_complete
gpcr,D02338,1978,Acebutolol,hsa:154,P07550;X5DQM5,1,feature_complete
gpcr,D02338,1978,Acebutolol,hsa:155,A8KAG8;P13945,1,missing_uniprot_affinity_for_target
gpcr,D02340,3964,Loxapine,hsa:1813,P14416,1,feature_complete
gpcr,D02340,3964,Loxapine,hsa:1814,A8K8E4;P35462;X5D2G4,1,feature_complete
gpcr,D02340,3964,Loxapine,hsa:3356,P28223,1,feature_complete
gpcr,D02342,2405,Bisoprolol,hsa:153,P08588,1,feature_complete
gpcr,D02342,2405,Bisoprolol,hsa:154,P07550;X5DQM5,1,feature_complete
gpcr,D02349,3105,Dipivefrin,hsa:150,P08913,1,feature_complete
gpcr,D02354,5440,Thiethylperazine,hsa:1128,P11229;Q53XZ3,1,feature_complete
gpcr,D02354,5440,Thiethylperazine,hsa:1129,A4D1Q0;P08172;Q6SL56;Q86SJ1,1,feature_complete
gpcr,D02354,5440,Thiethylperazine,hsa:1131,P20309,1,feature_complete
gpcr,D02354,5440,Thiethylperazine,hsa:1132,P08173,1,feature_complete
gpcr,D02354,5440,Thiethylperazine,hsa:1133,P08912,1,feature_complete
gpcr,D02354,5440,Thiethylperazine,hsa:1812,P21728,1,feature_complete
gpcr,D02354,5440,Thiethylperazine,hsa:1813,P14416,1,feature_complete
gpcr,D02354,5440,Thiethylperazine,hsa:1815,P21917,1,feature_complete
gpcr,D02354,5440,Thiethylperazine,hsa:3269,P35367,1,feature_complete
gpcr,D02354,5440,Thiethylperazine,hsa:3356,P28223,1,feature_complete
gpcr,D02354,5440,Thiethylperazine,hsa:3358,P28335,1,feature_complete
gpcr,D02356,2520,Verapamil,hsa:1128,P11229;Q53XZ3,1,feature_complete
gpcr,D02356,2520,Verapamil,hsa:1129,A4D1Q0;P08172;Q6SL56;Q86SJ1,1,feature_complete
gpcr,D02356,2520,Verapamil,hsa:146,P25100,1,missing_uniprot_affinity_for_target
gpcr,D02356,2520,Verapamil,hsa:147,P35368,1,missing_uniprot_affinity_for_target
gpcr,D02356,2520,Verapamil,hsa:148,P35348,1,missing_uniprot_affinity_for_target
gpcr,D02356,2520,Verapamil,hsa:150,P08913,1,feature_complete
gpcr,D02356,2520,Verapamil,hsa:151,P18089,1,feature_complete
gpcr,D02357,9681,Methysergide,hsa:3356,P28223,1,feature_complete
gpcr,D02358,4171,Metoprolol,hsa:153,P08588,1,feature_complete
gpcr,D02359,33572,Ritodrine,hsa:154,P07550;X5DQM5,1,feature_complete
gpcr,D02361,4940,Propiomazine,hsa:1128,P11229;Q53XZ3,1,feature_complete
gpcr,D02361,4940,Propiomazine,hsa:1129,A4D1Q0;P08172;Q6SL56;Q86SJ1,1,feature_complete
gpcr,D02361,4940,Propiomazine,hsa:1131,P20309,1,feature_complete
gpcr,D02361,4940,Propiomazine,hsa:1132,P08173,1,feature_complete
gpcr,D02361,4940,Propiomazine,hsa:1133,P08912,1,feature_complete
gpcr,D02361,4940,Propiomazine,hsa:146,P25100,1,missing_uniprot_affinity_for_target
gpcr,D02361,4940,Propiomazine,hsa:147,P35368,1,missing_uniprot_affinity_for_target
gpcr,D02361,4940,Propiomazine,hsa:148,P35348,1,missing_uniprot_affinity_for_target
gpcr,D02361,4940,Propiomazine,hsa:1812,P21728,1,feature_complete
gpcr,D02361,4940,Propiomazine,hsa:1813,P14416,1,feature_complete
gpcr,D02361,4940,Propiomazine,hsa:1815,P21917,1,feature_complete
gpcr,D02361,4940,Propiomazine,hsa:3269,P35367,1,feature_complete
gpcr,D02361,4940,Propiomazine,hsa:3356,P28223,1,feature_complete
gpcr,D02361,4940,Propiomazine,hsa:3358,P28335,1,feature_complete
gpcr,D02374,31477,Metipranolol,hsa:153,P08588,1,feature_complete
gpcr,D02374,31477,Metipranolol,hsa:154,P07550;X5DQM5,1,feature_complete
gpcr,D02374,31477,Metipranolol,hsa:155,A8KAG8;P13945,1,missing_uniprot_affinity_for_target
gpcr,D02566,4011,Maprotiline,hsa:11255,Q9Y5N1,1,feature_complete
gpcr,D02566,4011,Maprotiline,hsa:148,P35348,1,missing_uniprot_affinity_for_target
gpcr,D02566,4011,Maprotiline,hsa:3269,P35367,1,feature_complete
gpcr,D02566,4011,Maprotiline,hsa:59340,Q9H3N8,1,missing_uniprot_affinity_for_target
gpcr,D02578,82148,Agomelatine,hsa:3358,P28335,1,feature_complete
gpcr,D02578,82148,Agomelatine,hsa:4543,P48039,1,feature_complete
gpcr,D02588,6917793,Montirelin,hsa:7201,P34981,1,feature_complete
gpcr,D02614,5311064,Denopamine,hsa:153,P08588,1,feature_complete
gpcr,D02671,4078,Mesoridazine,hsa:1812,P21728,1,feature_complete
gpcr,D02671,4078,Mesoridazine,hsa:1813,P14416,1,feature_complete
gpcr,D02671,4078,Mesoridazine,hsa:1814,A8K8E4;P35462;X5D2G4,1,feature_complete
gpcr,D02671,4078,Mesoridazine,hsa:1816,P21918,1,missing_uniprot_affinity_for_target
gpcr,D02671,4078,Mesoridazine,hsa:3356,P28223,1,feature_complete
gpcr,D02721,5311181,Iloprost,hsa:5731,P34995,1,missing_uniprot_affinity_for_target
gpcr,D02721,5311181,Iloprost,hsa:5739,P43119,1,missing_uniprot_affinity_for_target
gpcr,D02725,5312153,Sulprostone,hsa:5731,P34995,1,missing_uniprot_affinity_for_target
gpcr,D02725,5312153,Sulprostone,hsa:5733,P43115,1,feature_complete
gpcr,D02826,9907628,Alniditan Dihydrochloride,hsa:3351,A8K215;P28222;X5D7I5,1,missing_ligand_affinity_file
gpcr,D02826,9907628,Alniditan Dihydrochloride,hsa:3352,P28221,1,missing_ligand_affinity_file
gpcr,D02884,21850,Ambuphylline,hsa:134,P30542,1,feature_complete
gpcr,D02884,21850,Ambuphylline,hsa:135,B3KVQ4;P29274;X5DNB4,1,feature_complete
gpcr,D02910,2157,Amiodarone,hsa:148,P35348,1,missing_uniprot_affinity_for_target
gpcr,D02910,2157,Amiodarone,hsa:153,P08588,1,feature_complete
gpcr,D03165,31101,Bromocriptine,hsa:1813,P14416,1,feature_complete
gpcr,D03187,5311035,Butaprost,hsa:5732,P43116,1,feature_complete
gpcr,D03210,9869929,Avanafil,hsa:1234,P51681;Q38L21,1,feature_complete
gpcr,D03274,156413,Canertinib Dihydrochloride,hsa:150,P08913,1,missing_ligand_affinity_file
gpcr,D03274,156413,Canertinib Dihydrochloride,hsa:151,P18089,1,missing_ligand_affinity_file
gpcr,D03274,156413,Canertinib Dihydrochloride,hsa:152,P18825;Q4W594,1,missing_ligand_affinity_file
gpcr,D03365,11954344,Carvedilol Phosphate,hsa:8843,P49019,1,missing_ligand_affinity_file
gpcr,D03415,3033824,Celgosivir Hydrochloride,hsa:153,P08588,1,feature_complete
gpcr,D03415,3033824,Celgosivir Hydrochloride,hsa:154,P07550;X5DQM5,1,feature_complete
gpcr,D03415,3033824,Celgosivir Hydrochloride,hsa:155,A8KAG8;P13945,1,missing_uniprot_affinity_for_target
gpcr,D03442,66383,Cetiedil Citrate,hsa:886,P32238,1,feature_complete
gpcr,D03442,66383,Cetiedil Citrate,hsa:887,P32239,1,feature_complete
gpcr,D03490,50963,Cimetidine Hydrochloride,hsa:153,P08588,1,feature_complete
gpcr,D03490,50963,Cimetidine Hydrochloride,hsa:154,P07550;X5DQM5,1,feature_complete
gpcr,D03503,21155870,Codeine Sulfate,hsa:3274,P25021,1,missing_ligand_affinity_file
gpcr,D03621,54343,Daltroban,hsa:1128,P11229;Q53XZ3,1,feature_complete
gpcr,D03621,54343,Daltroban,hsa:1129,A4D1Q0;P08172;Q6SL56;Q86SJ1,1,feature_complete
gpcr,D03621,54343,Daltroban,hsa:1131,P20309,1,feature_complete
gpcr,D03621,54343,Daltroban,hsa:3269,P35367,1,feature_complete
gpcr,D03642,6436002,Dalvastatin,hsa:6915,P21731;Q05C92;Q0VAB0,1,missing_uniprot_affinity_for_target
gpcr,D03654,2973,Deferoxamine,hsa:1131,P20309,1,feature_complete
gpcr,D03858,3055,Diphenidol,hsa:1128,P11229;Q53XZ3,1,feature_complete
gpcr,D03858,3055,Diphenidol,hsa:1129,A4D1Q0;P08172;Q6SL56;Q86SJ1,1,feature_complete
gpcr,D03858,3055,Diphenidol,hsa:1131,P20309,1,feature_complete
gpcr,D03879,36811,Dobutamine,hsa:153,P08588,1,feature_complete
gpcr,D03879,36811,Dobutamine,hsa:154,P07550;X5DQM5,1,feature_complete
gpcr,D03879,36811,Dobutamine,hsa:155,A8KAG8;P13945,1,missing_uniprot_affinity_for_target
gpcr,D03880,3038222,Dobutamine Lactobionate,hsa:153,P08588,1,feature_complete
gpcr,D03880,3038222,Dobutamine Lactobionate,hsa:154,P07550;X5DQM5,1,feature_complete
gpcr,D03881,208850,Dobutamine Tartrate,hsa:153,P08588,1,feature_complete
gpcr,D03881,208850,Dobutamine Tartrate,hsa:154,P07550;X5DQM5,1,feature_complete
gpcr,D03966,156665,Eglumetad monohydrate,hsa:2912,Q14416,1,feature_complete
gpcr,D03966,156665,Eglumetad monohydrate,hsa:2913,A4D1D0;Q14832,1,feature_complete
gpcr,D03966,156665,Eglumetad monohydrate,hsa:2916,O15303,1,missing_uniprot_affinity_for_target
gpcr,D03966,156665,Eglumetad monohydrate,hsa:2918,O00222,1,feature_complete
gpcr,D04006,1676,Enprofylline,hsa:136,P29275,1,missing_uniprot_affinity_for_target
gpcr,D04034,23724898,Chlorpromazine phenolphthalinate,hsa:150,P08913,1,feature_complete
gpcr,D04034,23724898,Chlorpromazine phenolphthalinate,hsa:151,P18089,1,feature_complete
gpcr,D04034,23724898,Chlorpromazine phenolphthalinate,hsa:152,P18825;Q4W594,1,feature_complete
gpcr,D04040,5281037,Eprosartan,hsa:185,P30556;Q53YY0,1,feature_complete
gpcr,D04375,5702063,Guanabenz,hsa:150,P08913,1,feature_complete
gpcr,D04625,3762,Isoetharine,hsa:153,P08588,1,feature_complete
gpcr,D04716,15130,Levomethadyl Acetate,hsa:4988,G8XRH5;P35372,1,feature_complete
gpcr,D04979,14677,Methdilazine,hsa:3269,P35367,1,feature_complete
gpcr,D05113,5360515,Naltrexone,hsa:4988,G8XRH5;P35372,1,feature_complete
gpcr,D05129,50294,Nedocromil,hsa:10800,Q38Q88;Q38Q91;Q9Y271,1,feature_complete
gpcr,D05129,50294,Nedocromil,hsa:3269,P35367,1,feature_complete
gpcr,D05129,50294,Nedocromil,hsa:57105,A4ZKH2;Q5KU17;Q9NS75,1,missing_uniprot_affinity_for_target
gpcr,D05129,50294,Nedocromil,hsa:5729,Q13258,1,missing_uniprot_affinity_for_target
gpcr,D05246,158781,Olmesartan,hsa:185,P30556;Q53YY0,1,feature_complete
gpcr,D05312,5284603,Oxycodone,hsa:4985,P41143,1,feature_complete
gpcr,D05312,5284603,Oxycodone,hsa:4986,P41145,1,feature_complete
gpcr,D05312,5284603,Oxycodone,hsa:4988,G8XRH5;P35372,1,feature_complete
gpcr,D05341,985,Palmitic Acid,hsa:6010,P08100,1,feature_complete
gpcr,D05740,19610426,Rizatriptan Sulfate,hsa:3351,A8K215;P28222;X5D7I5,1,missing_ligand_affinity_file
gpcr,D05740,19610426,Rizatriptan Sulfate,hsa:3352,P28221,1,missing_ligand_affinity_file
gpcr,D05792,5152,Salmeterol,hsa:154,P07550;X5DQM5,1,missing_ligand_affinity_file
gpcr,D05938,41693,Sufentanil,hsa:4988,G8XRH5;P35372,1,feature_complete
gpcr,D06056,135409453,Tegaserod,hsa:3360,A0A2D3FAF9;Q13639,1,feature_complete
gpcr,D06396,3035241,4-amino-N-(1-azabicyclo[3.3.1]nonan-4-yl)-5-chloro-2-methoxybenzamide,hsa:3360,A0A2D3FAF9;Q13639,1,missing_ligand_affinity_file
ion_channel,D00035,145742,L-Proline,hsa:11254,B2R8J1;Q9UN76,1,missing_uniprot_affinity_for_target
ion_channel,D00035,145742,L-Proline,hsa:6534,Q99884,1,missing_uniprot_affinity_for_target
ion_channel,D00110,122142,Cocaine (USP),hsa:11280,Q9UI33,1,missing_uniprot_affinity_for_target
ion_channel,D00110,122142,Cocaine (USP),hsa:6331,Q14524,1,feature_complete
ion_channel,D00110,122142,Cocaine (USP),hsa:6336,Q9Y5Y9,1,feature_complete
ion_channel,D00110,122142,Cocaine (USP),hsa:6529,P30531,1,feature_complete
ion_channel,D00110,122142,Cocaine (USP),hsa:6530,P23975,1,missing_uniprot_affinity_for_target
ion_channel,D00110,122142,Cocaine (USP),hsa:6531,Q01959,1,missing_uniprot_affinity_for_target
ion_channel,D00110,122142,Cocaine (USP),hsa:6532,B2R7Y7;P31645,1,feature_complete
ion_channel,D00136,3559,Haloperidol,hsa:116444,O60391;Q5F0I5,1,missing_uniprot_affinity_for_target
ion_channel,D00136,3559,Haloperidol,hsa:2902,Q05586,1,missing_uniprot_affinity_for_target
ion_channel,D00136,3559,Haloperidol,hsa:2903,Q12879;Q547U9,1,missing_uniprot_affinity_for_target
ion_channel,D00136,3559,Haloperidol,hsa:2904,A0A8D9PHB2;Q13224,1,feature_complete
ion_channel,D00136,3559,Haloperidol,hsa:2905,A0A8D9PH81;O15398;Q14957,1,missing_uniprot_affinity_for_target
ion_channel,D00136,3559,Haloperidol,hsa:2906,O15399;Q59G17,1,missing_uniprot_affinity_for_target
ion_channel,D00195,5362471,"Morphinan-6-ol, 7,8-didehydro-4,5-epoxy-3-methoxy-17-methyl-, monohydrate, (5alpha,6alpha)-",hsa:1134,P02708;Q53SH4,1,missing_uniprot_affinity_for_target
ion_channel,D00195,5362471,"Morphinan-6-ol, 7,8-didehydro-4,5-epoxy-3-methoxy-17-methyl-, monohydrate, (5alpha,6alpha)-",hsa:1135,Q15822,1,feature_complete
ion_channel,D00195,5362471,"Morphinan-6-ol, 7,8-didehydro-4,5-epoxy-3-methoxy-17-methyl-, monohydrate, (5alpha,6alpha)-",hsa:1136,P32297,1,feature_complete
ion_channel,D00195,5362471,"Morphinan-6-ol, 7,8-didehydro-4,5-epoxy-3-methoxy-17-methyl-, monohydrate, (5alpha,6alpha)-",hsa:1137,B4DK78;P43681;Q59FV0,1,feature_complete
ion_channel,D00195,5362471,"Morphinan-6-ol, 7,8-didehydro-4,5-epoxy-3-methoxy-17-methyl-, monohydrate, (5alpha,6alpha)-",hsa:1138,P30532;Q6EWN4,1,missing_uniprot_affinity_for_target
ion_channel,D00195,5362471,"Morphinan-6-ol, 7,8-didehydro-4,5-epoxy-3-methoxy-17-methyl-, monohydrate, (5alpha,6alpha)-",hsa:1139,P36544,1,feature_complete
ion_channel,D00195,5362471,"Morphinan-6-ol, 7,8-didehydro-4,5-epoxy-3-methoxy-17-methyl-, monohydrate, (5alpha,6alpha)-",hsa:55584,Q9UGM1,1,feature_complete
ion_channel,D00195,5362471,"Morphinan-6-ol, 7,8-didehydro-4,5-epoxy-3-methoxy-17-methyl-, monohydrate, (5alpha,6alpha)-",hsa:57053,Q9GZZ6,1,missing_uniprot_affinity_for_target
ion_channel,D00195,5362471,"Morphinan-6-ol, 7,8-didehydro-4,5-epoxy-3-methoxy-17-methyl-, monohydrate, (5alpha,6alpha)-",hsa:8973,Q15825,1,missing_uniprot_affinity_for_target
ion_channel,D00219,1989,Acetohexamide,hsa:3758,A8K432;P48048,1,missing_uniprot_affinity_for_target
ion_channel,D00225,2118,Alprazolam,hsa:2554,A8K177;P14867,1,feature_complete
ion_channel,D00225,2118,Alprazolam,hsa:2555,P47869,1,missing_uniprot_affinity_for_target
ion_channel,D00225,2118,Alprazolam,hsa:2556,P34903,1,missing_uniprot_affinity_for_target
ion_channel,D00225,2118,Alprazolam,hsa:2557,P48169;X5D7F5,1,feature_complete
ion_channel,D00225,2118,Alprazolam,hsa:2558,P31644,1,feature_complete
ion_channel,D00225,2118,Alprazolam,hsa:2559,Q16445,1,missing_uniprot_affinity_for_target
ion_channel,D00225,2118,Alprazolam,hsa:2560,P18505;X5DNL6,1,missing_uniprot_affinity_for_target
ion_channel,D00225,2118,Alprazolam,hsa:2561,P47870,1,feature_complete
ion_channel,D00225,2118,Alprazolam,hsa:2562,P28472,1,feature_complete
ion_channel,D00225,2118,Alprazolam,hsa:2563,A8K496;O14764,1,feature_complete
ion_channel,D00225,2118,Alprazolam,hsa:2564,P78334,1,missing_uniprot_affinity_for_target
ion_channel,D00225,2118,Alprazolam,hsa:2566,P18507,1,feature_complete
ion_channel,D00225,2118,Alprazolam,hsa:2567,Q99928,1,missing_uniprot_affinity_for_target
ion_channel,D00225,2118,Alprazolam,hsa:2569,P24046,1,missing_uniprot_affinity_for_target
ion_channel,D00225,2118,Alprazolam,hsa:55879,Q9UN88,1,missing_uniprot_affinity_for_target
ion_channel,D00227,9433,Aminophylline,hsa:1080,P13569,1,missing_ligand_affinity_file
ion_channel,D00227,9433,Aminophylline,hsa:3783,O15554,1,missing_ligand_affinity_file
ion_channel,D00227,9433,Aminophylline,hsa:6261,P21817,1,missing_ligand_affinity_file
ion_channel,D00227,9433,Aminophylline,hsa:6262,Q92736,1,missing_ligand_affinity_file
ion_channel,D00227,9433,Aminophylline,hsa:6263,Q15413,1,missing_ligand_affinity_file
ion_channel,D00228,2170,Amoxapine,hsa:6530,P23975,1,missing_uniprot_affinity_for_target
ion_channel,D00228,2170,Amoxapine,hsa:6532,B2R7Y7;P31645,1,feature_complete
ion_channel,D00234,2247,Astemizole,hsa:3757,Q12809;Q15BH2,1,feature_complete
ion_channel,D00252,2554,Carbamazepine,hsa:51802,Q9NY37,1,missing_uniprot_affinity_for_target
ion_channel,D00252,2554,Carbamazepine,hsa:55515,A0A8I5KPF5,1,missing_uniprot_affinity_for_target
ion_channel,D00252,2554,Carbamazepine,hsa:55800,Q9NY72,1,feature_complete
ion_channel,D00252,2554,Carbamazepine,hsa:6324,Q07699,1,feature_complete
ion_channel,D00252,2554,Carbamazepine,hsa:6328,Q9C007;Q9NY46,1,missing_uniprot_affinity_for_target
ion_channel,D00252,2554,Carbamazepine,hsa:6329,P35499,1,missing_uniprot_affinity_for_target
ion_channel,D00252,2554,Carbamazepine,hsa:6330,B0YJ93;Q8IWT1,1,feature_complete
ion_channel,D00252,2554,Carbamazepine,hsa:6331,Q14524,1,missing_uniprot_affinity_for_target
ion_channel,D00252,2554,Carbamazepine,hsa:6332,Q01118,1,feature_complete
ion_channel,D00252,2554,Carbamazepine,hsa:6336,Q9Y5Y9,1,missing_uniprot_affinity_for_target
ion_channel,D00252,2554,Carbamazepine,hsa:6337,P37088,1,feature_complete
ion_channel,D00252,2554,Carbamazepine,hsa:6338,B2R812;P51168,1,feature_complete
ion_channel,D00252,2554,Carbamazepine,hsa:6339,P51172,1,missing_uniprot_affinity_for_target
ion_channel,D00252,2554,Carbamazepine,hsa:6340,A5X2V1;P51170,1,feature_complete
ion_channel,D00252,2554,Carbamazepine,hsa:9311,Q9UHC3,1,missing_uniprot_affinity_for_target
ion_channel,D00274,2769,Cisapride (USP/INN),hsa:3757,Q12809;Q15BH2,1,feature_complete
ion_channel,D00283,135398737,Clozapine,hsa:285242,A5X5Y0,1,missing_uniprot_affinity_for_target
ion_channel,D00283,135398737,Clozapine,hsa:3359,B4E398;P46098,1,missing_uniprot_affinity_for_target
ion_channel,D00283,135398737,Clozapine,hsa:9177,O95264,1,missing_uniprot_affinity_for_target
ion_channel,D00293,3016,Diazepam,hsa:2554,A8K177;P14867,1,feature_complete
ion_channel,D00293,3016,Diazepam,hsa:2555,P47869,1,missing_uniprot_affinity_for_target
ion_channel,D00293,3016,Diazepam,hsa:2556,P34903,1,missing_uniprot_affinity_for_target
ion_channel,D00293,3016,Diazepam,hsa:2557,P48169;X5D7F5,1,feature_complete
ion_channel,D00293,3016,Diazepam,hsa:2558,P31644,1,feature_complete
ion_channel,D00293,3016,Diazepam,hsa:2559,Q16445,1,missing_uniprot_affinity_for_target
ion_channel,D00293,3016,Diazepam,hsa:2560,P18505;X5DNL6,1,missing_uniprot_affinity_for_target
ion_channel,D00293,3016,Diazepam,hsa:2561,P47870,1,feature_complete
ion_channel,D00293,3016,Diazepam,hsa:2562,P28472,1,feature_complete
ion_channel,D00293,3016,Diazepam,hsa:2563,A8K496;O14764,1,feature_complete
ion_channel,D00293,3016,Diazepam,hsa:2564,P78334,1,missing_uniprot_affinity_for_target
ion_channel,D00293,3016,Diazepam,hsa:2566,P18507,1,feature_complete
ion_channel,D00293,3016,Diazepam,hsa:2567,Q99928,1,missing_uniprot_affinity_for_target
ion_channel,D00293,3016,Diazepam,hsa:2569,P24046,1,missing_uniprot_affinity_for_target
ion_channel,D00293,3016,Diazepam,hsa:2570,P28476,1,missing_uniprot_affinity_for_target
ion_channel,D00293,3016,Diazepam,hsa:2741,P23415,1,feature_complete
ion_channel,D00293,3016,Diazepam,hsa:2742,P23416,1,feature_complete
ion_channel,D00293,3016,Diazepam,hsa:2743,P48167,1,feature_complete
ion_channel,D00293,3016,Diazepam,hsa:55879,Q9UN88,1,missing_uniprot_affinity_for_target
ion_channel,D00294,3019,Diazoxide,hsa:10008,Q6IAE6;Q9Y6H6,1,feature_complete
ion_channel,D00294,3019,Diazoxide,hsa:169522,Q8TDN2,1,missing_uniprot_affinity_for_target
ion_channel,D00294,3019,Diazoxide,hsa:23630,Q9UJ90,1,missing_uniprot_affinity_for_target
ion_channel,D00294,3019,Diazoxide,hsa:23704,Q8WWG9,1,missing_uniprot_affinity_for_target
ion_channel,D00294,3019,Diazoxide,hsa:26251,Q9UJ96,1,missing_uniprot_affinity_for_target
ion_channel,D00294,3019,Diazoxide,hsa:27012,Q6PIU1,1,missing_uniprot_affinity_for_target
ion_channel,D00294,3019,Diazoxide,hsa:27094,Q9NPA1,1,missing_uniprot_affinity_for_target
ion_channel,D00294,3019,Diazoxide,hsa:27133,Q8NCM2,1,missing_uniprot_affinity_for_target
ion_channel,D00294,3019,Diazoxide,hsa:27345,Q86W47,1,feature_complete
ion_channel,D00294,3019,Diazoxide,hsa:2890,P42261;Q59GL5,1,feature_complete
ion_channel,D00294,3019,Diazoxide,hsa:2891,P42262,1,feature_complete
ion_channel,D00294,3019,Diazoxide,hsa:2892,P42263;Q17R51,1,missing_uniprot_affinity_for_target
ion_channel,D00294,3019,Diazoxide,hsa:2893,P48058;Q1WWK6,1,missing_uniprot_affinity_for_target
ion_channel,D00294,3019,Diazoxide,hsa:3736,Q09470,1,missing_uniprot_affinity_for_target
ion_channel,D00294,3019,Diazoxide,hsa:3737,P16389,1,missing_uniprot_affinity_for_target
ion_channel,D00294,3019,Diazoxide,hsa:3738,P22001,1,feature_complete
ion_channel,D00294,3019,Diazoxide,hsa:3739,P22459,1,missing_uniprot_affinity_for_target
ion_channel,D00294,3019,Diazoxide,hsa:3741,P22460,1,missing_uniprot_affinity_for_target
ion_channel,D00294,3019,Diazoxide,hsa:3742,P17658,1,missing_uniprot_affinity_for_target
ion_channel,D00294,3019,Diazoxide,hsa:3743,Q96RP8,1,missing_uniprot_affinity_for_target
ion_channel,D00294,3019,Diazoxide,hsa:3744,Q16322,1,missing_uniprot_affinity_for_target
ion_channel,D00294,3019,Diazoxide,hsa:3745,Q14721,1,feature_complete
ion_channel,D00294,3019,Diazoxide,hsa:3746,P48547,1,feature_complete
ion_channel,D00294,3019,Diazoxide,hsa:3747,Q96PR1,1,missing_uniprot_affinity_for_target
ion_channel,D00294,3019,Diazoxide,hsa:3748,Q14003,1,missing_uniprot_affinity_for_target
ion_channel,D00294,3019,Diazoxide,hsa:3749,Q03721,1,feature_complete
ion_channel,D00294,3019,Diazoxide,hsa:3750,Q9NSA2,1,missing_uniprot_affinity_for_target
ion_channel,D00294,3019,Diazoxide,hsa:3751,Q9NZV8,1,feature_complete
ion_channel,D00294,3019,Diazoxide,hsa:3752,Q9UK17,1,feature_complete
ion_channel,D00294,3019,Diazoxide,hsa:3753,C7S316;P15382;Q6FHJ6,1,feature_complete
ion_channel,D00294,3019,Diazoxide,hsa:3754,Q9H3M0,1,missing_uniprot_affinity_for_target
ion_channel,D00294,3019,Diazoxide,hsa:3755,Q86Y85;Q9UIX4,1,missing_uniprot_affinity_for_target
ion_channel,D00294,3019,Diazoxide,hsa:3756,O95259,1,feature_complete
ion_channel,D00294,3019,Diazoxide,hsa:3757,Q12809;Q15BH2,1,feature_complete
ion_channel,D00294,3019,Diazoxide,hsa:3758,A8K432;P48048,1,missing_uniprot_affinity_for_target
ion_channel,D00294,3019,Diazoxide,hsa:3759,P63252,1,feature_complete
ion_channel,D00294,3019,Diazoxide,hsa:3760,P48549,1,missing_uniprot_affinity_for_target
ion_channel,D00294,3019,Diazoxide,hsa:3761,P48050,1,feature_complete
ion_channel,D00294,3019,Diazoxide,hsa:3762,A0A5J6E2W8;P48544,1,missing_uniprot_affinity_for_target
ion_channel,D00294,3019,Diazoxide,hsa:3763,P48051,1,missing_uniprot_affinity_for_target
ion_channel,D00294,3019,Diazoxide,hsa:3764,Q15842,1,missing_uniprot_affinity_for_target
ion_channel,D00294,3019,Diazoxide,hsa:3765,Q92806,1,feature_complete
ion_channel,D00294,3019,Diazoxide,hsa:3766,P78508,1,missing_uniprot_affinity_for_target
ion_channel,D00294,3019,Diazoxide,hsa:3768,Q14500,1,missing_uniprot_affinity_for_target
ion_channel,D00294,3019,Diazoxide,hsa:3769,O60928,1,missing_uniprot_affinity_for_target
ion_channel,D00294,3019,Diazoxide,hsa:3772,Q99712,1,missing_uniprot_affinity_for_target
ion_channel,D00294,3019,Diazoxide,hsa:3773,Q9NPI9,1,missing_uniprot_affinity_for_target
ion_channel,D00294,3019,Diazoxide,hsa:3775,O00180,1,feature_complete
ion_channel,D00294,3019,Diazoxide,hsa:3778,Q12791,1,feature_complete
ion_channel,D00294,3019,Diazoxide,hsa:3779,Q16558,1,missing_uniprot_affinity_for_target
ion_channel,D00294,3019,Diazoxide,hsa:3780,Q92952,1,missing_uniprot_affinity_for_target
ion_channel,D00294,3019,Diazoxide,hsa:3781,Q9H2S1,1,feature_complete
ion_channel,D00294,3019,Diazoxide,hsa:3782,Q9UGI6,1,missing_uniprot_affinity_for_target
ion_channel,D00294,3019,Diazoxide,hsa:3783,O15554,1,feature_complete
ion_channel,D00294,3019,Diazoxide,hsa:3784,P51787;Q96AI9,1,feature_complete
ion_channel,D00294,3019,Diazoxide,hsa:3785,O43526,1,feature_complete
ion_channel,D00294,3019,Diazoxide,hsa:3786,O43525,1,feature_complete
ion_channel,D00294,3019,Diazoxide,hsa:3787,A2RUL8;Q96KK3,1,missing_uniprot_affinity_for_target
ion_channel,D00294,3019,Diazoxide,hsa:3788,Q9ULS6,1,missing_uniprot_affinity_for_target
ion_channel,D00294,3019,Diazoxide,hsa:3790,Q9BQ31,1,missing_uniprot_affinity_for_target
ion_channel,D00294,3019,Diazoxide,hsa:50801,Q2YDA1;Q9NYG8,1,feature_complete
ion_channel,D00294,3019,Diazoxide,hsa:51305,Q9NPC2,1,feature_complete
ion_channel,D00294,3019,Diazoxide,hsa:54207,P57789,1,feature_complete
ion_channel,D00294,3019,Diazoxide,hsa:56479,Q9NR82,1,feature_complete
ion_channel,D00294,3019,Diazoxide,hsa:56659,Q9HB14,1,missing_uniprot_affinity_for_target
ion_channel,D00294,3019,Diazoxide,hsa:57657,Q9P1Z3,1,missing_uniprot_affinity_for_target
ion_channel,D00294,3019,Diazoxide,hsa:60598,Q9H427,1,missing_uniprot_affinity_for_target
ion_channel,D00294,3019,Diazoxide,hsa:6833,Q09428,1,missing_uniprot_affinity_for_target
ion_channel,D00294,3019,Diazoxide,hsa:7881,Q14722,1,missing_uniprot_affinity_for_target
ion_channel,D00294,3019,Diazoxide,hsa:81033,B4DKC0;Q9H252,1,missing_uniprot_affinity_for_target
ion_channel,D00294,3019,Diazoxide,hsa:83795,Q96T55,1,missing_uniprot_affinity_for_target
ion_channel,D00294,3019,Diazoxide,hsa:8514,Q13303,1,feature_complete
ion_channel,D00294,3019,Diazoxide,hsa:8645,O95279,1,missing_uniprot_affinity_for_target
ion_channel,D00294,3019,Diazoxide,hsa:89822,Q96T54,1,missing_uniprot_affinity_for_target
ion_channel,D00294,3019,Diazoxide,hsa:90134,Q9NS40,1,missing_uniprot_affinity_for_target
ion_channel,D00294,3019,Diazoxide,hsa:9132,B3KQH8;P56696,1,feature_complete
ion_channel,D00294,3019,Diazoxide,hsa:93107,Q32MC1;Q547S7;Q8TDN1,1,missing_uniprot_affinity_for_target
ion_channel,D00294,3019,Diazoxide,hsa:9312,Q92953,1,missing_uniprot_affinity_for_target
ion_channel,D00294,3019,Diazoxide,hsa:9424,B2RDS2;Q9Y257,1,missing_uniprot_affinity_for_target
ion_channel,D00294,3019,Diazoxide,hsa:9992,Q9Y6J6,1,feature_complete
ion_channel,D00303,3114,Disopyramide,hsa:51802,Q9NY37,1,missing_uniprot_affinity_for_target
ion_channel,D00303,3114,Disopyramide,hsa:55515,A0A8I5KPF5,1,missing_uniprot_affinity_for_target
ion_channel,D00303,3114,Disopyramide,hsa:55800,Q9NY72,1,feature_complete
ion_channel,D00303,3114,Disopyramide,hsa:6324,Q07699,1,feature_complete
ion_channel,D00303,3114,Disopyramide,hsa:6328,Q9C007;Q9NY46,1,missing_uniprot_affinity_for_target
ion_channel,D00303,3114,Disopyramide,hsa:6329,P35499,1,missing_uniprot_affinity_for_target
ion_channel,D00303,3114,Disopyramide,hsa:6330,B0YJ93;Q8IWT1,1,feature_complete
ion_channel,D00303,3114,Disopyramide,hsa:6331,Q14524,1,missing_uniprot_affinity_for_target
ion_channel,D00303,3114,Disopyramide,hsa:6332,Q01118,1,missing_uniprot_affinity_for_target
ion_channel,D00303,3114,Disopyramide,hsa:6336,Q9Y5Y9,1,missing_uniprot_affinity_for_target
ion_channel,D00303,3114,Disopyramide,hsa:6337,P37088,1,feature_complete
ion_channel,D00303,3114,Disopyramide,hsa:6338,B2R812;P51168,1,feature_complete
ion_channel,D00303,3114,Disopyramide,hsa:6339,P51172,1,missing_uniprot_affinity_for_target
ion_channel,D00303,3114,Disopyramide,hsa:6340,A5X2V1;P51170,1,feature_complete
ion_channel,D00303,3114,Disopyramide,hsa:9311,Q9UHC3,1,missing_uniprot_affinity_for_target
ion_channel,D00319,3333,Felodipine,hsa:773,O00555,1,feature_complete
ion_channel,D00319,3333,Felodipine,hsa:775,Q13936,1,missing_uniprot_affinity_for_target
ion_channel,D00319,3333,Felodipine,hsa:776,Q01668;Q59GD8,1,feature_complete
ion_channel,D00319,3333,Felodipine,hsa:778,O60840,1,missing_uniprot_affinity_for_target
ion_channel,D00319,3333,Felodipine,hsa:779,Q13698,1,feature_complete
ion_channel,D00326,3386,Fluoxetine,hsa:3763,P48051,1,missing_uniprot_affinity_for_target
ion_channel,D00326,3386,Fluoxetine,hsa:3780,Q92952,1,missing_uniprot_affinity_for_target
ion_channel,D00326,3386,Fluoxetine,hsa:3781,Q9H2S1,1,feature_complete
ion_channel,D00326,3386,Fluoxetine,hsa:3782,Q9UGI6,1,missing_uniprot_affinity_for_target
ion_channel,D00329,3393,Flurazepam,hsa:2554,A8K177;P14867,1,feature_complete
ion_channel,D00329,3393,Flurazepam,hsa:2555,P47869,1,missing_uniprot_affinity_for_target
ion_channel,D00329,3393,Flurazepam,hsa:2556,P34903,1,missing_uniprot_affinity_for_target
ion_channel,D00329,3393,Flurazepam,hsa:2557,P48169;X5D7F5,1,feature_complete
ion_channel,D00329,3393,Flurazepam,hsa:2558,P31644,1,feature_complete
ion_channel,D00329,3393,Flurazepam,hsa:2559,Q16445,1,missing_uniprot_affinity_for_target
ion_channel,D00329,3393,Flurazepam,hsa:2560,P18505;X5DNL6,1,missing_uniprot_affinity_for_target
ion_channel,D00329,3393,Flurazepam,hsa:2561,P47870,1,feature_complete
ion_channel,D00329,3393,Flurazepam,hsa:2562,P28472,1,feature_complete
ion_channel,D00329,3393,Flurazepam,hsa:2563,A8K496;O14764,1,feature_complete
ion_channel,D00329,3393,Flurazepam,hsa:2564,P78334,1,missing_uniprot_affinity_for_target
ion_channel,D00329,3393,Flurazepam,hsa:2566,P18507,1,feature_complete
ion_channel,D00329,3393,Flurazepam,hsa:2567,Q99928,1,missing_uniprot_affinity_for_target
ion_channel,D00329,3393,Flurazepam,hsa:2569,P24046,1,missing_uniprot_affinity_for_target
ion_channel,D00329,3393,Flurazepam,hsa:55879,Q9UN88,1,missing_uniprot_affinity_for_target
ion_channel,D00331,3440,Furosemide,hsa:2554,A8K177;P14867,1,feature_complete
ion_channel,D00331,3440,Furosemide,hsa:2555,P47869,1,missing_uniprot_affinity_for_target
ion_channel,D00331,3440,Furosemide,hsa:2556,P34903,1,missing_uniprot_affinity_for_target
ion_channel,D00331,3440,Furosemide,hsa:2557,P48169;X5D7F5,1,feature_complete
ion_channel,D00331,3440,Furosemide,hsa:2558,P31644,1,feature_complete
ion_channel,D00331,3440,Furosemide,hsa:2559,Q16445,1,missing_uniprot_affinity_for_target
ion_channel,D00332,3446,Gabapentin,hsa:10369,Q9Y698,1,missing_uniprot_affinity_for_target
ion_channel,D00332,3446,Gabapentin,hsa:116443,Q8TCU5,1,missing_uniprot_affinity_for_target
ion_channel,D00332,3446,Gabapentin,hsa:27092,Q9UBN1,1,missing_uniprot_affinity_for_target
ion_channel,D00332,3446,Gabapentin,hsa:3708,Q14643,1,missing_uniprot_affinity_for_target
ion_channel,D00332,3446,Gabapentin,hsa:3710,A6H8K3;Q14573;Q59ES2,1,missing_uniprot_affinity_for_target
ion_channel,D00332,3446,Gabapentin,hsa:51802,Q9NY37,1,missing_uniprot_affinity_for_target
ion_channel,D00332,3446,Gabapentin,hsa:5310,P98161,1,feature_complete
ion_channel,D00332,3446,Gabapentin,hsa:55503,Q9H1D0,1,feature_complete
ion_channel,D00332,3446,Gabapentin,hsa:55515,A0A8I5KPF5,1,missing_uniprot_affinity_for_target
ion_channel,D00332,3446,Gabapentin,hsa:55799,Q8IZS8,1,missing_uniprot_affinity_for_target
ion_channel,D00332,3446,Gabapentin,hsa:55800,Q9NY72,1,feature_complete
ion_channel,D00332,3446,Gabapentin,hsa:59284,P62955,1,missing_uniprot_affinity_for_target
ion_channel,D00332,3446,Gabapentin,hsa:6261,P21817,1,feature_complete
ion_channel,D00332,3446,Gabapentin,hsa:6262,Q92736,1,feature_complete
ion_channel,D00332,3446,Gabapentin,hsa:6263,Q15413,1,feature_complete
ion_channel,D00332,3446,Gabapentin,hsa:6324,Q07699,1,feature_complete
ion_channel,D00332,3446,Gabapentin,hsa:6328,Q9C007;Q9NY46,1,missing_uniprot_affinity_for_target
ion_channel,D00332,3446,Gabapentin,hsa:6329,P35499,1,missing_uniprot_affinity_for_target
ion_channel,D00332,3446,Gabapentin,hsa:6330,B0YJ93;Q8IWT1,1,feature_complete
ion_channel,D00332,3446,Gabapentin,hsa:6331,Q14524,1,missing_uniprot_affinity_for_target
ion_channel,D00332,3446,Gabapentin,hsa:6332,Q01118,1,feature_complete
ion_channel,D00332,3446,Gabapentin,hsa:6336,Q9Y5Y9,1,missing_uniprot_affinity_for_target
ion_channel,D00332,3446,Gabapentin,hsa:6337,P37088,1,feature_complete
ion_channel,D00332,3446,Gabapentin,hsa:6338,B2R812;P51168,1,feature_complete
ion_channel,D00332,3446,Gabapentin,hsa:6339,P51172,1,missing_uniprot_affinity_for_target
ion_channel,D00332,3446,Gabapentin,hsa:6340,A5X2V1;P51170,1,feature_complete
ion_channel,D00332,3446,Gabapentin,hsa:773,O00555,1,feature_complete
ion_channel,D00332,3446,Gabapentin,hsa:774,Q00975,1,feature_complete
ion_channel,D00332,3446,Gabapentin,hsa:775,Q13936,1,missing_uniprot_affinity_for_target
ion_channel,D00332,3446,Gabapentin,hsa:776,Q01668;Q59GD8,1,feature_complete
ion_channel,D00332,3446,Gabapentin,hsa:777,Q15878;Q59FG1,1,feature_complete
ion_channel,D00332,3446,Gabapentin,hsa:778,O60840,1,missing_uniprot_affinity_for_target
ion_channel,D00332,3446,Gabapentin,hsa:779,Q13698,1,feature_complete
ion_channel,D00332,3446,Gabapentin,hsa:781,P54289,1,feature_complete
ion_channel,D00332,3446,Gabapentin,hsa:782,Q02641,1,feature_complete
ion_channel,D00332,3446,Gabapentin,hsa:783,Q08289,1,missing_uniprot_affinity_for_target
ion_channel,D00332,3446,Gabapentin,hsa:784,P54284,1,feature_complete
ion_channel,D00332,3446,Gabapentin,hsa:785,O00305,1,feature_complete
ion_channel,D00332,3446,Gabapentin,hsa:786,Q06432,1,missing_uniprot_affinity_for_target
ion_channel,D00332,3446,Gabapentin,hsa:8911,Q9P0X4,1,feature_complete
ion_channel,D00332,3446,Gabapentin,hsa:8912,B3KQH9;O95180,1,missing_uniprot_affinity_for_target
ion_channel,D00332,3446,Gabapentin,hsa:8913,O43497,1,feature_complete
ion_channel,D00332,3446,Gabapentin,hsa:8989,O75762,1,feature_complete
ion_channel,D00332,3446,Gabapentin,hsa:9254,Q9NY47,1,missing_uniprot_affinity_for_target
ion_channel,D00332,3446,Gabapentin,hsa:9311,Q9UHC3,1,missing_uniprot_affinity_for_target
ion_channel,D00332,3446,Gabapentin,hsa:93589,Q7Z3S7,1,missing_uniprot_affinity_for_target
ion_channel,D00335,3478,Glipizide,hsa:3758,A8K432;P48048,1,missing_uniprot_affinity_for_target
ion_channel,D00335,3478,Glipizide,hsa:3767,B2RC52;Q14654,1,feature_complete
ion_channel,D00336,3488,Glibenclamide,hsa:1080,P13569,1,feature_complete
ion_channel,D00336,3488,Glibenclamide,hsa:3758,A8K432;P48048,1,missing_uniprot_affinity_for_target
ion_channel,D00336,3488,Glibenclamide,hsa:6833,Q09428,1,missing_uniprot_affinity_for_target
ion_channel,D00338,31640,Halazepam,hsa:2554,A8K177;P14867,1,feature_complete
ion_channel,D00340,3639,Hydrochlorothiazide,hsa:3778,Q12791,1,feature_complete
ion_channel,D00345,3702,Indapamide,hsa:3753,C7S316;P15382;Q6FHJ6,1,feature_complete
ion_channel,D00345,3702,Indapamide,hsa:3784,P51787;Q96AI9,1,feature_complete
ion_channel,D00349,3784,Isradipine,hsa:775,Q13936,1,missing_uniprot_affinity_for_target
ion_channel,D00349,3784,Isradipine,hsa:776,Q01668;Q59GD8,1,feature_complete
ion_channel,D00349,3784,Isradipine,hsa:778,O60840,1,missing_uniprot_affinity_for_target
ion_channel,D00349,3784,Isradipine,hsa:779,Q13698,1,feature_complete
ion_channel,D00349,3784,Isradipine,hsa:781,P54289,1,feature_complete
ion_channel,D00349,3784,Isradipine,hsa:783,Q08289,1,missing_uniprot_affinity_for_target
ion_channel,D00349,3784,Isradipine,hsa:786,Q06432,1,missing_uniprot_affinity_for_target
ion_channel,D00349,3784,Isradipine,hsa:8911,Q9P0X4,1,missing_uniprot_affinity_for_target
ion_channel,D00349,3784,Isradipine,hsa:8912,B3KQH9;O95180,1,missing_uniprot_affinity_for_target
ion_channel,D00349,3784,Isradipine,hsa:8913,O43497,1,feature_complete
ion_channel,D00349,3784,Isradipine,hsa:93589,Q7Z3S7,1,missing_uniprot_affinity_for_target
ion_channel,D00351,47576,Ketoconazole,hsa:3744,Q16322,1,missing_uniprot_affinity_for_target
ion_channel,D00351,47576,Ketoconazole,hsa:3757,Q12809;Q15BH2,1,feature_complete
ion_channel,D00351,47576,Ketoconazole,hsa:3783,O15554,1,feature_complete
ion_channel,D00354,3878,Lamotrigine,hsa:6323,P35498,1,missing_uniprot_affinity_for_target
ion_channel,D00354,3878,Lamotrigine,hsa:6326,Q99250,1,missing_uniprot_affinity_for_target
ion_channel,D00354,3878,Lamotrigine,hsa:6328,Q9C007;Q9NY46,1,missing_uniprot_affinity_for_target
ion_channel,D00354,3878,Lamotrigine,hsa:6329,P35499,1,missing_uniprot_affinity_for_target
ion_channel,D00354,3878,Lamotrigine,hsa:6331,Q14524,1,missing_uniprot_affinity_for_target
ion_channel,D00354,3878,Lamotrigine,hsa:6334,Q6B4S4;Q9UQD0,1,missing_uniprot_affinity_for_target
ion_channel,D00354,3878,Lamotrigine,hsa:6335,Q15858,1,missing_uniprot_affinity_for_target
ion_channel,D00358,3676,Lidocaine,hsa:6323,P35498,1,missing_uniprot_affinity_for_target
ion_channel,D00358,3676,Lidocaine,hsa:6326,Q99250,1,missing_uniprot_affinity_for_target
ion_channel,D00358,3676,Lidocaine,hsa:6328,Q9C007;Q9NY46,1,missing_uniprot_affinity_for_target
ion_channel,D00358,3676,Lidocaine,hsa:6329,P35499,1,missing_uniprot_affinity_for_target
ion_channel,D00358,3676,Lidocaine,hsa:6331,Q14524,1,missing_uniprot_affinity_for_target
ion_channel,D00358,3676,Lidocaine,hsa:6334,Q6B4S4;Q9UQD0,1,missing_uniprot_affinity_for_target
ion_channel,D00358,3676,Lidocaine,hsa:6335,Q15858,1,missing_uniprot_affinity_for_target
ion_channel,D00358,3676,Lidocaine,hsa:6336,Q9Y5Y9,1,missing_uniprot_affinity_for_target
ion_channel,D00358,3676,Lidocaine,hsa:8645,O95279,1,missing_uniprot_affinity_for_target
ion_channel,D00364,3957,Loratadine,hsa:3741,P22460,1,missing_uniprot_affinity_for_target
ion_channel,D00367,4020,Mazindol,hsa:6530,P23975,1,missing_uniprot_affinity_for_target
ion_channel,D00367,4020,Mazindol,hsa:6531,Q01959,1,missing_uniprot_affinity_for_target
ion_channel,D00373,5452,Thioridazine,hsa:3763,P48051,1,missing_uniprot_affinity_for_target
ion_channel,D00379,5503,Tolazamide,hsa:3758,A8K432;P48048,1,missing_uniprot_affinity_for_target
ion_channel,D00379,5503,Tolazamide,hsa:3767,B2RC52;Q14654,1,feature_complete
ion_channel,D00380,5505,Tolbutamide,hsa:3758,A8K432;P48048,1,missing_uniprot_affinity_for_target
ion_channel,D00380,5505,Tolbutamide,hsa:6833,Q09428,1,missing_uniprot_affinity_for_target
ion_channel,D00392,5576,Trimethadione,hsa:8913,O43497,1,feature_complete
ion_channel,D00394,5584,Trimipramine,hsa:6530,P23975,1,missing_uniprot_affinity_for_target
ion_channel,D00394,5584,Trimipramine,hsa:6532,B2R7Y7;P31645,1,feature_complete
ion_channel,D00418,4201,Minoxidil,hsa:3758,A8K432;P48048,1,missing_uniprot_affinity_for_target
ion_channel,D00437,4485,Nifedipine,hsa:10369,Q9Y698,1,missing_uniprot_affinity_for_target
ion_channel,D00437,4485,Nifedipine,hsa:27092,Q9UBN1,1,missing_uniprot_affinity_for_target
ion_channel,D00437,4485,Nifedipine,hsa:3708,Q14643,1,missing_uniprot_affinity_for_target
ion_channel,D00437,4485,Nifedipine,hsa:3710,A6H8K3;Q14573;Q59ES2,1,missing_uniprot_affinity_for_target
ion_channel,D00437,4485,Nifedipine,hsa:5310,P98161,1,feature_complete
ion_channel,D00437,4485,Nifedipine,hsa:55503,Q9H1D0,1,feature_complete
ion_channel,D00437,4485,Nifedipine,hsa:55799,Q8IZS8,1,missing_uniprot_affinity_for_target
ion_channel,D00437,4485,Nifedipine,hsa:59284,P62955,1,missing_uniprot_affinity_for_target
ion_channel,D00437,4485,Nifedipine,hsa:6261,P21817,1,feature_complete
ion_channel,D00437,4485,Nifedipine,hsa:6262,Q92736,1,feature_complete
ion_channel,D00437,4485,Nifedipine,hsa:6263,Q15413,1,feature_complete
ion_channel,D00437,4485,Nifedipine,hsa:773,O00555,1,feature_complete
ion_channel,D00437,4485,Nifedipine,hsa:774,Q00975,1,missing_uniprot_affinity_for_target
ion_channel,D00437,4485,Nifedipine,hsa:775,Q13936,1,missing_uniprot_affinity_for_target
ion_channel,D00437,4485,Nifedipine,hsa:776,Q01668;Q59GD8,1,feature_complete
ion_channel,D00437,4485,Nifedipine,hsa:777,Q15878;Q59FG1,1,feature_complete
ion_channel,D00437,4485,Nifedipine,hsa:778,O60840,1,missing_uniprot_affinity_for_target
ion_channel,D00437,4485,Nifedipine,hsa:779,Q13698,1,feature_complete
ion_channel,D00437,4485,Nifedipine,hsa:781,P54289,1,feature_complete
ion_channel,D00437,4485,Nifedipine,hsa:782,Q02641,1,feature_complete
ion_channel,D00437,4485,Nifedipine,hsa:783,Q08289,1,missing_uniprot_affinity_for_target
ion_channel,D00437,4485,Nifedipine,hsa:784,P54284,1,feature_complete
ion_channel,D00437,4485,Nifedipine,hsa:785,O00305,1,feature_complete
ion_channel,D00437,4485,Nifedipine,hsa:786,Q06432,1,missing_uniprot_affinity_for_target
ion_channel,D00437,4485,Nifedipine,hsa:8911,Q9P0X4,1,missing_uniprot_affinity_for_target
ion_channel,D00437,4485,Nifedipine,hsa:8912,B3KQH9;O95180,1,missing_uniprot_affinity_for_target
ion_channel,D00437,4485,Nifedipine,hsa:8913,O43497,1,feature_complete
ion_channel,D00437,4485,Nifedipine,hsa:8989,O75762,1,feature_complete
ion_channel,D00437,4485,Nifedipine,hsa:9254,Q9NY47,1,missing_uniprot_affinity_for_target
ion_channel,D00437,4485,Nifedipine,hsa:93589,Q7Z3S7,1,missing_uniprot_affinity_for_target
ion_channel,D00438,4497,Nimodipine,hsa:775,Q13936,1,missing_uniprot_affinity_for_target
ion_channel,D00438,4497,Nimodipine,hsa:776,Q01668;Q59GD8,1,feature_complete
ion_channel,D00438,4497,Nimodipine,hsa:778,O60840,1,missing_uniprot_affinity_for_target
ion_channel,D00438,4497,Nimodipine,hsa:783,Q08289,1,missing_uniprot_affinity_for_target
ion_channel,D00438,4497,Nimodipine,hsa:786,Q06432,1,missing_uniprot_affinity_for_target
ion_channel,D00438,4497,Nimodipine,hsa:93589,Q7Z3S7,1,missing_uniprot_affinity_for_target
ion_channel,D00451,5358,Sumatriptan,hsa:285242,A5X5Y0,1,missing_uniprot_affinity_for_target
ion_channel,D00451,5358,Sumatriptan,hsa:3359,B4E398;P46098,1,missing_uniprot_affinity_for_target
ion_channel,D00451,5358,Sumatriptan,hsa:9177,O95264,1,missing_uniprot_affinity_for_target
ion_channel,D00456,4595,Ondansetron,hsa:3359,B4E398;P46098,1,missing_uniprot_affinity_for_target
ion_channel,D00464,4616,Oxazepam,hsa:2554,A8K177;P14867,1,feature_complete
ion_channel,D00474,4909,Primidone,hsa:2554,A8K177;P14867,1,feature_complete
ion_channel,D00477,66068,Procainamide Hydrochloride,hsa:6323,P35498,1,missing_uniprot_affinity_for_target
ion_channel,D00477,66068,Procainamide Hydrochloride,hsa:6326,Q99250,1,missing_uniprot_affinity_for_target
ion_channel,D00477,66068,Procainamide Hydrochloride,hsa:6328,Q9C007;Q9NY46,1,missing_uniprot_affinity_for_target
ion_channel,D00477,66068,Procainamide Hydrochloride,hsa:6329,P35499,1,missing_uniprot_affinity_for_target
ion_channel,D00477,66068,Procainamide Hydrochloride,hsa:6331,Q14524,1,missing_uniprot_affinity_for_target
ion_channel,D00477,66068,Procainamide Hydrochloride,hsa:6334,Q6B4S4;Q9UQD0,1,missing_uniprot_affinity_for_target
ion_channel,D00477,66068,Procainamide Hydrochloride,hsa:6335,Q15858,1,missing_uniprot_affinity_for_target
ion_channel,D00480,6014,Promethazine Hydrochloride,hsa:3782,Q9UGI6,1,missing_uniprot_affinity_for_target
ion_channel,D00495,8280,Paramethadione,hsa:8911,Q9P0X4,1,feature_complete
ion_channel,D00499,4737,Pentobarbital,hsa:1135,Q15822,1,feature_complete
ion_channel,D00499,4737,Pentobarbital,hsa:1136,P32297,1,feature_complete
ion_channel,D00499,4737,Pentobarbital,hsa:1137,B4DK78;P43681;Q59FV0,1,feature_complete
ion_channel,D00499,4737,Pentobarbital,hsa:1141,P17787;Q5SXY3,1,feature_complete
ion_channel,D00499,4737,Pentobarbital,hsa:1145,Q04844,1,missing_uniprot_affinity_for_target
ion_channel,D00499,4737,Pentobarbital,hsa:2554,A8K177;P14867,1,feature_complete
ion_channel,D00499,4737,Pentobarbital,hsa:2555,P47869,1,missing_uniprot_affinity_for_target
ion_channel,D00499,4737,Pentobarbital,hsa:2556,P34903,1,missing_uniprot_affinity_for_target
ion_channel,D00499,4737,Pentobarbital,hsa:2557,P48169;X5D7F5,1,feature_complete
ion_channel,D00499,4737,Pentobarbital,hsa:2558,P31644,1,feature_complete
ion_channel,D00499,4737,Pentobarbital,hsa:2559,Q16445,1,missing_uniprot_affinity_for_target
ion_channel,D00499,4737,Pentobarbital,hsa:2560,P18505;X5DNL6,1,missing_uniprot_affinity_for_target
ion_channel,D00499,4737,Pentobarbital,hsa:2561,P47870,1,feature_complete
ion_channel,D00499,4737,Pentobarbital,hsa:2562,P28472,1,feature_complete
ion_channel,D00499,4737,Pentobarbital,hsa:2563,A8K496;O14764,1,feature_complete
ion_channel,D00499,4737,Pentobarbital,hsa:2564,P78334,1,missing_uniprot_affinity_for_target
ion_channel,D00499,4737,Pentobarbital,hsa:2566,P18507,1,feature_complete
ion_channel,D00499,4737,Pentobarbital,hsa:2567,Q99928,1,missing_uniprot_affinity_for_target
ion_channel,D00499,4737,Pentobarbital,hsa:2569,P24046,1,missing_uniprot_affinity_for_target
ion_channel,D00499,4737,Pentobarbital,hsa:55584,Q9UGM1,1,feature_complete
ion_channel,D00499,4737,Pentobarbital,hsa:55879,Q9UN88,1,missing_uniprot_affinity_for_target
ion_channel,D00499,4737,Pentobarbital,hsa:57053,Q9GZZ6,1,missing_uniprot_affinity_for_target
ion_channel,D00499,4737,Pentobarbital,hsa:8973,Q15825,1,missing_uniprot_affinity_for_target
ion_channel,D00504,4753,Phenacemide,hsa:6323,P35498,1,missing_uniprot_affinity_for_target
ion_channel,D00512,1775,Phenytoin,hsa:10369,Q9Y698,1,missing_uniprot_affinity_for_target
ion_channel,D00512,1775,Phenytoin,hsa:27092,Q9UBN1,1,missing_uniprot_affinity_for_target
ion_channel,D00512,1775,Phenytoin,hsa:3708,Q14643,1,missing_uniprot_affinity_for_target
ion_channel,D00512,1775,Phenytoin,hsa:3710,A6H8K3;Q14573;Q59ES2,1,missing_uniprot_affinity_for_target
ion_channel,D00512,1775,Phenytoin,hsa:51802,Q9NY37,1,missing_uniprot_affinity_for_target
ion_channel,D00512,1775,Phenytoin,hsa:5310,P98161,1,feature_complete
ion_channel,D00512,1775,Phenytoin,hsa:55503,Q9H1D0,1,feature_complete
ion_channel,D00512,1775,Phenytoin,hsa:55515,A0A8I5KPF5,1,missing_uniprot_affinity_for_target
ion_channel,D00512,1775,Phenytoin,hsa:55799,Q8IZS8,1,missing_uniprot_affinity_for_target
ion_channel,D00512,1775,Phenytoin,hsa:55800,Q9NY72,1,feature_complete
ion_channel,D00512,1775,Phenytoin,hsa:59284,P62955,1,missing_uniprot_affinity_for_target
ion_channel,D00512,1775,Phenytoin,hsa:6261,P21817,1,feature_complete
ion_channel,D00512,1775,Phenytoin,hsa:6262,Q92736,1,feature_complete
ion_channel,D00512,1775,Phenytoin,hsa:6263,Q15413,1,feature_complete
ion_channel,D00512,1775,Phenytoin,hsa:6324,Q07699,1,feature_complete
ion_channel,D00512,1775,Phenytoin,hsa:6328,Q9C007;Q9NY46,1,feature_complete
ion_channel,D00512,1775,Phenytoin,hsa:6329,P35499,1,feature_complete
ion_channel,D00512,1775,Phenytoin,hsa:6330,B0YJ93;Q8IWT1,1,feature_complete
ion_channel,D00512,1775,Phenytoin,hsa:6331,Q14524,1,feature_complete
ion_channel,D00512,1775,Phenytoin,hsa:6332,Q01118,1,feature_complete
ion_channel,D00512,1775,Phenytoin,hsa:6336,Q9Y5Y9,1,feature_complete
ion_channel,D00512,1775,Phenytoin,hsa:6337,P37088,1,feature_complete
ion_channel,D00512,1775,Phenytoin,hsa:6338,B2R812;P51168,1,feature_complete
ion_channel,D00512,1775,Phenytoin,hsa:6339,P51172,1,missing_uniprot_affinity_for_target
ion_channel,D00512,1775,Phenytoin,hsa:6340,A5X2V1;P51170,1,feature_complete
ion_channel,D00512,1775,Phenytoin,hsa:773,O00555,1,feature_complete
ion_channel,D00512,1775,Phenytoin,hsa:774,Q00975,1,feature_complete
ion_channel,D00512,1775,Phenytoin,hsa:775,Q13936,1,missing_uniprot_affinity_for_target
ion_channel,D00512,1775,Phenytoin,hsa:776,Q01668;Q59GD8,1,feature_complete
ion_channel,D00512,1775,Phenytoin,hsa:777,Q15878;Q59FG1,1,feature_complete
ion_channel,D00512,1775,Phenytoin,hsa:778,O60840,1,missing_uniprot_affinity_for_target
ion_channel,D00512,1775,Phenytoin,hsa:779,Q13698,1,feature_complete
ion_channel,D00512,1775,Phenytoin,hsa:781,P54289,1,feature_complete
ion_channel,D00512,1775,Phenytoin,hsa:782,Q02641,1,feature_complete
ion_channel,D00512,1775,Phenytoin,hsa:783,Q08289,1,missing_uniprot_affinity_for_target
ion_channel,D00512,1775,Phenytoin,hsa:784,P54284,1,feature_complete
ion_channel,D00512,1775,Phenytoin,hsa:785,O00305,1,feature_complete
ion_channel,D00512,1775,Phenytoin,hsa:786,Q06432,1,missing_uniprot_affinity_for_target
ion_channel,D00512,1775,Phenytoin,hsa:8911,Q9P0X4,1,feature_complete
ion_channel,D00512,1775,Phenytoin,hsa:8912,B3KQH9;O95180,1,missing_uniprot_affinity_for_target
ion_channel,D00512,1775,Phenytoin,hsa:8913,O43497,1,feature_complete
ion_channel,D00512,1775,Phenytoin,hsa:8989,O75762,1,feature_complete
ion_channel,D00512,1775,Phenytoin,hsa:9254,Q9NY47,1,missing_uniprot_affinity_for_target
ion_channel,D00512,1775,Phenytoin,hsa:9311,Q9UHC3,1,missing_uniprot_affinity_for_target
ion_channel,D00512,1775,Phenytoin,hsa:93589,Q7Z3S7,1,missing_uniprot_affinity_for_target
ion_channel,D00513,4828,Pindolol,hsa:285242,A5X5Y0,1,missing_uniprot_affinity_for_target
ion_channel,D00513,4828,Pindolol,hsa:3359,B4E398;P46098,1,missing_uniprot_affinity_for_target
ion_channel,D00513,4828,Pindolol,hsa:9177,O95264,1,missing_uniprot_affinity_for_target
ion_channel,D00519,2720,Chlorothiazide,hsa:3778,Q12791,1,feature_complete
ion_channel,D00521,5405,Terfenadine,hsa:3757,Q12809;Q15BH2,1,feature_complete
ion_channel,D00524,5831,Carbachol,hsa:1135,Q15822,1,feature_complete
ion_channel,D00524,5831,Carbachol,hsa:1136,P32297,1,feature_complete
ion_channel,D00524,5831,Carbachol,hsa:1137,B4DK78;P43681;Q59FV0,1,feature_complete
ion_channel,D00524,5831,Carbachol,hsa:1141,P17787;Q5SXY3,1,feature_complete
ion_channel,D00524,5831,Carbachol,hsa:1145,Q04844,1,missing_uniprot_affinity_for_target
ion_channel,D00524,5831,Carbachol,hsa:55584,Q9UGM1,1,feature_complete
ion_channel,D00524,5831,Carbachol,hsa:57053,Q9GZZ6,1,missing_uniprot_affinity_for_target
ion_channel,D00524,5831,Carbachol,hsa:8973,Q15825,1,missing_uniprot_affinity_for_target
ion_channel,D00528,2519,Caffeine,hsa:22953,A0ACM8Q8Y1;Q32MC3;Q9UBL9,1,missing_uniprot_affinity_for_target
ion_channel,D00528,2519,Caffeine,hsa:5023,P51575,1,missing_uniprot_affinity_for_target
ion_channel,D00528,2519,Caffeine,hsa:5024,P56373,1,feature_complete
ion_channel,D00528,2519,Caffeine,hsa:5025,Q99571,1,missing_uniprot_affinity_for_target
ion_channel,D00528,2519,Caffeine,hsa:5026,Q93086,1,missing_uniprot_affinity_for_target
ion_channel,D00528,2519,Caffeine,hsa:5027,Q99572,1,missing_uniprot_affinity_for_target
ion_channel,D00528,2519,Caffeine,hsa:6261,P21817,1,feature_complete
ion_channel,D00528,2519,Caffeine,hsa:6262,Q92736,1,feature_complete
ion_channel,D00528,2519,Caffeine,hsa:6263,Q15413,1,feature_complete
ion_channel,D00528,2519,Caffeine,hsa:9127,O15547,1,missing_uniprot_affinity_for_target
ion_channel,D00530,5719,Zaleplon,hsa:2554,A8K177;P14867,1,feature_complete
ion_channel,D00530,5719,Zaleplon,hsa:2555,P47869,1,missing_uniprot_affinity_for_target
ion_channel,D00530,5719,Zaleplon,hsa:2556,P34903,1,missing_uniprot_affinity_for_target
ion_channel,D00530,5719,Zaleplon,hsa:2557,P48169;X5D7F5,1,feature_complete
ion_channel,D00530,5719,Zaleplon,hsa:2558,P31644,1,feature_complete
ion_channel,D00530,5719,Zaleplon,hsa:2559,Q16445,1,missing_uniprot_affinity_for_target
ion_channel,D00530,5719,Zaleplon,hsa:2560,P18505;X5DNL6,1,missing_uniprot_affinity_for_target
ion_channel,D00530,5719,Zaleplon,hsa:2561,P47870,1,feature_complete
ion_channel,D00530,5719,Zaleplon,hsa:2562,P28472,1,feature_complete
ion_channel,D00530,5719,Zaleplon,hsa:2563,A8K496;O14764,1,feature_complete
ion_channel,D00530,5719,Zaleplon,hsa:2564,P78334,1,missing_uniprot_affinity_for_target
ion_channel,D00530,5719,Zaleplon,hsa:2566,P18507,1,feature_complete
ion_channel,D00530,5719,Zaleplon,hsa:2567,Q99928,1,missing_uniprot_affinity_for_target
ion_channel,D00530,5719,Zaleplon,hsa:2569,P24046,1,missing_uniprot_affinity_for_target
ion_channel,D00530,5719,Zaleplon,hsa:2570,P28476,1,missing_uniprot_affinity_for_target
ion_channel,D00530,5719,Zaleplon,hsa:55879,Q9UN88,1,missing_uniprot_affinity_for_target
ion_channel,D00533,34312,Oxcarbazepine,hsa:6331,Q14524,1,missing_uniprot_affinity_for_target
ion_channel,D00536,3331,Felbamate,hsa:116443,Q8TCU5,1,missing_uniprot_affinity_for_target
ion_channel,D00536,3331,Felbamate,hsa:2741,P23415,1,feature_complete
ion_channel,D00536,3331,Felbamate,hsa:2742,P23416,1,feature_complete
ion_channel,D00536,3331,Felbamate,hsa:2743,P48167,1,feature_complete
ion_channel,D00537,5284627,Topiramate,hsa:2554,A8K177;P14867,1,feature_complete
ion_channel,D00537,5284627,Topiramate,hsa:2897,P39086,1,feature_complete
ion_channel,D00537,5284627,Topiramate,hsa:6323,P35498,1,missing_uniprot_affinity_for_target
ion_channel,D00538,5734,Zonisamide,hsa:51802,Q9NY37,1,missing_uniprot_affinity_for_target
ion_channel,D00538,5734,Zonisamide,hsa:55515,A0A8I5KPF5,1,missing_uniprot_affinity_for_target
ion_channel,D00538,5734,Zonisamide,hsa:55800,Q9NY72,1,feature_complete
ion_channel,D00538,5734,Zonisamide,hsa:6323,P35498,1,missing_uniprot_affinity_for_target
ion_channel,D00538,5734,Zonisamide,hsa:6324,Q07699,1,feature_complete
ion_channel,D00538,5734,Zonisamide,hsa:6328,Q9C007;Q9NY46,1,missing_uniprot_affinity_for_target
ion_channel,D00538,5734,Zonisamide,hsa:6329,P35499,1,missing_uniprot_affinity_for_target
ion_channel,D00538,5734,Zonisamide,hsa:6330,B0YJ93;Q8IWT1,1,feature_complete
ion_channel,D00538,5734,Zonisamide,hsa:6332,Q01118,1,missing_uniprot_affinity_for_target
ion_channel,D00538,5734,Zonisamide,hsa:6336,Q9Y5Y9,1,missing_uniprot_affinity_for_target
ion_channel,D00538,5734,Zonisamide,hsa:6337,P37088,1,feature_complete
ion_channel,D00538,5734,Zonisamide,hsa:6338,B2R812;P51168,1,feature_complete
ion_channel,D00538,5734,Zonisamide,hsa:6339,P51172,1,missing_uniprot_affinity_for_target
ion_channel,D00538,5734,Zonisamide,hsa:6340,A5X2V1;P51170,1,feature_complete
ion_channel,D00538,5734,Zonisamide,hsa:8911,Q9P0X4,1,missing_uniprot_affinity_for_target
ion_channel,D00538,5734,Zonisamide,hsa:8912,B3KQH9;O95180,1,missing_uniprot_affinity_for_target
ion_channel,D00538,5734,Zonisamide,hsa:8913,O43497,1,missing_uniprot_affinity_for_target
ion_channel,D00538,5734,Zonisamide,hsa:9311,Q9UHC3,1,missing_uniprot_affinity_for_target
ion_channel,D00539,3291,Ethosuximide,hsa:8911,Q9P0X4,1,feature_complete
ion_channel,D00539,3291,Ethosuximide,hsa:8912,B3KQH9;O95180,1,missing_uniprot_affinity_for_target
ion_channel,D00539,3291,Ethosuximide,hsa:8913,O43497,1,feature_complete
ion_channel,D00542,3562,Halothane,hsa:10369,Q9Y698,1,feature_complete
ion_channel,D00542,3562,Halothane,hsa:2554,A8K177;P14867,1,feature_complete
ion_channel,D00542,3562,Halothane,hsa:27092,Q9UBN1,1,missing_uniprot_affinity_for_target
ion_channel,D00542,3562,Halothane,hsa:2741,P23415,1,feature_complete
ion_channel,D00542,3562,Halothane,hsa:2890,P42261;Q59GL5,1,feature_complete
ion_channel,D00542,3562,Halothane,hsa:3708,Q14643,1,missing_uniprot_affinity_for_target
ion_channel,D00542,3562,Halothane,hsa:3710,A6H8K3;Q14573;Q59ES2,1,missing_uniprot_affinity_for_target
ion_channel,D00542,3562,Halothane,hsa:3778,Q12791,1,feature_complete
ion_channel,D00542,3562,Halothane,hsa:3783,O15554,1,feature_complete
ion_channel,D00542,3562,Halothane,hsa:5310,P98161,1,feature_complete
ion_channel,D00542,3562,Halothane,hsa:55503,Q9H1D0,1,feature_complete
ion_channel,D00542,3562,Halothane,hsa:55799,Q8IZS8,1,missing_uniprot_affinity_for_target
ion_channel,D00542,3562,Halothane,hsa:56659,Q9HB14,1,missing_uniprot_affinity_for_target
ion_channel,D00542,3562,Halothane,hsa:56660,Q9HB15,1,missing_uniprot_affinity_for_target
ion_channel,D00542,3562,Halothane,hsa:59284,P62955,1,missing_uniprot_affinity_for_target
ion_channel,D00542,3562,Halothane,hsa:773,O00555,1,feature_complete
ion_channel,D00542,3562,Halothane,hsa:774,Q00975,1,feature_complete
ion_channel,D00542,3562,Halothane,hsa:775,Q13936,1,missing_uniprot_affinity_for_target
ion_channel,D00542,3562,Halothane,hsa:776,Q01668;Q59GD8,1,feature_complete
ion_channel,D00542,3562,Halothane,hsa:777,Q15878;Q59FG1,1,feature_complete
ion_channel,D00542,3562,Halothane,hsa:778,O60840,1,missing_uniprot_affinity_for_target
ion_channel,D00542,3562,Halothane,hsa:779,Q13698,1,feature_complete
ion_channel,D00542,3562,Halothane,hsa:781,P54289,1,feature_complete
ion_channel,D00542,3562,Halothane,hsa:782,Q02641,1,feature_complete
ion_channel,D00542,3562,Halothane,hsa:783,Q08289,1,missing_uniprot_affinity_for_target
ion_channel,D00542,3562,Halothane,hsa:784,P54284,1,feature_complete
ion_channel,D00542,3562,Halothane,hsa:785,O00305,1,feature_complete
ion_channel,D00542,3562,Halothane,hsa:786,Q06432,1,missing_uniprot_affinity_for_target
ion_channel,D00542,3562,Halothane,hsa:8911,Q9P0X4,1,feature_complete
ion_channel,D00542,3562,Halothane,hsa:8912,B3KQH9;O95180,1,missing_uniprot_affinity_for_target
ion_channel,D00542,3562,Halothane,hsa:8913,O43497,1,feature_complete
ion_channel,D00542,3562,Halothane,hsa:8989,O75762,1,feature_complete
ion_channel,D00542,3562,Halothane,hsa:9254,Q9NY47,1,missing_uniprot_affinity_for_target
ion_channel,D00542,3562,Halothane,hsa:93589,Q7Z3S7,1,missing_uniprot_affinity_for_target
ion_channel,D00543,3226,Enflurane,hsa:2554,A8K177;P14867,1,feature_complete
ion_channel,D00543,3226,Enflurane,hsa:2741,P23415,1,feature_complete
ion_channel,D00543,3226,Enflurane,hsa:2890,P42261;Q59GL5,1,feature_complete
ion_channel,D00543,3226,Enflurane,hsa:3736,Q09470,1,missing_uniprot_affinity_for_target
ion_channel,D00544,4116,Methoxyflurane,hsa:2554,A8K177;P14867,1,feature_complete
ion_channel,D00544,4116,Methoxyflurane,hsa:2741,P23415,1,feature_complete
ion_channel,D00544,4116,Methoxyflurane,hsa:2890,P42261;Q59GL5,1,feature_complete
ion_channel,D00544,4116,Methoxyflurane,hsa:3736,Q09470,1,missing_uniprot_affinity_for_target
ion_channel,D00545,3763,Isoflurane,hsa:2554,A8K177;P14867,1,feature_complete
ion_channel,D00545,3763,Isoflurane,hsa:2555,P47869,1,missing_uniprot_affinity_for_target
ion_channel,D00545,3763,Isoflurane,hsa:2556,P34903,1,missing_uniprot_affinity_for_target
ion_channel,D00545,3763,Isoflurane,hsa:2557,P48169;X5D7F5,1,feature_complete
ion_channel,D00545,3763,Isoflurane,hsa:2558,P31644,1,feature_complete
ion_channel,D00545,3763,Isoflurane,hsa:2559,Q16445,1,missing_uniprot_affinity_for_target
ion_channel,D00545,3763,Isoflurane,hsa:2560,P18505;X5DNL6,1,missing_uniprot_affinity_for_target
ion_channel,D00545,3763,Isoflurane,hsa:2561,P47870,1,feature_complete
ion_channel,D00545,3763,Isoflurane,hsa:2562,P28472,1,feature_complete
ion_channel,D00545,3763,Isoflurane,hsa:2563,A8K496;O14764,1,feature_complete
ion_channel,D00545,3763,Isoflurane,hsa:2564,P78334,1,missing_uniprot_affinity_for_target
ion_channel,D00545,3763,Isoflurane,hsa:2566,P18507,1,feature_complete
ion_channel,D00545,3763,Isoflurane,hsa:2567,Q99928,1,missing_uniprot_affinity_for_target
ion_channel,D00545,3763,Isoflurane,hsa:2569,P24046,1,missing_uniprot_affinity_for_target
ion_channel,D00545,3763,Isoflurane,hsa:2741,P23415,1,feature_complete
ion_channel,D00545,3763,Isoflurane,hsa:2890,P42261;Q59GL5,1,feature_complete
ion_channel,D00545,3763,Isoflurane,hsa:3736,Q09470,1,missing_uniprot_affinity_for_target
ion_channel,D00545,3763,Isoflurane,hsa:55879,Q9UN88,1,missing_uniprot_affinity_for_target
ion_channel,D00546,42113,Desflurane,hsa:2554,A8K177;P14867,1,feature_complete
ion_channel,D00546,42113,Desflurane,hsa:2741,P23415,1,feature_complete
ion_channel,D00546,42113,Desflurane,hsa:2890,P42261;Q59GL5,1,feature_complete
ion_channel,D00546,42113,Desflurane,hsa:3736,Q09470,1,missing_uniprot_affinity_for_target
ion_channel,D00547,5206,Sevoflurane,hsa:2554,A8K177;P14867,1,feature_complete
ion_channel,D00547,5206,Sevoflurane,hsa:2555,P47869,1,missing_uniprot_affinity_for_target
ion_channel,D00547,5206,Sevoflurane,hsa:2556,P34903,1,missing_uniprot_affinity_for_target
ion_channel,D00547,5206,Sevoflurane,hsa:2557,P48169;X5D7F5,1,feature_complete
ion_channel,D00547,5206,Sevoflurane,hsa:2558,P31644,1,feature_complete
ion_channel,D00547,5206,Sevoflurane,hsa:2559,Q16445,1,missing_uniprot_affinity_for_target
ion_channel,D00547,5206,Sevoflurane,hsa:2560,P18505;X5DNL6,1,missing_uniprot_affinity_for_target
ion_channel,D00547,5206,Sevoflurane,hsa:2561,P47870,1,feature_complete
ion_channel,D00547,5206,Sevoflurane,hsa:2562,P28472,1,feature_complete
ion_channel,D00547,5206,Sevoflurane,hsa:2563,A8K496;O14764,1,feature_complete
ion_channel,D00547,5206,Sevoflurane,hsa:2564,P78334,1,missing_uniprot_affinity_for_target
ion_channel,D00547,5206,Sevoflurane,hsa:2566,P18507,1,feature_complete
ion_channel,D00547,5206,Sevoflurane,hsa:2567,Q99928,1,missing_uniprot_affinity_for_target
ion_channel,D00547,5206,Sevoflurane,hsa:2569,P24046,1,missing_uniprot_affinity_for_target
ion_channel,D00547,5206,Sevoflurane,hsa:2741,P23415,1,feature_complete
ion_channel,D00547,5206,Sevoflurane,hsa:2742,P23416,1,feature_complete
ion_channel,D00547,5206,Sevoflurane,hsa:2743,P48167,1,feature_complete
ion_channel,D00547,5206,Sevoflurane,hsa:2890,P42261;Q59GL5,1,feature_complete
ion_channel,D00547,5206,Sevoflurane,hsa:3736,Q09470,1,missing_uniprot_affinity_for_target
ion_channel,D00547,5206,Sevoflurane,hsa:55879,Q9UN88,1,missing_uniprot_affinity_for_target
ion_channel,D00548,667484,Etomidate,hsa:2554,A8K177;P14867,1,feature_complete
ion_channel,D00548,667484,Etomidate,hsa:2555,P47869,1,missing_uniprot_affinity_for_target
ion_channel,D00548,667484,Etomidate,hsa:2556,P34903,1,missing_uniprot_affinity_for_target
ion_channel,D00548,667484,Etomidate,hsa:2557,P48169;X5D7F5,1,feature_complete
ion_channel,D00548,667484,Etomidate,hsa:2558,P31644,1,feature_complete
ion_channel,D00548,667484,Etomidate,hsa:2559,Q16445,1,missing_uniprot_affinity_for_target
ion_channel,D00548,667484,Etomidate,hsa:2560,P18505;X5DNL6,1,missing_uniprot_affinity_for_target
ion_channel,D00548,667484,Etomidate,hsa:2561,P47870,1,feature_complete
ion_channel,D00548,667484,Etomidate,hsa:2562,P28472,1,feature_complete
ion_channel,D00548,667484,Etomidate,hsa:2563,A8K496;O14764,1,feature_complete
ion_channel,D00548,667484,Etomidate,hsa:2564,P78334,1,missing_uniprot_affinity_for_target
ion_channel,D00548,667484,Etomidate,hsa:2566,P18507,1,feature_complete
ion_channel,D00548,667484,Etomidate,hsa:2567,Q99928,1,missing_uniprot_affinity_for_target
ion_channel,D00548,667484,Etomidate,hsa:2569,P24046,1,missing_uniprot_affinity_for_target
ion_channel,D00548,667484,Etomidate,hsa:55879,Q9UN88,1,missing_uniprot_affinity_for_target
ion_channel,D00549,4943,Propofol,hsa:2554,A8K177;P14867,1,feature_complete
ion_channel,D00549,4943,Propofol,hsa:2555,P47869,1,missing_uniprot_affinity_for_target
ion_channel,D00549,4943,Propofol,hsa:2556,P34903,1,missing_uniprot_affinity_for_target
ion_channel,D00549,4943,Propofol,hsa:2557,P48169;X5D7F5,1,feature_complete
ion_channel,D00549,4943,Propofol,hsa:2558,P31644,1,feature_complete
ion_channel,D00549,4943,Propofol,hsa:2559,Q16445,1,missing_uniprot_affinity_for_target
ion_channel,D00549,4943,Propofol,hsa:2560,P18505;X5DNL6,1,missing_uniprot_affinity_for_target
ion_channel,D00549,4943,Propofol,hsa:2561,P47870,1,feature_complete
ion_channel,D00549,4943,Propofol,hsa:2562,P28472,1,feature_complete
ion_channel,D00549,4943,Propofol,hsa:2563,A8K496;O14764,1,feature_complete
ion_channel,D00549,4943,Propofol,hsa:2564,P78334,1,missing_uniprot_affinity_for_target
ion_channel,D00549,4943,Propofol,hsa:2566,P18507,1,feature_complete
ion_channel,D00549,4943,Propofol,hsa:2567,Q99928,1,missing_uniprot_affinity_for_target
ion_channel,D00549,4943,Propofol,hsa:2569,P24046,1,missing_uniprot_affinity_for_target
ion_channel,D00549,4943,Propofol,hsa:2570,P28476,1,missing_uniprot_affinity_for_target
ion_channel,D00549,4943,Propofol,hsa:2741,P23415,1,feature_complete
ion_channel,D00549,4943,Propofol,hsa:2742,P23416,1,feature_complete
ion_channel,D00549,4943,Propofol,hsa:2743,P48167,1,feature_complete
ion_channel,D00549,4943,Propofol,hsa:55879,Q9UN88,1,missing_uniprot_affinity_for_target
ion_channel,D00550,4192,Midazolam,hsa:2554,A8K177;P14867,1,feature_complete
ion_channel,D00550,4192,Midazolam,hsa:2555,P47869,1,missing_uniprot_affinity_for_target
ion_channel,D00550,4192,Midazolam,hsa:2556,P34903,1,missing_uniprot_affinity_for_target
ion_channel,D00550,4192,Midazolam,hsa:2557,P48169;X5D7F5,1,feature_complete
ion_channel,D00550,4192,Midazolam,hsa:2558,P31644,1,feature_complete
ion_channel,D00550,4192,Midazolam,hsa:2559,Q16445,1,missing_uniprot_affinity_for_target
ion_channel,D00550,4192,Midazolam,hsa:2560,P18505;X5DNL6,1,missing_uniprot_affinity_for_target
ion_channel,D00550,4192,Midazolam,hsa:2561,P47870,1,feature_complete
ion_channel,D00550,4192,Midazolam,hsa:2562,P28472,1,feature_complete
ion_channel,D00550,4192,Midazolam,hsa:2563,A8K496;O14764,1,feature_complete
ion_channel,D00550,4192,Midazolam,hsa:2564,P78334,1,missing_uniprot_affinity_for_target
ion_channel,D00550,4192,Midazolam,hsa:2566,P18507,1,feature_complete
ion_channel,D00550,4192,Midazolam,hsa:2567,Q99928,1,missing_uniprot_affinity_for_target
ion_channel,D00550,4192,Midazolam,hsa:2569,P24046,1,missing_uniprot_affinity_for_target
ion_channel,D00550,4192,Midazolam,hsa:55879,Q9UN88,1,missing_uniprot_affinity_for_target
ion_channel,D00552,2337,Benzocaine,hsa:51802,Q9NY37,1,missing_uniprot_affinity_for_target
ion_channel,D00552,2337,Benzocaine,hsa:55515,A0A8I5KPF5,1,missing_uniprot_affinity_for_target
ion_channel,D00552,2337,Benzocaine,hsa:55800,Q9NY72,1,feature_complete
ion_channel,D00552,2337,Benzocaine,hsa:6324,Q07699,1,feature_complete
ion_channel,D00552,2337,Benzocaine,hsa:6328,Q9C007;Q9NY46,1,feature_complete
ion_channel,D00552,2337,Benzocaine,hsa:6329,P35499,1,feature_complete
ion_channel,D00552,2337,Benzocaine,hsa:6330,B0YJ93;Q8IWT1,1,feature_complete
ion_channel,D00552,2337,Benzocaine,hsa:6332,Q01118,1,feature_complete
ion_channel,D00552,2337,Benzocaine,hsa:6336,Q9Y5Y9,1,feature_complete
ion_channel,D00552,2337,Benzocaine,hsa:6337,P37088,1,feature_complete
ion_channel,D00552,2337,Benzocaine,hsa:6338,B2R812;P51168,1,feature_complete
ion_channel,D00552,2337,Benzocaine,hsa:6339,P51172,1,missing_uniprot_affinity_for_target
ion_channel,D00552,2337,Benzocaine,hsa:6340,A5X2V1;P51170,1,feature_complete
ion_channel,D00552,2337,Benzocaine,hsa:9311,Q9UHC3,1,missing_uniprot_affinity_for_target
ion_channel,D00553,4906,Prilocaine,hsa:6331,Q14524,1,feature_complete
ion_channel,D00560,16362,Pimozide,hsa:10369,Q9Y698,1,missing_uniprot_affinity_for_target
ion_channel,D00560,16362,Pimozide,hsa:27092,Q9UBN1,1,missing_uniprot_affinity_for_target
ion_channel,D00560,16362,Pimozide,hsa:3708,Q14643,1,missing_uniprot_affinity_for_target
ion_channel,D00560,16362,Pimozide,hsa:3710,A6H8K3;Q14573;Q59ES2,1,missing_uniprot_affinity_for_target
ion_channel,D00560,16362,Pimozide,hsa:5310,P98161,1,feature_complete
ion_channel,D00560,16362,Pimozide,hsa:55503,Q9H1D0,1,feature_complete
ion_channel,D00560,16362,Pimozide,hsa:55799,Q8IZS8,1,missing_uniprot_affinity_for_target
ion_channel,D00560,16362,Pimozide,hsa:59284,P62955,1,missing_uniprot_affinity_for_target
ion_channel,D00560,16362,Pimozide,hsa:6261,P21817,1,feature_complete
ion_channel,D00560,16362,Pimozide,hsa:6262,Q92736,1,feature_complete
ion_channel,D00560,16362,Pimozide,hsa:6263,Q15413,1,feature_complete
ion_channel,D00560,16362,Pimozide,hsa:773,O00555,1,feature_complete
ion_channel,D00560,16362,Pimozide,hsa:774,Q00975,1,missing_uniprot_affinity_for_target
ion_channel,D00560,16362,Pimozide,hsa:775,Q13936,1,missing_uniprot_affinity_for_target
ion_channel,D00560,16362,Pimozide,hsa:776,Q01668;Q59GD8,1,missing_uniprot_affinity_for_target
ion_channel,D00560,16362,Pimozide,hsa:777,Q15878;Q59FG1,1,missing_uniprot_affinity_for_target
ion_channel,D00560,16362,Pimozide,hsa:778,O60840,1,missing_uniprot_affinity_for_target
ion_channel,D00560,16362,Pimozide,hsa:779,Q13698,1,feature_complete
ion_channel,D00560,16362,Pimozide,hsa:781,P54289,1,feature_complete
ion_channel,D00560,16362,Pimozide,hsa:782,Q02641,1,feature_complete
ion_channel,D00560,16362,Pimozide,hsa:783,Q08289,1,missing_uniprot_affinity_for_target
ion_channel,D00560,16362,Pimozide,hsa:784,P54284,1,feature_complete
ion_channel,D00560,16362,Pimozide,hsa:785,O00305,1,feature_complete
ion_channel,D00560,16362,Pimozide,hsa:786,Q06432,1,missing_uniprot_affinity_for_target
ion_channel,D00560,16362,Pimozide,hsa:8911,Q9P0X4,1,missing_uniprot_affinity_for_target
ion_channel,D00560,16362,Pimozide,hsa:8912,B3KQH9;O95180,1,missing_uniprot_affinity_for_target
ion_channel,D00560,16362,Pimozide,hsa:8913,O43497,1,missing_uniprot_affinity_for_target
ion_channel,D00560,16362,Pimozide,hsa:8989,O75762,1,feature_complete
ion_channel,D00560,16362,Pimozide,hsa:9254,Q9NY47,1,missing_uniprot_affinity_for_target
ion_channel,D00560,16362,Pimozide,hsa:93589,Q7Z3S7,1,missing_uniprot_affinity_for_target
ion_channel,D00563,4205,Mirtazapine,hsa:3359,B4E398;P46098,1,missing_uniprot_affinity_for_target
ion_channel,D00574,2145,Aminoglutethimide,hsa:1141,P17787;Q5SXY3,1,feature_complete
ion_channel,D00593,3476,"1H-Pyrrole-1-carboxamide, 3-ethyl-2,5-dihydro-4-methyl-N-2-4-(trans-4-methylcyclohexyl)aminocarbonylaminosulfonylphenylethyl-2-oxo-",hsa:3758,A8K432;P48048,1,missing_uniprot_affinity_for_target
ion_channel,D00594,65981,Repaglinide,hsa:3758,A8K432;P48048,1,missing_uniprot_affinity_for_target
ion_channel,D00607,68552,Guanadrel Sulfate,hsa:6530,P23975,1,missing_ligand_affinity_file
ion_channel,D00611,13221,Mecamylamine Hydrochloride,hsa:1134,P02708;Q53SH4,1,missing_uniprot_affinity_for_target
ion_channel,D00611,13221,Mecamylamine Hydrochloride,hsa:1135,Q15822,1,feature_complete
ion_channel,D00611,13221,Mecamylamine Hydrochloride,hsa:1136,P32297,1,feature_complete
ion_channel,D00611,13221,Mecamylamine Hydrochloride,hsa:1137,B4DK78;P43681;Q59FV0,1,feature_complete
ion_channel,D00611,13221,Mecamylamine Hydrochloride,hsa:1138,P30532;Q6EWN4,1,missing_uniprot_affinity_for_target
ion_channel,D00611,13221,Mecamylamine Hydrochloride,hsa:1139,P36544,1,feature_complete
ion_channel,D00611,13221,Mecamylamine Hydrochloride,hsa:55584,Q9UGM1,1,feature_complete
ion_channel,D00611,13221,Mecamylamine Hydrochloride,hsa:57053,Q9GZZ6,1,missing_uniprot_affinity_for_target
ion_channel,D00611,13221,Mecamylamine Hydrochloride,hsa:8973,Q15825,1,missing_uniprot_affinity_for_target
ion_channel,D00615,60496,Amlodipine Besylate,hsa:773,O00555,1,missing_ligand_affinity_file
ion_channel,D00615,60496,Amlodipine Besylate,hsa:775,Q13936,1,missing_ligand_affinity_file
ion_channel,D00615,60496,Amlodipine Besylate,hsa:776,Q01668;Q59GD8,1,missing_ligand_affinity_file
ion_channel,D00615,60496,Amlodipine Besylate,hsa:778,O60840,1,missing_ligand_affinity_file
ion_channel,D00615,60496,Amlodipine Besylate,hsa:779,Q13698,1,missing_ligand_affinity_file
ion_channel,D00616,62920,Diltiazem Hydrochloride,hsa:3736,Q09470,1,missing_ligand_affinity_file
ion_channel,D00616,62920,Diltiazem Hydrochloride,hsa:3737,P16389,1,missing_ligand_affinity_file
ion_channel,D00616,62920,Diltiazem Hydrochloride,hsa:3738,P22001,1,missing_ligand_affinity_file
ion_channel,D00616,62920,Diltiazem Hydrochloride,hsa:3741,P22460,1,missing_ligand_affinity_file
ion_channel,D00616,62920,Diltiazem Hydrochloride,hsa:3746,P48547,1,missing_ligand_affinity_file
ion_channel,D00616,62920,Diltiazem Hydrochloride,hsa:775,Q13936,1,missing_ligand_affinity_file
ion_channel,D00616,62920,Diltiazem Hydrochloride,hsa:778,O60840,1,missing_ligand_affinity_file
ion_channel,D00616,62920,Diltiazem Hydrochloride,hsa:779,Q13698,1,missing_ligand_affinity_file
ion_channel,D00617,41114,Nicardipine Hydrochloride,hsa:3739,P22459,1,missing_ligand_affinity_file
ion_channel,D00617,41114,Nicardipine Hydrochloride,hsa:773,O00555,1,missing_ligand_affinity_file
ion_channel,D00617,41114,Nicardipine Hydrochloride,hsa:775,Q13936,1,missing_ligand_affinity_file
ion_channel,D00617,41114,Nicardipine Hydrochloride,hsa:776,Q01668;Q59GD8,1,missing_ligand_affinity_file
ion_channel,D00617,41114,Nicardipine Hydrochloride,hsa:778,O60840,1,missing_ligand_affinity_file
ion_channel,D00617,41114,Nicardipine Hydrochloride,hsa:779,Q13698,1,missing_ligand_affinity_file
ion_channel,D00618,4499,Nisoldipine,hsa:10369,Q9Y698,1,missing_uniprot_affinity_for_target
ion_channel,D00618,4499,Nisoldipine,hsa:27092,Q9UBN1,1,missing_uniprot_affinity_for_target
ion_channel,D00618,4499,Nisoldipine,hsa:3708,Q14643,1,missing_uniprot_affinity_for_target
ion_channel,D00618,4499,Nisoldipine,hsa:3710,A6H8K3;Q14573;Q59ES2,1,missing_uniprot_affinity_for_target
ion_channel,D00618,4499,Nisoldipine,hsa:5310,P98161,1,feature_complete
ion_channel,D00618,4499,Nisoldipine,hsa:55503,Q9H1D0,1,feature_complete
ion_channel,D00618,4499,Nisoldipine,hsa:55799,Q8IZS8,1,missing_uniprot_affinity_for_target
ion_channel,D00618,4499,Nisoldipine,hsa:59284,P62955,1,missing_uniprot_affinity_for_target
ion_channel,D00618,4499,Nisoldipine,hsa:6261,P21817,1,feature_complete
ion_channel,D00618,4499,Nisoldipine,hsa:6262,Q92736,1,feature_complete
ion_channel,D00618,4499,Nisoldipine,hsa:6263,Q15413,1,feature_complete
ion_channel,D00618,4499,Nisoldipine,hsa:773,O00555,1,feature_complete
ion_channel,D00618,4499,Nisoldipine,hsa:774,Q00975,1,missing_uniprot_affinity_for_target
ion_channel,D00618,4499,Nisoldipine,hsa:775,Q13936,1,missing_uniprot_affinity_for_target
ion_channel,D00618,4499,Nisoldipine,hsa:776,Q01668;Q59GD8,1,feature_complete
ion_channel,D00618,4499,Nisoldipine,hsa:777,Q15878;Q59FG1,1,feature_complete
ion_channel,D00618,4499,Nisoldipine,hsa:778,O60840,1,missing_uniprot_affinity_for_target
ion_channel,D00618,4499,Nisoldipine,hsa:779,Q13698,1,feature_complete
ion_channel,D00618,4499,Nisoldipine,hsa:781,P54289,1,feature_complete
ion_channel,D00618,4499,Nisoldipine,hsa:782,Q02641,1,feature_complete
ion_channel,D00618,4499,Nisoldipine,hsa:783,Q08289,1,missing_uniprot_affinity_for_target
ion_channel,D00618,4499,Nisoldipine,hsa:784,P54284,1,feature_complete
ion_channel,D00618,4499,Nisoldipine,hsa:785,O00305,1,feature_complete
ion_channel,D00618,4499,Nisoldipine,hsa:786,Q06432,1,missing_uniprot_affinity_for_target
ion_channel,D00618,4499,Nisoldipine,hsa:8911,Q9P0X4,1,missing_uniprot_affinity_for_target
ion_channel,D00618,4499,Nisoldipine,hsa:8912,B3KQH9;O95180,1,missing_uniprot_affinity_for_target
ion_channel,D00618,4499,Nisoldipine,hsa:8913,O43497,1,feature_complete
ion_channel,D00618,4499,Nisoldipine,hsa:8989,O75762,1,feature_complete
ion_channel,D00618,4499,Nisoldipine,hsa:9254,Q9NY47,1,missing_uniprot_affinity_for_target
ion_channel,D00618,4499,Nisoldipine,hsa:93589,Q7Z3S7,1,missing_uniprot_affinity_for_target
ion_channel,D00619,62969,Verapamil Hydrochloride,hsa:3738,P22001,1,feature_complete
ion_channel,D00619,62969,Verapamil Hydrochloride,hsa:3743,Q96RP8,1,missing_uniprot_affinity_for_target
ion_channel,D00619,62969,Verapamil Hydrochloride,hsa:3744,Q16322,1,missing_uniprot_affinity_for_target
ion_channel,D00619,62969,Verapamil Hydrochloride,hsa:3747,Q96PR1,1,missing_uniprot_affinity_for_target
ion_channel,D00619,62969,Verapamil Hydrochloride,hsa:3763,P48051,1,missing_uniprot_affinity_for_target
ion_channel,D00619,62969,Verapamil Hydrochloride,hsa:775,Q13936,1,missing_uniprot_affinity_for_target
ion_channel,D00619,62969,Verapamil Hydrochloride,hsa:779,Q13698,1,feature_complete
ion_channel,D00629,4507,Nitrendipine,hsa:10369,Q9Y698,1,missing_uniprot_affinity_for_target
ion_channel,D00629,4507,Nitrendipine,hsa:27092,Q9UBN1,1,missing_uniprot_affinity_for_target
ion_channel,D00629,4507,Nitrendipine,hsa:3708,Q14643,1,missing_uniprot_affinity_for_target
ion_channel,D00629,4507,Nitrendipine,hsa:3710,A6H8K3;Q14573;Q59ES2,1,missing_uniprot_affinity_for_target
ion_channel,D00629,4507,Nitrendipine,hsa:5310,P98161,1,feature_complete
ion_channel,D00629,4507,Nitrendipine,hsa:55503,Q9H1D0,1,feature_complete
ion_channel,D00629,4507,Nitrendipine,hsa:55799,Q8IZS8,1,missing_uniprot_affinity_for_target
ion_channel,D00629,4507,Nitrendipine,hsa:59284,P62955,1,missing_uniprot_affinity_for_target
ion_channel,D00629,4507,Nitrendipine,hsa:6261,P21817,1,feature_complete
ion_channel,D00629,4507,Nitrendipine,hsa:6262,Q92736,1,feature_complete
ion_channel,D00629,4507,Nitrendipine,hsa:6263,Q15413,1,feature_complete
ion_channel,D00629,4507,Nitrendipine,hsa:773,O00555,1,feature_complete
ion_channel,D00629,4507,Nitrendipine,hsa:774,Q00975,1,missing_uniprot_affinity_for_target
ion_channel,D00629,4507,Nitrendipine,hsa:775,Q13936,1,missing_uniprot_affinity_for_target
ion_channel,D00629,4507,Nitrendipine,hsa:776,Q01668;Q59GD8,1,feature_complete
ion_channel,D00629,4507,Nitrendipine,hsa:777,Q15878;Q59FG1,1,feature_complete
ion_channel,D00629,4507,Nitrendipine,hsa:778,O60840,1,missing_uniprot_affinity_for_target
ion_channel,D00629,4507,Nitrendipine,hsa:779,Q13698,1,feature_complete
ion_channel,D00629,4507,Nitrendipine,hsa:781,P54289,1,feature_complete
ion_channel,D00629,4507,Nitrendipine,hsa:782,Q02641,1,feature_complete
ion_channel,D00629,4507,Nitrendipine,hsa:783,Q08289,1,missing_uniprot_affinity_for_target
ion_channel,D00629,4507,Nitrendipine,hsa:784,P54284,1,feature_complete
ion_channel,D00629,4507,Nitrendipine,hsa:785,O00305,1,feature_complete
ion_channel,D00629,4507,Nitrendipine,hsa:786,Q06432,1,missing_uniprot_affinity_for_target
ion_channel,D00629,4507,Nitrendipine,hsa:8911,Q9P0X4,1,missing_uniprot_affinity_for_target
ion_channel,D00629,4507,Nitrendipine,hsa:8912,B3KQH9;O95180,1,missing_uniprot_affinity_for_target
ion_channel,D00629,4507,Nitrendipine,hsa:8913,O43497,1,feature_complete
ion_channel,D00629,4507,Nitrendipine,hsa:8989,O75762,1,feature_complete
ion_channel,D00629,4507,Nitrendipine,hsa:9254,Q9NY47,1,missing_uniprot_affinity_for_target
ion_channel,D00629,4507,Nitrendipine,hsa:93589,Q7Z3S7,1,missing_uniprot_affinity_for_target
ion_channel,D00631,91725,Vascor,hsa:9132,B3KQH8;P56696,1,feature_complete
ion_channel,D00633,65340,,hsa:170572,Q8WXA8,1,missing_pubchem_descriptor_row
ion_channel,D00633,65340,,hsa:200909,Q70Z44,1,missing_pubchem_descriptor_row
ion_channel,D00633,65340,,hsa:285242,A5X5Y0,1,missing_pubchem_descriptor_row
ion_channel,D00633,65340,,hsa:3359,B4E398;P46098,1,missing_pubchem_descriptor_row
ion_channel,D00633,65340,,hsa:9177,O95264,1,missing_pubchem_descriptor_row
ion_channel,D00636,441325,Amiodarone Hydrochloride,hsa:3743,Q96RP8,1,missing_uniprot_affinity_for_target
ion_channel,D00638,41022,Flecainide Acetate,hsa:3736,Q09470,1,missing_uniprot_affinity_for_target
ion_channel,D00638,41022,Flecainide Acetate,hsa:3737,P16389,1,missing_uniprot_affinity_for_target
ion_channel,D00638,41022,Flecainide Acetate,hsa:3741,P22460,1,missing_uniprot_affinity_for_target
ion_channel,D00638,41022,Flecainide Acetate,hsa:3743,Q96RP8,1,missing_uniprot_affinity_for_target
ion_channel,D00638,41022,Flecainide Acetate,hsa:3746,P48547,1,feature_complete
ion_channel,D00638,41022,Flecainide Acetate,hsa:6323,P35498,1,missing_uniprot_affinity_for_target
ion_channel,D00638,41022,Flecainide Acetate,hsa:6326,Q99250,1,missing_uniprot_affinity_for_target
ion_channel,D00638,41022,Flecainide Acetate,hsa:6328,Q9C007;Q9NY46,1,missing_uniprot_affinity_for_target
ion_channel,D00638,41022,Flecainide Acetate,hsa:6329,P35499,1,missing_uniprot_affinity_for_target
ion_channel,D00638,41022,Flecainide Acetate,hsa:6331,Q14524,1,missing_uniprot_affinity_for_target
ion_channel,D00638,41022,Flecainide Acetate,hsa:6334,Q6B4S4;Q9UQD0,1,missing_uniprot_affinity_for_target
ion_channel,D00638,41022,Flecainide Acetate,hsa:6335,Q15858,1,missing_uniprot_affinity_for_target
ion_channel,D00639,21467,Mexiletine Hydrochloride,hsa:6323,P35498,1,missing_uniprot_affinity_for_target
ion_channel,D00639,21467,Mexiletine Hydrochloride,hsa:6326,Q99250,1,missing_uniprot_affinity_for_target
ion_channel,D00639,21467,Mexiletine Hydrochloride,hsa:6328,Q9C007;Q9NY46,1,feature_complete
ion_channel,D00639,21467,Mexiletine Hydrochloride,hsa:6329,P35499,1,feature_complete
ion_channel,D00639,21467,Mexiletine Hydrochloride,hsa:6331,Q14524,1,feature_complete
ion_channel,D00639,21467,Mexiletine Hydrochloride,hsa:6334,Q6B4S4;Q9UQD0,1,missing_uniprot_affinity_for_target
ion_channel,D00639,21467,Mexiletine Hydrochloride,hsa:6335,Q15858,1,missing_uniprot_affinity_for_target
ion_channel,D00640,36708,Propafenone Hydrochloride,hsa:3741,P22460,1,missing_uniprot_affinity_for_target
ion_channel,D00640,36708,Propafenone Hydrochloride,hsa:6323,P35498,1,missing_uniprot_affinity_for_target
ion_channel,D00640,36708,Propafenone Hydrochloride,hsa:6326,Q99250,1,missing_uniprot_affinity_for_target
ion_channel,D00640,36708,Propafenone Hydrochloride,hsa:6328,Q9C007;Q9NY46,1,missing_uniprot_affinity_for_target
ion_channel,D00640,36708,Propafenone Hydrochloride,hsa:6329,P35499,1,missing_uniprot_affinity_for_target
ion_channel,D00640,36708,Propafenone Hydrochloride,hsa:6331,Q14524,1,missing_uniprot_affinity_for_target
ion_channel,D00640,36708,Propafenone Hydrochloride,hsa:6334,Q6B4S4;Q9UQD0,1,missing_uniprot_affinity_for_target
ion_channel,D00640,36708,Propafenone Hydrochloride,hsa:6335,Q15858,1,missing_uniprot_affinity_for_target
ion_channel,D00640,36708,Propafenone Hydrochloride,hsa:8645,O95279,1,missing_uniprot_affinity_for_target
ion_channel,D00642,64642,Quinaglute (TN),hsa:27133,Q8NCM2,1,missing_uniprot_affinity_for_target
ion_channel,D00642,64642,Quinaglute (TN),hsa:3739,P22459,1,missing_uniprot_affinity_for_target
ion_channel,D00642,64642,Quinaglute (TN),hsa:3741,P22460,1,missing_uniprot_affinity_for_target
ion_channel,D00642,64642,Quinaglute (TN),hsa:3743,Q96RP8,1,missing_uniprot_affinity_for_target
ion_channel,D00642,64642,Quinaglute (TN),hsa:3756,O95259,1,feature_complete
ion_channel,D00642,64642,Quinaglute (TN),hsa:3776,F6VUL8;O95069;Q6ZW95,1,feature_complete
ion_channel,D00642,64642,Quinaglute (TN),hsa:54207,P57789,1,feature_complete
ion_channel,D00642,64642,Quinaglute (TN),hsa:6323,P35498,1,missing_uniprot_affinity_for_target
ion_channel,D00642,64642,Quinaglute (TN),hsa:6326,Q99250,1,missing_uniprot_affinity_for_target
ion_channel,D00642,64642,Quinaglute (TN),hsa:6328,Q9C007;Q9NY46,1,missing_uniprot_affinity_for_target
ion_channel,D00642,64642,Quinaglute (TN),hsa:6329,P35499,1,missing_uniprot_affinity_for_target
ion_channel,D00642,64642,Quinaglute (TN),hsa:6331,Q14524,1,missing_uniprot_affinity_for_target
ion_channel,D00642,64642,Quinaglute (TN),hsa:6334,Q6B4S4;Q9UQD0,1,missing_uniprot_affinity_for_target
ion_channel,D00642,64642,Quinaglute (TN),hsa:6335,Q15858,1,missing_uniprot_affinity_for_target
ion_channel,D00642,64642,Quinaglute (TN),hsa:83795,Q96T55,1,missing_uniprot_affinity_for_target
ion_channel,D00642,64642,Quinaglute (TN),hsa:8645,O95279,1,missing_uniprot_affinity_for_target
ion_channel,D00642,64642,Quinaglute (TN),hsa:9424,B2RDS2;Q9Y257,1,missing_uniprot_affinity_for_target
ion_channel,D00647,71329,Dofetilide,hsa:27133,Q8NCM2,1,missing_uniprot_affinity_for_target
ion_channel,D00647,71329,Dofetilide,hsa:3757,Q12809;Q15BH2,1,feature_complete
ion_channel,D00647,71329,Dofetilide,hsa:3776,F6VUL8;O95069;Q6ZW95,1,feature_complete
ion_channel,D00648,5281065,Ibutilide Fumarate,hsa:3757,Q12809;Q15BH2,1,missing_ligand_affinity_file
ion_channel,D00648,5281065,Ibutilide Fumarate,hsa:3767,B2RC52;Q14654,1,missing_ligand_affinity_file
ion_channel,D00648,5281065,Ibutilide Fumarate,hsa:3775,O00180,1,missing_ligand_affinity_file
ion_channel,D00648,5281065,Ibutilide Fumarate,hsa:775,Q13936,1,missing_ligand_affinity_file
ion_channel,D00648,5281065,Ibutilide Fumarate,hsa:781,P54289,1,missing_ligand_affinity_file
ion_channel,D00648,5281065,Ibutilide Fumarate,hsa:782,Q02641,1,missing_ligand_affinity_file
ion_channel,D00648,5281065,Ibutilide Fumarate,hsa:786,Q06432,1,missing_ligand_affinity_file
ion_channel,D00648,5281065,Ibutilide Fumarate,hsa:81033,B4DKC0;Q9H252,1,missing_ligand_affinity_file
ion_channel,D00648,5281065,Ibutilide Fumarate,hsa:90134,Q9NS40,1,missing_ligand_affinity_file
ion_channel,D00648,5281065,Ibutilide Fumarate,hsa:9424,B2RDS2;Q9Y257,1,missing_ligand_affinity_file
ion_channel,D00649,68540,Amiloride Hydrochloride,hsa:40,Q16515,1,missing_ligand_affinity_file
ion_channel,D00649,68540,Amiloride Hydrochloride,hsa:41,A8K1U5;P78348,1,missing_ligand_affinity_file
ion_channel,D00649,68540,Amiloride Hydrochloride,hsa:51802,Q9NY37,1,missing_ligand_affinity_file
ion_channel,D00649,68540,Amiloride Hydrochloride,hsa:5310,P98161,1,missing_ligand_affinity_file
ion_channel,D00649,68540,Amiloride Hydrochloride,hsa:55515,A0A8I5KPF5,1,missing_ligand_affinity_file
ion_channel,D00649,68540,Amiloride Hydrochloride,hsa:57192,Q9GZU1,1,missing_ligand_affinity_file
ion_channel,D00649,68540,Amiloride Hydrochloride,hsa:6337,P37088,1,missing_ligand_affinity_file
ion_channel,D00649,68540,Amiloride Hydrochloride,hsa:6338,B2R812;P51168,1,missing_ligand_affinity_file
ion_channel,D00649,68540,Amiloride Hydrochloride,hsa:6339,P51172,1,missing_ligand_affinity_file
ion_channel,D00649,68540,Amiloride Hydrochloride,hsa:6340,A5X2V1;P51170,1,missing_ligand_affinity_file
ion_channel,D00649,68540,Amiloride Hydrochloride,hsa:7225,Q9Y210,1,missing_ligand_affinity_file
ion_channel,D00649,68540,Amiloride Hydrochloride,hsa:8912,B3KQH9;O95180,1,missing_ligand_affinity_file
ion_channel,D00649,68540,Amiloride Hydrochloride,hsa:8913,O43497,1,missing_ligand_affinity_file
ion_channel,D00649,68540,Amiloride Hydrochloride,hsa:9311,Q9UHC3,1,missing_ligand_affinity_file
ion_channel,D00650,2315,Bendroflumethiazide,hsa:3778,Q12791,1,feature_complete
ion_channel,D00651,2343,Benzthiazide,hsa:3778,Q12791,1,feature_complete
ion_channel,D00654,3647,Hydroflumethiazide,hsa:3778,Q12791,1,feature_complete
ion_channel,D00656,4121,Methyclothiazide,hsa:3778,Q12791,1,feature_complete
ion_channel,D00658,5560,Trichlormethiazide,hsa:3778,Q12791,1,feature_complete
ion_channel,D00677,6918003,Granisetron hydrochloride (JAN/USP),hsa:170572,Q8WXA8,1,missing_uniprot_affinity_for_target
ion_channel,D00677,6918003,Granisetron hydrochloride (JAN/USP),hsa:200909,Q70Z44,1,missing_uniprot_affinity_for_target
ion_channel,D00677,6918003,Granisetron hydrochloride (JAN/USP),hsa:285242,A5X5Y0,1,missing_uniprot_affinity_for_target
ion_channel,D00677,6918003,Granisetron hydrochloride (JAN/USP),hsa:3359,B4E398;P46098,1,missing_uniprot_affinity_for_target
ion_channel,D00677,6918003,Granisetron hydrochloride (JAN/USP),hsa:9177,O95264,1,missing_uniprot_affinity_for_target
ion_channel,D00678,59774,Zofran,hsa:170572,Q8WXA8,1,missing_uniprot_affinity_for_target
ion_channel,D00678,59774,Zofran,hsa:200909,Q70Z44,1,missing_uniprot_affinity_for_target
ion_channel,D00678,59774,Zofran,hsa:285242,A5X5Y0,1,missing_uniprot_affinity_for_target
ion_channel,D00678,59774,Zofran,hsa:3359,B4E398;P46098,1,missing_uniprot_affinity_for_target
ion_channel,D00678,59774,Zofran,hsa:9177,O95264,1,missing_uniprot_affinity_for_target
ion_channel,D00694,23706210,Tranxilium,hsa:2554,A8K177;P14867,1,feature_complete
ion_channel,D00697,3373,Flumazenil,hsa:2554,A8K177;P14867,1,feature_complete
ion_channel,D00704,5281077,Ethchlorvynol,hsa:2554,A8K177;P14867,1,feature_complete
ion_channel,D00708,3292,Ethotoin,hsa:6331,Q14524,1,missing_uniprot_affinity_for_target
ion_channel,D00709,5284583,Levetiracetam,hsa:6323,P35498,1,missing_uniprot_affinity_for_target
ion_channel,D00709,5284583,Levetiracetam,hsa:8913,O43497,1,feature_complete
ion_channel,D00711,15851,Ketamine Hydrochloride,hsa:116443,Q8TCU5,1,missing_uniprot_affinity_for_target
ion_channel,D00711,15851,Ketamine Hydrochloride,hsa:116444,O60391;Q5F0I5,1,missing_uniprot_affinity_for_target
ion_channel,D00711,15851,Ketamine Hydrochloride,hsa:2554,A8K177;P14867,1,feature_complete
ion_channel,D00711,15851,Ketamine Hydrochloride,hsa:2555,P47869,1,missing_uniprot_affinity_for_target
ion_channel,D00711,15851,Ketamine Hydrochloride,hsa:2556,P34903,1,missing_uniprot_affinity_for_target
ion_channel,D00711,15851,Ketamine Hydrochloride,hsa:2557,P48169;X5D7F5,1,feature_complete
ion_channel,D00711,15851,Ketamine Hydrochloride,hsa:2558,P31644,1,feature_complete
ion_channel,D00711,15851,Ketamine Hydrochloride,hsa:2559,Q16445,1,missing_uniprot_affinity_for_target
ion_channel,D00711,15851,Ketamine Hydrochloride,hsa:2902,Q05586,1,feature_complete
ion_channel,D00711,15851,Ketamine Hydrochloride,hsa:2903,Q12879;Q547U9,1,feature_complete
ion_channel,D00711,15851,Ketamine Hydrochloride,hsa:2904,A0A8D9PHB2;Q13224,1,feature_complete
ion_channel,D00711,15851,Ketamine Hydrochloride,hsa:2905,A0A8D9PH81;O15398;Q14957,1,missing_uniprot_affinity_for_target
ion_channel,D00711,15851,Ketamine Hydrochloride,hsa:2906,O15399;Q59G17,1,missing_uniprot_affinity_for_target
ion_channel,D00726,4168,Metoclopramide,hsa:1134,P02708;Q53SH4,1,feature_complete
ion_channel,D00726,4168,Metoclopramide,hsa:1135,Q15822,1,feature_complete
ion_channel,D00726,4168,Metoclopramide,hsa:1136,P32297,1,missing_uniprot_affinity_for_target
ion_channel,D00726,4168,Metoclopramide,hsa:1137,B4DK78;P43681;Q59FV0,1,feature_complete
ion_channel,D00726,4168,Metoclopramide,hsa:1139,P36544,1,feature_complete
ion_channel,D00726,4168,Metoclopramide,hsa:1140,P11230,1,missing_uniprot_affinity_for_target
ion_channel,D00726,4168,Metoclopramide,hsa:1141,P17787;Q5SXY3,1,feature_complete
ion_channel,D00726,4168,Metoclopramide,hsa:1144,Q07001,1,missing_uniprot_affinity_for_target
ion_channel,D00726,4168,Metoclopramide,hsa:1145,Q04844,1,missing_uniprot_affinity_for_target
ion_channel,D00726,4168,Metoclopramide,hsa:285242,A5X5Y0,1,missing_uniprot_affinity_for_target
ion_channel,D00726,4168,Metoclopramide,hsa:3359,B4E398;P46098,1,missing_uniprot_affinity_for_target
ion_channel,D00726,4168,Metoclopramide,hsa:55584,Q9UGM1,1,feature_complete
ion_channel,D00726,4168,Metoclopramide,hsa:57053,Q9GZZ6,1,missing_uniprot_affinity_for_target
ion_channel,D00726,4168,Metoclopramide,hsa:8973,Q15825,1,missing_uniprot_affinity_for_target
ion_channel,D00726,4168,Metoclopramide,hsa:9177,O95264,1,missing_uniprot_affinity_for_target
ion_channel,D00732,441348,Chloroprocaine Hydrochloride,hsa:6323,P35498,1,missing_uniprot_affinity_for_target
ion_channel,D00732,441348,Chloroprocaine Hydrochloride,hsa:6326,Q99250,1,missing_uniprot_affinity_for_target
ion_channel,D00732,441348,Chloroprocaine Hydrochloride,hsa:6328,Q9C007;Q9NY46,1,missing_uniprot_affinity_for_target
ion_channel,D00732,441348,Chloroprocaine Hydrochloride,hsa:6329,P35499,1,missing_uniprot_affinity_for_target
ion_channel,D00732,441348,Chloroprocaine Hydrochloride,hsa:6331,Q14524,1,missing_uniprot_affinity_for_target
ion_channel,D00732,441348,Chloroprocaine Hydrochloride,hsa:6334,Q6B4S4;Q9UQD0,1,missing_uniprot_affinity_for_target
ion_channel,D00732,441348,Chloroprocaine Hydrochloride,hsa:6335,Q15858,1,missing_uniprot_affinity_for_target
ion_channel,D00732,441348,Chloroprocaine Hydrochloride,hsa:6336,Q9Y5Y9,1,missing_uniprot_affinity_for_target
ion_channel,D00732,441348,Chloroprocaine Hydrochloride,hsa:8645,O95279,1,missing_uniprot_affinity_for_target
ion_channel,D00733,3025,Dibucaine,hsa:6331,Q14524,1,missing_uniprot_affinity_for_target
ion_channel,D00733,3025,Dibucaine,hsa:6336,Q9Y5Y9,1,missing_uniprot_affinity_for_target
ion_channel,D00735,68304,Dyclonine Hydrochloride,hsa:6323,P35498,1,missing_uniprot_affinity_for_target
ion_channel,D00735,68304,Dyclonine Hydrochloride,hsa:6326,Q99250,1,missing_uniprot_affinity_for_target
ion_channel,D00735,68304,Dyclonine Hydrochloride,hsa:6328,Q9C007;Q9NY46,1,feature_complete
ion_channel,D00735,68304,Dyclonine Hydrochloride,hsa:6329,P35499,1,feature_complete
ion_channel,D00735,68304,Dyclonine Hydrochloride,hsa:6331,Q14524,1,feature_complete
ion_channel,D00735,68304,Dyclonine Hydrochloride,hsa:6334,Q6B4S4;Q9UQD0,1,missing_uniprot_affinity_for_target
ion_channel,D00735,68304,Dyclonine Hydrochloride,hsa:6335,Q15858,1,missing_uniprot_affinity_for_target
ion_channel,D00735,68304,Dyclonine Hydrochloride,hsa:6336,Q9Y5Y9,1,feature_complete
ion_channel,D00735,68304,Dyclonine Hydrochloride,hsa:8645,O95279,1,missing_uniprot_affinity_for_target
ion_channel,D00738,66070,Mepivacaine Hydrochloride,hsa:6323,P35498,1,missing_uniprot_affinity_for_target
ion_channel,D00738,66070,Mepivacaine Hydrochloride,hsa:6326,Q99250,1,missing_uniprot_affinity_for_target
ion_channel,D00738,66070,Mepivacaine Hydrochloride,hsa:6328,Q9C007;Q9NY46,1,missing_uniprot_affinity_for_target
ion_channel,D00738,66070,Mepivacaine Hydrochloride,hsa:6329,P35499,1,missing_uniprot_affinity_for_target
ion_channel,D00738,66070,Mepivacaine Hydrochloride,hsa:6331,Q14524,1,missing_uniprot_affinity_for_target
ion_channel,D00738,66070,Mepivacaine Hydrochloride,hsa:6334,Q6B4S4;Q9UQD0,1,missing_uniprot_affinity_for_target
ion_channel,D00738,66070,Mepivacaine Hydrochloride,hsa:6335,Q15858,1,missing_uniprot_affinity_for_target
ion_channel,D00738,66070,Mepivacaine Hydrochloride,hsa:6336,Q9Y5Y9,1,missing_uniprot_affinity_for_target
ion_channel,D00738,66070,Mepivacaine Hydrochloride,hsa:8645,O95279,1,missing_uniprot_affinity_for_target
ion_channel,D00739,73957,Pramoxine Hydrochloride,hsa:6323,P35498,1,missing_ligand_affinity_file
ion_channel,D00739,73957,Pramoxine Hydrochloride,hsa:6326,Q99250,1,missing_ligand_affinity_file
ion_channel,D00739,73957,Pramoxine Hydrochloride,hsa:6328,Q9C007;Q9NY46,1,missing_ligand_affinity_file
ion_channel,D00739,73957,Pramoxine Hydrochloride,hsa:6329,P35499,1,missing_ligand_affinity_file
ion_channel,D00739,73957,Pramoxine Hydrochloride,hsa:6331,Q14524,1,missing_ligand_affinity_file
ion_channel,D00739,73957,Pramoxine Hydrochloride,hsa:6334,Q6B4S4;Q9UQD0,1,missing_ligand_affinity_file
ion_channel,D00739,73957,Pramoxine Hydrochloride,hsa:6335,Q15858,1,missing_ligand_affinity_file
ion_channel,D00739,73957,Pramoxine Hydrochloride,hsa:6336,Q9Y5Y9,1,missing_ligand_affinity_file
ion_channel,D00739,73957,Pramoxine Hydrochloride,hsa:8645,O95279,1,missing_ligand_affinity_file
ion_channel,D00740,5795,Procaine Hydrochloride,hsa:6261,P21817,1,feature_complete
ion_channel,D00740,5795,Procaine Hydrochloride,hsa:6262,Q92736,1,feature_complete
ion_channel,D00740,5795,Procaine Hydrochloride,hsa:6263,Q15413,1,feature_complete
ion_channel,D00740,5795,Procaine Hydrochloride,hsa:6323,P35498,1,missing_uniprot_affinity_for_target
ion_channel,D00740,5795,Procaine Hydrochloride,hsa:6326,Q99250,1,missing_uniprot_affinity_for_target
ion_channel,D00740,5795,Procaine Hydrochloride,hsa:6328,Q9C007;Q9NY46,1,missing_uniprot_affinity_for_target
ion_channel,D00740,5795,Procaine Hydrochloride,hsa:6329,P35499,1,missing_uniprot_affinity_for_target
ion_channel,D00740,5795,Procaine Hydrochloride,hsa:6331,Q14524,1,missing_uniprot_affinity_for_target
ion_channel,D00740,5795,Procaine Hydrochloride,hsa:6334,Q6B4S4;Q9UQD0,1,missing_uniprot_affinity_for_target
ion_channel,D00740,5795,Procaine Hydrochloride,hsa:6335,Q15858,1,missing_uniprot_affinity_for_target
ion_channel,D00740,5795,Procaine Hydrochloride,hsa:6336,Q9Y5Y9,1,missing_uniprot_affinity_for_target
ion_channel,D00740,5795,Procaine Hydrochloride,hsa:8645,O95279,1,missing_uniprot_affinity_for_target
ion_channel,D00741,8695,Tetracaine Hydrochloride,hsa:6323,P35498,1,missing_uniprot_affinity_for_target
ion_channel,D00741,8695,Tetracaine Hydrochloride,hsa:6326,Q99250,1,missing_uniprot_affinity_for_target
ion_channel,D00741,8695,Tetracaine Hydrochloride,hsa:6328,Q9C007;Q9NY46,1,missing_uniprot_affinity_for_target
ion_channel,D00741,8695,Tetracaine Hydrochloride,hsa:6329,P35499,1,missing_uniprot_affinity_for_target
ion_channel,D00741,8695,Tetracaine Hydrochloride,hsa:6331,Q14524,1,missing_uniprot_affinity_for_target
ion_channel,D00741,8695,Tetracaine Hydrochloride,hsa:6334,Q6B4S4;Q9UQD0,1,missing_uniprot_affinity_for_target
ion_channel,D00741,8695,Tetracaine Hydrochloride,hsa:6335,Q15858,1,missing_uniprot_affinity_for_target
ion_channel,D00741,8695,Tetracaine Hydrochloride,hsa:6336,Q9Y5Y9,1,missing_uniprot_affinity_for_target
ion_channel,D00741,8695,Tetracaine Hydrochloride,hsa:8645,O95279,1,missing_uniprot_affinity_for_target
ion_channel,D00759,62886,Cisatracurium Besylate,hsa:1135,Q15822,1,missing_ligand_affinity_file
ion_channel,D00760,60168,Doxacurium chloride [VANDF],hsa:1135,Q15822,1,missing_ligand_affinity_file
ion_channel,D00761,24244,Metocurine Iodide,hsa:1135,Q15822,1,feature_complete
ion_channel,D00765,441351,Rocuronium Bromide,hsa:1135,Q15822,1,feature_complete
ion_channel,D00771,2733,Chlorzoxazone,hsa:3778,Q12791,1,feature_complete
ion_channel,D00775,5070,Riluzole,hsa:116443,Q8TCU5,1,missing_uniprot_affinity_for_target
ion_channel,D00775,5070,Riluzole,hsa:2890,P42261;Q59GL5,1,feature_complete
ion_channel,D00775,5070,Riluzole,hsa:2891,P42262,1,feature_complete
ion_channel,D00775,5070,Riluzole,hsa:2892,P42263;Q17R51,1,missing_uniprot_affinity_for_target
ion_channel,D00775,5070,Riluzole,hsa:2893,P48058;Q1WWK6,1,missing_uniprot_affinity_for_target
ion_channel,D00775,5070,Riluzole,hsa:2895,O43424,1,feature_complete
ion_channel,D00775,5070,Riluzole,hsa:2897,P39086,1,feature_complete
ion_channel,D00775,5070,Riluzole,hsa:2899,Q13003,1,missing_uniprot_affinity_for_target
ion_channel,D00775,5070,Riluzole,hsa:2900,A0A8D9PH79;B2RAP6;Q16099,1,missing_uniprot_affinity_for_target
ion_channel,D00775,5070,Riluzole,hsa:2901,Q16478,1,missing_uniprot_affinity_for_target
ion_channel,D00775,5070,Riluzole,hsa:51802,Q9NY37,1,missing_uniprot_affinity_for_target
ion_channel,D00775,5070,Riluzole,hsa:55515,A0A8I5KPF5,1,missing_uniprot_affinity_for_target
ion_channel,D00775,5070,Riluzole,hsa:55800,Q9NY72,1,feature_complete
ion_channel,D00775,5070,Riluzole,hsa:6324,Q07699,1,feature_complete
ion_channel,D00775,5070,Riluzole,hsa:6328,Q9C007;Q9NY46,1,missing_uniprot_affinity_for_target
ion_channel,D00775,5070,Riluzole,hsa:6329,P35499,1,missing_uniprot_affinity_for_target
ion_channel,D00775,5070,Riluzole,hsa:6330,B0YJ93;Q8IWT1,1,feature_complete
ion_channel,D00775,5070,Riluzole,hsa:6331,Q14524,1,missing_uniprot_affinity_for_target
ion_channel,D00775,5070,Riluzole,hsa:6332,Q01118,1,missing_uniprot_affinity_for_target
ion_channel,D00775,5070,Riluzole,hsa:6336,Q9Y5Y9,1,missing_uniprot_affinity_for_target
ion_channel,D00775,5070,Riluzole,hsa:6337,P37088,1,feature_complete
ion_channel,D00775,5070,Riluzole,hsa:6338,B2R812;P51168,1,feature_complete
ion_channel,D00775,5070,Riluzole,hsa:6339,P51172,1,missing_uniprot_affinity_for_target
ion_channel,D00775,5070,Riluzole,hsa:6340,A5X2V1;P51170,1,feature_complete
ion_channel,D00775,5070,Riluzole,hsa:9311,Q9UHC3,1,missing_uniprot_affinity_for_target
ion_channel,D00779,2381,Biperiden,hsa:1135,Q15822,1,feature_complete
ion_channel,D00791,67356,Fluphenazine Hydrochloride,hsa:3782,Q9UGI6,1,missing_ligand_affinity_file
ion_channel,D00798,66062,Thioridazine Hydrochloride,hsa:3763,P48051,1,missing_uniprot_affinity_for_target
ion_channel,D00799,66064,Trifluoperazine Hydrochloride,hsa:3781,Q9H2S1,1,missing_ligand_affinity_file
ion_channel,D00809,11065,Amitriptyline Hydrochloride,hsa:3781,Q9H2S1,1,feature_complete
ion_channel,D00809,11065,Amitriptyline Hydrochloride,hsa:3782,Q9UGI6,1,missing_uniprot_affinity_for_target
ion_channel,D00812,65327,Desipramine Hydrochloride,hsa:3782,Q9UGI6,1,missing_uniprot_affinity_for_target
ion_channel,D00816,441358,Nortriptyline Hydrochloride,hsa:3782,Q9UGI6,1,missing_uniprot_affinity_for_target
ion_channel,D00823,62857,Reconcile,hsa:3763,P48051,1,missing_uniprot_affinity_for_target
ion_channel,D00823,62857,Reconcile,hsa:3780,Q92952,1,missing_uniprot_affinity_for_target
ion_channel,D00823,62857,Reconcile,hsa:3781,Q9H2S1,1,feature_complete
ion_channel,D00823,62857,Reconcile,hsa:3782,Q9UGI6,1,missing_uniprot_affinity_for_target
ion_channel,D00831,65329,Mefloquine Hydrochloride,hsa:3784,P51787;Q96AI9,1,missing_uniprot_affinity_for_target
ion_channel,D00960,2187,Anastrozole,hsa:1141,P17787;Q5SXY3,1,feature_complete
ion_channel,D00963,60198,Exemestane,hsa:1141,P17787;Q5SXY3,1,feature_complete
ion_channel,D00964,3902,Letrozole,hsa:1141,P17787;Q5SXY3,1,feature_complete
ion_channel,D01071,3608,Hexobarbital,hsa:2554,A8K177;P14867,1,feature_complete
ion_channel,D01108,24843,Magnesium Sulfate Heptahydrate,hsa:775,Q13936,1,missing_ligand_affinity_file
ion_channel,D01108,24843,Magnesium Sulfate Heptahydrate,hsa:781,P54289,1,missing_ligand_affinity_file
ion_channel,D01108,24843,Magnesium Sulfate Heptahydrate,hsa:786,Q06432,1,missing_ligand_affinity_file
ion_channel,D01111,5311309,Nateglinide,hsa:3758,A8K432;P48048,1,missing_uniprot_affinity_for_target
ion_channel,D01118,122824,Ethopropazine Hydrochloride,hsa:116443,Q8TCU5,1,missing_uniprot_affinity_for_target
ion_channel,D01242,92163,Prilocaine Hydrochloride,hsa:3782,Q9UGI6,1,missing_uniprot_affinity_for_target
ion_channel,D01243,2789,Clobazam,hsa:6323,P35498,1,missing_uniprot_affinity_for_target
ion_channel,D01243,2789,Clobazam,hsa:6326,Q99250,1,missing_uniprot_affinity_for_target
ion_channel,D01243,2789,Clobazam,hsa:6328,Q9C007;Q9NY46,1,missing_uniprot_affinity_for_target
ion_channel,D01243,2789,Clobazam,hsa:6329,P35499,1,missing_uniprot_affinity_for_target
ion_channel,D01243,2789,Clobazam,hsa:6331,Q14524,1,missing_uniprot_affinity_for_target
ion_channel,D01243,2789,Clobazam,hsa:6334,Q6B4S4;Q9UQD0,1,missing_uniprot_affinity_for_target
ion_channel,D01243,2789,Clobazam,hsa:6335,Q15858,1,missing_uniprot_affinity_for_target
ion_channel,D01243,2789,Clobazam,hsa:6336,Q9Y5Y9,1,missing_uniprot_affinity_for_target
ion_channel,D01243,2789,Clobazam,hsa:8645,O95279,1,missing_uniprot_affinity_for_target
ion_channel,D01253,2910,Cyclothiazide,hsa:2554,A8K177;P14867,1,feature_complete
ion_channel,D01256,62770,Daunorubicin Hydrochloride,hsa:2891,P42262,1,feature_complete
ion_channel,D01256,62770,Daunorubicin Hydrochloride,hsa:3778,Q12791,1,feature_complete
ion_channel,D01275,158550,Atazanavir Sulfate,hsa:6261,P21817,1,feature_complete
ion_channel,D01275,158550,Atazanavir Sulfate,hsa:6262,Q92736,1,feature_complete
ion_channel,D01275,158550,Atazanavir Sulfate,hsa:6263,Q15413,1,feature_complete
ion_channel,D01287,9270,Ethynodiol Diacetate,hsa:6323,P35498,1,feature_complete
ion_channel,D01287,9270,Ethynodiol Diacetate,hsa:6326,Q99250,1,feature_complete
ion_channel,D01287,9270,Ethynodiol Diacetate,hsa:6328,Q9C007;Q9NY46,1,feature_complete
ion_channel,D01287,9270,Ethynodiol Diacetate,hsa:6329,P35499,1,feature_complete
ion_channel,D01287,9270,Ethynodiol Diacetate,hsa:6331,Q14524,1,feature_complete
ion_channel,D01287,9270,Ethynodiol Diacetate,hsa:6334,Q6B4S4;Q9UQD0,1,missing_uniprot_affinity_for_target
ion_channel,D01287,9270,Ethynodiol Diacetate,hsa:6335,Q15858,1,feature_complete
ion_channel,D01287,9270,Ethynodiol Diacetate,hsa:6336,Q9Y5Y9,1,feature_complete
ion_channel,D01287,9270,Ethynodiol Diacetate,hsa:8645,O95279,1,missing_uniprot_affinity_for_target
ion_channel,D01295,71405,Pirenzepine Hydrochloride,hsa:10369,Q9Y698,1,missing_ligand_affinity_file
ion_channel,D01295,71405,Pirenzepine Hydrochloride,hsa:27092,Q9UBN1,1,missing_ligand_affinity_file
ion_channel,D01295,71405,Pirenzepine Hydrochloride,hsa:3708,Q14643,1,missing_ligand_affinity_file
ion_channel,D01295,71405,Pirenzepine Hydrochloride,hsa:3710,A6H8K3;Q14573;Q59ES2,1,missing_ligand_affinity_file
ion_channel,D01295,71405,Pirenzepine Hydrochloride,hsa:5310,P98161,1,missing_ligand_affinity_file
ion_channel,D01295,71405,Pirenzepine Hydrochloride,hsa:55503,Q9H1D0,1,missing_ligand_affinity_file
ion_channel,D01295,71405,Pirenzepine Hydrochloride,hsa:55799,Q8IZS8,1,missing_ligand_affinity_file
ion_channel,D01295,71405,Pirenzepine Hydrochloride,hsa:59284,P62955,1,missing_ligand_affinity_file
ion_channel,D01295,71405,Pirenzepine Hydrochloride,hsa:6261,P21817,1,missing_ligand_affinity_file
ion_channel,D01295,71405,Pirenzepine Hydrochloride,hsa:6262,Q92736,1,missing_ligand_affinity_file
ion_channel,D01295,71405,Pirenzepine Hydrochloride,hsa:6263,Q15413,1,missing_ligand_affinity_file
ion_channel,D01295,71405,Pirenzepine Hydrochloride,hsa:773,O00555,1,missing_ligand_affinity_file
ion_channel,D01295,71405,Pirenzepine Hydrochloride,hsa:774,Q00975,1,missing_ligand_affinity_file
ion_channel,D01295,71405,Pirenzepine Hydrochloride,hsa:775,Q13936,1,missing_ligand_affinity_file
ion_channel,D01295,71405,Pirenzepine Hydrochloride,hsa:776,Q01668;Q59GD8,1,missing_ligand_affinity_file
ion_channel,D01295,71405,Pirenzepine Hydrochloride,hsa:777,Q15878;Q59FG1,1,missing_ligand_affinity_file
ion_channel,D01295,71405,Pirenzepine Hydrochloride,hsa:778,O60840,1,missing_ligand_affinity_file
ion_channel,D01295,71405,Pirenzepine Hydrochloride,hsa:779,Q13698,1,missing_ligand_affinity_file
ion_channel,D01295,71405,Pirenzepine Hydrochloride,hsa:781,P54289,1,missing_ligand_affinity_file
ion_channel,D01295,71405,Pirenzepine Hydrochloride,hsa:782,Q02641,1,missing_ligand_affinity_file
ion_channel,D01295,71405,Pirenzepine Hydrochloride,hsa:783,Q08289,1,missing_ligand_affinity_file
ion_channel,D01295,71405,Pirenzepine Hydrochloride,hsa:784,P54284,1,missing_ligand_affinity_file
ion_channel,D01295,71405,Pirenzepine Hydrochloride,hsa:785,O00305,1,missing_ligand_affinity_file
ion_channel,D01295,71405,Pirenzepine Hydrochloride,hsa:786,Q06432,1,missing_ligand_affinity_file
ion_channel,D01295,71405,Pirenzepine Hydrochloride,hsa:8911,Q9P0X4,1,missing_ligand_affinity_file
ion_channel,D01295,71405,Pirenzepine Hydrochloride,hsa:8912,B3KQH9;O95180,1,missing_ligand_affinity_file
ion_channel,D01295,71405,Pirenzepine Hydrochloride,hsa:8913,O43497,1,missing_ligand_affinity_file
ion_channel,D01295,71405,Pirenzepine Hydrochloride,hsa:8989,O75762,1,missing_ligand_affinity_file
ion_channel,D01295,71405,Pirenzepine Hydrochloride,hsa:9254,Q9NY47,1,missing_ligand_affinity_file
ion_channel,D01295,71405,Pirenzepine Hydrochloride,hsa:93589,Q7Z3S7,1,missing_ligand_affinity_file
ion_channel,D01350,5282415,Dinoprost Tromethamine,hsa:6261,P21817,1,feature_complete
ion_channel,D01350,5282415,Dinoprost Tromethamine,hsa:6262,Q92736,1,feature_complete
ion_channel,D01350,5282415,Dinoprost Tromethamine,hsa:6263,Q15413,1,feature_complete
ion_channel,D01448,5282419,"2-Piperidinecarboxamide, 1-butyl-N-(2,6-dimethylphenyl)-, hydrochloride, hydrate (1:1:1)",hsa:3781,Q9H2S1,1,missing_ligand_affinity_file
ion_channel,D01450,64119,Caffeine Monohydrate,hsa:3741,P22460,1,missing_uniprot_affinity_for_target
ion_channel,D01450,64119,Caffeine Monohydrate,hsa:3752,Q9UK17,1,feature_complete
ion_channel,D01450,64119,Caffeine Monohydrate,hsa:3763,P48051,1,missing_uniprot_affinity_for_target
ion_channel,D01450,64119,Caffeine Monohydrate,hsa:6323,P35498,1,feature_complete
ion_channel,D01450,64119,Caffeine Monohydrate,hsa:6326,Q99250,1,feature_complete
ion_channel,D01450,64119,Caffeine Monohydrate,hsa:6328,Q9C007;Q9NY46,1,feature_complete
ion_channel,D01450,64119,Caffeine Monohydrate,hsa:6329,P35499,1,feature_complete
ion_channel,D01450,64119,Caffeine Monohydrate,hsa:6331,Q14524,1,feature_complete
ion_channel,D01450,64119,Caffeine Monohydrate,hsa:6334,Q6B4S4;Q9UQD0,1,missing_uniprot_affinity_for_target
ion_channel,D01450,64119,Caffeine Monohydrate,hsa:6335,Q15858,1,feature_complete
ion_channel,D01450,64119,Caffeine Monohydrate,hsa:6336,Q9Y5Y9,1,feature_complete
ion_channel,D01450,64119,Caffeine Monohydrate,hsa:8645,O95279,1,missing_uniprot_affinity_for_target
ion_channel,D01453,27072,"2-Propanol, 1-(2-chloro-5-methylphenoxy)-3-((1,1-dimethylethyl)amino)-, hydrochloride (1:1)",hsa:1080,P13569,1,feature_complete
ion_channel,D01453,27072,"2-Propanol, 1-(2-chloro-5-methylphenoxy)-3-((1,1-dimethylethyl)amino)-, hydrochloride (1:1)",hsa:3783,O15554,1,feature_complete
ion_channel,D01453,27072,"2-Propanol, 1-(2-chloro-5-methylphenoxy)-3-((1,1-dimethylethyl)amino)-, hydrochloride (1:1)",hsa:6261,P21817,1,feature_complete
ion_channel,D01453,27072,"2-Propanol, 1-(2-chloro-5-methylphenoxy)-3-((1,1-dimethylethyl)amino)-, hydrochloride (1:1)",hsa:6262,Q92736,1,feature_complete
ion_channel,D01453,27072,"2-Propanol, 1-(2-chloro-5-methylphenoxy)-3-((1,1-dimethylethyl)amino)-, hydrochloride (1:1)",hsa:6263,Q15413,1,feature_complete
ion_channel,D01575,4888,Pranoprofen,hsa:3780,Q92952,1,missing_uniprot_affinity_for_target
ion_channel,D01599,8248,Batel,hsa:3767,B2RC52;Q14654,1,missing_ligand_affinity_file
ion_channel,D01603,65889,Apafant,hsa:6530,P23975,1,missing_uniprot_affinity_for_target
ion_channel,D01712,157313,Epinastine Hydrochloride,hsa:1080,P13569,1,feature_complete
ion_channel,D01712,157313,Epinastine Hydrochloride,hsa:3783,O15554,1,feature_complete
ion_channel,D01712,157313,Epinastine Hydrochloride,hsa:6261,P21817,1,feature_complete
ion_channel,D01712,157313,Epinastine Hydrochloride,hsa:6262,Q92736,1,feature_complete
ion_channel,D01712,157313,Epinastine Hydrochloride,hsa:6263,Q15413,1,feature_complete
ion_channel,D01768,6420040,Oxybuprocaine Hydrochloride,hsa:6336,Q9Y5Y9,1,missing_uniprot_affinity_for_target
ion_channel,D01799,71793,Glyclopyramide,hsa:3767,B2RC52;Q14654,1,feature_complete
ion_channel,D01828,2161,Amlexanox,hsa:6833,Q09428,1,missing_uniprot_affinity_for_target
ion_channel,D01854,6918235,Mitiglinide Calcium Hydrate,hsa:3767,B2RC52;Q14654,1,missing_ligand_affinity_file
ion_channel,D01969,119442,Gallopamil Hydrochloride,hsa:775,Q13936,1,missing_uniprot_affinity_for_target
ion_channel,D01969,119442,Gallopamil Hydrochloride,hsa:779,Q13698,1,feature_complete
ion_channel,D02041,656664,Tropisetron hydrochloride,hsa:170572,Q8WXA8,1,missing_uniprot_affinity_for_target
ion_channel,D02041,656664,Tropisetron hydrochloride,hsa:200909,Q70Z44,1,missing_uniprot_affinity_for_target
ion_channel,D02041,656664,Tropisetron hydrochloride,hsa:2741,P23415,1,feature_complete
ion_channel,D02041,656664,Tropisetron hydrochloride,hsa:2742,P23416,1,feature_complete
ion_channel,D02041,656664,Tropisetron hydrochloride,hsa:285242,A5X5Y0,1,missing_uniprot_affinity_for_target
ion_channel,D02041,656664,Tropisetron hydrochloride,hsa:3359,B4E398;P46098,1,missing_uniprot_affinity_for_target
ion_channel,D02041,656664,Tropisetron hydrochloride,hsa:8001,O75311;Q9UPF3,1,feature_complete
ion_channel,D02041,656664,Tropisetron hydrochloride,hsa:9177,O95264,1,missing_uniprot_affinity_for_target
ion_channel,D02086,6314,Lidocaine Hydrochloride,hsa:6323,P35498,1,missing_uniprot_affinity_for_target
ion_channel,D02086,6314,Lidocaine Hydrochloride,hsa:6326,Q99250,1,missing_uniprot_affinity_for_target
ion_channel,D02086,6314,Lidocaine Hydrochloride,hsa:6328,Q9C007;Q9NY46,1,missing_uniprot_affinity_for_target
ion_channel,D02086,6314,Lidocaine Hydrochloride,hsa:6329,P35499,1,missing_uniprot_affinity_for_target
ion_channel,D02086,6314,Lidocaine Hydrochloride,hsa:6331,Q14524,1,missing_uniprot_affinity_for_target
ion_channel,D02086,6314,Lidocaine Hydrochloride,hsa:6334,Q6B4S4;Q9UQD0,1,missing_uniprot_affinity_for_target
ion_channel,D02086,6314,Lidocaine Hydrochloride,hsa:6335,Q15858,1,missing_uniprot_affinity_for_target
ion_channel,D02086,6314,Lidocaine Hydrochloride,hsa:6336,Q9Y5Y9,1,missing_uniprot_affinity_for_target
ion_channel,D02086,6314,Lidocaine Hydrochloride,hsa:8645,O95279,1,missing_uniprot_affinity_for_target
ion_channel,D02087,34632,Ethmozine,hsa:6323,P35498,1,missing_uniprot_affinity_for_target
ion_channel,D02087,34632,Ethmozine,hsa:6326,Q99250,1,missing_uniprot_affinity_for_target
ion_channel,D02087,34632,Ethmozine,hsa:6328,Q9C007;Q9NY46,1,missing_uniprot_affinity_for_target
ion_channel,D02087,34632,Ethmozine,hsa:6329,P35499,1,missing_uniprot_affinity_for_target
ion_channel,D02087,34632,Ethmozine,hsa:6331,Q14524,1,missing_uniprot_affinity_for_target
ion_channel,D02087,34632,Ethmozine,hsa:6334,Q6B4S4;Q9UQD0,1,missing_uniprot_affinity_for_target
ion_channel,D02087,34632,Ethmozine,hsa:6335,Q15858,1,missing_uniprot_affinity_for_target
ion_channel,D02088,108173,Tocainide Hydrochloride,hsa:6323,P35498,1,missing_uniprot_affinity_for_target
ion_channel,D02088,108173,Tocainide Hydrochloride,hsa:6326,Q99250,1,missing_uniprot_affinity_for_target
ion_channel,D02088,108173,Tocainide Hydrochloride,hsa:6328,Q9C007;Q9NY46,1,feature_complete
ion_channel,D02088,108173,Tocainide Hydrochloride,hsa:6329,P35499,1,feature_complete
ion_channel,D02088,108173,Tocainide Hydrochloride,hsa:6331,Q14524,1,feature_complete
ion_channel,D02088,108173,Tocainide Hydrochloride,hsa:6334,Q6B4S4;Q9UQD0,1,missing_uniprot_affinity_for_target
ion_channel,D02088,108173,Tocainide Hydrochloride,hsa:6335,Q15858,1,missing_uniprot_affinity_for_target
ion_channel,D02092,656684,"Benzamide, 4-amino-5-chloro-N-[(3R,4S)-1-[3-(4-fluorophenoxy)propyl]-3-methoxy-4-piperidinyl]-2-methoxy-, hydrate (1:1), rel-",hsa:3757,Q12809;Q15BH2,1,missing_ligand_affinity_file
ion_channel,D02098,517321,Proparacaine Hydrochloride,hsa:6323,P35498,1,missing_uniprot_affinity_for_target
ion_channel,D02098,517321,Proparacaine Hydrochloride,hsa:6326,Q99250,1,missing_uniprot_affinity_for_target
ion_channel,D02098,517321,Proparacaine Hydrochloride,hsa:6328,Q9C007;Q9NY46,1,missing_uniprot_affinity_for_target
ion_channel,D02098,517321,Proparacaine Hydrochloride,hsa:6329,P35499,1,missing_uniprot_affinity_for_target
ion_channel,D02098,517321,Proparacaine Hydrochloride,hsa:6331,Q14524,1,missing_uniprot_affinity_for_target
ion_channel,D02098,517321,Proparacaine Hydrochloride,hsa:6334,Q6B4S4;Q9UQD0,1,missing_uniprot_affinity_for_target
ion_channel,D02098,517321,Proparacaine Hydrochloride,hsa:6335,Q15858,1,missing_uniprot_affinity_for_target
ion_channel,D02098,517321,Proparacaine Hydrochloride,hsa:6336,Q9Y5Y9,1,missing_uniprot_affinity_for_target
ion_channel,D02101,6321303,Codeine phosphate hemihydrate,hsa:1134,P02708;Q53SH4,1,missing_ligand_affinity_file
ion_channel,D02101,6321303,Codeine phosphate hemihydrate,hsa:1135,Q15822,1,missing_ligand_affinity_file
ion_channel,D02101,6321303,Codeine phosphate hemihydrate,hsa:1136,P32297,1,missing_ligand_affinity_file
ion_channel,D02101,6321303,Codeine phosphate hemihydrate,hsa:1137,B4DK78;P43681;Q59FV0,1,missing_ligand_affinity_file
ion_channel,D02101,6321303,Codeine phosphate hemihydrate,hsa:1138,P30532;Q6EWN4,1,missing_ligand_affinity_file
ion_channel,D02101,6321303,Codeine phosphate hemihydrate,hsa:1139,P36544,1,missing_ligand_affinity_file
ion_channel,D02101,6321303,Codeine phosphate hemihydrate,hsa:55584,Q9UGM1,1,missing_ligand_affinity_file
ion_channel,D02101,6321303,Codeine phosphate hemihydrate,hsa:57053,Q9GZZ6,1,missing_ligand_affinity_file
ion_channel,D02101,6321303,Codeine phosphate hemihydrate,hsa:8973,Q15825,1,missing_ligand_affinity_file
ion_channel,D02163,5282479,Fluphenazine Maleate,hsa:3782,Q9UGI6,1,missing_ligand_affinity_file
ion_channel,D02173,121587,Galantamine Hydrobromide,hsa:1134,P02708;Q53SH4,1,feature_complete
ion_channel,D02173,121587,Galantamine Hydrobromide,hsa:1135,Q15822,1,feature_complete
ion_channel,D02173,121587,Galantamine Hydrobromide,hsa:1136,P32297,1,missing_uniprot_affinity_for_target
ion_channel,D02173,121587,Galantamine Hydrobromide,hsa:1137,B4DK78;P43681;Q59FV0,1,feature_complete
ion_channel,D02173,121587,Galantamine Hydrobromide,hsa:1138,P30532;Q6EWN4,1,missing_uniprot_affinity_for_target
ion_channel,D02173,121587,Galantamine Hydrobromide,hsa:1139,P36544,1,feature_complete
ion_channel,D02173,121587,Galantamine Hydrobromide,hsa:55584,Q9UGM1,1,feature_complete
ion_channel,D02173,121587,Galantamine Hydrobromide,hsa:57053,Q9GZZ6,1,missing_uniprot_affinity_for_target
ion_channel,D02173,121587,Galantamine Hydrobromide,hsa:8973,Q15825,1,missing_uniprot_affinity_for_target
ion_channel,D02204,5938,,hsa:1134,P02708;Q53SH4,1,missing_pubchem_descriptor_row
ion_channel,D02204,5938,,hsa:1135,Q15822,1,missing_pubchem_descriptor_row
ion_channel,D02204,5938,,hsa:1136,P32297,1,missing_pubchem_descriptor_row
ion_channel,D02204,5938,,hsa:1137,B4DK78;P43681;Q59FV0,1,missing_pubchem_descriptor_row
ion_channel,D02204,5938,,hsa:1138,P30532;Q6EWN4,1,missing_pubchem_descriptor_row
ion_channel,D02204,5938,,hsa:1139,P36544,1,missing_pubchem_descriptor_row
ion_channel,D02204,5938,,hsa:55584,Q9UGM1,1,missing_pubchem_descriptor_row
ion_channel,D02204,5938,,hsa:57053,Q9GZZ6,1,missing_pubchem_descriptor_row
ion_channel,D02204,5938,,hsa:8973,Q15825,1,missing_pubchem_descriptor_row
ion_channel,D02207,23422,(+)-Tubocurarine chloride pentahydrate,hsa:1134,P02708;Q53SH4,1,missing_ligand_affinity_file
ion_channel,D02207,23422,(+)-Tubocurarine chloride pentahydrate,hsa:1135,Q15822,1,missing_ligand_affinity_file
ion_channel,D02207,23422,(+)-Tubocurarine chloride pentahydrate,hsa:1136,P32297,1,missing_ligand_affinity_file
ion_channel,D02207,23422,(+)-Tubocurarine chloride pentahydrate,hsa:1137,B4DK78;P43681;Q59FV0,1,missing_ligand_affinity_file
ion_channel,D02207,23422,(+)-Tubocurarine chloride pentahydrate,hsa:1138,P30532;Q6EWN4,1,missing_ligand_affinity_file
ion_channel,D02207,23422,(+)-Tubocurarine chloride pentahydrate,hsa:1139,P36544,1,missing_ligand_affinity_file
ion_channel,D02207,23422,(+)-Tubocurarine chloride pentahydrate,hsa:2554,A8K177;P14867,1,missing_ligand_affinity_file
ion_channel,D02207,23422,(+)-Tubocurarine chloride pentahydrate,hsa:2555,P47869,1,missing_ligand_affinity_file
ion_channel,D02207,23422,(+)-Tubocurarine chloride pentahydrate,hsa:2556,P34903,1,missing_ligand_affinity_file
ion_channel,D02207,23422,(+)-Tubocurarine chloride pentahydrate,hsa:2557,P48169;X5D7F5,1,missing_ligand_affinity_file
ion_channel,D02207,23422,(+)-Tubocurarine chloride pentahydrate,hsa:2558,P31644,1,missing_ligand_affinity_file
ion_channel,D02207,23422,(+)-Tubocurarine chloride pentahydrate,hsa:2559,Q16445,1,missing_ligand_affinity_file
ion_channel,D02207,23422,(+)-Tubocurarine chloride pentahydrate,hsa:3780,Q92952,1,missing_ligand_affinity_file
ion_channel,D02207,23422,(+)-Tubocurarine chloride pentahydrate,hsa:3781,Q9H2S1,1,missing_ligand_affinity_file
ion_channel,D02207,23422,(+)-Tubocurarine chloride pentahydrate,hsa:55584,Q9UGM1,1,missing_ligand_affinity_file
ion_channel,D02207,23422,(+)-Tubocurarine chloride pentahydrate,hsa:57053,Q9GZZ6,1,missing_ligand_affinity_file
ion_channel,D02207,23422,(+)-Tubocurarine chloride pentahydrate,hsa:8973,Q15825,1,missing_ligand_affinity_file
ion_channel,D02234,11954233,Cyproheptadine hydrochloride sesquihydrate,hsa:3781,Q9H2S1,1,missing_ligand_affinity_file
ion_channel,D02237,65328,Guanethidine Sulfate,hsa:6530,P23975,1,missing_ligand_affinity_file
ion_channel,D02253,656845,Pentobarbital Calcium,hsa:2554,A8K177;P14867,1,missing_ligand_affinity_file
ion_channel,D02253,656845,Pentobarbital Calcium,hsa:2555,P47869,1,missing_ligand_affinity_file
ion_channel,D02253,656845,Pentobarbital Calcium,hsa:2556,P34903,1,missing_ligand_affinity_file
ion_channel,D02253,656845,Pentobarbital Calcium,hsa:2557,P48169;X5D7F5,1,missing_ligand_affinity_file
ion_channel,D02253,656845,Pentobarbital Calcium,hsa:2558,P31644,1,missing_ligand_affinity_file
ion_channel,D02253,656845,Pentobarbital Calcium,hsa:2559,Q16445,1,missing_ligand_affinity_file
ion_channel,D02261,2723885,Quinine hydrochloride hydrate,hsa:3738,P22001,1,missing_ligand_affinity_file
ion_channel,D02261,2723885,Quinine hydrochloride hydrate,hsa:9312,Q92953,1,missing_ligand_affinity_file
ion_channel,D02262,61367,Quinine sulfate (USP),hsa:3738,P22001,1,missing_ligand_affinity_file
ion_channel,D02262,61367,Quinine sulfate (USP),hsa:9312,Q92953,1,missing_ligand_affinity_file
ion_channel,D02272,64640,Quinidine sulfate hydrate,hsa:27133,Q8NCM2,1,missing_ligand_affinity_file
ion_channel,D02272,64640,Quinidine sulfate hydrate,hsa:3739,P22459,1,missing_ligand_affinity_file
ion_channel,D02272,64640,Quinidine sulfate hydrate,hsa:3741,P22460,1,missing_ligand_affinity_file
ion_channel,D02272,64640,Quinidine sulfate hydrate,hsa:3743,Q96RP8,1,missing_ligand_affinity_file
ion_channel,D02272,64640,Quinidine sulfate hydrate,hsa:3756,O95259,1,missing_ligand_affinity_file
ion_channel,D02272,64640,Quinidine sulfate hydrate,hsa:3776,F6VUL8;O95069;Q6ZW95,1,missing_ligand_affinity_file
ion_channel,D02272,64640,Quinidine sulfate hydrate,hsa:54207,P57789,1,missing_ligand_affinity_file
ion_channel,D02272,64640,Quinidine sulfate hydrate,hsa:6323,P35498,1,missing_ligand_affinity_file
ion_channel,D02272,64640,Quinidine sulfate hydrate,hsa:6326,Q99250,1,missing_ligand_affinity_file
ion_channel,D02272,64640,Quinidine sulfate hydrate,hsa:6328,Q9C007;Q9NY46,1,missing_ligand_affinity_file
ion_channel,D02272,64640,Quinidine sulfate hydrate,hsa:6329,P35499,1,missing_ligand_affinity_file
ion_channel,D02272,64640,Quinidine sulfate hydrate,hsa:6331,Q14524,1,missing_ligand_affinity_file
ion_channel,D02272,64640,Quinidine sulfate hydrate,hsa:6334,Q6B4S4;Q9UQD0,1,missing_ligand_affinity_file
ion_channel,D02272,64640,Quinidine sulfate hydrate,hsa:6335,Q15858,1,missing_ligand_affinity_file
ion_channel,D02272,64640,Quinidine sulfate hydrate,hsa:83795,Q96T55,1,missing_ligand_affinity_file
ion_channel,D02272,64640,Quinidine sulfate hydrate,hsa:8645,O95279,1,missing_ligand_affinity_file
ion_channel,D02272,64640,Quinidine sulfate hydrate,hsa:9424,B2RDS2;Q9Y257,1,missing_ligand_affinity_file
ion_channel,D02347,6914273,Dantrolene,hsa:6261,P21817,1,feature_complete
ion_channel,D02356,2520,Verapamil,hsa:10008,Q6IAE6;Q9Y6H6,1,feature_complete
ion_channel,D02356,2520,Verapamil,hsa:10060,O60706,1,missing_uniprot_affinity_for_target
ion_channel,D02356,2520,Verapamil,hsa:10369,Q9Y698,1,missing_uniprot_affinity_for_target
ion_channel,D02356,2520,Verapamil,hsa:169522,Q8TDN2,1,missing_uniprot_affinity_for_target
ion_channel,D02356,2520,Verapamil,hsa:23630,Q9UJ90,1,missing_uniprot_affinity_for_target
ion_channel,D02356,2520,Verapamil,hsa:23704,Q8WWG9,1,missing_uniprot_affinity_for_target
ion_channel,D02356,2520,Verapamil,hsa:26251,Q9UJ96,1,missing_uniprot_affinity_for_target
ion_channel,D02356,2520,Verapamil,hsa:27012,Q6PIU1,1,missing_uniprot_affinity_for_target
ion_channel,D02356,2520,Verapamil,hsa:27092,Q9UBN1,1,missing_uniprot_affinity_for_target
ion_channel,D02356,2520,Verapamil,hsa:27094,Q9NPA1,1,missing_uniprot_affinity_for_target
ion_channel,D02356,2520,Verapamil,hsa:27133,Q8NCM2,1,missing_uniprot_affinity_for_target
ion_channel,D02356,2520,Verapamil,hsa:27345,Q86W47,1,feature_complete
ion_channel,D02356,2520,Verapamil,hsa:3708,Q14643,1,missing_uniprot_affinity_for_target
ion_channel,D02356,2520,Verapamil,hsa:3710,A6H8K3;Q14573;Q59ES2,1,missing_uniprot_affinity_for_target
ion_channel,D02356,2520,Verapamil,hsa:3736,Q09470,1,missing_uniprot_affinity_for_target
ion_channel,D02356,2520,Verapamil,hsa:3737,P16389,1,missing_uniprot_affinity_for_target
ion_channel,D02356,2520,Verapamil,hsa:3738,P22001,1,feature_complete
ion_channel,D02356,2520,Verapamil,hsa:3739,P22459,1,missing_uniprot_affinity_for_target
ion_channel,D02356,2520,Verapamil,hsa:3741,P22460,1,missing_uniprot_affinity_for_target
ion_channel,D02356,2520,Verapamil,hsa:3742,P17658,1,missing_uniprot_affinity_for_target
ion_channel,D02356,2520,Verapamil,hsa:3743,Q96RP8,1,missing_uniprot_affinity_for_target
ion_channel,D02356,2520,Verapamil,hsa:3744,Q16322,1,missing_uniprot_affinity_for_target
ion_channel,D02356,2520,Verapamil,hsa:3745,Q14721,1,feature_complete
ion_channel,D02356,2520,Verapamil,hsa:3746,P48547,1,feature_complete
ion_channel,D02356,2520,Verapamil,hsa:3747,Q96PR1,1,missing_uniprot_affinity_for_target
ion_channel,D02356,2520,Verapamil,hsa:3748,Q14003,1,missing_uniprot_affinity_for_target
ion_channel,D02356,2520,Verapamil,hsa:3749,Q03721,1,feature_complete
ion_channel,D02356,2520,Verapamil,hsa:3750,Q9NSA2,1,missing_uniprot_affinity_for_target
ion_channel,D02356,2520,Verapamil,hsa:3751,Q9NZV8,1,feature_complete
ion_channel,D02356,2520,Verapamil,hsa:3752,Q9UK17,1,feature_complete
ion_channel,D02356,2520,Verapamil,hsa:3753,C7S316;P15382;Q6FHJ6,1,feature_complete
ion_channel,D02356,2520,Verapamil,hsa:3754,Q9H3M0,1,missing_uniprot_affinity_for_target
ion_channel,D02356,2520,Verapamil,hsa:3755,Q86Y85;Q9UIX4,1,missing_uniprot_affinity_for_target
ion_channel,D02356,2520,Verapamil,hsa:3756,O95259,1,feature_complete
ion_channel,D02356,2520,Verapamil,hsa:3757,Q12809;Q15BH2,1,feature_complete
ion_channel,D02356,2520,Verapamil,hsa:3758,A8K432;P48048,1,missing_uniprot_affinity_for_target
ion_channel,D02356,2520,Verapamil,hsa:3759,P63252,1,feature_complete
ion_channel,D02356,2520,Verapamil,hsa:3760,P48549,1,missing_uniprot_affinity_for_target
ion_channel,D02356,2520,Verapamil,hsa:3761,P48050,1,feature_complete
ion_channel,D02356,2520,Verapamil,hsa:3762,A0A5J6E2W8;P48544,1,missing_uniprot_affinity_for_target
ion_channel,D02356,2520,Verapamil,hsa:3763,P48051,1,missing_uniprot_affinity_for_target
ion_channel,D02356,2520,Verapamil,hsa:3764,Q15842,1,missing_uniprot_affinity_for_target
ion_channel,D02356,2520,Verapamil,hsa:3765,Q92806,1,feature_complete
ion_channel,D02356,2520,Verapamil,hsa:3766,P78508,1,missing_uniprot_affinity_for_target
ion_channel,D02356,2520,Verapamil,hsa:3768,Q14500,1,missing_uniprot_affinity_for_target
ion_channel,D02356,2520,Verapamil,hsa:3769,O60928,1,missing_uniprot_affinity_for_target
ion_channel,D02356,2520,Verapamil,hsa:3772,Q99712,1,missing_uniprot_affinity_for_target
ion_channel,D02356,2520,Verapamil,hsa:3773,Q9NPI9,1,missing_uniprot_affinity_for_target
ion_channel,D02356,2520,Verapamil,hsa:3775,O00180,1,feature_complete
ion_channel,D02356,2520,Verapamil,hsa:3778,Q12791,1,feature_complete
ion_channel,D02356,2520,Verapamil,hsa:3779,Q16558,1,missing_uniprot_affinity_for_target
ion_channel,D02356,2520,Verapamil,hsa:3780,Q92952,1,missing_uniprot_affinity_for_target
ion_channel,D02356,2520,Verapamil,hsa:3781,Q9H2S1,1,feature_complete
ion_channel,D02356,2520,Verapamil,hsa:3782,Q9UGI6,1,missing_uniprot_affinity_for_target
ion_channel,D02356,2520,Verapamil,hsa:3783,O15554,1,feature_complete
ion_channel,D02356,2520,Verapamil,hsa:3784,P51787;Q96AI9,1,feature_complete
ion_channel,D02356,2520,Verapamil,hsa:3785,O43526,1,feature_complete
ion_channel,D02356,2520,Verapamil,hsa:3786,O43525,1,feature_complete
ion_channel,D02356,2520,Verapamil,hsa:3787,A2RUL8;Q96KK3,1,missing_uniprot_affinity_for_target
ion_channel,D02356,2520,Verapamil,hsa:3788,Q9ULS6,1,missing_uniprot_affinity_for_target
ion_channel,D02356,2520,Verapamil,hsa:3790,Q9BQ31,1,missing_uniprot_affinity_for_target
ion_channel,D02356,2520,Verapamil,hsa:50801,Q2YDA1;Q9NYG8,1,feature_complete
ion_channel,D02356,2520,Verapamil,hsa:51305,Q9NPC2,1,feature_complete
ion_channel,D02356,2520,Verapamil,hsa:51802,Q9NY37,1,missing_uniprot_affinity_for_target
ion_channel,D02356,2520,Verapamil,hsa:5310,P98161,1,feature_complete
ion_channel,D02356,2520,Verapamil,hsa:54207,P57789,1,feature_complete
ion_channel,D02356,2520,Verapamil,hsa:55503,Q9H1D0,1,feature_complete
ion_channel,D02356,2520,Verapamil,hsa:55515,A0A8I5KPF5,1,missing_uniprot_affinity_for_target
ion_channel,D02356,2520,Verapamil,hsa:55799,Q8IZS8,1,missing_uniprot_affinity_for_target
ion_channel,D02356,2520,Verapamil,hsa:55800,Q9NY72,1,feature_complete
ion_channel,D02356,2520,Verapamil,hsa:56479,Q9NR82,1,feature_complete
ion_channel,D02356,2520,Verapamil,hsa:56659,Q9HB14,1,missing_uniprot_affinity_for_target
ion_channel,D02356,2520,Verapamil,hsa:57657,Q9P1Z3,1,missing_uniprot_affinity_for_target
ion_channel,D02356,2520,Verapamil,hsa:59284,P62955,1,missing_uniprot_affinity_for_target
ion_channel,D02356,2520,Verapamil,hsa:60598,Q9H427,1,missing_uniprot_affinity_for_target
ion_channel,D02356,2520,Verapamil,hsa:6261,P21817,1,feature_complete
ion_channel,D02356,2520,Verapamil,hsa:6262,Q92736,1,feature_complete
ion_channel,D02356,2520,Verapamil,hsa:6263,Q15413,1,feature_complete
ion_channel,D02356,2520,Verapamil,hsa:6324,Q07699,1,feature_complete
ion_channel,D02356,2520,Verapamil,hsa:6328,Q9C007;Q9NY46,1,missing_uniprot_affinity_for_target
ion_channel,D02356,2520,Verapamil,hsa:6329,P35499,1,missing_uniprot_affinity_for_target
ion_channel,D02356,2520,Verapamil,hsa:6330,B0YJ93;Q8IWT1,1,feature_complete
ion_channel,D02356,2520,Verapamil,hsa:6331,Q14524,1,missing_uniprot_affinity_for_target
ion_channel,D02356,2520,Verapamil,hsa:6332,Q01118,1,missing_uniprot_affinity_for_target
ion_channel,D02356,2520,Verapamil,hsa:6336,Q9Y5Y9,1,missing_uniprot_affinity_for_target
ion_channel,D02356,2520,Verapamil,hsa:6337,P37088,1,feature_complete
ion_channel,D02356,2520,Verapamil,hsa:6338,B2R812;P51168,1,feature_complete
ion_channel,D02356,2520,Verapamil,hsa:6339,P51172,1,missing_uniprot_affinity_for_target
ion_channel,D02356,2520,Verapamil,hsa:6340,A5X2V1;P51170,1,feature_complete
ion_channel,D02356,2520,Verapamil,hsa:773,O00555,1,feature_complete
ion_channel,D02356,2520,Verapamil,hsa:774,Q00975,1,missing_uniprot_affinity_for_target
ion_channel,D02356,2520,Verapamil,hsa:775,Q13936,1,missing_uniprot_affinity_for_target
ion_channel,D02356,2520,Verapamil,hsa:776,Q01668;Q59GD8,1,feature_complete
ion_channel,D02356,2520,Verapamil,hsa:777,Q15878;Q59FG1,1,feature_complete
ion_channel,D02356,2520,Verapamil,hsa:778,O60840,1,missing_uniprot_affinity_for_target
ion_channel,D02356,2520,Verapamil,hsa:779,Q13698,1,feature_complete
ion_channel,D02356,2520,Verapamil,hsa:781,P54289,1,feature_complete
ion_channel,D02356,2520,Verapamil,hsa:782,Q02641,1,feature_complete
ion_channel,D02356,2520,Verapamil,hsa:783,Q08289,1,missing_uniprot_affinity_for_target
ion_channel,D02356,2520,Verapamil,hsa:784,P54284,1,feature_complete
ion_channel,D02356,2520,Verapamil,hsa:785,O00305,1,feature_complete
ion_channel,D02356,2520,Verapamil,hsa:786,Q06432,1,missing_uniprot_affinity_for_target
ion_channel,D02356,2520,Verapamil,hsa:7881,Q14722,1,missing_uniprot_affinity_for_target
ion_channel,D02356,2520,Verapamil,hsa:81033,B4DKC0;Q9H252,1,missing_uniprot_affinity_for_target
ion_channel,D02356,2520,Verapamil,hsa:83795,Q96T55,1,missing_uniprot_affinity_for_target
ion_channel,D02356,2520,Verapamil,hsa:8514,Q13303,1,feature_complete
ion_channel,D02356,2520,Verapamil,hsa:8645,O95279,1,missing_uniprot_affinity_for_target
ion_channel,D02356,2520,Verapamil,hsa:8911,Q9P0X4,1,missing_uniprot_affinity_for_target
ion_channel,D02356,2520,Verapamil,hsa:8912,B3KQH9;O95180,1,missing_uniprot_affinity_for_target
ion_channel,D02356,2520,Verapamil,hsa:8913,O43497,1,feature_complete
ion_channel,D02356,2520,Verapamil,hsa:89822,Q96T54,1,missing_uniprot_affinity_for_target
ion_channel,D02356,2520,Verapamil,hsa:8989,O75762,1,feature_complete
ion_channel,D02356,2520,Verapamil,hsa:90134,Q9NS40,1,missing_uniprot_affinity_for_target
ion_channel,D02356,2520,Verapamil,hsa:9132,B3KQH8;P56696,1,feature_complete
ion_channel,D02356,2520,Verapamil,hsa:9254,Q9NY47,1,missing_uniprot_affinity_for_target
ion_channel,D02356,2520,Verapamil,hsa:93107,Q32MC1;Q547S7;Q8TDN1,1,missing_uniprot_affinity_for_target
ion_channel,D02356,2520,Verapamil,hsa:9311,Q9UHC3,1,missing_uniprot_affinity_for_target
ion_channel,D02356,2520,Verapamil,hsa:9312,Q92953,1,missing_uniprot_affinity_for_target
ion_channel,D02356,2520,Verapamil,hsa:93589,Q7Z3S7,1,missing_uniprot_affinity_for_target
ion_channel,D02356,2520,Verapamil,hsa:9424,B2RDS2;Q9Y257,1,missing_uniprot_affinity_for_target
ion_channel,D02356,2520,Verapamil,hsa:9992,Q9Y6J6,1,feature_complete
ion_channel,D02360,68617,Sertraline,hsa:6532,B2R7Y7;P31645,1,feature_complete
ion_channel,D02362,43815,Paroxetine,hsa:6532,B2R7Y7;P31645,1,feature_complete
ion_channel,D02409,23669229,Sodium caffeine benzoate,hsa:1080,P13569,1,feature_complete
ion_channel,D02409,23669229,Sodium caffeine benzoate,hsa:3783,O15554,1,feature_complete
ion_channel,D02409,23669229,Sodium caffeine benzoate,hsa:6261,P21817,1,feature_complete
ion_channel,D02409,23669229,Sodium caffeine benzoate,hsa:6262,Q92736,1,feature_complete
ion_channel,D02409,23669229,Sodium caffeine benzoate,hsa:6263,Q15413,1,feature_complete
ion_channel,D02461,22502,"4-Thia-1-azabicyclo(3.2.0)heptane-2-carboxylic acid, 3,3-dimethyl-7-oxo-6-((phenylacetyl)amino)-(2S,5R,6R)-, compd. with 2-(diethylamino)ethyl 4-aminobenzoate, hydrate (1:1:1)",hsa:2554,A8K177;P14867,1,feature_complete
ion_channel,D02461,22502,"4-Thia-1-azabicyclo(3.2.0)heptane-2-carboxylic acid, 3,3-dimethyl-7-oxo-6-((phenylacetyl)amino)-(2S,5R,6R)-, compd. with 2-(diethylamino)ethyl 4-aminobenzoate, hydrate (1:1:1)",hsa:2555,P47869,1,missing_uniprot_affinity_for_target
ion_channel,D02461,22502,"4-Thia-1-azabicyclo(3.2.0)heptane-2-carboxylic acid, 3,3-dimethyl-7-oxo-6-((phenylacetyl)amino)-(2S,5R,6R)-, compd. with 2-(diethylamino)ethyl 4-aminobenzoate, hydrate (1:1:1)",hsa:2556,P34903,1,missing_uniprot_affinity_for_target
ion_channel,D02461,22502,"4-Thia-1-azabicyclo(3.2.0)heptane-2-carboxylic acid, 3,3-dimethyl-7-oxo-6-((phenylacetyl)amino)-(2S,5R,6R)-, compd. with 2-(diethylamino)ethyl 4-aminobenzoate, hydrate (1:1:1)",hsa:2557,P48169;X5D7F5,1,feature_complete
ion_channel,D02461,22502,"4-Thia-1-azabicyclo(3.2.0)heptane-2-carboxylic acid, 3,3-dimethyl-7-oxo-6-((phenylacetyl)amino)-(2S,5R,6R)-, compd. with 2-(diethylamino)ethyl 4-aminobenzoate, hydrate (1:1:1)",hsa:2558,P31644,1,feature_complete
ion_channel,D02461,22502,"4-Thia-1-azabicyclo(3.2.0)heptane-2-carboxylic acid, 3,3-dimethyl-7-oxo-6-((phenylacetyl)amino)-(2S,5R,6R)-, compd. with 2-(diethylamino)ethyl 4-aminobenzoate, hydrate (1:1:1)",hsa:2559,Q16445,1,missing_uniprot_affinity_for_target
ion_channel,D02485,37392,,hsa:3757,Q12809;Q15BH2,1,missing_pubchem_descriptor_row
ion_channel,D02546,11954253,Kainic acid monohydrate,hsa:2897,P39086,1,feature_complete
ion_channel,D02546,11954253,Kainic acid monohydrate,hsa:2898,A0A8D9PH75;A8K0H7;Q13002;Q8IY40,1,feature_complete
ion_channel,D02546,11954253,Kainic acid monohydrate,hsa:2899,Q13003,1,missing_uniprot_affinity_for_target
ion_channel,D02546,11954253,Kainic acid monohydrate,hsa:2900,A0A8D9PH79;B2RAP6;Q16099,1,missing_uniprot_affinity_for_target
ion_channel,D02546,11954253,Kainic acid monohydrate,hsa:2901,Q16478,1,missing_uniprot_affinity_for_target
ion_channel,D02566,4011,Maprotiline,hsa:6530,P23975,1,missing_uniprot_affinity_for_target
ion_channel,D02630,33630,Penfluridol,hsa:8911,Q9P0X4,1,missing_uniprot_affinity_for_target
ion_channel,D02630,33630,Penfluridol,hsa:8912,B3KQH9;O95180,1,missing_uniprot_affinity_for_target
ion_channel,D02630,33630,Penfluridol,hsa:8913,O43497,1,missing_uniprot_affinity_for_target
ion_channel,D02914,6435922,Amlodipine Maleate,hsa:773,O00555,1,missing_ligand_affinity_file
ion_channel,D02914,6435922,Amlodipine Maleate,hsa:775,Q13936,1,missing_ligand_affinity_file
ion_channel,D02914,6435922,Amlodipine Maleate,hsa:776,Q01668;Q59GD8,1,missing_ligand_affinity_file
ion_channel,D02914,6435922,Amlodipine Maleate,hsa:778,O60840,1,missing_ligand_affinity_file
ion_channel,D02914,6435922,Amlodipine Maleate,hsa:779,Q13698,1,missing_ligand_affinity_file
ion_channel,D03037,9571003,Azimilide Dihydrochloride,hsa:3784,P51787;Q96AI9,1,missing_ligand_affinity_file
ion_channel,D03180,2479,Butabarbital,hsa:2554,A8K177;P14867,1,feature_complete
ion_channel,D03274,156413,Canertinib Dihydrochloride,hsa:3781,Q9H2S1,1,missing_ligand_affinity_file
ion_channel,D03274,156413,Canertinib Dihydrochloride,hsa:3782,Q9UGI6,1,missing_ligand_affinity_file
ion_channel,D03365,11954344,Carvedilol Phosphate,hsa:1135,Q15822,1,missing_ligand_affinity_file
ion_channel,D03365,11954344,Carvedilol Phosphate,hsa:1136,P32297,1,missing_ligand_affinity_file
ion_channel,D03365,11954344,Carvedilol Phosphate,hsa:1141,P17787;Q5SXY3,1,missing_ligand_affinity_file
ion_channel,D03365,11954344,Carvedilol Phosphate,hsa:1145,Q04844,1,missing_ligand_affinity_file
ion_channel,D03365,11954344,Carvedilol Phosphate,hsa:3359,B4E398;P46098,1,missing_ligand_affinity_file
ion_channel,D03365,11954344,Carvedilol Phosphate,hsa:55584,Q9UGM1,1,missing_ligand_affinity_file
ion_channel,D03365,11954344,Carvedilol Phosphate,hsa:57053,Q9GZZ6,1,missing_ligand_affinity_file
ion_channel,D03365,11954344,Carvedilol Phosphate,hsa:8973,Q15825,1,missing_ligand_affinity_file
ion_channel,D03450,167446,Cicloprolol Hydrochloride,hsa:3783,O15554,1,missing_ligand_affinity_file
ion_channel,D03580,9859832,"1R-cis-3,3,5-trimethylcyclohexyl ester5-oxo-L-proline",hsa:1134,P02708;Q53SH4,1,feature_complete
ion_channel,D03580,9859832,"1R-cis-3,3,5-trimethylcyclohexyl ester5-oxo-L-proline",hsa:1135,Q15822,1,feature_complete
ion_channel,D03580,9859832,"1R-cis-3,3,5-trimethylcyclohexyl ester5-oxo-L-proline",hsa:1136,P32297,1,feature_complete
ion_channel,D03580,9859832,"1R-cis-3,3,5-trimethylcyclohexyl ester5-oxo-L-proline",hsa:1137,B4DK78;P43681;Q59FV0,1,feature_complete
ion_channel,D03580,9859832,"1R-cis-3,3,5-trimethylcyclohexyl ester5-oxo-L-proline",hsa:1138,P30532;Q6EWN4,1,missing_uniprot_affinity_for_target
ion_channel,D03580,9859832,"1R-cis-3,3,5-trimethylcyclohexyl ester5-oxo-L-proline",hsa:1139,P36544,1,feature_complete
ion_channel,D03580,9859832,"1R-cis-3,3,5-trimethylcyclohexyl ester5-oxo-L-proline",hsa:55584,Q9UGM1,1,feature_complete
ion_channel,D03580,9859832,"1R-cis-3,3,5-trimethylcyclohexyl ester5-oxo-L-proline",hsa:57053,Q9GZZ6,1,missing_uniprot_affinity_for_target
ion_channel,D03580,9859832,"1R-cis-3,3,5-trimethylcyclohexyl ester5-oxo-L-proline",hsa:8973,Q15825,1,missing_uniprot_affinity_for_target
ion_channel,D03742,5360696,Dextromethorphan,hsa:1135,Q15822,1,feature_complete
ion_channel,D03742,5360696,Dextromethorphan,hsa:116443,Q8TCU5,1,missing_uniprot_affinity_for_target
ion_channel,D03742,5360696,Dextromethorphan,hsa:6532,B2R7Y7;P31645,1,feature_complete
ion_channel,D03826,6419928,Physostigmine Sulfate,hsa:1134,P02708;Q53SH4,1,missing_ligand_affinity_file
ion_channel,D03826,6419928,Physostigmine Sulfate,hsa:1135,Q15822,1,missing_ligand_affinity_file
ion_channel,D03826,6419928,Physostigmine Sulfate,hsa:1136,P32297,1,missing_ligand_affinity_file
ion_channel,D03826,6419928,Physostigmine Sulfate,hsa:1137,B4DK78;P43681;Q59FV0,1,missing_ligand_affinity_file
ion_channel,D03826,6419928,Physostigmine Sulfate,hsa:1138,P30532;Q6EWN4,1,missing_ligand_affinity_file
ion_channel,D03826,6419928,Physostigmine Sulfate,hsa:1139,P36544,1,missing_ligand_affinity_file
ion_channel,D03826,6419928,Physostigmine Sulfate,hsa:55584,Q9UGM1,1,missing_ligand_affinity_file
ion_channel,D03826,6419928,Physostigmine Sulfate,hsa:57053,Q9GZZ6,1,missing_ligand_affinity_file
ion_channel,D03826,6419928,Physostigmine Sulfate,hsa:8973,Q15825,1,missing_ligand_affinity_file
ion_channel,D03830,3037122,Diltiazem Malate,hsa:3736,Q09470,1,missing_ligand_affinity_file
ion_channel,D03830,3037122,Diltiazem Malate,hsa:3737,P16389,1,missing_ligand_affinity_file
ion_channel,D03830,3037122,Diltiazem Malate,hsa:3738,P22001,1,missing_ligand_affinity_file
ion_channel,D03830,3037122,Diltiazem Malate,hsa:3741,P22460,1,missing_ligand_affinity_file
ion_channel,D03830,3037122,Diltiazem Malate,hsa:3746,P48547,1,missing_ligand_affinity_file
ion_channel,D03830,3037122,Diltiazem Malate,hsa:775,Q13936,1,missing_ligand_affinity_file
ion_channel,D03830,3037122,Diltiazem Malate,hsa:778,O60840,1,missing_ligand_affinity_file
ion_channel,D03830,3037122,Diltiazem Malate,hsa:779,Q13698,1,missing_ligand_affinity_file
ion_channel,D03878,6420042,Dizocilpine Maleate,hsa:116443,Q8TCU5,1,missing_uniprot_affinity_for_target
ion_channel,D03878,6420042,Dizocilpine Maleate,hsa:116444,O60391;Q5F0I5,1,missing_uniprot_affinity_for_target
ion_channel,D03878,6420042,Dizocilpine Maleate,hsa:2902,Q05586,1,feature_complete
ion_channel,D03878,6420042,Dizocilpine Maleate,hsa:2903,Q12879;Q547U9,1,feature_complete
ion_channel,D03878,6420042,Dizocilpine Maleate,hsa:2904,A0A8D9PHB2;Q13224,1,feature_complete
ion_channel,D03878,6420042,Dizocilpine Maleate,hsa:2905,A0A8D9PH81;O15398;Q14957,1,missing_uniprot_affinity_for_target
ion_channel,D03878,6420042,Dizocilpine Maleate,hsa:2906,O15399;Q59G17,1,missing_uniprot_affinity_for_target
ion_channel,D03878,6420042,Dizocilpine Maleate,hsa:3763,P48051,1,missing_uniprot_affinity_for_target
ion_channel,D03991,48040,Encainide Hydrochloride,hsa:6323,P35498,1,missing_uniprot_affinity_for_target
ion_channel,D03991,48040,Encainide Hydrochloride,hsa:6326,Q99250,1,missing_uniprot_affinity_for_target
ion_channel,D03991,48040,Encainide Hydrochloride,hsa:6328,Q9C007;Q9NY46,1,missing_uniprot_affinity_for_target
ion_channel,D03991,48040,Encainide Hydrochloride,hsa:6329,P35499,1,missing_uniprot_affinity_for_target
ion_channel,D03991,48040,Encainide Hydrochloride,hsa:6331,Q14524,1,missing_uniprot_affinity_for_target
ion_channel,D03991,48040,Encainide Hydrochloride,hsa:6334,Q6B4S4;Q9UQD0,1,missing_uniprot_affinity_for_target
ion_channel,D03991,48040,Encainide Hydrochloride,hsa:6335,Q15858,1,missing_uniprot_affinity_for_target
ion_channel,D04034,23724898,Chlorpromazine phenolphthalinate,hsa:3781,Q9H2S1,1,feature_complete
ion_channel,D04034,23724898,Chlorpromazine phenolphthalinate,hsa:3782,Q9UGI6,1,missing_uniprot_affinity_for_target
ion_channel,D04048,6918111,"(2S)-N-(2,6-dimethylphenyl)-1-propyl-2-piperidinecarboxamide hydrochloride monohydrate",hsa:6323,P35498,1,missing_ligand_affinity_file
ion_channel,D04048,6918111,"(2S)-N-(2,6-dimethylphenyl)-1-propyl-2-piperidinecarboxamide hydrochloride monohydrate",hsa:6326,Q99250,1,missing_ligand_affinity_file
ion_channel,D04048,6918111,"(2S)-N-(2,6-dimethylphenyl)-1-propyl-2-piperidinecarboxamide hydrochloride monohydrate",hsa:6328,Q9C007;Q9NY46,1,missing_ligand_affinity_file
ion_channel,D04048,6918111,"(2S)-N-(2,6-dimethylphenyl)-1-propyl-2-piperidinecarboxamide hydrochloride monohydrate",hsa:6329,P35499,1,missing_ligand_affinity_file
ion_channel,D04048,6918111,"(2S)-N-(2,6-dimethylphenyl)-1-propyl-2-piperidinecarboxamide hydrochloride monohydrate",hsa:6331,Q14524,1,missing_ligand_affinity_file
ion_channel,D04048,6918111,"(2S)-N-(2,6-dimethylphenyl)-1-propyl-2-piperidinecarboxamide hydrochloride monohydrate",hsa:6334,Q6B4S4;Q9UQD0,1,missing_ligand_affinity_file
ion_channel,D04048,6918111,"(2S)-N-(2,6-dimethylphenyl)-1-propyl-2-piperidinecarboxamide hydrochloride monohydrate",hsa:6335,Q15858,1,missing_ligand_affinity_file
ion_channel,D04048,6918111,"(2S)-N-(2,6-dimethylphenyl)-1-propyl-2-piperidinecarboxamide hydrochloride monohydrate",hsa:6336,Q9Y5Y9,1,missing_ligand_affinity_file
ion_channel,D04048,6918111,"(2S)-N-(2,6-dimethylphenyl)-1-propyl-2-piperidinecarboxamide hydrochloride monohydrate",hsa:8645,O95279,1,missing_ligand_affinity_file
ion_channel,D04370,5284566,Granisetron (JAN/USAN/INN),hsa:3359,B4E398;P46098,1,missing_uniprot_affinity_for_target
ion_channel,D04790,157920,Lubiprostone,hsa:1181,P51788,1,missing_uniprot_affinity_for_target
ion_channel,D04985,9034,Methohexital,hsa:2554,A8K177;P14867,1,feature_complete
ion_channel,D04999,4158,Methylphenidate,hsa:6530,P23975,1,missing_uniprot_affinity_for_target
ion_channel,D04999,4158,Methylphenidate,hsa:6531,Q01959,1,missing_uniprot_affinity_for_target
ion_channel,D05024,60662,Mibefradil Dihydrochloride,hsa:773,O00555,1,missing_ligand_affinity_file
ion_channel,D05024,60662,Mibefradil Dihydrochloride,hsa:777,Q15878;Q59FG1,1,missing_ligand_affinity_file
ion_channel,D05024,60662,Mibefradil Dihydrochloride,hsa:8911,Q9P0X4,1,missing_ligand_affinity_file
ion_channel,D05024,60662,Mibefradil Dihydrochloride,hsa:8912,B3KQH9;O95180,1,missing_ligand_affinity_file
ion_channel,D05024,60662,Mibefradil Dihydrochloride,hsa:8913,O43497,1,missing_ligand_affinity_file
ion_channel,D05077,34633,Moricizine,hsa:6331,Q14524,1,missing_uniprot_affinity_for_target
ion_channel,D05156,2735102,Nicotine Bitartrate,hsa:1134,P02708;Q53SH4,1,missing_ligand_affinity_file
ion_channel,D05156,2735102,Nicotine Bitartrate,hsa:1135,Q15822,1,missing_ligand_affinity_file
ion_channel,D05156,2735102,Nicotine Bitartrate,hsa:1136,P32297,1,missing_ligand_affinity_file
ion_channel,D05156,2735102,Nicotine Bitartrate,hsa:1137,B4DK78;P43681;Q59FV0,1,missing_ligand_affinity_file
ion_channel,D05156,2735102,Nicotine Bitartrate,hsa:1138,P30532;Q6EWN4,1,missing_ligand_affinity_file
ion_channel,D05156,2735102,Nicotine Bitartrate,hsa:1139,P36544,1,missing_ligand_affinity_file
ion_channel,D05156,2735102,Nicotine Bitartrate,hsa:3752,Q9UK17,1,missing_ligand_affinity_file
ion_channel,D05156,2735102,Nicotine Bitartrate,hsa:55584,Q9UGM1,1,missing_ligand_affinity_file
ion_channel,D05156,2735102,Nicotine Bitartrate,hsa:57053,Q9GZZ6,1,missing_ligand_affinity_file
ion_channel,D05156,2735102,Nicotine Bitartrate,hsa:8973,Q15825,1,missing_ligand_affinity_file
ion_channel,D05453,9795678,Phencyclidine Hydrochloride,hsa:1134,P02708;Q53SH4,1,missing_uniprot_affinity_for_target
ion_channel,D05453,9795678,Phencyclidine Hydrochloride,hsa:1135,Q15822,1,missing_uniprot_affinity_for_target
ion_channel,D05453,9795678,Phencyclidine Hydrochloride,hsa:1136,P32297,1,feature_complete
ion_channel,D05453,9795678,Phencyclidine Hydrochloride,hsa:1137,B4DK78;P43681;Q59FV0,1,feature_complete
ion_channel,D05453,9795678,Phencyclidine Hydrochloride,hsa:1138,P30532;Q6EWN4,1,missing_uniprot_affinity_for_target
ion_channel,D05453,9795678,Phencyclidine Hydrochloride,hsa:1139,P36544,1,feature_complete
ion_channel,D05453,9795678,Phencyclidine Hydrochloride,hsa:55584,Q9UGM1,1,feature_complete
ion_channel,D05453,9795678,Phencyclidine Hydrochloride,hsa:57053,Q9GZZ6,1,missing_uniprot_affinity_for_target
ion_channel,D05453,9795678,Phencyclidine Hydrochloride,hsa:8973,Q15825,1,missing_uniprot_affinity_for_target
ion_channel,D05453,9795678,Phencyclidine Hydrochloride,hsa:9312,Q92953,1,missing_uniprot_affinity_for_target
ion_channel,D05458,4771,Phentermine,hsa:6530,P23975,1,missing_uniprot_affinity_for_target
ion_channel,D05458,4771,Phentermine,hsa:6531,Q01959,1,missing_uniprot_affinity_for_target
ion_channel,D05461,23724987,"1-Ethyl-6-fluoro-4-oxo-7-piperazin-1-yl-1,8-naphthyridine-3-carboxylic acid;dihydrate",hsa:2554,A8K177;P14867,1,missing_ligand_affinity_file
ion_channel,D05461,23724987,"1-Ethyl-6-fluoro-4-oxo-7-piperazin-1-yl-1,8-naphthyridine-3-carboxylic acid;dihydrate",hsa:2555,P47869,1,missing_ligand_affinity_file
ion_channel,D05461,23724987,"1-Ethyl-6-fluoro-4-oxo-7-piperazin-1-yl-1,8-naphthyridine-3-carboxylic acid;dihydrate",hsa:2556,P34903,1,missing_ligand_affinity_file
ion_channel,D05461,23724987,"1-Ethyl-6-fluoro-4-oxo-7-piperazin-1-yl-1,8-naphthyridine-3-carboxylic acid;dihydrate",hsa:2557,P48169;X5D7F5,1,missing_ligand_affinity_file
ion_channel,D05461,23724987,"1-Ethyl-6-fluoro-4-oxo-7-piperazin-1-yl-1,8-naphthyridine-3-carboxylic acid;dihydrate",hsa:2558,P31644,1,missing_ligand_affinity_file
ion_channel,D05461,23724987,"1-Ethyl-6-fluoro-4-oxo-7-piperazin-1-yl-1,8-naphthyridine-3-carboxylic acid;dihydrate",hsa:2559,Q16445,1,missing_ligand_affinity_file
ion_channel,D06106,3032285,Thiamylal,hsa:2554,A8K177;P14867,1,feature_complete
ion_channel,D06172,38945,Tocainide,hsa:6331,Q14524,1,feature_complete
nuclear_receptor,D00040,5997,Cholesterol,hsa:6095,P35398,1,feature_complete
nuclear_receptor,D00066,5994,Progesterone,hsa:2099,G4XH65;P03372,1,feature_complete
nuclear_receptor,D00066,5994,Progesterone,hsa:5241,P06401,1,feature_complete
nuclear_receptor,D00067,5870,Estrone,hsa:2099,G4XH65;P03372,1,feature_complete
nuclear_receptor,D00075,6013,Testosterone,hsa:367,P10275;Q9NUA2,1,feature_complete
nuclear_receptor,D00088,5754,Cortisol,hsa:2908,F1D8N4;P04150,1,feature_complete
nuclear_receptor,D00094,444795,Retinoic Acid,hsa:190,F1D8P4;P51843,1,feature_complete
nuclear_receptor,D00094,444795,Retinoic Acid,hsa:5914,P10276;Q6I9R7,1,feature_complete
nuclear_receptor,D00094,444795,Retinoic Acid,hsa:5915,P10826,1,feature_complete
nuclear_receptor,D00094,444795,Retinoic Acid,hsa:5916,A8K3H3;P13631,1,feature_complete
nuclear_receptor,D00094,444795,Retinoic Acid,hsa:6096,A0A1L4FMK7;Q92753,1,missing_uniprot_affinity_for_target
nuclear_receptor,D00094,444795,Retinoic Acid,hsa:6097,P51449;Q6I9R9,1,feature_complete
nuclear_receptor,D00094,444795,Retinoic Acid,hsa:6256,F1D8Q5;P19793;Q6P3U7,1,feature_complete
nuclear_receptor,D00094,444795,Retinoic Acid,hsa:6257,P28702;Q5STP9,1,feature_complete
nuclear_receptor,D00094,444795,Retinoic Acid,hsa:6258,F1D8Q7;P48443,1,feature_complete
nuclear_receptor,D00105,5757,Estradiol,hsa:2099,G4XH65;P03372,1,feature_complete
nuclear_receptor,D00105,5757,Estradiol,hsa:2100,Q7LCB3;Q92731,1,feature_complete
nuclear_receptor,D00129,5280453,Calcitriol,hsa:7421,F1D8P8;P11473,1,feature_complete
nuclear_receptor,D00143,8955,Pregnenolone,hsa:8856,O75469,1,feature_complete
nuclear_receptor,D00163,10133,Chenodeoxycholic Acid,hsa:9971,Q96RI1,1,feature_complete
nuclear_receptor,D00182,6230,Norethindrone,hsa:5241,P06401,1,feature_complete
nuclear_receptor,D00187,5280793,Ergocalciferol,hsa:7421,F1D8P8;P11473,1,feature_complete
nuclear_receptor,D00188,5280795,Vitamin D3,hsa:7421,F1D8P8;P11473,1,feature_complete
nuclear_receptor,D00211,135398735,Rifampicin,hsa:8856,O75469,1,feature_complete
nuclear_receptor,D00246,5281004,Budesonide,hsa:2908,F1D8N4;P04150,1,feature_complete
nuclear_receptor,D00279,2796,Clofibrate,hsa:5465,F1D8S4;Q07869,1,feature_complete
nuclear_receptor,D00299,5311071,Dihydrotachysterol,hsa:7421,F1D8P8;P11473,1,feature_complete
nuclear_receptor,D00312,23667301,Estrone Sodium Sulfate,hsa:2099,G4XH65;P03372,1,feature_complete
nuclear_receptor,D00316,5282375,Etretinate,hsa:5914,P10276;Q6I9R7,1,feature_complete
nuclear_receptor,D00316,5282375,Etretinate,hsa:5915,P10826,1,feature_complete
nuclear_receptor,D00316,5282375,Etretinate,hsa:5916,A8K3H3;P13631,1,feature_complete
nuclear_receptor,D00316,5282375,Etretinate,hsa:6256,F1D8Q5;P19793;Q6P3U7,1,feature_complete
nuclear_receptor,D00316,5282375,Etretinate,hsa:6257,P28702;Q5STP9,1,feature_complete
nuclear_receptor,D00316,5282375,Etretinate,hsa:6258,F1D8Q7;P48443,1,feature_complete
nuclear_receptor,D00327,6446,Fluoxymesterone,hsa:2099,G4XH65;P03372,1,feature_complete
nuclear_receptor,D00327,6446,Fluoxymesterone,hsa:367,P10275;Q9NUA2,1,feature_complete
nuclear_receptor,D00348,5282379,Isotretinoin,hsa:5914,P10276;Q6I9R7,1,feature_complete
nuclear_receptor,D00443,5833,Spironolactone,hsa:4306,P08235,1,feature_complete
nuclear_receptor,D00462,5878,Oxandrolone,hsa:367,P10275;Q9NUA2,1,feature_complete
nuclear_receptor,D00506,4763,Phenobarbital,hsa:9970,Q14994,1,feature_complete
nuclear_receptor,D00554,5991,Ethinylestradiol,hsa:2099,G4XH65;P03372,1,feature_complete
nuclear_receptor,D00565,3339,Fenofibrate,hsa:5465,F1D8S4;Q07869,1,feature_complete
nuclear_receptor,D00577,448537,Diethylstilbestrol,hsa:2099,G4XH65;P03372,1,feature_complete
nuclear_receptor,D00577,448537,Diethylstilbestrol,hsa:2100,Q7LCB3;Q92731,1,feature_complete
nuclear_receptor,D00577,448537,Diethylstilbestrol,hsa:2101,P11474;Q569H8,1,feature_complete
nuclear_receptor,D00577,448537,Diethylstilbestrol,hsa:2103,A0A2R8Y491,1,missing_uniprot_affinity_for_target
nuclear_receptor,D00577,448537,Diethylstilbestrol,hsa:2104,F1D8R5;P62508,1,feature_complete
nuclear_receptor,D00585,55245,Mifepristone,hsa:2908,F1D8N4;P04150,1,feature_complete
nuclear_receptor,D00585,55245,Mifepristone,hsa:367,P10275;Q9NUA2,1,feature_complete
nuclear_receptor,D00585,55245,Mifepristone,hsa:4306,P08235,1,feature_complete
nuclear_receptor,D00585,55245,Mifepristone,hsa:5241,P06401,1,feature_complete
nuclear_receptor,D00586,3397,Flutamide,hsa:367,P10275;Q9NUA2,1,feature_complete
nuclear_receptor,D00596,5281055,Rosiglitazone Maleate,hsa:5468,P37231,1,feature_complete
nuclear_receptor,D00627,65999,Telmisartan,hsa:5468,P37231,1,feature_complete
nuclear_receptor,D00690,441336,Mometasone Furoate,hsa:5241,P06401,1,feature_complete
nuclear_receptor,D00730,2482,Butyl 4-aminobenzoate,hsa:8856,O75469,1,feature_complete
nuclear_receptor,D00898,667476,Dienestrol,hsa:2099,G4XH65;P03372,1,feature_complete
nuclear_receptor,D00930,5281104,Paricalcitol,hsa:7421,F1D8P8;P11473,1,feature_complete
nuclear_receptor,D00950,13109,Levonorgestrel,hsa:2099,G4XH65;P03372,1,feature_complete
nuclear_receptor,D00950,13109,Levonorgestrel,hsa:5241,P06401,1,feature_complete
nuclear_receptor,D00951,6279,Medroxyprogesterone Acetate,hsa:5241,P06401,1,feature_complete
nuclear_receptor,D00954,13109,Levonorgestrel,hsa:2099,G4XH65;P03372,1,feature_complete
nuclear_receptor,D00954,13109,Levonorgestrel,hsa:5241,P06401,1,feature_complete
nuclear_receptor,D00956,229455,Nandrolone Phenylpropionate,hsa:367,P10275;Q9NUA2,1,feature_complete
nuclear_receptor,D00961,2375,Bicalutamide,hsa:367,P10275;Q9NUA2,1,feature_complete
nuclear_receptor,D00962,6420009,Enclomiphene Citrate,hsa:2099,G4XH65;P03372,1,feature_complete
nuclear_receptor,D00965,4493,Nilutamide,hsa:367,P10275;Q9NUA2,1,feature_complete
nuclear_receptor,D01115,443872,Eplerenone,hsa:4306,P08235,1,feature_complete
nuclear_receptor,D01132,5381,Tazarotene,hsa:5914,P10276;Q6I9R7,1,feature_complete
nuclear_receptor,D01132,5381,Tazarotene,hsa:5915,P10826,1,feature_complete
nuclear_receptor,D01132,5381,Tazarotene,hsa:5916,A8K3H3;P13631,1,feature_complete
nuclear_receptor,D01132,5381,Tazarotene,hsa:6096,A0A1L4FMK7;Q92753,1,missing_uniprot_affinity_for_target
nuclear_receptor,D01132,5381,Tazarotene,hsa:6256,F1D8Q5;P19793;Q6P3U7,1,feature_complete
nuclear_receptor,D01132,5381,Tazarotene,hsa:6257,P28702;Q5STP9,1,feature_complete
nuclear_receptor,D01132,5381,Tazarotene,hsa:6258,F1D8Q7;P48443,1,feature_complete
nuclear_receptor,D01161,104741,Fulvestrant,hsa:2099,G4XH65;P03372,1,feature_complete
nuclear_receptor,D01161,104741,Fulvestrant,hsa:2100,Q7LCB3;Q92731,1,feature_complete
nuclear_receptor,D01217,60953,Capecitabine,hsa:5241,P06401,1,feature_complete
nuclear_receptor,D01294,1547484,Cinnarizine,hsa:2099,G4XH65;P03372,1,feature_complete
nuclear_receptor,D01294,1547484,Cinnarizine,hsa:5241,P06401,1,feature_complete
nuclear_receptor,D01387,5807,(+-)-Isoproterenol hydrochloride,hsa:2908,F1D8N4;P04150,1,feature_complete
nuclear_receptor,D01441,5282418,Trifluoperazine dimaleate,hsa:6095,P35398,1,missing_ligand_affinity_file
nuclear_receptor,D01689,5663,Vesnarinone,hsa:2908,F1D8N4;P04150,1,feature_complete
nuclear_receptor,D02217,54900,Raloxifene Hydrochloride,hsa:2099,G4XH65;P03372,1,feature_complete
nuclear_receptor,D02217,54900,Raloxifene Hydrochloride,hsa:2100,Q7LCB3;Q92731,1,feature_complete
nuclear_receptor,D02367,40973,Desogestrel,hsa:2099,G4XH65;P03372,1,feature_complete
nuclear_receptor,D02367,40973,Desogestrel,hsa:5241,P06401,1,feature_complete
nuclear_receptor,D04066,259331,Estramustine,hsa:2099,G4XH65;P03372,1,feature_complete
nuclear_receptor,D04066,259331,Estramustine,hsa:2100,Q7LCB3;Q92731,1,feature_complete
nuclear_receptor,D05341,985,Palmitic Acid,hsa:3174,Q14541,1,feature_complete
