category,kegg_drug,pubchem_cid,ligand_title,kegg_target,uniprot_id,target_uniprot_count,target_yamanishi_degree,ligand_yamanishi_degree,label,ligand_MolecularWeight,ligand_MonoisotopicMass,ligand_TPSA,ligand_Complexity,ligand_Charge,ligand_HBondDonorCount,ligand_HBondAcceptorCount,ligand_RotatableBondCount,ligand_HeavyAtomCount,ligand_IsotopeAtomCount,ligand_AtomStereoCount,ligand_DefinedAtomStereoCount,ligand_UndefinedAtomStereoCount,ligand_BondStereoCount,ligand_DefinedBondStereoCount,ligand_UndefinedBondStereoCount,ligand_CovalentUnitCount,ligand_Volume3D,ligand_FeatureCount3D,ligand_FeatureAcceptorCount3D,ligand_FeatureDonorCount3D,ligand_FeatureAnionCount3D,ligand_FeatureCationCount3D,ligand_FeatureRingCount3D,ligand_FeatureHydrophobeCount3D,ligand_ConformerModelRMSD3D,ligand_EffectiveRotorCount3D,ligand_ConformerCount3D,ligand_XLogP,ligand_MW,target_length,target_mass,target_degree_up,affinity,rank,total,inverted_rank,proportion
enzyme,D00002,5893,Nadide (JAN/USAN/INN),hsa:10,P11245,2,2,37,1,664.4,664.1169476,318,1130,1,8,18,11,44,0,8,8,0,0,0,0,1,449.3,26,11,6,0,4,5,0,2,13,10,-5.9,664.4,290,33571,3,-10.3354,6797,7051,254,0.9639767408878174
enzyme,D00002,5893,Nadide (JAN/USAN/INN),hsa:124,P07327,1,1,37,1,664.4,664.1169476,318,1130,1,8,18,11,44,0,8,8,0,0,0,0,1,449.3,26,11,6,0,4,5,0,2,13,10,-5.9,664.4,375,39859,0,-10.0473,6669,7051,382,0.9458232874769537
enzyme,D00002,5893,Nadide (JAN/USAN/INN),hsa:125,P00325,2,1,37,1,664.4,664.1169476,318,1130,1,8,18,11,44,0,8,8,0,0,0,0,1,449.3,26,11,6,0,4,5,0,2,13,10,-5.9,664.4,375,39835,1,-10.2189,6755,7051,296,0.9580201389873777
enzyme,D00002,5893,Nadide (JAN/USAN/INN),hsa:126,P00326,1,1,37,1,664.4,664.1169476,318,1130,1,8,18,11,44,0,8,8,0,0,0,0,1,449.3,26,11,6,0,4,5,0,2,13,10,-5.9,664.4,375,39868,1,-11.8248,7032,7051,19,0.9973053467593249
enzyme,D00002,5893,Nadide (JAN/USAN/INN),hsa:128,P11766,2,1,37,1,664.4,664.1169476,318,1130,1,8,18,11,44,0,8,8,0,0,0,0,1,449.3,26,11,6,0,4,5,0,2,13,10,-5.9,664.4,374,39724,0,-9.3788,6150,7051,901,0.8722167068500922
enzyme,D00002,5893,Nadide (JAN/USAN/INN),hsa:131,P40394,2,1,37,1,664.4,664.1169476,318,1130,1,8,18,11,44,0,8,8,0,0,0,0,1,449.3,26,11,6,0,4,5,0,2,13,10,-5.9,664.4,386,41481,0,-9.8542,6545,7051,506,0.9282371294851794
enzyme,D00002,5893,Nadide (JAN/USAN/INN),hsa:1725,P49366,1,1,37,1,664.4,664.1169476,318,1130,1,8,18,11,44,0,8,8,0,0,0,0,1,449.3,26,11,6,0,4,5,0,2,13,10,-5.9,664.4,369,40971,20,-8.1453,4448,7051,2603,0.6308325060275138
enzyme,D00002,5893,Nadide (JAN/USAN/INN),hsa:191,P23526,2,1,37,1,664.4,664.1169476,318,1130,1,8,18,11,44,0,8,8,0,0,0,0,1,449.3,26,11,6,0,4,5,0,2,13,10,-5.9,664.4,432,47716,3,-12.2837,7041,7051,10,0.9985817614522763
enzyme,D00002,5893,Nadide (JAN/USAN/INN),hsa:216,P00352,2,3,37,1,664.4,664.1169476,318,1130,1,8,18,11,44,0,8,8,0,0,0,0,1,449.3,26,11,6,0,4,5,0,2,13,10,-5.9,664.4,501,54862,3,-9.8074,6519,7051,532,0.9245497092610977
enzyme,D00002,5893,Nadide (JAN/USAN/INN),hsa:217,P05091,2,2,37,1,664.4,664.1169476,318,1130,1,8,18,11,44,0,8,8,0,0,0,0,1,449.3,26,11,6,0,4,5,0,2,13,10,-5.9,664.4,517,56381,0,-8.8135,5471,7051,1580,0.7759183094596511
enzyme,D00002,5893,Nadide (JAN/USAN/INN),hsa:2582,Q14376,2,1,37,1,664.4,664.1169476,318,1130,1,8,18,11,44,0,8,8,0,0,0,0,1,449.3,26,11,6,0,4,5,0,2,13,10,-5.9,664.4,348,38282,1,-10.9526,6954,7051,97,0.9862430860870799
enzyme,D00002,5893,Nadide (JAN/USAN/INN),hsa:2597,P04406,2,1,37,1,664.4,664.1169476,318,1130,1,8,18,11,44,0,8,8,0,0,0,0,1,449.3,26,11,6,0,4,5,0,2,13,10,-5.9,664.4,335,36053,30,-9.6127,6376,7051,675,0.9042688980286484
enzyme,D00002,5893,Nadide (JAN/USAN/INN),hsa:2746,P00367,2,2,37,1,664.4,664.1169476,318,1130,1,8,18,11,44,0,8,8,0,0,0,0,1,449.3,26,11,6,0,4,5,0,2,13,10,-5.9,664.4,558,61398,2,-9.3581,6128,7051,923,0.8690965820451
enzyme,D00002,5893,Nadide (JAN/USAN/INN),hsa:2936,P00390,2,3,37,1,664.4,664.1169476,318,1130,1,8,18,11,44,0,8,8,0,0,0,0,1,449.3,26,11,6,0,4,5,0,2,13,10,-5.9,664.4,522,56257,0,-11.2752,6999,7051,52,0.9926251595518366
enzyme,D00002,5893,Nadide (JAN/USAN/INN),hsa:3028,Q99714,2,1,37,1,664.4,664.1169476,318,1130,1,8,18,11,44,0,8,8,0,0,0,0,1,449.3,26,11,6,0,4,5,0,2,13,10,-5.9,664.4,261,26923,6,-10.0097,6649,7051,402,0.9429868103815062
enzyme,D00002,5893,Nadide (JAN/USAN/INN),hsa:3033,Q16836,2,1,37,1,664.4,664.1169476,318,1130,1,8,18,11,44,0,8,8,0,0,0,0,1,449.3,26,11,6,0,4,5,0,2,13,10,-5.9,664.4,314,34294,0,-9.9445,6619,7051,432,0.938732094738335
enzyme,D00002,5893,Nadide (JAN/USAN/INN),hsa:3292,P14061,1,1,37,1,664.4,664.1169476,318,1130,1,8,18,11,44,0,8,8,0,0,0,0,1,449.3,26,11,6,0,4,5,0,2,13,10,-5.9,664.4,328,34950,1,-11.1016,6976,7051,75,0.989363210892072
enzyme,D00002,5893,Nadide (JAN/USAN/INN),hsa:3295,P51659,3,1,37,1,664.4,664.1169476,318,1130,1,8,18,11,44,0,8,8,0,0,0,0,1,449.3,26,11,6,0,4,5,0,2,13,10,-5.9,664.4,736,79686,0,-11.0602,6968,7051,83,0.9882286200538931
enzyme,D00002,5893,Nadide (JAN/USAN/INN),hsa:349565,Q96T66,2,1,37,1,664.4,664.1169476,318,1130,1,8,18,11,44,0,8,8,0,0,0,0,1,449.3,26,11,6,0,4,5,0,2,13,10,-5.9,664.4,252,28322,0,-9.5349,6308,7051,743,0.8946248759041271
enzyme,D00002,5893,Nadide (JAN/USAN/INN),hsa:3615,P12268,2,2,37,1,664.4,664.1169476,318,1130,1,8,18,11,44,0,8,8,0,0,0,0,1,449.3,26,11,6,0,4,5,0,2,13,10,-5.9,664.4,514,55805,8,-9.5627,6327,7051,724,0.8973195291448022
enzyme,D00002,5893,Nadide (JAN/USAN/INN),hsa:3939,P00338,2,1,37,1,664.4,664.1169476,318,1130,1,8,18,11,44,0,8,8,0,0,0,0,1,449.3,26,11,6,0,4,5,0,2,13,10,-5.9,664.4,332,36689,7,-9.0129,5724,7051,1327,0.8117997447170614
enzyme,D00002,5893,Nadide (JAN/USAN/INN),hsa:3945,P07195,2,1,37,1,664.4,664.1169476,318,1130,1,8,18,11,44,0,8,8,0,0,0,0,1,449.3,26,11,6,0,4,5,0,2,13,10,-5.9,664.4,334,36638,9,-10.151,6723,7051,328,0.9534817756346617
enzyme,D00002,5893,Nadide (JAN/USAN/INN),hsa:4190,P40925,2,1,37,1,664.4,664.1169476,318,1130,1,8,18,11,44,0,8,8,0,0,0,0,1,449.3,26,11,6,0,4,5,0,2,13,10,-5.9,664.4,334,36426,1,-8.5589,5118,7051,1933,0.7258544887250036
enzyme,D00002,5893,Nadide (JAN/USAN/INN),hsa:4200,P23368,1,2,37,1,664.4,664.1169476,318,1130,1,8,18,11,44,0,8,8,0,0,0,0,1,449.3,26,11,6,0,4,5,0,2,13,10,-5.9,664.4,584,65444,0,-10.1396,6715,7051,336,0.9523471847964827
enzyme,D00002,5893,Nadide (JAN/USAN/INN),hsa:55811,Q96PN6,2,1,37,1,664.4,664.1169476,318,1130,1,8,18,11,44,0,8,8,0,0,0,0,1,449.3,26,11,6,0,4,5,0,2,13,10,-5.9,664.4,1610,187149,0,-8.7,5334,7051,1717,0.756488441355836
enzyme,D00002,5893,Nadide (JAN/USAN/INN),hsa:5860,P09417,2,1,37,1,664.4,664.1169476,318,1130,1,8,18,11,44,0,8,8,0,0,0,0,1,449.3,26,11,6,0,4,5,0,2,13,10,-5.9,664.4,244,25790,0,-9.9841,6634,7051,417,0.9408594525599205
enzyme,D00002,5893,Nadide (JAN/USAN/INN),hsa:64802,Q9HAN9,1,1,37,1,664.4,664.1169476,318,1130,1,8,18,11,44,0,8,8,0,0,0,0,1,449.3,26,11,6,0,4,5,0,2,13,10,-5.9,664.4,279,31932,17,-10.3266,6795,7051,256,0.9636930931782726
enzyme,D00002,5893,Nadide (JAN/USAN/INN),hsa:6652,Q00796,1,1,37,1,664.4,664.1169476,318,1130,1,8,18,11,44,0,8,8,0,0,0,0,1,449.3,26,11,6,0,4,5,0,2,13,10,-5.9,664.4,357,38325,1,-8.485,5001,7051,2050,0.7092610977166359
enzyme,D00007,33032,L-Glutamic Acid,hsa:2746,P00367,2,2,2,1,147.13,147.0531578,101,145,0,3,5,4,10,0,1,1,0,0,0,0,1,108.5,8,4,1,2,1,0,0,0.6,4,10,-3.7,147.13,558,61398,2,-4.9628,4958,7470,2512,0.6637215528781794
enzyme,D00014,124886,Glutathione,hsa:2936,P00390,2,3,2,1,307.33,307.0838064,160,389,0,6,8,9,20,0,2,2,0,0,0,0,1,222.1,12,6,3,2,1,0,0,1,11,10,-4.5,307.33,522,56257,0,-6.8161,7072,7383,311,0.957876202085873
enzyme,D00014,124886,Glutathione,hsa:2950,P09211,2,1,2,1,307.33,307.0838064,160,389,0,6,8,9,20,0,2,2,0,0,0,0,1,222.1,12,6,3,2,1,0,0,1,11,10,-4.5,307.33,210,23356,25,-5.315,3353,7383,4030,0.454151428958418
enzyme,D00018,54670067,L-Ascorbic Acid,hsa:5033,P13674,1,1,2,1,176.12,176.032088,107,232,0,4,6,2,12,0,2,2,0,0,0,0,1,120.9,8,3,4,0,0,1,0,0.6,2.4,9,-1.6,176.12,534,61049,2,-4.895,2694,7573,4879,0.3557374884457943
enzyme,D00021,6140,L-Phenylalanine,hsa:10056,Q9NSD9,1,1,6,1,165.19,165.0789786,63.3,153,0,2,3,3,12,0,1,1,0,0,0,0,1,132.1,6,2,1,1,1,1,0,0.6,3,10,-1.5,165.19,589,66116,3,-5.6094,4115,7470,3355,0.5508701472556894
enzyme,D00021,6140,L-Phenylalanine,hsa:10667,O95363,1,1,6,1,165.19,165.0789786,63.3,153,0,2,3,3,12,0,1,1,0,0,0,0,1,132.1,6,2,1,1,1,1,0,0.6,3,10,-1.5,165.19,451,52357,70,-7.2296,7396,7470,74,0.9900937081659973
enzyme,D00021,6140,L-Phenylalanine,hsa:2193,Q9Y285,2,1,6,1,165.19,165.0789786,63.3,153,0,2,3,3,12,0,1,1,0,0,0,0,1,132.1,6,2,1,1,1,1,0,0.6,3,10,-1.5,165.19,508,57564,5,-6.0015,5506,7470,1964,0.7370816599732263
enzyme,D00021,6140,L-Phenylalanine,hsa:5053,P00439,1,1,6,1,165.19,165.0789786,63.3,153,0,2,3,3,12,0,1,1,0,0,0,0,1,132.1,6,2,1,1,1,1,0,0.6,3,10,-1.5,165.19,452,51862,0,-5.9742,5418,7470,2052,0.7253012048192771
enzyme,D00021,6140,L-Phenylalanine,hsa:6898,P17735,2,2,6,1,165.19,165.0789786,63.3,153,0,2,3,3,12,0,1,1,0,0,0,0,1,132.1,6,2,1,1,1,1,0,0.6,3,10,-1.5,165.19,454,50399,6,-5.7111,4484,7470,2986,0.6002677376171353
enzyme,D00021,6140,L-Phenylalanine,hsa:7054,P07101,2,2,6,1,165.19,165.0789786,63.3,153,0,2,3,3,12,0,1,1,0,0,0,0,1,132.1,6,2,1,1,1,1,0,0.6,3,10,-1.5,165.19,528,58600,11,-7.2957,7420,7470,50,0.9933065595716198
enzyme,D00027,1174,Uracil,hsa:31,Q13085,1,3,2,1,112.09,112.0272774,58.2,161,0,2,2,0,8,0,0,0,0,0,0,0,1,81.1,5,2,2,0,0,1,0,0.4,0,1,-1.1,112.09,2346,265554,9,-4.3104,2767,7535,4768,0.3672196416721964
enzyme,D00029,171548,Biotin,hsa:5091,P11498,1,1,9,1,244.31,244.0881636,104,298,0,3,4,5,16,0,3,3,0,0,0,0,1,182.8,9,3,2,1,0,2,1,0.8,6,10,0.3,244.31,1178,129634,3,-6.2937,6107,7403,1296,0.8249358368229096
enzyme,D00029,171548,Biotin,hsa:5095,P05165,1,4,9,1,244.31,244.0881636,104,298,0,3,4,5,16,0,3,3,0,0,0,0,1,182.8,9,3,2,1,0,2,1,0.8,6,10,0.3,244.31,728,80059,2,-4.2792,550,7403,6853,0.07429420505200594
enzyme,D00029,171548,Biotin,hsa:56922,Q96RQ3,2,1,9,1,244.31,244.0881636,104,298,0,3,4,5,16,0,3,3,0,0,0,0,1,182.8,9,3,2,1,0,2,1,0.8,6,10,0.3,244.31,725,80473,2,-4.7474,1136,7403,6267,0.15345130352559774
enzyme,D00032,6274,L-Histidine,hsa:3035,P12081,1,1,3,1,155.15,155.0694765,92,151,0,3,4,3,11,0,1,1,0,0,0,0,1,117.2,8,2,2,1,2,1,0,0.6,3,10,-3.2,155.15,509,57411,1,-5.767,6896,7409,513,0.9307598866243758
enzyme,D00032,6274,L-Histidine,hsa:3067,P19113,1,1,3,1,155.15,155.0694765,92,151,0,3,4,3,11,0,1,1,0,0,0,0,1,117.2,8,2,2,1,2,1,0,0.6,3,10,-3.2,155.15,662,74141,1,-4.9011,3731,7409,3678,0.5035767310028344
enzyme,D00035,145742,L-Proline,hsa:2058,P07814,1,1,4,1,115.13,115.0633285,49.3,103,0,2,3,1,8,0,1,1,0,0,0,0,1,89,6,2,1,1,1,1,0,0.4,2,4,-2.5,115.13,1512,170591,7,-5.5532,7398,7473,75,0.9899638699317543
enzyme,D00035,145742,L-Proline,hsa:29920,Q96C36,2,1,4,1,115.13,115.0633285,49.3,103,0,2,3,1,8,0,1,1,0,0,0,0,1,89,6,2,1,1,1,1,0,0.4,2,4,-2.5,115.13,320,33637,0,-4.6498,5272,7473,2201,0.7054730362638834
enzyme,D00035,145742,L-Proline,hsa:5831,P32322,1,1,4,1,115.13,115.0633285,49.3,103,0,2,3,1,8,0,1,1,0,0,0,0,1,89,6,2,1,1,1,1,0,0.4,2,4,-2.5,115.13,319,33361,3,-3.8714,1623,7473,5850,0.21718185467683662
enzyme,D00036,936,Nicotinamide,hsa:683,Q10588,1,1,1,1,122.12,122.0480128,56,114,0,1,2,1,9,0,0,0,0,0,0,0,1,95.2,4,2,1,0,0,1,0,0.4,1,2,-0.4,122.12,318,35724,0,-5.4088,6117,7473,1356,0.8185467683661181
enzyme,D00037,311,Citric Acid,hsa:100,P00813,2,2,11,1,192.12,192.0270026,132,227,0,4,7,5,13,0,0,0,0,0,0,0,1,132.7,11,7,1,3,0,0,0,0.6,5,10,-1.7,192.12,363,40764,1,-5.5346,5327,7532,2205,0.7072490706319703
enzyme,D00037,311,Citric Acid,hsa:1360,P15086,1,1,11,1,192.12,192.0270026,132,227,0,4,7,5,13,0,0,0,0,0,0,0,1,132.7,11,7,1,3,0,0,0,0.6,5,10,-1.7,192.12,417,47368,1,-5.8364,6322,7532,1210,0.83935209771641
enzyme,D00037,311,Citric Acid,hsa:1431,O75390,1,1,11,1,192.12,192.0270026,132,227,0,4,7,5,13,0,0,0,0,0,0,0,1,132.7,11,7,1,3,0,0,0,0.6,5,10,-1.7,192.12,466,51712,0,-5.4882,5167,7532,2365,0.6860063728093467
enzyme,D00037,311,Citric Acid,hsa:231,P15121,1,12,11,1,192.12,192.0270026,132,227,0,4,7,5,13,0,0,0,0,0,0,0,1,132.7,11,7,1,3,0,0,0,0.6,5,10,-1.7,192.12,316,35853,1,-6.6748,7437,7532,95,0.9873871481678174
enzyme,D00037,311,Citric Acid,hsa:4191,P40926,3,1,11,1,192.12,192.0270026,132,227,0,4,7,5,13,0,0,0,0,0,0,0,1,132.7,11,7,1,3,0,0,0,0.6,5,10,-1.7,192.12,338,35503,0,-6.3448,7221,7532,311,0.9587095061072757
enzyme,D00037,311,Citric Acid,hsa:4282,P14174,2,1,11,1,192.12,192.0270026,132,227,0,4,7,5,13,0,0,0,0,0,0,0,1,132.7,11,7,1,3,0,0,0,0.6,5,10,-1.7,192.12,115,12476,5,-4.6482,1845,7532,5687,0.24495485926712693
enzyme,D00037,311,Citric Acid,hsa:635,Q93088,2,1,11,1,192.12,192.0270026,132,227,0,4,7,5,13,0,0,0,0,0,0,0,1,132.7,11,7,1,3,0,0,0,0.6,5,10,-1.7,192.12,406,44998,0,-5.761,6123,7532,1409,0.812931492299522
enzyme,D00037,311,Citric Acid,hsa:7371,Q9BZX2,1,1,11,1,192.12,192.0270026,132,227,0,4,7,5,13,0,0,0,0,0,0,0,1,132.7,11,7,1,3,0,0,0,0.6,5,10,-1.7,192.12,261,29299,2,-6.374,7246,7532,286,0.9620286776420606
enzyme,D00037,311,Citric Acid,hsa:8654,O76074,1,20,11,1,192.12,192.0270026,132,227,0,4,7,5,13,0,0,0,0,0,0,0,1,132.7,11,7,1,3,0,0,0,0.6,5,10,-1.7,192.12,875,99985,2,-5.5019,5216,7532,2316,0.6925119490175252
enzyme,D00037,311,Citric Acid,hsa:9955,Q9Y663,1,1,11,1,192.12,192.0270026,132,227,0,4,7,5,13,0,0,0,0,0,0,0,1,132.7,11,7,1,3,0,0,0,0.6,5,10,-1.7,192.12,406,44900,0,-5.8232,6294,7532,1238,0.8356346255974508
enzyme,D00038,243,Benzoic Acid,hsa:1610,P14920,2,2,2,1,122.12,122.0367794,37.3,103,0,1,2,1,9,0,0,0,0,0,0,0,1,98.2,4,2,0,1,0,1,0,0.4,1,2,1.9,122.12,347,39474,2,-6.2145,7128,7535,407,0.945985401459854
enzyme,D00038,243,Benzoic Acid,hsa:25824,P30044,1,4,2,1,122.12,122.0367794,37.3,103,0,1,2,1,9,0,0,0,0,0,0,0,1,98.2,4,2,0,1,0,1,0,0.4,1,2,1.9,122.12,214,22086,5,-4.9002,2763,7535,4772,0.36668878566688784
enzyme,D00039,6287,L-Valine,hsa:27034,Q9UKU7,1,2,7,1,117.15,117.0789786,63.3,90,0,2,3,2,8,0,1,1,0,0,0,0,1,94.4,6,2,1,1,1,0,1,0.4,2,8,-2.3,117.15,415,45070,1,-4.4815,4522,7473,2951,0.6051117355814265
enzyme,D00039,6287,L-Valine,hsa:5095,P05165,1,4,7,1,117.15,117.0789786,63.3,90,0,2,3,2,8,0,1,1,0,0,0,0,1,94.4,6,2,1,1,1,0,1,0.4,2,8,-2.3,117.15,728,80059,2,-3.2931,559,7473,6914,0.0748026227753245
enzyme,D00039,6287,L-Valine,hsa:586,P54687,1,3,7,1,117.15,117.0789786,63.3,90,0,2,3,2,8,0,1,1,0,0,0,0,1,94.4,6,2,1,1,1,0,1,0.4,2,8,-2.3,117.15,386,42966,8,-5.2791,7308,7473,165,0.9779205138498595
enzyme,D00041,6288,L-Threonine,hsa:5095,P05165,1,4,3,1,119.12,119.0582431,83.6,93,0,3,4,2,8,0,2,2,0,0,0,0,1,88.9,7,3,2,1,1,0,0,0.4,2,9,-2.9,119.12,728,80059,2,-3.2,512,7473,6961,0.06851331459922387
enzyme,D00041,6288,L-Threonine,hsa:6897,P26639,1,1,3,1,119.12,119.0582431,83.6,93,0,3,4,2,8,0,2,2,0,0,0,0,1,88.9,7,3,2,1,1,0,0,0.4,2,9,-2.9,119.12,723,83435,4,-4.4908,4810,7473,2663,0.6436504750434899
enzyme,D00043,5936,Diisopropyl Fluorophosphate,hsa:10747,O00187,1,2,51,1,184.15,184.0664595,35.5,144,0,0,4,4,11,0,0,0,0,0,0,0,1,134.5,3,1,0,0,0,0,2,0.6,4,10,1.2,184.15,686,75702,10,-4.647,4585,7473,2888,0.6135420848387528
enzyme,D00043,5936,Diisopropyl Fluorophosphate,hsa:11202,O60259,1,2,51,1,184.15,184.0664595,35.5,144,0,0,4,4,11,0,0,0,0,0,0,0,1,134.5,3,1,0,0,0,0,2,0.6,4,10,1.2,184.15,260,28048,13,-4.1967,2641,7473,4832,0.3534055934698247
enzyme,D00043,5936,Diisopropyl Fluorophosphate,hsa:1200,O14773,1,1,51,1,184.15,184.0664595,35.5,144,0,0,4,4,11,0,0,0,0,0,0,0,1,134.5,3,1,0,0,0,0,2,0.6,4,10,1.2,184.15,563,61248,15,-4.7136,4898,7473,2575,0.6554262009902315
enzyme,D00043,5936,Diisopropyl Fluorophosphate,hsa:1215,P23946,2,2,51,1,184.15,184.0664595,35.5,144,0,0,4,4,11,0,0,0,0,0,0,0,1,134.5,3,1,0,0,0,0,2,0.6,4,10,1.2,184.15,247,27325,0,-4.3445,3276,7473,4197,0.4383781613809715
enzyme,D00043,5936,Diisopropyl Fluorophosphate,hsa:1675,P00746,1,2,51,1,184.15,184.0664595,35.5,144,0,0,4,4,11,0,0,0,0,0,0,0,1,134.5,3,1,0,0,0,0,2,0.6,4,10,1.2,184.15,253,27033,0,-4.7157,4910,7473,2563,0.6570319818011509
enzyme,D00043,5936,Diisopropyl Fluorophosphate,hsa:1803,P27487,1,1,51,1,184.15,184.0664595,35.5,144,0,0,4,4,11,0,0,0,0,0,0,0,1,134.5,3,1,0,0,0,0,2,0.6,4,10,1.2,184.15,766,88279,14,-4.7467,5050,7473,2423,0.675766091261876
enzyme,D00043,5936,Diisopropyl Fluorophosphate,hsa:2098,P10768,2,2,51,1,184.15,184.0664595,35.5,144,0,0,4,4,11,0,0,0,0,0,0,0,1,134.5,3,1,0,0,0,0,2,0.6,4,10,1.2,184.15,282,31463,2,-4.7962,5241,7473,2232,0.7013247691690084
enzyme,D00043,5936,Diisopropyl Fluorophosphate,hsa:2155,P08709,1,3,51,1,184.15,184.0664595,35.5,144,0,0,4,4,11,0,0,0,0,0,0,0,1,134.5,3,1,0,0,0,0,2,0.6,4,10,1.2,184.15,466,51594,1,-4.3237,3195,7473,4278,0.42753914090726614
enzyme,D00043,5936,Diisopropyl Fluorophosphate,hsa:2158,P00740,1,3,51,1,184.15,184.0664595,35.5,144,0,0,4,4,11,0,0,0,0,0,0,0,1,134.5,3,1,0,0,0,0,2,0.6,4,10,1.2,184.15,461,51778,2,-3.3811,531,7473,6942,0.07105580088317945
enzyme,D00043,5936,Diisopropyl Fluorophosphate,hsa:2159,P00742,2,5,51,1,184.15,184.0664595,35.5,144,0,0,4,4,11,0,0,0,0,0,0,0,1,134.5,3,1,0,0,0,0,2,0.6,4,10,1.2,184.15,488,54732,3,-5.1081,6345,7473,1128,0.8490566037735849
enzyme,D00043,5936,Diisopropyl Fluorophosphate,hsa:2160,P03951,1,2,51,1,184.15,184.0664595,35.5,144,0,0,4,4,11,0,0,0,0,0,0,0,1,134.5,3,1,0,0,0,0,2,0.6,4,10,1.2,184.15,625,70109,2,-5.2416,6699,7473,774,0.8964271376957046
enzyme,D00043,5936,Diisopropyl Fluorophosphate,hsa:2161,P00748,2,2,51,1,184.15,184.0664595,35.5,144,0,0,4,4,11,0,0,0,0,0,0,0,1,134.5,3,1,0,0,0,0,2,0.6,4,10,1.2,184.15,615,67792,3,-4.5833,4327,7473,3146,0.5790177974039877
enzyme,D00043,5936,Diisopropyl Fluorophosphate,hsa:28972,Q9Y6A9,2,2,51,1,184.15,184.0664595,35.5,144,0,0,4,4,11,0,0,0,0,0,0,0,1,134.5,3,1,0,0,0,0,2,0.6,4,10,1.2,184.15,169,18298,2,-4.2346,2805,7473,4668,0.3753512645523886
enzyme,D00043,5936,Diisopropyl Fluorophosphate,hsa:3001,P12544,1,2,51,1,184.15,184.0664595,35.5,144,0,0,4,4,11,0,0,0,0,0,0,0,1,134.5,3,1,0,0,0,0,2,0.6,4,10,1.2,184.15,262,28999,0,-5.1047,6333,7473,1140,0.8474508229626656
enzyme,D00043,5936,Diisopropyl Fluorophosphate,hsa:3002,P10144,2,2,51,1,184.15,184.0664595,35.5,144,0,0,4,4,11,0,0,0,0,0,0,0,1,134.5,3,1,0,0,0,0,2,0.6,4,10,1.2,184.15,247,27716,2,-4.2955,3089,7473,4384,0.4133547437441456
enzyme,D00043,5936,Diisopropyl Fluorophosphate,hsa:354,P07288,2,2,51,1,184.15,184.0664595,35.5,144,0,0,4,4,11,0,0,0,0,0,0,0,1,134.5,3,1,0,0,0,0,2,0.6,4,10,1.2,184.15,261,28741,0,-4.8557,5480,7473,1993,0.733306570319818
enzyme,D00043,5936,Diisopropyl Fluorophosphate,hsa:3816,P06870,1,2,51,1,184.15,184.0664595,35.5,144,0,0,4,4,11,0,0,0,0,0,0,0,1,134.5,3,1,0,0,0,0,2,0.6,4,10,1.2,184.15,262,28890,0,-4.395,3506,7473,3967,0.4691556269235916
enzyme,D00043,5936,Diisopropyl Fluorophosphate,hsa:3817,P20151,2,2,51,1,184.15,184.0664595,35.5,144,0,0,4,4,11,0,0,0,0,0,0,0,1,134.5,3,1,0,0,0,0,2,0.6,4,10,1.2,184.15,261,28671,0,-4.4451,3724,7473,3749,0.49832731165529237
enzyme,D00043,5936,Diisopropyl Fluorophosphate,hsa:3818,P03952,2,2,51,1,184.15,184.0664595,35.5,144,0,0,4,4,11,0,0,0,0,0,0,0,1,134.5,3,1,0,0,0,0,2,0.6,4,10,1.2,184.15,638,71343,11,-5.4237,7068,7473,405,0.9458048976314734
enzyme,D00043,5936,Diisopropyl Fluorophosphate,hsa:43,P22303,1,23,51,1,184.15,184.0664595,35.5,144,0,0,4,4,11,0,0,0,0,0,0,0,1,134.5,3,1,0,0,0,0,2,0.6,4,10,1.2,184.15,614,67796,3,-5.5077,7182,7473,291,0.9610598153352068
enzyme,D00043,5936,Diisopropyl Fluorophosphate,hsa:5045,P09958,1,2,51,1,184.15,184.0664595,35.5,144,0,0,4,4,11,0,0,0,0,0,0,0,1,134.5,3,1,0,0,0,0,2,0.6,4,10,1.2,184.15,794,86678,7,-5.0085,6039,7473,1434,0.8081091930951425
enzyme,D00043,5936,Diisopropyl Fluorophosphate,hsa:5327,P00750,1,2,51,1,184.15,184.0664595,35.5,144,0,0,4,4,11,0,0,0,0,0,0,0,1,134.5,3,1,0,0,0,0,2,0.6,4,10,1.2,184.15,562,62917,1,-5.1239,6382,7473,1091,0.8540077612739194
enzyme,D00043,5936,Diisopropyl Fluorophosphate,hsa:5328,P00749,1,3,51,1,184.15,184.0664595,35.5,144,0,0,4,4,11,0,0,0,0,0,0,0,1,134.5,3,1,0,0,0,0,2,0.6,4,10,1.2,184.15,431,48523,5,-4.657,4640,7473,2833,0.6209019135554663
enzyme,D00043,5936,Diisopropyl Fluorophosphate,hsa:5340,P00747,1,3,51,1,184.15,184.0664595,35.5,144,0,0,4,4,11,0,0,0,0,0,0,0,1,134.5,3,1,0,0,0,0,2,0.6,4,10,1.2,184.15,810,90569,14,-5.2672,6758,7473,715,0.9043222266827244
enzyme,D00043,5936,Diisopropyl Fluorophosphate,hsa:5476,P10619,2,1,51,1,184.15,184.0664595,35.5,144,0,0,4,4,11,0,0,0,0,0,0,0,1,134.5,3,1,0,0,0,0,2,0.6,4,10,1.2,184.15,480,54466,0,-5.2248,6648,7473,825,0.8896025692492975
enzyme,D00043,5936,Diisopropyl Fluorophosphate,hsa:54878,Q6V1X1,2,1,51,1,184.15,184.0664595,35.5,144,0,0,4,4,11,0,0,0,0,0,0,0,1,134.5,3,1,0,0,0,0,2,0.6,4,10,1.2,184.15,898,103358,0,-5.7758,7391,7473,82,0.9890271644587181
enzyme,D00043,5936,Diisopropyl Fluorophosphate,hsa:5547,P42785,1,1,51,1,184.15,184.0664595,35.5,144,0,0,4,4,11,0,0,0,0,0,0,0,1,134.5,3,1,0,0,0,0,2,0.6,4,10,1.2,184.15,496,55800,1,-5.1788,6518,7473,955,0.8722066104643383
enzyme,D00043,5936,Diisopropyl Fluorophosphate,hsa:5550,P48147,2,2,51,1,184.15,184.0664595,35.5,144,0,0,4,4,11,0,0,0,0,0,0,0,1,134.5,3,1,0,0,0,0,2,0.6,4,10,1.2,184.15,710,80700,1,-5.0715,6233,7473,1240,0.8340693162050047
enzyme,D00043,5936,Diisopropyl Fluorophosphate,hsa:5646,P35030,2,2,51,1,184.15,184.0664595,35.5,144,0,0,4,4,11,0,0,0,0,0,0,0,1,134.5,3,1,0,0,0,0,2,0.6,4,10,1.2,184.15,304,32529,0,-4.4045,3559,7473,3914,0.4762478255051519
enzyme,D00043,5936,Diisopropyl Fluorophosphate,hsa:5650,P49862,2,2,51,1,184.15,184.0664595,35.5,144,0,0,4,4,11,0,0,0,0,0,0,0,1,134.5,3,1,0,0,0,0,2,0.6,4,10,1.2,184.15,253,27525,0,-4.3696,3402,7473,4071,0.45523885989562424
enzyme,D00043,5936,Diisopropyl Fluorophosphate,hsa:5651,P98073,1,2,51,1,184.15,184.0664595,35.5,144,0,0,4,4,11,0,0,0,0,0,0,0,1,134.5,3,1,0,0,0,0,2,0.6,4,10,1.2,184.15,1019,112935,0,-4.4556,3766,7473,3707,0.50394754449351
enzyme,D00043,5936,Diisopropyl Fluorophosphate,hsa:5657,P24158,1,2,51,1,184.15,184.0664595,35.5,144,0,0,4,4,11,0,0,0,0,0,0,0,1,134.5,3,1,0,0,0,0,2,0.6,4,10,1.2,184.15,256,27807,1,-4.7362,5005,7473,2468,0.6697444132209287
enzyme,D00043,5936,Diisopropyl Fluorophosphate,hsa:590,P06276,1,11,51,1,184.15,184.0664595,35.5,144,0,0,4,4,11,0,0,0,0,0,0,0,1,134.5,3,1,0,0,0,0,2,0.6,4,10,1.2,184.15,602,68418,11,-5.0509,6175,7473,1298,0.8263080422855613
enzyme,D00043,5936,Diisopropyl Fluorophosphate,hsa:64499,P20231,2,2,51,1,184.15,184.0664595,35.5,144,0,0,4,4,11,0,0,0,0,0,0,0,1,134.5,3,1,0,0,0,0,2,0.6,4,10,1.2,184.15,275,30651,0,-4.4553,3765,7473,3708,0.5038137294259334
enzyme,D00043,5936,Diisopropyl Fluorophosphate,hsa:6768,Q9Y5Y6,1,2,51,1,184.15,184.0664595,35.5,144,0,0,4,4,11,0,0,0,0,0,0,0,1,134.5,3,1,0,0,0,0,2,0.6,4,10,1.2,184.15,855,94770,0,-4.563,4239,7473,3234,0.567242071457246
enzyme,D00043,5936,Diisopropyl Fluorophosphate,hsa:8192,Q16740,1,2,51,1,184.15,184.0664595,35.5,144,0,0,4,4,11,0,0,0,0,0,0,0,1,134.5,3,1,0,0,0,0,2,0.6,4,10,1.2,184.15,277,30180,23,-4.2777,3010,7473,4463,0.40278335340559346
enzyme,D00043,5936,Diisopropyl Fluorophosphate,hsa:91039,Q86TI2,1,1,51,1,184.15,184.0664595,35.5,144,0,0,4,4,11,0,0,0,0,0,0,0,1,134.5,3,1,0,0,0,0,2,0.6,4,10,1.2,184.15,863,98263,21,-5.3241,6876,7473,597,0.9201124046567644
enzyme,D00049,938,Nicotinic Acid,hsa:23475,Q15274,3,1,2,1,123.11,123.0320284,50.2,114,0,1,3,1,9,0,0,0,0,0,0,0,1,94.6,5,3,0,1,0,1,0,0.4,1,2,0.4,123.11,297,30846,5,-4.5916,2771,7473,4702,0.3708015522547839
enzyme,D00049,938,Nicotinic Acid,hsa:4837,P40261,2,1,2,1,123.11,123.0320284,50.2,114,0,1,3,1,9,0,0,0,0,0,0,0,1,94.6,5,3,0,1,0,1,0,0.4,1,2,0.4,123.11,264,29574,0,-5.3396,6023,7473,1450,0.8059681520139168
enzyme,D00050,493570,Riboflavin,hsa:55312,Q969G6,2,1,2,1,376.4,376.1382844,155,680,0,5,7,5,27,0,3,3,0,0,0,0,1,273,16,7,6,0,0,3,0,0.8,5,10,-1.5,376.4,155,17623,3,-11.0514,7282,7283,1,0.999862693944803
enzyme,D00050,493570,Riboflavin,hsa:645,P30043,2,1,2,1,376.4,376.1382844,155,680,0,5,7,5,27,0,3,3,0,0,0,0,1,273,16,7,6,0,0,3,0,0.8,5,10,-1.5,376.4,206,22119,1,-7.5954,5477,7283,1806,0.7520252643141563
enzyme,D00052,6049,Ethylenediaminetetraacetic Acid,hsa:3416,P14735,1,1,3,1,292.24,292.0906655,156,315,0,4,10,11,20,0,0,0,0,0,0,0,1,211.7,14,8,0,4,2,0,0,1,11,10,-5.9,292.24,1019,117968,10,-6.7529,7409,7523,114,0.9848464708228101
enzyme,D00052,6049,Ethylenediaminetetraacetic Acid,hsa:4311,P08473,1,1,3,1,292.24,292.0906655,156,315,0,4,10,11,20,0,0,0,0,0,0,0,1,211.7,14,8,0,4,2,0,0,1,11,10,-5.9,292.24,750,85514,5,-6.2915,7066,7523,457,0.9392529575967035
enzyme,D00054,135398641,Inosine,hsa:4860,P00491,2,2,1,1,268.23,268.0807695,129,405,0,4,7,2,19,0,4,4,0,0,0,0,1,183.9,13,5,4,0,1,3,0,0.6,3,10,-1.3,268.23,289,32118,12,-7.3245,6282,7394,1112,0.8496077901000811
enzyme,D00055,967,Orotic Acid,hsa:1723,Q02127,1,2,1,1,156.1,156.0171066,95.5,268,0,3,4,1,11,0,0,0,0,0,0,0,1,106.5,8,4,2,1,0,1,0,0.4,1,2,-1.4,156.1,395,42867,2,-7.5378,7467,7470,3,0.9995983935742971
enzyme,D00065,6306,L-Isoleucine,hsa:36,P45954,2,1,8,1,131.17,131.0946287,63.3,103,0,2,3,3,9,0,2,2,0,0,0,0,1,106.1,7,2,1,1,1,0,2,0.6,3,10,-1.7,131.17,432,47485,0,-4.9406,5918,7473,1555,0.7919175699183728
enzyme,D00065,6306,L-Isoleucine,hsa:38,P24752,2,2,8,1,131.17,131.0946287,63.3,103,0,2,3,3,9,0,2,2,0,0,0,0,1,106.1,7,2,1,1,1,0,2,0.6,3,10,-1.7,131.17,427,45200,0,-4.5257,3905,7473,3568,0.5225478388866587
enzyme,D00065,6306,L-Isoleucine,hsa:5095,P05165,1,4,8,1,131.17,131.0946287,63.3,103,0,2,3,3,9,0,2,2,0,0,0,0,1,106.1,7,2,1,1,1,0,2,0.6,3,10,-1.7,131.17,728,80059,2,-3.4917,617,7473,6856,0.08256389669476782
enzyme,D00065,6306,L-Isoleucine,hsa:586,P54687,1,3,8,1,131.17,131.0946287,63.3,103,0,2,3,3,9,0,2,2,0,0,0,0,1,106.1,7,2,1,1,1,0,2,0.6,3,10,-1.7,131.17,386,42966,8,-5.1642,6695,7473,778,0.8958918774253981
enzyme,D00065,6306,L-Isoleucine,hsa:587,O15382,1,2,8,1,131.17,131.0946287,63.3,103,0,2,3,3,9,0,2,2,0,0,0,0,1,106.1,7,2,1,1,1,0,2,0.6,3,10,-1.7,131.17,392,44288,1,-4.963,6008,7473,1465,0.8039609260002676
enzyme,D00070,135398658,Folic Acid,hsa:8836,Q92820,1,1,2,1,441.4,441.1396814,209,767,0,6,10,9,32,0,1,1,0,0,0,0,1,320.4,18,7,4,2,2,3,0,1,10,10,-1.1,441.4,318,35964,1,-7.7376,3849,7346,3497,0.5239586169343861
enzyme,D00094,444795,Retinoic Acid,hsa:216,P00352,2,3,2,1,300.4,300.2089301,37.3,567,0,1,2,5,22,0,0,0,0,4,4,0,1,258.7,7,2,0,1,0,1,3,0.8,5.8,10,6.3,300.4,501,54862,3,-9.2901,7356,7523,167,0.9778014090123621
enzyme,D00094,444795,Retinoic Acid,hsa:8854,O94788,1,1,2,1,300.4,300.2089301,37.3,567,0,1,2,5,22,0,0,0,0,4,4,0,1,258.7,7,2,0,1,0,1,3,0.8,5.8,10,6.3,300.4,518,56724,0,-8.0998,6452,7523,1071,0.8576365811511365
enzyme,D00097,338,Salicylic Acid,hsa:239,P18054,1,8,11,1,138.12,138.031694,57.5,133,0,2,3,1,10,0,0,0,0,0,0,0,1,105.1,5,2,1,1,0,1,0,0.4,1,3,2.3,138.12,663,75694,2,-6.2009,6725,7535,810,0.8925016589250165
enzyme,D00097,338,Salicylic Acid,hsa:240,P09917,1,11,11,1,138.12,138.031694,57.5,133,0,2,3,1,10,0,0,0,0,0,0,0,1,105.1,5,2,1,1,0,1,0,0.4,1,3,2.3,138.12,674,77983,24,-6.406,7115,7535,420,0.9442601194426012
enzyme,D00097,338,Salicylic Acid,hsa:247,O15296,1,7,11,1,138.12,138.031694,57.5,133,0,2,3,1,10,0,0,0,0,0,0,0,1,105.1,5,2,1,1,0,1,0,0.4,1,3,2.3,138.12,676,75857,6,-5.6608,4900,7535,2635,0.6502986065029861
enzyme,D00097,338,Salicylic Acid,hsa:3551,O14920,1,3,11,1,138.12,138.031694,57.5,133,0,2,3,1,10,0,0,0,0,0,0,0,1,105.1,5,2,1,1,0,1,0,0.4,1,3,2.3,138.12,756,86564,25,-7.2763,7526,7535,9,0.9988055739880557
enzyme,D00097,338,Salicylic Acid,hsa:4048,P09960,2,8,11,1,138.12,138.031694,57.5,133,0,2,3,1,10,0,0,0,0,0,0,0,1,105.1,5,2,1,1,0,1,0,0.4,1,3,2.3,138.12,611,69285,1,-6.527,7249,7535,286,0.962043795620438
enzyme,D00097,338,Salicylic Acid,hsa:4353,P05164,1,5,11,1,138.12,138.031694,57.5,133,0,2,3,1,10,0,0,0,0,0,0,0,1,105.1,5,2,1,1,0,1,0,0.4,1,3,2.3,138.12,745,83869,3,-7.4258,7529,7535,6,0.9992037159920372
enzyme,D00097,338,Salicylic Acid,hsa:5742,P23219,1,61,11,1,138.12,138.031694,57.5,133,0,2,3,1,10,0,0,0,0,0,0,0,1,105.1,5,2,1,1,0,1,0,0.4,1,3,2.3,138.12,599,68686,4,-5.9622,6039,7535,1496,0.8014598540145985
enzyme,D00103,444305,L-Tartaric acid,hsa:51205,Q9NPH0,1,1,6,1,150.09,150.0164379,115,134,0,4,6,3,10,0,2,2,0,0,0,0,1,102,10,6,2,2,0,0,0,0.6,3,9,-1.9,150.09,428,48886,0,-5.2925,6283,7573,1290,0.8296579955103658
enzyme,D00103,444305,L-Tartaric acid,hsa:52,P24666,2,1,6,1,150.09,150.0164379,115,134,0,4,6,3,10,0,2,2,0,0,0,0,1,102,10,6,2,2,0,0,0,0.6,3,9,-1.9,150.09,158,18042,1,-4.9552,5050,7573,2523,0.6668427307539945
enzyme,D00103,444305,L-Tartaric acid,hsa:54,P13686,1,1,6,1,150.09,150.0164379,115,134,0,4,6,3,10,0,2,2,0,0,0,0,1,102,10,6,2,2,0,0,0,0.6,3,9,-1.9,150.09,325,36599,0,-4.4595,2935,7573,4638,0.38756107223029185
enzyme,D00103,444305,L-Tartaric acid,hsa:55,P15309,1,1,6,1,150.09,150.0164379,115,134,0,4,6,3,10,0,2,2,0,0,0,0,1,102,10,6,2,2,0,0,0,0.6,3,9,-1.9,150.09,386,44566,2,-5.2351,6113,7573,1460,0.8072098243760729
enzyme,D00109,2244,Aspirin,hsa:5742,P23219,1,61,2,1,180.16,180.0422587,63.6,212,0,1,4,3,13,0,0,0,0,0,0,0,1,136,5,3,0,1,0,1,0,0.6,3,10,1.2,180.16,599,68686,4,-6.6697,7144,7535,391,0.9481088254810882
enzyme,D00109,2244,Aspirin,hsa:5743,P35354,1,61,2,1,180.16,180.0422587,63.6,212,0,1,4,3,13,0,0,0,0,0,0,0,1,136,5,3,0,1,0,1,0,0.6,3,10,1.2,180.16,604,68996,1,-6.3441,6586,7535,949,0.8740544127405441
enzyme,D00118,156391,Naproxen,hsa:239,P18054,1,8,8,1,230.26,230.0942943,46.5,277,0,1,3,3,17,0,1,1,0,0,0,0,1,183.5,7,3,0,1,0,2,1,0.6,3,10,3.3,230.26,663,75694,2,-7.672,6446,7529,1083,0.856156196041971
enzyme,D00118,156391,Naproxen,hsa:240,P09917,1,11,8,1,230.26,230.0942943,46.5,277,0,1,3,3,17,0,1,1,0,0,0,0,1,183.5,7,3,0,1,0,2,1,0.6,3,10,3.3,230.26,674,77983,24,-7.5616,6258,7529,1271,0.8311860804887767
enzyme,D00118,156391,Naproxen,hsa:247,O15296,1,7,8,1,230.26,230.0942943,46.5,277,0,1,3,3,17,0,1,1,0,0,0,0,1,183.5,7,3,0,1,0,2,1,0.6,3,10,3.3,230.26,676,75857,6,-7.6186,6367,7529,1162,0.8456634347190862
enzyme,D00118,156391,Naproxen,hsa:4048,P09960,2,8,8,1,230.26,230.0942943,46.5,277,0,1,3,3,17,0,1,1,0,0,0,0,1,183.5,7,3,0,1,0,2,1,0.6,3,10,3.3,230.26,611,69285,1,-10.0563,7527,7529,2,0.9997343604728384
enzyme,D00118,156391,Naproxen,hsa:5742,P23219,1,61,8,1,230.26,230.0942943,46.5,277,0,1,3,3,17,0,1,1,0,0,0,0,1,183.5,7,3,0,1,0,2,1,0.6,3,10,3.3,230.26,599,68686,4,-7.7943,6607,7529,922,0.8775401779784832
enzyme,D00118,156391,Naproxen,hsa:5743,P35354,1,61,8,1,230.26,230.0942943,46.5,277,0,1,3,3,17,0,1,1,0,0,0,0,1,183.5,7,3,0,1,0,2,1,0.6,3,10,3.3,230.26,604,68996,1,-7.7024,6491,7529,1038,0.862133085403108
enzyme,D00120,1548887,Sulindac,hsa:3551,O14920,1,3,4,1,356.4,356.0882437,73.6,616,0,1,5,4,25,0,1,0,1,1,1,0,1,276.7,7,3,0,1,0,3,0,0.8,4,5,3.4,356.4,756,86564,25,-8.9466,6967,7387,420,0.9431433599566806
enzyme,D00120,1548887,Sulindac,hsa:5742,P23219,1,61,4,1,356.4,356.0882437,73.6,616,0,1,5,4,25,0,1,0,1,1,1,0,1,276.7,7,3,0,1,0,3,0,0.8,4,5,3.4,356.4,599,68686,4,-8.649,6739,7387,648,0.9122783267903073
enzyme,D00120,1548887,Sulindac,hsa:5743,P35354,1,61,4,1,356.4,356.0882437,73.6,616,0,1,5,4,25,0,1,0,1,1,1,0,1,276.7,7,3,0,1,0,3,0,0.8,4,5,3.4,356.4,604,68996,1,-8.6493,6740,7387,647,0.9124136997427914
enzyme,D00125,36462,Etoposide,hsa:7153,P11388,1,15,2,1,588.6,588.1842911,161,969,0,3,13,5,42,0,10,10,0,0,0,0,1,418,21,11,3,0,0,7,0,1,8,6,0.6,588.6,1531,174385,4,-9.8522,7066,7485,419,0.9440213760855043
enzyme,D00125,36462,Etoposide,hsa:7155,Q02880,1,15,2,1,588.6,588.1842911,161,969,0,3,13,5,42,0,10,10,0,0,0,0,1,418,21,11,3,0,0,7,0,1,8,6,0.6,588.6,1626,183267,1,-8.7411,5796,7485,1689,0.7743486973947896
enzyme,D00126,3672,"Ibuprofen, (+-)-",hsa:1559,P11712,1,25,8,1,206.28,206.1306798,37.3,203,0,1,2,4,15,0,1,0,1,0,0,0,1,172.2,6,2,0,1,0,1,2,0.6,4,8,3.5,206.28,490,55628,0,-6.6196,5600,7532,1932,0.7434944237918215
enzyme,D00126,3672,"Ibuprofen, (+-)-",hsa:239,P18054,1,8,8,1,206.28,206.1306798,37.3,203,0,1,2,4,15,0,1,0,1,0,0,0,1,172.2,6,2,0,1,0,1,2,0.6,4,8,3.5,206.28,663,75694,2,-7.2809,6870,7532,662,0.9121083377588953
enzyme,D00126,3672,"Ibuprofen, (+-)-",hsa:240,P09917,1,11,8,1,206.28,206.1306798,37.3,203,0,1,2,4,15,0,1,0,1,0,0,0,1,172.2,6,2,0,1,0,1,2,0.6,4,8,3.5,206.28,674,77983,24,-6.8192,6071,7532,1461,0.8060276155071694
enzyme,D00126,3672,"Ibuprofen, (+-)-",hsa:3906,P00709,1,4,8,1,206.28,206.1306798,37.3,203,0,1,2,4,15,0,1,0,1,0,0,0,1,172.2,6,2,0,1,0,1,2,0.6,4,8,3.5,206.28,142,16225,0,-5.0912,978,7532,6554,0.12984599044078599
enzyme,D00126,3672,"Ibuprofen, (+-)-",hsa:4048,P09960,2,8,8,1,206.28,206.1306798,37.3,203,0,1,2,4,15,0,1,0,1,0,0,0,1,172.2,6,2,0,1,0,1,2,0.6,4,8,3.5,206.28,611,69285,1,-8.8581,7523,7532,9,0.9988050982474774
enzyme,D00126,3672,"Ibuprofen, (+-)-",hsa:5742,P23219,1,61,8,1,206.28,206.1306798,37.3,203,0,1,2,4,15,0,1,0,1,0,0,0,1,172.2,6,2,0,1,0,1,2,0.6,4,8,3.5,206.28,599,68686,4,-7.5483,7122,7532,410,0.9455655868295274
enzyme,D00126,3672,"Ibuprofen, (+-)-",hsa:5743,P35354,1,61,8,1,206.28,206.1306798,37.3,203,0,1,2,4,15,0,1,0,1,0,0,0,1,172.2,6,2,0,1,0,1,2,0.6,4,8,3.5,206.28,604,68996,1,-7.1697,6718,7532,814,0.891927774827403
enzyme,D00127,54676228,Piroxicam,hsa:5742,P23219,1,61,2,1,331.3,331.0626771,108,611,0,2,6,2,23,0,0,0,0,0,0,0,1,241.7,9,4,2,0,0,3,0,0.6,3.2,10,3.1,331.3,599,68686,4,-7.9314,5335,7227,1892,0.7382039573820396
enzyme,D00127,54676228,Piroxicam,hsa:5743,P35354,1,61,2,1,331.3,331.0626771,108,611,0,2,6,2,23,0,0,0,0,0,0,0,1,241.7,9,4,2,0,0,3,0,0.6,3.2,10,3.1,331.3,604,68996,1,-9.3774,7071,7227,156,0.9784142797841427
enzyme,D00130,3059,Diflunisal,hsa:5742,P23219,1,61,2,1,250.2,250.0441504,57.5,311,0,2,5,2,18,0,0,0,0,0,0,0,1,182.7,6,2,1,1,0,2,0,0.6,2,6,4.4,250.2,599,68686,4,-8.0542,6235,7466,1231,0.83511920707206
enzyme,D00130,3059,Diflunisal,hsa:5743,P35354,1,61,2,1,250.2,250.0441504,57.5,311,0,2,5,2,18,0,0,0,0,0,0,0,1,182.7,6,2,1,1,0,2,0,0.6,2,6,4.4,250.2,604,68996,1,-8.3063,6652,7466,814,0.8909724082507366
enzyme,D00131,3117,Disulfiram,hsa:1571,P05181,1,23,10,1,296.5,296.0509333,121,201,0,0,4,7,16,0,0,0,0,0,0,0,1,225,2,2,0,0,0,0,0,0.8,9,10,3.9,296.5,493,56849,0,-4.9852,7175,7533,358,0.9524757732643038
enzyme,D00131,3117,Disulfiram,hsa:1621,P09172,1,2,10,1,296.5,296.0509333,121,201,0,0,4,7,16,0,0,0,0,0,0,0,1,225,2,2,0,0,0,0,0,0.8,9,10,3.9,296.5,617,69065,20,-4.1356,4788,7533,2745,0.6356033452807647
enzyme,D00131,3117,Disulfiram,hsa:216,P00352,2,3,10,1,296.5,296.0509333,121,201,0,0,4,7,16,0,0,0,0,0,0,0,1,225,2,2,0,0,0,0,0,0.8,9,10,3.9,296.5,501,54862,3,-5.0644,7264,7533,269,0.9642904553298819
enzyme,D00131,3117,Disulfiram,hsa:217,P05091,2,2,10,1,296.5,296.0509333,121,201,0,0,4,7,16,0,0,0,0,0,0,0,1,225,2,2,0,0,0,0,0,0.8,9,10,3.9,296.5,517,56381,0,-4.9245,7107,7533,426,0.9434488251692553
enzyme,D00131,3117,Disulfiram,hsa:218,P30838,2,1,10,1,296.5,296.0509333,121,201,0,0,4,7,16,0,0,0,0,0,0,0,1,225,2,2,0,0,0,0,0,0.8,9,10,3.9,296.5,453,50395,2,-4.45,6024,7533,1509,0.7996814018319395
enzyme,D00131,3117,Disulfiram,hsa:219,P30837,2,1,10,1,296.5,296.0509333,121,201,0,0,4,7,16,0,0,0,0,0,0,0,1,225,2,2,0,0,0,0,0,0.8,9,10,3.9,296.5,517,57249,0,-4.6801,6673,7533,860,0.8858356564449754
enzyme,D00131,3117,Disulfiram,hsa:223,P49189,1,1,10,1,296.5,296.0509333,121,201,0,0,4,7,16,0,0,0,0,0,0,0,1,225,2,2,0,0,0,0,0,0.8,9,10,3.9,296.5,494,53802,0,-4.8129,6942,7533,591,0.9215452011150936
enzyme,D00131,3117,Disulfiram,hsa:224,P51648,1,1,10,1,296.5,296.0509333,121,201,0,0,4,7,16,0,0,0,0,0,0,0,1,225,2,2,0,0,0,0,0,0.8,9,10,3.9,296.5,485,54848,0,-4.5651,6371,7533,1162,0.8457453869640249
enzyme,D00131,3117,Disulfiram,hsa:444,Q12797,1,1,10,1,296.5,296.0509333,121,201,0,0,4,7,16,0,0,0,0,0,0,0,1,225,2,2,0,0,0,0,0,0.8,9,10,3.9,296.5,758,85863,68,-4.4638,6070,7533,1463,0.8057878667197663
enzyme,D00131,3117,Disulfiram,hsa:501,P49419,1,1,10,1,296.5,296.0509333,121,201,0,0,4,7,16,0,0,0,0,0,0,0,1,225,2,2,0,0,0,0,0,0.8,9,10,3.9,296.5,539,58487,4,-4.5538,6340,7533,1193,0.8416301606265764
enzyme,D00132,3825,Ketoprofen,hsa:239,P18054,1,8,9,1,254.28,254.0942943,54.4,331,0,1,3,4,19,0,1,0,1,0,0,0,1,204,7,3,0,1,0,2,1,0.6,4,10,3.1,254.28,663,75694,2,-8.5066,6717,7525,808,0.892624584717608
enzyme,D00132,3825,Ketoprofen,hsa:240,P09917,1,11,9,1,254.28,254.0942943,54.4,331,0,1,3,4,19,0,1,0,1,0,0,0,1,204,7,3,0,1,0,2,1,0.6,4,10,3.1,254.28,674,77983,24,-8.3502,6506,7525,1019,0.8645847176079734
enzyme,D00132,3825,Ketoprofen,hsa:247,O15296,1,7,9,1,254.28,254.0942943,54.4,331,0,1,3,4,19,0,1,0,1,0,0,0,1,204,7,3,0,1,0,2,1,0.6,4,10,3.1,254.28,676,75857,6,-8.2981,6445,7525,1080,0.8564784053156146
enzyme,D00132,3825,Ketoprofen,hsa:3906,P00709,1,4,9,1,254.28,254.0942943,54.4,331,0,1,3,4,19,0,1,0,1,0,0,0,1,204,7,3,0,1,0,2,1,0.6,4,10,3.1,254.28,142,16225,0,-5.9095,840,7525,6685,0.11162790697674418
enzyme,D00132,3825,Ketoprofen,hsa:4048,P09960,2,8,9,1,254.28,254.0942943,54.4,331,0,1,3,4,19,0,1,0,1,0,0,0,1,204,7,3,0,1,0,2,1,0.6,4,10,3.1,254.28,611,69285,1,-10.1721,7500,7525,25,0.9966777408637874
enzyme,D00132,3825,Ketoprofen,hsa:5742,P23219,1,61,9,1,254.28,254.0942943,54.4,331,0,1,3,4,19,0,1,0,1,0,0,0,1,204,7,3,0,1,0,2,1,0.6,4,10,3.1,254.28,599,68686,4,-8.3222,6472,7525,1053,0.8600664451827242
enzyme,D00132,3825,Ketoprofen,hsa:5743,P35354,1,61,9,1,254.28,254.0942943,54.4,331,0,1,3,4,19,0,1,0,1,0,0,0,1,204,7,3,0,1,0,2,1,0.6,4,10,3.1,254.28,604,68996,1,-8.2195,6336,7525,1189,0.8419933554817276
enzyme,D00136,3559,Haloperidol,hsa:10327,P14550,2,2,6,1,375.9,375.1401348,40.5,451,0,1,4,6,26,0,0,0,0,0,0,0,1,289.9,7,2,1,0,1,3,0,0.8,7.2,10,3.2,375.9,325,36573,3,-8.1274,5342,7303,1961,0.7314802136108448
enzyme,D00136,3559,Haloperidol,hsa:1576,P08684,2,34,6,1,375.9,375.1401348,40.5,451,0,1,4,6,26,0,0,0,0,0,0,0,1,289.9,7,2,1,0,1,3,0,0.8,7.2,10,3.2,375.9,503,57343,2,-9.0746,6564,7303,739,0.8988087087498289
enzyme,D00136,3559,Haloperidol,hsa:1645,Q04828,1,1,6,1,375.9,375.1401348,40.5,451,0,1,4,6,26,0,0,0,0,0,0,0,1,289.9,7,2,1,0,1,3,0,0.8,7.2,10,3.2,375.9,323,36788,3,-10.3958,7220,7303,83,0.9886348076133096
enzyme,D00136,3559,Haloperidol,hsa:231,P15121,1,12,6,1,375.9,375.1401348,40.5,451,0,1,4,6,26,0,0,0,0,0,0,0,1,289.9,7,2,1,0,1,3,0,0.8,7.2,10,3.2,375.9,316,35853,1,-10.3145,7208,7303,95,0.986991647268246
enzyme,D00136,3559,Haloperidol,hsa:51181,Q7Z4W1,2,3,6,1,375.9,375.1401348,40.5,451,0,1,4,6,26,0,0,0,0,0,0,0,1,289.9,7,2,1,0,1,3,0,0.8,7.2,10,3.2,375.9,244,25913,2,-9.7982,7040,7303,263,0.9639874024373545
enzyme,D00136,3559,Haloperidol,hsa:57016,O60218,1,1,6,1,375.9,375.1401348,40.5,451,0,1,4,6,26,0,0,0,0,0,0,0,1,289.9,7,2,1,0,1,3,0,0.8,7.2,10,3.2,375.9,316,36020,3,-10.5861,7260,7303,43,0.9941120087635218
enzyme,D00139,4114,8-Methoxypsoralen,hsa:10858,Q9Y6A2,1,11,43,1,216.19,216.0422587,48.7,325,0,0,4,1,16,0,0,0,0,0,0,0,1,163.1,6,3,0,0,0,3,0,0.6,1,1,1.9,216.19,500,56821,0,-7.031,5952,7573,1621,0.7859500858312426
enzyme,D00139,4114,8-Methoxypsoralen,hsa:1544,P05177,1,24,43,1,216.19,216.0422587,48.7,325,0,0,4,1,16,0,0,0,0,0,0,0,1,163.1,6,3,0,0,0,3,0,0.6,1,1,1.9,216.19,516,58407,1,-9.5235,7570,7573,3,0.9996038558035125
enzyme,D00139,4114,8-Methoxypsoralen,hsa:1545,Q16678,2,18,43,1,216.19,216.0422587,48.7,325,0,0,4,1,16,0,0,0,0,0,0,0,1,163.1,6,3,0,0,0,3,0,0.6,1,1,1.9,216.19,543,60846,1,-10.1071,7572,7573,1,0.9998679519345042
enzyme,D00139,4114,8-Methoxypsoralen,hsa:1548,P11509,1,18,43,1,216.19,216.0422587,48.7,325,0,0,4,1,16,0,0,0,0,0,0,0,1,163.1,6,3,0,0,0,3,0,0.6,1,1,1.9,216.19,494,56517,1,-7.6806,7068,7573,505,0.9333157269246005
enzyme,D00139,4114,8-Methoxypsoralen,hsa:1551,P24462,1,18,43,1,216.19,216.0422587,48.7,325,0,0,4,1,16,0,0,0,0,0,0,0,1,163.1,6,3,0,0,0,3,0,0.6,1,1,1.9,216.19,503,57470,0,-7.1649,6263,7573,1310,0.8270170342004489
enzyme,D00139,4114,8-Methoxypsoralen,hsa:1553,Q16696,1,19,43,1,216.19,216.0422587,48.7,325,0,0,4,1,16,0,0,0,0,0,0,0,1,163.1,6,3,0,0,0,3,0,0.6,1,1,1.9,216.19,494,56688,0,-8.0751,7371,7573,202,0.9733262907698402
enzyme,D00139,4114,8-Methoxypsoralen,hsa:1555,P20813,1,18,43,1,216.19,216.0422587,48.7,325,0,0,4,1,16,0,0,0,0,0,0,0,1,163.1,6,3,0,0,0,3,0,0.6,1,1,1.9,216.19,491,56278,0,-7.4523,6771,7573,802,0.8940974514723359
enzyme,D00139,4114,8-Methoxypsoralen,hsa:1557,P33261,1,27,43,1,216.19,216.0422587,48.7,325,0,0,4,1,16,0,0,0,0,0,0,0,1,163.1,6,3,0,0,0,3,0,0.6,1,1,1.9,216.19,490,55945,0,-7.5067,6855,7573,718,0.9051894889739865
enzyme,D00139,4114,8-Methoxypsoralen,hsa:1558,P10632,1,22,43,1,216.19,216.0422587,48.7,325,0,0,4,1,16,0,0,0,0,0,0,0,1,163.1,6,3,0,0,0,3,0,0.6,1,1,1.9,216.19,490,55825,3,-8.2425,7439,7573,134,0.9823055592235573
enzyme,D00139,4114,8-Methoxypsoralen,hsa:1559,P11712,1,25,43,1,216.19,216.0422587,48.7,325,0,0,4,1,16,0,0,0,0,0,0,0,1,163.1,6,3,0,0,0,3,0,0.6,1,1,1.9,216.19,490,55628,0,-7.4904,6823,7573,750,0.9009639508781196
enzyme,D00139,4114,8-Methoxypsoralen,hsa:1562,P33260,2,18,43,1,216.19,216.0422587,48.7,325,0,0,4,1,16,0,0,0,0,0,0,0,1,163.1,6,3,0,0,0,3,0,0.6,1,1,1.9,216.19,490,55711,0,-3.8557,182,7573,7391,0.02403274792024297
enzyme,D00139,4114,8-Methoxypsoralen,hsa:1565,P10635,3,30,43,1,216.19,216.0422587,48.7,325,0,0,4,1,16,0,0,0,0,0,0,0,1,163.1,6,3,0,0,0,3,0,0.6,1,1,1.9,216.19,497,55769,0,-7.7277,7117,7573,456,0.9397860821338967
enzyme,D00139,4114,8-Methoxypsoralen,hsa:1571,P05181,1,23,43,1,216.19,216.0422587,48.7,325,0,0,4,1,16,0,0,0,0,0,0,0,1,163.1,6,3,0,0,0,3,0,0.6,1,1,1.9,216.19,493,56849,0,-7.7322,7122,7573,451,0.9404463224613759
enzyme,D00139,4114,8-Methoxypsoralen,hsa:1576,P08684,2,34,43,1,216.19,216.0422587,48.7,325,0,0,4,1,16,0,0,0,0,0,0,0,1,163.1,6,3,0,0,0,3,0,0.6,1,1,1.9,216.19,503,57343,2,-7.2182,6364,7573,1209,0.8403538888155289
enzyme,D00139,4114,8-Methoxypsoralen,hsa:1577,P20815,1,18,43,1,216.19,216.0422587,48.7,325,0,0,4,1,16,0,0,0,0,0,0,0,1,163.1,6,3,0,0,0,3,0,0.6,1,1,1.9,216.19,502,57109,1,-6.9225,5702,7573,1871,0.7529380694572825
enzyme,D00139,4114,8-Methoxypsoralen,hsa:1581,P22680,1,11,43,1,216.19,216.0422587,48.7,325,0,0,4,1,16,0,0,0,0,0,0,0,1,163.1,6,3,0,0,0,3,0,0.6,1,1,1.9,216.19,504,57661,0,-7.0024,5897,7573,1676,0.7786874422289713
enzyme,D00139,4114,8-Methoxypsoralen,hsa:1582,Q9UNU6,1,11,43,1,216.19,216.0422587,48.7,325,0,0,4,1,16,0,0,0,0,0,0,0,1,163.1,6,3,0,0,0,3,0,0.6,1,1,1.9,216.19,501,58068,0,-7.286,6498,7573,1075,0.8580483295919715
enzyme,D00139,4114,8-Methoxypsoralen,hsa:1583,P05108,2,10,43,1,216.19,216.0422587,48.7,325,0,0,4,1,16,0,0,0,0,0,0,0,1,163.1,6,3,0,0,0,3,0,0.6,1,1,1.9,216.19,521,60102,1,-7.2447,6415,7573,1158,0.8470883401558167
enzyme,D00139,4114,8-Methoxypsoralen,hsa:1584,P15538,2,11,43,1,216.19,216.0422587,48.7,325,0,0,4,1,16,0,0,0,0,0,0,0,1,163.1,6,3,0,0,0,3,0,0.6,1,1,1.9,216.19,503,57573,0,-7.294,6511,7573,1062,0.8597649544434174
enzyme,D00139,4114,8-Methoxypsoralen,hsa:1585,P19099,1,9,43,1,216.19,216.0422587,48.7,325,0,0,4,1,16,0,0,0,0,0,0,0,1,163.1,6,3,0,0,0,3,0,0.6,1,1,1.9,216.19,503,57560,0,-7.3532,6599,7573,974,0.8713851842070514
enzyme,D00139,4114,8-Methoxypsoralen,hsa:1586,P05093,2,13,43,1,216.19,216.0422587,48.7,325,0,0,4,1,16,0,0,0,0,0,0,0,1,163.1,6,3,0,0,0,3,0,0.6,1,1,1.9,216.19,508,57371,0,-7.3102,6537,7573,1036,0.8631982041463092
enzyme,D00139,4114,8-Methoxypsoralen,hsa:1588,P11511,3,20,43,1,216.19,216.0422587,48.7,325,0,0,4,1,16,0,0,0,0,0,0,0,1,163.1,6,3,0,0,0,3,0,0.6,1,1,1.9,216.19,503,57883,0,-7.2371,6402,7573,1171,0.8453717153043708
enzyme,D00139,4114,8-Methoxypsoralen,hsa:1589,P08686,2,10,43,1,216.19,216.0422587,48.7,325,0,0,4,1,16,0,0,0,0,0,0,0,1,163.1,6,3,0,0,0,3,0,0.6,1,1,1.9,216.19,495,56001,0,-7.8669,7253,7573,320,0.957744619041331
enzyme,D00139,4114,8-Methoxypsoralen,hsa:1595,Q16850,1,12,43,1,216.19,216.0422587,48.7,325,0,0,4,1,16,0,0,0,0,0,0,0,1,163.1,6,3,0,0,0,3,0,0.6,1,1,1.9,216.19,509,57278,0,-7.2996,6517,7573,1056,0.8605572428363925
enzyme,D00139,4114,8-Methoxypsoralen,hsa:5740,Q16647,1,12,43,1,216.19,216.0422587,48.7,325,0,0,4,1,16,0,0,0,0,0,0,0,1,163.1,6,3,0,0,0,3,0,0.6,1,1,1.9,216.19,500,57104,0,-6.6136,4870,7573,2703,0.6430740789647431
enzyme,D00141,3715,Indomethacin,hsa:239,P18054,1,8,8,1,357.8,357.0767857,68.5,506,0,1,4,4,25,0,0,0,0,0,0,0,1,268.6,8,4,0,1,0,3,0,0.8,5,10,4.3,357.8,663,75694,2,-9.0026,7176,7385,209,0.9716993906567366
enzyme,D00141,3715,Indomethacin,hsa:240,P09917,1,11,8,1,357.8,357.0767857,68.5,506,0,1,4,4,25,0,0,0,0,0,0,0,1,268.6,8,4,0,1,0,3,0,0.8,5,10,4.3,357.8,674,77983,24,-8.9042,7133,7385,252,0.9658767772511848
enzyme,D00141,3715,Indomethacin,hsa:247,O15296,1,7,8,1,357.8,357.0767857,68.5,506,0,1,4,4,25,0,0,0,0,0,0,0,1,268.6,8,4,0,1,0,3,0,0.8,5,10,4.3,357.8,676,75857,6,-8.46,6840,7385,545,0.926201760324983
enzyme,D00141,3715,Indomethacin,hsa:4048,P09960,2,8,8,1,357.8,357.0767857,68.5,506,0,1,4,4,25,0,0,0,0,0,0,0,1,268.6,8,4,0,1,0,3,0,0.8,5,10,4.3,357.8,611,69285,1,-9.0133,7181,7385,204,0.9723764387271496
enzyme,D00141,3715,Indomethacin,hsa:5742,P23219,1,61,8,1,357.8,357.0767857,68.5,506,0,1,4,4,25,0,0,0,0,0,0,0,1,268.6,8,4,0,1,0,3,0,0.8,5,10,4.3,357.8,599,68686,4,-7.8429,6018,7385,1367,0.814895057549086
enzyme,D00141,3715,Indomethacin,hsa:5743,P35354,1,61,8,1,357.8,357.0767857,68.5,506,0,1,4,4,25,0,0,0,0,0,0,0,1,268.6,8,4,0,1,0,3,0,0.8,5,10,4.3,357.8,604,68996,1,-8.3126,6698,7385,687,0.9069735951252539
enzyme,D00142,126941,Methotrexate,hsa:1719,P00374,2,7,1,1,454.4,454.1713158,211,704,0,5,12,9,33,0,1,1,0,0,0,0,1,331.9,16,6,3,2,2,3,0,1,10,10,-1.8,454.4,187,21453,0,-9.1985,6804,7253,449,0.9380945815524611
enzyme,D00145,5578,Trimethoprim,hsa:1719,P00374,2,7,1,1,290.32,290.1378905,106,307,0,2,7,5,21,0,0,0,0,0,0,0,1,219.9,8,3,2,0,1,2,0,0.8,5,10,0.9,290.32,187,21453,0,-7.3065,7003,7461,458,0.9386141267926551
enzyme,D00151,4044,Mefenamic Acid,hsa:5742,P23219,1,61,2,1,241.28,241.1102787,49.3,292,0,2,3,3,18,0,0,0,0,0,0,0,1,195.5,7,2,1,1,1,2,0,0.6,3,10,5.1,241.28,599,68686,4,-8.0002,6519,7466,947,0.8731583177069381
enzyme,D00151,4044,Mefenamic Acid,hsa:5743,P35354,1,61,2,1,241.28,241.1102787,49.3,292,0,2,3,3,18,0,0,0,0,0,0,0,1,195.5,7,2,1,1,1,2,0,0.6,3,10,5.1,241.28,604,68996,1,-8.1574,6717,7466,749,0.8996785427270292
enzyme,D00153,13769,Testolactone,hsa:1588,P11511,3,20,1,1,300.4,300.1725446,43.4,602,0,0,3,0,22,0,5,5,0,0,0,0,1,234.1,6,2,0,0,0,4,0,0.6,1.4,1,3,300.4,503,57883,0,-9.2117,6868,7572,704,0.9070258848388801
enzyme,D00155,439693,Pentostatin,hsa:100,P00813,2,2,1,1,268.27,268.117155,112,356,0,4,6,2,19,0,4,4,0,0,0,0,1,190.5,13,4,4,0,2,3,0,0.6,3.6,10,-2.1,268.27,363,40764,1,-6.4329,4415,7318,2903,0.6033069144575021
enzyme,D00160,564,6-Aminohexanoic Acid,hsa:10747,O00187,1,2,42,1,131.17,131.0946287,63.3,83,0,2,3,5,9,0,0,0,0,0,0,0,1,108.3,6,2,1,1,1,0,1,0.6,5,10,-3,131.17,686,75702,10,-4.8253,6478,7471,993,0.8670860661223397
enzyme,D00160,564,6-Aminohexanoic Acid,hsa:11202,O60259,1,2,42,1,131.17,131.0946287,63.3,83,0,2,3,5,9,0,0,0,0,0,0,0,1,108.3,6,2,1,1,1,0,1,0.6,5,10,-3,131.17,260,28048,13,-4.0591,2917,7471,4554,0.3904430464462589
enzyme,D00160,564,6-Aminohexanoic Acid,hsa:11330,Q99895,1,2,42,1,131.17,131.0946287,63.3,83,0,2,3,5,9,0,0,0,0,0,0,0,1,108.3,6,2,1,1,1,0,1,0.6,5,10,-3,131.17,268,29484,14,-4.3307,4263,7471,3208,0.5706063445321912
enzyme,D00160,564,6-Aminohexanoic Acid,hsa:1215,P23946,2,2,42,1,131.17,131.0946287,63.3,83,0,2,3,5,9,0,0,0,0,0,0,0,1,108.3,6,2,1,1,1,0,1,0.6,5,10,-3,131.17,247,27325,0,-4.0717,2995,7471,4476,0.40088341587471554
enzyme,D00160,564,6-Aminohexanoic Acid,hsa:1675,P00746,1,2,42,1,131.17,131.0946287,63.3,83,0,2,3,5,9,0,0,0,0,0,0,0,1,108.3,6,2,1,1,1,0,1,0.6,5,10,-3,131.17,253,27033,0,-4.7729,6291,7471,1180,0.8420559496720653
enzyme,D00160,564,6-Aminohexanoic Acid,hsa:1991,P08246,1,3,42,1,131.17,131.0946287,63.3,83,0,2,3,5,9,0,0,0,0,0,0,0,1,108.3,6,2,1,1,1,0,1,0.6,5,10,-3,131.17,267,28518,2,-5.0925,7140,7471,331,0.9556953553741132
enzyme,D00160,564,6-Aminohexanoic Acid,hsa:2155,P08709,1,3,42,1,131.17,131.0946287,63.3,83,0,2,3,5,9,0,0,0,0,0,0,0,1,108.3,6,2,1,1,1,0,1,0.6,5,10,-3,131.17,466,51594,1,-4.2787,4018,7471,3453,0.5378128764556285
enzyme,D00160,564,6-Aminohexanoic Acid,hsa:2158,P00740,1,3,42,1,131.17,131.0946287,63.3,83,0,2,3,5,9,0,0,0,0,0,0,0,1,108.3,6,2,1,1,1,0,1,0.6,5,10,-3,131.17,461,51778,2,-3.0692,398,7471,7073,0.05327265426315085
enzyme,D00160,564,6-Aminohexanoic Acid,hsa:2159,P00742,2,5,42,1,131.17,131.0946287,63.3,83,0,2,3,5,9,0,0,0,0,0,0,0,1,108.3,6,2,1,1,1,0,1,0.6,5,10,-3,131.17,488,54732,3,-5.2337,7310,7471,161,0.9784500066925446
enzyme,D00160,564,6-Aminohexanoic Acid,hsa:2160,P03951,1,2,42,1,131.17,131.0946287,63.3,83,0,2,3,5,9,0,0,0,0,0,0,0,1,108.3,6,2,1,1,1,0,1,0.6,5,10,-3,131.17,625,70109,2,-5.016,7006,7471,465,0.9377593360995851
enzyme,D00160,564,6-Aminohexanoic Acid,hsa:2161,P00748,2,2,42,1,131.17,131.0946287,63.3,83,0,2,3,5,9,0,0,0,0,0,0,0,1,108.3,6,2,1,1,1,0,1,0.6,5,10,-3,131.17,615,67792,3,-4.9724,6897,7471,574,0.9231695890777674
enzyme,D00160,564,6-Aminohexanoic Acid,hsa:28972,Q9Y6A9,2,2,42,1,131.17,131.0946287,63.3,83,0,2,3,5,9,0,0,0,0,0,0,0,1,108.3,6,2,1,1,1,0,1,0.6,5,10,-3,131.17,169,18298,2,-3.7606,1674,7471,5797,0.22406639004149378
enzyme,D00160,564,6-Aminohexanoic Acid,hsa:3001,P12544,1,2,42,1,131.17,131.0946287,63.3,83,0,2,3,5,9,0,0,0,0,0,0,0,1,108.3,6,2,1,1,1,0,1,0.6,5,10,-3,131.17,262,28999,0,-4.5058,5133,7471,2338,0.6870566189265158
enzyme,D00160,564,6-Aminohexanoic Acid,hsa:3002,P10144,2,2,42,1,131.17,131.0946287,63.3,83,0,2,3,5,9,0,0,0,0,0,0,0,1,108.3,6,2,1,1,1,0,1,0.6,5,10,-3,131.17,247,27716,2,-4.0019,2666,7471,4805,0.35684647302904565
enzyme,D00160,564,6-Aminohexanoic Acid,hsa:354,P07288,2,2,42,1,131.17,131.0946287,63.3,83,0,2,3,5,9,0,0,0,0,0,0,0,1,108.3,6,2,1,1,1,0,1,0.6,5,10,-3,131.17,261,28741,0,-4.2174,3716,7471,3755,0.4973899076428858
enzyme,D00160,564,6-Aminohexanoic Acid,hsa:3816,P06870,1,2,42,1,131.17,131.0946287,63.3,83,0,2,3,5,9,0,0,0,0,0,0,0,1,108.3,6,2,1,1,1,0,1,0.6,5,10,-3,131.17,262,28890,0,-4.6171,5668,7471,1803,0.7586668451345201
enzyme,D00160,564,6-Aminohexanoic Acid,hsa:3817,P20151,2,2,42,1,131.17,131.0946287,63.3,83,0,2,3,5,9,0,0,0,0,0,0,0,1,108.3,6,2,1,1,1,0,1,0.6,5,10,-3,131.17,261,28671,0,-4.2864,4049,7471,3422,0.5419622540489895
enzyme,D00160,564,6-Aminohexanoic Acid,hsa:3818,P03952,2,2,42,1,131.17,131.0946287,63.3,83,0,2,3,5,9,0,0,0,0,0,0,0,1,108.3,6,2,1,1,1,0,1,0.6,5,10,-3,131.17,638,71343,11,-4.7418,6179,7471,1292,0.8270646499799224
enzyme,D00160,564,6-Aminohexanoic Acid,hsa:5045,P09958,1,2,42,1,131.17,131.0946287,63.3,83,0,2,3,5,9,0,0,0,0,0,0,0,1,108.3,6,2,1,1,1,0,1,0.6,5,10,-3,131.17,794,86678,7,-4.6997,6017,7471,1454,0.8053808057823585
enzyme,D00160,564,6-Aminohexanoic Acid,hsa:5327,P00750,1,2,42,1,131.17,131.0946287,63.3,83,0,2,3,5,9,0,0,0,0,0,0,0,1,108.3,6,2,1,1,1,0,1,0.6,5,10,-3,131.17,562,62917,1,-5.1413,7210,7471,261,0.9650649176817025
enzyme,D00160,564,6-Aminohexanoic Acid,hsa:5328,P00749,1,3,42,1,131.17,131.0946287,63.3,83,0,2,3,5,9,0,0,0,0,0,0,0,1,108.3,6,2,1,1,1,0,1,0.6,5,10,-3,131.17,431,48523,5,-4.6734,5903,7471,1568,0.7901218043099987
enzyme,D00160,564,6-Aminohexanoic Acid,hsa:5340,P00747,1,3,42,1,131.17,131.0946287,63.3,83,0,2,3,5,9,0,0,0,0,0,0,0,1,108.3,6,2,1,1,1,0,1,0.6,5,10,-3,131.17,810,90569,14,-5.1034,7158,7471,313,0.9581046713960648
enzyme,D00160,564,6-Aminohexanoic Acid,hsa:5550,P48147,2,2,42,1,131.17,131.0946287,63.3,83,0,2,3,5,9,0,0,0,0,0,0,0,1,108.3,6,2,1,1,1,0,1,0.6,5,10,-3,131.17,710,80700,1,-4.8729,6640,7471,831,0.8887699103199036
enzyme,D00160,564,6-Aminohexanoic Acid,hsa:5646,P35030,2,2,42,1,131.17,131.0946287,63.3,83,0,2,3,5,9,0,0,0,0,0,0,0,1,108.3,6,2,1,1,1,0,1,0.6,5,10,-3,131.17,304,32529,0,-4.7615,6255,7471,1216,0.8372373176281622
enzyme,D00160,564,6-Aminohexanoic Acid,hsa:5650,P49862,2,2,42,1,131.17,131.0946287,63.3,83,0,2,3,5,9,0,0,0,0,0,0,0,1,108.3,6,2,1,1,1,0,1,0.6,5,10,-3,131.17,253,27525,0,-4.4614,4902,7471,2569,0.656137063311471
enzyme,D00160,564,6-Aminohexanoic Acid,hsa:5651,P98073,1,2,42,1,131.17,131.0946287,63.3,83,0,2,3,5,9,0,0,0,0,0,0,0,1,108.3,6,2,1,1,1,0,1,0.6,5,10,-3,131.17,1019,112935,0,-4.0772,3026,7471,4445,0.4050327934680766
enzyme,D00160,564,6-Aminohexanoic Acid,hsa:5657,P24158,1,2,42,1,131.17,131.0946287,63.3,83,0,2,3,5,9,0,0,0,0,0,0,0,1,108.3,6,2,1,1,1,0,1,0.6,5,10,-3,131.17,256,27807,1,-4.5645,5408,7471,2063,0.7238656137063312
enzyme,D00160,564,6-Aminohexanoic Acid,hsa:64499,P20231,2,2,42,1,131.17,131.0946287,63.3,83,0,2,3,5,9,0,0,0,0,0,0,0,1,108.3,6,2,1,1,1,0,1,0.6,5,10,-3,131.17,275,30651,0,-4.8824,6671,7471,800,0.8929192879132646
enzyme,D00160,564,6-Aminohexanoic Acid,hsa:6768,Q9Y5Y6,1,2,42,1,131.17,131.0946287,63.3,83,0,2,3,5,9,0,0,0,0,0,0,0,1,108.3,6,2,1,1,1,0,1,0.6,5,10,-3,131.17,855,94770,0,-4.9309,6799,7471,672,0.9100522018471423
enzyme,D00160,564,6-Aminohexanoic Acid,hsa:8192,Q16740,1,2,42,1,131.17,131.0946287,63.3,83,0,2,3,5,9,0,0,0,0,0,0,0,1,108.3,6,2,1,1,1,0,1,0.6,5,10,-3,131.17,277,30180,23,-3.7336,1590,7471,5881,0.21282291527238656
enzyme,D00168,6253,Cytarabine,hsa:5423,P06746,1,1,1,1,243.22,243.0855205,129,383,0,4,5,2,17,0,4,4,0,0,0,0,1,170.8,12,5,5,0,0,2,0,0.6,3,10,-2.1,243.22,335,38178,4,-5.9996,4664,7322,2658,0.6369844304834744
enzyme,D00169,23663959,Sodium meclofenamate monohydrate,hsa:5742,P23219,1,61,2,1,336.1,335.0091929,53.2,332,0,2,4,3,21,0,0,0,0,0,0,0,3,,,,,,,,,,,0,,336.1,599,68686,4,-1.2869,4742,7613,2871,0.6228819125180612
enzyme,D00169,23663959,Sodium meclofenamate monohydrate,hsa:5743,P35354,1,61,2,1,336.1,335.0091929,53.2,332,0,2,4,3,21,0,0,0,0,0,0,0,3,,,,,,,,,,,0,,336.1,604,68996,1,-1.2523,3861,7613,3752,0.507158807303297
enzyme,D00183,4421,Nalidixic Acid,hsa:7153,P11388,1,15,2,1,232.23,232.0847923,70.5,378,0,1,5,2,17,0,0,0,0,0,0,0,1,176.7,8,4,0,1,1,2,0,0.6,2,2,1.4,232.23,1531,174385,4,-7.8812,7159,7403,244,0.9670403890314737
enzyme,D00183,4421,Nalidixic Acid,hsa:7155,Q02880,1,15,2,1,232.23,232.0847923,70.5,378,0,1,5,2,17,0,0,0,0,0,0,0,1,176.7,8,4,0,1,1,2,0,0.6,2,2,1.4,232.23,1626,183267,1,-6.9054,5782,7403,1621,0.7810347156558152
enzyme,D00186,2764,Ciprofloxacin,hsa:7153,P11388,1,15,2,1,331.34,331.1332196,72.9,571,0,2,7,3,24,0,0,0,0,0,0,0,1,248,11,3,1,1,3,3,0,0.8,4.8,5,-1.1,331.34,1531,174385,4,-7.8534,6088,7309,1221,0.8329456834040224
enzyme,D00186,2764,Ciprofloxacin,hsa:7155,Q02880,1,15,2,1,331.34,331.1332196,72.9,571,0,2,7,3,24,0,0,0,0,0,0,0,1,248,11,3,1,1,3,3,0,0.8,4.8,5,-1.1,331.34,1626,183267,1,-7.599,5594,7309,1715,0.7653577780818169
enzyme,D00196,5983,Physostigmine,hsa:43,P22303,1,23,2,1,275.35,275.1633769,44.8,403,0,1,4,2,20,0,2,2,0,0,0,0,1,216.3,7,1,1,0,2,3,0,0.6,3.8,10,0.7,275.35,614,67796,3,-8.2266,7271,7466,195,0.9738815965711224
enzyme,D00196,5983,Physostigmine,hsa:590,P06276,1,11,2,1,275.35,275.1633769,44.8,403,0,1,4,2,20,0,2,2,0,0,0,0,1,216.3,7,1,1,0,2,3,0,0.6,3.8,10,0.7,275.35,602,68418,11,-7.8489,6952,7466,514,0.9311545673720868
enzyme,D00198,5280954,Rescinnamine,hsa:1636,P12821,2,31,1,1,634.7,634.2890309,118,1080,0,1,10,11,46,0,6,6,0,1,1,0,1,480.1,16,7,1,0,2,6,0,1.2,12.6,10,4.5,634.7,1306,149715,1,-8.6751,6159,7403,1244,0.8319600162096448
enzyme,D00208,5746,Mitomycin C,hsa:1728,P15559,1,3,2,1,334.33,334.1277197,147,757,0,3,8,4,24,0,4,4,0,0,0,0,1,241.8,13,4,3,0,3,3,0,0.8,4.6,5,-0.4,334.33,274,30868,3,-7.5117,6303,7451,1148,0.8459267212454704
enzyme,D00208,5746,Mitomycin C,hsa:5447,P16435,1,2,2,1,334.33,334.1277197,147,757,0,3,8,4,24,0,4,4,0,0,0,0,1,241.8,13,4,3,0,3,3,0,0.8,4.6,5,-0.4,334.33,677,76690,2,-8.0688,7025,7451,426,0.9428264662461414
enzyme,D00216,41774,"(3R,4R,5S,6R)-5-(((2R,3R,4R,5S,6R)-5-(((2R,3R,4S,5S,6R)-3,4-dihydroxy-6-methyl-5-(((1S,4R,5S,6S)-4,5,6-trihydroxy-3-(hydroxymethyl)cyclohex-2-en-1-yl)amino)oxan-2-yl)oxy)-3,4-dihydroxy-6-(hydroxymethyl)oxan-2-yl)oxy)-6-(hydroxymethyl)oxane-2,3,4-triol",hsa:2548,P10253,1,4,4,1,645.6,645.2480135,321,962,0,14,19,9,44,0,19,18,1,0,0,0,1,441.4,37,18,14,0,1,4,0,1.2,13.4,10,-8.5,645.6,952,105324,0,-8.2587,6358,7331,973,0.8672759514390943
enzyme,D00216,41774,"(3R,4R,5S,6R)-5-(((2R,3R,4R,5S,6R)-5-(((2R,3R,4S,5S,6R)-3,4-dihydroxy-6-methyl-5-(((1S,4R,5S,6S)-4,5,6-trihydroxy-3-(hydroxymethyl)cyclohex-2-en-1-yl)amino)oxan-2-yl)oxy)-3,4-dihydroxy-6-(hydroxymethyl)oxan-2-yl)oxy)-6-(hydroxymethyl)oxane-2,3,4-triol",hsa:279,P04746,2,3,4,1,645.6,645.2480135,321,962,0,14,19,9,44,0,19,18,1,0,0,0,1,441.4,37,18,14,0,1,4,0,1.2,13.4,10,-8.5,645.6,511,57707,0,-8.6823,6820,7331,511,0.9302960032737689
enzyme,D00216,41774,"(3R,4R,5S,6R)-5-(((2R,3R,4R,5S,6R)-5-(((2R,3R,4S,5S,6R)-3,4-dihydroxy-6-methyl-5-(((1S,4R,5S,6S)-4,5,6-trihydroxy-3-(hydroxymethyl)cyclohex-2-en-1-yl)amino)oxan-2-yl)oxy)-3,4-dihydroxy-6-(hydroxymethyl)oxan-2-yl)oxy)-6-(hydroxymethyl)oxane-2,3,4-triol",hsa:8972,O43451,1,4,4,1,645.6,645.2480135,321,962,0,14,19,9,44,0,19,18,1,0,0,0,1,441.4,37,18,14,0,1,4,0,1.2,13.4,10,-8.5,645.6,2753,312022,7,-8.3986,6532,7331,799,0.8910107761560496
enzyme,D00217,1983,Acetaminophen,hsa:10549,Q13162,2,3,17,1,151.16,151.0633285,49.3,139,0,2,2,1,11,0,0,0,0,0,0,0,1,120.2,4,1,2,0,0,1,0,0.4,2,2,0.5,151.16,271,30540,8,-4.9006,2487,7470,4983,0.3329317269076305
enzyme,D00217,1983,Acetaminophen,hsa:10935,P30048,2,3,17,1,151.16,151.0633285,49.3,139,0,2,2,1,11,0,0,0,0,0,0,0,1,120.2,4,1,2,0,0,1,0,0.4,2,2,0.5,151.16,256,27693,4,-4.8536,2340,7470,5130,0.3132530120481928
enzyme,D00217,1983,Acetaminophen,hsa:1543,P04798,2,19,17,1,151.16,151.0633285,49.3,139,0,2,2,1,11,0,0,0,0,0,0,0,1,120.2,4,1,2,0,0,1,0,0.4,2,2,0.5,151.16,512,58165,2,-7.4373,7467,7470,3,0.9995983935742971
enzyme,D00217,1983,Acetaminophen,hsa:1544,P05177,1,24,17,1,151.16,151.0633285,49.3,139,0,2,2,1,11,0,0,0,0,0,0,0,1,120.2,4,1,2,0,0,1,0,0.4,2,2,0.5,151.16,516,58407,1,-7.0671,7446,7470,24,0.9967871485943776
enzyme,D00217,1983,Acetaminophen,hsa:1565,P10635,3,30,17,1,151.16,151.0633285,49.3,139,0,2,2,1,11,0,0,0,0,0,0,0,1,120.2,4,1,2,0,0,1,0,0.4,2,2,0.5,151.16,497,55769,0,-6.249,6902,7470,568,0.9239625167336011
enzyme,D00217,1983,Acetaminophen,hsa:1571,P05181,1,23,17,1,151.16,151.0633285,49.3,139,0,2,2,1,11,0,0,0,0,0,0,0,1,120.2,4,1,2,0,0,1,0,0.4,2,2,0.5,151.16,493,56849,0,-5.9585,6195,7470,1275,0.8293172690763052
enzyme,D00217,1983,Acetaminophen,hsa:25824,P30044,1,4,17,1,151.16,151.0633285,49.3,139,0,2,2,1,11,0,0,0,0,0,0,0,1,120.2,4,1,2,0,0,1,0,0.4,2,2,0.5,151.16,214,22086,5,-5.1569,3397,7470,4073,0.45475234270414994
enzyme,D00217,1983,Acetaminophen,hsa:4353,P05164,1,5,17,1,151.16,151.0633285,49.3,139,0,2,2,1,11,0,0,0,0,0,0,0,1,120.2,4,1,2,0,0,1,0,0.4,2,2,0.5,151.16,745,83869,3,-7.3502,7465,7470,5,0.999330655957162
enzyme,D00217,1983,Acetaminophen,hsa:5052,Q06830,2,3,17,1,151.16,151.0633285,49.3,139,0,2,2,1,11,0,0,0,0,0,0,0,1,120.2,4,1,2,0,0,1,0,0.4,2,2,0.5,151.16,199,22110,10,-5.4768,4526,7470,2944,0.6058902275769745
enzyme,D00217,1983,Acetaminophen,hsa:5742,P23219,1,61,17,1,151.16,151.0633285,49.3,139,0,2,2,1,11,0,0,0,0,0,0,0,1,120.2,4,1,2,0,0,1,0,0.4,2,2,0.5,151.16,599,68686,4,-6.6952,7349,7470,121,0.98380187416332
enzyme,D00217,1983,Acetaminophen,hsa:5743,P35354,1,61,17,1,151.16,151.0633285,49.3,139,0,2,2,1,11,0,0,0,0,0,0,0,1,120.2,4,1,2,0,0,1,0,0.4,2,2,0.5,151.16,604,68996,1,-6.1172,6623,7470,847,0.8866131191432396
enzyme,D00217,1983,Acetaminophen,hsa:6799,P50226,1,2,17,1,151.16,151.0633285,49.3,139,0,2,2,1,11,0,0,0,0,0,0,0,1,120.2,4,1,2,0,0,1,0,0.4,2,2,0.5,151.16,295,34310,1,-6.9384,7428,7470,42,0.9943775100401606
enzyme,D00218,1986,Acetazolamide,hsa:23632,Q9ULX7,2,10,13,1,222.3,221.9881324,152,297,0,2,7,2,13,0,0,0,0,0,0,0,1,146.5,7,4,2,0,0,1,0,0.6,3,10,-0.3,222.3,337,37668,0,-6.1817,6237,7408,1171,0.8419276457883369
enzyme,D00218,1986,Acetazolamide,hsa:377677,Q8N1Q1,1,10,13,1,222.3,221.9881324,152,297,0,2,7,2,13,0,0,0,0,0,0,0,1,146.5,7,4,2,0,0,1,0,0.6,3,10,-0.3,222.3,262,29443,2,-5.5067,4075,7408,3333,0.5500809935205183
enzyme,D00218,1986,Acetazolamide,hsa:759,P00915,2,21,13,1,222.3,221.9881324,152,297,0,2,7,2,13,0,0,0,0,0,0,0,1,146.5,7,4,2,0,0,1,0,0.6,3,10,-0.3,222.3,261,28870,1,-6.1866,6252,7408,1156,0.843952483801296
enzyme,D00218,1986,Acetazolamide,hsa:760,P00918,2,19,13,1,222.3,221.9881324,152,297,0,2,7,2,13,0,0,0,0,0,0,0,1,146.5,7,4,2,0,0,1,0,0.6,3,10,-0.3,222.3,260,29246,0,-5.7589,4973,7408,2435,0.6713012958963283
enzyme,D00218,1986,Acetazolamide,hsa:761,P07451,2,10,13,1,222.3,221.9881324,152,297,0,2,7,2,13,0,0,0,0,0,0,0,1,146.5,7,4,2,0,0,1,0,0.6,3,10,-0.3,222.3,260,29557,2,-5.7526,4948,7408,2460,0.66792656587473
enzyme,D00218,1986,Acetazolamide,hsa:762,P22748,1,18,13,1,222.3,221.9881324,152,297,0,2,7,2,13,0,0,0,0,0,0,0,1,146.5,7,4,2,0,0,1,0,0.6,3,10,-0.3,222.3,312,35032,0,-5.7883,5082,7408,2326,0.6860151187904968
enzyme,D00218,1986,Acetazolamide,hsa:765,P23280,2,10,13,1,222.3,221.9881324,152,297,0,2,7,2,13,0,0,0,0,0,0,0,1,146.5,7,4,2,0,0,1,0,0.6,3,10,-0.3,222.3,308,35367,0,-5.7196,4844,7408,2564,0.6538876889848813
enzyme,D00218,1986,Acetazolamide,hsa:766,P43166,1,10,13,1,222.3,221.9881324,152,297,0,2,7,2,13,0,0,0,0,0,0,0,1,146.5,7,4,2,0,0,1,0,0.6,3,10,-0.3,222.3,264,29658,0,-6.4708,6814,7408,594,0.9198164146868251
enzyme,D00218,1986,Acetazolamide,hsa:767,P35219,1,10,13,1,222.3,221.9881324,152,297,0,2,7,2,13,0,0,0,0,0,0,0,1,146.5,7,4,2,0,0,1,0,0.6,3,10,-0.3,222.3,290,32973,11,-5.6476,4582,7408,2826,0.6185205183585313
enzyme,D00218,1986,Acetazolamide,hsa:768,Q16790,2,10,13,1,222.3,221.9881324,152,297,0,2,7,2,13,0,0,0,0,0,0,0,1,146.5,7,4,2,0,0,1,0,0.6,3,10,-0.3,222.3,459,49698,2,-5.9612,5617,7408,1791,0.7582343412526998
enzyme,D00218,1986,Acetazolamide,hsa:771,O43570,1,10,13,1,222.3,221.9881324,152,297,0,2,7,2,13,0,0,0,0,0,0,0,1,146.5,7,4,2,0,0,1,0,0.6,3,10,-0.3,222.3,354,39451,0,-6.3233,6560,7408,848,0.8855291576673866
enzyme,D00219,1989,Acetohexamide,hsa:51181,Q7Z4W1,2,3,1,1,324.4,324.1143783,101,498,0,2,4,4,22,0,0,0,0,0,0,0,1,244.9,8,4,2,0,0,2,0,0.8,7.2,10,2.4,324.4,244,25913,2,-8.393,6671,7462,791,0.8939962476547842
enzyme,D00222,135398513,Acyclovir,hsa:30,P09110,2,7,2,1,225.2,225.0861892,115,308,0,3,5,4,16,0,0,0,0,0,0,0,1,159.6,9,3,3,0,1,2,0,0.6,4,10,-1.9,225.2,424,44292,2,-5.2931,2784,7400,4616,0.3762162162162162
enzyme,D00224,135401907,Allopurinol,hsa:7498,P47989,1,2,1,1,136.11,136.0385108,70.1,190,0,2,3,0,10,0,0,0,0,0,0,0,1,94.9,6,2,2,0,0,2,0,0.4,0,1,-0.7,136.11,1333,146424,1,-6.5303,7393,7473,80,0.9892947945938713
enzyme,D00225,2118,Alprazolam,hsa:10858,Q9Y6A2,1,11,44,1,308.8,308.0828741,43.1,434,0,0,3,1,22,0,0,0,0,0,0,0,1,233.4,7,1,0,0,2,4,0,0.6,1.2,1,2.1,308.8,500,56821,0,-9.2093,7060,7465,405,0.9457468184862693
enzyme,D00225,2118,Alprazolam,hsa:1543,P04798,2,19,44,1,308.8,308.0828741,43.1,434,0,0,3,1,22,0,0,0,0,0,0,0,1,233.4,7,1,0,0,2,4,0,0.6,1.2,1,2.1,308.8,512,58165,2,-9.0196,6897,7465,568,0.9239115874079036
enzyme,D00225,2118,Alprazolam,hsa:1544,P05177,1,24,44,1,308.8,308.0828741,43.1,434,0,0,3,1,22,0,0,0,0,0,0,0,1,233.4,7,1,0,0,2,4,0,0.6,1.2,1,2.1,308.8,516,58407,1,-9.7057,7308,7465,157,0.9789685197588748
enzyme,D00225,2118,Alprazolam,hsa:1545,Q16678,2,18,44,1,308.8,308.0828741,43.1,434,0,0,3,1,22,0,0,0,0,0,0,0,1,233.4,7,1,0,0,2,4,0,0.6,1.2,1,2.1,308.8,543,60846,1,-9.8954,7356,7465,109,0.9853985264567984
enzyme,D00225,2118,Alprazolam,hsa:1548,P11509,1,18,44,1,308.8,308.0828741,43.1,434,0,0,3,1,22,0,0,0,0,0,0,0,1,233.4,7,1,0,0,2,4,0,0.6,1.2,1,2.1,308.8,494,56517,1,-10.3911,7429,7465,36,0.9951774949765573
enzyme,D00225,2118,Alprazolam,hsa:1551,P24462,1,18,44,1,308.8,308.0828741,43.1,434,0,0,3,1,22,0,0,0,0,0,0,0,1,233.4,7,1,0,0,2,4,0,0.6,1.2,1,2.1,308.8,503,57470,0,-7.8541,5036,7465,2429,0.674614869390489
enzyme,D00225,2118,Alprazolam,hsa:1553,Q16696,1,19,44,1,308.8,308.0828741,43.1,434,0,0,3,1,22,0,0,0,0,0,0,0,1,233.4,7,1,0,0,2,4,0,0.6,1.2,1,2.1,308.8,494,56688,0,-10.3154,7423,7465,42,0.9943737441393168
enzyme,D00225,2118,Alprazolam,hsa:1555,P20813,1,18,44,1,308.8,308.0828741,43.1,434,0,0,3,1,22,0,0,0,0,0,0,0,1,233.4,7,1,0,0,2,4,0,0.6,1.2,1,2.1,308.8,491,56278,0,-8.5703,6421,7465,1044,0.8601473543201608
enzyme,D00225,2118,Alprazolam,hsa:1557,P33261,1,27,44,1,308.8,308.0828741,43.1,434,0,0,3,1,22,0,0,0,0,0,0,0,1,233.4,7,1,0,0,2,4,0,0.6,1.2,1,2.1,308.8,490,55945,0,-9.3121,7133,7465,332,0.9555257870060281
enzyme,D00225,2118,Alprazolam,hsa:1558,P10632,1,22,44,1,308.8,308.0828741,43.1,434,0,0,3,1,22,0,0,0,0,0,0,0,1,233.4,7,1,0,0,2,4,0,0.6,1.2,1,2.1,308.8,490,55825,3,-9.2141,7065,7465,400,0.9464166108506363
enzyme,D00225,2118,Alprazolam,hsa:1559,P11712,1,25,44,1,308.8,308.0828741,43.1,434,0,0,3,1,22,0,0,0,0,0,0,0,1,233.4,7,1,0,0,2,4,0,0.6,1.2,1,2.1,308.8,490,55628,0,-8.4276,6205,7465,1260,0.8312123241795043
enzyme,D00225,2118,Alprazolam,hsa:1562,P33260,2,18,44,1,308.8,308.0828741,43.1,434,0,0,3,1,22,0,0,0,0,0,0,0,1,233.4,7,1,0,0,2,4,0,0.6,1.2,1,2.1,308.8,490,55711,0,-4.753,205,7465,7260,0.027461486939048894
enzyme,D00225,2118,Alprazolam,hsa:1565,P10635,3,30,44,1,308.8,308.0828741,43.1,434,0,0,3,1,22,0,0,0,0,0,0,0,1,233.4,7,1,0,0,2,4,0,0.6,1.2,1,2.1,308.8,497,55769,0,-9.4204,7198,7465,267,0.9642330877427997
enzyme,D00225,2118,Alprazolam,hsa:1571,P05181,1,23,44,1,308.8,308.0828741,43.1,434,0,0,3,1,22,0,0,0,0,0,0,0,1,233.4,7,1,0,0,2,4,0,0.6,1.2,1,2.1,308.8,493,56849,0,-9.4582,7220,7465,245,0.9671801741460148
enzyme,D00225,2118,Alprazolam,hsa:1576,P08684,2,34,44,1,308.8,308.0828741,43.1,434,0,0,3,1,22,0,0,0,0,0,0,0,1,233.4,7,1,0,0,2,4,0,0.6,1.2,1,2.1,308.8,503,57343,2,-8.9913,6875,7465,590,0.9209645010046885
enzyme,D00225,2118,Alprazolam,hsa:1577,P20815,1,18,44,1,308.8,308.0828741,43.1,434,0,0,3,1,22,0,0,0,0,0,0,0,1,233.4,7,1,0,0,2,4,0,0.6,1.2,1,2.1,308.8,502,57109,1,-8.6406,6506,7465,959,0.8715338245144005
enzyme,D00225,2118,Alprazolam,hsa:1581,P22680,1,11,44,1,308.8,308.0828741,43.1,434,0,0,3,1,22,0,0,0,0,0,0,0,1,233.4,7,1,0,0,2,4,0,0.6,1.2,1,2.1,308.8,504,57661,0,-8.848,6734,7465,731,0.9020763563295379
enzyme,D00225,2118,Alprazolam,hsa:1582,Q9UNU6,1,11,44,1,308.8,308.0828741,43.1,434,0,0,3,1,22,0,0,0,0,0,0,0,1,233.4,7,1,0,0,2,4,0,0.6,1.2,1,2.1,308.8,501,58068,0,-8.5804,6430,7465,1035,0.8613529805760214
enzyme,D00225,2118,Alprazolam,hsa:1583,P05108,2,10,44,1,308.8,308.0828741,43.1,434,0,0,3,1,22,0,0,0,0,0,0,0,1,233.4,7,1,0,0,2,4,0,0.6,1.2,1,2.1,308.8,521,60102,1,-8.5057,6322,7465,1143,0.8468854655056932
enzyme,D00225,2118,Alprazolam,hsa:1584,P15538,2,11,44,1,308.8,308.0828741,43.1,434,0,0,3,1,22,0,0,0,0,0,0,0,1,233.4,7,1,0,0,2,4,0,0.6,1.2,1,2.1,308.8,503,57573,0,-9.1985,7049,7465,416,0.9442732752846618
enzyme,D00225,2118,Alprazolam,hsa:1585,P19099,1,9,44,1,308.8,308.0828741,43.1,434,0,0,3,1,22,0,0,0,0,0,0,0,1,233.4,7,1,0,0,2,4,0,0.6,1.2,1,2.1,308.8,503,57560,0,-9.3309,7144,7465,321,0.9569993302076356
enzyme,D00225,2118,Alprazolam,hsa:1586,P05093,2,13,44,1,308.8,308.0828741,43.1,434,0,0,3,1,22,0,0,0,0,0,0,0,1,233.4,7,1,0,0,2,4,0,0.6,1.2,1,2.1,308.8,508,57371,0,-8.9661,6846,7465,619,0.9170797052913596
enzyme,D00225,2118,Alprazolam,hsa:1588,P11511,3,20,44,1,308.8,308.0828741,43.1,434,0,0,3,1,22,0,0,0,0,0,0,0,1,233.4,7,1,0,0,2,4,0,0.6,1.2,1,2.1,308.8,503,57883,0,-9.4419,7210,7465,255,0.9658405894172807
enzyme,D00225,2118,Alprazolam,hsa:1589,P08686,2,10,44,1,308.8,308.0828741,43.1,434,0,0,3,1,22,0,0,0,0,0,0,0,1,233.4,7,1,0,0,2,4,0,0.6,1.2,1,2.1,308.8,495,56001,0,-8.7364,6632,7465,833,0.8884125920964501
enzyme,D00225,2118,Alprazolam,hsa:1595,Q16850,1,12,44,1,308.8,308.0828741,43.1,434,0,0,3,1,22,0,0,0,0,0,0,0,1,233.4,7,1,0,0,2,4,0,0.6,1.2,1,2.1,308.8,509,57278,0,-7.9507,5291,7465,2174,0.7087742799732083
enzyme,D00225,2118,Alprazolam,hsa:5740,Q16647,1,12,44,1,308.8,308.0828741,43.1,434,0,0,3,1,22,0,0,0,0,0,0,0,1,233.4,7,1,0,0,2,4,0,0.6,1.2,1,2.1,308.8,500,57104,0,-8.6359,6498,7465,967,0.8704621567314133
enzyme,D00231,3698,Amrinone,hsa:10846,Q9Y233,1,20,19,1,187.2,187.0745619,68,300,0,2,3,1,14,0,0,0,0,0,0,0,1,144.2,7,2,2,0,1,2,0,0.4,1,2,-0.2,187.2,1055,114946,0,-6.9664,6714,7469,755,0.8989155174722185
enzyme,D00231,3698,Amrinone,hsa:5138,O00408,2,20,19,1,187.2,187.0745619,68,300,0,2,3,1,14,0,0,0,0,0,0,0,1,144.2,7,2,2,0,1,2,0,0.4,1,2,-0.2,187.2,941,105717,2,-6.3919,5384,7469,2085,0.7208461641451333
enzyme,D00231,3698,Amrinone,hsa:5140,Q13370,2,20,19,1,187.2,187.0745619,68,300,0,2,3,1,14,0,0,0,0,0,0,0,1,144.2,7,2,2,0,1,2,0,0.4,1,2,-0.2,187.2,1112,124333,5,-7.1964,7015,7469,454,0.9392154237515062
enzyme,D00231,3698,Amrinone,hsa:5141,P27815,1,20,19,1,187.2,187.0745619,68,300,0,2,3,1,14,0,0,0,0,0,0,0,1,144.2,7,2,2,0,1,2,0,0.4,1,2,-0.2,187.2,886,98143,7,-6.9146,6639,7469,830,0.8888740125853528
enzyme,D00231,3698,Amrinone,hsa:5142,Q07343,2,20,19,1,187.2,187.0745619,68,300,0,2,3,1,14,0,0,0,0,0,0,0,1,144.2,7,2,2,0,1,2,0,0.4,1,2,-0.2,187.2,736,83343,2,-7.2845,7110,7469,359,0.9519346632748694
enzyme,D00231,3698,Amrinone,hsa:5143,Q08493,4,20,19,1,187.2,187.0745619,68,300,0,2,3,1,14,0,0,0,0,0,0,0,1,144.2,7,2,2,0,1,2,0,0.4,1,2,-0.2,187.2,712,79902,10,-6.1274,4563,7469,2906,0.6109251573169099
enzyme,D00231,3698,Amrinone,hsa:5144,Q08499,2,20,19,1,187.2,187.0745619,68,300,0,2,3,1,14,0,0,0,0,0,0,0,1,144.2,7,2,2,0,1,2,0,0.4,1,2,-0.2,187.2,809,91115,12,-7.6631,7344,7469,125,0.9832641585218905
enzyme,D00231,3698,Amrinone,hsa:5147,O43924,2,20,19,1,187.2,187.0745619,68,300,0,2,3,1,14,0,0,0,0,0,0,0,1,144.2,7,2,2,0,1,2,0,0.4,1,2,-0.2,187.2,150,17420,12,-6.4585,5554,7469,1915,0.7436069085553622
enzyme,D00231,3698,Amrinone,hsa:5148,P18545,1,20,19,1,187.2,187.0745619,68,300,0,2,3,1,14,0,0,0,0,0,0,0,1,144.2,7,2,2,0,1,2,0,0.4,1,2,-0.2,187.2,87,9643,8,-3.8178,229,7469,7240,0.03066006158789664
enzyme,D00231,3698,Amrinone,hsa:5150,Q13946,1,18,19,1,187.2,187.0745619,68,300,0,2,3,1,14,0,0,0,0,0,0,0,1,144.2,7,2,2,0,1,2,0,0.4,1,2,-0.2,187.2,482,55505,0,-7.2818,7105,7469,364,0.9512652296157451
enzyme,D00231,3698,Amrinone,hsa:5151,O60658,1,20,19,1,187.2,187.0745619,68,300,0,2,3,1,14,0,0,0,0,0,0,0,1,144.2,7,2,2,0,1,2,0,0.4,1,2,-0.2,187.2,829,93304,0,-7.2797,7104,7469,365,0.9511313428839202
enzyme,D00231,3698,Amrinone,hsa:5152,O76083,2,19,19,1,187.2,187.0745619,68,300,0,2,3,1,14,0,0,0,0,0,0,0,1,144.2,7,2,2,0,1,2,0,0.4,1,2,-0.2,187.2,593,68493,46,-6.7873,6367,7469,1102,0.8524568215289865
enzyme,D00231,3698,Amrinone,hsa:8654,O76074,1,20,19,1,187.2,187.0745619,68,300,0,2,3,1,14,0,0,0,0,0,0,0,1,144.2,7,2,2,0,1,2,0,0.4,1,2,-0.2,187.2,875,99985,2,-6.6691,6104,7469,1365,0.817244611059044
enzyme,D00234,2247,Astemizole,hsa:1565,P10635,3,30,2,1,458.6,458.2481898,42.3,599,0,1,5,8,34,0,0,0,0,0,0,0,1,367.3,9,1,1,0,2,5,0,1,9.2,10,6,458.6,497,55769,0,-9.4413,6423,7272,849,0.8832508250825083
enzyme,D00234,2247,Astemizole,hsa:1576,P08684,2,34,2,1,458.6,458.2481898,42.3,599,0,1,5,8,34,0,0,0,0,0,0,0,1,367.3,9,1,1,0,2,5,0,1,9.2,10,6,458.6,503,57343,2,-10.0148,6857,7272,415,0.942931793179318
enzyme,D00251,44093,Captopril,hsa:1636,P12821,2,31,1,1,217.29,217.0772645,58.6,244,0,2,4,3,14,0,2,2,0,0,0,0,1,163.7,6,3,0,1,0,1,1,0.6,5,10,0.3,217.29,1306,149715,1,-5.6761,6457,7408,951,0.8716252699784017
enzyme,D00252,2554,Carbamazepine,hsa:1558,P10632,1,22,2,1,236.27,236.094963,46.3,326,0,1,1,0,18,0,0,0,0,0,0,0,1,186.8,5,1,1,0,0,3,0,0.6,1.2,2,2.5,236.27,490,55825,3,-8.7599,6791,7466,675,0.9095901419769622
enzyme,D00252,2554,Carbamazepine,hsa:1576,P08684,2,34,2,1,236.27,236.094963,46.3,326,0,1,1,0,18,0,0,0,0,0,0,0,1,186.8,5,1,1,0,0,3,0,0.6,1.2,2,2.5,236.27,503,57343,2,-8.2497,6099,7466,1367,0.8169032949370479
enzyme,D00270,2726,Chlorpromazine,hsa:2147,P00734,1,8,6,1,318.9,318.0957475,31.8,339,0,0,3,4,21,0,0,0,0,0,0,0,1,245.9,5,0,0,0,2,3,0,0.6,4.4,10,5.2,318.9,622,70037,4,-6.7497,6136,7465,1329,0.8219691895512391
enzyme,D00270,2726,Chlorpromazine,hsa:4017,Q9Y4K0,1,1,6,1,318.9,318.0957475,31.8,339,0,0,3,4,21,0,0,0,0,0,0,0,1,245.9,5,0,0,0,2,3,0,0.6,4.4,10,5.2,318.9,774,86725,5,-6.6067,5849,7465,1616,0.7835231078365706
enzyme,D00270,2726,Chlorpromazine,hsa:4128,P21397,3,19,6,1,318.9,318.0957475,31.8,339,0,0,3,4,21,0,0,0,0,0,0,0,1,245.9,5,0,0,0,2,3,0,0.6,4.4,10,5.2,318.9,527,59682,1,-6.2287,4946,7465,2519,0.6625586068318822
enzyme,D00270,2726,Chlorpromazine,hsa:4129,P27338,1,20,6,1,318.9,318.0957475,31.8,339,0,0,3,4,21,0,0,0,0,0,0,0,1,245.9,5,0,0,0,2,3,0,0.6,4.4,10,5.2,318.9,520,58763,20,-6.3752,5347,7465,2118,0.7162759544541192
enzyme,D00274,2769,Cisapride (USP/INN),hsa:1565,P10635,3,30,2,1,465.9,465.1830623,86.1,581,0,2,7,9,32,0,2,0,2,0,0,0,1,351,11,4,2,0,2,3,0,1.4,11.2,10,3.4,465.9,497,55769,0,-9.216,7134,7271,137,0.9811580250309448
enzyme,D00274,2769,Cisapride (USP/INN),hsa:1576,P08684,2,34,2,1,465.9,465.1830623,86.1,581,0,2,7,9,32,0,2,0,2,0,0,0,1,351,11,4,2,0,2,3,0,1.4,11.2,10,3.4,465.9,503,57343,2,-8.9915,7028,7271,243,0.9665795626461284
enzyme,D00279,2796,Clofibrate,hsa:10269,O75844,1,1,2,1,242.7,242.070972,35.5,232,0,0,3,5,16,0,0,0,0,0,0,0,1,185.1,4,2,0,0,0,1,1,0.6,5,10,3.3,242.7,475,54813,5,-0.001,13,7533,7520,0.0017257400769945573
enzyme,D00279,2796,Clofibrate,hsa:4023,P06858,1,2,2,1,242.7,242.070972,35.5,232,0,0,3,5,16,0,0,0,0,0,0,0,1,185.1,4,2,0,0,0,1,1,0.6,5,10,3.3,242.7,475,53162,12,-5.87,5262,7533,2271,0.6985264834727201
enzyme,D00283,135398737,Clozapine,hsa:1544,P05177,1,24,5,1,326.8,326.1298243,30.9,446,0,1,3,1,23,0,0,0,0,0,0,0,1,248.2,8,0,1,0,3,4,0,0.6,2.4,4,3.1,326.8,516,58407,1,-9.4642,7281,7393,112,0.9848505342891924
enzyme,D00283,135398737,Clozapine,hsa:1557,P33261,1,27,5,1,326.8,326.1298243,30.9,446,0,1,3,1,23,0,0,0,0,0,0,0,1,248.2,8,0,1,0,3,4,0,0.6,2.4,4,3.1,326.8,490,55945,0,-8.3903,6590,7393,803,0.8913837413769782
enzyme,D00283,135398737,Clozapine,hsa:1565,P10635,3,30,5,1,326.8,326.1298243,30.9,446,0,1,3,1,23,0,0,0,0,0,0,0,1,248.2,8,0,1,0,3,4,0,0.6,2.4,4,3.1,326.8,497,55769,0,-7.9127,5844,7393,1549,0.7904774786960639
enzyme,D00283,135398737,Clozapine,hsa:1576,P08684,2,34,5,1,326.8,326.1298243,30.9,446,0,1,3,1,23,0,0,0,0,0,0,0,1,248.2,8,0,1,0,3,4,0,0.6,2.4,4,3.1,326.8,503,57343,2,-8.79,6992,7393,401,0.9457595022318409
enzyme,D00283,135398737,Clozapine,hsa:22954,Q13049,1,4,5,1,326.8,326.1298243,30.9,446,0,1,3,1,23,0,0,0,0,0,0,0,1,248.2,8,0,1,0,3,4,0,0.6,2.4,4,3.1,326.8,653,71989,42,-6.629,2575,7393,4818,0.34830244826186935
enzyme,D00285,358641,Sulfamethoxazole-trimethoprim mixt.,hsa:1719,P00374,2,7,1,1,543.6,543.1900028,212,653,0,4,13,8,38,0,0,0,0,0,0,0,2,,,,,,,,,,,0,,543.6,187,21453,0,-11.636,7065,7222,157,0.9782608695652174
enzyme,D00293,3016,Diazepam,hsa:1557,P33261,1,27,4,1,284.74,284.0716407,32.7,403,0,0,2,1,20,0,0,0,0,0,0,0,1,217.3,5,2,0,0,0,3,0,0.6,1.4,2,3,284.74,490,55945,0,-8.3653,6836,7401,565,0.9236589650047291
enzyme,D00293,3016,Diazepam,hsa:1576,P08684,2,34,4,1,284.74,284.0716407,32.7,403,0,0,2,1,20,0,0,0,0,0,0,0,1,217.3,5,2,0,0,0,3,0,0.6,1.4,2,3,284.74,503,57343,2,-7.8081,6160,7401,1241,0.8323199567625996
enzyme,D00293,3016,Diazepam,hsa:3906,P00709,1,4,4,1,284.74,284.0716407,32.7,403,0,0,2,1,20,0,0,0,0,0,0,0,1,217.3,5,2,0,0,0,3,0,0.6,1.4,2,3,284.74,142,16225,0,-6.0,1400,7401,6001,0.18916362653695445
enzyme,D00294,3019,Diazoxide,hsa:759,P00915,2,21,3,1,230.67,229.9916763,66.9,360,0,1,3,0,14,0,0,0,0,0,0,0,1,155.9,6,2,2,0,0,2,0,0.4,0.2,1,1.2,230.67,261,28870,1,-6.1271,4295,7335,3040,0.5855487389229721
enzyme,D00294,3019,Diazoxide,hsa:760,P00918,2,19,3,1,230.67,229.9916763,66.9,360,0,1,3,0,14,0,0,0,0,0,0,0,1,155.9,6,2,2,0,0,2,0,0.4,0.2,1,1.2,230.67,260,29246,0,-6.3963,5127,7335,2208,0.6989775051124745
enzyme,D00294,3019,Diazoxide,hsa:762,P22748,1,18,3,1,230.67,229.9916763,66.9,360,0,1,3,0,14,0,0,0,0,0,0,0,1,155.9,6,2,2,0,0,2,0,0.4,0.2,1,1.2,230.67,312,35032,0,-5.838,3357,7335,3978,0.45766871165644174
enzyme,D00298,2724385,Digoxin,hsa:476,P05023,1,6,1,1,780.9,780.4296067,203,1450,0,6,14,7,55,0,21,21,0,0,0,0,1,,,,,,,,,,,0,1.3,780.9,1023,112896,3,-11.1852,7017,7415,398,0.9463250168577209
enzyme,D00300,3100,Diphenhydramine,hsa:1565,P10635,3,30,1,1,255.35,255.1623143,12.5,211,0,0,2,6,19,0,0,0,0,0,0,0,1,215.8,4,1,0,0,1,2,0,0.8,6,10,3.3,255.35,497,55769,0,-7.158,6766,7530,764,0.898539176626826
enzyme,D00315,3308,Etodolac,hsa:5742,P23219,1,61,2,1,287.35,287.1521435,62.3,399,0,2,3,4,21,0,1,0,1,0,0,0,1,225.4,11,3,1,1,1,3,2,0.8,4.8,10,2.8,287.35,599,68686,4,-6.6221,4222,7463,3241,0.5657242395819375
enzyme,D00315,3308,Etodolac,hsa:5743,P35354,1,61,2,1,287.35,287.1521435,62.3,399,0,2,3,4,21,0,1,0,1,0,0,0,1,225.4,11,3,1,1,1,3,2,0.8,4.8,10,2.8,287.35,604,68996,1,-7.4823,6237,7463,1226,0.8357228996382152
enzyme,D00317,3324,Famciclovir,hsa:30,P09110,2,7,2,1,321.33,321.1437041,122,404,0,1,8,9,23,0,0,0,0,0,0,0,1,239.4,7,2,1,0,2,2,0,1,9,10,0,321.33,424,44292,2,-6.1063,4161,7388,3227,0.5632106118029236
enzyme,D00322,3365,Fluconazole,hsa:1557,P33261,1,27,2,1,306.27,306.1040654,81.7,358,0,1,7,5,22,0,0,0,0,0,0,0,1,220.7,9,1,1,0,4,3,0,0.8,5,10,0.4,306.27,490,55945,0,-7.6526,6834,7394,560,0.9242629158777387
enzyme,D00322,3365,Fluconazole,hsa:1559,P11712,1,25,2,1,306.27,306.1040654,81.7,358,0,1,7,5,22,0,0,0,0,0,0,0,1,220.7,9,1,1,0,4,3,0,0.8,5,10,0.4,306.27,490,55628,0,-6.9103,5516,7394,1878,0.7460102786042737
enzyme,D00325,9642,Fluocinonide,hsa:5321,P47712,1,7,1,1,494.5,494.2116097,99.1,1070,0,1,9,4,35,0,9,9,0,0,0,0,1,362.3,13,6,1,0,0,5,1,0.8,5.6,10,3.2,494.5,749,85239,0,-9.1704,6756,7437,681,0.9084308188785801
enzyme,D00328,15209,Flurandrenolide,hsa:5321,P47712,1,7,1,1,436.5,436.2261169,93.1,868,0,2,7,2,31,0,9,9,0,0,0,0,1,327,14,6,2,0,0,5,1,0.8,4,4,1.4,436.5,749,85239,0,-8.4421,6383,7445,1062,0.8573539288112827
enzyme,D00330,3394,Flurbiprofen,hsa:5742,P23219,1,61,2,1,244.26,244.0899578,37.3,286,0,1,3,3,18,0,1,0,1,0,0,0,1,193.4,6,2,0,1,0,2,1,0.6,3,10,4.2,244.26,599,68686,4,-8.7363,7108,7467,359,0.951921789205839
enzyme,D00330,3394,Flurbiprofen,hsa:5743,P35354,1,61,2,1,244.26,244.0899578,37.3,286,0,1,3,3,18,0,1,0,1,0,0,0,1,193.4,6,2,0,1,0,2,1,0.6,3,10,4.2,244.26,604,68996,1,-8.3877,6811,7467,656,0.9121467791616445
enzyme,D00332,3446,Gabapentin,hsa:2673,Q06210,1,1,14,1,171.24,171.1259288,63.3,162,0,2,3,3,12,0,0,0,0,0,0,0,1,134.8,6,2,1,1,1,1,0,0.6,4.2,10,-1.1,171.24,699,78806,1,-5.5499,5608,7470,1862,0.7507362784471219
enzyme,D00332,3446,Gabapentin,hsa:2806,P00505,1,1,14,1,171.24,171.1259288,63.3,162,0,2,3,3,12,0,0,0,0,0,0,0,1,134.8,6,2,1,1,1,1,0,0.6,4.2,10,-1.1,171.24,430,47518,0,-5.2559,4458,7470,3012,0.5967871485943775
enzyme,D00332,3446,Gabapentin,hsa:29968,Q9Y617,1,1,14,1,171.24,171.1259288,63.3,162,0,2,3,3,12,0,0,0,0,0,0,0,1,134.8,6,2,1,1,1,1,0,0.6,4.2,10,-1.1,171.24,370,40423,5,-5.5361,5551,7470,1919,0.7431057563587684
enzyme,D00332,3446,Gabapentin,hsa:4942,P04181,2,2,14,1,171.24,171.1259288,63.3,162,0,2,3,3,12,0,0,0,0,0,0,0,1,134.8,6,2,1,1,1,1,0,0.6,4.2,10,-1.1,171.24,439,48535,1,-5.2484,4429,7470,3041,0.592904953145917
enzyme,D00332,3446,Gabapentin,hsa:51166,Q8N5Z0,2,1,14,1,171.24,171.1259288,63.3,162,0,2,3,3,12,0,0,0,0,0,0,0,1,134.8,6,2,1,1,1,1,0,0.6,4.2,10,-1.1,171.24,425,47352,0,-5.7084,6124,7470,1346,0.8198125836680054
enzyme,D00332,3446,Gabapentin,hsa:586,P54687,1,3,14,1,171.24,171.1259288,63.3,162,0,2,3,3,12,0,0,0,0,0,0,0,1,134.8,6,2,1,1,1,1,0,0.6,4.2,10,-1.1,171.24,386,42966,8,-4.917,3086,7470,4384,0.4131191432396252
enzyme,D00332,3446,Gabapentin,hsa:587,O15382,1,2,14,1,171.24,171.1259288,63.3,162,0,2,3,3,12,0,0,0,0,0,0,0,1,134.8,6,2,1,1,1,1,0,0.6,4.2,10,-1.1,171.24,392,44288,1,-6.2765,7219,7470,251,0.9663989290495315
enzyme,D00332,3446,Gabapentin,hsa:64850,Q8TBG4,1,1,14,1,171.24,171.1259288,63.3,162,0,2,3,3,12,0,0,0,0,0,0,0,1,134.8,6,2,1,1,1,1,0,0.6,4.2,10,-1.1,171.24,499,55671,1,-5.2018,4218,7470,3252,0.5646586345381526
enzyme,D00332,3446,Gabapentin,hsa:6898,P17735,2,2,14,1,171.24,171.1259288,63.3,162,0,2,3,3,12,0,0,0,0,0,0,0,1,134.8,6,2,1,1,1,1,0,0.6,4.2,10,-1.1,171.24,454,50399,6,-5.0142,3463,7470,4007,0.46358768406961176
enzyme,D00332,3446,Gabapentin,hsa:84706,Q8TD30,1,1,14,1,171.24,171.1259288,63.3,162,0,2,3,3,12,0,0,0,0,0,0,0,1,134.8,6,2,1,1,1,1,0,0.6,4.2,10,-1.1,171.24,523,57904,0,-5.1891,4162,7470,3308,0.5571619812583668
enzyme,D00333,135398740,Ganciclovir,hsa:30,P09110,2,7,1,1,255.23,255.0967539,135,346,0,4,6,5,18,0,0,0,0,0,0,0,1,179.8,11,4,4,0,1,2,0,0.6,5,10,-2.5,255.23,424,44292,2,-5.4699,2911,7397,4486,0.39353792077869404
enzyme,D00340,3639,Hydrochlorothiazide,hsa:23632,Q9ULX7,2,10,13,1,297.7,296.9644758,135,494,0,3,7,1,17,0,0,0,0,0,0,0,1,187.1,10,4,3,0,1,2,0,0.6,1.6,2,-0.1,297.7,337,37668,0,-7.6034,7088,7400,312,0.9578378378378378
enzyme,D00340,3639,Hydrochlorothiazide,hsa:377677,Q8N1Q1,1,10,13,1,297.7,296.9644758,135,494,0,3,7,1,17,0,0,0,0,0,0,0,1,187.1,10,4,3,0,1,2,0,0.6,1.6,2,-0.1,297.7,262,29443,2,-6.2375,4414,7400,2986,0.5964864864864865
enzyme,D00340,3639,Hydrochlorothiazide,hsa:759,P00915,2,21,13,1,297.7,296.9644758,135,494,0,3,7,1,17,0,0,0,0,0,0,0,1,187.1,10,4,3,0,1,2,0,0.6,1.6,2,-0.1,297.7,261,28870,1,-6.7913,5924,7400,1476,0.8005405405405406
enzyme,D00340,3639,Hydrochlorothiazide,hsa:760,P00918,2,19,13,1,297.7,296.9644758,135,494,0,3,7,1,17,0,0,0,0,0,0,0,1,187.1,10,4,3,0,1,2,0,0.6,1.6,2,-0.1,297.7,260,29246,0,-6.2875,4592,7400,2808,0.6205405405405405
enzyme,D00340,3639,Hydrochlorothiazide,hsa:761,P07451,2,10,13,1,297.7,296.9644758,135,494,0,3,7,1,17,0,0,0,0,0,0,0,1,187.1,10,4,3,0,1,2,0,0.6,1.6,2,-0.1,297.7,260,29557,2,-6.4481,5030,7400,2370,0.6797297297297298
enzyme,D00340,3639,Hydrochlorothiazide,hsa:762,P22748,1,18,13,1,297.7,296.9644758,135,494,0,3,7,1,17,0,0,0,0,0,0,0,1,187.1,10,4,3,0,1,2,0,0.6,1.6,2,-0.1,297.7,312,35032,0,-5.7855,2957,7400,4443,0.3995945945945946
enzyme,D00340,3639,Hydrochlorothiazide,hsa:765,P23280,2,10,13,1,297.7,296.9644758,135,494,0,3,7,1,17,0,0,0,0,0,0,0,1,187.1,10,4,3,0,1,2,0,0.6,1.6,2,-0.1,297.7,308,35367,0,-6.3674,4833,7400,2567,0.6531081081081082
enzyme,D00340,3639,Hydrochlorothiazide,hsa:766,P43166,1,10,13,1,297.7,296.9644758,135,494,0,3,7,1,17,0,0,0,0,0,0,0,1,187.1,10,4,3,0,1,2,0,0.6,1.6,2,-0.1,297.7,264,29658,0,-7.766,7194,7400,206,0.9721621621621621
enzyme,D00340,3639,Hydrochlorothiazide,hsa:767,P35219,1,10,13,1,297.7,296.9644758,135,494,0,3,7,1,17,0,0,0,0,0,0,0,1,187.1,10,4,3,0,1,2,0,0.6,1.6,2,-0.1,297.7,290,32973,11,-6.7196,5756,7400,1644,0.7778378378378379
enzyme,D00340,3639,Hydrochlorothiazide,hsa:768,Q16790,2,10,13,1,297.7,296.9644758,135,494,0,3,7,1,17,0,0,0,0,0,0,0,1,187.1,10,4,3,0,1,2,0,0.6,1.6,2,-0.1,297.7,459,49698,2,-6.848,6027,7400,1373,0.8144594594594594
enzyme,D00340,3639,Hydrochlorothiazide,hsa:771,O43570,1,10,13,1,297.7,296.9644758,135,494,0,3,7,1,17,0,0,0,0,0,0,0,1,187.1,10,4,3,0,1,2,0,0.6,1.6,2,-0.1,297.7,354,39451,0,-8.3231,7358,7400,42,0.9943243243243243
enzyme,D00342,5905,Idoxuridine,hsa:30,P09110,2,7,1,1,354.1,353.97127,99.1,386,0,3,5,2,17,0,3,3,0,0,0,0,1,191.2,11,5,3,0,0,2,1,0.6,3,10,-1,354.1,424,44292,2,-5.7704,3620,7322,3702,0.4944004370390604
enzyme,D00359,53232,Lovastatin,hsa:3156,P04035,1,12,1,1,404.5,404.2562742,72.8,666,0,1,5,7,29,0,8,8,0,0,0,0,1,320.6,9,3,1,0,0,3,2,1,9,10,4.3,404.5,888,97476,2,-7.5156,5293,7518,2225,0.7040436286246342
enzyme,D00364,3957,Loratadine,hsa:1576,P08684,2,34,1,1,382.9,382.1448057,42.4,569,0,0,3,2,27,0,0,0,0,0,0,0,1,293.6,6,2,0,0,0,4,0,0.8,4.4,10,5.2,382.9,503,57343,2,-9.4221,7108,7383,275,0.9627522687254504
enzyme,D00369,460612,Melphalan,hsa:189,P21549,1,1,1,1,305.2,304.0745332,66.6,265,0,2,4,8,19,0,1,1,0,0,0,0,1,224.8,7,2,1,1,2,1,0,0.8,8,10,-0.5,305.2,392,43010,36,-5.8391,4952,7322,2370,0.6763179459164163
enzyme,D00371,2153,Theophylline,hsa:10846,Q9Y233,1,20,19,1,180.16,180.0647255,69.3,267,0,1,3,0,13,0,0,0,0,0,0,0,1,130.4,6,2,1,0,1,2,0,0.4,0,1,0,180.16,1055,114946,0,-6.465,7044,7470,426,0.9429718875502008
enzyme,D00371,2153,Theophylline,hsa:5138,O00408,2,20,19,1,180.16,180.0647255,69.3,267,0,1,3,0,13,0,0,0,0,0,0,0,1,130.4,6,2,1,0,1,2,0,0.4,0,1,0,180.16,941,105717,2,-5.6644,5016,7470,2454,0.6714859437751004
enzyme,D00371,2153,Theophylline,hsa:5140,Q13370,2,20,19,1,180.16,180.0647255,69.3,267,0,1,3,0,13,0,0,0,0,0,0,0,1,130.4,6,2,1,0,1,2,0,0.4,0,1,0,180.16,1112,124333,5,-6.3864,6933,7470,537,0.9281124497991968
enzyme,D00371,2153,Theophylline,hsa:5141,P27815,1,20,19,1,180.16,180.0647255,69.3,267,0,1,3,0,13,0,0,0,0,0,0,0,1,130.4,6,2,1,0,1,2,0,0.4,0,1,0,180.16,886,98143,7,-5.9014,5788,7470,1682,0.7748326639892905
enzyme,D00371,2153,Theophylline,hsa:5142,Q07343,2,20,19,1,180.16,180.0647255,69.3,267,0,1,3,0,13,0,0,0,0,0,0,0,1,130.4,6,2,1,0,1,2,0,0.4,0,1,0,180.16,736,83343,2,-6.5296,7113,7470,357,0.9522088353413655
enzyme,D00371,2153,Theophylline,hsa:5143,Q08493,4,20,19,1,180.16,180.0647255,69.3,267,0,1,3,0,13,0,0,0,0,0,0,0,1,130.4,6,2,1,0,1,2,0,0.4,0,1,0,180.16,712,79902,10,-5.3837,4036,7470,3434,0.5402945113788488
enzyme,D00371,2153,Theophylline,hsa:5144,Q08499,2,20,19,1,180.16,180.0647255,69.3,267,0,1,3,0,13,0,0,0,0,0,0,0,1,130.4,6,2,1,0,1,2,0,0.4,0,1,0,180.16,809,91115,12,-6.4814,7064,7470,406,0.9456492637215529
enzyme,D00371,2153,Theophylline,hsa:5147,O43924,2,20,19,1,180.16,180.0647255,69.3,267,0,1,3,0,13,0,0,0,0,0,0,0,1,130.4,6,2,1,0,1,2,0,0.4,0,1,0,180.16,150,17420,12,-5.2383,3494,7470,3976,0.4677376171352075
enzyme,D00371,2153,Theophylline,hsa:5148,P18545,1,20,19,1,180.16,180.0647255,69.3,267,0,1,3,0,13,0,0,0,0,0,0,0,1,130.4,6,2,1,0,1,2,0,0.4,0,1,0,180.16,87,9643,8,-3.3394,205,7470,7265,0.02744310575635877
enzyme,D00371,2153,Theophylline,hsa:5150,Q13946,1,18,19,1,180.16,180.0647255,69.3,267,0,1,3,0,13,0,0,0,0,0,0,0,1,130.4,6,2,1,0,1,2,0,0.4,0,1,0,180.16,482,55505,0,-6.4267,6992,7470,478,0.9360107095046855
enzyme,D00371,2153,Theophylline,hsa:5151,O60658,1,20,19,1,180.16,180.0647255,69.3,267,0,1,3,0,13,0,0,0,0,0,0,0,1,130.4,6,2,1,0,1,2,0,0.4,0,1,0,180.16,829,93304,0,-6.418,6983,7470,487,0.934805890227577
enzyme,D00371,2153,Theophylline,hsa:5152,O76083,2,19,19,1,180.16,180.0647255,69.3,267,0,1,3,0,13,0,0,0,0,0,0,0,1,130.4,6,2,1,0,1,2,0,0.4,0,1,0,180.16,593,68493,46,-5.7566,5337,7470,2133,0.7144578313253012
enzyme,D00371,2153,Theophylline,hsa:8654,O76074,1,20,19,1,180.16,180.0647255,69.3,267,0,1,3,0,13,0,0,0,0,0,0,0,1,130.4,6,2,1,0,1,2,0,0.4,0,1,0,180.16,875,99985,2,-5.9193,5848,7470,1622,0.7828647925033467
enzyme,D00377,4075,5-Aminosalicylic Acid,hsa:240,P09917,1,11,4,1,153.14,153.0425931,83.6,160,0,3,4,1,11,0,0,0,0,0,0,0,1,113.7,7,2,2,1,1,1,0,0.4,1,3,1.3,153.14,674,77983,24,-6.8089,7372,7469,97,0.987012987012987
enzyme,D00377,4075,5-Aminosalicylic Acid,hsa:5742,P23219,1,61,4,1,153.14,153.0425931,83.6,160,0,3,4,1,11,0,0,0,0,0,0,0,1,113.7,7,2,2,1,1,1,0,0.4,1,3,1.3,153.14,599,68686,4,-6.1454,6432,7469,1037,0.8611594590976034
enzyme,D00377,4075,5-Aminosalicylic Acid,hsa:5743,P35354,1,61,4,1,153.14,153.0425931,83.6,160,0,3,4,1,11,0,0,0,0,0,0,0,1,113.7,7,2,2,1,1,1,0,0.4,1,3,1.3,153.14,604,68996,1,-6.2389,6679,7469,790,0.8942294818583478
enzyme,D00377,4075,5-Aminosalicylic Acid,hsa:7172,P51580,1,1,4,1,153.14,153.0425931,83.6,160,0,3,4,1,11,0,0,0,0,0,0,0,1,113.7,7,2,2,1,1,1,0,0.4,1,3,1.3,153.14,245,28180,3,-6.556,7199,7469,270,0.9638505824072834
enzyme,D00380,5505,Tolbutamide,hsa:10858,Q9Y6A2,1,11,44,1,270.35,270.1038136,83.7,354,0,2,3,5,18,0,0,0,0,0,0,0,1,207,7,3,2,0,0,1,1,0.8,7,10,2.3,270.35,500,56821,0,-7.4687,6692,7466,774,0.8963300294669166
enzyme,D00380,5505,Tolbutamide,hsa:1543,P04798,2,19,44,1,270.35,270.1038136,83.7,354,0,2,3,5,18,0,0,0,0,0,0,0,1,207,7,3,2,0,0,1,1,0.8,7,10,2.3,270.35,512,58165,2,-8.7413,7450,7466,16,0.997856951513528
enzyme,D00380,5505,Tolbutamide,hsa:1544,P05177,1,24,44,1,270.35,270.1038136,83.7,354,0,2,3,5,18,0,0,0,0,0,0,0,1,207,7,3,2,0,0,1,1,0.8,7,10,2.3,270.35,516,58407,1,-8.2407,7349,7466,117,0.9843289579426735
enzyme,D00380,5505,Tolbutamide,hsa:1545,Q16678,2,18,44,1,270.35,270.1038136,83.7,354,0,2,3,5,18,0,0,0,0,0,0,0,1,207,7,3,2,0,0,1,1,0.8,7,10,2.3,270.35,543,60846,1,-8.4865,7423,7466,43,0.9942405571926065
enzyme,D00380,5505,Tolbutamide,hsa:1548,P11509,1,18,44,1,270.35,270.1038136,83.7,354,0,2,3,5,18,0,0,0,0,0,0,0,1,207,7,3,2,0,0,1,1,0.8,7,10,2.3,270.35,494,56517,1,-7.7393,7040,7466,426,0.9429413340476829
enzyme,D00380,5505,Tolbutamide,hsa:1551,P24462,1,18,44,1,270.35,270.1038136,83.7,354,0,2,3,5,18,0,0,0,0,0,0,0,1,207,7,3,2,0,0,1,1,0.8,7,10,2.3,270.35,503,57470,0,-7.1936,6211,7466,1255,0.831904634342352
enzyme,D00380,5505,Tolbutamide,hsa:1553,Q16696,1,19,44,1,270.35,270.1038136,83.7,354,0,2,3,5,18,0,0,0,0,0,0,0,1,207,7,3,2,0,0,1,1,0.8,7,10,2.3,270.35,494,56688,0,-7.4612,6681,7466,785,0.8948566836324672
enzyme,D00380,5505,Tolbutamide,hsa:1555,P20813,1,18,44,1,270.35,270.1038136,83.7,354,0,2,3,5,18,0,0,0,0,0,0,0,1,207,7,3,2,0,0,1,1,0.8,7,10,2.3,270.35,491,56278,0,-7.2845,6375,7466,1091,0.85387088132869
enzyme,D00380,5505,Tolbutamide,hsa:1557,P33261,1,27,44,1,270.35,270.1038136,83.7,354,0,2,3,5,18,0,0,0,0,0,0,0,1,207,7,3,2,0,0,1,1,0.8,7,10,2.3,270.35,490,55945,0,-7.4983,6740,7466,726,0.9027591749263327
enzyme,D00380,5505,Tolbutamide,hsa:1558,P10632,1,22,44,1,270.35,270.1038136,83.7,354,0,2,3,5,18,0,0,0,0,0,0,0,1,207,7,3,2,0,0,1,1,0.8,7,10,2.3,270.35,490,55825,3,-7.7216,7014,7466,452,0.9394588802571658
enzyme,D00380,5505,Tolbutamide,hsa:1559,P11712,1,25,44,1,270.35,270.1038136,83.7,354,0,2,3,5,18,0,0,0,0,0,0,0,1,207,7,3,2,0,0,1,1,0.8,7,10,2.3,270.35,490,55628,0,-6.9023,5578,7466,1888,0.7471202785963033
enzyme,D00380,5505,Tolbutamide,hsa:1562,P33260,2,18,44,1,270.35,270.1038136,83.7,354,0,2,3,5,18,0,0,0,0,0,0,0,1,207,7,3,2,0,0,1,1,0.8,7,10,2.3,270.35,490,55711,0,-4.2613,216,7466,7250,0.028931154567372087
enzyme,D00380,5505,Tolbutamide,hsa:1565,P10635,3,30,44,1,270.35,270.1038136,83.7,354,0,2,3,5,18,0,0,0,0,0,0,0,1,207,7,3,2,0,0,1,1,0.8,7,10,2.3,270.35,497,55769,0,-7.3145,6432,7466,1034,0.8615054915617466
enzyme,D00380,5505,Tolbutamide,hsa:1571,P05181,1,23,44,1,270.35,270.1038136,83.7,354,0,2,3,5,18,0,0,0,0,0,0,0,1,207,7,3,2,0,0,1,1,0.8,7,10,2.3,270.35,493,56849,0,-7.4954,6733,7466,733,0.9018215912135013
enzyme,D00380,5505,Tolbutamide,hsa:1576,P08684,2,34,44,1,270.35,270.1038136,83.7,354,0,2,3,5,18,0,0,0,0,0,0,0,1,207,7,3,2,0,0,1,1,0.8,7,10,2.3,270.35,503,57343,2,-7.0741,5964,7466,1502,0.7988213233324404
enzyme,D00380,5505,Tolbutamide,hsa:1577,P20815,1,18,44,1,270.35,270.1038136,83.7,354,0,2,3,5,18,0,0,0,0,0,0,0,1,207,7,3,2,0,0,1,1,0.8,7,10,2.3,270.35,502,57109,1,-7.3174,6442,7466,1024,0.8628448968657916
enzyme,D00380,5505,Tolbutamide,hsa:1581,P22680,1,11,44,1,270.35,270.1038136,83.7,354,0,2,3,5,18,0,0,0,0,0,0,0,1,207,7,3,2,0,0,1,1,0.8,7,10,2.3,270.35,504,57661,0,-7.1258,6060,7466,1406,0.8116796142512724
enzyme,D00380,5505,Tolbutamide,hsa:1582,Q9UNU6,1,11,44,1,270.35,270.1038136,83.7,354,0,2,3,5,18,0,0,0,0,0,0,0,1,207,7,3,2,0,0,1,1,0.8,7,10,2.3,270.35,501,58068,0,-7.2387,6302,7466,1164,0.8440932226091615
enzyme,D00380,5505,Tolbutamide,hsa:1583,P05108,2,10,44,1,270.35,270.1038136,83.7,354,0,2,3,5,18,0,0,0,0,0,0,0,1,207,7,3,2,0,0,1,1,0.8,7,10,2.3,270.35,521,60102,1,-7.296,6393,7466,1073,0.8562818108759711
enzyme,D00380,5505,Tolbutamide,hsa:1584,P15538,2,11,44,1,270.35,270.1038136,83.7,354,0,2,3,5,18,0,0,0,0,0,0,0,1,207,7,3,2,0,0,1,1,0.8,7,10,2.3,270.35,503,57573,0,-7.2852,6376,7466,1090,0.8540048218590945
enzyme,D00380,5505,Tolbutamide,hsa:1585,P19099,1,9,44,1,270.35,270.1038136,83.7,354,0,2,3,5,18,0,0,0,0,0,0,0,1,207,7,3,2,0,0,1,1,0.8,7,10,2.3,270.35,503,57560,0,-7.1931,6210,7466,1256,0.8317706938119475
enzyme,D00380,5505,Tolbutamide,hsa:1586,P05093,2,13,44,1,270.35,270.1038136,83.7,354,0,2,3,5,18,0,0,0,0,0,0,0,1,207,7,3,2,0,0,1,1,0.8,7,10,2.3,270.35,508,57371,0,-7.2955,6390,7466,1076,0.8558799892847576
enzyme,D00380,5505,Tolbutamide,hsa:1588,P11511,3,20,44,1,270.35,270.1038136,83.7,354,0,2,3,5,18,0,0,0,0,0,0,0,1,207,7,3,2,0,0,1,1,0.8,7,10,2.3,270.35,503,57883,0,-7.3681,6539,7466,927,0.8758371283150281
enzyme,D00380,5505,Tolbutamide,hsa:1589,P08686,2,10,44,1,270.35,270.1038136,83.7,354,0,2,3,5,18,0,0,0,0,0,0,0,1,207,7,3,2,0,0,1,1,0.8,7,10,2.3,270.35,495,56001,0,-7.3435,6503,7466,963,0.8710152692204661
enzyme,D00380,5505,Tolbutamide,hsa:1595,Q16850,1,12,44,1,270.35,270.1038136,83.7,354,0,2,3,5,18,0,0,0,0,0,0,0,1,207,7,3,2,0,0,1,1,0.8,7,10,2.3,270.35,509,57278,0,-6.9533,5686,7466,1780,0.7615858558799893
enzyme,D00380,5505,Tolbutamide,hsa:5740,Q16647,1,12,44,1,270.35,270.1038136,83.7,354,0,2,3,5,18,0,0,0,0,0,0,0,1,207,7,3,2,0,0,1,1,0.8,7,10,2.3,270.35,500,57104,0,-7.2986,6398,7466,1068,0.8569515135279936
enzyme,D00383,5484727,Trandolapril,hsa:1636,P12821,2,31,1,1,430.5,430.2467722,95.9,633,0,2,6,10,31,0,5,5,0,0,0,0,1,339.7,10,4,1,1,1,3,0,1.2,12.4,10,2,430.5,1306,149715,1,-8.0649,6309,7373,1064,0.8556896785568968
enzyme,D00387,5556,Triazolam,hsa:1576,P08684,2,34,1,1,343.2,342.0439018,43.1,472,0,0,3,1,23,0,0,0,0,0,0,0,1,248,7,1,0,0,2,4,0,0.6,1.2,7,2.4,343.2,503,57343,2,-8.8933,6987,7463,476,0.9362186788154897
enzyme,D00391,6256,Trifluridine,hsa:30,P09110,2,7,1,1,296.2,296.0620059,99.1,464,0,3,8,2,20,0,3,3,0,0,0,0,1,195.8,10,5,3,0,0,2,0,0.6,4,10,-0.5,296.2,424,44292,2,-6.6255,4317,7320,3003,0.5897540983606557
enzyme,D00394,5584,Trimipramine,hsa:10858,Q9Y6A2,1,11,44,1,294.4,294.2095988,6.5,317,0,0,2,4,22,0,1,0,1,0,0,0,1,244.4,6,0,0,0,2,3,1,0.8,4.6,10,5.8,294.4,500,56821,0,-7.8043,6801,7569,768,0.8985334918747523
enzyme,D00394,5584,Trimipramine,hsa:1543,P04798,2,19,44,1,294.4,294.2095988,6.5,317,0,0,2,4,22,0,1,0,1,0,0,0,1,244.4,6,0,0,0,2,3,1,0.8,4.6,10,5.8,294.4,512,58165,2,-8.2821,7212,7569,357,0.9528339278636544
enzyme,D00394,5584,Trimipramine,hsa:1544,P05177,1,24,44,1,294.4,294.2095988,6.5,317,0,0,2,4,22,0,1,0,1,0,0,0,1,244.4,6,0,0,0,2,3,1,0.8,4.6,10,5.8,294.4,516,58407,1,-7.7182,6708,7569,861,0.8862465319064605
enzyme,D00394,5584,Trimipramine,hsa:1545,Q16678,2,18,44,1,294.4,294.2095988,6.5,317,0,0,2,4,22,0,1,0,1,0,0,0,1,244.4,6,0,0,0,2,3,1,0.8,4.6,10,5.8,294.4,543,60846,1,-7.8984,6906,7569,663,0.912405866032501
enzyme,D00394,5584,Trimipramine,hsa:1548,P11509,1,18,44,1,294.4,294.2095988,6.5,317,0,0,2,4,22,0,1,0,1,0,0,0,1,244.4,6,0,0,0,2,3,1,0.8,4.6,10,5.8,294.4,494,56517,1,-8.6485,7409,7569,160,0.9788611441405733
enzyme,D00394,5584,Trimipramine,hsa:1551,P24462,1,18,44,1,294.4,294.2095988,6.5,317,0,0,2,4,22,0,1,0,1,0,0,0,1,244.4,6,0,0,0,2,3,1,0.8,4.6,10,5.8,294.4,503,57470,0,-7.5418,6505,7569,1064,0.859426608534813
enzyme,D00394,5584,Trimipramine,hsa:1553,Q16696,1,19,44,1,294.4,294.2095988,6.5,317,0,0,2,4,22,0,1,0,1,0,0,0,1,244.4,6,0,0,0,2,3,1,0.8,4.6,10,5.8,294.4,494,56688,0,-8.5475,7370,7569,199,0.9737085480248382
enzyme,D00394,5584,Trimipramine,hsa:1555,P20813,1,18,44,1,294.4,294.2095988,6.5,317,0,0,2,4,22,0,1,0,1,0,0,0,1,244.4,6,0,0,0,2,3,1,0.8,4.6,10,5.8,294.4,491,56278,0,-7.3066,6085,7569,1484,0.8039371119038182
enzyme,D00394,5584,Trimipramine,hsa:1557,P33261,1,27,44,1,294.4,294.2095988,6.5,317,0,0,2,4,22,0,1,0,1,0,0,0,1,244.4,6,0,0,0,2,3,1,0.8,4.6,10,5.8,294.4,490,55945,0,-8.5675,7374,7569,195,0.9742370194213238
enzyme,D00394,5584,Trimipramine,hsa:1558,P10632,1,22,44,1,294.4,294.2095988,6.5,317,0,0,2,4,22,0,1,0,1,0,0,0,1,244.4,6,0,0,0,2,3,1,0.8,4.6,10,5.8,294.4,490,55825,3,-7.9245,6940,7569,629,0.9168978729026291
enzyme,D00394,5584,Trimipramine,hsa:1559,P11712,1,25,44,1,294.4,294.2095988,6.5,317,0,0,2,4,22,0,1,0,1,0,0,0,1,244.4,6,0,0,0,2,3,1,0.8,4.6,10,5.8,294.4,490,55628,0,-7.6121,6586,7569,983,0.8701281543136478
enzyme,D00394,5584,Trimipramine,hsa:1562,P33260,2,18,44,1,294.4,294.2095988,6.5,317,0,0,2,4,22,0,1,0,1,0,0,0,1,244.4,6,0,0,0,2,3,1,0.8,4.6,10,5.8,294.4,490,55711,0,-4.0125,201,7569,7368,0.026555687673404677
enzyme,D00394,5584,Trimipramine,hsa:1565,P10635,3,30,44,1,294.4,294.2095988,6.5,317,0,0,2,4,22,0,1,0,1,0,0,0,1,244.4,6,0,0,0,2,3,1,0.8,4.6,10,5.8,294.4,497,55769,0,-7.8754,6879,7569,690,0.9088386841062227
enzyme,D00394,5584,Trimipramine,hsa:1571,P05181,1,23,44,1,294.4,294.2095988,6.5,317,0,0,2,4,22,0,1,0,1,0,0,0,1,244.4,6,0,0,0,2,3,1,0.8,4.6,10,5.8,294.4,493,56849,0,-7.6421,6625,7569,944,0.875280750429383
enzyme,D00394,5584,Trimipramine,hsa:1576,P08684,2,34,44,1,294.4,294.2095988,6.5,317,0,0,2,4,22,0,1,0,1,0,0,0,1,244.4,6,0,0,0,2,3,1,0.8,4.6,10,5.8,294.4,503,57343,2,-7.6997,6678,7569,891,0.882282996432818
enzyme,D00394,5584,Trimipramine,hsa:1577,P20815,1,18,44,1,294.4,294.2095988,6.5,317,0,0,2,4,22,0,1,0,1,0,0,0,1,244.4,6,0,0,0,2,3,1,0.8,4.6,10,5.8,294.4,502,57109,1,-7.969,6985,7569,584,0.9228431761130929
enzyme,D00394,5584,Trimipramine,hsa:1581,P22680,1,11,44,1,294.4,294.2095988,6.5,317,0,0,2,4,22,0,1,0,1,0,0,0,1,244.4,6,0,0,0,2,3,1,0.8,4.6,10,5.8,294.4,504,57661,0,-7.4232,6321,7569,1248,0.8351169242964724
enzyme,D00394,5584,Trimipramine,hsa:1582,Q9UNU6,1,11,44,1,294.4,294.2095988,6.5,317,0,0,2,4,22,0,1,0,1,0,0,0,1,244.4,6,0,0,0,2,3,1,0.8,4.6,10,5.8,294.4,501,58068,0,-8.0369,7043,7569,526,0.9305060113621351
enzyme,D00394,5584,Trimipramine,hsa:1583,P05108,2,10,44,1,294.4,294.2095988,6.5,317,0,0,2,4,22,0,1,0,1,0,0,0,1,244.4,6,0,0,0,2,3,1,0.8,4.6,10,5.8,294.4,521,60102,1,-7.4857,6428,7569,1141,0.849253534152464
enzyme,D00394,5584,Trimipramine,hsa:1584,P15538,2,11,44,1,294.4,294.2095988,6.5,317,0,0,2,4,22,0,1,0,1,0,0,0,1,244.4,6,0,0,0,2,3,1,0.8,4.6,10,5.8,294.4,503,57573,0,-7.2768,6032,7569,1537,0.7969348659003831
enzyme,D00394,5584,Trimipramine,hsa:1585,P19099,1,9,44,1,294.4,294.2095988,6.5,317,0,0,2,4,22,0,1,0,1,0,0,0,1,244.4,6,0,0,0,2,3,1,0.8,4.6,10,5.8,294.4,503,57560,0,-8.6081,7395,7569,174,0.9770114942528736
enzyme,D00394,5584,Trimipramine,hsa:1586,P05093,2,13,44,1,294.4,294.2095988,6.5,317,0,0,2,4,22,0,1,0,1,0,0,0,1,244.4,6,0,0,0,2,3,1,0.8,4.6,10,5.8,294.4,508,57371,0,-7.4503,6357,7569,1212,0.8398731668648435
enzyme,D00394,5584,Trimipramine,hsa:1588,P11511,3,20,44,1,294.4,294.2095988,6.5,317,0,0,2,4,22,0,1,0,1,0,0,0,1,244.4,6,0,0,0,2,3,1,0.8,4.6,10,5.8,294.4,503,57883,0,-7.9238,6939,7569,630,0.9167657550535078
enzyme,D00394,5584,Trimipramine,hsa:1589,P08686,2,10,44,1,294.4,294.2095988,6.5,317,0,0,2,4,22,0,1,0,1,0,0,0,1,244.4,6,0,0,0,2,3,1,0.8,4.6,10,5.8,294.4,495,56001,0,-8.0411,7047,7569,522,0.9310344827586207
enzyme,D00394,5584,Trimipramine,hsa:1595,Q16850,1,12,44,1,294.4,294.2095988,6.5,317,0,0,2,4,22,0,1,0,1,0,0,0,1,244.4,6,0,0,0,2,3,1,0.8,4.6,10,5.8,294.4,509,57278,0,-6.9857,5394,7569,2175,0.7126436781609196
enzyme,D00394,5584,Trimipramine,hsa:5740,Q16647,1,12,44,1,294.4,294.2095988,6.5,317,0,0,2,4,22,0,1,0,1,0,0,0,1,244.4,6,0,0,0,2,3,1,0.8,4.6,10,5.8,294.4,500,57104,0,-7.0414,5531,7569,2038,0.7307438234905536
enzyme,D00398,135398741,Valacyclovir Hydrochloride,hsa:30,P09110,2,7,1,1,360.8,360.1312809,147,483,0,4,7,8,24,0,1,1,0,0,0,0,2,,,,,,,,,,,0,,360.8,424,44292,2,-6.6494,4607,7293,2686,0.6317016317016317
enzyme,D00401,1349907,Methimazole,hsa:4353,P05164,1,5,8,1,114.17,114.0251694,47.4,119,0,1,1,0,7,0,0,0,0,0,0,0,1,86,3,1,1,0,0,1,0,0.4,0,1,-0.3,114.17,745,83869,3,-4.4901,7506,7536,30,0.9960191082802548
enzyme,D00401,1349907,Methimazole,hsa:7453,P23381,2,2,8,1,114.17,114.0251694,47.4,119,0,1,1,0,7,0,0,0,0,0,0,0,1,86,3,1,1,0,0,1,0,0.4,0,1,-0.3,114.17,471,53165,2,-4.2269,7335,7536,201,0.973328025477707
enzyme,D00410,4174,Metyrapone,hsa:10858,Q9Y6A2,1,11,44,1,226.27,226.1106131,42.9,275,0,0,3,3,17,0,0,0,0,0,0,0,1,183.3,6,3,0,0,0,2,1,0.6,3,10,2,226.27,500,56821,0,-7.1556,6522,7532,1010,0.8659054699946893
enzyme,D00410,4174,Metyrapone,hsa:1544,P05177,1,24,44,1,226.27,226.1106131,42.9,275,0,0,3,3,17,0,0,0,0,0,0,0,1,183.3,6,3,0,0,0,2,1,0.6,3,10,2,226.27,516,58407,1,-7.1722,6557,7532,975,0.8705523101433882
enzyme,D00410,4174,Metyrapone,hsa:1545,Q16678,2,18,44,1,226.27,226.1106131,42.9,275,0,0,3,3,17,0,0,0,0,0,0,0,1,183.3,6,3,0,0,0,2,1,0.6,3,10,2,226.27,543,60846,1,-7.2308,6659,7532,873,0.8840945300053107
enzyme,D00410,4174,Metyrapone,hsa:1548,P11509,1,18,44,1,226.27,226.1106131,42.9,275,0,0,3,3,17,0,0,0,0,0,0,0,1,183.3,6,3,0,0,0,2,1,0.6,3,10,2,226.27,494,56517,1,-7.8189,7265,7532,267,0.9645512480084971
enzyme,D00410,4174,Metyrapone,hsa:1551,P24462,1,18,44,1,226.27,226.1106131,42.9,275,0,0,3,3,17,0,0,0,0,0,0,0,1,183.3,6,3,0,0,0,2,1,0.6,3,10,2,226.27,503,57470,0,-6.4476,4926,7532,2606,0.6540095592140202
enzyme,D00410,4174,Metyrapone,hsa:1553,Q16696,1,19,44,1,226.27,226.1106131,42.9,275,0,0,3,3,17,0,0,0,0,0,0,0,1,183.3,6,3,0,0,0,2,1,0.6,3,10,2,226.27,494,56688,0,-7.4937,6988,7532,544,0.9277748274030801
enzyme,D00410,4174,Metyrapone,hsa:1555,P20813,1,18,44,1,226.27,226.1106131,42.9,275,0,0,3,3,17,0,0,0,0,0,0,0,1,183.3,6,3,0,0,0,2,1,0.6,3,10,2,226.27,491,56278,0,-7.1053,6438,7532,1094,0.854753053637812
enzyme,D00410,4174,Metyrapone,hsa:1557,P33261,1,27,44,1,226.27,226.1106131,42.9,275,0,0,3,3,17,0,0,0,0,0,0,0,1,183.3,6,3,0,0,0,2,1,0.6,3,10,2,226.27,490,55945,0,-7.0653,6375,7532,1157,0.846388741370154
enzyme,D00410,4174,Metyrapone,hsa:1558,P10632,1,22,44,1,226.27,226.1106131,42.9,275,0,0,3,3,17,0,0,0,0,0,0,0,1,183.3,6,3,0,0,0,2,1,0.6,3,10,2,226.27,490,55825,3,-7.4152,6904,7532,628,0.9166224110462029
enzyme,D00410,4174,Metyrapone,hsa:1559,P11712,1,25,44,1,226.27,226.1106131,42.9,275,0,0,3,3,17,0,0,0,0,0,0,0,1,183.3,6,3,0,0,0,2,1,0.6,3,10,2,226.27,490,55628,0,-7.2249,6649,7532,883,0.8827668613913967
enzyme,D00410,4174,Metyrapone,hsa:1562,P33260,2,18,44,1,226.27,226.1106131,42.9,275,0,0,3,3,17,0,0,0,0,0,0,0,1,183.3,6,3,0,0,0,2,1,0.6,3,10,2,226.27,490,55711,0,-4.1162,284,7532,7248,0.03770578863515667
enzyme,D00410,4174,Metyrapone,hsa:1565,P10635,3,30,44,1,226.27,226.1106131,42.9,275,0,0,3,3,17,0,0,0,0,0,0,0,1,183.3,6,3,0,0,0,2,1,0.6,3,10,2,226.27,497,55769,0,-7.3969,6881,7532,651,0.9135687732342007
enzyme,D00410,4174,Metyrapone,hsa:1571,P05181,1,23,44,1,226.27,226.1106131,42.9,275,0,0,3,3,17,0,0,0,0,0,0,0,1,183.3,6,3,0,0,0,2,1,0.6,3,10,2,226.27,493,56849,0,-6.833,5891,7532,1641,0.782129580456718
enzyme,D00410,4174,Metyrapone,hsa:1576,P08684,2,34,44,1,226.27,226.1106131,42.9,275,0,0,3,3,17,0,0,0,0,0,0,0,1,183.3,6,3,0,0,0,2,1,0.6,3,10,2,226.27,503,57343,2,-6.6388,5445,7532,2087,0.7229155602761551
enzyme,D00410,4174,Metyrapone,hsa:1577,P20815,1,18,44,1,226.27,226.1106131,42.9,275,0,0,3,3,17,0,0,0,0,0,0,0,1,183.3,6,3,0,0,0,2,1,0.6,3,10,2,226.27,502,57109,1,-7.2873,6738,7532,794,0.894583112055231
enzyme,D00410,4174,Metyrapone,hsa:1581,P22680,1,11,44,1,226.27,226.1106131,42.9,275,0,0,3,3,17,0,0,0,0,0,0,0,1,183.3,6,3,0,0,0,2,1,0.6,3,10,2,226.27,504,57661,0,-6.7426,5684,7532,1848,0.7546468401486989
enzyme,D00410,4174,Metyrapone,hsa:1582,Q9UNU6,1,11,44,1,226.27,226.1106131,42.9,275,0,0,3,3,17,0,0,0,0,0,0,0,1,183.3,6,3,0,0,0,2,1,0.6,3,10,2,226.27,501,58068,0,-6.4515,4937,7532,2595,0.6554699946893255
enzyme,D00410,4174,Metyrapone,hsa:1584,P15538,2,11,44,1,226.27,226.1106131,42.9,275,0,0,3,3,17,0,0,0,0,0,0,0,1,183.3,6,3,0,0,0,2,1,0.6,3,10,2,226.27,503,57573,0,-6.4665,4984,7532,2548,0.6617100371747212
enzyme,D00410,4174,Metyrapone,hsa:1586,P05093,2,13,44,1,226.27,226.1106131,42.9,275,0,0,3,3,17,0,0,0,0,0,0,0,1,183.3,6,3,0,0,0,2,1,0.6,3,10,2,226.27,508,57371,0,-7.0852,6407,7532,1125,0.8506372809346787
enzyme,D00410,4174,Metyrapone,hsa:1588,P11511,3,20,44,1,226.27,226.1106131,42.9,275,0,0,3,3,17,0,0,0,0,0,0,0,1,183.3,6,3,0,0,0,2,1,0.6,3,10,2,226.27,503,57883,0,-6.4212,4860,7532,2672,0.645246946362188
enzyme,D00410,4174,Metyrapone,hsa:1589,P08686,2,10,44,1,226.27,226.1106131,42.9,275,0,0,3,3,17,0,0,0,0,0,0,0,1,183.3,6,3,0,0,0,2,1,0.6,3,10,2,226.27,495,56001,0,-7.2871,6737,7532,795,0.8944503451938396
enzyme,D00410,4174,Metyrapone,hsa:1595,Q16850,1,12,44,1,226.27,226.1106131,42.9,275,0,0,3,3,17,0,0,0,0,0,0,0,1,183.3,6,3,0,0,0,2,1,0.6,3,10,2,226.27,509,57278,0,-7.0306,6327,7532,1205,0.840015932023367
enzyme,D00410,4174,Metyrapone,hsa:3290,P28845,2,1,44,1,226.27,226.1106131,42.9,275,0,0,3,3,17,0,0,0,0,0,0,0,1,183.3,6,3,0,0,0,2,1,0.6,3,10,2,226.27,292,32401,0,-6.8836,6019,7532,1513,0.7991237387148168
enzyme,D00410,4174,Metyrapone,hsa:51181,Q7Z4W1,2,3,44,1,226.27,226.1106131,42.9,275,0,0,3,3,17,0,0,0,0,0,0,0,1,183.3,6,3,0,0,0,2,1,0.6,3,10,2,226.27,244,25913,2,-7.4451,6941,7532,591,0.9215347849176846
enzyme,D00410,4174,Metyrapone,hsa:5740,Q16647,1,12,44,1,226.27,226.1106131,42.9,275,0,0,3,3,17,0,0,0,0,0,0,0,1,183.3,6,3,0,0,0,2,1,0.6,3,10,2,226.27,500,57104,0,-6.8353,5900,7532,1632,0.7833244822092406
enzyme,D00414,60490,Zileuton,hsa:240,P09917,1,11,1,1,236.29,236.0619488,94.8,275,0,2,3,2,16,0,1,0,1,0,0,0,1,178.3,4,1,1,0,0,2,0,0.6,3,10,1.6,236.29,674,77983,24,-7.6648,6841,7327,486,0.9336699877166644
enzyme,D00416,4189,Miconazole,hsa:1557,P33261,1,27,2,1,416.1,413.986024,27.1,417,0,0,2,6,25,0,1,0,1,0,0,0,1,292.2,5,1,0,0,1,3,0,0.8,6,10,5.3,416.1,490,55945,0,-9.0394,7264,7390,126,0.9829499323410014
enzyme,D00416,4189,Miconazole,hsa:1559,P11712,1,25,2,1,416.1,413.986024,27.1,417,0,0,2,6,25,0,1,0,1,0,0,0,1,292.2,5,1,0,0,1,3,0,0.8,6,10,5.3,416.1,490,55628,0,-8.2788,6793,7390,597,0.9192151556156969
enzyme,D00417,4197,Milrinone,hsa:10846,Q9Y233,1,20,47,1,211.22,211.0745619,65.8,419,0,1,3,1,16,0,0,0,0,0,0,0,1,166.2,6,3,1,0,0,2,0,0.6,1,1,0,211.22,1055,114946,0,-7.097,6039,7469,1430,0.8085419734904271
enzyme,D00417,4197,Milrinone,hsa:10924,Q92484,1,3,47,1,211.22,211.0745619,65.8,419,0,1,3,1,16,0,0,0,0,0,0,0,1,166.2,6,3,1,0,0,2,0,0.6,1,1,0,211.22,453,51260,0,-6.9462,5731,7469,1738,0.7673048600883653
enzyme,D00417,4197,Milrinone,hsa:1267,P09543,1,3,47,1,211.22,211.0745619,65.8,419,0,1,3,1,16,0,0,0,0,0,0,0,1,166.2,6,3,1,0,0,2,0,0.6,1,1,0,211.22,421,47579,1,-7.0286,5910,7469,1559,0.7912705850850181
enzyme,D00417,4197,Milrinone,hsa:306,P12429,1,3,47,1,211.22,211.0745619,65.8,419,0,1,3,1,16,0,0,0,0,0,0,0,1,166.2,6,3,1,0,0,2,0,0.6,1,1,0,211.22,323,36375,0,-6.3416,4123,7469,3346,0.5520149953139644
enzyme,D00417,4197,Milrinone,hsa:339221,Q6UWV6,1,3,47,1,211.22,211.0745619,65.8,419,0,1,3,1,16,0,0,0,0,0,0,0,1,166.2,6,3,1,0,0,2,0,0.6,1,1,0,211.22,458,51478,5,-6.4692,4527,7469,2942,0.6061052349712144
enzyme,D00417,4197,Milrinone,hsa:51095,Q96Q11,1,3,47,1,211.22,211.0745619,65.8,419,0,1,3,1,16,0,0,0,0,0,0,0,1,166.2,6,3,1,0,0,2,0,0.6,1,1,0,211.22,434,50128,2,-6.4979,4608,7469,2861,0.6169500602490293
enzyme,D00417,4197,Milrinone,hsa:5138,O00408,2,20,47,1,211.22,211.0745619,65.8,419,0,1,3,1,16,0,0,0,0,0,0,0,1,166.2,6,3,1,0,0,2,0,0.6,1,1,0,211.22,941,105717,2,-6.6505,5028,7469,2441,0.6731824876154773
enzyme,D00417,4197,Milrinone,hsa:5140,Q13370,2,20,47,1,211.22,211.0745619,65.8,419,0,1,3,1,16,0,0,0,0,0,0,0,1,166.2,6,3,1,0,0,2,0,0.6,1,1,0,211.22,1112,124333,5,-8.3297,7328,7469,141,0.9811219708126925
enzyme,D00417,4197,Milrinone,hsa:5141,P27815,1,20,47,1,211.22,211.0745619,65.8,419,0,1,3,1,16,0,0,0,0,0,0,0,1,166.2,6,3,1,0,0,2,0,0.6,1,1,0,211.22,886,98143,7,-7.6673,6886,7469,583,0.9219440353460973
enzyme,D00417,4197,Milrinone,hsa:5142,Q07343,2,20,47,1,211.22,211.0745619,65.8,419,0,1,3,1,16,0,0,0,0,0,0,0,1,166.2,6,3,1,0,0,2,0,0.6,1,1,0,211.22,736,83343,2,-8.6887,7407,7469,62,0.9916990226268577
enzyme,D00417,4197,Milrinone,hsa:5143,Q08493,4,20,47,1,211.22,211.0745619,65.8,419,0,1,3,1,16,0,0,0,0,0,0,0,1,166.2,6,3,1,0,0,2,0,0.6,1,1,0,211.22,712,79902,10,-6.6227,4936,7469,2533,0.6608649082875887
enzyme,D00417,4197,Milrinone,hsa:5144,Q08499,2,20,47,1,211.22,211.0745619,65.8,419,0,1,3,1,16,0,0,0,0,0,0,0,1,166.2,6,3,1,0,0,2,0,0.6,1,1,0,211.22,809,91115,12,-9.8783,7468,7469,1,0.9998661132681751
enzyme,D00417,4197,Milrinone,hsa:5146,P51160,1,3,47,1,211.22,211.0745619,65.8,419,0,1,3,1,16,0,0,0,0,0,0,0,1,166.2,6,3,1,0,0,2,0,0.6,1,1,0,211.22,858,99147,0,-7.8251,7025,7469,444,0.940554291069755
enzyme,D00417,4197,Milrinone,hsa:5147,O43924,2,20,47,1,211.22,211.0745619,65.8,419,0,1,3,1,16,0,0,0,0,0,0,0,1,166.2,6,3,1,0,0,2,0,0.6,1,1,0,211.22,150,17420,12,-6.5032,4623,7469,2846,0.6189583612264025
enzyme,D00417,4197,Milrinone,hsa:5148,P18545,1,20,47,1,211.22,211.0745619,65.8,419,0,1,3,1,16,0,0,0,0,0,0,0,1,166.2,6,3,1,0,0,2,0,0.6,1,1,0,211.22,87,9643,8,-3.9721,205,7469,7264,0.02744678002409961
enzyme,D00417,4197,Milrinone,hsa:5150,Q13946,1,18,47,1,211.22,211.0745619,65.8,419,0,1,3,1,16,0,0,0,0,0,0,0,1,166.2,6,3,1,0,0,2,0,0.6,1,1,0,211.22,482,55505,0,-7.7992,7006,7469,463,0.9380104431650823
enzyme,D00417,4197,Milrinone,hsa:5151,O60658,1,20,47,1,211.22,211.0745619,65.8,419,0,1,3,1,16,0,0,0,0,0,0,0,1,166.2,6,3,1,0,0,2,0,0.6,1,1,0,211.22,829,93304,0,-7.4824,6644,7469,825,0.8895434462444771
enzyme,D00417,4197,Milrinone,hsa:5152,O76083,2,19,47,1,211.22,211.0745619,65.8,419,0,1,3,1,16,0,0,0,0,0,0,0,1,166.2,6,3,1,0,0,2,0,0.6,1,1,0,211.22,593,68493,46,-7.5567,6756,7469,713,0.9045387602088633
enzyme,D00417,4197,Milrinone,hsa:5168,Q13822,1,3,47,1,211.22,211.0745619,65.8,419,0,1,3,1,16,0,0,0,0,0,0,0,1,166.2,6,3,1,0,0,2,0,0.6,1,1,0,211.22,863,98994,0,-7.528,6719,7469,750,0.8995849511313428
enzyme,D00417,4197,Milrinone,hsa:5169,O14638,1,3,47,1,211.22,211.0745619,65.8,419,0,1,3,1,16,0,0,0,0,0,0,0,1,166.2,6,3,1,0,0,2,0,0.6,1,1,0,211.22,875,100124,0,-7.1745,6198,7469,1271,0.8298299638505824
enzyme,D00417,4197,Milrinone,hsa:5330,Q00722,2,3,47,1,211.22,211.0745619,65.8,419,0,1,3,1,16,0,0,0,0,0,0,0,1,166.2,6,3,1,0,0,2,0,0.6,1,1,0,211.22,1185,134024,1,-8.5318,7383,7469,86,0.9884857410630606
enzyme,D00417,4197,Milrinone,hsa:5331,Q01970,1,3,47,1,211.22,211.0745619,65.8,419,0,1,3,1,16,0,0,0,0,0,0,0,1,166.2,6,3,1,0,0,2,0,0.6,1,1,0,211.22,1234,138799,1,-8.4258,7358,7469,111,0.9851385727674388
enzyme,D00417,4197,Milrinone,hsa:5335,P19174,2,3,47,1,211.22,211.0745619,65.8,419,0,1,3,1,16,0,0,0,0,0,0,0,1,166.2,6,3,1,0,0,2,0,0.6,1,1,0,211.22,1290,148532,39,-5.8798,2702,7469,4767,0.36176194939081535
enzyme,D00417,4197,Milrinone,hsa:5336,P16885,1,3,47,1,211.22,211.0745619,65.8,419,0,1,3,1,16,0,0,0,0,0,0,0,1,166.2,6,3,1,0,0,2,0,0.6,1,1,0,211.22,1265,147870,10,-5.4214,1381,7469,6088,0.18489757665015397
enzyme,D00417,4197,Milrinone,hsa:5337,Q13393,2,3,47,1,211.22,211.0745619,65.8,419,0,1,3,1,16,0,0,0,0,0,0,0,1,166.2,6,3,1,0,0,2,0,0.6,1,1,0,211.22,1074,124184,12,-6.5452,4728,7469,2741,0.6330164680680145
enzyme,D00417,4197,Milrinone,hsa:5338,O14939,1,3,47,1,211.22,211.0745619,65.8,419,0,1,3,1,16,0,0,0,0,0,0,0,1,166.2,6,3,1,0,0,2,0,0.6,1,1,0,211.22,933,105987,5,-7.1232,6099,7469,1370,0.8165751773999197
enzyme,D00417,4197,Milrinone,hsa:55512,Q9NY59,2,3,47,1,211.22,211.0745619,65.8,419,0,1,3,1,16,0,0,0,0,0,0,0,1,166.2,6,3,1,0,0,2,0,0.6,1,1,0,211.22,655,71081,1,-6.1372,3513,7469,3956,0.47034408890078994
enzyme,D00417,4197,Milrinone,hsa:55775,Q9NUW8,2,3,47,1,211.22,211.0745619,65.8,419,0,1,3,1,16,0,0,0,0,0,0,0,1,166.2,6,3,1,0,0,2,0,0.6,1,1,0,211.22,608,68420,13,-6.2731,3905,7469,3564,0.5228276877761414
enzyme,D00417,4197,Milrinone,hsa:6609,P17405,2,3,47,1,211.22,211.0745619,65.8,419,0,1,3,1,16,0,0,0,0,0,0,0,1,166.2,6,3,1,0,0,2,0,0.6,1,1,0,211.22,631,69936,1,-7.7009,6917,7469,552,0.9260945240326683
enzyme,D00417,4197,Milrinone,hsa:8654,O76074,1,20,47,1,211.22,211.0745619,65.8,419,0,1,3,1,16,0,0,0,0,0,0,0,1,166.2,6,3,1,0,0,2,0,0.6,1,1,0,211.22,875,99985,2,-7.8251,7026,7469,443,0.9406881778015799
enzyme,D00418,4201,Minoxidil,hsa:6799,P50226,1,2,1,1,209.25,209.1276601,88.9,329,0,3,3,1,15,0,0,0,0,0,0,0,1,154.3,6,0,2,0,2,2,0,0.6,2.2,4,1.2,209.25,295,34310,1,-8.3476,7314,7327,13,0.9982257404121742
enzyme,D00421,5362129,Ramipril,hsa:1636,P12821,2,31,1,1,416.5,416.2311221,95.9,619,0,2,6,10,30,0,5,5,0,0,0,0,1,327.9,10,4,1,1,1,3,0,1.2,12.2,10,1.4,416.5,1306,149715,1,-8.692,7068,7375,307,0.9583728813559322
enzyme,D00423,37542,Ribavirin,hsa:132,P55263,1,2,4,1,244.2,244.0807695,144,304,0,4,7,3,17,0,4,4,0,0,0,0,1,169.5,13,5,4,0,2,2,0,0.6,4,10,-1.8,244.2,362,40545,0,-7.4498,7057,7400,343,0.9536486486486486
enzyme,D00423,37542,Ribavirin,hsa:22978,P49902,3,2,4,1,244.2,244.0807695,144,304,0,4,7,3,17,0,4,4,0,0,0,0,1,169.5,13,5,4,0,2,2,0,0.6,4,10,-1.8,244.2,561,64970,10,-7.0082,6435,7400,965,0.8695945945945946
enzyme,D00423,37542,Ribavirin,hsa:3614,P20839,1,2,4,1,244.2,244.0807695,144,304,0,4,7,3,17,0,4,4,0,0,0,0,1,169.5,13,5,4,0,2,2,0,0.6,4,10,-1.8,244.2,514,55406,7,-7.374,6967,7400,433,0.9414864864864865
enzyme,D00425,4409,Nabumetone,hsa:5742,P23219,1,61,2,1,228.29,228.1150297,26.3,262,0,0,2,4,17,0,0,0,0,0,0,0,1,189.8,4,2,0,0,0,2,0,0.6,4,10,3.1,228.29,599,68686,4,-7.9839,6932,7573,641,0.9153571900171662
enzyme,D00425,4409,Nabumetone,hsa:5743,P35354,1,61,2,1,228.29,228.1150297,26.3,262,0,0,2,4,17,0,0,0,0,0,0,0,1,189.8,4,2,0,0,0,2,0,0.6,4,10,3.1,228.29,604,68996,1,-7.6904,6584,7573,989,0.8694044632246137
enzyme,D00434,54454,Simvastatin,hsa:1576,P08684,2,34,2,1,418.6,418.2719243,72.8,706,0,1,5,7,30,0,7,7,0,0,0,0,1,332.3,9,3,1,0,0,3,2,1,9,10,4.7,418.6,503,57343,2,-8.1215,6527,7514,987,0.868645195634815
enzyme,D00434,54454,Simvastatin,hsa:3156,P04035,1,12,2,1,418.6,418.2719243,72.8,706,0,1,5,7,30,0,7,7,0,0,0,0,1,332.3,9,3,1,0,0,3,2,1,9,10,4.7,418.6,888,97476,2,-7.4443,5317,7514,2197,0.7076124567474048
enzyme,D00437,4485,Nifedipine,hsa:10858,Q9Y6A2,1,11,42,1,346.3,346.1164863,110,608,0,1,7,5,25,0,0,0,0,0,0,0,1,257.8,9,4,1,1,1,2,0,0.8,6.4,9,2.2,346.3,500,56821,0,-7.2822,7178,7455,277,0.9628437290409121
enzyme,D00437,4485,Nifedipine,hsa:1543,P04798,2,19,42,1,346.3,346.1164863,110,608,0,1,7,5,25,0,0,0,0,0,0,0,1,257.8,9,4,1,1,1,2,0,0.8,6.4,9,2.2,346.3,512,58165,2,-7.1665,7069,7455,386,0.9482226693494299
enzyme,D00437,4485,Nifedipine,hsa:1544,P05177,1,24,42,1,346.3,346.1164863,110,608,0,1,7,5,25,0,0,0,0,0,0,0,1,257.8,9,4,1,1,1,2,0,0.8,6.4,9,2.2,346.3,516,58407,1,-7.268,7161,7455,294,0.9605633802816902
enzyme,D00437,4485,Nifedipine,hsa:1545,Q16678,2,18,42,1,346.3,346.1164863,110,608,0,1,7,5,25,0,0,0,0,0,0,0,1,257.8,9,4,1,1,1,2,0,0.8,6.4,9,2.2,346.3,543,60846,1,-7.098,6997,7455,458,0.9385647216633132
enzyme,D00437,4485,Nifedipine,hsa:1548,P11509,1,18,42,1,346.3,346.1164863,110,608,0,1,7,5,25,0,0,0,0,0,0,0,1,257.8,9,4,1,1,1,2,0,0.8,6.4,9,2.2,346.3,494,56517,1,-7.6685,7357,7455,98,0.9868544600938968
enzyme,D00437,4485,Nifedipine,hsa:1551,P24462,1,18,42,1,346.3,346.1164863,110,608,0,1,7,5,25,0,0,0,0,0,0,0,1,257.8,9,4,1,1,1,2,0,0.8,6.4,9,2.2,346.3,503,57470,0,-6.8652,6716,7455,739,0.9008718980549967
enzyme,D00437,4485,Nifedipine,hsa:1553,Q16696,1,19,42,1,346.3,346.1164863,110,608,0,1,7,5,25,0,0,0,0,0,0,0,1,257.8,9,4,1,1,1,2,0,0.8,6.4,9,2.2,346.3,494,56688,0,-7.7686,7391,7455,64,0.9914151576123407
enzyme,D00437,4485,Nifedipine,hsa:1555,P20813,1,18,42,1,346.3,346.1164863,110,608,0,1,7,5,25,0,0,0,0,0,0,0,1,257.8,9,4,1,1,1,2,0,0.8,6.4,9,2.2,346.3,491,56278,0,-6.2344,5344,7455,2111,0.7168343393695507
enzyme,D00437,4485,Nifedipine,hsa:1557,P33261,1,27,42,1,346.3,346.1164863,110,608,0,1,7,5,25,0,0,0,0,0,0,0,1,257.8,9,4,1,1,1,2,0,0.8,6.4,9,2.2,346.3,490,55945,0,-7.6789,7363,7455,92,0.9876592890677398
enzyme,D00437,4485,Nifedipine,hsa:1558,P10632,1,22,42,1,346.3,346.1164863,110,608,0,1,7,5,25,0,0,0,0,0,0,0,1,257.8,9,4,1,1,1,2,0,0.8,6.4,9,2.2,346.3,490,55825,3,-7.2793,7176,7455,279,0.9625754527162977
enzyme,D00437,4485,Nifedipine,hsa:1562,P33260,2,18,42,1,346.3,346.1164863,110,608,0,1,7,5,25,0,0,0,0,0,0,0,1,257.8,9,4,1,1,1,2,0,0.8,6.4,9,2.2,346.3,490,55711,0,-3.7524,257,7455,7198,0.034473507712944336
enzyme,D00437,4485,Nifedipine,hsa:1565,P10635,3,30,42,1,346.3,346.1164863,110,608,0,1,7,5,25,0,0,0,0,0,0,0,1,257.8,9,4,1,1,1,2,0,0.8,6.4,9,2.2,346.3,497,55769,0,-6.7219,6500,7455,955,0.8718980549966465
enzyme,D00437,4485,Nifedipine,hsa:1571,P05181,1,23,42,1,346.3,346.1164863,110,608,0,1,7,5,25,0,0,0,0,0,0,0,1,257.8,9,4,1,1,1,2,0,0.8,6.4,9,2.2,346.3,493,56849,0,-7.9148,7412,7455,43,0.9942320590207914
enzyme,D00437,4485,Nifedipine,hsa:1576,P08684,2,34,42,1,346.3,346.1164863,110,608,0,1,7,5,25,0,0,0,0,0,0,0,1,257.8,9,4,1,1,1,2,0,0.8,6.4,9,2.2,346.3,503,57343,2,-6.4949,6035,7455,1420,0.8095238095238095
enzyme,D00437,4485,Nifedipine,hsa:1577,P20815,1,18,42,1,346.3,346.1164863,110,608,0,1,7,5,25,0,0,0,0,0,0,0,1,257.8,9,4,1,1,1,2,0,0.8,6.4,9,2.2,346.3,502,57109,1,-6.7061,6473,7455,982,0.8682763246143528
enzyme,D00437,4485,Nifedipine,hsa:1581,P22680,1,11,42,1,346.3,346.1164863,110,608,0,1,7,5,25,0,0,0,0,0,0,0,1,257.8,9,4,1,1,1,2,0,0.8,6.4,9,2.2,346.3,504,57661,0,-6.5798,6214,7455,1241,0.8335345405767941
enzyme,D00437,4485,Nifedipine,hsa:1582,Q9UNU6,1,11,42,1,346.3,346.1164863,110,608,0,1,7,5,25,0,0,0,0,0,0,0,1,257.8,9,4,1,1,1,2,0,0.8,6.4,9,2.2,346.3,501,58068,0,-6.5337,6097,7455,1358,0.8178403755868544
enzyme,D00437,4485,Nifedipine,hsa:1583,P05108,2,10,42,1,346.3,346.1164863,110,608,0,1,7,5,25,0,0,0,0,0,0,0,1,257.8,9,4,1,1,1,2,0,0.8,6.4,9,2.2,346.3,521,60102,1,-6.9637,6854,7455,601,0.919382964453387
enzyme,D00437,4485,Nifedipine,hsa:1584,P15538,2,11,42,1,346.3,346.1164863,110,608,0,1,7,5,25,0,0,0,0,0,0,0,1,257.8,9,4,1,1,1,2,0,0.8,6.4,9,2.2,346.3,503,57573,0,-6.2749,5478,7455,1977,0.7348088531187122
enzyme,D00437,4485,Nifedipine,hsa:1586,P05093,2,13,42,1,346.3,346.1164863,110,608,0,1,7,5,25,0,0,0,0,0,0,0,1,257.8,9,4,1,1,1,2,0,0.8,6.4,9,2.2,346.3,508,57371,0,-7.2145,7109,7455,346,0.953588195841717
enzyme,D00437,4485,Nifedipine,hsa:1588,P11511,3,20,42,1,346.3,346.1164863,110,608,0,1,7,5,25,0,0,0,0,0,0,0,1,257.8,9,4,1,1,1,2,0,0.8,6.4,9,2.2,346.3,503,57883,0,-7.3469,7221,7455,234,0.9686116700201207
enzyme,D00437,4485,Nifedipine,hsa:1589,P08686,2,10,42,1,346.3,346.1164863,110,608,0,1,7,5,25,0,0,0,0,0,0,0,1,257.8,9,4,1,1,1,2,0,0.8,6.4,9,2.2,346.3,495,56001,0,-6.8963,6765,7455,690,0.9074446680080482
enzyme,D00437,4485,Nifedipine,hsa:1595,Q16850,1,12,42,1,346.3,346.1164863,110,608,0,1,7,5,25,0,0,0,0,0,0,0,1,257.8,9,4,1,1,1,2,0,0.8,6.4,9,2.2,346.3,509,57278,0,-6.7825,6595,7455,860,0.8846411804158283
enzyme,D00437,4485,Nifedipine,hsa:5740,Q16647,1,12,42,1,346.3,346.1164863,110,608,0,1,7,5,25,0,0,0,0,0,0,0,1,257.8,9,4,1,1,1,2,0,0.8,6.4,9,2.2,346.3,500,57104,0,-6.8186,6649,7455,806,0.8918846411804159
enzyme,D00448,5339,Sulfasalazine,hsa:10,P11245,2,2,11,1,398.4,398.0684907,150,657,0,3,9,6,28,0,0,0,0,0,0,0,1,291.7,11,5,2,1,0,3,0,0.8,6,10,-0.7,398.4,290,33571,3,-10.2716,7195,7285,90,0.9876458476321208
enzyme,D00448,5339,Sulfasalazine,hsa:1147,O15111,1,1,11,1,398.4,398.0684907,150,657,0,3,9,6,28,0,0,0,0,0,0,0,1,291.7,11,5,2,1,0,3,0,0.8,6,10,-0.7,398.4,745,84640,26,-5.7921,461,7285,6824,0.06328071379547015
enzyme,D00448,5339,Sulfasalazine,hsa:239,P18054,1,8,11,1,398.4,398.0684907,150,657,0,3,9,6,28,0,0,0,0,0,0,0,1,291.7,11,5,2,1,0,3,0,0.8,6,10,-0.7,398.4,663,75694,2,-8.6375,5887,7285,1398,0.808098833218943
enzyme,D00448,5339,Sulfasalazine,hsa:240,P09917,1,11,11,1,398.4,398.0684907,150,657,0,3,9,6,28,0,0,0,0,0,0,0,1,291.7,11,5,2,1,0,3,0,0.8,6,10,-0.7,398.4,674,77983,24,-9.2165,6647,7285,638,0.9124227865477007
enzyme,D00448,5339,Sulfasalazine,hsa:247,O15296,1,7,11,1,398.4,398.0684907,150,657,0,3,9,6,28,0,0,0,0,0,0,0,1,291.7,11,5,2,1,0,3,0,0.8,6,10,-0.7,398.4,676,75857,6,-9.3753,6784,7285,501,0.9312285518188058
enzyme,D00448,5339,Sulfasalazine,hsa:3551,O14920,1,3,11,1,398.4,398.0684907,150,657,0,3,9,6,28,0,0,0,0,0,0,0,1,291.7,11,5,2,1,0,3,0,0.8,6,10,-0.7,398.4,756,86564,25,-8.8191,6167,7285,1118,0.8465339739190116
enzyme,D00448,5339,Sulfasalazine,hsa:38,P24752,2,2,11,1,398.4,398.0684907,150,657,0,3,9,6,28,0,0,0,0,0,0,0,1,291.7,11,5,2,1,0,3,0,0.8,6,10,-0.7,398.4,427,45200,0,-7.1563,2489,7285,4796,0.34166094715168155
enzyme,D00448,5339,Sulfasalazine,hsa:4048,P09960,2,8,11,1,398.4,398.0684907,150,657,0,3,9,6,28,0,0,0,0,0,0,0,1,291.7,11,5,2,1,0,3,0,0.8,6,10,-0.7,398.4,611,69285,1,-9.4563,6851,7285,434,0.9404255319148936
enzyme,D00449,5342,Sulfinpyrazone,hsa:5743,P35354,1,61,1,1,404.5,404.1194637,76.9,571,0,0,4,6,29,0,1,0,1,0,0,0,1,313.9,8,3,0,1,0,4,0,0.8,6.6,10,2.3,404.5,604,68996,1,-9.7075,7206,7451,245,0.9671185075828748
enzyme,D00451,5358,Sumatriptan,hsa:22954,Q13049,1,4,1,1,295.4,295.1354481,73.6,405,0,2,4,6,20,0,0,0,0,0,0,0,1,228.4,8,2,2,0,2,2,0,0.8,6,10,0.9,295.4,653,71989,42,-5.994,4111,7398,3287,0.5556907272235739
enzyme,D00452,5359,Suprofen,hsa:5742,P23219,1,61,2,1,260.31,260.0507154,82.6,321,0,1,4,4,18,0,1,0,1,0,0,0,1,200.5,7,3,0,1,0,2,1,0.6,4,10,3.3,260.31,599,68686,4,-7.9492,6981,7466,485,0.9350388427538173
enzyme,D00452,5359,Suprofen,hsa:5743,P35354,1,61,2,1,260.31,260.0507154,82.6,321,0,1,4,4,18,0,1,0,1,0,0,0,1,200.5,7,3,0,1,0,2,1,0.6,4,10,3.3,260.31,604,68996,1,-7.6957,6714,7466,752,0.8992767211358157
enzyme,D00454,135398745,Olanzapine,hsa:1544,P05177,1,24,2,1,312.4,312.1408678,59.1,432,0,1,4,1,22,0,0,0,0,0,0,0,1,242.8,8,0,1,0,3,4,0,0.6,2.4,5,2.9,312.4,516,58407,1,-8.4493,6960,7394,434,0.9413037598052475
enzyme,D00454,135398745,Olanzapine,hsa:1565,P10635,3,30,2,1,312.4,312.1408678,59.1,432,0,1,4,1,22,0,0,0,0,0,0,0,1,242.8,8,0,1,0,3,4,0,0.6,2.4,5,2.9,312.4,497,55769,0,-7.6179,5865,7394,1529,0.7932107113876116
enzyme,D00459,54891,Quinapril Hydrochloride,hsa:1636,P12821,2,31,1,1,475,474.1921498,95.9,648,0,3,6,10,33,0,3,3,0,0,0,0,2,,,,,,,,,,,0,,475,1306,149715,1,-9.0406,6736,7267,531,0.9269299573414064
enzyme,D00463,4614,Oxaprozin,hsa:5742,P23219,1,61,2,1,293.3,293.1051933,63.3,361,0,1,4,5,22,0,0,0,0,0,0,0,1,234.6,6,2,0,1,0,3,0,0.8,5,10,4.2,293.3,599,68686,4,-7.0163,3302,7463,4161,0.44244941712448077
enzyme,D00463,4614,Oxaprozin,hsa:5743,P35354,1,61,2,1,293.3,293.1051933,63.3,361,0,1,4,5,22,0,0,0,0,0,0,0,1,234.6,6,2,0,1,0,3,0,0.8,5,10,4.2,293.3,604,68996,1,-8.9712,7020,7463,443,0.9406404930992899
enzyme,D00475,4911,Probenecid,hsa:4942,P04181,2,2,1,1,285.36,285.1034793,83.1,374,0,1,5,7,19,0,0,0,0,0,0,0,1,217.6,8,4,0,1,0,1,2,0.8,7,10,3.2,285.36,439,48535,1,-5.9622,4604,7401,2797,0.6220780975543846
enzyme,D00487,7550,Pyridostigmine Bromide,hsa:43,P22303,1,23,1,1,261.12,260.01604,33.4,182,0,0,3,2,14,0,0,0,0,0,0,0,2,,,,,,,,,,,0,,261.12,614,67796,3,-1.0447,4164,7611,3447,0.5471028774142688
enzyme,D00488,4993,Pyrimethamine,hsa:1719,P00374,2,7,1,1,248.71,248.0828741,77.8,243,0,2,4,2,17,0,0,0,0,0,0,0,1,187,6,0,2,0,1,2,1,0.6,2,1,2.7,248.71,187,21453,0,-7.5055,7067,7466,399,0.9465577283686043
enzyme,D00494,4927,Promethazine,hsa:2147,P00734,1,8,1,1,284.4,284.1347198,31.8,298,0,0,3,3,20,0,1,0,1,0,0,0,1,229.6,5,0,0,0,2,3,0,0.6,3.4,5,4.8,284.4,622,70037,4,-6.6512,5667,7526,1859,0.7529896359287802
enzyme,D00496,5852,Penicillamine,hsa:834,P29466,2,1,1,1,149.21,149.0510498,64.3,124,0,3,4,2,9,0,1,1,0,0,0,0,1,111.9,6,2,1,1,1,0,1,0.4,2,9,-1.8,149.21,404,45159,31,-4.0042,3387,7411,4024,0.45702334367831604
enzyme,D00501,4740,Pentoxifylline,hsa:10846,Q9Y233,1,20,52,1,278.31,278.1378905,75.5,426,0,0,4,5,20,0,0,0,0,0,0,0,1,214.1,6,3,0,0,1,2,0,0.8,5,10,0.3,278.31,1055,114946,0,-6.5682,5619,7466,1847,0.7526118403428878
enzyme,D00501,4740,Pentoxifylline,hsa:10924,Q92484,1,3,52,1,278.31,278.1378905,75.5,426,0,0,4,5,20,0,0,0,0,0,0,0,1,214.1,6,3,0,0,1,2,0,0.8,5,10,0.3,278.31,453,51260,0,-6.0976,4361,7466,3105,0.5841146530940262
enzyme,D00501,4740,Pentoxifylline,hsa:1267,P09543,1,3,52,1,278.31,278.1378905,75.5,426,0,0,4,5,20,0,0,0,0,0,0,0,1,214.1,6,3,0,0,1,2,0,0.8,5,10,0.3,278.31,421,47579,1,-6.8022,6156,7466,1310,0.8245379051701045
enzyme,D00501,4740,Pentoxifylline,hsa:22978,P49902,3,2,52,1,278.31,278.1378905,75.5,426,0,0,4,5,20,0,0,0,0,0,0,0,1,214.1,6,3,0,0,1,2,0,0.8,5,10,0.3,278.31,561,64970,10,-6.6348,5786,7466,1680,0.7749799089204393
enzyme,D00501,4740,Pentoxifylline,hsa:306,P12429,1,3,52,1,278.31,278.1378905,75.5,426,0,0,4,5,20,0,0,0,0,0,0,0,1,214.1,6,3,0,0,1,2,0,0.8,5,10,0.3,278.31,323,36375,0,-6.237,4765,7466,2701,0.6382266273774444
enzyme,D00501,4740,Pentoxifylline,hsa:30833,Q8TCD5,2,1,52,1,278.31,278.1378905,75.5,426,0,0,4,5,20,0,0,0,0,0,0,0,1,214.1,6,3,0,0,1,2,0,0.8,5,10,0.3,278.31,201,23383,1,-6.7965,6137,7466,1329,0.8219930350924189
enzyme,D00501,4740,Pentoxifylline,hsa:339221,Q6UWV6,1,3,52,1,278.31,278.1378905,75.5,426,0,0,4,5,20,0,0,0,0,0,0,0,1,214.1,6,3,0,0,1,2,0,0.8,5,10,0.3,278.31,458,51478,5,-7.1721,6764,7466,702,0.9059737476560408
enzyme,D00501,4740,Pentoxifylline,hsa:3612,P29218,1,1,52,1,278.31,278.1378905,75.5,426,0,0,4,5,20,0,0,0,0,0,0,0,1,214.1,6,3,0,0,1,2,0,0.8,5,10,0.3,278.31,277,30189,8,-7.2354,6852,7466,614,0.9177605143316367
enzyme,D00501,4740,Pentoxifylline,hsa:51095,Q96Q11,1,3,52,1,278.31,278.1378905,75.5,426,0,0,4,5,20,0,0,0,0,0,0,0,1,214.1,6,3,0,0,1,2,0,0.8,5,10,0.3,278.31,434,50128,2,-6.212,4692,7466,2774,0.6284489686579159
enzyme,D00501,4740,Pentoxifylline,hsa:51251,Q9H0P0,2,1,52,1,278.31,278.1378905,75.5,426,0,0,4,5,20,0,0,0,0,0,0,0,1,214.1,6,3,0,0,1,2,0,0.8,5,10,0.3,278.31,336,37948,2,-7.5198,7174,7466,292,0.9608893651218858
enzyme,D00501,4740,Pentoxifylline,hsa:5138,O00408,2,20,52,1,278.31,278.1378905,75.5,426,0,0,4,5,20,0,0,0,0,0,0,0,1,214.1,6,3,0,0,1,2,0,0.8,5,10,0.3,278.31,941,105717,2,-5.8698,3689,7466,3777,0.49410661666220196
enzyme,D00501,4740,Pentoxifylline,hsa:5140,Q13370,2,20,52,1,278.31,278.1378905,75.5,426,0,0,4,5,20,0,0,0,0,0,0,0,1,214.1,6,3,0,0,1,2,0,0.8,5,10,0.3,278.31,1112,124333,5,-7.082,6644,7466,822,0.8899008840075007
enzyme,D00501,4740,Pentoxifylline,hsa:5141,P27815,1,20,52,1,278.31,278.1378905,75.5,426,0,0,4,5,20,0,0,0,0,0,0,0,1,214.1,6,3,0,0,1,2,0,0.8,5,10,0.3,278.31,886,98143,7,-6.8745,6271,7466,1195,0.839941066166622
enzyme,D00501,4740,Pentoxifylline,hsa:5142,Q07343,2,20,52,1,278.31,278.1378905,75.5,426,0,0,4,5,20,0,0,0,0,0,0,0,1,214.1,6,3,0,0,1,2,0,0.8,5,10,0.3,278.31,736,83343,2,-8.333,7449,7466,17,0.9977230109831235
enzyme,D00501,4740,Pentoxifylline,hsa:5143,Q08493,4,20,52,1,278.31,278.1378905,75.5,426,0,0,4,5,20,0,0,0,0,0,0,0,1,214.1,6,3,0,0,1,2,0,0.8,5,10,0.3,278.31,712,79902,10,-6.0686,4269,7466,3197,0.5717921242968123
enzyme,D00501,4740,Pentoxifylline,hsa:5144,Q08499,2,20,52,1,278.31,278.1378905,75.5,426,0,0,4,5,20,0,0,0,0,0,0,0,1,214.1,6,3,0,0,1,2,0,0.8,5,10,0.3,278.31,809,91115,12,-7.3612,7023,7466,443,0.9406643450308063
enzyme,D00501,4740,Pentoxifylline,hsa:5146,P51160,1,3,52,1,278.31,278.1378905,75.5,426,0,0,4,5,20,0,0,0,0,0,0,0,1,214.1,6,3,0,0,1,2,0,0.8,5,10,0.3,278.31,858,99147,0,-7.0248,6553,7466,913,0.8777122957406911
enzyme,D00501,4740,Pentoxifylline,hsa:5147,O43924,2,20,52,1,278.31,278.1378905,75.5,426,0,0,4,5,20,0,0,0,0,0,0,0,1,214.1,6,3,0,0,1,2,0,0.8,5,10,0.3,278.31,150,17420,12,-6.7437,6037,7466,1429,0.8085989820519689
enzyme,D00501,4740,Pentoxifylline,hsa:5148,P18545,1,20,52,1,278.31,278.1378905,75.5,426,0,0,4,5,20,0,0,0,0,0,0,0,1,214.1,6,3,0,0,1,2,0,0.8,5,10,0.3,278.31,87,9643,8,-3.8495,224,7466,7242,0.03000267881060809
enzyme,D00501,4740,Pentoxifylline,hsa:5151,O60658,1,20,52,1,278.31,278.1378905,75.5,426,0,0,4,5,20,0,0,0,0,0,0,0,1,214.1,6,3,0,0,1,2,0,0.8,5,10,0.3,278.31,829,93304,0,-7.3127,6962,7466,504,0.9324939726761318
enzyme,D00501,4740,Pentoxifylline,hsa:5152,O76083,2,19,52,1,278.31,278.1378905,75.5,426,0,0,4,5,20,0,0,0,0,0,0,0,1,214.1,6,3,0,0,1,2,0,0.8,5,10,0.3,278.31,593,68493,46,-6.9206,6357,7466,1109,0.8514599517814091
enzyme,D00501,4740,Pentoxifylline,hsa:5168,Q13822,1,3,52,1,278.31,278.1378905,75.5,426,0,0,4,5,20,0,0,0,0,0,0,0,1,214.1,6,3,0,0,1,2,0,0.8,5,10,0.3,278.31,863,98994,0,-7.0319,6564,7466,902,0.8791856415751407
enzyme,D00501,4740,Pentoxifylline,hsa:5169,O14638,1,3,52,1,278.31,278.1378905,75.5,426,0,0,4,5,20,0,0,0,0,0,0,0,1,214.1,6,3,0,0,1,2,0,0.8,5,10,0.3,278.31,875,100124,0,-6.6691,5861,7466,1605,0.7850254487007768
enzyme,D00501,4740,Pentoxifylline,hsa:5330,Q00722,2,3,52,1,278.31,278.1378905,75.5,426,0,0,4,5,20,0,0,0,0,0,0,0,1,214.1,6,3,0,0,1,2,0,0.8,5,10,0.3,278.31,1185,134024,1,-7.4151,7083,7466,383,0.9487007768550764
enzyme,D00501,4740,Pentoxifylline,hsa:5331,Q01970,1,3,52,1,278.31,278.1378905,75.5,426,0,0,4,5,20,0,0,0,0,0,0,0,1,214.1,6,3,0,0,1,2,0,0.8,5,10,0.3,278.31,1234,138799,1,-7.3297,6983,7466,483,0.9353067238146263
enzyme,D00501,4740,Pentoxifylline,hsa:5335,P19174,2,3,52,1,278.31,278.1378905,75.5,426,0,0,4,5,20,0,0,0,0,0,0,0,1,214.1,6,3,0,0,1,2,0,0.8,5,10,0.3,278.31,1290,148532,39,-6.2011,4663,7466,2803,0.6245646932761854
enzyme,D00501,4740,Pentoxifylline,hsa:5336,P16885,1,3,52,1,278.31,278.1378905,75.5,426,0,0,4,5,20,0,0,0,0,0,0,0,1,214.1,6,3,0,0,1,2,0,0.8,5,10,0.3,278.31,1265,147870,10,-5.3302,1916,7466,5550,0.2566300562550228
enzyme,D00501,4740,Pentoxifylline,hsa:5337,Q13393,2,3,52,1,278.31,278.1378905,75.5,426,0,0,4,5,20,0,0,0,0,0,0,0,1,214.1,6,3,0,0,1,2,0,0.8,5,10,0.3,278.31,1074,124184,12,-6.412,5233,7466,2233,0.7009107956067506
enzyme,D00501,4740,Pentoxifylline,hsa:5338,O14939,1,3,52,1,278.31,278.1378905,75.5,426,0,0,4,5,20,0,0,0,0,0,0,0,1,214.1,6,3,0,0,1,2,0,0.8,5,10,0.3,278.31,933,105987,5,-6.79,6124,7466,1342,0.8202518081971605
enzyme,D00501,4740,Pentoxifylline,hsa:55512,Q9NY59,2,3,52,1,278.31,278.1378905,75.5,426,0,0,4,5,20,0,0,0,0,0,0,0,1,214.1,6,3,0,0,1,2,0,0.8,5,10,0.3,278.31,655,71081,1,-5.8961,3775,7466,3691,0.505625502276989
enzyme,D00501,4740,Pentoxifylline,hsa:55775,Q9NUW8,2,3,52,1,278.31,278.1378905,75.5,426,0,0,4,5,20,0,0,0,0,0,0,0,1,214.1,6,3,0,0,1,2,0,0.8,5,10,0.3,278.31,608,68420,13,-6.4052,5216,7466,2250,0.6986338065898741
enzyme,D00501,4740,Pentoxifylline,hsa:6609,P17405,2,3,52,1,278.31,278.1378905,75.5,426,0,0,4,5,20,0,0,0,0,0,0,0,1,214.1,6,3,0,0,1,2,0,0.8,5,10,0.3,278.31,631,69936,1,-6.1243,4450,7466,3016,0.5960353603000268
enzyme,D00501,4740,Pentoxifylline,hsa:8654,O76074,1,20,52,1,278.31,278.1378905,75.5,426,0,0,4,5,20,0,0,0,0,0,0,0,1,214.1,6,3,0,0,1,2,0,0.8,5,10,0.3,278.31,875,99985,2,-7.0248,6554,7466,912,0.8778462362710956
enzyme,D00503,4748,Perphenazine,hsa:1565,P10635,3,30,2,1,404,403.1485113,55.3,463,0,1,5,6,27,0,0,0,0,0,0,0,1,308.9,9,1,1,0,3,4,0,0.8,7.6,10,4.2,404,497,55769,0,-8.2241,6918,7379,461,0.9375254099471473
enzyme,D00503,4748,Perphenazine,hsa:1576,P08684,2,34,2,1,404,403.1485113,55.3,463,0,1,5,6,27,0,0,0,0,0,0,0,1,308.9,9,1,1,0,3,4,0,0.8,7.6,10,4.2,404,503,57343,2,-7.9732,6686,7379,693,0.9060848353435424
enzyme,D00505,61100,Phenelzine Sulfate,hsa:4128,P21397,3,19,2,1,234.28,234.0674281,121,159,0,4,6,3,15,0,0,0,0,0,0,0,2,,,,,,,,,,,0,,234.28,527,59682,1,-8.3008,6246,6629,383,0.9422235631316941
enzyme,D00505,61100,Phenelzine Sulfate,hsa:4129,P27338,1,20,2,1,234.28,234.0674281,121,159,0,4,6,3,15,0,0,0,0,0,0,0,2,,,,,,,,,,,0,,234.28,520,58763,20,-8.2595,6205,6629,424,0.9360386181927892
enzyme,D00510,4781,Phenylbutazone,hsa:239,P18054,1,8,10,1,308.4,308.1524779,40.6,389,0,0,2,5,23,0,0,0,0,0,0,0,1,248.3,7,2,0,1,0,3,1,0.8,5.6,10,3.2,308.4,663,75694,2,-8.5832,7308,7523,215,0.971420975674598
enzyme,D00510,4781,Phenylbutazone,hsa:240,P09917,1,11,10,1,308.4,308.1524779,40.6,389,0,0,2,5,23,0,0,0,0,0,0,0,1,248.3,7,2,0,1,0,3,1,0.8,5.6,10,3.2,308.4,674,77983,24,-6.766,4606,7523,2917,0.6122557490362888
enzyme,D00510,4781,Phenylbutazone,hsa:247,O15296,1,7,10,1,308.4,308.1524779,40.6,389,0,0,2,5,23,0,0,0,0,0,0,0,1,248.3,7,2,0,1,0,3,1,0.8,5.6,10,3.2,308.4,676,75857,6,-8.4855,7260,7523,263,0.9650405423368337
enzyme,D00510,4781,Phenylbutazone,hsa:3906,P00709,1,4,10,1,308.4,308.1524779,40.6,389,0,0,2,5,23,0,0,0,0,0,0,0,1,248.3,7,2,0,1,0,3,1,0.8,5.6,10,3.2,308.4,142,16225,0,-5.5439,1232,7523,6291,0.16376445566928088
enzyme,D00510,4781,Phenylbutazone,hsa:4048,P09960,2,8,10,1,308.4,308.1524779,40.6,389,0,0,2,5,23,0,0,0,0,0,0,0,1,248.3,7,2,0,1,0,3,1,0.8,5.6,10,3.2,308.4,611,69285,1,-7.9224,6823,7523,700,0.9069520138242723
enzyme,D00510,4781,Phenylbutazone,hsa:5740,Q16647,1,12,10,1,308.4,308.1524779,40.6,389,0,0,2,5,23,0,0,0,0,0,0,0,1,248.3,7,2,0,1,0,3,1,0.8,5.6,10,3.2,308.4,500,57104,0,-7.8605,6760,7523,763,0.8985776950684567
enzyme,D00510,4781,Phenylbutazone,hsa:5742,P23219,1,61,10,1,308.4,308.1524779,40.6,389,0,0,2,5,23,0,0,0,0,0,0,0,1,248.3,7,2,0,1,0,3,1,0.8,5.6,10,3.2,308.4,599,68686,4,-7.2487,5770,7523,1753,0.7669812574770704
enzyme,D00510,4781,Phenylbutazone,hsa:5743,P35354,1,61,10,1,308.4,308.1524779,40.6,389,0,0,2,5,23,0,0,0,0,0,0,0,1,248.3,7,2,0,1,0,3,1,0.8,5.6,10,3.2,308.4,604,68996,1,-8.5073,7274,7523,249,0.9669015020603483
enzyme,D00512,1775,Phenytoin,hsa:1557,P33261,1,27,2,1,252.27,252.0898776,58.2,350,0,2,2,2,19,0,0,0,0,0,0,0,1,197.2,7,2,2,0,0,3,0,0.6,2.6,3,2.5,252.27,490,55945,0,-8.388,6747,7525,778,0.8966112956810631
enzyme,D00512,1775,Phenytoin,hsa:1559,P11712,1,25,2,1,252.27,252.0898776,58.2,350,0,2,2,2,19,0,0,0,0,0,0,0,1,197.2,7,2,2,0,0,3,0,0.6,2.6,3,2.5,252.27,490,55628,0,-7.9087,6011,7525,1514,0.7988039867109634
enzyme,D00513,4828,Pindolol,hsa:22954,Q13049,1,4,1,1,248.32,248.1524779,57.3,248,0,3,3,6,18,0,1,0,1,0,0,0,1,201,10,2,3,0,2,2,1,0.8,6,10,1.8,248.32,653,71989,42,-5.5599,2655,7466,4811,0.35561210822394856
enzyme,D00518,3038,Dichlorphenamide,hsa:23632,Q9ULX7,2,10,13,1,305.2,303.9146044,137,452,0,2,6,2,16,0,0,0,0,0,0,0,1,187.1,7,4,2,0,0,1,0,0.6,2,4,0.3,305.2,337,37668,0,-7.44,7309,7401,92,0.9875692473990001
enzyme,D00518,3038,Dichlorphenamide,hsa:377677,Q8N1Q1,1,10,13,1,305.2,303.9146044,137,452,0,2,6,2,16,0,0,0,0,0,0,0,1,187.1,7,4,2,0,0,1,0,0.6,2,4,0.3,305.2,262,29443,2,-5.8135,4387,7401,3014,0.5927577354411566
enzyme,D00518,3038,Dichlorphenamide,hsa:759,P00915,2,21,13,1,305.2,303.9146044,137,452,0,2,6,2,16,0,0,0,0,0,0,0,1,187.1,7,4,2,0,0,1,0,0.6,2,4,0.3,305.2,261,28870,1,-5.7043,4013,7401,3388,0.5422240237805702
enzyme,D00518,3038,Dichlorphenamide,hsa:760,P00918,2,19,13,1,305.2,303.9146044,137,452,0,2,6,2,16,0,0,0,0,0,0,0,1,187.1,7,4,2,0,0,1,0,0.6,2,4,0.3,305.2,260,29246,0,-6.4722,6272,7401,1129,0.847453046885556
enzyme,D00518,3038,Dichlorphenamide,hsa:761,P07451,2,10,13,1,305.2,303.9146044,137,452,0,2,6,2,16,0,0,0,0,0,0,0,1,187.1,7,4,2,0,0,1,0,0.6,2,4,0.3,305.2,260,29557,2,-5.9617,4886,7401,2515,0.6601810566139711
enzyme,D00518,3038,Dichlorphenamide,hsa:762,P22748,1,18,13,1,305.2,303.9146044,137,452,0,2,6,2,16,0,0,0,0,0,0,0,1,187.1,7,4,2,0,0,1,0,0.6,2,4,0.3,305.2,312,35032,0,-5.5503,3436,7401,3965,0.4642615862721254
enzyme,D00518,3038,Dichlorphenamide,hsa:765,P23280,2,10,13,1,305.2,303.9146044,137,452,0,2,6,2,16,0,0,0,0,0,0,0,1,187.1,7,4,2,0,0,1,0,0.6,2,4,0.3,305.2,308,35367,0,-6.0803,5240,7401,2161,0.708012430752601
enzyme,D00518,3038,Dichlorphenamide,hsa:766,P43166,1,10,13,1,305.2,303.9146044,137,452,0,2,6,2,16,0,0,0,0,0,0,0,1,187.1,7,4,2,0,0,1,0,0.6,2,4,0.3,305.2,264,29658,0,-7.3154,7252,7401,149,0.9798675854614242
enzyme,D00518,3038,Dichlorphenamide,hsa:767,P35219,1,10,13,1,305.2,303.9146044,137,452,0,2,6,2,16,0,0,0,0,0,0,0,1,187.1,7,4,2,0,0,1,0,0.6,2,4,0.3,305.2,290,32973,11,-6.4535,6220,7401,1181,0.8404269693284692
enzyme,D00518,3038,Dichlorphenamide,hsa:768,Q16790,2,10,13,1,305.2,303.9146044,137,452,0,2,6,2,16,0,0,0,0,0,0,0,1,187.1,7,4,2,0,0,1,0,0.6,2,4,0.3,305.2,459,49698,2,-6.4608,6243,7401,1158,0.8435346574787191
enzyme,D00518,3038,Dichlorphenamide,hsa:771,O43570,1,10,13,1,305.2,303.9146044,137,452,0,2,6,2,16,0,0,0,0,0,0,0,1,187.1,7,4,2,0,0,1,0,0.6,2,4,0.3,305.2,354,39451,0,-7.9269,7385,7401,16,0.9978381299824348
enzyme,D00519,2720,Chlorothiazide,hsa:23632,Q9ULX7,2,10,13,1,295.7,294.9488257,135,532,0,2,6,1,17,0,0,0,0,0,0,0,1,184.7,9,4,3,0,0,2,0,0.6,1.2,2,-0.2,295.7,337,37668,0,-7.6514,7006,7322,316,0.9568423927888555
enzyme,D00519,2720,Chlorothiazide,hsa:377677,Q8N1Q1,1,10,13,1,295.7,294.9488257,135,532,0,2,6,1,17,0,0,0,0,0,0,0,1,184.7,9,4,3,0,0,2,0,0.6,1.2,2,-0.2,295.7,262,29443,2,-6.1308,4020,7322,3302,0.5490303195848129
enzyme,D00519,2720,Chlorothiazide,hsa:759,P00915,2,21,13,1,295.7,294.9488257,135,532,0,2,6,1,17,0,0,0,0,0,0,0,1,184.7,9,4,3,0,0,2,0,0.6,1.2,2,-0.2,295.7,261,28870,1,-6.9969,6200,7322,1122,0.8467631794591641
enzyme,D00519,2720,Chlorothiazide,hsa:760,P00918,2,19,13,1,295.7,294.9488257,135,532,0,2,6,1,17,0,0,0,0,0,0,0,1,184.7,9,4,3,0,0,2,0,0.6,1.2,2,-0.2,295.7,260,29246,0,-6.5327,5189,7322,2133,0.7086861513247746
enzyme,D00519,2720,Chlorothiazide,hsa:761,P07451,2,10,13,1,295.7,294.9488257,135,532,0,2,6,1,17,0,0,0,0,0,0,0,1,184.7,9,4,3,0,0,2,0,0.6,1.2,2,-0.2,295.7,260,29557,2,-6.5527,5243,7322,2079,0.7160611854684512
enzyme,D00519,2720,Chlorothiazide,hsa:762,P22748,1,18,13,1,295.7,294.9488257,135,532,0,2,6,1,17,0,0,0,0,0,0,0,1,184.7,9,4,3,0,0,2,0,0.6,1.2,2,-0.2,295.7,312,35032,0,-5.9568,3480,7322,3842,0.47527997814804696
enzyme,D00519,2720,Chlorothiazide,hsa:765,P23280,2,10,13,1,295.7,294.9488257,135,532,0,2,6,1,17,0,0,0,0,0,0,0,1,184.7,9,4,3,0,0,2,0,0.6,1.2,2,-0.2,295.7,308,35367,0,-6.4132,4838,7322,2484,0.6607484293908769
enzyme,D00519,2720,Chlorothiazide,hsa:766,P43166,1,10,13,1,295.7,294.9488257,135,532,0,2,6,1,17,0,0,0,0,0,0,0,1,184.7,9,4,3,0,0,2,0,0.6,1.2,2,-0.2,295.7,264,29658,0,-7.0491,6300,7322,1022,0.8604206500956023
enzyme,D00519,2720,Chlorothiazide,hsa:767,P35219,1,10,13,1,295.7,294.9488257,135,532,0,2,6,1,17,0,0,0,0,0,0,0,1,184.7,9,4,3,0,0,2,0,0.6,1.2,2,-0.2,295.7,290,32973,11,-6.7768,5769,7322,1553,0.7878994810161158
enzyme,D00519,2720,Chlorothiazide,hsa:768,Q16790,2,10,13,1,295.7,294.9488257,135,532,0,2,6,1,17,0,0,0,0,0,0,0,1,184.7,9,4,3,0,0,2,0,0.6,1.2,2,-0.2,295.7,459,49698,2,-6.7381,5694,7322,1628,0.7776563780387872
enzyme,D00519,2720,Chlorothiazide,hsa:771,O43570,1,10,13,1,295.7,294.9488257,135,532,0,2,6,1,17,0,0,0,0,0,0,0,1,184.7,9,4,3,0,0,2,0,0.6,1.2,2,-0.2,295.7,354,39451,0,-8.2464,7266,7322,56,0.9923518164435946
enzyme,D00521,5405,Terfenadine,hsa:1565,P10635,3,30,2,1,471.7,471.3137296,43.7,582,0,2,3,9,35,0,1,0,1,0,0,0,1,390.3,10,2,2,0,1,4,1,1,10.2,10,6.6,471.7,497,55769,0,-9.9483,7128,7506,378,0.9496402877697842
enzyme,D00521,5405,Terfenadine,hsa:1576,P08684,2,34,2,1,471.7,471.3137296,43.7,582,0,2,3,9,35,0,1,0,1,0,0,0,1,390.3,10,2,2,0,1,4,1,1,10.2,10,6.6,471.7,503,57343,2,-8.2346,5234,7506,2272,0.6973088196109779
enzyme,D00528,2519,Caffeine,hsa:10846,Q9Y233,1,20,89,1,194.19,194.0803756,58.4,293,0,0,3,0,14,0,0,0,0,0,0,0,1,143.9,5,2,0,0,1,2,0,0.4,0,1,-0.1,194.19,1055,114946,0,-6.1758,6749,7535,786,0.895686794956868
enzyme,D00528,2519,Caffeine,hsa:10858,Q9Y6A2,1,11,89,1,194.19,194.0803756,58.4,293,0,0,3,0,14,0,0,0,0,0,0,0,1,143.9,5,2,0,0,1,2,0,0.4,0,1,-0.1,194.19,500,56821,0,-5.9929,6326,7535,1209,0.8395487723954878
enzyme,D00528,2519,Caffeine,hsa:10924,Q92484,1,3,89,1,194.19,194.0803756,58.4,293,0,0,3,0,14,0,0,0,0,0,0,0,1,143.9,5,2,0,0,1,2,0,0.4,0,1,-0.1,194.19,453,51260,0,-5.928,6161,7535,1374,0.8176509621765097
enzyme,D00528,2519,Caffeine,hsa:1267,P09543,1,3,89,1,194.19,194.0803756,58.4,293,0,0,3,0,14,0,0,0,0,0,0,0,1,143.9,5,2,0,0,1,2,0,0.4,0,1,-0.1,194.19,421,47579,1,-5.8336,5893,7535,1642,0.7820836098208361
enzyme,D00528,2519,Caffeine,hsa:1543,P04798,2,19,89,1,194.19,194.0803756,58.4,293,0,0,3,0,14,0,0,0,0,0,0,0,1,143.9,5,2,0,0,1,2,0,0.4,0,1,-0.1,194.19,512,58165,2,-7.414,7526,7535,9,0.9988055739880557
enzyme,D00528,2519,Caffeine,hsa:1544,P05177,1,24,89,1,194.19,194.0803756,58.4,293,0,0,3,0,14,0,0,0,0,0,0,0,1,143.9,5,2,0,0,1,2,0,0.4,0,1,-0.1,194.19,516,58407,1,-7.3846,7525,7535,10,0.9986728599867286
enzyme,D00528,2519,Caffeine,hsa:1545,Q16678,2,18,89,1,194.19,194.0803756,58.4,293,0,0,3,0,14,0,0,0,0,0,0,0,1,143.9,5,2,0,0,1,2,0,0.4,0,1,-0.1,194.19,543,60846,1,-7.9814,7534,7535,1,0.9998672859986728
enzyme,D00528,2519,Caffeine,hsa:1548,P11509,1,18,89,1,194.19,194.0803756,58.4,293,0,0,3,0,14,0,0,0,0,0,0,0,1,143.9,5,2,0,0,1,2,0,0.4,0,1,-0.1,194.19,494,56517,1,-6.1788,6754,7535,781,0.8963503649635036
enzyme,D00528,2519,Caffeine,hsa:1551,P24462,1,18,89,1,194.19,194.0803756,58.4,293,0,0,3,0,14,0,0,0,0,0,0,0,1,143.9,5,2,0,0,1,2,0,0.4,0,1,-0.1,194.19,503,57470,0,-6.0626,6477,7535,1058,0.8595885865958859
enzyme,D00528,2519,Caffeine,hsa:1553,Q16696,1,19,89,1,194.19,194.0803756,58.4,293,0,0,3,0,14,0,0,0,0,0,0,0,1,143.9,5,2,0,0,1,2,0,0.4,0,1,-0.1,194.19,494,56688,0,-6.1795,6758,7535,777,0.8968812209688122
enzyme,D00528,2519,Caffeine,hsa:1555,P20813,1,18,89,1,194.19,194.0803756,58.4,293,0,0,3,0,14,0,0,0,0,0,0,0,1,143.9,5,2,0,0,1,2,0,0.4,0,1,-0.1,194.19,491,56278,0,-5.7943,5786,7535,1749,0.7678832116788321
enzyme,D00528,2519,Caffeine,hsa:1557,P33261,1,27,89,1,194.19,194.0803756,58.4,293,0,0,3,0,14,0,0,0,0,0,0,0,1,143.9,5,2,0,0,1,2,0,0.4,0,1,-0.1,194.19,490,55945,0,-6.6329,7333,7535,202,0.9731917717319177
enzyme,D00528,2519,Caffeine,hsa:1558,P10632,1,22,89,1,194.19,194.0803756,58.4,293,0,0,3,0,14,0,0,0,0,0,0,0,1,143.9,5,2,0,0,1,2,0,0.4,0,1,-0.1,194.19,490,55825,3,-6.0451,6446,7535,1089,0.8554744525547445
enzyme,D00528,2519,Caffeine,hsa:1559,P11712,1,25,89,1,194.19,194.0803756,58.4,293,0,0,3,0,14,0,0,0,0,0,0,0,1,143.9,5,2,0,0,1,2,0,0.4,0,1,-0.1,194.19,490,55628,0,-5.8719,5992,7535,1543,0.7952222959522229
enzyme,D00528,2519,Caffeine,hsa:1562,P33260,2,18,89,1,194.19,194.0803756,58.4,293,0,0,3,0,14,0,0,0,0,0,0,0,1,143.9,5,2,0,0,1,2,0,0.4,0,1,-0.1,194.19,490,55711,0,-3.2496,223,7535,7312,0.029595222295952222
enzyme,D00528,2519,Caffeine,hsa:1565,P10635,3,30,89,1,194.19,194.0803756,58.4,293,0,0,3,0,14,0,0,0,0,0,0,0,1,143.9,5,2,0,0,1,2,0,0.4,0,1,-0.1,194.19,497,55769,0,-6.5923,7300,7535,235,0.9688122096881221
enzyme,D00528,2519,Caffeine,hsa:1571,P05181,1,23,89,1,194.19,194.0803756,58.4,293,0,0,3,0,14,0,0,0,0,0,0,0,1,143.9,5,2,0,0,1,2,0,0.4,0,1,-0.1,194.19,493,56849,0,-6.5002,7218,7535,317,0.9579296615792966
enzyme,D00528,2519,Caffeine,hsa:1576,P08684,2,34,89,1,194.19,194.0803756,58.4,293,0,0,3,0,14,0,0,0,0,0,0,0,1,143.9,5,2,0,0,1,2,0,0.4,0,1,-0.1,194.19,503,57343,2,-5.7045,5574,7535,1961,0.7397478433974785
enzyme,D00528,2519,Caffeine,hsa:1577,P20815,1,18,89,1,194.19,194.0803756,58.4,293,0,0,3,0,14,0,0,0,0,0,0,0,1,143.9,5,2,0,0,1,2,0,0.4,0,1,-0.1,194.19,502,57109,1,-5.5441,5069,7535,2466,0.6727272727272727
enzyme,D00528,2519,Caffeine,hsa:1581,P22680,1,11,89,1,194.19,194.0803756,58.4,293,0,0,3,0,14,0,0,0,0,0,0,0,1,143.9,5,2,0,0,1,2,0,0.4,0,1,-0.1,194.19,504,57661,0,-5.9685,6275,7535,1260,0.8327803583278036
enzyme,D00528,2519,Caffeine,hsa:1582,Q9UNU6,1,11,89,1,194.19,194.0803756,58.4,293,0,0,3,0,14,0,0,0,0,0,0,0,1,143.9,5,2,0,0,1,2,0,0.4,0,1,-0.1,194.19,501,58068,0,-6.0649,6487,7535,1048,0.8609157266091573
enzyme,D00528,2519,Caffeine,hsa:1583,P05108,2,10,89,1,194.19,194.0803756,58.4,293,0,0,3,0,14,0,0,0,0,0,0,0,1,143.9,5,2,0,0,1,2,0,0.4,0,1,-0.1,194.19,521,60102,1,-5.999,6341,7535,1194,0.8415394824153948
enzyme,D00528,2519,Caffeine,hsa:1584,P15538,2,11,89,1,194.19,194.0803756,58.4,293,0,0,3,0,14,0,0,0,0,0,0,0,1,143.9,5,2,0,0,1,2,0,0.4,0,1,-0.1,194.19,503,57573,0,-6.1236,6649,7535,886,0.882415394824154
enzyme,D00528,2519,Caffeine,hsa:1585,P19099,1,9,89,1,194.19,194.0803756,58.4,293,0,0,3,0,14,0,0,0,0,0,0,0,1,143.9,5,2,0,0,1,2,0,0.4,0,1,-0.1,194.19,503,57560,0,-6.095,6572,7535,963,0.8721964167219641
enzyme,D00528,2519,Caffeine,hsa:1586,P05093,2,13,89,1,194.19,194.0803756,58.4,293,0,0,3,0,14,0,0,0,0,0,0,0,1,143.9,5,2,0,0,1,2,0,0.4,0,1,-0.1,194.19,508,57371,0,-5.9457,6219,7535,1316,0.8253483742534837
enzyme,D00528,2519,Caffeine,hsa:1588,P11511,3,20,89,1,194.19,194.0803756,58.4,293,0,0,3,0,14,0,0,0,0,0,0,0,1,143.9,5,2,0,0,1,2,0,0.4,0,1,-0.1,194.19,503,57883,0,-5.8264,5879,7535,1656,0.7802256138022562
enzyme,D00528,2519,Caffeine,hsa:1589,P08686,2,10,89,1,194.19,194.0803756,58.4,293,0,0,3,0,14,0,0,0,0,0,0,0,1,143.9,5,2,0,0,1,2,0,0.4,0,1,-0.1,194.19,495,56001,0,-6.2164,6826,7535,709,0.9059057730590577
enzyme,D00528,2519,Caffeine,hsa:1595,Q16850,1,12,89,1,194.19,194.0803756,58.4,293,0,0,3,0,14,0,0,0,0,0,0,0,1,143.9,5,2,0,0,1,2,0,0.4,0,1,-0.1,194.19,509,57278,0,-6.1079,6605,7535,930,0.8765759787657598
enzyme,D00528,2519,Caffeine,hsa:306,P12429,1,3,89,1,194.19,194.0803756,58.4,293,0,0,3,0,14,0,0,0,0,0,0,0,1,143.9,5,2,0,0,1,2,0,0.4,0,1,-0.1,194.19,323,36375,0,-5.1968,3867,7535,3668,0.5132050431320504
enzyme,D00528,2519,Caffeine,hsa:339221,Q6UWV6,1,3,89,1,194.19,194.0803756,58.4,293,0,0,3,0,14,0,0,0,0,0,0,0,1,143.9,5,2,0,0,1,2,0,0.4,0,1,-0.1,194.19,458,51478,5,-5.7614,5720,7535,1815,0.7591240875912408
enzyme,D00528,2519,Caffeine,hsa:51095,Q96Q11,1,3,89,1,194.19,194.0803756,58.4,293,0,0,3,0,14,0,0,0,0,0,0,0,1,143.9,5,2,0,0,1,2,0,0.4,0,1,-0.1,194.19,434,50128,2,-5.568,5146,7535,2389,0.6829462508294625
enzyme,D00528,2519,Caffeine,hsa:5138,O00408,2,20,89,1,194.19,194.0803756,58.4,293,0,0,3,0,14,0,0,0,0,0,0,0,1,143.9,5,2,0,0,1,2,0,0.4,0,1,-0.1,194.19,941,105717,2,-5.2249,3975,7535,3560,0.5275381552753815
enzyme,D00528,2519,Caffeine,hsa:5140,Q13370,2,20,89,1,194.19,194.0803756,58.4,293,0,0,3,0,14,0,0,0,0,0,0,0,1,143.9,5,2,0,0,1,2,0,0.4,0,1,-0.1,194.19,1112,124333,5,-6.1672,6728,7535,807,0.892899800928998
enzyme,D00528,2519,Caffeine,hsa:5141,P27815,1,20,89,1,194.19,194.0803756,58.4,293,0,0,3,0,14,0,0,0,0,0,0,0,1,143.9,5,2,0,0,1,2,0,0.4,0,1,-0.1,194.19,886,98143,7,-5.6601,5437,7535,2098,0.7215660252156603
enzyme,D00528,2519,Caffeine,hsa:5142,Q07343,2,20,89,1,194.19,194.0803756,58.4,293,0,0,3,0,14,0,0,0,0,0,0,0,1,143.9,5,2,0,0,1,2,0,0.4,0,1,-0.1,194.19,736,83343,2,-6.6406,7338,7535,197,0.9738553417385534
enzyme,D00528,2519,Caffeine,hsa:5143,Q08493,4,20,89,1,194.19,194.0803756,58.4,293,0,0,3,0,14,0,0,0,0,0,0,0,1,143.9,5,2,0,0,1,2,0,0.4,0,1,-0.1,194.19,712,79902,10,-5.1113,3565,7535,3970,0.47312541473125413
enzyme,D00528,2519,Caffeine,hsa:5144,Q08499,2,20,89,1,194.19,194.0803756,58.4,293,0,0,3,0,14,0,0,0,0,0,0,0,1,143.9,5,2,0,0,1,2,0,0.4,0,1,-0.1,194.19,809,91115,12,-6.6095,7315,7535,220,0.9708029197080292
enzyme,D00528,2519,Caffeine,hsa:5146,P51160,1,3,89,1,194.19,194.0803756,58.4,293,0,0,3,0,14,0,0,0,0,0,0,0,1,143.9,5,2,0,0,1,2,0,0.4,0,1,-0.1,194.19,858,99147,0,-5.9344,6179,7535,1356,0.8200398142003982
enzyme,D00528,2519,Caffeine,hsa:5147,O43924,2,20,89,1,194.19,194.0803756,58.4,293,0,0,3,0,14,0,0,0,0,0,0,0,1,143.9,5,2,0,0,1,2,0,0.4,0,1,-0.1,194.19,150,17420,12,-5.3643,4485,7535,3050,0.595222295952223
enzyme,D00528,2519,Caffeine,hsa:5148,P18545,1,20,89,1,194.19,194.0803756,58.4,293,0,0,3,0,14,0,0,0,0,0,0,0,1,143.9,5,2,0,0,1,2,0,0.4,0,1,-0.1,194.19,87,9643,8,-2.9953,139,7535,7396,0.018447246184472462
enzyme,D00528,2519,Caffeine,hsa:5151,O60658,1,20,89,1,194.19,194.0803756,58.4,293,0,0,3,0,14,0,0,0,0,0,0,0,1,143.9,5,2,0,0,1,2,0,0.4,0,1,-0.1,194.19,829,93304,0,-6.6322,7332,7535,203,0.9730590577305905
enzyme,D00528,2519,Caffeine,hsa:5152,O76083,2,19,89,1,194.19,194.0803756,58.4,293,0,0,3,0,14,0,0,0,0,0,0,0,1,143.9,5,2,0,0,1,2,0,0.4,0,1,-0.1,194.19,593,68493,46,-5.3942,4595,7535,2940,0.6098208360982084
enzyme,D00528,2519,Caffeine,hsa:5168,Q13822,1,3,89,1,194.19,194.0803756,58.4,293,0,0,3,0,14,0,0,0,0,0,0,0,1,143.9,5,2,0,0,1,2,0,0.4,0,1,-0.1,194.19,863,98994,0,-6.0385,6434,7535,1101,0.8538818845388189
enzyme,D00528,2519,Caffeine,hsa:5169,O14638,1,3,89,1,194.19,194.0803756,58.4,293,0,0,3,0,14,0,0,0,0,0,0,0,1,143.9,5,2,0,0,1,2,0,0.4,0,1,-0.1,194.19,875,100124,0,-6.2012,6797,7535,738,0.9020570670205706
enzyme,D00528,2519,Caffeine,hsa:5330,Q00722,2,3,89,1,194.19,194.0803756,58.4,293,0,0,3,0,14,0,0,0,0,0,0,0,1,143.9,5,2,0,0,1,2,0,0.4,0,1,-0.1,194.19,1185,134024,1,-6.4085,7104,7535,431,0.9428002654280027
enzyme,D00528,2519,Caffeine,hsa:5331,Q01970,1,3,89,1,194.19,194.0803756,58.4,293,0,0,3,0,14,0,0,0,0,0,0,0,1,143.9,5,2,0,0,1,2,0,0.4,0,1,-0.1,194.19,1234,138799,1,-6.2367,6862,7535,673,0.9106834771068347
enzyme,D00528,2519,Caffeine,hsa:5335,P19174,2,3,89,1,194.19,194.0803756,58.4,293,0,0,3,0,14,0,0,0,0,0,0,0,1,143.9,5,2,0,0,1,2,0,0.4,0,1,-0.1,194.19,1290,148532,39,-5.2507,4078,7535,3457,0.541207697412077
enzyme,D00528,2519,Caffeine,hsa:5336,P16885,1,3,89,1,194.19,194.0803756,58.4,293,0,0,3,0,14,0,0,0,0,0,0,0,1,143.9,5,2,0,0,1,2,0,0.4,0,1,-0.1,194.19,1265,147870,10,-4.7247,2234,7535,5301,0.2964830789648308
enzyme,D00528,2519,Caffeine,hsa:5337,Q13393,2,3,89,1,194.19,194.0803756,58.4,293,0,0,3,0,14,0,0,0,0,0,0,0,1,143.9,5,2,0,0,1,2,0,0.4,0,1,-0.1,194.19,1074,124184,12,-5.4346,4730,7535,2805,0.6277372262773723
enzyme,D00528,2519,Caffeine,hsa:5338,O14939,1,3,89,1,194.19,194.0803756,58.4,293,0,0,3,0,14,0,0,0,0,0,0,0,1,143.9,5,2,0,0,1,2,0,0.4,0,1,-0.1,194.19,933,105987,5,-5.4436,4753,7535,2782,0.6307896483078965
enzyme,D00528,2519,Caffeine,hsa:55512,Q9NY59,2,3,89,1,194.19,194.0803756,58.4,293,0,0,3,0,14,0,0,0,0,0,0,0,1,143.9,5,2,0,0,1,2,0,0.4,0,1,-0.1,194.19,655,71081,1,-5.3902,4581,7535,2954,0.6079628400796284
enzyme,D00528,2519,Caffeine,hsa:55775,Q9NUW8,2,3,89,1,194.19,194.0803756,58.4,293,0,0,3,0,14,0,0,0,0,0,0,0,1,143.9,5,2,0,0,1,2,0,0.4,0,1,-0.1,194.19,608,68420,13,-5.4722,4844,7535,2691,0.6428666224286662
enzyme,D00528,2519,Caffeine,hsa:5740,Q16647,1,12,89,1,194.19,194.0803756,58.4,293,0,0,3,0,14,0,0,0,0,0,0,0,1,143.9,5,2,0,0,1,2,0,0.4,0,1,-0.1,194.19,500,57104,0,-5.5414,5063,7535,2472,0.6719309887193099
enzyme,D00528,2519,Caffeine,hsa:6609,P17405,2,3,89,1,194.19,194.0803756,58.4,293,0,0,3,0,14,0,0,0,0,0,0,0,1,143.9,5,2,0,0,1,2,0,0.4,0,1,-0.1,194.19,631,69936,1,-5.6975,5551,7535,1984,0.7366954213669542
enzyme,D00528,2519,Caffeine,hsa:8654,O76074,1,20,89,1,194.19,194.0803756,58.4,293,0,0,3,0,14,0,0,0,0,0,0,0,1,143.9,5,2,0,0,1,2,0,0.4,0,1,-0.1,194.19,875,99985,2,-5.9344,6180,7535,1355,0.8201725282017253
enzyme,D00533,34312,Oxcarbazepine,hsa:1557,P33261,1,27,1,1,252.27,252.0898776,63.4,382,0,1,2,0,19,0,0,0,0,0,0,0,1,194.9,6,2,1,0,0,3,0,0.6,1.4,8,1.7,252.27,490,55945,0,-9.1469,7137,7465,328,0.9560616208975218
enzyme,D00536,3331,Felbamate,hsa:1557,P33261,1,27,1,1,238.24,238.0953569,105,246,0,2,4,7,17,0,0,0,0,0,0,0,1,180.9,5,2,2,0,0,1,0,0.8,7,10,0.6,238.24,490,55945,0,-6.6339,5644,7525,1881,0.7500332225913622
enzyme,D00537,5284627,Topiramate,hsa:760,P00918,2,19,2,1,339.36,339.0987878,124,556,0,1,9,3,22,0,4,4,0,0,0,0,1,237.3,13,7,1,0,0,3,2,0.8,4.6,10,-0.8,339.36,260,29246,0,-7.8634,7124,7462,338,0.9547038327526133
enzyme,D00537,5284627,Topiramate,hsa:762,P22748,1,18,2,1,339.36,339.0987878,124,556,0,1,9,3,22,0,4,4,0,0,0,0,1,237.3,13,7,1,0,0,3,2,0.8,4.6,10,-0.8,339.36,312,35032,0,-6.5967,4784,7462,2678,0.6411149825783972
enzyme,D00538,5734,Zonisamide,hsa:23632,Q9ULX7,2,10,13,1,212.23,212.0255633,94.6,298,0,1,5,2,14,0,0,0,0,0,0,0,1,151.1,6,3,1,0,0,2,0,0.6,2,10,0.2,212.23,337,37668,0,-6.79,6360,7408,1048,0.8585313174946004
enzyme,D00538,5734,Zonisamide,hsa:377677,Q8N1Q1,1,10,13,1,212.23,212.0255633,94.6,298,0,1,5,2,14,0,0,0,0,0,0,0,1,151.1,6,3,1,0,0,2,0,0.6,2,10,0.2,212.23,262,29443,2,-6.0628,4409,7408,2999,0.5951673866090713
enzyme,D00538,5734,Zonisamide,hsa:759,P00915,2,21,13,1,212.23,212.0255633,94.6,298,0,1,5,2,14,0,0,0,0,0,0,0,1,151.1,6,3,1,0,0,2,0,0.6,2,10,0.2,212.23,261,28870,1,-6.0214,4263,7408,3145,0.5754589632829373
enzyme,D00538,5734,Zonisamide,hsa:760,P00918,2,19,13,1,212.23,212.0255633,94.6,298,0,1,5,2,14,0,0,0,0,0,0,0,1,151.1,6,3,1,0,0,2,0,0.6,2,10,0.2,212.23,260,29246,0,-7.0244,6767,7408,641,0.9134719222462203
enzyme,D00538,5734,Zonisamide,hsa:761,P07451,2,10,13,1,212.23,212.0255633,94.6,298,0,1,5,2,14,0,0,0,0,0,0,0,1,151.1,6,3,1,0,0,2,0,0.6,2,10,0.2,212.23,260,29557,2,-6.7571,6297,7408,1111,0.8500269978401728
enzyme,D00538,5734,Zonisamide,hsa:762,P22748,1,18,13,1,212.23,212.0255633,94.6,298,0,1,5,2,14,0,0,0,0,0,0,0,1,151.1,6,3,1,0,0,2,0,0.6,2,10,0.2,212.23,312,35032,0,-5.6586,3102,7408,4306,0.4187365010799136
enzyme,D00538,5734,Zonisamide,hsa:765,P23280,2,10,13,1,212.23,212.0255633,94.6,298,0,1,5,2,14,0,0,0,0,0,0,0,1,151.1,6,3,1,0,0,2,0,0.6,2,10,0.2,212.23,308,35367,0,-5.8834,3847,7408,3561,0.5193034557235421
enzyme,D00538,5734,Zonisamide,hsa:766,P43166,1,10,13,1,212.23,212.0255633,94.6,298,0,1,5,2,14,0,0,0,0,0,0,0,1,151.1,6,3,1,0,0,2,0,0.6,2,10,0.2,212.23,264,29658,0,-6.7126,6198,7408,1210,0.8366630669546437
enzyme,D00538,5734,Zonisamide,hsa:767,P35219,1,10,13,1,212.23,212.0255633,94.6,298,0,1,5,2,14,0,0,0,0,0,0,0,1,151.1,6,3,1,0,0,2,0,0.6,2,10,0.2,212.23,290,32973,11,-6.559,5857,7408,1551,0.7906317494600432
enzyme,D00538,5734,Zonisamide,hsa:768,Q16790,2,10,13,1,212.23,212.0255633,94.6,298,0,1,5,2,14,0,0,0,0,0,0,0,1,151.1,6,3,1,0,0,2,0,0.6,2,10,0.2,212.23,459,49698,2,-6.8013,6389,7408,1019,0.8624460043196545
enzyme,D00538,5734,Zonisamide,hsa:771,O43570,1,10,13,1,212.23,212.0255633,94.6,298,0,1,5,2,14,0,0,0,0,0,0,0,1,151.1,6,3,1,0,0,2,0,0.6,2,10,0.2,212.23,354,39451,0,-6.8219,6433,7408,975,0.8683855291576674
enzyme,D00542,3562,Halothane,hsa:10858,Q9Y6A2,1,11,45,1,197.38,195.89022,0,60,0,0,3,0,7,0,1,0,1,0,0,0,1,89.9,1,0,0,0,0,0,1,0.4,1,2,2.3,197.38,500,56821,0,-4.3098,5868,7536,1668,0.7786624203821656
enzyme,D00542,3562,Halothane,hsa:1543,P04798,2,19,45,1,197.38,195.89022,0,60,0,0,3,0,7,0,1,0,1,0,0,0,1,89.9,1,0,0,0,0,0,1,0.4,1,2,2.3,197.38,512,58165,2,-4.9757,7402,7536,134,0.9822186836518046
enzyme,D00542,3562,Halothane,hsa:1544,P05177,1,24,45,1,197.38,195.89022,0,60,0,0,3,0,7,0,1,0,1,0,0,0,1,89.9,1,0,0,0,0,0,1,0.4,1,2,2.3,197.38,516,58407,1,-4.9265,7370,7536,166,0.9779723991507431
enzyme,D00542,3562,Halothane,hsa:1545,Q16678,2,18,45,1,197.38,195.89022,0,60,0,0,3,0,7,0,1,0,1,0,0,0,1,89.9,1,0,0,0,0,0,1,0.4,1,2,2.3,197.38,543,60846,1,-4.8825,7322,7536,214,0.9716029723991507
enzyme,D00542,3562,Halothane,hsa:1548,P11509,1,18,45,1,197.38,195.89022,0,60,0,0,3,0,7,0,1,0,1,0,0,0,1,89.9,1,0,0,0,0,0,1,0.4,1,2,2.3,197.38,494,56517,1,-4.5976,6846,7536,690,0.9084394904458599
enzyme,D00542,3562,Halothane,hsa:1551,P24462,1,18,45,1,197.38,195.89022,0,60,0,0,3,0,7,0,1,0,1,0,0,0,1,89.9,1,0,0,0,0,0,1,0.4,1,2,2.3,197.38,503,57470,0,-4.3721,6138,7536,1398,0.8144904458598726
enzyme,D00542,3562,Halothane,hsa:1553,Q16696,1,19,45,1,197.38,195.89022,0,60,0,0,3,0,7,0,1,0,1,0,0,0,1,89.9,1,0,0,0,0,0,1,0.4,1,2,2.3,197.38,494,56688,0,-4.6974,7052,7536,484,0.9357749469214437
enzyme,D00542,3562,Halothane,hsa:1555,P20813,1,18,45,1,197.38,195.89022,0,60,0,0,3,0,7,0,1,0,1,0,0,0,1,89.9,1,0,0,0,0,0,1,0.4,1,2,2.3,197.38,491,56278,0,-4.8928,7336,7536,200,0.9734607218683652
enzyme,D00542,3562,Halothane,hsa:1557,P33261,1,27,45,1,197.38,195.89022,0,60,0,0,3,0,7,0,1,0,1,0,0,0,1,89.9,1,0,0,0,0,0,1,0.4,1,2,2.3,197.38,490,55945,0,-4.1868,5264,7536,2272,0.6985138004246284
enzyme,D00542,3562,Halothane,hsa:1558,P10632,1,22,45,1,197.38,195.89022,0,60,0,0,3,0,7,0,1,0,1,0,0,0,1,89.9,1,0,0,0,0,0,1,0.4,1,2,2.3,197.38,490,55825,3,-4.4514,6416,7536,1120,0.851380042462845
enzyme,D00542,3562,Halothane,hsa:1559,P11712,1,25,45,1,197.38,195.89022,0,60,0,0,3,0,7,0,1,0,1,0,0,0,1,89.9,1,0,0,0,0,0,1,0.4,1,2,2.3,197.38,490,55628,0,-3.9159,3716,7536,3820,0.49309978768577495
enzyme,D00542,3562,Halothane,hsa:1562,P33260,2,18,45,1,197.38,195.89022,0,60,0,0,3,0,7,0,1,0,1,0,0,0,1,89.9,1,0,0,0,0,0,1,0.4,1,2,2.3,197.38,490,55711,0,-2.2981,202,7536,7334,0.02680467091295117
enzyme,D00542,3562,Halothane,hsa:1565,P10635,3,30,45,1,197.38,195.89022,0,60,0,0,3,0,7,0,1,0,1,0,0,0,1,89.9,1,0,0,0,0,0,1,0.4,1,2,2.3,197.38,497,55769,0,-4.3901,6205,7536,1331,0.8233811040339702
enzyme,D00542,3562,Halothane,hsa:1576,P08684,2,34,45,1,197.38,195.89022,0,60,0,0,3,0,7,0,1,0,1,0,0,0,1,89.9,1,0,0,0,0,0,1,0.4,1,2,2.3,197.38,503,57343,2,-4.779,7209,7536,327,0.9566082802547771
enzyme,D00542,3562,Halothane,hsa:1577,P20815,1,18,45,1,197.38,195.89022,0,60,0,0,3,0,7,0,1,0,1,0,0,0,1,89.9,1,0,0,0,0,0,1,0.4,1,2,2.3,197.38,502,57109,1,-4.5873,6826,7536,710,0.9057855626326964
enzyme,D00542,3562,Halothane,hsa:1581,P22680,1,11,45,1,197.38,195.89022,0,60,0,0,3,0,7,0,1,0,1,0,0,0,1,89.9,1,0,0,0,0,0,1,0.4,1,2,2.3,197.38,504,57661,0,-4.2703,5674,7536,1862,0.7529193205944799
enzyme,D00542,3562,Halothane,hsa:1582,Q9UNU6,1,11,45,1,197.38,195.89022,0,60,0,0,3,0,7,0,1,0,1,0,0,0,1,89.9,1,0,0,0,0,0,1,0.4,1,2,2.3,197.38,501,58068,0,-4.1227,4916,7536,2620,0.6523354564755839
enzyme,D00542,3562,Halothane,hsa:1583,P05108,2,10,45,1,197.38,195.89022,0,60,0,0,3,0,7,0,1,0,1,0,0,0,1,89.9,1,0,0,0,0,0,1,0.4,1,2,2.3,197.38,521,60102,1,-4.3197,5907,7536,1629,0.7838375796178344
enzyme,D00542,3562,Halothane,hsa:1584,P15538,2,11,45,1,197.38,195.89022,0,60,0,0,3,0,7,0,1,0,1,0,0,0,1,89.9,1,0,0,0,0,0,1,0.4,1,2,2.3,197.38,503,57573,0,-4.1799,5224,7536,2312,0.6932059447983014
enzyme,D00542,3562,Halothane,hsa:1585,P19099,1,9,45,1,197.38,195.89022,0,60,0,0,3,0,7,0,1,0,1,0,0,0,1,89.9,1,0,0,0,0,0,1,0.4,1,2,2.3,197.38,503,57560,0,-5.0618,7461,7536,75,0.990047770700637
enzyme,D00542,3562,Halothane,hsa:1586,P05093,2,13,45,1,197.38,195.89022,0,60,0,0,3,0,7,0,1,0,1,0,0,0,1,89.9,1,0,0,0,0,0,1,0.4,1,2,2.3,197.38,508,57371,0,-3.961,4005,7536,3531,0.5314490445859873
enzyme,D00542,3562,Halothane,hsa:1588,P11511,3,20,45,1,197.38,195.89022,0,60,0,0,3,0,7,0,1,0,1,0,0,0,1,89.9,1,0,0,0,0,0,1,0.4,1,2,2.3,197.38,503,57883,0,-4.5752,6786,7536,750,0.9004777070063694
enzyme,D00542,3562,Halothane,hsa:1589,P08686,2,10,45,1,197.38,195.89022,0,60,0,0,3,0,7,0,1,0,1,0,0,0,1,89.9,1,0,0,0,0,0,1,0.4,1,2,2.3,197.38,495,56001,0,-4.5099,6624,7536,912,0.8789808917197452
enzyme,D00542,3562,Halothane,hsa:1595,Q16850,1,12,45,1,197.38,195.89022,0,60,0,0,3,0,7,0,1,0,1,0,0,0,1,89.9,1,0,0,0,0,0,1,0.4,1,2,2.3,197.38,509,57278,0,-4.497,6593,7536,943,0.8748673036093418
enzyme,D00542,3562,Halothane,hsa:5740,Q16647,1,12,45,1,197.38,195.89022,0,60,0,0,3,0,7,0,1,0,1,0,0,0,1,89.9,1,0,0,0,0,0,1,0.4,1,2,2.3,197.38,500,57104,0,-4.0503,4507,7536,3029,0.5980626326963907
enzyme,D00543,3226,Enflurane,hsa:1571,P05181,1,23,3,1,184.49,183.9714332,9.2,107,0,0,6,3,10,0,1,0,1,0,0,0,1,103.4,1,1,0,0,0,0,0,0.6,3,10,2.1,184.49,493,56849,0,-5.5639,7051,7534,483,0.935890629147863
enzyme,D00544,4116,Methoxyflurane,hsa:1571,P05181,1,23,3,1,164.96,163.9607265,9.2,75,0,0,3,2,8,0,0,0,0,0,0,0,1,99.2,1,1,0,0,0,0,0,0.4,2,5,2.2,164.96,493,56849,0,-4.7032,7001,7536,535,0.9290074309978769
enzyme,D00547,5206,Sevoflurane,hsa:1571,P05181,1,23,3,1,200.05,200.0072119,9.2,121,0,0,8,2,12,0,0,0,0,0,0,0,1,112.5,1,1,0,0,0,0,0,0.6,4,3,2.8,200.05,493,56849,0,-5.9093,7207,7573,366,0.9516704080285224
enzyme,D00550,4192,Midazolam,hsa:1576,P08684,2,34,1,1,325.8,325.0782033,30.2,471,0,0,3,1,23,0,0,0,0,0,0,0,1,242.5,6,1,0,0,1,4,0,0.6,1.2,8,2.5,325.8,503,57343,2,-10.2016,7370,7397,27,0.9963498715695552
enzyme,D00560,16362,Pimozide,hsa:2147,P00734,1,8,1,1,461.5,461.2278689,35.6,632,0,1,4,7,34,0,0,0,0,0,0,0,1,362.6,8,1,1,0,1,5,0,1,8.2,10,6.3,461.5,622,70037,4,-9.5276,5878,7366,1488,0.7979907683953299
enzyme,D00562,657298,Propylthiouracil,hsa:4353,P05164,1,5,8,1,170.23,170.0513841,73.2,222,0,2,2,2,11,0,0,0,0,0,0,0,1,130.4,6,2,2,0,0,1,1,0.4,2,9,0.8,170.23,745,83869,3,-5.8945,6985,7471,486,0.9349484674073083
enzyme,D00562,657298,Propylthiouracil,hsa:7453,P23381,2,2,8,1,170.23,170.0513841,73.2,222,0,2,2,2,11,0,0,0,0,0,0,0,1,130.4,6,2,2,0,0,1,1,0.4,2,9,0.8,170.23,471,53165,2,-5.6705,6525,7471,946,0.8733770579574354
enzyme,D00563,4205,Mirtazapine,hsa:1544,P05177,1,24,3,1,265.35,265.1578976,19.4,345,0,0,3,0,20,0,1,0,1,0,0,0,1,208.5,7,1,0,0,2,4,0,0.6,1,4,3.3,265.35,516,58407,1,-8.4624,6766,7526,760,0.8990167419612012
enzyme,D00563,4205,Mirtazapine,hsa:1565,P10635,3,30,3,1,265.35,265.1578976,19.4,345,0,0,3,0,20,0,1,0,1,0,0,0,1,208.5,7,1,0,0,2,4,0,0.6,1,4,3.3,265.35,497,55769,0,-8.5859,6899,7526,627,0.9166888121179909
enzyme,D00563,4205,Mirtazapine,hsa:1576,P08684,2,34,3,1,265.35,265.1578976,19.4,345,0,0,3,0,20,0,1,0,1,0,0,0,1,208.5,7,1,0,0,2,4,0,0.6,1,4,3.3,265.35,503,57343,2,-8.0704,6185,7526,1341,0.8218176986446983
enzyme,D00566,16760658,Sodium Salicylate,hsa:5742,P23219,1,61,2,1,160.1,160.0136383,60.4,138,0,1,3,1,11,0,0,0,0,0,0,0,2,,,,,,,,,,,0,,160.1,599,68686,4,-1.2869,4744,7613,2869,0.6231446210429529
enzyme,D00566,16760658,Sodium Salicylate,hsa:5743,P35354,1,61,2,1,160.1,160.0136383,60.4,138,0,1,3,1,11,0,0,0,0,0,0,0,2,,,,,,,,,,,0,,160.1,604,68996,1,-1.2522,3859,7613,3754,0.5068960987784054
enzyme,D00567,2662,Celecoxib,hsa:1559,P11712,1,25,3,1,381.4,381.0758824,86.4,577,0,1,7,3,26,0,0,0,0,0,0,0,1,273.5,7,3,1,0,0,3,0,0.8,4,4,3.4,381.4,490,55628,0,-9.3783,6974,7216,242,0.9664634146341463
enzyme,D00567,2662,Celecoxib,hsa:5742,P23219,1,61,3,1,381.4,381.0758824,86.4,577,0,1,7,3,26,0,0,0,0,0,0,0,1,273.5,7,3,1,0,0,3,0,0.8,4,4,3.4,381.4,599,68686,4,-7.9361,5191,7216,2025,0.7193736141906873
enzyme,D00567,2662,Celecoxib,hsa:5743,P35354,1,61,3,1,381.4,381.0758824,86.4,577,0,1,7,3,26,0,0,0,0,0,0,0,1,273.5,7,3,1,0,0,3,0,0.8,4,4,3.4,381.4,604,68996,1,-8.7918,6545,7216,671,0.9070121951219512
enzyme,D00568,5090,Rofecoxib,hsa:5742,P23219,1,61,2,1,314.4,314.0612801,68.8,556,0,0,4,3,22,0,0,0,0,0,0,0,1,239.4,6,3,0,0,0,3,0,0.6,3.4,8,2.3,314.4,599,68686,4,-7.4939,5220,7525,2305,0.693687707641196
enzyme,D00568,5090,Rofecoxib,hsa:5743,P35354,1,61,2,1,314.4,314.0612801,68.8,556,0,0,4,3,22,0,0,0,0,0,0,0,1,239.4,6,3,0,0,0,3,0,0.6,3.4,8,2.3,314.4,604,68996,1,-7.7732,5850,7525,1675,0.7774086378737541
enzyme,D00569,4754,Phenacetin,hsa:1543,P04798,2,19,2,1,179.22,179.0946287,38.3,162,0,1,2,3,13,0,0,0,0,0,0,0,1,145.6,4,2,1,0,0,1,0,0.6,4,8,1.6,179.22,512,58165,2,-7.4598,7530,7535,5,0.9993364299933643
enzyme,D00569,4754,Phenacetin,hsa:1544,P05177,1,24,2,1,179.22,179.0946287,38.3,162,0,1,2,3,13,0,0,0,0,0,0,0,1,145.6,4,2,1,0,0,1,0,0.6,4,8,1.6,179.22,516,58407,1,-6.542,7170,7535,365,0.9515593895155939
enzyme,D00574,2145,Aminoglutethimide,hsa:10858,Q9Y6A2,1,11,43,1,232.28,232.1211778,72.2,321,0,2,3,2,17,0,1,0,1,0,0,0,1,180.5,8,2,2,0,1,2,1,0.6,2.8,8,1.2,232.28,500,56821,0,-7.9463,7298,7527,229,0.9695761923741198
enzyme,D00574,2145,Aminoglutethimide,hsa:1543,P04798,2,19,43,1,232.28,232.1211778,72.2,321,0,2,3,2,17,0,1,0,1,0,0,0,1,180.5,8,2,2,0,1,2,1,0.6,2.8,8,1.2,232.28,512,58165,2,-7.0071,6141,7527,1386,0.8158628935831008
enzyme,D00574,2145,Aminoglutethimide,hsa:1544,P05177,1,24,43,1,232.28,232.1211778,72.2,321,0,2,3,2,17,0,1,0,1,0,0,0,1,180.5,8,2,2,0,1,2,1,0.6,2.8,8,1.2,232.28,516,58407,1,-6.9967,6118,7527,1409,0.8128072273149993
enzyme,D00574,2145,Aminoglutethimide,hsa:1545,Q16678,2,18,43,1,232.28,232.1211778,72.2,321,0,2,3,2,17,0,1,0,1,0,0,0,1,180.5,8,2,2,0,1,2,1,0.6,2.8,8,1.2,232.28,543,60846,1,-7.0935,6327,7527,1200,0.8405739338381826
enzyme,D00574,2145,Aminoglutethimide,hsa:1548,P11509,1,18,43,1,232.28,232.1211778,72.2,321,0,2,3,2,17,0,1,0,1,0,0,0,1,180.5,8,2,2,0,1,2,1,0.6,2.8,8,1.2,232.28,494,56517,1,-7.3049,6697,7527,830,0.8897303042380763
enzyme,D00574,2145,Aminoglutethimide,hsa:1551,P24462,1,18,43,1,232.28,232.1211778,72.2,321,0,2,3,2,17,0,1,0,1,0,0,0,1,180.5,8,2,2,0,1,2,1,0.6,2.8,8,1.2,232.28,503,57470,0,-6.4015,4679,7527,2848,0.6216288029759532
enzyme,D00574,2145,Aminoglutethimide,hsa:1553,Q16696,1,19,43,1,232.28,232.1211778,72.2,321,0,2,3,2,17,0,1,0,1,0,0,0,1,180.5,8,2,2,0,1,2,1,0.6,2.8,8,1.2,232.28,494,56688,0,-7.7201,7158,7527,369,0.9509764846552411
enzyme,D00574,2145,Aminoglutethimide,hsa:1555,P20813,1,18,43,1,232.28,232.1211778,72.2,321,0,2,3,2,17,0,1,0,1,0,0,0,1,180.5,8,2,2,0,1,2,1,0.6,2.8,8,1.2,232.28,491,56278,0,-6.9973,6119,7527,1408,0.8129400823701342
enzyme,D00574,2145,Aminoglutethimide,hsa:1557,P33261,1,27,43,1,232.28,232.1211778,72.2,321,0,2,3,2,17,0,1,0,1,0,0,0,1,180.5,8,2,2,0,1,2,1,0.6,2.8,8,1.2,232.28,490,55945,0,-6.9821,6091,7527,1436,0.8092201408263584
enzyme,D00574,2145,Aminoglutethimide,hsa:1558,P10632,1,22,43,1,232.28,232.1211778,72.2,321,0,2,3,2,17,0,1,0,1,0,0,0,1,180.5,8,2,2,0,1,2,1,0.6,2.8,8,1.2,232.28,490,55825,3,-8.052,7341,7527,186,0.9752889597449182
enzyme,D00574,2145,Aminoglutethimide,hsa:1559,P11712,1,25,43,1,232.28,232.1211778,72.2,321,0,2,3,2,17,0,1,0,1,0,0,0,1,180.5,8,2,2,0,1,2,1,0.6,2.8,8,1.2,232.28,490,55628,0,-7.7532,7180,7527,347,0.9538992958682078
enzyme,D00574,2145,Aminoglutethimide,hsa:1562,P33260,2,18,43,1,232.28,232.1211778,72.2,321,0,2,3,2,17,0,1,0,1,0,0,0,1,180.5,8,2,2,0,1,2,1,0.6,2.8,8,1.2,232.28,490,55711,0,-3.8969,231,7527,7296,0.03068951773614986
enzyme,D00574,2145,Aminoglutethimide,hsa:1565,P10635,3,30,43,1,232.28,232.1211778,72.2,321,0,2,3,2,17,0,1,0,1,0,0,0,1,180.5,8,2,2,0,1,2,1,0.6,2.8,8,1.2,232.28,497,55769,0,-6.792,5692,7527,1835,0.7562109738275541
enzyme,D00574,2145,Aminoglutethimide,hsa:1571,P05181,1,23,43,1,232.28,232.1211778,72.2,321,0,2,3,2,17,0,1,0,1,0,0,0,1,180.5,8,2,2,0,1,2,1,0.6,2.8,8,1.2,232.28,493,56849,0,-7.1658,6446,7527,1081,0.8563836853992295
enzyme,D00574,2145,Aminoglutethimide,hsa:1576,P08684,2,34,43,1,232.28,232.1211778,72.2,321,0,2,3,2,17,0,1,0,1,0,0,0,1,180.5,8,2,2,0,1,2,1,0.6,2.8,8,1.2,232.28,503,57343,2,-6.6623,5372,7527,2155,0.7136973561844028
enzyme,D00574,2145,Aminoglutethimide,hsa:1577,P20815,1,18,43,1,232.28,232.1211778,72.2,321,0,2,3,2,17,0,1,0,1,0,0,0,1,180.5,8,2,2,0,1,2,1,0.6,2.8,8,1.2,232.28,502,57109,1,-6.549,5088,7527,2439,0.6759665205261061
enzyme,D00574,2145,Aminoglutethimide,hsa:1581,P22680,1,11,43,1,232.28,232.1211778,72.2,321,0,2,3,2,17,0,1,0,1,0,0,0,1,180.5,8,2,2,0,1,2,1,0.6,2.8,8,1.2,232.28,504,57661,0,-6.6371,5305,7527,2222,0.704796067490368
enzyme,D00574,2145,Aminoglutethimide,hsa:1582,Q9UNU6,1,11,43,1,232.28,232.1211778,72.2,321,0,2,3,2,17,0,1,0,1,0,0,0,1,180.5,8,2,2,0,1,2,1,0.6,2.8,8,1.2,232.28,501,58068,0,-6.571,5136,7527,2391,0.6823435631725787
enzyme,D00574,2145,Aminoglutethimide,hsa:1583,P05108,2,10,43,1,232.28,232.1211778,72.2,321,0,2,3,2,17,0,1,0,1,0,0,0,1,180.5,8,2,2,0,1,2,1,0.6,2.8,8,1.2,232.28,521,60102,1,-7.6687,7133,7527,394,0.9476551082768699
enzyme,D00574,2145,Aminoglutethimide,hsa:1584,P15538,2,11,43,1,232.28,232.1211778,72.2,321,0,2,3,2,17,0,1,0,1,0,0,0,1,180.5,8,2,2,0,1,2,1,0.6,2.8,8,1.2,232.28,503,57573,0,-6.378,4615,7527,2912,0.613126079447323
enzyme,D00574,2145,Aminoglutethimide,hsa:1585,P19099,1,9,43,1,232.28,232.1211778,72.2,321,0,2,3,2,17,0,1,0,1,0,0,0,1,180.5,8,2,2,0,1,2,1,0.6,2.8,8,1.2,232.28,503,57560,0,-6.6803,5423,7527,2104,0.72047296399628
enzyme,D00574,2145,Aminoglutethimide,hsa:1586,P05093,2,13,43,1,232.28,232.1211778,72.2,321,0,2,3,2,17,0,1,0,1,0,0,0,1,180.5,8,2,2,0,1,2,1,0.6,2.8,8,1.2,232.28,508,57371,0,-6.8916,5905,7527,1622,0.7845091005712768
enzyme,D00574,2145,Aminoglutethimide,hsa:1588,P11511,3,20,43,1,232.28,232.1211778,72.2,321,0,2,3,2,17,0,1,0,1,0,0,0,1,180.5,8,2,2,0,1,2,1,0.6,2.8,8,1.2,232.28,503,57883,0,-6.9835,6095,7527,1432,0.8097515610468978
enzyme,D00574,2145,Aminoglutethimide,hsa:1595,Q16850,1,12,43,1,232.28,232.1211778,72.2,321,0,2,3,2,17,0,1,0,1,0,0,0,1,180.5,8,2,2,0,1,2,1,0.6,2.8,8,1.2,232.28,509,57278,0,-6.8181,5752,7527,1775,0.764182277135645
enzyme,D00574,2145,Aminoglutethimide,hsa:5740,Q16647,1,12,43,1,232.28,232.1211778,72.2,321,0,2,3,2,17,0,1,0,1,0,0,0,1,180.5,8,2,2,0,1,2,1,0.6,2.8,8,1.2,232.28,500,57104,0,-6.1869,4022,7527,3505,0.5343430317523582
enzyme,D00577,448537,Diethylstilbestrol,hsa:10549,Q13162,2,3,16,1,268.3,268.1463299,40.5,286,0,2,2,4,20,0,0,0,0,1,1,0,1,224.1,6,0,2,0,0,2,2,0.6,4,3,5.1,268.3,271,30540,8,-5.6119,2535,7572,5037,0.3347860538827258
enzyme,D00577,448537,Diethylstilbestrol,hsa:10935,P30048,2,3,16,1,268.3,268.1463299,40.5,286,0,2,2,4,20,0,0,0,0,1,1,0,1,224.1,6,0,2,0,0,2,2,0.6,4,3,5.1,268.3,256,27693,4,-5.5529,2354,7572,5218,0.31088219756999474
enzyme,D00577,448537,Diethylstilbestrol,hsa:25824,P30044,1,4,16,1,268.3,268.1463299,40.5,286,0,2,2,4,20,0,0,0,0,1,1,0,1,224.1,6,0,2,0,0,2,2,0.6,4,3,5.1,268.3,214,22086,5,-5.3857,1843,7572,5729,0.24339672477548865
enzyme,D00577,448537,Diethylstilbestrol,hsa:2876,P07203,2,1,16,1,268.3,268.1463299,40.5,286,0,2,2,4,20,0,0,0,0,1,1,0,1,224.1,6,0,2,0,0,2,2,0.6,4,3,5.1,268.3,203,22088,2,-4.9784,904,7572,6668,0.11938721605916534
enzyme,D00577,448537,Diethylstilbestrol,hsa:2877,P18283,1,1,16,1,268.3,268.1463299,40.5,286,0,2,2,4,20,0,0,0,0,1,1,0,1,224.1,6,0,2,0,0,2,2,0.6,4,3,5.1,268.3,190,21954,0,-5.5975,2491,7572,5081,0.32897517168515583
enzyme,D00577,448537,Diethylstilbestrol,hsa:2878,P22352,1,1,16,1,268.3,268.1463299,40.5,286,0,2,2,4,20,0,0,0,0,1,1,0,1,224.1,6,0,2,0,0,2,2,0.6,4,3,5.1,268.3,226,25552,1,-5.2819,1551,7572,6021,0.20483359746434232
enzyme,D00577,448537,Diethylstilbestrol,hsa:2879,P36969,1,1,16,1,268.3,268.1463299,40.5,286,0,2,2,4,20,0,0,0,0,1,1,0,1,224.1,6,0,2,0,0,2,2,0.6,4,3,5.1,268.3,197,22175,0,-5.3672,1791,7572,5781,0.23652931854199682
enzyme,D00577,448537,Diethylstilbestrol,hsa:2880,O75715,2,1,16,1,268.3,268.1463299,40.5,286,0,2,2,4,20,0,0,0,0,1,1,0,1,224.1,6,0,2,0,0,2,2,0.6,4,3,5.1,268.3,221,25202,0,-5.7726,3033,7572,4539,0.40055467511885895
enzyme,D00577,448537,Diethylstilbestrol,hsa:2882,Q96SL4,1,1,16,1,268.3,268.1463299,40.5,286,0,2,2,4,20,0,0,0,0,1,1,0,1,224.1,6,0,2,0,0,2,2,0.6,4,3,5.1,268.3,187,20996,13,-5.8352,3237,7572,4335,0.4274960380348653
enzyme,D00577,448537,Diethylstilbestrol,hsa:4353,P05164,1,5,16,1,268.3,268.1463299,40.5,286,0,2,2,4,20,0,0,0,0,1,1,0,1,224.1,6,0,2,0,0,2,2,0.6,4,3,5.1,268.3,745,83869,3,-7.0185,6313,7572,1259,0.833729529846804
enzyme,D00577,448537,Diethylstilbestrol,hsa:5052,Q06830,2,3,16,1,268.3,268.1463299,40.5,286,0,2,2,4,20,0,0,0,0,1,1,0,1,224.1,6,0,2,0,0,2,2,0.6,4,3,5.1,268.3,199,22110,10,-5.5651,2397,7572,5175,0.3165610142630745
enzyme,D00584,3385,5-Fluorouracil,hsa:151531,O95045,2,1,7,1,130.08,130.0178555,58.2,199,0,2,3,0,9,0,0,0,0,0,0,0,1,87.4,5,2,2,0,0,1,0,0.4,0,1,-0.9,130.08,317,35527,8,-5.3434,6025,7535,1510,0.7996018579960186
enzyme,D00584,3385,5-Fluorouracil,hsa:7083,P04183,2,1,7,1,130.08,130.0178555,58.2,199,0,2,3,0,9,0,0,0,0,0,0,0,1,87.4,5,2,2,0,0,1,0,0.4,0,1,-0.9,130.08,234,25469,5,-5.8241,7230,7535,305,0.9595222295952223
enzyme,D00584,3385,5-Fluorouracil,hsa:7298,P04818,2,7,7,1,130.08,130.0178555,58.2,199,0,2,3,0,9,0,0,0,0,0,0,0,1,87.4,5,2,2,0,0,1,0,0.4,0,1,-0.9,130.08,313,35716,0,-4.9579,4411,7535,3124,0.5854014598540146
enzyme,D00584,3385,5-Fluorouracil,hsa:7372,P11172,2,1,7,1,130.08,130.0178555,58.2,199,0,2,3,0,9,0,0,0,0,0,0,0,1,87.4,5,2,2,0,0,1,0,0.4,0,1,-0.9,130.08,480,52222,2,-5.2946,5849,7535,1686,0.7762441937624419
enzyme,D00584,3385,5-Fluorouracil,hsa:7378,Q16831,2,1,7,1,130.08,130.0178555,58.2,199,0,2,3,0,9,0,0,0,0,0,0,0,1,87.4,5,2,2,0,0,1,0,0.4,0,1,-0.9,130.08,310,33934,0,-4.9172,4221,7535,3314,0.560185799601858
enzyme,D00593,3476,"1H-Pyrrole-1-carboxamide, 3-ethyl-2,5-dihydro-4-methyl-N-2-4-(trans-4-methylcyclohexyl)aminocarbonylaminosulfonylphenylethyl-2-oxo-",hsa:1559,P11712,1,25,1,1,490.6,490.2249914,133,895,0,3,5,7,34,0,0,0,0,0,0,0,1,376.4,12,5,3,0,0,3,1,1.4,12.6,10,3.9,490.6,490,55628,0,-10.9289,7180,7354,174,0.9763394071253739
enzyme,D00596,5281055,Rosiglitazone Maleate,hsa:1558,P10632,1,22,1,1,473.5,473.1256713,171,587,0,3,10,9,33,0,1,0,1,1,1,0,2,,,,,,,,,,,0,,473.5,490,55825,3,-10.1675,6373,7179,806,0.8877280958350745
enzyme,D00620,5362123,Benazepril Hydrochloride,hsa:1636,P12821,2,31,1,1,460.9,460.1764997,95.9,619,0,3,6,10,32,0,2,2,0,0,0,0,2,,,,,,,,,,,0,,460.9,1306,149715,1,-8.4739,6448,7373,925,0.8745422487454225
enzyme,D00624,441313,Perindopril Erbumine,hsa:1636,P12821,2,31,1,1,441.6,441.3202715,122,549,0,3,7,9,31,0,5,5,0,0,0,0,2,,,,,,,,,,,0,,441.6,1306,149715,1,-8.2368,5555,5819,264,0.9546313799621928
enzyme,D00625,441314,Miglitol,hsa:2548,P10253,1,4,4,1,207.22,207.1106726,104,179,0,5,6,3,14,0,4,4,0,0,0,0,1,150,12,5,5,0,1,1,0,0.6,4.2,10,-2.6,207.22,952,105324,0,-5.3216,5255,7573,2318,0.6939125841806417
enzyme,D00625,441314,Miglitol,hsa:279,P04746,2,3,4,1,207.22,207.1106726,104,179,0,5,6,3,14,0,4,4,0,0,0,0,1,150,12,5,5,0,1,1,0,0.6,4.2,10,-2.6,207.22,511,57707,0,-5.5816,6168,7573,1405,0.8144724679783442
enzyme,D00625,441314,Miglitol,hsa:8972,O43451,1,4,4,1,207.22,207.1106726,104,179,0,5,6,3,14,0,4,4,0,0,0,0,1,150,12,5,5,0,1,1,0,0.6,4.2,10,-2.6,207.22,2753,312022,7,-5.648,6394,7573,1179,0.8443153307804041
enzyme,D00650,2315,Bendroflumethiazide,hsa:759,P00915,2,21,3,1,421.4,421.0377828,135,740,0,3,10,3,27,0,1,0,1,0,0,0,1,281.4,11,4,3,0,1,3,0,0.8,4.6,10,1.2,421.4,261,28870,1,-7.52,3894,7376,3482,0.5279284164859002
enzyme,D00650,2315,Bendroflumethiazide,hsa:760,P00918,2,19,3,1,421.4,421.0377828,135,740,0,3,10,3,27,0,1,0,1,0,0,0,1,281.4,11,4,3,0,1,3,0,0.8,4.6,10,1.2,421.4,260,29246,0,-8.1073,5256,7376,2120,0.7125813449023861
enzyme,D00650,2315,Bendroflumethiazide,hsa:762,P22748,1,18,3,1,421.4,421.0377828,135,740,0,3,10,3,27,0,1,0,1,0,0,0,1,281.4,11,4,3,0,1,3,0,0.8,4.6,10,1.2,421.4,312,35032,0,-7.0855,2729,7376,4647,0.36998373101952275
enzyme,D00651,2343,Benzthiazide,hsa:759,P00915,2,21,3,1,431.9,430.9834972,161,739,0,2,7,5,26,0,0,0,0,0,0,0,1,293.2,10,4,3,0,0,3,0,0.8,5.2,10,1.7,431.9,261,28870,1,-8.0472,5809,7295,1486,0.7962988348183687
enzyme,D00651,2343,Benzthiazide,hsa:760,P00918,2,19,3,1,431.9,430.9834972,161,739,0,2,7,5,26,0,0,0,0,0,0,0,1,293.2,10,4,3,0,0,3,0,0.8,5.2,10,1.7,431.9,260,29246,0,-7.5834,4901,7295,2394,0.6718300205620288
enzyme,D00651,2343,Benzthiazide,hsa:762,P22748,1,18,3,1,431.9,430.9834972,161,739,0,2,7,5,26,0,0,0,0,0,0,0,1,293.2,10,4,3,0,0,3,0,0.8,5.2,10,1.7,431.9,312,35032,0,-7.0446,3478,7295,3817,0.47676490747087047
enzyme,D00652,68844,Brinzolamide,hsa:23632,Q9ULX7,2,10,13,1,383.5,383.0643343,164,598,0,2,9,7,23,0,1,1,0,0,0,0,1,267,10,5,2,0,1,2,0,0.8,7.6,10,-0.3,383.5,337,37668,0,-7.223,7098,7388,290,0.9607471575527883
enzyme,D00652,68844,Brinzolamide,hsa:377677,Q8N1Q1,1,10,13,1,383.5,383.0643343,164,598,0,2,9,7,23,0,1,1,0,0,0,0,1,267,10,5,2,0,1,2,0,0.8,7.6,10,-0.3,383.5,262,29443,2,-5.802,4123,7388,3265,0.5580671358960476
enzyme,D00652,68844,Brinzolamide,hsa:759,P00915,2,21,13,1,383.5,383.0643343,164,598,0,2,9,7,23,0,1,1,0,0,0,0,1,267,10,5,2,0,1,2,0,0.8,7.6,10,-0.3,383.5,261,28870,1,-6.6977,6432,7388,956,0.8706009745533297
enzyme,D00652,68844,Brinzolamide,hsa:760,P00918,2,19,13,1,383.5,383.0643343,164,598,0,2,9,7,23,0,1,1,0,0,0,0,1,267,10,5,2,0,1,2,0,0.8,7.6,10,-0.3,383.5,260,29246,0,-6.3666,5705,7388,1683,0.7721981591770438
enzyme,D00652,68844,Brinzolamide,hsa:761,P07451,2,10,13,1,383.5,383.0643343,164,598,0,2,9,7,23,0,1,1,0,0,0,0,1,267,10,5,2,0,1,2,0,0.8,7.6,10,-0.3,383.5,260,29557,2,-5.9456,4578,7388,2810,0.6196534921494316
enzyme,D00652,68844,Brinzolamide,hsa:762,P22748,1,18,13,1,383.5,383.0643343,164,598,0,2,9,7,23,0,1,1,0,0,0,0,1,267,10,5,2,0,1,2,0,0.8,7.6,10,-0.3,383.5,312,35032,0,-6.34,5643,7388,1745,0.7638061721710883
enzyme,D00652,68844,Brinzolamide,hsa:765,P23280,2,10,13,1,383.5,383.0643343,164,598,0,2,9,7,23,0,1,1,0,0,0,0,1,267,10,5,2,0,1,2,0,0.8,7.6,10,-0.3,383.5,308,35367,0,-5.5551,3184,7388,4204,0.43096913914455875
enzyme,D00652,68844,Brinzolamide,hsa:766,P43166,1,10,13,1,383.5,383.0643343,164,598,0,2,9,7,23,0,1,1,0,0,0,0,1,267,10,5,2,0,1,2,0,0.8,7.6,10,-0.3,383.5,264,29658,0,-6.9101,6759,7388,629,0.9148619382782891
enzyme,D00652,68844,Brinzolamide,hsa:767,P35219,1,10,13,1,383.5,383.0643343,164,598,0,2,9,7,23,0,1,1,0,0,0,0,1,267,10,5,2,0,1,2,0,0.8,7.6,10,-0.3,383.5,290,32973,11,-6.0655,4934,7388,2454,0.6678397401191121
enzyme,D00652,68844,Brinzolamide,hsa:768,Q16790,2,10,13,1,383.5,383.0643343,164,598,0,2,9,7,23,0,1,1,0,0,0,0,1,267,10,5,2,0,1,2,0,0.8,7.6,10,-0.3,383.5,459,49698,2,-6.368,5709,7388,1679,0.7727395776935572
enzyme,D00652,68844,Brinzolamide,hsa:771,O43570,1,10,13,1,383.5,383.0643343,164,598,0,2,9,7,23,0,1,1,0,0,0,0,1,267,10,5,2,0,1,2,0,0.8,7.6,10,-0.3,383.5,354,39451,0,-7.0188,6897,7388,491,0.9335408770979967
enzyme,D00653,6918132,Dorzolamide Hydrochloride,hsa:23632,Q9ULX7,2,10,13,1,360.9,360.0038982,151,534,0,3,7,3,20,0,2,2,0,0,0,0,2,,,,,,,,,,,0,,360.9,337,37668,0,-7.1219,6216,6927,711,0.8973581637072325
enzyme,D00653,6918132,Dorzolamide Hydrochloride,hsa:377677,Q8N1Q1,1,10,13,1,360.9,360.0038982,151,534,0,3,7,3,20,0,2,2,0,0,0,0,2,,,,,,,,,,,0,,360.9,262,29443,2,-5.9378,3242,6927,3685,0.46802367547278767
enzyme,D00653,6918132,Dorzolamide Hydrochloride,hsa:759,P00915,2,21,13,1,360.9,360.0038982,151,534,0,3,7,3,20,0,2,2,0,0,0,0,2,,,,,,,,,,,0,,360.9,261,28870,1,-5.9962,3439,6927,3488,0.4964631153457485
enzyme,D00653,6918132,Dorzolamide Hydrochloride,hsa:760,P00918,2,19,13,1,360.9,360.0038982,151,534,0,3,7,3,20,0,2,2,0,0,0,0,2,,,,,,,,,,,0,,360.9,260,29246,0,-6.3889,4635,6927,2292,0.6691208315288003
enzyme,D00653,6918132,Dorzolamide Hydrochloride,hsa:761,P07451,2,10,13,1,360.9,360.0038982,151,534,0,3,7,3,20,0,2,2,0,0,0,0,2,,,,,,,,,,,0,,360.9,260,29557,2,-6.223,4152,6927,2775,0.599393676916414
enzyme,D00653,6918132,Dorzolamide Hydrochloride,hsa:762,P22748,1,18,13,1,360.9,360.0038982,151,534,0,3,7,3,20,0,2,2,0,0,0,0,2,,,,,,,,,,,0,,360.9,312,35032,0,-6.1145,3805,6927,3122,0.5492998412010972
enzyme,D00653,6918132,Dorzolamide Hydrochloride,hsa:765,P23280,2,10,13,1,360.9,360.0038982,151,534,0,3,7,3,20,0,2,2,0,0,0,0,2,,,,,,,,,,,0,,360.9,308,35367,0,-7.1109,6200,6927,727,0.895048361484048
enzyme,D00653,6918132,Dorzolamide Hydrochloride,hsa:766,P43166,1,10,13,1,360.9,360.0038982,151,534,0,3,7,3,20,0,2,2,0,0,0,0,2,,,,,,,,,,,0,,360.9,264,29658,0,-7.0436,6111,6927,816,0.8822000866175834
enzyme,D00653,6918132,Dorzolamide Hydrochloride,hsa:767,P35219,1,10,13,1,360.9,360.0038982,151,534,0,3,7,3,20,0,2,2,0,0,0,0,2,,,,,,,,,,,0,,360.9,290,32973,11,-6.0569,3634,6927,3293,0.5246138299408113
enzyme,D00653,6918132,Dorzolamide Hydrochloride,hsa:768,Q16790,2,10,13,1,360.9,360.0038982,151,534,0,3,7,3,20,0,2,2,0,0,0,0,2,,,,,,,,,,,0,,360.9,459,49698,2,-6.6179,5244,6927,1683,0.7570376786487657
enzyme,D00653,6918132,Dorzolamide Hydrochloride,hsa:771,O43570,1,10,13,1,360.9,360.0038982,151,534,0,3,7,3,20,0,2,2,0,0,0,0,2,,,,,,,,,,,0,,360.9,354,39451,0,-7.2056,6328,6927,599,0.9135267792695251
enzyme,D00654,3647,Hydroflumethiazide,hsa:759,P00915,2,21,4,1,331.3,330.9908326,135,578,0,3,10,1,20,0,0,0,0,0,0,0,1,205,10,4,3,0,1,2,0,0.6,2.6,2,0.4,331.3,261,28870,1,-7.2058,5543,7310,1767,0.7582763337893297
enzyme,D00654,3647,Hydroflumethiazide,hsa:760,P00918,2,19,4,1,331.3,330.9908326,135,578,0,3,10,1,20,0,0,0,0,0,0,0,1,205,10,4,3,0,1,2,0,0.6,2.6,2,0.4,331.3,260,29246,0,-6.9223,4875,7310,2435,0.6668946648426812
enzyme,D00654,3647,Hydroflumethiazide,hsa:762,P22748,1,18,4,1,331.3,330.9908326,135,578,0,3,10,1,20,0,0,0,0,0,0,0,1,205,10,4,3,0,1,2,0,0.6,2.6,2,0.4,331.3,312,35032,0,-6.271,2944,7310,4366,0.4027359781121751
enzyme,D00655,4100,Methazolamide,hsa:23632,Q9ULX7,2,10,13,1,236.3,236.0037825,139,419,0,1,6,1,14,0,0,0,0,0,0,0,1,158.3,7,4,2,0,0,1,0,0.6,2,6,0.1,236.3,337,37668,0,-6.1881,6150,7333,1183,0.8386744852038729
enzyme,D00655,4100,Methazolamide,hsa:377677,Q8N1Q1,1,10,13,1,236.3,236.0037825,139,419,0,1,6,1,14,0,0,0,0,0,0,0,1,158.3,7,4,2,0,0,1,0,0.6,2,6,0.1,236.3,262,29443,2,-5.7188,4802,7333,2531,0.6548479476339834
enzyme,D00655,4100,Methazolamide,hsa:759,P00915,2,21,13,1,236.3,236.0037825,139,419,0,1,6,1,14,0,0,0,0,0,0,0,1,158.3,7,4,2,0,0,1,0,0.6,2,6,0.1,236.3,261,28870,1,-6.6755,6970,7333,363,0.9504977498977226
enzyme,D00655,4100,Methazolamide,hsa:760,P00918,2,19,13,1,236.3,236.0037825,139,419,0,1,6,1,14,0,0,0,0,0,0,0,1,158.3,7,4,2,0,0,1,0,0.6,2,6,0.1,236.3,260,29246,0,-6.0394,5774,7333,1559,0.787399427246693
enzyme,D00655,4100,Methazolamide,hsa:761,P07451,2,10,13,1,236.3,236.0037825,139,419,0,1,6,1,14,0,0,0,0,0,0,0,1,158.3,7,4,2,0,0,1,0,0.6,2,6,0.1,236.3,260,29557,2,-5.7909,5059,7333,2274,0.6898949952270558
enzyme,D00655,4100,Methazolamide,hsa:762,P22748,1,18,13,1,236.3,236.0037825,139,419,0,1,6,1,14,0,0,0,0,0,0,0,1,158.3,7,4,2,0,0,1,0,0.6,2,6,0.1,236.3,312,35032,0,-5.6864,4691,7333,2642,0.6397108959498159
enzyme,D00655,4100,Methazolamide,hsa:765,P23280,2,10,13,1,236.3,236.0037825,139,419,0,1,6,1,14,0,0,0,0,0,0,0,1,158.3,7,4,2,0,0,1,0,0.6,2,6,0.1,236.3,308,35367,0,-5.5526,4193,7333,3140,0.5717987181235511
enzyme,D00655,4100,Methazolamide,hsa:766,P43166,1,10,13,1,236.3,236.0037825,139,419,0,1,6,1,14,0,0,0,0,0,0,0,1,158.3,7,4,2,0,0,1,0,0.6,2,6,0.1,236.3,264,29658,0,-6.5371,6793,7333,540,0.9263602891040502
enzyme,D00655,4100,Methazolamide,hsa:767,P35219,1,10,13,1,236.3,236.0037825,139,419,0,1,6,1,14,0,0,0,0,0,0,0,1,158.3,7,4,2,0,0,1,0,0.6,2,6,0.1,236.3,290,32973,11,-5.786,5037,7333,2296,0.6868948588572208
enzyme,D00655,4100,Methazolamide,hsa:768,Q16790,2,10,13,1,236.3,236.0037825,139,419,0,1,6,1,14,0,0,0,0,0,0,0,1,158.3,7,4,2,0,0,1,0,0.6,2,6,0.1,236.3,459,49698,2,-6.2184,6213,7333,1120,0.8472657848084004
enzyme,D00655,4100,Methazolamide,hsa:771,O43570,1,10,13,1,236.3,236.0037825,139,419,0,1,6,1,14,0,0,0,0,0,0,0,1,158.3,7,4,2,0,0,1,0,0.6,2,6,0.1,236.3,354,39451,0,-6.3866,6569,7333,764,0.8958134460657302
enzyme,D00656,4121,Methyclothiazide,hsa:759,P00915,2,21,4,1,360.2,358.9568036,126,571,0,2,7,2,20,0,1,0,1,0,0,0,1,229.7,9,4,2,0,1,2,0,0.6,2.6,10,1.4,360.2,261,28870,1,-7.273,6568,7319,751,0.89739035387348
enzyme,D00656,4121,Methyclothiazide,hsa:760,P00918,2,19,4,1,360.2,358.9568036,126,571,0,2,7,2,20,0,1,0,1,0,0,0,1,229.7,9,4,2,0,1,2,0,0.6,2.6,10,1.4,360.2,260,29246,0,-6.8408,5827,7319,1492,0.7961470146194836
enzyme,D00656,4121,Methyclothiazide,hsa:762,P22748,1,18,4,1,360.2,358.9568036,126,571,0,2,7,2,20,0,1,0,1,0,0,0,1,229.7,9,4,2,0,1,2,0,0.6,2.6,10,1.4,360.2,312,35032,0,-6.1134,3759,7319,3560,0.5135947533816095
enzyme,D00658,5560,Trichlormethiazide,hsa:759,P00915,2,21,4,1,380.7,378.902181,135,571,0,3,7,2,20,0,1,0,1,0,0,0,1,231.2,10,4,3,0,1,2,0,0.6,2.6,7,0.6,380.7,261,28870,1,-7.0255,5370,7312,1942,0.7344091903719913
enzyme,D00658,5560,Trichlormethiazide,hsa:760,P00918,2,19,4,1,380.7,378.902181,135,571,0,3,7,2,20,0,1,0,1,0,0,0,1,231.2,10,4,3,0,1,2,0,0.6,2.6,7,0.6,380.7,260,29246,0,-6.9353,5152,7312,2160,0.7045951859956237
enzyme,D00658,5560,Trichlormethiazide,hsa:762,P22748,1,18,4,1,380.7,378.902181,135,571,0,3,7,2,20,0,1,0,1,0,0,0,1,231.2,10,4,3,0,1,2,0,0.6,2.6,7,0.6,380.7,312,35032,0,-6.5356,4060,7312,3252,0.5552516411378556
enzyme,D00667,5965,Demecarium Bromide,hsa:43,P22303,1,23,2,1,716.6,714.23553,59.1,686,0,0,6,17,42,0,0,0,0,0,0,0,3,,,,,,,,,,,0,,716.6,614,67796,3,-6.6949,5131,7503,2372,0.6838597894175663
enzyme,D00667,5965,Demecarium Bromide,hsa:590,P06276,1,11,2,1,716.6,714.23553,59.1,686,0,0,6,17,42,0,0,0,0,0,0,0,3,,,,,,,,,,,0,,716.6,602,68418,11,-8.5028,7281,7503,222,0.9704118352658937
enzyme,D00670,5741,Donepezil Hydrochloride,hsa:43,P22303,1,23,2,1,416,415.1914215,38.8,510,0,1,4,6,29,0,1,0,1,0,0,0,2,,,,,,,,,,,0,,416,614,67796,3,-7.8202,5061,7446,2385,0.6796937953263498
enzyme,D00670,5741,Donepezil Hydrochloride,hsa:590,P06276,1,11,2,1,416,415.1914215,38.8,510,0,1,4,6,29,0,1,0,1,0,0,0,2,,,,,,,,,,,0,,416,602,68418,11,-10.9087,7431,7446,15,0.9979854955680902
enzyme,D00691,3182,Diprophylline,hsa:10846,Q9Y233,1,20,15,1,254.24,254.1015049,98.9,364,0,2,5,3,18,0,1,0,1,0,0,0,1,184.7,9,4,2,0,1,2,0,0.6,3,10,-1.8,254.24,1055,114946,0,-6.6255,6379,7466,1087,0.854406643450308
enzyme,D00691,3182,Diprophylline,hsa:5138,O00408,2,20,15,1,254.24,254.1015049,98.9,364,0,2,5,3,18,0,1,0,1,0,0,0,1,184.7,9,4,2,0,1,2,0,0.6,3,10,-1.8,254.24,941,105717,2,-6.2467,5427,7466,2039,0.7268952585052236
enzyme,D00691,3182,Diprophylline,hsa:5140,Q13370,2,20,15,1,254.24,254.1015049,98.9,364,0,2,5,3,18,0,1,0,1,0,0,0,1,184.7,9,4,2,0,1,2,0,0.6,3,10,-1.8,254.24,1112,124333,5,-6.8709,6799,7466,667,0.9106616662201983
enzyme,D00691,3182,Diprophylline,hsa:5141,P27815,1,20,15,1,254.24,254.1015049,98.9,364,0,2,5,3,18,0,1,0,1,0,0,0,1,184.7,9,4,2,0,1,2,0,0.6,3,10,-1.8,254.24,886,98143,7,-7.0245,7022,7466,444,0.9405304045004018
enzyme,D00691,3182,Diprophylline,hsa:5142,Q07343,2,20,15,1,254.24,254.1015049,98.9,364,0,2,5,3,18,0,1,0,1,0,0,0,1,184.7,9,4,2,0,1,2,0,0.6,3,10,-1.8,254.24,736,83343,2,-7.4524,7341,7466,125,0.9832574336994374
enzyme,D00691,3182,Diprophylline,hsa:5143,Q08493,4,20,15,1,254.24,254.1015049,98.9,364,0,2,5,3,18,0,1,0,1,0,0,0,1,184.7,9,4,2,0,1,2,0,0.6,3,10,-1.8,254.24,712,79902,10,-5.9558,4499,7466,2967,0.6025984462898473
enzyme,D00691,3182,Diprophylline,hsa:5144,Q08499,2,20,15,1,254.24,254.1015049,98.9,364,0,2,5,3,18,0,1,0,1,0,0,0,1,184.7,9,4,2,0,1,2,0,0.6,3,10,-1.8,254.24,809,91115,12,-7.0691,7077,7466,389,0.9478971336726494
enzyme,D00691,3182,Diprophylline,hsa:5147,O43924,2,20,15,1,254.24,254.1015049,98.9,364,0,2,5,3,18,0,1,0,1,0,0,0,1,184.7,9,4,2,0,1,2,0,0.6,3,10,-1.8,254.24,150,17420,12,-6.0363,4766,7466,2700,0.6383605679078489
enzyme,D00691,3182,Diprophylline,hsa:5148,P18545,1,20,15,1,254.24,254.1015049,98.9,364,0,2,5,3,18,0,1,0,1,0,0,0,1,184.7,9,4,2,0,1,2,0,0.6,3,10,-1.8,254.24,87,9643,8,-3.8446,277,7466,7189,0.03710152692204661
enzyme,D00691,3182,Diprophylline,hsa:5151,O60658,1,20,15,1,254.24,254.1015049,98.9,364,0,2,5,3,18,0,1,0,1,0,0,0,1,184.7,9,4,2,0,1,2,0,0.6,3,10,-1.8,254.24,829,93304,0,-7.1278,7142,7466,324,0.9566032681489419
enzyme,D00703,3284,Ethinamate,hsa:759,P00915,2,21,2,1,167.2,167.0946287,52.3,220,0,1,2,3,12,0,0,0,0,0,0,0,1,131.5,4,1,1,0,0,1,1,0.6,3.2,9,1.3,167.2,261,28870,1,-5.3738,3997,7535,3538,0.5304578633045787
enzyme,D00703,3284,Ethinamate,hsa:760,P00918,2,19,2,1,167.2,167.0946287,52.3,220,0,1,2,3,12,0,0,0,0,0,0,0,1,131.5,4,1,1,0,0,1,1,0.6,3.2,9,1.3,167.2,260,29246,0,-5.9607,6034,7535,1501,0.8007962840079629
enzyme,D00709,5284583,Levetiracetam,hsa:759,P00915,2,21,1,1,170.21,170.1055277,63.4,203,0,1,2,3,12,0,1,1,0,0,0,0,1,134.6,5,2,1,0,0,1,1,0.6,3.8,10,-0.3,170.21,261,28870,1,-5.6109,6104,7470,1366,0.8171352074966532
enzyme,D00726,4168,Metoclopramide,hsa:22954,Q13049,1,4,2,1,299.79,299.1400546,67.6,300,0,2,4,7,20,0,0,0,0,0,0,0,1,230.3,7,2,2,0,2,1,0,0.8,8,10,2.6,299.79,653,71989,42,-5.15,2940,7397,4457,0.3974584290928755
enzyme,D00733,3025,Dibucaine,hsa:2147,P00734,1,8,2,1,343.5,343.2259772,54.5,387,0,1,4,10,25,0,0,0,0,0,0,0,1,282.3,6,1,1,0,1,2,1,1,11,10,4.4,343.5,622,70037,4,-7.2066,6287,7387,1100,0.851089752267497
enzyme,D00733,3025,Dibucaine,hsa:590,P06276,1,11,2,1,343.5,343.2259772,54.5,387,0,1,4,10,25,0,0,0,0,0,0,0,1,282.3,6,1,1,0,1,2,1,1,11,10,4.4,343.5,602,68418,11,-8.3351,7279,7387,108,0.9853797211317179
enzyme,D00749,3899,Leflunomide,hsa:1723,Q02127,1,2,1,1,270.21,270.061612,55.1,327,0,1,6,2,19,0,0,0,0,0,0,0,1,191.2,5,2,1,0,0,2,0,0.6,4,5,2.5,270.21,395,42867,2,-9.065,7257,7400,143,0.9806756756756757
enzyme,D00752,5281078,Mycophenolate Mofetil,hsa:3614,P20839,1,2,2,1,433.5,433.2100523,94.5,646,0,1,8,10,31,0,0,0,0,1,1,0,1,336.7,10,4,1,0,1,3,1,1.2,11.6,10,3.2,433.5,514,55406,7,-8.3777,6829,7446,617,0.917136717700779
enzyme,D00752,5281078,Mycophenolate Mofetil,hsa:3615,P12268,2,2,2,1,433.5,433.2100523,94.5,646,0,1,8,10,31,0,0,0,0,1,1,0,1,336.7,10,4,1,0,1,3,1,1.2,11.6,10,3.2,433.5,514,55805,8,-8.2847,6739,7446,707,0.9050496911093204
enzyme,D00762,441350,Metyrosine,hsa:7054,P07101,2,2,1,1,195.21,195.0895433,83.6,211,0,3,4,3,14,0,1,1,0,0,0,0,1,151.8,7,2,2,1,1,1,0,0.6,3,8,-1.6,195.21,528,58600,11,-7.0323,7227,7469,242,0.96759941089838
enzyme,D00771,2733,Chlorzoxazone,hsa:1543,P04798,2,19,4,1,169.56,168.9930561,38.3,185,0,1,2,0,11,0,0,0,0,0,0,0,1,118.7,4,1,1,0,0,2,0,0.4,0,1,1.8,169.56,512,58165,2,-7.4157,7458,7473,15,0.9979927739863509
enzyme,D00771,2733,Chlorzoxazone,hsa:1544,P05177,1,24,4,1,169.56,168.9930561,38.3,185,0,1,2,0,11,0,0,0,0,0,0,0,1,118.7,4,1,1,0,0,2,0,0.4,0,1,1.8,169.56,516,58407,1,-7.3587,7451,7473,22,0.9970560685133146
enzyme,D00771,2733,Chlorzoxazone,hsa:1571,P05181,1,23,4,1,169.56,168.9930561,38.3,185,0,1,2,0,11,0,0,0,0,0,0,0,1,118.7,4,1,1,0,0,2,0,0.4,0,1,1.8,169.56,493,56849,0,-6.4934,6895,7473,578,0.92265489094072
enzyme,D00781,5281081,Entacapone,hsa:1312,P21964,2,2,1,1,305.29,305.1011706,130,500,0,2,6,4,22,0,0,0,0,1,1,0,1,230.6,8,4,2,1,0,1,0,0.8,6,10,2.1,305.29,271,30037,79,-6.4161,4388,7394,3006,0.5934541520151474
enzyme,D00785,26758,Selegiline Hydrochloride,hsa:4128,P21397,3,19,2,1,223.74,223.1127773,3.2,195,0,1,1,4,15,0,1,1,0,0,0,0,2,,,,,,,,,,,0,,223.74,527,59682,1,-6.9778,7242,7572,330,0.9564183835182251
enzyme,D00785,26758,Selegiline Hydrochloride,hsa:4129,P27338,1,20,2,1,223.74,223.1127773,3.2,195,0,1,1,4,15,0,1,1,0,0,0,0,2,,,,,,,,,,,0,,223.74,520,58763,20,-7.7488,7533,7572,39,0.9948494453248812
enzyme,D00786,4659569,Tolcapone,hsa:1312,P21964,2,2,1,1,273.24,273.0637225,103,372,0,2,5,2,20,0,0,0,0,0,0,0,1,204.8,8,3,2,1,0,2,0,0.6,3,6,3.3,273.24,271,30037,79,-9.1014,7172,7464,292,0.9608788853161844
enzyme,D00805,5853,Trichlorfon,hsa:43,P22303,1,23,2,1,257.43,255.922579,55.8,183,0,1,4,3,12,0,1,0,1,0,0,0,1,156.8,3,2,1,0,0,0,0,0.6,4,10,0.5,257.43,614,67796,3,-5.7643,7442,7470,28,0.9962516733601071
enzyme,D00805,5853,Trichlorfon,hsa:590,P06276,1,11,2,1,257.43,255.922579,55.8,183,0,1,4,3,12,0,1,0,1,0,0,0,1,156.8,3,2,1,0,0,0,0,0.6,4,10,0.5,257.43,602,68418,11,-4.8916,6343,7470,1127,0.8491298527443105
enzyme,D00810,54686350,Choline Salicylate,hsa:5742,P23219,1,61,2,1,241.28,241.1314081,80.6,179,0,2,4,3,17,0,0,0,0,0,0,0,2,,,,,,,,,,,0,,241.28,599,68686,4,-9.4252,7277,7466,189,0.9746852397535494
enzyme,D00810,54686350,Choline Salicylate,hsa:5743,P35354,1,61,2,1,241.28,241.1314081,80.6,179,0,2,4,3,17,0,0,0,0,0,0,0,2,,,,,,,,,,,0,,241.28,604,68996,1,-8.9453,6851,7466,615,0.9176265738012322
enzyme,D00813,84003,Ketorolac Tromethamine,hsa:5742,P23219,1,61,2,1,376.4,376.1634365,146,430,0,5,7,6,27,0,1,0,1,0,0,0,2,,,,,,,,,,,0,,376.4,599,68686,4,-11.4214,7361,7371,10,0.9986433319766653
enzyme,D00813,84003,Ketorolac Tromethamine,hsa:5743,P35354,1,61,2,1,376.4,376.1634365,146,430,0,5,7,6,27,0,1,0,1,0,0,0,2,,,,,,,,,,,0,,376.4,604,68996,1,-10.5952,7288,7371,83,0.988739655406322
enzyme,D00882,68553,Miconazole Nitrate,hsa:1557,P33261,1,27,2,1,479.1,476.981667,93.1,441,0,1,5,6,29,0,1,0,1,0,0,0,2,,,,,,,,,,,0,,479.1,490,55945,0,-10.2363,6628,6963,335,0.9518885537842884
enzyme,D00882,68553,Miconazole Nitrate,hsa:1559,P11712,1,25,2,1,479.1,476.981667,93.1,441,0,1,5,6,29,0,1,0,1,0,0,0,2,,,,,,,,,,,0,,479.1,490,55628,0,-10.0956,6521,6963,442,0.9365216142467327
enzyme,D00889,23663992,Cerivastatin Sodium,hsa:3156,P04035,1,12,1,1,481.5,481.2240456,103,626,0,2,7,11,34,0,2,2,0,1,1,0,2,,,,,,,,,,,0,,481.5,888,97476,2,-6.6914,4777,7268,2491,0.657264722069345
enzyme,D00892,23679527,Fluvastatin Sodium,hsa:3156,P04035,1,12,1,1,433.4,433.1665307,85.5,596,0,2,5,8,31,0,2,2,0,1,1,0,2,,,,,,,,,,,0,,433.4,888,97476,2,-1.2653,4040,7334,3294,0.5508590128170167
enzyme,D00893,16759173,Pravastatin Sodium,hsa:3156,P04035,1,12,1,1,446.5,446.2280477,127,662,0,3,7,11,31,0,8,8,0,0,0,0,2,,,,,,,,,,,0,,446.5,888,97476,2,-1.2674,3882,6859,2977,0.5659717159935851
enzyme,D00900,78000,Tamiflu,hsa:4759,Q9Y3R4,1,3,4,1,410.4,410.181803,168,468,0,5,9,8,27,0,3,3,0,0,0,0,2,,,,,,,,,,,0,,410.4,380,42254,2,-7.2047,5951,7372,1421,0.8072436245252306
enzyme,D00902,60855,Zanamivir,hsa:4759,Q9Y3R4,1,3,4,1,332.31,332.133199,201,518,0,7,8,6,23,0,5,5,0,0,0,0,1,234.9,16,7,6,1,1,1,0,0.8,7.8,10,-3.2,332.31,380,42254,2,-7.2756,6708,7372,664,0.9099294628323386
enzyme,D00947,441401,Linezolid,hsa:4128,P21397,3,19,1,1,337.35,337.1437843,71.1,472,0,1,6,4,24,0,1,1,0,0,0,0,1,252.6,8,3,1,0,1,3,0,0.8,7,10,0.7,337.35,527,59682,1,-10.4058,7386,7390,4,0.9994587280108255
enzyme,D00960,2187,Anastrozole,hsa:1543,P04798,2,19,24,1,293.4,293.1640456,78.3,456,0,0,4,4,22,0,0,0,0,0,0,0,1,238.5,8,2,0,0,2,2,2,0.6,4,10,2.1,293.4,512,58165,2,-8.2976,7152,7523,371,0.9506845673268642
enzyme,D00960,2187,Anastrozole,hsa:1544,P05177,1,24,24,1,293.4,293.1640456,78.3,456,0,0,4,4,22,0,0,0,0,0,0,0,1,238.5,8,2,0,0,2,2,2,0.6,4,10,2.1,293.4,516,58407,1,-8.6245,7336,7523,187,0.975142895121627
enzyme,D00960,2187,Anastrozole,hsa:1545,Q16678,2,18,24,1,293.4,293.1640456,78.3,456,0,0,4,4,22,0,0,0,0,0,0,0,1,238.5,8,2,0,0,2,2,2,0.6,4,10,2.1,293.4,543,60846,1,-8.1962,7088,7523,435,0.942177322876512
enzyme,D00960,2187,Anastrozole,hsa:1548,P11509,1,18,24,1,293.4,293.1640456,78.3,456,0,0,4,4,22,0,0,0,0,0,0,0,1,238.5,8,2,0,0,2,2,2,0.6,4,10,2.1,293.4,494,56517,1,-8.7598,7381,7523,142,0.9811245513757809
enzyme,D00960,2187,Anastrozole,hsa:1551,P24462,1,18,24,1,293.4,293.1640456,78.3,456,0,0,4,4,22,0,0,0,0,0,0,0,1,238.5,8,2,0,0,2,2,2,0.6,4,10,2.1,293.4,503,57470,0,-7.6219,6524,7523,999,0.8672072311577828
enzyme,D00960,2187,Anastrozole,hsa:1553,Q16696,1,19,24,1,293.4,293.1640456,78.3,456,0,0,4,4,22,0,0,0,0,0,0,0,1,238.5,8,2,0,0,2,2,2,0.6,4,10,2.1,293.4,494,56688,0,-8.6604,7355,7523,168,0.9776684833178253
enzyme,D00960,2187,Anastrozole,hsa:1555,P20813,1,18,24,1,293.4,293.1640456,78.3,456,0,0,4,4,22,0,0,0,0,0,0,0,1,238.5,8,2,0,0,2,2,2,0.6,4,10,2.1,293.4,491,56278,0,-8.2223,7102,7523,421,0.9440382826000265
enzyme,D00960,2187,Anastrozole,hsa:1557,P33261,1,27,24,1,293.4,293.1640456,78.3,456,0,0,4,4,22,0,0,0,0,0,0,0,1,238.5,8,2,0,0,2,2,2,0.6,4,10,2.1,293.4,490,55945,0,-8.4227,7231,7523,292,0.9611856971952678
enzyme,D00960,2187,Anastrozole,hsa:1558,P10632,1,22,24,1,293.4,293.1640456,78.3,456,0,0,4,4,22,0,0,0,0,0,0,0,1,238.5,8,2,0,0,2,2,2,0.6,4,10,2.1,293.4,490,55825,3,-8.3472,7184,7523,339,0.9549381895520405
enzyme,D00960,2187,Anastrozole,hsa:1559,P11712,1,25,24,1,293.4,293.1640456,78.3,456,0,0,4,4,22,0,0,0,0,0,0,0,1,238.5,8,2,0,0,2,2,2,0.6,4,10,2.1,293.4,490,55628,0,-7.8909,6837,7523,686,0.9088129735477868
enzyme,D00960,2187,Anastrozole,hsa:1562,P33260,2,18,24,1,293.4,293.1640456,78.3,456,0,0,4,4,22,0,0,0,0,0,0,0,1,238.5,8,2,0,0,2,2,2,0.6,4,10,2.1,293.4,490,55711,0,-4.4143,217,7523,7306,0.02884487571447561
enzyme,D00960,2187,Anastrozole,hsa:1565,P10635,3,30,24,1,293.4,293.1640456,78.3,456,0,0,4,4,22,0,0,0,0,0,0,0,1,238.5,8,2,0,0,2,2,2,0.6,4,10,2.1,293.4,497,55769,0,-7.3248,5990,7523,1533,0.7962249102751562
enzyme,D00960,2187,Anastrozole,hsa:1571,P05181,1,23,24,1,293.4,293.1640456,78.3,456,0,0,4,4,22,0,0,0,0,0,0,0,1,238.5,8,2,0,0,2,2,2,0.6,4,10,2.1,293.4,493,56849,0,-8.5247,7288,7523,235,0.9687624617838628
enzyme,D00960,2187,Anastrozole,hsa:1576,P08684,2,34,24,1,293.4,293.1640456,78.3,456,0,0,4,4,22,0,0,0,0,0,0,0,1,238.5,8,2,0,0,2,2,2,0.6,4,10,2.1,293.4,503,57343,2,-7.7546,6680,7523,843,0.8879436395055165
enzyme,D00960,2187,Anastrozole,hsa:1577,P20815,1,18,24,1,293.4,293.1640456,78.3,456,0,0,4,4,22,0,0,0,0,0,0,0,1,238.5,8,2,0,0,2,2,2,0.6,4,10,2.1,293.4,502,57109,1,-7.4382,6204,7523,1319,0.8246710089060215
enzyme,D00960,2187,Anastrozole,hsa:1588,P11511,3,20,24,1,293.4,293.1640456,78.3,456,0,0,4,4,22,0,0,0,0,0,0,0,1,238.5,8,2,0,0,2,2,2,0.6,4,10,2.1,293.4,503,57883,0,-7.8511,6802,7523,721,0.9041605742390004
enzyme,D00963,60198,Exemestane,hsa:1588,P11511,3,20,1,1,296.4,296.17763,34.1,653,0,0,2,0,22,0,5,5,0,0,0,0,1,238.9,6,2,0,0,0,4,0,0.6,1,1,3.1,296.4,503,57883,0,-10.7292,7535,7572,37,0.9951135763338615
enzyme,D00964,3902,Letrozole,hsa:1543,P04798,2,19,24,1,285.3,285.1014454,78.3,420,0,0,4,3,22,0,0,0,0,0,0,0,1,227.8,7,2,0,0,2,3,0,0.6,3,10,2.7,285.3,512,58165,2,-8.7402,7145,7525,380,0.9495016611295681
enzyme,D00964,3902,Letrozole,hsa:1544,P05177,1,24,24,1,285.3,285.1014454,78.3,420,0,0,4,3,22,0,0,0,0,0,0,0,1,227.8,7,2,0,0,2,3,0,0.6,3,10,2.7,285.3,516,58407,1,-9.2802,7407,7525,118,0.9843189368770764
enzyme,D00964,3902,Letrozole,hsa:1545,Q16678,2,18,24,1,285.3,285.1014454,78.3,420,0,0,4,3,22,0,0,0,0,0,0,0,1,227.8,7,2,0,0,2,3,0,0.6,3,10,2.7,285.3,543,60846,1,-9.0319,7337,7525,188,0.9750166112956811
enzyme,D00964,3902,Letrozole,hsa:1548,P11509,1,18,24,1,285.3,285.1014454,78.3,420,0,0,4,3,22,0,0,0,0,0,0,0,1,227.8,7,2,0,0,2,3,0,0.6,3,10,2.7,285.3,494,56517,1,-9.355,7422,7525,103,0.986312292358804
enzyme,D00964,3902,Letrozole,hsa:1551,P24462,1,18,24,1,285.3,285.1014454,78.3,420,0,0,4,3,22,0,0,0,0,0,0,0,1,227.8,7,2,0,0,2,3,0,0.6,3,10,2.7,285.3,503,57470,0,-8.1612,6609,7525,916,0.8782724252491695
enzyme,D00964,3902,Letrozole,hsa:1553,Q16696,1,19,24,1,285.3,285.1014454,78.3,420,0,0,4,3,22,0,0,0,0,0,0,0,1,227.8,7,2,0,0,2,3,0,0.6,3,10,2.7,285.3,494,56688,0,-9.0971,7358,7525,167,0.9778073089700997
enzyme,D00964,3902,Letrozole,hsa:1555,P20813,1,18,24,1,285.3,285.1014454,78.3,420,0,0,4,3,22,0,0,0,0,0,0,0,1,227.8,7,2,0,0,2,3,0,0.6,3,10,2.7,285.3,491,56278,0,-7.8689,6187,7525,1338,0.8221926910299003
enzyme,D00964,3902,Letrozole,hsa:1557,P33261,1,27,24,1,285.3,285.1014454,78.3,420,0,0,4,3,22,0,0,0,0,0,0,0,1,227.8,7,2,0,0,2,3,0,0.6,3,10,2.7,285.3,490,55945,0,-8.9363,7281,7525,244,0.9675747508305648
enzyme,D00964,3902,Letrozole,hsa:1558,P10632,1,22,24,1,285.3,285.1014454,78.3,420,0,0,4,3,22,0,0,0,0,0,0,0,1,227.8,7,2,0,0,2,3,0,0.6,3,10,2.7,285.3,490,55825,3,-8.2458,6699,7525,826,0.8902325581395348
enzyme,D00964,3902,Letrozole,hsa:1559,P11712,1,25,24,1,285.3,285.1014454,78.3,420,0,0,4,3,22,0,0,0,0,0,0,0,1,227.8,7,2,0,0,2,3,0,0.6,3,10,2.7,285.3,490,55628,0,-8.4158,6893,7525,632,0.9160132890365449
enzyme,D00964,3902,Letrozole,hsa:1562,P33260,2,18,24,1,285.3,285.1014454,78.3,420,0,0,4,3,22,0,0,0,0,0,0,0,1,227.8,7,2,0,0,2,3,0,0.6,3,10,2.7,285.3,490,55711,0,-4.5735,225,7525,7300,0.029900332225913623
enzyme,D00964,3902,Letrozole,hsa:1565,P10635,3,30,24,1,285.3,285.1014454,78.3,420,0,0,4,3,22,0,0,0,0,0,0,0,1,227.8,7,2,0,0,2,3,0,0.6,3,10,2.7,285.3,497,55769,0,-9.0885,7354,7525,171,0.9772757475083057
enzyme,D00964,3902,Letrozole,hsa:1571,P05181,1,23,24,1,285.3,285.1014454,78.3,420,0,0,4,3,22,0,0,0,0,0,0,0,1,227.8,7,2,0,0,2,3,0,0.6,3,10,2.7,285.3,493,56849,0,-8.4147,6890,7525,635,0.9156146179401994
enzyme,D00964,3902,Letrozole,hsa:1576,P08684,2,34,24,1,285.3,285.1014454,78.3,420,0,0,4,3,22,0,0,0,0,0,0,0,1,227.8,7,2,0,0,2,3,0,0.6,3,10,2.7,285.3,503,57343,2,-8.1967,6651,7525,874,0.8838538205980067
enzyme,D00964,3902,Letrozole,hsa:1577,P20815,1,18,24,1,285.3,285.1014454,78.3,420,0,0,4,3,22,0,0,0,0,0,0,0,1,227.8,7,2,0,0,2,3,0,0.6,3,10,2.7,285.3,502,57109,1,-8.1355,6573,7525,952,0.8734883720930232
enzyme,D00964,3902,Letrozole,hsa:1588,P11511,3,20,24,1,285.3,285.1014454,78.3,420,0,0,4,3,22,0,0,0,0,0,0,0,1,227.8,7,2,0,0,2,3,0,0.6,3,10,2.7,285.3,503,57883,0,-8.3086,6776,7525,749,0.9004651162790698
enzyme,D00965,4493,Nilutamide,hsa:5447,P16435,1,2,1,1,317.22,317.0623403,95.2,515,0,1,7,1,22,0,0,0,0,0,0,0,1,215.1,9,4,1,1,0,2,1,0.6,3.6,6,2,317.22,677,76690,2,-8.229,6662,7394,732,0.9010008114687584
enzyme,D00969,54677470,Meloxicam,hsa:5742,P23219,1,61,2,1,351.4,351.0347483,136,628,0,2,7,2,23,0,0,0,0,0,0,0,1,249.9,8,3,2,0,0,3,0,0.6,3.2,10,3,351.4,599,68686,4,-7.9741,5960,7227,1267,0.8246852082468521
enzyme,D00969,54677470,Meloxicam,hsa:5743,P35354,1,61,2,1,351.4,351.0347483,136,628,0,2,7,2,23,0,0,0,0,0,0,0,1,249.9,8,3,2,0,0,3,0,0.6,3.2,10,3,351.4,604,68996,1,-9.2908,7134,7227,93,0.9871315898713159
enzyme,D00970,23681059,Naproxen Sodium,hsa:5742,P23219,1,61,2,1,252.24,252.0762386,49.4,282,0,0,3,3,18,0,1,1,0,0,0,0,2,,,,,,,,,,,0,,252.24,599,68686,4,-1.2869,4743,7612,2869,0.623095112979506
enzyme,D00970,23681059,Naproxen Sodium,hsa:5743,P35354,1,61,2,1,252.24,252.0762386,49.4,282,0,0,3,3,18,0,1,1,0,0,0,0,2,,,,,,,,,,,0,,252.24,604,68996,1,-1.2522,3857,7612,3755,0.5066999474513926
enzyme,D00994,8307,Edrophonium Chloride,hsa:43,P22303,1,23,1,1,201.69,201.0920418,20.2,145,0,1,2,2,13,0,0,0,0,0,0,0,2,,,,,,,,,,,0,,201.69,614,67796,3,-1.3301,7146,7372,226,0.9693434617471514
enzyme,D01001,8288,Ambenonium Chloride,hsa:43,P22303,1,23,1,1,608.5,606.206187,58.2,614,0,2,4,14,38,0,0,0,0,0,0,0,3,,,,,,,,,,,0,,608.5,614,67796,3,-7.5601,6429,7352,923,0.874455930359086
enzyme,D01064,135400182,Raltitrexed,hsa:7298,P04818,2,7,1,1,458.5,458.1260056,177,790,0,4,9,9,32,0,1,1,0,0,0,0,1,341.8,14,6,2,2,1,3,0,1,10,10,1.4,458.5,313,35716,0,-8.6352,5943,7180,1237,0.8277158774373259
enzyme,D01071,3608,Hexobarbital,hsa:10858,Q9Y6A2,1,11,44,1,236.27,236.1160924,66.5,427,0,1,3,1,17,0,1,0,1,0,0,0,1,178.6,6,3,1,0,0,2,0,0.6,2.4,5,1.5,236.27,500,56821,0,-7.2406,6467,7466,999,0.8661934101259041
enzyme,D01071,3608,Hexobarbital,hsa:1543,P04798,2,19,44,1,236.27,236.1160924,66.5,427,0,1,3,1,17,0,1,0,1,0,0,0,1,178.6,6,3,1,0,0,2,0,0.6,2.4,5,1.5,236.27,512,58165,2,-7.1823,6369,7466,1097,0.8530672381462631
enzyme,D01071,3608,Hexobarbital,hsa:1544,P05177,1,24,44,1,236.27,236.1160924,66.5,427,0,1,3,1,17,0,1,0,1,0,0,0,1,178.6,6,3,1,0,0,2,0,0.6,2.4,5,1.5,236.27,516,58407,1,-7.1873,6377,7466,1089,0.854138762389499
enzyme,D01071,3608,Hexobarbital,hsa:1545,Q16678,2,18,44,1,236.27,236.1160924,66.5,427,0,1,3,1,17,0,1,0,1,0,0,0,1,178.6,6,3,1,0,0,2,0,0.6,2.4,5,1.5,236.27,543,60846,1,-7.1147,6222,7466,1244,0.8333779801768015
enzyme,D01071,3608,Hexobarbital,hsa:1548,P11509,1,18,44,1,236.27,236.1160924,66.5,427,0,1,3,1,17,0,1,0,1,0,0,0,1,178.6,6,3,1,0,0,2,0,0.6,2.4,5,1.5,236.27,494,56517,1,-7.426,6747,7466,719,0.9036967586391642
enzyme,D01071,3608,Hexobarbital,hsa:1551,P24462,1,18,44,1,236.27,236.1160924,66.5,427,0,1,3,1,17,0,1,0,1,0,0,0,1,178.6,6,3,1,0,0,2,0,0.6,2.4,5,1.5,236.27,503,57470,0,-6.6787,5145,7466,2321,0.6891240289311545
enzyme,D01071,3608,Hexobarbital,hsa:1553,Q16696,1,19,44,1,236.27,236.1160924,66.5,427,0,1,3,1,17,0,1,0,1,0,0,0,1,178.6,6,3,1,0,0,2,0,0.6,2.4,5,1.5,236.27,494,56688,0,-7.1947,6390,7466,1076,0.8558799892847576
enzyme,D01071,3608,Hexobarbital,hsa:1555,P20813,1,18,44,1,236.27,236.1160924,66.5,427,0,1,3,1,17,0,1,0,1,0,0,0,1,178.6,6,3,1,0,0,2,0,0.6,2.4,5,1.5,236.27,491,56278,0,-6.9267,5822,7466,1644,0.7798017680150013
enzyme,D01071,3608,Hexobarbital,hsa:1557,P33261,1,27,44,1,236.27,236.1160924,66.5,427,0,1,3,1,17,0,1,0,1,0,0,0,1,178.6,6,3,1,0,0,2,0,0.6,2.4,5,1.5,236.27,490,55945,0,-7.383,6684,7466,782,0.8952585052236807
enzyme,D01071,3608,Hexobarbital,hsa:1558,P10632,1,22,44,1,236.27,236.1160924,66.5,427,0,1,3,1,17,0,1,0,1,0,0,0,1,178.6,6,3,1,0,0,2,0,0.6,2.4,5,1.5,236.27,490,55825,3,-7.0218,6014,7466,1452,0.8055183498526655
enzyme,D01071,3608,Hexobarbital,hsa:1559,P11712,1,25,44,1,236.27,236.1160924,66.5,427,0,1,3,1,17,0,1,0,1,0,0,0,1,178.6,6,3,1,0,0,2,0,0.6,2.4,5,1.5,236.27,490,55628,0,-6.8505,5637,7466,1829,0.7550227698901688
enzyme,D01071,3608,Hexobarbital,hsa:1562,P33260,2,18,44,1,236.27,236.1160924,66.5,427,0,1,3,1,17,0,1,0,1,0,0,0,1,178.6,6,3,1,0,0,2,0,0.6,2.4,5,1.5,236.27,490,55711,0,-3.8282,175,7466,7291,0.023439592820787572
enzyme,D01071,3608,Hexobarbital,hsa:1565,P10635,3,30,44,1,236.27,236.1160924,66.5,427,0,1,3,1,17,0,1,0,1,0,0,0,1,178.6,6,3,1,0,0,2,0,0.6,2.4,5,1.5,236.27,497,55769,0,-8.0996,7325,7466,141,0.9811143852129655
enzyme,D01071,3608,Hexobarbital,hsa:1571,P05181,1,23,44,1,236.27,236.1160924,66.5,427,0,1,3,1,17,0,1,0,1,0,0,0,1,178.6,6,3,1,0,0,2,0,0.6,2.4,5,1.5,236.27,493,56849,0,-7.3071,6572,7466,894,0.8802571658183767
enzyme,D01071,3608,Hexobarbital,hsa:1576,P08684,2,34,44,1,236.27,236.1160924,66.5,427,0,1,3,1,17,0,1,0,1,0,0,0,1,178.6,6,3,1,0,0,2,0,0.6,2.4,5,1.5,236.27,503,57343,2,-6.8004,5501,7466,1965,0.7368068577551568
enzyme,D01071,3608,Hexobarbital,hsa:1577,P20815,1,18,44,1,236.27,236.1160924,66.5,427,0,1,3,1,17,0,1,0,1,0,0,0,1,178.6,6,3,1,0,0,2,0,0.6,2.4,5,1.5,236.27,502,57109,1,-6.9959,5956,7466,1510,0.7977497990892044
enzyme,D01071,3608,Hexobarbital,hsa:1581,P22680,1,11,44,1,236.27,236.1160924,66.5,427,0,1,3,1,17,0,1,0,1,0,0,0,1,178.6,6,3,1,0,0,2,0,0.6,2.4,5,1.5,236.27,504,57661,0,-7.3083,6573,7466,893,0.8803911063487811
enzyme,D01071,3608,Hexobarbital,hsa:1582,Q9UNU6,1,11,44,1,236.27,236.1160924,66.5,427,0,1,3,1,17,0,1,0,1,0,0,0,1,178.6,6,3,1,0,0,2,0,0.6,2.4,5,1.5,236.27,501,58068,0,-6.8509,5638,7466,1828,0.7551567104205733
enzyme,D01071,3608,Hexobarbital,hsa:1583,P05108,2,10,44,1,236.27,236.1160924,66.5,427,0,1,3,1,17,0,1,0,1,0,0,0,1,178.6,6,3,1,0,0,2,0,0.6,2.4,5,1.5,236.27,521,60102,1,-7.5203,6875,7466,591,0.9208411465309403
enzyme,D01071,3608,Hexobarbital,hsa:1584,P15538,2,11,44,1,236.27,236.1160924,66.5,427,0,1,3,1,17,0,1,0,1,0,0,0,1,178.6,6,3,1,0,0,2,0,0.6,2.4,5,1.5,236.27,503,57573,0,-6.7191,5272,7466,2194,0.7061344762925261
enzyme,D01071,3608,Hexobarbital,hsa:1585,P19099,1,9,44,1,236.27,236.1160924,66.5,427,0,1,3,1,17,0,1,0,1,0,0,0,1,178.6,6,3,1,0,0,2,0,0.6,2.4,5,1.5,236.27,503,57560,0,-7.044,6068,7466,1398,0.8127511384945084
enzyme,D01071,3608,Hexobarbital,hsa:1586,P05093,2,13,44,1,236.27,236.1160924,66.5,427,0,1,3,1,17,0,1,0,1,0,0,0,1,178.6,6,3,1,0,0,2,0,0.6,2.4,5,1.5,236.27,508,57371,0,-7.3197,6592,7466,874,0.8829359764264666
enzyme,D01071,3608,Hexobarbital,hsa:1588,P11511,3,20,44,1,236.27,236.1160924,66.5,427,0,1,3,1,17,0,1,0,1,0,0,0,1,178.6,6,3,1,0,0,2,0,0.6,2.4,5,1.5,236.27,503,57883,0,-6.9242,5813,7466,1653,0.7785963032413609
enzyme,D01071,3608,Hexobarbital,hsa:1589,P08686,2,10,44,1,236.27,236.1160924,66.5,427,0,1,3,1,17,0,1,0,1,0,0,0,1,178.6,6,3,1,0,0,2,0,0.6,2.4,5,1.5,236.27,495,56001,0,-7.9811,7268,7466,198,0.9734797749799089
enzyme,D01071,3608,Hexobarbital,hsa:1595,Q16850,1,12,44,1,236.27,236.1160924,66.5,427,0,1,3,1,17,0,1,0,1,0,0,0,1,178.6,6,3,1,0,0,2,0,0.6,2.4,5,1.5,236.27,509,57278,0,-7.6356,7013,7466,453,0.9393249397267613
enzyme,D01071,3608,Hexobarbital,hsa:5740,Q16647,1,12,44,1,236.27,236.1160924,66.5,427,0,1,3,1,17,0,1,0,1,0,0,0,1,178.6,6,3,1,0,0,2,0,0.6,2.4,5,1.5,236.27,500,57104,0,-6.7557,5377,7466,2089,0.7201982319849987
enzyme,D01097,163727,Lazabemide Hydrochloride,hsa:4128,P21397,3,19,2,1,236.1,235.0279174,68,177,0,3,3,3,14,0,0,0,0,0,0,0,2,,,,,,,,,,,0,,236.1,527,59682,1,-7.1179,7339,7402,63,0.9914887868143745
enzyme,D01097,163727,Lazabemide Hydrochloride,hsa:4129,P27338,1,20,2,1,236.1,235.0279174,68,177,0,3,3,3,14,0,0,0,0,0,0,0,2,,,,,,,,,,,0,,236.1,520,58763,20,-7.1701,7352,7402,50,0.9932450689002972
enzyme,D01118,122824,Ethopropazine Hydrochloride,hsa:590,P06276,1,11,1,1,348.9,348.1426977,31.8,322,0,1,3,5,23,0,1,0,1,0,0,0,2,,,,,,,,,,,0,,348.9,602,68418,11,-8.244,7109,7221,112,0.9844896828694086
enzyme,D01119,443873,Temocapril Hydrochloride,hsa:1636,P12821,2,31,1,1,513.1,512.1206421,149,644,0,3,8,11,33,0,3,3,0,0,0,0,2,,,,,,,,,,,0,,513.1,1306,149715,1,-8.3166,6837,7273,436,0.9400522480406984
enzyme,D01122,3673,Ibuprofen Piconol,hsa:5742,P23219,1,61,2,1,297.4,297.172879,39.2,334,0,0,3,7,22,0,1,0,1,0,0,0,1,246.2,6,2,0,0,0,2,2,0.8,7,10,4.3,297.4,599,68686,4,-8.2403,6922,7523,601,0.9201116575834108
enzyme,D01122,3673,Ibuprofen Piconol,hsa:5743,P35354,1,61,2,1,297.4,297.172879,39.2,334,0,0,3,7,22,0,1,0,1,0,0,0,1,246.2,6,2,0,0,0,2,2,0.8,7,10,4.3,297.4,604,68996,1,-8.0529,6739,7523,784,0.8957862554831849
enzyme,D01133,4823,Pimobendan,hsa:10846,Q9Y233,1,20,19,1,334.4,334.1429758,79.4,530,0,2,4,3,25,0,1,0,1,0,0,0,1,260.5,10,3,2,0,1,4,0,0.8,3.6,7,2.7,334.4,1055,114946,0,-9.5066,6607,7454,847,0.8863697343708076
enzyme,D01133,4823,Pimobendan,hsa:5138,O00408,2,20,19,1,334.4,334.1429758,79.4,530,0,2,4,3,25,0,1,0,1,0,0,0,1,260.5,10,3,2,0,1,4,0,0.8,3.6,7,2.7,334.4,941,105717,2,-8.4163,4878,7454,2576,0.6544137375905554
enzyme,D01133,4823,Pimobendan,hsa:5140,Q13370,2,20,19,1,334.4,334.1429758,79.4,530,0,2,4,3,25,0,1,0,1,0,0,0,1,260.5,10,3,2,0,1,4,0,0.8,3.6,7,2.7,334.4,1112,124333,5,-10.0169,7037,7454,417,0.9440568822108935
enzyme,D01133,4823,Pimobendan,hsa:5141,P27815,1,20,19,1,334.4,334.1429758,79.4,530,0,2,4,3,25,0,1,0,1,0,0,0,1,260.5,10,3,2,0,1,4,0,0.8,3.6,7,2.7,334.4,886,98143,7,-9.7904,6868,7454,586,0.921384491548162
enzyme,D01133,4823,Pimobendan,hsa:5142,Q07343,2,20,19,1,334.4,334.1429758,79.4,530,0,2,4,3,25,0,1,0,1,0,0,0,1,260.5,10,3,2,0,1,4,0,0.8,3.6,7,2.7,334.4,736,83343,2,-10.9161,7365,7454,89,0.9880601019586799
enzyme,D01133,4823,Pimobendan,hsa:5143,Q08493,4,20,19,1,334.4,334.1429758,79.4,530,0,2,4,3,25,0,1,0,1,0,0,0,1,260.5,10,3,2,0,1,4,0,0.8,3.6,7,2.7,334.4,712,79902,10,-8.5664,5161,7454,2293,0.692379930238798
enzyme,D01133,4823,Pimobendan,hsa:5144,Q08499,2,20,19,1,334.4,334.1429758,79.4,530,0,2,4,3,25,0,1,0,1,0,0,0,1,260.5,10,3,2,0,1,4,0,0.8,3.6,7,2.7,334.4,809,91115,12,-10.3363,7206,7454,248,0.9667292728736249
enzyme,D01133,4823,Pimobendan,hsa:5147,O43924,2,20,19,1,334.4,334.1429758,79.4,530,0,2,4,3,25,0,1,0,1,0,0,0,1,260.5,10,3,2,0,1,4,0,0.8,3.6,7,2.7,334.4,150,17420,12,-9.7611,6839,7454,615,0.9174939629729004
enzyme,D01133,4823,Pimobendan,hsa:5148,P18545,1,20,19,1,334.4,334.1429758,79.4,530,0,2,4,3,25,0,1,0,1,0,0,0,1,260.5,10,3,2,0,1,4,0,0.8,3.6,7,2.7,334.4,87,9643,8,-5.3279,262,7454,7192,0.03514891333512208
enzyme,D01133,4823,Pimobendan,hsa:5150,Q13946,1,18,19,1,334.4,334.1429758,79.4,530,0,2,4,3,25,0,1,0,1,0,0,0,1,260.5,10,3,2,0,1,4,0,0.8,3.6,7,2.7,334.4,482,55505,0,-11.1023,7397,7454,57,0.9923530990072444
enzyme,D01133,4823,Pimobendan,hsa:5151,O60658,1,20,19,1,334.4,334.1429758,79.4,530,0,2,4,3,25,0,1,0,1,0,0,0,1,260.5,10,3,2,0,1,4,0,0.8,3.6,7,2.7,334.4,829,93304,0,-10.4919,7266,7454,188,0.9747786423396834
enzyme,D01133,4823,Pimobendan,hsa:5152,O76083,2,19,19,1,334.4,334.1429758,79.4,530,0,2,4,3,25,0,1,0,1,0,0,0,1,260.5,10,3,2,0,1,4,0,0.8,3.6,7,2.7,334.4,593,68493,46,-9.8368,6899,7454,555,0.9255433324389589
enzyme,D01133,4823,Pimobendan,hsa:8654,O76074,1,20,19,1,334.4,334.1429758,79.4,530,0,2,4,3,25,0,1,0,1,0,0,0,1,260.5,10,3,2,0,1,4,0,0.8,3.6,7,2.7,334.4,875,99985,2,-9.979,7008,7454,446,0.9401663536356318
enzyme,D01136,5526,4-(Aminomethyl)cyclohexanecarboxylic acid,hsa:5328,P00749,1,3,2,1,157.21,157.1102787,63.3,139,0,2,3,2,11,0,0,0,0,0,0,0,1,124.3,6,2,1,1,1,1,0,0.6,3.2,10,-2,157.21,431,48523,5,-5.8413,6160,7470,1310,0.8246318607764391
enzyme,D01136,5526,4-(Aminomethyl)cyclohexanecarboxylic acid,hsa:5340,P00747,1,3,2,1,157.21,157.1102787,63.3,139,0,2,3,2,11,0,0,0,0,0,0,0,1,124.3,6,2,1,1,1,1,0,0.6,3.2,10,-2,157.21,810,90569,14,-5.7935,6026,7470,1444,0.8066934404283802
enzyme,D01164,60795,Aripiprazole,hsa:1565,P10635,3,30,1,1,448.4,447.1480325,44.8,559,0,1,4,7,30,0,0,0,0,0,0,0,1,337.2,9,2,1,0,2,4,0,1.2,8.8,10,4.6,448.4,497,55769,0,-9.303,6795,7376,581,0.9212310195227765
enzyme,D01183,610479,Tolfenamic Acid,hsa:5742,P23219,1,61,2,1,261.7,261.0556563,49.3,298,0,2,3,3,18,0,0,0,0,0,0,0,1,197.6,7,2,1,1,1,2,0,0.6,3,10,5.2,261.7,599,68686,4,-8.1635,6852,7401,549,0.9258208350222943
enzyme,D01183,610479,Tolfenamic Acid,hsa:5743,P35354,1,61,2,1,261.7,261.0556563,49.3,298,0,2,3,3,18,0,0,0,0,0,0,0,1,197.6,7,2,1,1,1,2,0,0.6,3,10,5.2,261.7,604,68996,1,-8.0538,6736,7401,665,0.9101472773949466
enzyme,D01196,13290219,Acetazolamide Sodium,hsa:23632,Q9ULX7,2,10,13,1,244.2,243.9700767,127,302,0,2,7,2,14,0,0,0,0,0,0,0,2,,,,,,,,,,,0,,244.2,337,37668,0,-1.4956,7241,7614,373,0.9510112949829261
enzyme,D01196,13290219,Acetazolamide Sodium,hsa:377677,Q8N1Q1,1,10,13,1,244.2,243.9700767,127,302,0,2,7,2,14,0,0,0,0,0,0,0,2,,,,,,,,,,,0,,244.2,262,29443,2,-1.4532,7065,7614,549,0.9278959810874704
enzyme,D01196,13290219,Acetazolamide Sodium,hsa:759,P00915,2,21,13,1,244.2,243.9700767,127,302,0,2,7,2,14,0,0,0,0,0,0,0,2,,,,,,,,,,,0,,244.2,261,28870,1,-1.4779,7166,7614,448,0.9411610191752036
enzyme,D01196,13290219,Acetazolamide Sodium,hsa:760,P00918,2,19,13,1,244.2,243.9700767,127,302,0,2,7,2,14,0,0,0,0,0,0,0,2,,,,,,,,,,,0,,244.2,260,29246,0,-1.323,5502,7614,2112,0.7226162332545312
enzyme,D01196,13290219,Acetazolamide Sodium,hsa:761,P07451,2,10,13,1,244.2,243.9700767,127,302,0,2,7,2,14,0,0,0,0,0,0,0,2,,,,,,,,,,,0,,244.2,260,29557,2,-1.4778,7162,7614,452,0.940635671132125
enzyme,D01196,13290219,Acetazolamide Sodium,hsa:762,P22748,1,18,13,1,244.2,243.9700767,127,302,0,2,7,2,14,0,0,0,0,0,0,0,2,,,,,,,,,,,0,,244.2,312,35032,0,-1.4158,6755,7614,859,0.8871815077488836
enzyme,D01196,13290219,Acetazolamide Sodium,hsa:765,P23280,2,10,13,1,244.2,243.9700767,127,302,0,2,7,2,14,0,0,0,0,0,0,0,2,,,,,,,,,,,0,,244.2,308,35367,0,-1.5305,7325,7614,289,0.9620436038875755
enzyme,D01196,13290219,Acetazolamide Sodium,hsa:766,P43166,1,10,13,1,244.2,243.9700767,127,302,0,2,7,2,14,0,0,0,0,0,0,0,2,,,,,,,,,,,0,,244.2,264,29658,0,-1.4542,7070,7614,544,0.9285526661413186
enzyme,D01196,13290219,Acetazolamide Sodium,hsa:767,P35219,1,10,13,1,244.2,243.9700767,127,302,0,2,7,2,14,0,0,0,0,0,0,0,2,,,,,,,,,,,0,,244.2,290,32973,11,-1.4742,7146,7614,468,0.9385342789598109
enzyme,D01196,13290219,Acetazolamide Sodium,hsa:768,Q16790,2,10,13,1,244.2,243.9700767,127,302,0,2,7,2,14,0,0,0,0,0,0,0,2,,,,,,,,,,,0,,244.2,459,49698,2,-1.4267,6853,7614,761,0.9000525348043078
enzyme,D01196,13290219,Acetazolamide Sodium,hsa:771,O43570,1,10,13,1,244.2,243.9700767,127,302,0,2,7,2,14,0,0,0,0,0,0,0,2,,,,,,,,,,,0,,244.2,354,39451,0,-1.4788,7169,7614,445,0.9415550302075125
enzyme,D01198,60790,Toborinone,hsa:10846,Q9Y233,1,20,19,1,384.4,384.1685219,89.1,529,0,3,6,9,28,0,1,0,1,0,0,0,1,298.9,12,5,3,0,1,3,0,1,9,10,1.7,384.4,1055,114946,0,-8.4787,6738,7447,709,0.9047938767288841
enzyme,D01198,60790,Toborinone,hsa:5138,O00408,2,20,19,1,384.4,384.1685219,89.1,529,0,3,6,9,28,0,1,0,1,0,0,0,1,298.9,12,5,3,0,1,3,0,1,9,10,1.7,384.4,941,105717,2,-7.4769,5454,7447,1993,0.732375453202632
enzyme,D01198,60790,Toborinone,hsa:5140,Q13370,2,20,19,1,384.4,384.1685219,89.1,529,0,3,6,9,28,0,1,0,1,0,0,0,1,298.9,12,5,3,0,1,3,0,1,9,10,1.7,384.4,1112,124333,5,-8.4229,6693,7447,754,0.8987511749697865
enzyme,D01198,60790,Toborinone,hsa:5141,P27815,1,20,19,1,384.4,384.1685219,89.1,529,0,3,6,9,28,0,1,0,1,0,0,0,1,298.9,12,5,3,0,1,3,0,1,9,10,1.7,384.4,886,98143,7,-8.328,6611,7447,836,0.8877400295420975
enzyme,D01198,60790,Toborinone,hsa:5142,Q07343,2,20,19,1,384.4,384.1685219,89.1,529,0,3,6,9,28,0,1,0,1,0,0,0,1,298.9,12,5,3,0,1,3,0,1,9,10,1.7,384.4,736,83343,2,-9.7299,7391,7447,56,0.9924801933664563
enzyme,D01198,60790,Toborinone,hsa:5143,Q08493,4,20,19,1,384.4,384.1685219,89.1,529,0,3,6,9,28,0,1,0,1,0,0,0,1,298.9,12,5,3,0,1,3,0,1,9,10,1.7,384.4,712,79902,10,-6.7812,4038,7447,3409,0.5422317711830267
enzyme,D01198,60790,Toborinone,hsa:5144,Q08499,2,20,19,1,384.4,384.1685219,89.1,529,0,3,6,9,28,0,1,0,1,0,0,0,1,298.9,12,5,3,0,1,3,0,1,9,10,1.7,384.4,809,91115,12,-9.2661,7273,7447,174,0.9766348865314892
enzyme,D01198,60790,Toborinone,hsa:5147,O43924,2,20,19,1,384.4,384.1685219,89.1,529,0,3,6,9,28,0,1,0,1,0,0,0,1,298.9,12,5,3,0,1,3,0,1,9,10,1.7,384.4,150,17420,12,-7.2558,5051,7447,2396,0.6782597018933799
enzyme,D01198,60790,Toborinone,hsa:5148,P18545,1,20,19,1,384.4,384.1685219,89.1,529,0,3,6,9,28,0,1,0,1,0,0,0,1,298.9,12,5,3,0,1,3,0,1,9,10,1.7,384.4,87,9643,8,-4.6296,422,7447,7025,0.05666711427420438
enzyme,D01198,60790,Toborinone,hsa:5150,Q13946,1,18,19,1,384.4,384.1685219,89.1,529,0,3,6,9,28,0,1,0,1,0,0,0,1,298.9,12,5,3,0,1,3,0,1,9,10,1.7,384.4,482,55505,0,-8.5773,6840,7447,607,0.9184906673828387
enzyme,D01198,60790,Toborinone,hsa:5151,O60658,1,20,19,1,384.4,384.1685219,89.1,529,0,3,6,9,28,0,1,0,1,0,0,0,1,298.9,12,5,3,0,1,3,0,1,9,10,1.7,384.4,829,93304,0,-8.6602,6929,7447,518,0.9304417886397207
enzyme,D01198,60790,Toborinone,hsa:5152,O76083,2,19,19,1,384.4,384.1685219,89.1,529,0,3,6,9,28,0,1,0,1,0,0,0,1,298.9,12,5,3,0,1,3,0,1,9,10,1.7,384.4,593,68493,46,-8.4635,6729,7447,718,0.9035853363770646
enzyme,D01198,60790,Toborinone,hsa:8654,O76074,1,20,19,1,384.4,384.1685219,89.1,529,0,3,6,9,28,0,1,0,1,0,0,0,1,298.9,12,5,3,0,1,3,0,1,9,10,1.7,384.4,875,99985,2,-8.4057,6680,7447,767,0.8970055055727139
enzyme,D01211,9051,Dydrogesterone,hsa:7298,P04818,2,7,1,1,312.4,312.2089301,34.1,628,0,0,2,1,23,0,6,6,0,0,0,0,1,252.8,6,2,0,0,0,4,0,0.6,2.4,2,3.8,312.4,313,35716,0,-9.1276,7046,7572,526,0.9305335446381405
enzyme,D01223,185462,Bosentan Monohydrate,hsa:1056,P19835,4,2,37,1,569.6,569.1944195,155,839,0,3,12,11,40,0,0,0,0,0,0,0,2,,,,,,,,,,,0,,569.6,753,79322,0,-1.8483,6330,7614,1284,0.8313632781717888
enzyme,D01223,185462,Bosentan Monohydrate,hsa:11343,Q99685,1,1,37,1,569.6,569.1944195,155,839,0,3,12,11,40,0,0,0,0,0,0,0,2,,,,,,,,,,,0,,569.6,303,33261,2,-2.2259,7583,7614,31,0.9959285526661413
enzyme,D01223,185462,Bosentan Monohydrate,hsa:1178,Q05315,1,1,37,1,569.6,569.1944195,155,839,0,3,12,11,40,0,0,0,0,0,0,0,2,,,,,,,,,,,0,,569.6,142,16453,1,-1.6429,3642,7614,3972,0.47832939322301027
enzyme,D01223,185462,Bosentan Monohydrate,hsa:1890,P19971,3,1,37,1,569.6,569.1944195,155,839,0,3,12,11,40,0,0,0,0,0,0,0,2,,,,,,,,,,,0,,569.6,482,49955,2,-1.7243,4837,7614,2777,0.6352771210927239
enzyme,D01223,185462,Bosentan Monohydrate,hsa:2098,P10768,2,2,37,1,569.6,569.1944195,155,839,0,3,12,11,40,0,0,0,0,0,0,0,2,,,,,,,,,,,0,,569.6,282,31463,2,-1.8199,6038,7614,1576,0.7930128710270554
enzyme,D01223,185462,Bosentan Monohydrate,hsa:30814,Q9NZK7,1,1,37,1,569.6,569.1944195,155,839,0,3,12,11,40,0,0,0,0,0,0,0,2,,,,,,,,,,,0,,569.6,142,15989,1,-1.5645,2685,7614,4929,0.35263987391646967
enzyme,D01223,185462,Bosentan Monohydrate,hsa:313,P28039,1,1,37,1,569.6,569.1944195,155,839,0,3,12,11,40,0,0,0,0,0,0,0,2,,,,,,,,,,,0,,569.6,575,65105,1,-1.5518,2533,7614,5081,0.3326766482794852
enzyme,D01223,185462,Bosentan Monohydrate,hsa:4023,P06858,1,2,37,1,569.6,569.1944195,155,839,0,3,12,11,40,0,0,0,0,0,0,0,2,,,,,,,,,,,0,,569.6,475,53162,12,-1.8,5803,7614,1811,0.7621486734961912
enzyme,D01223,185462,Bosentan Monohydrate,hsa:43,P22303,1,23,37,1,569.6,569.1944195,155,839,0,3,12,11,40,0,0,0,0,0,0,0,2,,,,,,,,,,,0,,569.6,614,67796,3,-1.8427,6278,7614,1336,0.8245337536117678
enzyme,D01223,185462,Bosentan Monohydrate,hsa:5049,P68402,2,1,37,1,569.6,569.1944195,155,839,0,3,12,11,40,0,0,0,0,0,0,0,2,,,,,,,,,,,0,,569.6,229,25569,4,-1.6063,3191,7614,4423,0.4190964013659049
enzyme,D01223,185462,Bosentan Monohydrate,hsa:5319,P04054,1,1,37,1,569.6,569.1944195,155,839,0,3,12,11,40,0,0,0,0,0,0,0,2,,,,,,,,,,,0,,569.6,148,16360,0,-1.7309,4919,7614,2695,0.6460467559758339
enzyme,D01223,185462,Bosentan Monohydrate,hsa:5320,P14555,1,1,37,1,569.6,569.1944195,155,839,0,3,12,11,40,0,0,0,0,0,0,0,2,,,,,,,,,,,0,,569.6,144,16083,0,-1.8736,6520,7614,1094,0.8563173102180195
enzyme,D01223,185462,Bosentan Monohydrate,hsa:5321,P47712,1,7,37,1,569.6,569.1944195,155,839,0,3,12,11,40,0,0,0,0,0,0,0,2,,,,,,,,,,,0,,569.6,749,85239,0,-1.7991,5791,7614,1823,0.7605726293669556
enzyme,D01223,185462,Bosentan Monohydrate,hsa:5406,P16233,1,3,37,1,569.6,569.1944195,155,839,0,3,12,11,40,0,0,0,0,0,0,0,2,,,,,,,,,,,0,,569.6,465,51157,0,-1.989,7224,7614,390,0.9487785657998424
enzyme,D01223,185462,Bosentan Monohydrate,hsa:5407,P54315,1,2,37,1,569.6,569.1944195,155,839,0,3,12,11,40,0,0,0,0,0,0,0,2,,,,,,,,,,,0,,569.6,467,51848,38,-2.0239,7359,7614,255,0.9665090622537431
enzyme,D01223,185462,Bosentan Monohydrate,hsa:5408,P54317,2,2,37,1,569.6,569.1944195,155,839,0,3,12,11,40,0,0,0,0,0,0,0,2,,,,,,,,,,,0,,569.6,469,51961,1,-2.057,7446,7614,168,0.9779353821907013
enzyme,D01223,185462,Bosentan Monohydrate,hsa:590,P06276,1,11,37,1,569.6,569.1944195,155,839,0,3,12,11,40,0,0,0,0,0,0,0,2,,,,,,,,,,,0,,569.6,602,68418,11,-2.0365,7400,7614,214,0.9718938796952982
enzyme,D01223,185462,Bosentan Monohydrate,hsa:670,Q86WA6,3,1,37,1,569.6,569.1944195,155,839,0,3,12,11,40,0,0,0,0,0,0,0,2,,,,,,,,,,,0,,569.6,291,32543,1,-1.8445,6297,7614,1317,0.8270291568163909
enzyme,D01223,185462,Bosentan Monohydrate,hsa:7298,P04818,2,7,37,1,569.6,569.1944195,155,839,0,3,12,11,40,0,0,0,0,0,0,0,2,,,,,,,,,,,0,,569.6,313,35716,0,-1.5635,2676,7614,4938,0.35145784081954295
enzyme,D01223,185462,Bosentan Monohydrate,hsa:8399,O15496,1,1,37,1,569.6,569.1944195,155,839,0,3,12,11,40,0,0,0,0,0,0,0,2,,,,,,,,,,,0,,569.6,165,18153,47,-1.6853,4257,7614,3357,0.5591016548463357
enzyme,D01223,185462,Bosentan Monohydrate,hsa:8513,P07098,1,2,37,1,569.6,569.1944195,155,839,0,3,12,11,40,0,0,0,0,0,0,0,2,,,,,,,,,,,0,,569.6,398,45238,2,-1.9416,6987,7614,627,0.917651694247439
enzyme,D01228,216322,Conivaptan Hydrochloride,hsa:43,P22303,1,23,1,1,535,534.1822538,78.1,820,0,3,3,4,39,0,0,0,0,0,0,0,2,,,,,,,,,,,0,,535,614,67796,3,-12.4424,6950,7248,298,0.9588852097130243
enzyme,D01256,62770,Daunorubicin Hydrochloride,hsa:759,P00915,2,21,3,1,564,563.1558238,186,960,0,6,11,4,39,0,6,6,0,0,0,0,2,,,,,,,,,,,0,,564,261,28870,1,-9.4566,6500,7414,914,0.8767197194496897
enzyme,D01256,62770,Daunorubicin Hydrochloride,hsa:760,P00918,2,19,3,1,564,563.1558238,186,960,0,6,11,4,39,0,6,6,0,0,0,0,2,,,,,,,,,,,0,,564,260,29246,0,-7.418,2280,7414,5134,0.3075263015915835
enzyme,D01256,62770,Daunorubicin Hydrochloride,hsa:762,P22748,1,18,3,1,564,563.1558238,186,960,0,6,11,4,39,0,6,6,0,0,0,0,2,,,,,,,,,,,0,,564,312,35032,0,-8.6529,5304,7414,2110,0.7154032910709469
enzyme,D01264,216457,Solifenacin Succinate,hsa:7153,P11388,1,15,2,1,480.6,480.2260367,107,617,0,2,7,6,35,0,2,2,0,0,0,0,2,,,,,,,,,,,0,,480.6,1531,174385,4,-10.6871,5993,7434,1441,0.8061608824320688
enzyme,D01264,216457,Solifenacin Succinate,hsa:7155,Q02880,1,15,2,1,480.6,480.2260367,107,617,0,2,7,6,35,0,2,2,0,0,0,0,2,,,,,,,,,,,0,,480.6,1626,183267,1,-10.5674,5828,7434,1606,0.7839655636265805
enzyme,D01325,5282408,Ketotifen Fumarate,hsa:5742,P23219,1,61,2,1,425.5,425.129694,123,595,0,2,7,2,30,0,0,0,0,1,1,0,2,,,,,,,,,,,0,,425.5,599,68686,4,-10.297,6826,7374,548,0.9256848386221861
enzyme,D01325,5282408,Ketotifen Fumarate,hsa:5743,P35354,1,61,2,1,425.5,425.129694,123,595,0,2,7,2,30,0,0,0,0,1,1,0,2,,,,,,,,,,,0,,425.5,604,68996,1,-8.9167,4826,7374,2548,0.6544616219148359
enzyme,D01332,2329,4-((2-(Benzoylamino)-3-(4-hydroxyphenyl)-1-oxopropyl)amino)benzoic acid,hsa:239,P18054,1,8,8,1,404.4,404.1372217,116,588,0,4,5,7,30,0,1,0,1,0,0,0,1,312.4,11,4,3,1,0,3,0,1,9,10,3.3,404.4,663,75694,2,-9.121,6343,7441,1098,0.852439188281145
enzyme,D01332,2329,4-((2-(Benzoylamino)-3-(4-hydroxyphenyl)-1-oxopropyl)amino)benzoic acid,hsa:240,P09917,1,11,8,1,404.4,404.1372217,116,588,0,4,5,7,30,0,1,0,1,0,0,0,1,312.4,11,4,3,1,0,3,0,1,9,10,3.3,404.4,674,77983,24,-8.5378,5341,7441,2100,0.7177798682972719
enzyme,D01332,2329,4-((2-(Benzoylamino)-3-(4-hydroxyphenyl)-1-oxopropyl)amino)benzoic acid,hsa:247,O15296,1,7,8,1,404.4,404.1372217,116,588,0,4,5,7,30,0,1,0,1,0,0,0,1,312.4,11,4,3,1,0,3,0,1,9,10,3.3,404.4,676,75857,6,-10.7533,7390,7441,51,0.9931460825157908
enzyme,D01332,2329,4-((2-(Benzoylamino)-3-(4-hydroxyphenyl)-1-oxopropyl)amino)benzoic acid,hsa:4048,P09960,2,8,8,1,404.4,404.1372217,116,588,0,4,5,7,30,0,1,0,1,0,0,0,1,312.4,11,4,3,1,0,3,0,1,9,10,3.3,404.4,611,69285,1,-9.4357,6744,7441,697,0.9063297943824755
enzyme,D01332,2329,4-((2-(Benzoylamino)-3-(4-hydroxyphenyl)-1-oxopropyl)amino)benzoic acid,hsa:5150,Q13946,1,18,8,1,404.4,404.1372217,116,588,0,4,5,7,30,0,1,0,1,0,0,0,1,312.4,11,4,3,1,0,3,0,1,9,10,3.3,404.4,482,55505,0,-9.9878,7149,7441,292,0.9607579626394301
enzyme,D01364,9878,Fluorometholone,hsa:5742,P23219,1,61,3,1,376.5,376.2049876,74.6,787,0,2,5,1,27,0,8,8,0,0,0,0,1,287.9,10,4,2,0,0,4,0,0.6,2.4,2,2,376.5,599,68686,4,-8.2951,5798,7451,1653,0.7781505838142532
enzyme,D01364,9878,Fluorometholone,hsa:5743,P35354,1,61,3,1,376.5,376.2049876,74.6,787,0,2,5,1,27,0,8,8,0,0,0,0,1,287.9,10,4,2,0,0,4,0,0.6,2.4,2,2,376.5,604,68996,1,-9.566,7186,7451,265,0.9644343041202523
enzyme,D01367,20279,Cladribine,hsa:5321,P47712,1,7,1,1,285.69,285.062867,119,338,0,3,7,2,19,0,3,3,0,0,0,0,1,196.2,13,3,3,0,4,3,0,0.6,3,10,0.8,285.69,749,85239,0,-7.3087,6455,7237,782,0.8919441757634379
enzyme,D01370,65326,Ephedrine Hydrochloride,hsa:4860,P00491,2,2,1,1,201.69,201.0920418,32.3,121,0,3,2,3,13,0,2,2,0,0,0,0,2,,,,,,,,,,,0,,201.69,289,32118,12,-5.2981,3557,7248,3691,0.4907560706401766
enzyme,D01397,92727,Lopinavir,hsa:5742,P23219,1,61,2,1,628.8,628.3624706,120,940,0,4,5,15,46,0,4,4,0,0,0,0,1,,,,,,,,,,,0,5.9,628.8,599,68686,4,-7.4533,3584,7277,3693,0.49251064999312905
enzyme,D01397,92727,Lopinavir,hsa:5743,P35354,1,61,2,1,628.8,628.3624706,120,940,0,4,5,15,46,0,4,4,0,0,0,0,1,,,,,,,,,,,0,5.9,628.8,604,68996,1,-9.0903,6286,7277,991,0.8638175072145114
enzyme,D01425,151114,Exatecan Mesylate,hsa:1543,P04798,2,19,24,1,567.6,567.1686789,171,1040,0,5,12,1,39,0,2,2,0,0,0,0,4,,,,,,,,,,,0,,567.6,512,58165,2,-14.6101,6794,6809,15,0.9977970333382288
enzyme,D01425,151114,Exatecan Mesylate,hsa:1544,P05177,1,24,24,1,567.6,567.1686789,171,1040,0,5,12,1,39,0,2,2,0,0,0,0,4,,,,,,,,,,,0,,567.6,516,58407,1,-10.8535,5048,6809,1761,0.7413717139080629
enzyme,D01425,151114,Exatecan Mesylate,hsa:1545,Q16678,2,18,24,1,567.6,567.1686789,171,1040,0,5,12,1,39,0,2,2,0,0,0,0,4,,,,,,,,,,,0,,567.6,543,60846,1,-14.5107,6793,6809,16,0.9976501688941107
enzyme,D01425,151114,Exatecan Mesylate,hsa:1551,P24462,1,18,24,1,567.6,567.1686789,171,1040,0,5,12,1,39,0,2,2,0,0,0,0,4,,,,,,,,,,,0,,567.6,503,57470,0,-10.9048,5117,6809,1692,0.7515053605522103
enzyme,D01425,151114,Exatecan Mesylate,hsa:1553,Q16696,1,19,24,1,567.6,567.1686789,171,1040,0,5,12,1,39,0,2,2,0,0,0,0,4,,,,,,,,,,,0,,567.6,494,56688,0,-11.7592,6083,6809,726,0.8933764135702746
enzyme,D01425,151114,Exatecan Mesylate,hsa:1555,P20813,1,18,24,1,567.6,567.1686789,171,1040,0,5,12,1,39,0,2,2,0,0,0,0,4,,,,,,,,,,,0,,567.6,491,56278,0,-10.6957,4761,6809,2048,0.6992216184461741
enzyme,D01425,151114,Exatecan Mesylate,hsa:1557,P33261,1,27,24,1,567.6,567.1686789,171,1040,0,5,12,1,39,0,2,2,0,0,0,0,4,,,,,,,,,,,0,,567.6,490,55945,0,-11.8619,6152,6809,657,0.903510060214422
enzyme,D01425,151114,Exatecan Mesylate,hsa:1558,P10632,1,22,24,1,567.6,567.1686789,171,1040,0,5,12,1,39,0,2,2,0,0,0,0,4,,,,,,,,,,,0,,567.6,490,55825,3,-11.4155,5797,6809,1012,0.851373182552504
enzyme,D01425,151114,Exatecan Mesylate,hsa:1559,P11712,1,25,24,1,567.6,567.1686789,171,1040,0,5,12,1,39,0,2,2,0,0,0,0,4,,,,,,,,,,,0,,567.6,490,55628,0,-11.5706,5933,6809,876,0.8713467469525628
enzyme,D01425,151114,Exatecan Mesylate,hsa:1562,P33260,2,18,24,1,567.6,567.1686789,171,1040,0,5,12,1,39,0,2,2,0,0,0,0,4,,,,,,,,,,,0,,567.6,490,55711,0,-6.888,191,6809,6618,0.02805110882655309
enzyme,D01425,151114,Exatecan Mesylate,hsa:1565,P10635,3,30,24,1,567.6,567.1686789,171,1040,0,5,12,1,39,0,2,2,0,0,0,0,4,,,,,,,,,,,0,,567.6,497,55769,0,-11.1894,5514,6809,1295,0.8098105448670877
enzyme,D01425,151114,Exatecan Mesylate,hsa:1571,P05181,1,23,24,1,567.6,567.1686789,171,1040,0,5,12,1,39,0,2,2,0,0,0,0,4,,,,,,,,,,,0,,567.6,493,56849,0,-11.7159,6049,6809,760,0.8883830224702599
enzyme,D01425,151114,Exatecan Mesylate,hsa:1576,P08684,2,34,24,1,567.6,567.1686789,171,1040,0,5,12,1,39,0,2,2,0,0,0,0,4,,,,,,,,,,,0,,567.6,503,57343,2,-12.4175,6470,6809,339,0.9502129534439712
enzyme,D01425,151114,Exatecan Mesylate,hsa:1577,P20815,1,18,24,1,567.6,567.1686789,171,1040,0,5,12,1,39,0,2,2,0,0,0,0,4,,,,,,,,,,,0,,567.6,502,57109,1,-11.011,5277,6809,1532,0.775003671611103
enzyme,D01425,151114,Exatecan Mesylate,hsa:1588,P11511,3,20,24,1,567.6,567.1686789,171,1040,0,5,12,1,39,0,2,2,0,0,0,0,4,,,,,,,,,,,0,,567.6,503,57883,0,-10.9279,5151,6809,1658,0.756498751652225
enzyme,D01432,123596,Imatinib Mesylate,hsa:7150,P11387,2,6,4,1,589.7,589.2471238,149,799,0,3,10,7,42,0,0,0,0,0,0,0,2,,,,,,,,,,,0,,589.7,765,90726,4,-10.2071,5095,6266,1171,0.8131184168528567
enzyme,D01432,123596,Imatinib Mesylate,hsa:7156,Q13472,1,6,4,1,589.7,589.2471238,149,799,0,3,10,7,42,0,0,0,0,0,0,0,2,,,,,,,,,,,0,,589.7,1001,112372,2,-9.9857,4861,6266,1405,0.7757740185126077
enzyme,D01432,123596,Imatinib Mesylate,hsa:8940,O95985,1,6,4,1,589.7,589.2471238,149,799,0,3,10,7,42,0,0,0,0,0,0,0,2,,,,,,,,,,,0,,589.7,862,96662,13,-10.0892,4981,6266,1285,0.7949249920204277
enzyme,D01475,2097,Alminoprofen,hsa:5742,P23219,1,61,2,1,219.28,219.1259288,49.3,255,0,2,3,5,16,0,1,0,1,0,0,0,1,180.7,7,2,1,1,1,1,1,0.6,5,10,3.2,219.28,599,68686,4,-7.281,6925,7469,544,0.9271656178872674
enzyme,D01475,2097,Alminoprofen,hsa:5743,P35354,1,61,2,1,219.28,219.1259288,49.3,255,0,2,3,5,16,0,1,0,1,0,0,0,1,180.7,7,2,1,1,1,1,1,0.6,5,10,3.2,219.28,604,68996,1,-6.9821,6519,7469,950,0.8728076047663677
enzyme,D01513,5720,Zaltoprofen,hsa:5742,P23219,1,61,2,1,298.4,298.0663655,79.7,422,0,1,4,2,21,0,1,0,1,0,0,0,1,229.2,8,3,0,1,0,3,1,0.6,2.4,8,3.5,298.4,599,68686,4,-7.5204,4873,7465,2592,0.6527796383121233
enzyme,D01513,5720,Zaltoprofen,hsa:5743,P35354,1,61,2,1,298.4,298.0663655,79.7,422,0,1,4,2,21,0,1,0,1,0,0,0,1,229.2,8,3,0,1,0,3,1,0.6,2.4,8,3.5,298.4,604,68996,1,-8.1511,6269,7465,1196,0.8397856664434026
enzyme,D01547,5485193,Imidapril Hydrochloride,hsa:5742,P23219,1,61,2,1,441.9,441.1666633,116,619,0,3,7,10,30,0,3,3,0,0,0,0,2,,,,,,,,,,,0,,441.9,599,68686,4,-8.0218,5705,6569,864,0.8684731313746384
enzyme,D01547,5485193,Imidapril Hydrochloride,hsa:5743,P35354,1,61,2,1,441.9,441.1666633,116,619,0,3,7,10,30,0,3,3,0,0,0,0,2,,,,,,,,,,,0,,441.9,604,68996,1,-8.4142,6099,6569,470,0.9284518191505556
enzyme,D01549,5282183,Indomethacin farnesil,hsa:1636,P12821,2,31,1,1,562.1,561.2645865,57.5,928,0,0,4,13,40,0,0,0,0,2,2,0,1,455.4,11,3,0,0,0,3,5,1.8,14,10,9.8,562.1,1306,149715,1,-8.7087,6611,7419,808,0.8910904434559914
enzyme,D01565,10649,Dequalinium Chloride,hsa:5742,P23219,1,61,2,1,527.6,526.2630027,59.8,532,0,2,4,11,36,0,0,0,0,0,0,0,3,,,,,,,,,,,0,,527.6,599,68686,4,-7.5373,5321,7505,2184,0.7089940039973351
enzyme,D01565,10649,Dequalinium Chloride,hsa:5743,P35354,1,61,2,1,527.6,526.2630027,59.8,532,0,2,4,11,36,0,0,0,0,0,0,0,3,,,,,,,,,,,0,,527.6,604,68996,1,-8.4279,6538,7505,967,0.8711525649566956
enzyme,D01578,1981,Acemetacin,hsa:5742,P23219,1,61,2,1,415.8,415.082265,94.8,620,0,1,6,7,29,0,0,0,0,0,0,0,1,308.3,9,5,0,1,0,3,0,1,8,10,4.2,415.8,599,68686,4,-8.3038,6475,7376,901,0.877847071583514
enzyme,D01578,1981,Acemetacin,hsa:5743,P35354,1,61,2,1,415.8,415.082265,94.8,620,0,1,6,7,29,0,0,0,0,0,0,0,1,308.3,9,5,0,1,0,3,0,1,8,10,4.2,415.8,604,68996,1,-8.9969,7123,7376,253,0.9656995661605207
enzyme,D01582,3475,Gliclazide,hsa:5742,P23219,1,61,2,1,323.4,323.1303627,86.9,497,0,2,4,3,22,0,2,0,2,0,0,0,1,242.8,8,3,2,0,0,3,0,0.8,6.2,10,1.5,323.4,599,68686,4,-7.9768,5850,7393,1543,0.7912890572162857
enzyme,D01582,3475,Gliclazide,hsa:5743,P35354,1,61,2,1,323.4,323.1303627,86.9,497,0,2,4,3,22,0,2,0,2,0,0,0,1,242.8,8,3,2,0,0,3,0,0.8,6.2,10,1.5,323.4,604,68996,1,-8.4079,6515,7393,878,0.8812390098742053
enzyme,D01665,5362115,Delapril Hydrochloride,hsa:2548,P10253,1,4,3,1,489,488.2077999,95.9,649,0,3,6,12,34,0,2,2,0,0,0,0,2,,,,,,,,,,,0,,489,952,105324,0,-7.9288,6129,7363,1234,0.8324052695911992
enzyme,D01665,5362115,Delapril Hydrochloride,hsa:8972,O43451,1,4,3,1,489,488.2077999,95.9,649,0,3,6,12,34,0,2,2,0,0,0,0,2,,,,,,,,,,,0,,489,2753,312022,7,-8.1787,6414,7363,949,0.8711123183484992
enzyme,D01667,1549120,Epalrestat,hsa:1636,P12821,2,31,1,1,319.4,319.0336856,115,519,0,1,5,4,21,0,0,0,0,2,2,0,1,240.8,8,4,0,1,0,2,1,0.6,4.4,10,3.8,319.4,1306,149715,1,-8.4803,7199,7398,199,0.9731008380643417
enzyme,D01688,444025,Loteprednol Etabonate,hsa:231,P15121,1,12,1,1,466.9,466.175831,99.1,882,0,1,7,7,32,0,7,7,0,0,0,0,1,343.8,8,3,1,0,0,4,0,1,8.4,4,3.9,466.9,316,35853,1,-7.8019,6742,7444,702,0.9056958624395486
enzyme,D01690,71764,Alfuzosin Hydrochloride,hsa:10846,Q9Y233,1,20,19,1,425.9,425.1829821,112,511,0,3,8,8,29,0,1,0,1,0,0,0,2,,,,,,,,,,,0,,425.9,1055,114946,0,-8.4402,6558,7276,718,0.9013194062671798
enzyme,D01690,71764,Alfuzosin Hydrochloride,hsa:5140,Q13370,2,20,19,1,425.9,425.1829821,112,511,0,3,8,8,29,0,1,0,1,0,0,0,2,,,,,,,,,,,0,,425.9,1112,124333,5,-8.5542,6661,7276,615,0.915475536008796
enzyme,D01690,71764,Alfuzosin Hydrochloride,hsa:5141,P27815,1,20,19,1,425.9,425.1829821,112,511,0,3,8,8,29,0,1,0,1,0,0,0,2,,,,,,,,,,,0,,425.9,886,98143,7,-7.9956,5972,7276,1304,0.8207806487080813
enzyme,D01690,71764,Alfuzosin Hydrochloride,hsa:5142,Q07343,2,20,19,1,425.9,425.1829821,112,511,0,3,8,8,29,0,1,0,1,0,0,0,2,,,,,,,,,,,0,,425.9,736,83343,2,-9.108,7065,7276,211,0.9710005497526113
enzyme,D01690,71764,Alfuzosin Hydrochloride,hsa:5143,Q08493,4,20,19,1,425.9,425.1829821,112,511,0,3,8,8,29,0,1,0,1,0,0,0,2,,,,,,,,,,,0,,425.9,712,79902,10,-7.1456,4313,7276,2963,0.5927707531610775
enzyme,D01690,71764,Alfuzosin Hydrochloride,hsa:5144,Q08499,2,20,19,1,425.9,425.1829821,112,511,0,3,8,8,29,0,1,0,1,0,0,0,2,,,,,,,,,,,0,,425.9,809,91115,12,-9.1379,7078,7276,198,0.9727872457394172
enzyme,D01690,71764,Alfuzosin Hydrochloride,hsa:5147,O43924,2,20,19,1,425.9,425.1829821,112,511,0,3,8,8,29,0,1,0,1,0,0,0,2,,,,,,,,,,,0,,425.9,150,17420,12,-8.5663,6672,7276,604,0.9169873556899395
enzyme,D01690,71764,Alfuzosin Hydrochloride,hsa:5148,P18545,1,20,19,1,425.9,425.1829821,112,511,0,3,8,8,29,0,1,0,1,0,0,0,2,,,,,,,,,,,0,,425.9,87,9643,8,-4.9726,398,7276,6878,0.05470038482682793
enzyme,D01690,71764,Alfuzosin Hydrochloride,hsa:5150,Q13946,1,18,19,1,425.9,425.1829821,112,511,0,3,8,8,29,0,1,0,1,0,0,0,2,,,,,,,,,,,0,,425.9,482,55505,0,-9.3798,7163,7276,113,0.9844694887300715
enzyme,D01690,71764,Alfuzosin Hydrochloride,hsa:5151,O60658,1,20,19,1,425.9,425.1829821,112,511,0,3,8,8,29,0,1,0,1,0,0,0,2,,,,,,,,,,,0,,425.9,829,93304,0,-9.2213,7110,7276,166,0.9771852666300165
enzyme,D01690,71764,Alfuzosin Hydrochloride,hsa:5152,O76083,2,19,19,1,425.9,425.1829821,112,511,0,3,8,8,29,0,1,0,1,0,0,0,2,,,,,,,,,,,0,,425.9,593,68493,46,-8.6023,6706,7276,570,0.9216602528862012
enzyme,D01690,71764,Alfuzosin Hydrochloride,hsa:8654,O76074,1,20,19,1,425.9,425.1829821,112,511,0,3,8,8,29,0,1,0,1,0,0,0,2,,,,,,,,,,,0,,425.9,875,99985,2,-8.7701,6859,7276,417,0.9426882902693787
enzyme,D01709,23675769,"sodium;1,3-dimethyl-7H-purine-2,6-dione;acetate",hsa:5742,P23219,1,61,2,1,262.2,262.0677991,109,302,0,1,5,0,18,0,0,0,0,0,0,0,3,,,,,,,,,,,0,,262.2,599,68686,4,-1.2869,4739,7613,2874,0.6224878497307238
enzyme,D01709,23675769,"sodium;1,3-dimethyl-7H-purine-2,6-dione;acetate",hsa:5743,P35354,1,61,2,1,262.2,262.0677991,109,302,0,1,5,0,18,0,0,0,0,0,0,0,3,,,,,,,,,,,0,,262.2,604,68996,1,-1.2524,3865,7613,3748,0.5076842243530802
enzyme,D01712,157313,Epinastine Hydrochloride,hsa:10846,Q9Y233,1,20,19,1,285.77,285.1032752,41.6,378,0,2,1,0,20,0,1,0,1,0,0,0,2,,,,,,,,,,,0,,285.77,1055,114946,0,-8.8554,6398,7164,766,0.8930764935790061
enzyme,D01712,157313,Epinastine Hydrochloride,hsa:5138,O00408,2,20,19,1,285.77,285.1032752,41.6,378,0,2,1,0,20,0,1,0,1,0,0,0,2,,,,,,,,,,,0,,285.77,941,105717,2,-7.7997,4734,7164,2430,0.6608040201005025
enzyme,D01712,157313,Epinastine Hydrochloride,hsa:5140,Q13370,2,20,19,1,285.77,285.1032752,41.6,378,0,2,1,0,20,0,1,0,1,0,0,0,2,,,,,,,,,,,0,,285.77,1112,124333,5,-9.9084,7038,7164,126,0.9824120603015075
enzyme,D01712,157313,Epinastine Hydrochloride,hsa:5141,P27815,1,20,19,1,285.77,285.1032752,41.6,378,0,2,1,0,20,0,1,0,1,0,0,0,2,,,,,,,,,,,0,,285.77,886,98143,7,-8.9958,6533,7164,631,0.9119207146845337
enzyme,D01712,157313,Epinastine Hydrochloride,hsa:5142,Q07343,2,20,19,1,285.77,285.1032752,41.6,378,0,2,1,0,20,0,1,0,1,0,0,0,2,,,,,,,,,,,0,,285.77,736,83343,2,-9.223,6686,7164,478,0.9332774986041318
enzyme,D01712,157313,Epinastine Hydrochloride,hsa:5143,Q08493,4,20,19,1,285.77,285.1032752,41.6,378,0,2,1,0,20,0,1,0,1,0,0,0,2,,,,,,,,,,,0,,285.77,712,79902,10,-8.0387,5201,7164,1963,0.7259910664433278
enzyme,D01712,157313,Epinastine Hydrochloride,hsa:5144,Q08499,2,20,19,1,285.77,285.1032752,41.6,378,0,2,1,0,20,0,1,0,1,0,0,0,2,,,,,,,,,,,0,,285.77,809,91115,12,-9.1232,6614,7164,550,0.9232272473478503
enzyme,D01712,157313,Epinastine Hydrochloride,hsa:5147,O43924,2,20,19,1,285.77,285.1032752,41.6,378,0,2,1,0,20,0,1,0,1,0,0,0,2,,,,,,,,,,,0,,285.77,150,17420,12,-8.4298,5871,7164,1293,0.8195142378559463
enzyme,D01712,157313,Epinastine Hydrochloride,hsa:5148,P18545,1,20,19,1,285.77,285.1032752,41.6,378,0,2,1,0,20,0,1,0,1,0,0,0,2,,,,,,,,,,,0,,285.77,87,9643,8,-5.072,288,7164,6876,0.04020100502512563
enzyme,D01712,157313,Epinastine Hydrochloride,hsa:5150,Q13946,1,18,19,1,285.77,285.1032752,41.6,378,0,2,1,0,20,0,1,0,1,0,0,0,2,,,,,,,,,,,0,,285.77,482,55505,0,-9.5117,6854,7164,310,0.9567280848687884
enzyme,D01712,157313,Epinastine Hydrochloride,hsa:5151,O60658,1,20,19,1,285.77,285.1032752,41.6,378,0,2,1,0,20,0,1,0,1,0,0,0,2,,,,,,,,,,,0,,285.77,829,93304,0,-8.5926,6092,7164,1072,0.8503629257398102
enzyme,D01712,157313,Epinastine Hydrochloride,hsa:5152,O76083,2,19,19,1,285.77,285.1032752,41.6,378,0,2,1,0,20,0,1,0,1,0,0,0,2,,,,,,,,,,,0,,285.77,593,68493,46,-8.4999,5964,7164,1200,0.8324958123953099
enzyme,D01712,157313,Epinastine Hydrochloride,hsa:8654,O76074,1,20,19,1,285.77,285.1032752,41.6,378,0,2,1,0,20,0,1,0,1,0,0,0,2,,,,,,,,,,,0,,285.77,875,99985,2,-9.3661,6778,7164,386,0.9461194863204914
enzyme,D01715,133264,Risarestat,hsa:231,P15121,1,12,1,1,323.4,323.1191293,89.9,390,0,1,5,8,22,0,1,0,1,0,0,0,1,250.3,7,3,1,0,0,2,1,0.8,8.6,10,3.9,323.4,316,35853,1,-8.0044,7331,7463,132,0.9823127428647996
enzyme,D01718,4237,Mofezolac,hsa:5742,P23219,1,61,2,1,339.3,339.1106726,81.8,430,0,1,6,6,25,0,0,0,0,0,0,0,1,264.1,9,5,0,1,0,3,0,0.8,6,10,3.1,339.3,599,68686,4,-7.2099,4962,7457,2495,0.6654150462652542
enzyme,D01718,4237,Mofezolac,hsa:5743,P35354,1,61,2,1,339.3,339.1106726,81.8,430,0,1,6,6,25,0,0,0,0,0,0,0,1,264.1,9,5,0,1,0,3,0,0.8,6,10,3.1,339.3,604,68996,1,-8.9109,7279,7457,178,0.9761298109159179
enzyme,D01747,636362,Idarubicin Hydrochloride,hsa:7153,P11388,1,15,2,1,534,533.1452592,177,912,0,6,10,3,37,0,6,6,0,0,0,0,2,,,,,,,,,,,0,,534,1531,174385,4,-9.953,6033,6511,478,0.9265857779142989
enzyme,D01747,636362,Idarubicin Hydrochloride,hsa:7155,Q02880,1,15,2,1,534,533.1452592,177,912,0,6,10,3,37,0,6,6,0,0,0,0,2,,,,,,,,,,,0,,534,1626,183267,1,-9.0431,5174,6511,1337,0.7946551988941791
enzyme,D01767,54677971,Tenoxicam,hsa:5742,P23219,1,61,2,1,337.4,337.0190982,136,599,0,2,7,2,22,0,0,0,0,0,0,0,1,237.2,9,4,2,0,0,3,0,0.6,3.2,10,1.1,337.4,599,68686,4,-8.4875,6969,7228,259,0.9641671278361926
enzyme,D01767,54677971,Tenoxicam,hsa:5743,P35354,1,61,2,1,337.4,337.0190982,136,599,0,2,7,2,22,0,0,0,0,0,0,0,1,237.2,9,4,2,0,0,3,0,0.6,3.2,10,1.1,337.4,604,68996,1,-8.8023,7122,7228,106,0.9853348090758163
enzyme,D01811,5147,Salicylamide,hsa:5742,P23219,1,61,2,1,137.14,137.0476785,63.3,136,0,2,2,1,10,0,0,0,0,0,0,0,1,105.7,4,1,2,0,0,1,0,0.4,1,4,1.3,137.14,599,68686,4,-6.1264,6355,7471,1116,0.8506224066390041
enzyme,D01811,5147,Salicylamide,hsa:5743,P35354,1,61,2,1,137.14,137.0476785,63.3,136,0,2,2,1,10,0,0,0,0,0,0,0,1,105.7,4,1,2,0,0,1,0,0.4,1,4,1.3,137.14,604,68996,1,-6.1285,6360,7471,1111,0.8512916610895462
enzyme,D01825,6215,Fluocinolone Acetonide,hsa:5321,P47712,1,7,1,1,452.5,452.201045,93.1,960,0,2,8,2,32,0,9,9,0,0,0,0,1,330.1,14,6,2,0,0,5,1,0.8,3.6,2,2.5,452.5,749,85239,0,-8.8308,6573,7441,868,0.883349012229539
enzyme,D01842,160024,Fidarestat,hsa:231,P15121,1,12,1,1,279.22,279.065534,111,485,0,3,5,1,20,0,2,2,0,0,0,0,1,195.4,10,4,3,0,0,3,0,0.6,2,5,-0.3,279.22,316,35853,1,-8.2775,6290,7462,1172,0.8429375502546235
enzyme,D01866,54690031,Lornoxicam,hsa:5742,P23219,1,61,2,1,371.8,370.9801258,136,634,0,2,7,2,23,0,0,0,0,0,0,0,1,252.5,9,4,2,0,0,3,0,0.6,3.2,10,2.1,371.8,599,68686,4,-6.931,4393,7146,2753,0.6147495102155052
enzyme,D01866,54690031,Lornoxicam,hsa:5743,P35354,1,61,2,1,371.8,370.9801258,136,634,0,2,7,2,23,0,0,0,0,0,0,0,1,252.5,9,4,2,0,0,3,0,0.6,3.2,10,2.1,371.8,604,68996,1,-8.5026,6896,7146,250,0.9650153932269802
enzyme,D01888,636399,Safrazine Hydrochloride,hsa:4128,P21397,3,19,2,1,244.72,244.0978555,56.5,201,0,3,4,4,16,0,1,0,1,0,0,0,2,,,,,,,,,,,0,,244.72,527,59682,1,-7.8192,7407,7528,121,0.9839266737513284
enzyme,D01888,636399,Safrazine Hydrochloride,hsa:4129,P27338,1,20,2,1,244.72,244.0978555,56.5,201,0,3,4,4,16,0,1,0,1,0,0,0,2,,,,,,,,,,,0,,244.72,520,58763,20,-7.9114,7444,7528,84,0.9888416578108395
enzyme,D01900,71992,Alacepril,hsa:1636,P12821,2,31,1,1,406.5,406.1562431,129,591,0,2,6,9,28,0,3,3,0,0,0,0,1,313.8,9,4,1,1,0,2,1,1,12,10,2.1,406.5,1306,149715,1,-7.9953,6489,7294,805,0.8896353166986565
enzyme,D01907,30751,Fludarabine Phosphate,hsa:6240,P23921,1,3,2,1,365.21,365.0536629,186,514,0,5,12,4,24,0,4,4,0,0,0,0,1,241.1,17,6,3,1,4,3,0,0.8,5,10,-3.1,365.21,792,90070,3,-7.8988,6350,7203,853,0.881577120644176
enzyme,D01966,150311,Ezetimibe,hsa:6646,P35610,1,4,2,1,409.4,409.1489499,60.8,567,0,2,5,6,30,0,3,3,0,0,0,0,1,316.6,8,2,2,0,0,4,0,0.8,6.6,10,4,409.4,550,64735,5,-8.8748,6100,7375,1275,0.8271186440677966
enzyme,D01966,150311,Ezetimibe,hsa:8435,O75908,1,4,2,1,409.4,409.1489499,60.8,567,0,2,5,6,30,0,3,3,0,0,0,0,1,316.6,8,2,2,0,0,4,0,0.8,6.6,10,4,409.4,522,59896,1,-11.3218,7362,7375,13,0.9982372881355932
enzyme,D01968,121586,Zoledronic acid monohydrate,hsa:2224,P14324,1,1,1,1,290.11,290.0068893,154,327,0,6,9,4,17,0,0,0,0,0,0,0,2,,,,,,,,,,,0,,290.11,419,48275,5,-7.6867,7269,7393,124,0.9832273772487489
enzyme,D01973,656631,Eletriptan Hydrobromide,hsa:1576,P08684,2,34,1,1,463.4,462.09766,61.6,582,0,2,3,6,28,0,1,1,0,0,0,0,2,,,,,,,,,,,0,,463.4,503,57343,2,-8.5373,5498,6748,1250,0.8147599288678127
enzyme,D01974,159271,Tilmacoxib,hsa:5742,P23219,1,61,2,1,338.4,338.1100418,94.6,504,0,1,6,3,23,0,0,0,0,0,0,0,1,250.7,6,2,1,0,0,3,0,0.8,4.2,10,3.3,338.4,599,68686,4,-7.471,4586,7309,2723,0.6274456149952113
enzyme,D01974,159271,Tilmacoxib,hsa:5743,P35354,1,61,2,1,338.4,338.1100418,94.6,504,0,1,6,3,23,0,0,0,0,0,0,0,1,250.7,6,2,1,0,0,3,0,0.8,4.2,10,3.3,338.4,604,68996,1,-8.9765,6893,7309,416,0.9430838692023532
enzyme,D01977,123631,Gefitinib,hsa:10461,Q12866,1,8,53,1,446.9,446.1520965,68.7,545,0,1,8,8,31,0,0,0,0,0,0,0,1,331.7,11,3,1,0,3,4,0,1,9.2,10,4.1,446.9,999,110249,0,-7.4138,4584,7197,2613,0.6369320550229263
enzyme,D01977,123631,Gefitinib,hsa:1436,P07333,1,8,53,1,446.9,446.1520965,68.7,545,0,1,8,8,31,0,0,0,0,0,0,0,1,331.7,11,3,1,0,3,4,0,1,9.2,10,4.1,446.9,972,107984,4,-9.486,7059,7197,138,0.9808253438932889
enzyme,D01977,123631,Gefitinib,hsa:1956,P00533,4,8,53,1,446.9,446.1520965,68.7,545,0,1,8,8,31,0,0,0,0,0,0,0,1,331.7,11,3,1,0,3,4,0,1,9.2,10,4.1,446.9,1210,134277,191,-7.0482,3723,7197,3474,0.5172988745310546
enzyme,D01977,123631,Gefitinib,hsa:2041,P21709,1,8,53,1,446.9,446.1520965,68.7,545,0,1,8,8,31,0,0,0,0,0,0,0,1,331.7,11,3,1,0,3,4,0,1,9.2,10,4.1,446.9,976,108127,0,-5.63,657,7197,6540,0.09128803668195082
enzyme,D01977,123631,Gefitinib,hsa:2042,P29320,3,8,53,1,446.9,446.1520965,68.7,545,0,1,8,8,31,0,0,0,0,0,0,0,1,331.7,11,3,1,0,3,4,0,1,9.2,10,4.1,446.9,983,110131,2,-7.8565,5435,7197,1762,0.7551757676809782
enzyme,D01977,123631,Gefitinib,hsa:2043,P54764,1,8,53,1,446.9,446.1520965,68.7,545,0,1,8,8,31,0,0,0,0,0,0,0,1,331.7,11,3,1,0,3,4,0,1,9.2,10,4.1,446.9,986,109860,8,-6.7111,2811,7197,4386,0.3905794080867028
enzyme,D01977,123631,Gefitinib,hsa:2044,P54756,5,8,53,1,446.9,446.1520965,68.7,545,0,1,8,8,31,0,0,0,0,0,0,0,1,331.7,11,3,1,0,3,4,0,1,9.2,10,4.1,446.9,1037,114803,2,-8.0006,5693,7197,1504,0.791024037793525
enzyme,D01977,123631,Gefitinib,hsa:2045,Q15375,1,8,53,1,446.9,446.1520965,68.7,545,0,1,8,8,31,0,0,0,0,0,0,0,1,331.7,11,3,1,0,3,4,0,1,9.2,10,4.1,446.9,998,112097,8,-7.6442,5018,7197,2179,0.6972349590106989
enzyme,D01977,123631,Gefitinib,hsa:2046,P29322,1,8,53,1,446.9,446.1520965,68.7,545,0,1,8,8,31,0,0,0,0,0,0,0,1,331.7,11,3,1,0,3,4,0,1,9.2,10,4.1,446.9,1005,111003,0,-8.0734,5801,7197,1396,0.8060302903987773
enzyme,D01977,123631,Gefitinib,hsa:2047,P54762,1,8,53,1,446.9,446.1520965,68.7,545,0,1,8,8,31,0,0,0,0,0,0,0,1,331.7,11,3,1,0,3,4,0,1,9.2,10,4.1,446.9,984,109885,3,-8.8743,6721,7197,476,0.9338613311101848
enzyme,D01977,123631,Gefitinib,hsa:2048,P29323,4,8,53,1,446.9,446.1520965,68.7,545,0,1,8,8,31,0,0,0,0,0,0,0,1,331.7,11,3,1,0,3,4,0,1,9.2,10,4.1,446.9,1055,117493,10,-7.6702,5068,7197,2129,0.7041822981797972
enzyme,D01977,123631,Gefitinib,hsa:2049,P54753,1,8,53,1,446.9,446.1520965,68.7,545,0,1,8,8,31,0,0,0,0,0,0,0,1,331.7,11,3,1,0,3,4,0,1,9.2,10,4.1,446.9,998,110330,2,-8.6672,6547,7197,650,0.9096845908017229
enzyme,D01977,123631,Gefitinib,hsa:2050,P54760,3,8,53,1,446.9,446.1520965,68.7,545,0,1,8,8,31,0,0,0,0,0,0,0,1,331.7,11,3,1,0,3,4,0,1,9.2,10,4.1,446.9,987,108270,5,-7.7937,5311,7197,1886,0.7379463665416146
enzyme,D01977,123631,Gefitinib,hsa:2064,P04626,2,8,53,1,446.9,446.1520965,68.7,545,0,1,8,8,31,0,0,0,0,0,0,0,1,331.7,11,3,1,0,3,4,0,1,9.2,10,4.1,446.9,1255,137910,85,-7.9026,5515,7197,1682,0.7662915103515353
enzyme,D01977,123631,Gefitinib,hsa:2065,P21860,1,8,53,1,446.9,446.1520965,68.7,545,0,1,8,8,31,0,0,0,0,0,0,0,1,331.7,11,3,1,0,3,4,0,1,9.2,10,4.1,446.9,1342,148098,32,-7.0466,3719,7197,3478,0.5167430873975267
enzyme,D01977,123631,Gefitinib,hsa:2066,Q15303,1,8,53,1,446.9,446.1520965,68.7,545,0,1,8,8,31,0,0,0,0,0,0,0,1,331.7,11,3,1,0,3,4,0,1,9.2,10,4.1,446.9,1308,146808,17,-7.5891,4920,7197,2277,0.6836181742392664
enzyme,D01977,123631,Gefitinib,hsa:2260,P11362,1,8,53,1,446.9,446.1520965,68.7,545,0,1,8,8,31,0,0,0,0,0,0,0,1,331.7,11,3,1,0,3,4,0,1,9.2,10,4.1,446.9,822,91868,24,-7.6436,5016,7197,2181,0.696957065443935
enzyme,D01977,123631,Gefitinib,hsa:2261,P22607,2,8,53,1,446.9,446.1520965,68.7,545,0,1,8,8,31,0,0,0,0,0,0,0,1,331.7,11,3,1,0,3,4,0,1,9.2,10,4.1,446.9,806,87710,308,-7.8047,5337,7197,1860,0.7415589829095457
enzyme,D01977,123631,Gefitinib,hsa:2263,P21802,1,8,53,1,446.9,446.1520965,68.7,545,0,1,8,8,31,0,0,0,0,0,0,0,1,331.7,11,3,1,0,3,4,0,1,9.2,10,4.1,446.9,821,92025,14,-9.979,7158,7197,39,0.9945810754481034
enzyme,D01977,123631,Gefitinib,hsa:2264,P22455,1,8,53,1,446.9,446.1520965,68.7,545,0,1,8,8,31,0,0,0,0,0,0,0,1,331.7,11,3,1,0,3,4,0,1,9.2,10,4.1,446.9,802,87954,3,-7.6226,4975,7197,2222,0.6912602473252745
enzyme,D01977,123631,Gefitinib,hsa:2322,P36888,1,8,53,1,446.9,446.1520965,68.7,545,0,1,8,8,31,0,0,0,0,0,0,0,1,331.7,11,3,1,0,3,4,0,1,9.2,10,4.1,446.9,993,112903,12,-7.2555,4222,7197,2975,0.586633319438655
enzyme,D01977,123631,Gefitinib,hsa:2324,P35916,1,8,53,1,446.9,446.1520965,68.7,545,0,1,8,8,31,0,0,0,0,0,0,0,1,331.7,11,3,1,0,3,4,0,1,9.2,10,4.1,446.9,1363,152757,3,-6.0616,1205,7197,5992,0.16743087397526749
enzyme,D01977,123631,Gefitinib,hsa:238,Q9UM73,2,8,53,1,446.9,446.1520965,68.7,545,0,1,8,8,31,0,0,0,0,0,0,0,1,331.7,11,3,1,0,3,4,0,1,9.2,10,4.1,446.9,1620,176442,6,-7.2906,4316,7197,2881,0.5996943170765596
enzyme,D01977,123631,Gefitinib,hsa:3791,P35968,1,8,53,1,446.9,446.1520965,68.7,545,0,1,8,8,31,0,0,0,0,0,0,0,1,331.7,11,3,1,0,3,4,0,1,9.2,10,4.1,446.9,1356,151527,20,-10.0564,7166,7197,31,0.9956926497151591
enzyme,D01977,123631,Gefitinib,hsa:3815,P10721,1,8,53,1,446.9,446.1520965,68.7,545,0,1,8,8,31,0,0,0,0,0,0,0,1,331.7,11,3,1,0,3,4,0,1,9.2,10,4.1,446.9,976,109865,50,-7.9019,5514,7197,1683,0.7661525635681534
enzyme,D01977,123631,Gefitinib,hsa:4058,P29376,1,8,53,1,446.9,446.1520965,68.7,545,0,1,8,8,31,0,0,0,0,0,0,0,1,331.7,11,3,1,0,3,4,0,1,9.2,10,4.1,446.9,864,91681,3,-7.0147,3621,7197,3576,0.5031263026260943
enzyme,D01977,123631,Gefitinib,hsa:4486,Q04912,1,8,53,1,446.9,446.1520965,68.7,545,0,1,8,8,31,0,0,0,0,0,0,0,1,331.7,11,3,1,0,3,4,0,1,9.2,10,4.1,446.9,1400,152241,4,-7.2518,4214,7197,2983,0.5855217451715993
enzyme,D01977,123631,Gefitinib,hsa:4914,P04629,1,8,53,1,446.9,446.1520965,68.7,545,0,1,8,8,31,0,0,0,0,0,0,0,1,331.7,11,3,1,0,3,4,0,1,9.2,10,4.1,446.9,796,87497,14,-6.9445,3421,7197,3776,0.4753369459497013
enzyme,D01977,123631,Gefitinib,hsa:4915,Q16620,3,8,53,1,446.9,446.1520965,68.7,545,0,1,8,8,31,0,0,0,0,0,0,0,1,331.7,11,3,1,0,3,4,0,1,9.2,10,4.1,446.9,822,91999,2,-8.8445,6704,7197,493,0.9314992357926914
enzyme,D01977,123631,Gefitinib,hsa:4916,Q16288,2,8,53,1,446.9,446.1520965,68.7,545,0,1,8,8,31,0,0,0,0,0,0,0,1,331.7,11,3,1,0,3,4,0,1,9.2,10,4.1,446.9,839,94428,12,-8.9555,6783,7197,414,0.9424760316798666
enzyme,D01977,123631,Gefitinib,hsa:4919,Q01973,1,8,53,1,446.9,446.1520965,68.7,545,0,1,8,8,31,0,0,0,0,0,0,0,1,331.7,11,3,1,0,3,4,0,1,9.2,10,4.1,446.9,937,104283,3,-9.1467,6901,7197,296,0.9588717521189385
enzyme,D01977,123631,Gefitinib,hsa:4920,Q01974,1,8,53,1,446.9,446.1520965,68.7,545,0,1,8,8,31,0,0,0,0,0,0,0,1,331.7,11,3,1,0,3,4,0,1,9.2,10,4.1,446.9,943,104757,29,-6.8186,3064,7197,4133,0.4257329442823399
enzyme,D01977,123631,Gefitinib,hsa:4921,Q16832,1,8,53,1,446.9,446.1520965,68.7,545,0,1,8,8,31,0,0,0,0,0,0,0,1,331.7,11,3,1,0,3,4,0,1,9.2,10,4.1,446.9,855,96736,5,-9.0159,6817,7197,380,0.9472002223148535
enzyme,D01977,123631,Gefitinib,hsa:5156,P16234,1,8,53,1,446.9,446.1520965,68.7,545,0,1,8,8,31,0,0,0,0,0,0,0,1,331.7,11,3,1,0,3,4,0,1,9.2,10,4.1,446.9,1089,122670,13,-8.0455,5751,7197,1446,0.799082951229679
enzyme,D01977,123631,Gefitinib,hsa:5159,P09619,2,8,53,1,446.9,446.1520965,68.7,545,0,1,8,8,31,0,0,0,0,0,0,0,1,331.7,11,3,1,0,3,4,0,1,9.2,10,4.1,446.9,1106,123968,32,-7.1695,4035,7197,3162,0.5606502709462275
enzyme,D01977,123631,Gefitinib,hsa:558,P30530,1,8,53,1,446.9,446.1520965,68.7,545,0,1,8,8,31,0,0,0,0,0,0,0,1,331.7,11,3,1,0,3,4,0,1,9.2,10,4.1,446.9,894,98337,7,-7.6097,4958,7197,2239,0.688898152007781
enzyme,D01977,123631,Gefitinib,hsa:5754,Q13308,1,8,53,1,446.9,446.1520965,68.7,545,0,1,8,8,31,0,0,0,0,0,0,0,1,331.7,11,3,1,0,3,4,0,1,9.2,10,4.1,446.9,1070,118392,6,-8.0463,5752,7197,1445,0.799221898013061
enzyme,D01977,123631,Gefitinib,hsa:6098,P08922,1,8,53,1,446.9,446.1520965,68.7,545,0,1,8,8,31,0,0,0,0,0,0,0,1,331.7,11,3,1,0,3,4,0,1,9.2,10,4.1,446.9,2347,263915,2,-7.8343,5393,7197,1804,0.7493400027789356
enzyme,D01977,123631,Gefitinib,hsa:6259,P34925,3,8,53,1,446.9,446.1520965,68.7,545,0,1,8,8,31,0,0,0,0,0,0,0,1,331.7,11,3,1,0,3,4,0,1,9.2,10,4.1,446.9,607,67815,0,-6.7197,2832,7197,4365,0.39349729053772403
enzyme,D01977,123631,Gefitinib,hsa:7010,Q02763,2,8,53,1,446.9,446.1520965,68.7,545,0,1,8,8,31,0,0,0,0,0,0,0,1,331.7,11,3,1,0,3,4,0,1,9.2,10,4.1,446.9,1124,125830,10,-7.3084,4361,7197,2836,0.6059469223287481
enzyme,D01977,123631,Gefitinib,hsa:7075,P35590,1,8,53,1,446.9,446.1520965,68.7,545,0,1,8,8,31,0,0,0,0,0,0,0,1,331.7,11,3,1,0,3,4,0,1,9.2,10,4.1,446.9,1138,125090,6,-5.3462,460,7197,6737,0.06391552035570376
enzyme,D01977,123631,Gefitinib,hsa:7301,Q06418,1,8,53,1,446.9,446.1520965,68.7,545,0,1,8,8,31,0,0,0,0,0,0,0,1,331.7,11,3,1,0,3,4,0,1,9.2,10,4.1,446.9,890,96905,12,-6.4457,2106,7197,5091,0.2926219258024177
enzyme,D01977,123631,Gefitinib,hsa:780,Q08345,1,8,53,1,446.9,446.1520965,68.7,545,0,1,8,8,31,0,0,0,0,0,0,0,1,331.7,11,3,1,0,3,4,0,1,9.2,10,4.1,446.9,913,101128,4,-7.5787,4901,7197,2296,0.680978185355009
enzyme,D01981,9574101,Ximelagatran,hsa:2147,P00734,1,8,1,1,473.6,473.2638192,146,731,0,4,7,11,34,0,2,2,0,1,1,0,1,368.2,12,3,3,1,2,3,0,1.2,15,10,2.2,473.6,622,70037,4,-7.9819,5703,7257,1554,0.7858619264158744
enzyme,D02008,110635,Tadalafil,hsa:10846,Q9Y233,1,20,19,1,389.4,389.1375561,74.9,702,0,1,4,1,29,0,2,2,0,0,0,0,1,289.1,12,4,1,0,1,6,0,0.6,2.4,6,2.3,389.4,1055,114946,0,-10.6138,7272,7447,175,0.9765006042701759
enzyme,D02008,110635,Tadalafil,hsa:5138,O00408,2,20,19,1,389.4,389.1375561,74.9,702,0,1,4,1,29,0,2,2,0,0,0,0,1,289.1,12,4,1,0,1,6,0,0.6,2.4,6,2.3,389.4,941,105717,2,-8.6914,4935,7447,2512,0.6626829595810394
enzyme,D02008,110635,Tadalafil,hsa:5140,Q13370,2,20,19,1,389.4,389.1375561,74.9,702,0,1,4,1,29,0,2,2,0,0,0,0,1,289.1,12,4,1,0,1,6,0,0.6,2.4,6,2.3,389.4,1112,124333,5,-9.2257,6027,7447,1420,0.8093191889351417
enzyme,D02008,110635,Tadalafil,hsa:5141,P27815,1,20,19,1,389.4,389.1375561,74.9,702,0,1,4,1,29,0,2,2,0,0,0,0,1,289.1,12,4,1,0,1,6,0,0.6,2.4,6,2.3,389.4,886,98143,7,-9.4877,6405,7447,1042,0.8600778837115617
enzyme,D02008,110635,Tadalafil,hsa:5142,Q07343,2,20,19,1,389.4,389.1375561,74.9,702,0,1,4,1,29,0,2,2,0,0,0,0,1,289.1,12,4,1,0,1,6,0,0.6,2.4,6,2.3,389.4,736,83343,2,-10.3438,7173,7447,274,0.9632066604001611
enzyme,D02008,110635,Tadalafil,hsa:5143,Q08493,4,20,19,1,389.4,389.1375561,74.9,702,0,1,4,1,29,0,2,2,0,0,0,0,1,289.1,12,4,1,0,1,6,0,0.6,2.4,6,2.3,389.4,712,79902,10,-9.9881,6956,7447,491,0.9340674096951793
enzyme,D02008,110635,Tadalafil,hsa:5144,Q08499,2,20,19,1,389.4,389.1375561,74.9,702,0,1,4,1,29,0,2,2,0,0,0,0,1,289.1,12,4,1,0,1,6,0,0.6,2.4,6,2.3,389.4,809,91115,12,-10.6911,7294,7447,153,0.9794548140190681
enzyme,D02008,110635,Tadalafil,hsa:5147,O43924,2,20,19,1,389.4,389.1375561,74.9,702,0,1,4,1,29,0,2,2,0,0,0,0,1,289.1,12,4,1,0,1,6,0,0.6,2.4,6,2.3,389.4,150,17420,12,-8.5939,4715,7447,2732,0.6331408620921176
enzyme,D02008,110635,Tadalafil,hsa:5148,P18545,1,20,19,1,389.4,389.1375561,74.9,702,0,1,4,1,29,0,2,2,0,0,0,0,1,289.1,12,4,1,0,1,6,0,0.6,2.4,6,2.3,389.4,87,9643,8,-5.9623,341,7447,7106,0.04579025110782865
enzyme,D02008,110635,Tadalafil,hsa:5150,Q13946,1,18,19,1,389.4,389.1375561,74.9,702,0,1,4,1,29,0,2,2,0,0,0,0,1,289.1,12,4,1,0,1,6,0,0.6,2.4,6,2.3,389.4,482,55505,0,-9.5535,6502,7447,945,0.8731032630589499
enzyme,D02008,110635,Tadalafil,hsa:5151,O60658,1,20,19,1,389.4,389.1375561,74.9,702,0,1,4,1,29,0,2,2,0,0,0,0,1,289.1,12,4,1,0,1,6,0,0.6,2.4,6,2.3,389.4,829,93304,0,-8.7799,5147,7447,2300,0.6911507989794549
enzyme,D02008,110635,Tadalafil,hsa:5152,O76083,2,19,19,1,389.4,389.1375561,74.9,702,0,1,4,1,29,0,2,2,0,0,0,0,1,289.1,12,4,1,0,1,6,0,0.6,2.4,6,2.3,389.4,593,68493,46,-9.5206,6457,7447,990,0.8670605612998523
enzyme,D02008,110635,Tadalafil,hsa:8654,O76074,1,20,19,1,389.4,389.1375561,74.9,702,0,1,4,1,29,0,2,2,0,0,0,0,1,289.1,12,4,1,0,1,6,0,0.6,2.4,6,2.3,389.4,875,99985,2,-10.2014,7097,7447,350,0.9530012085403519
enzyme,D02017,656652,Oxtriphylline,hsa:10846,Q9Y233,1,20,19,1,283.33,283.1644396,91.6,415,0,1,4,2,20,0,0,0,0,0,0,0,2,,,,,,,,,,,0,,283.33,1055,114946,0,-7.9588,4657,7399,2742,0.629409379645898
enzyme,D02017,656652,Oxtriphylline,hsa:5138,O00408,2,20,19,1,283.33,283.1644396,91.6,415,0,1,4,2,20,0,0,0,0,0,0,0,2,,,,,,,,,,,0,,283.33,941,105717,2,-7.8922,4505,7399,2894,0.6088660629814839
enzyme,D02017,656652,Oxtriphylline,hsa:5140,Q13370,2,20,19,1,283.33,283.1644396,91.6,415,0,1,4,2,20,0,0,0,0,0,0,0,2,,,,,,,,,,,0,,283.33,1112,124333,5,-8.1653,5106,7399,2293,0.6900932558453845
enzyme,D02017,656652,Oxtriphylline,hsa:5141,P27815,1,20,19,1,283.33,283.1644396,91.6,415,0,1,4,2,20,0,0,0,0,0,0,0,2,,,,,,,,,,,0,,283.33,886,98143,7,-7.7947,4266,7399,3133,0.576564400594675
enzyme,D02017,656652,Oxtriphylline,hsa:5142,Q07343,2,20,19,1,283.33,283.1644396,91.6,415,0,1,4,2,20,0,0,0,0,0,0,0,2,,,,,,,,,,,0,,283.33,736,83343,2,-9.1678,6840,7399,559,0.924449249898635
enzyme,D02017,656652,Oxtriphylline,hsa:5143,Q08493,4,20,19,1,283.33,283.1644396,91.6,415,0,1,4,2,20,0,0,0,0,0,0,0,2,,,,,,,,,,,0,,283.33,712,79902,10,-7.6131,3826,7399,3573,0.5170969049871604
enzyme,D02017,656652,Oxtriphylline,hsa:5144,Q08499,2,20,19,1,283.33,283.1644396,91.6,415,0,1,4,2,20,0,0,0,0,0,0,0,2,,,,,,,,,,,0,,283.33,809,91115,12,-8.332,5507,7399,1892,0.7442897688876875
enzyme,D02017,656652,Oxtriphylline,hsa:5147,O43924,2,20,19,1,283.33,283.1644396,91.6,415,0,1,4,2,20,0,0,0,0,0,0,0,2,,,,,,,,,,,0,,283.33,150,17420,12,-8.2962,5419,7399,1980,0.7323962697661847
enzyme,D02017,656652,Oxtriphylline,hsa:5148,P18545,1,20,19,1,283.33,283.1644396,91.6,415,0,1,4,2,20,0,0,0,0,0,0,0,2,,,,,,,,,,,0,,283.33,87,9643,8,-4.3792,161,7399,7238,0.021759697256385997
enzyme,D02017,656652,Oxtriphylline,hsa:5150,Q13946,1,18,19,1,283.33,283.1644396,91.6,415,0,1,4,2,20,0,0,0,0,0,0,0,2,,,,,,,,,,,0,,283.33,482,55505,0,-8.2836,5386,7399,2013,0.727936207595621
enzyme,D02017,656652,Oxtriphylline,hsa:5151,O60658,1,20,19,1,283.33,283.1644396,91.6,415,0,1,4,2,20,0,0,0,0,0,0,0,2,,,,,,,,,,,0,,283.33,829,93304,0,-8.2255,5240,7399,2159,0.7082038113258549
enzyme,D02017,656652,Oxtriphylline,hsa:5152,O76083,2,19,19,1,283.33,283.1644396,91.6,415,0,1,4,2,20,0,0,0,0,0,0,0,2,,,,,,,,,,,0,,283.33,593,68493,46,-7.9363,4601,7399,2798,0.6218407892958507
enzyme,D02017,656652,Oxtriphylline,hsa:8654,O76074,1,20,19,1,283.33,283.1644396,91.6,415,0,1,4,2,20,0,0,0,0,0,0,0,2,,,,,,,,,,,0,,283.33,875,99985,2,-8.3723,5582,7399,1817,0.7544262738207866
enzyme,D02042,6918034,Olprinone Hydrochloride Hydrate,hsa:10846,Q9Y233,1,20,19,1,304.73,304.0727034,71.2,525,0,3,4,1,21,0,0,0,0,0,0,0,3,,,,,,,,,,,0,,304.73,1055,114946,0,-1.6925,3869,6770,2901,0.5714918759231905
enzyme,D02042,6918034,Olprinone Hydrochloride Hydrate,hsa:5138,O00408,2,20,19,1,304.73,304.0727034,71.2,525,0,3,4,1,21,0,0,0,0,0,0,0,3,,,,,,,,,,,0,,304.73,941,105717,2,-1.9253,6128,6770,642,0.9051698670605614
enzyme,D02042,6918034,Olprinone Hydrochloride Hydrate,hsa:5141,P27815,1,20,19,1,304.73,304.0727034,71.2,525,0,3,4,1,21,0,0,0,0,0,0,0,3,,,,,,,,,,,0,,304.73,886,98143,7,-1.8823,5863,6770,907,0.86602658788774
enzyme,D02042,6918034,Olprinone Hydrochloride Hydrate,hsa:5142,Q07343,2,20,19,1,304.73,304.0727034,71.2,525,0,3,4,1,21,0,0,0,0,0,0,0,3,,,,,,,,,,,0,,304.73,736,83343,2,-1.9186,6079,6770,691,0.8979320531757755
enzyme,D02042,6918034,Olprinone Hydrochloride Hydrate,hsa:5143,Q08493,4,20,19,1,304.73,304.0727034,71.2,525,0,3,4,1,21,0,0,0,0,0,0,0,3,,,,,,,,,,,0,,304.73,712,79902,10,-1.9748,6369,6770,401,0.940768094534712
enzyme,D02042,6918034,Olprinone Hydrochloride Hydrate,hsa:5144,Q08499,2,20,19,1,304.73,304.0727034,71.2,525,0,3,4,1,21,0,0,0,0,0,0,0,3,,,,,,,,,,,0,,304.73,809,91115,12,-1.837,5533,6770,1237,0.8172821270310192
enzyme,D02042,6918034,Olprinone Hydrochloride Hydrate,hsa:5147,O43924,2,20,19,1,304.73,304.0727034,71.2,525,0,3,4,1,21,0,0,0,0,0,0,0,3,,,,,,,,,,,0,,304.73,150,17420,12,-1.6054,2805,6770,3965,0.41432791728212703
enzyme,D02042,6918034,Olprinone Hydrochloride Hydrate,hsa:5148,P18545,1,20,19,1,304.73,304.0727034,71.2,525,0,3,4,1,21,0,0,0,0,0,0,0,3,,,,,,,,,,,0,,304.73,87,9643,8,-1.1863,486,6770,6284,0.07178729689807976
enzyme,D02042,6918034,Olprinone Hydrochloride Hydrate,hsa:5150,Q13946,1,18,19,1,304.73,304.0727034,71.2,525,0,3,4,1,21,0,0,0,0,0,0,0,3,,,,,,,,,,,0,,304.73,482,55505,0,-1.99,6431,6770,339,0.9499261447562777
enzyme,D02042,6918034,Olprinone Hydrochloride Hydrate,hsa:5151,O60658,1,20,19,1,304.73,304.0727034,71.2,525,0,3,4,1,21,0,0,0,0,0,0,0,3,,,,,,,,,,,0,,304.73,829,93304,0,-1.7948,5100,6770,1670,0.7533234859675036
enzyme,D02042,6918034,Olprinone Hydrochloride Hydrate,hsa:5152,O76083,2,19,19,1,304.73,304.0727034,71.2,525,0,3,4,1,21,0,0,0,0,0,0,0,3,,,,,,,,,,,0,,304.73,593,68493,46,-1.9287,6150,6770,620,0.9084194977843427
enzyme,D02042,6918034,Olprinone Hydrochloride Hydrate,hsa:8654,O76074,1,20,19,1,304.73,304.0727034,71.2,525,0,3,4,1,21,0,0,0,0,0,0,0,3,,,,,,,,,,,0,,304.73,875,99985,2,-1.6806,3702,6770,3068,0.546824224519941
enzyme,D02115,23678981,Methotrexate monosodium,hsa:1719,P00374,2,7,1,1,476.4,476.1532601,213,710,0,4,12,9,34,0,1,1,0,0,0,0,2,,,,,,,,,,,0,,476.4,187,21453,0,-9.9032,6237,6554,317,0.9516325907842539
enzyme,D02168,60699,Topotecan Hydrochloride,hsa:7150,P11387,2,6,4,1,457.9,457.1404486,103,867,0,3,7,3,32,0,1,1,0,0,0,0,2,,,,,,,,,,,0,,457.9,765,90726,4,-8.3657,5818,7372,1554,0.7892023874118286
enzyme,D02168,60699,Topotecan Hydrochloride,hsa:7156,Q13472,1,6,4,1,457.9,457.1404486,103,867,0,3,7,3,32,0,1,1,0,0,0,0,2,,,,,,,,,,,0,,457.9,1001,112372,2,-9.0842,6747,7372,625,0.9152197504069451
enzyme,D02168,60699,Topotecan Hydrochloride,hsa:8940,O95985,1,6,4,1,457.9,457.1404486,103,867,0,3,7,3,32,0,1,1,0,0,0,0,2,,,,,,,,,,,0,,457.9,862,96662,13,-8.4809,5987,7372,1385,0.8121269669017905
enzyme,D02173,121587,Galantamine Hydrobromide,hsa:43,P22303,1,23,1,1,368.3,367.07831,41.9,440,0,2,4,1,22,0,3,3,0,0,0,0,2,,,,,,,,,,,0,,368.3,614,67796,3,-7.3043,5147,7392,2245,0.69629329004329
enzyme,D02176,10917,(-)-Carnitine,hsa:1374,P50416,1,1,4,1,161.2,161.1051933,60.4,134,0,1,3,3,11,0,1,1,0,0,0,0,1,128.7,6,3,1,1,1,0,0,0.6,4,5,-0.2,161.2,773,88368,0,-3.4757,832,7473,6641,0.11133413622373879
enzyme,D02193,10547,Echothiophate Iodide,hsa:43,P22303,1,23,2,1,383.23,383.0181,60.8,208,0,0,5,8,16,0,0,0,0,0,0,0,2,,,,,,,,,,,0,,383.23,614,67796,3,-1.0664,5033,7327,2294,0.6869114235021154
enzyme,D02193,10547,Echothiophate Iodide,hsa:590,P06276,1,11,2,1,383.23,383.0181,60.8,208,0,0,5,8,16,0,0,0,0,0,0,0,2,,,,,,,,,,,0,,383.23,602,68418,11,-1.1846,6492,7327,835,0.8860379418588781
enzyme,D02214,65348,Epirubicin Hydrochloride,hsa:7153,P11388,1,15,2,1,580,579.1507385,206,977,0,7,12,5,40,0,6,6,0,0,0,0,2,,,,,,,,,,,0,,580,1531,174385,4,-9.6885,6462,6943,481,0.9307215900907388
enzyme,D02214,65348,Epirubicin Hydrochloride,hsa:7155,Q02880,1,15,2,1,580,579.1507385,206,977,0,7,12,5,40,0,6,6,0,0,0,0,2,,,,,,,,,,,0,,580,1626,183267,1,-8.4667,4974,6943,1969,0.7164050122425465
enzyme,D02229,135413523,Sildenafil Citrate,hsa:10846,Q9Y233,1,20,19,1,666.7,666.2319272,250,1070,0,5,15,12,46,0,0,0,0,0,0,0,2,,,,,,,,,,,0,,666.7,1055,114946,0,-9.8947,6199,7085,886,0.8749470712773465
enzyme,D02229,135413523,Sildenafil Citrate,hsa:5140,Q13370,2,20,19,1,666.7,666.2319272,250,1070,0,5,15,12,46,0,0,0,0,0,0,0,2,,,,,,,,,,,0,,666.7,1112,124333,5,-8.8086,4144,7085,2941,0.5848976711362033
enzyme,D02229,135413523,Sildenafil Citrate,hsa:5141,P27815,1,20,19,1,666.7,666.2319272,250,1070,0,5,15,12,46,0,0,0,0,0,0,0,2,,,,,,,,,,,0,,666.7,886,98143,7,-9.5695,5759,7085,1326,0.8128440366972477
enzyme,D02229,135413523,Sildenafil Citrate,hsa:5142,Q07343,2,20,19,1,666.7,666.2319272,250,1070,0,5,15,12,46,0,0,0,0,0,0,0,2,,,,,,,,,,,0,,666.7,736,83343,2,-8.7404,3982,7085,3103,0.5620324629498942
enzyme,D02229,135413523,Sildenafil Citrate,hsa:5143,Q08493,4,20,19,1,666.7,666.2319272,250,1070,0,5,15,12,46,0,0,0,0,0,0,0,2,,,,,,,,,,,0,,666.7,712,79902,10,-8.6891,3843,7085,3242,0.5424135497529993
enzyme,D02229,135413523,Sildenafil Citrate,hsa:5144,Q08499,2,20,19,1,666.7,666.2319272,250,1070,0,5,15,12,46,0,0,0,0,0,0,0,2,,,,,,,,,,,0,,666.7,809,91115,12,-8.4605,3189,7085,3896,0.450105857445307
enzyme,D02229,135413523,Sildenafil Citrate,hsa:5147,O43924,2,20,19,1,666.7,666.2319272,250,1070,0,5,15,12,46,0,0,0,0,0,0,0,2,,,,,,,,,,,0,,666.7,150,17420,12,-11.7976,7047,7085,38,0.994636556104446
enzyme,D02229,135413523,Sildenafil Citrate,hsa:5148,P18545,1,20,19,1,666.7,666.2319272,250,1070,0,5,15,12,46,0,0,0,0,0,0,0,2,,,,,,,,,,,0,,666.7,87,9643,8,-5.8407,234,7085,6851,0.03302752293577982
enzyme,D02229,135413523,Sildenafil Citrate,hsa:5150,Q13946,1,18,19,1,666.7,666.2319272,250,1070,0,5,15,12,46,0,0,0,0,0,0,0,2,,,,,,,,,,,0,,666.7,482,55505,0,-8.7114,3902,7085,3183,0.5507410021171489
enzyme,D02229,135413523,Sildenafil Citrate,hsa:5151,O60658,1,20,19,1,666.7,666.2319272,250,1070,0,5,15,12,46,0,0,0,0,0,0,0,2,,,,,,,,,,,0,,666.7,829,93304,0,-9.69,5945,7085,1140,0.8390966831333804
enzyme,D02229,135413523,Sildenafil Citrate,hsa:5152,O76083,2,19,19,1,666.7,666.2319272,250,1070,0,5,15,12,46,0,0,0,0,0,0,0,2,,,,,,,,,,,0,,666.7,593,68493,46,-9.5576,5731,7085,1354,0.8088920254057869
enzyme,D02229,135413523,Sildenafil Citrate,hsa:8654,O76074,1,20,19,1,666.7,666.2319272,250,1070,0,5,15,12,46,0,0,0,0,0,0,0,2,,,,,,,,,,,0,,666.7,875,99985,2,-8.9884,4601,7085,2484,0.6494001411432604
enzyme,D02289,247839,Medrysone,hsa:5321,P47712,1,7,1,1,344.5,344.2351449,54.4,650,0,1,3,1,25,0,8,8,0,0,0,0,1,272.8,8,3,1,0,0,4,0,0.6,2.8,2,2.7,344.5,749,85239,0,-8.8759,6739,7523,784,0.8957862554831849
enzyme,D02304,5962,L-Lysine,hsa:3735,Q15046,1,1,1,1,146.19,146.1055277,89.3,106,0,3,4,5,10,0,1,1,0,0,0,0,1,116.7,7,2,2,1,2,0,0,0.6,5,10,-3,146.19,597,68048,6,-5.1093,6698,7470,772,0.8966532797858099
enzyme,D02308,444972,Fumaric Acid,hsa:4200,P23368,1,2,1,1,116.07,116.0109586,74.6,119,0,2,4,2,8,0,0,0,0,1,1,0,1,84.1,6,4,0,2,0,0,0,0.4,2,5,-0.3,116.07,584,65444,0,-4.7658,6014,7536,1522,0.798036093418259
enzyme,D02315,445639,Oleic Acid,hsa:2638,P02774,1,1,1,1,282.5,282.2558803,37.3,234,0,1,2,15,20,0,0,0,0,1,1,0,1,252.5,4,2,0,1,0,0,1,1.4,15,10,6.5,282.5,474,52918,0,-4.9161,3753,7525,3772,0.4987375415282392
enzyme,D02321,2179,Amsacrine,hsa:7153,P11388,1,15,2,1,393.5,393.1147127,88.7,601,0,2,6,5,28,0,0,0,0,0,0,0,1,298.3,11,4,2,0,1,4,0,0.8,5,10,4,393.5,1531,174385,4,-9.1846,6684,7376,692,0.9061822125813449
enzyme,D02321,2179,Amsacrine,hsa:7155,Q02880,1,15,2,1,393.5,393.1147127,88.7,601,0,2,6,5,28,0,0,0,0,0,0,0,1,298.3,11,4,2,0,1,4,0,0.8,5,10,4,393.5,1626,183267,1,-8.3476,5566,7376,1810,0.7546095444685467
enzyme,D02323,53359,Tolrestat,hsa:10327,P14550,2,2,2,1,357.3,357.064649,81.9,486,0,1,7,4,24,0,0,0,0,0,0,0,1,258,7,4,0,1,0,2,0,0.8,6,10,3.7,357.3,325,36573,3,-6.7112,4029,7310,3281,0.5511627906976744
enzyme,D02323,53359,Tolrestat,hsa:231,P15121,1,12,2,1,357.3,357.064649,81.9,486,0,1,7,4,24,0,0,0,0,0,0,0,1,258,7,4,0,1,0,2,0,0.8,6,10,3.7,357.3,316,35853,1,-7.38,5714,7310,1596,0.7816689466484268
enzyme,D02328,1613,Zopolrestat,hsa:231,P15121,1,12,1,1,419.4,419.0551469,111,702,0,1,9,4,29,0,0,0,0,0,0,0,1,299.4,10,5,0,1,0,4,0,0.8,5,10,3.5,419.4,316,35853,1,-10.4007,7052,7208,156,0.9783573806881243
enzyme,D02335,4055,Menadione,hsa:10901,Q9BTZ2,1,1,8,1,172.18,172.0524295,34.1,288,0,0,2,0,13,0,0,0,0,0,0,0,1,137.9,4,2,0,0,0,2,0,0.4,0,1,2.2,172.18,278,29537,0,-8.0632,7377,7573,196,0.9741185791628153
enzyme,D02335,4055,Menadione,hsa:2147,P00734,1,8,8,1,172.18,172.0524295,34.1,288,0,0,2,0,13,0,0,0,0,0,0,0,1,137.9,4,2,0,0,0,2,0,0.4,0,1,2.2,172.18,622,70037,4,-7.0123,6114,7573,1459,0.8073418724415687
enzyme,D02335,4055,Menadione,hsa:2155,P08709,1,3,8,1,172.18,172.0524295,34.1,288,0,0,2,0,13,0,0,0,0,0,0,0,1,137.9,4,2,0,0,0,2,0,0.4,0,1,2.2,172.18,466,51594,1,-6.0242,3413,7573,4160,0.45068004753730356
enzyme,D02335,4055,Menadione,hsa:2158,P00740,1,3,8,1,172.18,172.0524295,34.1,288,0,0,2,0,13,0,0,0,0,0,0,0,1,137.9,4,2,0,0,0,2,0,0.4,0,1,2.2,172.18,461,51778,2,-4.3376,343,7573,7230,0.045292486465073285
enzyme,D02335,4055,Menadione,hsa:2159,P00742,2,5,8,1,172.18,172.0524295,34.1,288,0,0,2,0,13,0,0,0,0,0,0,0,1,137.9,4,2,0,0,0,2,0,0.4,0,1,2.2,172.18,488,54732,3,-7.2135,6494,7573,1079,0.8575201373299881
enzyme,D02335,4055,Menadione,hsa:5624,P04070,1,1,8,1,172.18,172.0524295,34.1,288,0,0,2,0,13,0,0,0,0,0,0,0,1,137.9,4,2,0,0,0,2,0,0.4,0,1,2.2,172.18,461,52071,2,-6.8433,5722,7573,1851,0.7555790307671992
enzyme,D02335,4055,Menadione,hsa:79001,Q9BQB6,2,2,8,1,172.18,172.0524295,34.1,288,0,0,2,0,13,0,0,0,0,0,0,0,1,137.9,4,2,0,0,0,2,0,0.4,0,1,2.2,172.18,163,18235,16,-8.0851,7389,7573,184,0.9757031559487653
enzyme,D02341,4037,Meclofenamic Acid,hsa:5742,P23219,1,61,2,1,296.1,295.016684,49.3,327,0,2,3,3,19,0,0,0,0,0,0,0,1,213.7,7,2,1,1,1,2,0,0.6,3,10,5.2,296.1,599,68686,4,-6.9438,4902,7400,2498,0.6624324324324324
enzyme,D02341,4037,Meclofenamic Acid,hsa:5743,P35354,1,61,2,1,296.1,295.016684,49.3,327,0,2,3,3,19,0,0,0,0,0,0,0,1,213.7,7,2,1,1,1,2,0,0.6,3,10,5.2,296.1,604,68996,1,-8.5982,7233,7400,167,0.9774324324324324
enzyme,D02342,2405,Bisoprolol,hsa:1565,P10635,3,30,1,1,325.4,325.2253085,60,278,0,2,5,12,23,0,1,0,1,0,0,0,1,268.1,10,4,2,0,1,1,2,1.2,12,10,1.9,325.4,497,55769,0,-6.7832,6750,7462,712,0.9045832216563924
enzyme,D02350,3342,Fenoprofen,hsa:5742,P23219,1,61,2,1,242.27,242.0942943,46.5,271,0,1,3,4,18,0,1,0,1,0,0,0,1,194,7,3,0,1,0,2,1,0.6,4,10,3.3,242.27,599,68686,4,-8.065,6789,7525,736,0.9021926910299003
enzyme,D02350,3342,Fenoprofen,hsa:5743,P35354,1,61,2,1,242.27,242.0942943,46.5,271,0,1,3,4,18,0,1,0,1,0,0,0,1,194,7,3,0,1,0,2,1,0.6,4,10,3.3,242.27,604,68996,1,-8.1118,6851,7525,674,0.9104318936877076
enzyme,D02355,5509,Tolmetin,hsa:5742,P23219,1,61,2,1,257.28,257.1051933,59.3,347,0,1,3,4,19,0,0,0,0,0,0,0,1,205.5,7,3,0,1,1,2,0,0.6,4,10,2.8,257.28,599,68686,4,-7.0087,4960,7466,2506,0.664345030806322
enzyme,D02355,5509,Tolmetin,hsa:5743,P35354,1,61,2,1,257.28,257.1051933,59.3,347,0,1,3,4,19,0,0,0,0,0,0,0,1,205.5,7,3,0,1,1,2,0,0.6,4,10,2.8,257.28,604,68996,1,-7.9136,6746,7466,720,0.9035628181087597
enzyme,D02356,2520,Verapamil,hsa:1558,P10632,1,22,4,1,454.6,454.2831577,64,606,0,0,6,13,33,0,1,0,1,0,0,0,1,372.3,10,5,0,0,1,2,2,1.2,13,10,3.8,454.6,490,55825,3,-8.9414,7413,7445,32,0.9957018132975151
enzyme,D02356,2520,Verapamil,hsa:1576,P08684,2,34,4,1,454.6,454.2831577,64,606,0,0,6,13,33,0,1,0,1,0,0,0,1,372.3,10,5,0,0,1,2,2,1.2,13,10,3.8,454.6,503,57343,2,-7.4208,6697,7445,748,0.8995298858294157
enzyme,D02356,2520,Verapamil,hsa:759,P00915,2,21,4,1,454.6,454.2831577,64,606,0,0,6,13,33,0,1,0,1,0,0,0,1,372.3,10,5,0,0,1,2,2,1.2,13,10,3.8,454.6,261,28870,1,-6.5738,5188,7445,2257,0.6968435191403627
enzyme,D02368,60750,Gemcitabine,hsa:1633,P27707,2,1,4,1,263.2,263.0717622,108,426,0,3,6,2,18,0,3,3,0,0,0,0,1,176.4,10,4,4,0,0,2,0,0.6,3,10,-1.5,263.2,260,30519,1,-6.2077,4346,7240,2894,0.6002762430939227
enzyme,D02368,60750,Gemcitabine,hsa:51727,P30085,1,1,4,1,263.2,263.0717622,108,426,0,3,6,2,18,0,3,3,0,0,0,0,1,176.4,10,4,4,0,0,2,0,0.6,3,10,-1.5,263.2,196,22222,4,-5.3903,1876,7240,5364,0.2591160220994475
enzyme,D02368,60750,Gemcitabine,hsa:6240,P23921,1,3,4,1,263.2,263.0717622,108,426,0,3,6,2,18,0,3,3,0,0,0,0,1,176.4,10,4,4,0,0,2,0,0.6,3,10,-1.5,263.2,792,90070,3,-7.1059,6513,7240,727,0.8995856353591161
enzyme,D02368,60750,Gemcitabine,hsa:7298,P04818,2,7,4,1,263.2,263.0717622,108,426,0,3,6,2,18,0,3,3,0,0,0,0,1,176.4,10,4,4,0,0,2,0,0.6,3,10,-1.5,263.2,313,35716,0,-6.4218,4992,7240,2248,0.6895027624309392
enzyme,D02375,1549008,Terbinafine,hsa:6713,Q14534,2,1,1,1,291.4,291.1986998,3.2,428,0,0,1,5,22,0,0,0,0,1,1,0,1,253.5,4,0,0,0,1,2,1,0.6,4,10,5.6,291.4,574,63923,3,-9.2305,7404,7572,168,0.9778129952456418
enzyme,D02418,657348,(-)-Physostigmine salicylate,hsa:43,P22303,1,23,1,1,413.5,413.195071,102,535,0,3,7,3,30,0,2,2,0,0,0,0,2,,,,,,,,,,,0,,413.5,614,67796,3,-10.2393,6779,7040,261,0.9629261363636363
enzyme,D02441,3295,Ethoxzolamide,hsa:759,P00915,2,21,1,1,258.3,258.0132845,119,341,0,1,6,3,16,0,0,0,0,0,0,0,1,181.8,7,4,1,0,0,2,0,0.6,3,8,2,258.3,261,28870,1,-6.8774,6727,7403,676,0.9086856679724437
enzyme,D02451,59694,"Benzonitrile, 4-(5,6,7,8-tetrahydroimidazo(1,5-a)pyridin-5-yl)-, hydrochloride (1:1)",hsa:1543,P04798,2,19,24,1,259.73,259.0876252,41.6,311,0,1,2,1,18,0,1,0,1,0,0,0,2,,,,,,,,,,,0,,259.73,512,58165,2,-7.3098,6009,7532,1523,0.7977960701009028
enzyme,D02451,59694,"Benzonitrile, 4-(5,6,7,8-tetrahydroimidazo(1,5-a)pyridin-5-yl)-, hydrochloride (1:1)",hsa:1544,P05177,1,24,24,1,259.73,259.0876252,41.6,311,0,1,2,1,18,0,1,0,1,0,0,0,2,,,,,,,,,,,0,,259.73,516,58407,1,-7.5064,6352,7532,1180,0.8433351035581519
enzyme,D02451,59694,"Benzonitrile, 4-(5,6,7,8-tetrahydroimidazo(1,5-a)pyridin-5-yl)-, hydrochloride (1:1)",hsa:1545,Q16678,2,18,24,1,259.73,259.0876252,41.6,311,0,1,2,1,18,0,1,0,1,0,0,0,2,,,,,,,,,,,0,,259.73,543,60846,1,-7.7039,6676,7532,856,0.8863515666489644
enzyme,D02451,59694,"Benzonitrile, 4-(5,6,7,8-tetrahydroimidazo(1,5-a)pyridin-5-yl)-, hydrochloride (1:1)",hsa:1548,P11509,1,18,24,1,259.73,259.0876252,41.6,311,0,1,2,1,18,0,1,0,1,0,0,0,2,,,,,,,,,,,0,,259.73,494,56517,1,-7.8732,6869,7532,663,0.911975570897504
enzyme,D02451,59694,"Benzonitrile, 4-(5,6,7,8-tetrahydroimidazo(1,5-a)pyridin-5-yl)-, hydrochloride (1:1)",hsa:1551,P24462,1,18,24,1,259.73,259.0876252,41.6,311,0,1,2,1,18,0,1,0,1,0,0,0,2,,,,,,,,,,,0,,259.73,503,57470,0,-7.244,5859,7532,1673,0.7778810408921933
enzyme,D02451,59694,"Benzonitrile, 4-(5,6,7,8-tetrahydroimidazo(1,5-a)pyridin-5-yl)-, hydrochloride (1:1)",hsa:1553,Q16696,1,19,24,1,259.73,259.0876252,41.6,311,0,1,2,1,18,0,1,0,1,0,0,0,2,,,,,,,,,,,0,,259.73,494,56688,0,-8.0865,7067,7532,465,0.9382634094530006
enzyme,D02451,59694,"Benzonitrile, 4-(5,6,7,8-tetrahydroimidazo(1,5-a)pyridin-5-yl)-, hydrochloride (1:1)",hsa:1555,P20813,1,18,24,1,259.73,259.0876252,41.6,311,0,1,2,1,18,0,1,0,1,0,0,0,2,,,,,,,,,,,0,,259.73,491,56278,0,-8.0966,7072,7532,460,0.9389272437599575
enzyme,D02451,59694,"Benzonitrile, 4-(5,6,7,8-tetrahydroimidazo(1,5-a)pyridin-5-yl)-, hydrochloride (1:1)",hsa:1557,P33261,1,27,24,1,259.73,259.0876252,41.6,311,0,1,2,1,18,0,1,0,1,0,0,0,2,,,,,,,,,,,0,,259.73,490,55945,0,-7.9402,6950,7532,582,0.9227296866702072
enzyme,D02451,59694,"Benzonitrile, 4-(5,6,7,8-tetrahydroimidazo(1,5-a)pyridin-5-yl)-, hydrochloride (1:1)",hsa:1558,P10632,1,22,24,1,259.73,259.0876252,41.6,311,0,1,2,1,18,0,1,0,1,0,0,0,2,,,,,,,,,,,0,,259.73,490,55825,3,-7.8269,6804,7532,728,0.9033457249070632
enzyme,D02451,59694,"Benzonitrile, 4-(5,6,7,8-tetrahydroimidazo(1,5-a)pyridin-5-yl)-, hydrochloride (1:1)",hsa:1559,P11712,1,25,24,1,259.73,259.0876252,41.6,311,0,1,2,1,18,0,1,0,1,0,0,0,2,,,,,,,,,,,0,,259.73,490,55628,0,-7.1336,5624,7532,1908,0.7466808284652151
enzyme,D02451,59694,"Benzonitrile, 4-(5,6,7,8-tetrahydroimidazo(1,5-a)pyridin-5-yl)-, hydrochloride (1:1)",hsa:1562,P33260,2,18,24,1,259.73,259.0876252,41.6,311,0,1,2,1,18,0,1,0,1,0,0,0,2,,,,,,,,,,,0,,259.73,490,55711,0,-4.0323,194,7532,7338,0.02575677110993096
enzyme,D02451,59694,"Benzonitrile, 4-(5,6,7,8-tetrahydroimidazo(1,5-a)pyridin-5-yl)-, hydrochloride (1:1)",hsa:1565,P10635,3,30,24,1,259.73,259.0876252,41.6,311,0,1,2,1,18,0,1,0,1,0,0,0,2,,,,,,,,,,,0,,259.73,497,55769,0,-7.4146,6210,7532,1322,0.8244822092405736
enzyme,D02451,59694,"Benzonitrile, 4-(5,6,7,8-tetrahydroimidazo(1,5-a)pyridin-5-yl)-, hydrochloride (1:1)",hsa:1571,P05181,1,23,24,1,259.73,259.0876252,41.6,311,0,1,2,1,18,0,1,0,1,0,0,0,2,,,,,,,,,,,0,,259.73,493,56849,0,-7.4953,6333,7532,1199,0.8408125331917153
enzyme,D02451,59694,"Benzonitrile, 4-(5,6,7,8-tetrahydroimidazo(1,5-a)pyridin-5-yl)-, hydrochloride (1:1)",hsa:1576,P08684,2,34,24,1,259.73,259.0876252,41.6,311,0,1,2,1,18,0,1,0,1,0,0,0,2,,,,,,,,,,,0,,259.73,503,57343,2,-7.1061,5556,7532,1976,0.7376526818906001
enzyme,D02451,59694,"Benzonitrile, 4-(5,6,7,8-tetrahydroimidazo(1,5-a)pyridin-5-yl)-, hydrochloride (1:1)",hsa:1577,P20815,1,18,24,1,259.73,259.0876252,41.6,311,0,1,2,1,18,0,1,0,1,0,0,0,2,,,,,,,,,,,0,,259.73,502,57109,1,-7.2986,5986,7532,1546,0.7947424322889007
enzyme,D02451,59694,"Benzonitrile, 4-(5,6,7,8-tetrahydroimidazo(1,5-a)pyridin-5-yl)-, hydrochloride (1:1)",hsa:1588,P11511,3,20,24,1,259.73,259.0876252,41.6,311,0,1,2,1,18,0,1,0,1,0,0,0,2,,,,,,,,,,,0,,259.73,503,57883,0,-7.5237,6379,7532,1153,0.8469198088157196
enzyme,D02487,9570076,Proguanil Hydrochloride,hsa:1719,P00374,2,7,1,1,290.19,289.086101,88.8,292,0,4,1,4,18,0,0,0,0,1,1,0,2,,,,,,,,,,,0,,290.19,187,21453,0,-7.5504,6372,6802,430,0.9367832990296971
enzyme,D02556,467825,Ravuconazole,hsa:1595,Q16850,1,12,1,1,437.5,437.1121877,116,657,0,1,8,6,31,0,2,2,0,0,0,0,1,328.8,11,3,1,0,2,4,1,0.8,6,10,3.5,437.5,509,57278,0,-8.4743,6388,7283,895,0.8771110805986544
enzyme,D02558,6918078,Rivastigmine Tartrate,hsa:43,P22303,1,23,1,1,400.4,400.1845659,148,402,0,4,9,8,28,0,3,3,0,0,0,0,2,,,,,,,,,,,0,,400.4,614,67796,3,-6.704,4845,7445,2600,0.6507723304231028
enzyme,D02559,34521,Toloxatone,hsa:4128,P21397,3,19,2,1,207.23,207.0895433,49.8,244,0,1,3,2,15,0,1,0,1,0,0,0,1,160.9,5,2,1,0,0,2,0,0.6,2.8,10,1.2,207.23,527,59682,1,-7.4115,7027,7469,442,0.9408220645334048
enzyme,D02559,34521,Toloxatone,hsa:4129,P27338,1,20,2,1,207.23,207.0895433,49.8,244,0,1,3,2,15,0,1,0,1,0,0,0,1,160.9,5,2,1,0,0,2,0,0.6,2.8,10,1.2,207.23,520,58763,20,-8.2287,7434,7469,35,0.9953139643861293
enzyme,D02560,44571,Brofaromine,hsa:4128,P21397,3,19,2,1,310.19,309.03644,34.4,283,0,1,3,2,18,0,0,0,0,0,0,0,1,206.8,8,2,1,0,1,3,1,0.6,3.2,10,3.1,310.19,527,59682,1,-8.7793,7430,7467,37,0.9950448640685684
enzyme,D02560,44571,Brofaromine,hsa:4129,P27338,1,20,2,1,310.19,309.03644,34.4,283,0,1,3,2,18,0,0,0,0,0,0,0,1,206.8,8,2,1,0,1,3,1,0.6,3.2,10,3.1,310.19,520,58763,20,-8.991,7448,7467,19,0.9974554707379135
enzyme,D02561,4235,Moclobemide,hsa:4128,P21397,3,19,2,1,268.74,268.0978555,41.6,262,0,1,3,4,18,0,0,0,0,0,0,0,1,203.7,6,2,1,0,1,2,0,0.8,6.2,10,1.5,268.74,527,59682,1,-8.9079,7398,7402,4,0.9994596055120237
enzyme,D02561,4235,Moclobemide,hsa:4129,P27338,1,20,2,1,268.74,268.0978555,41.6,262,0,1,3,4,18,0,0,0,0,0,0,0,1,203.7,6,2,1,0,1,2,0,0.8,6.2,10,1.5,268.74,520,58763,20,-8.9473,7401,7402,1,0.999864901378006
enzyme,D02562,3052775,Rasagiline Mesylate,hsa:4128,P21397,3,19,2,1,267.35,267.0929146,74.8,305,0,2,4,2,18,0,1,1,0,0,0,0,2,,,,,,,,,,,0,,267.35,527,59682,1,-9.038,7050,7400,350,0.9527027027027027
enzyme,D02562,3052775,Rasagiline Mesylate,hsa:4129,P27338,1,20,2,1,267.35,267.0929146,74.8,305,0,2,4,2,18,0,1,1,0,0,0,0,2,,,,,,,,,,,0,,267.35,520,58763,20,-8.9322,6975,7400,425,0.9425675675675675
enzyme,D02563,60824,Befloxatone,hsa:4128,P21397,3,19,2,1,349.3,349.1137072,68.2,412,0,1,8,7,24,0,2,2,0,0,0,0,1,251.5,7,4,1,0,0,2,0,1,8.8,10,2.2,349.3,527,59682,1,-9.1257,7383,7391,8,0.9989176024895142
enzyme,D02563,60824,Befloxatone,hsa:4129,P27338,1,20,2,1,349.3,349.1137072,68.2,412,0,1,8,7,24,0,2,2,0,0,0,0,1,251.5,7,4,1,0,0,2,0,1,8.8,10,2.2,349.3,520,58763,20,-9.3747,7388,7391,3,0.9995941009335678
enzyme,D02564,9373,Pargyline Hydrochloride,hsa:4128,P21397,3,19,2,1,195.69,195.0814771,3.2,159,0,1,1,3,13,0,0,0,0,0,0,0,2,,,,,,,,,,,0,,195.69,527,59682,1,-6.7362,7377,7568,191,0.974762156448203
enzyme,D02564,9373,Pargyline Hydrochloride,hsa:4129,P27338,1,20,2,1,195.69,195.0814771,3.2,159,0,1,1,3,13,0,0,0,0,0,0,0,2,,,,,,,,,,,0,,195.69,520,58763,20,-6.7502,7385,7568,183,0.9758192389006343
enzyme,D02566,4011,Maprotiline,hsa:50484,Q7LG56,1,2,1,1,277.4,277.1830497,12,339,0,1,1,4,21,0,0,0,0,0,0,0,1,225.9,5,0,1,0,1,3,0,0.6,4.4,8,4.6,277.4,351,40737,6,-7.205,4878,7572,2694,0.6442155309033281
enzyme,D02579,3748,Iproniazid,hsa:4128,P21397,3,19,2,1,179.22,179.105862,54,164,0,2,3,3,13,0,0,0,0,0,0,0,1,142.9,6,2,2,0,0,1,1,0.6,4,10,0.4,179.22,527,59682,1,-6.9909,7294,7408,114,0.9846112311015118
enzyme,D02579,3748,Iproniazid,hsa:4129,P27338,1,20,2,1,179.22,179.105862,54,164,0,2,3,3,13,0,0,0,0,0,0,0,1,142.9,6,2,2,0,0,1,1,0.6,4,10,0.4,179.22,520,58763,20,-7.1206,7348,7408,60,0.9919006479481641
enzyme,D02580,3759,Isocarboxazid,hsa:4128,P21397,3,19,2,1,231.25,231.1007767,67.2,254,0,2,4,4,17,0,0,0,0,0,0,0,1,182.2,6,2,2,0,0,2,0,0.6,5,10,1.5,231.25,527,59682,1,-9.2234,7373,7401,28,0.9962167274692609
enzyme,D02580,3759,Isocarboxazid,hsa:4129,P27338,1,20,2,1,231.25,231.1007767,67.2,254,0,2,4,4,17,0,0,0,0,0,0,0,1,182.2,6,2,2,0,0,2,0,0.6,5,10,1.5,231.25,520,58763,20,-9.2767,7379,7401,22,0.9970274287258478
enzyme,D02581,52542,Cimoxatone,hsa:4128,P21397,3,19,2,1,338.4,338.1266571,71.8,495,0,0,5,6,25,0,1,0,1,0,0,0,1,264.4,7,4,0,0,0,3,0,0.8,6.8,10,2.6,338.4,527,59682,1,-9.6791,7396,7462,66,0.9911551862771375
enzyme,D02581,52542,Cimoxatone,hsa:4129,P27338,1,20,2,1,338.4,338.1266571,71.8,495,0,0,5,6,25,0,1,0,1,0,0,0,1,264.4,7,4,0,0,0,3,0,0.8,6.8,10,2.6,338.4,520,58763,20,-10.5043,7457,7462,5,0.9993299383543286
enzyme,D02655,37274,Etazolate Hydrochloride,hsa:10846,Q9Y233,1,20,19,1,325.79,325.1305526,81.4,397,0,2,6,6,22,0,0,0,0,0,0,0,2,,,,,,,,,,,0,,325.79,1055,114946,0,-7.0941,4941,7023,2082,0.7035454933788979
enzyme,D02655,37274,Etazolate Hydrochloride,hsa:5140,Q13370,2,20,19,1,325.79,325.1305526,81.4,397,0,2,6,6,22,0,0,0,0,0,0,0,2,,,,,,,,,,,0,,325.79,1112,124333,5,-7.682,6019,7023,1004,0.857041150505482
enzyme,D02655,37274,Etazolate Hydrochloride,hsa:5141,P27815,1,20,19,1,325.79,325.1305526,81.4,397,0,2,6,6,22,0,0,0,0,0,0,0,2,,,,,,,,,,,0,,325.79,886,98143,7,-8.2581,6697,7023,326,0.9535810907019792
enzyme,D02655,37274,Etazolate Hydrochloride,hsa:5142,Q07343,2,20,19,1,325.79,325.1305526,81.4,397,0,2,6,6,22,0,0,0,0,0,0,0,2,,,,,,,,,,,0,,325.79,736,83343,2,-8.2326,6675,7023,348,0.9504485262708244
enzyme,D02655,37274,Etazolate Hydrochloride,hsa:5143,Q08493,4,20,19,1,325.79,325.1305526,81.4,397,0,2,6,6,22,0,0,0,0,0,0,0,2,,,,,,,,,,,0,,325.79,712,79902,10,-7.188,5145,7023,1878,0.7325929090132423
enzyme,D02655,37274,Etazolate Hydrochloride,hsa:5144,Q08499,2,20,19,1,325.79,325.1305526,81.4,397,0,2,6,6,22,0,0,0,0,0,0,0,2,,,,,,,,,,,0,,325.79,809,91115,12,-8.0011,6468,7023,555,0.9209739427595045
enzyme,D02655,37274,Etazolate Hydrochloride,hsa:5147,O43924,2,20,19,1,325.79,325.1305526,81.4,397,0,2,6,6,22,0,0,0,0,0,0,0,2,,,,,,,,,,,0,,325.79,150,17420,12,-7.1788,5118,7023,1905,0.7287483981204613
enzyme,D02655,37274,Etazolate Hydrochloride,hsa:5148,P18545,1,20,19,1,325.79,325.1305526,81.4,397,0,2,6,6,22,0,0,0,0,0,0,0,2,,,,,,,,,,,0,,325.79,87,9643,8,-4.472,295,7023,6728,0.042004841235939054
enzyme,D02655,37274,Etazolate Hydrochloride,hsa:5150,Q13946,1,18,19,1,325.79,325.1305526,81.4,397,0,2,6,6,22,0,0,0,0,0,0,0,2,,,,,,,,,,,0,,325.79,482,55505,0,-7.7048,6058,7023,965,0.8625943329061655
enzyme,D02655,37274,Etazolate Hydrochloride,hsa:5152,O76083,2,19,19,1,325.79,325.1305526,81.4,397,0,2,6,6,22,0,0,0,0,0,0,0,2,,,,,,,,,,,0,,325.79,593,68493,46,-7.4206,5600,7023,1423,0.797380037021216
enzyme,D02655,37274,Etazolate Hydrochloride,hsa:8654,O76074,1,20,19,1,325.79,325.1305526,81.4,397,0,2,6,6,22,0,0,0,0,0,0,0,2,,,,,,,,,,,0,,325.79,875,99985,2,-7.928,6394,7023,629,0.9104371351274384
enzyme,D02671,4078,Mesoridazine,hsa:1565,P10635,3,30,1,1,386.6,386.1486558,68.1,502,0,0,5,4,26,0,2,0,2,0,0,0,1,301.5,7,1,0,0,2,4,0,0.8,5.6,10,4.5,386.6,497,55769,0,-8.2217,6614,7457,843,0.8869518573152743
enzyme,D02709,119607,Valdecoxib,hsa:5742,P23219,1,61,2,1,314.4,314.0725135,94.6,462,0,1,5,3,22,0,0,0,0,0,0,0,1,236.8,7,3,1,0,0,3,0,0.6,3,8,2.6,314.4,599,68686,4,-7.885,5935,7394,1459,0.8026778469028942
enzyme,D02709,119607,Valdecoxib,hsa:5743,P35354,1,61,2,1,314.4,314.0725135,94.6,462,0,1,5,3,22,0,0,0,0,0,0,0,1,236.8,7,3,1,0,0,3,0,0.6,3,8,2.6,314.4,604,68996,1,-8.2573,6458,7394,936,0.8734108736813633
enzyme,D02729,129791,Itopride Hydrochloride,hsa:43,P22303,1,23,2,1,394.9,394.165935,60,411,0,2,5,9,27,0,0,0,0,0,0,0,2,,,,,,,,,,,0,,394.9,614,67796,3,-8.1198,7182,7451,269,0.9638974634277279
enzyme,D02729,129791,Itopride Hydrochloride,hsa:590,P06276,1,11,2,1,394.9,394.165935,60,411,0,2,5,9,27,0,0,0,0,0,0,0,2,,,,,,,,,,,0,,394.9,602,68418,11,-7.5603,6633,7451,818,0.8902160783787411
enzyme,D02769,6083,Adenosine Monophosphate,hsa:132,P55263,1,2,11,1,347.22,347.0630848,186,481,0,5,11,4,23,0,4,4,0,0,0,0,1,232.7,17,6,3,1,4,3,0,0.8,5,10,-3.5,347.22,362,40545,0,-8.1427,6787,7295,508,0.9303632625085675
enzyme,D02769,6083,Adenosine Monophosphate,hsa:353,P07741,1,1,11,1,347.22,347.0630848,186,481,0,5,11,4,23,0,4,4,0,0,0,0,1,232.7,17,6,3,1,4,3,0,0.8,5,10,-3.5,347.22,180,19608,2,-7.1308,5147,7295,2148,0.7055517477724469
enzyme,D02769,6083,Adenosine Monophosphate,hsa:5562,Q13131,1,1,11,1,347.22,347.0630848,186,481,0,5,11,4,23,0,4,4,0,0,0,0,1,232.7,17,6,3,1,4,3,0,0.8,5,10,-3.5,347.22,559,64009,34,-6.9437,4707,7295,2588,0.6452364633310487
enzyme,D02769,6083,Adenosine Monophosphate,hsa:5834,P11216,1,1,11,1,347.22,347.0630848,186,481,0,5,11,4,23,0,4,4,0,0,0,0,1,232.7,17,6,3,1,4,3,0,0.8,5,10,-3.5,347.22,843,96696,6,-8.0864,6733,7295,562,0.9229609321453051
enzyme,D02769,6083,Adenosine Monophosphate,hsa:5836,P06737,1,1,11,1,347.22,347.0630848,186,481,0,5,11,4,23,0,4,4,0,0,0,0,1,232.7,17,6,3,1,4,3,0,0.8,5,10,-3.5,347.22,847,97149,2,-8.7988,7168,7295,127,0.9825908156271419
enzyme,D02769,6083,Adenosine Monophosphate,hsa:5837,P11217,1,1,11,1,347.22,347.0630848,186,481,0,5,11,4,23,0,4,4,0,0,0,0,1,232.7,17,6,3,1,4,3,0,0.8,5,10,-3.5,347.22,842,97092,5,-8.6413,7128,7295,167,0.9771076079506511
enzyme,D02769,6083,Adenosine Monophosphate,hsa:84532,Q9NUB1,1,1,11,1,347.22,347.0630848,186,481,0,5,11,4,23,0,4,4,0,0,0,0,1,232.7,17,6,3,1,4,3,0,0.8,5,10,-3.5,347.22,689,74857,2,-3.72,99,7295,7196,0.0135709389993146
enzyme,D02835,23683779,Alrestatin Sodium,hsa:231,P15121,1,12,1,1,277.21,277.035102,77.5,409,0,0,4,2,20,0,0,0,0,0,0,0,2,,,,,,,,,,,0,,277.21,316,35853,1,-1.3513,5989,7614,1625,0.7865773574993433
enzyme,D03012,166558,Avasimibe,hsa:6646,P35610,1,4,2,1,501.7,501.29128,80.9,734,0,1,4,10,35,0,0,0,0,0,0,0,1,407.8,11,3,1,0,0,2,5,1.2,11,10,8.2,501.7,550,64735,5,-8.9529,7195,7439,244,0.9671998924586638
enzyme,D03012,166558,Avasimibe,hsa:8435,O75908,1,4,2,1,501.7,501.29128,80.9,734,0,1,4,10,35,0,0,0,0,0,0,0,1,407.8,11,3,1,0,0,2,5,1.2,11,10,8.2,501.7,522,59896,1,-10.5743,7434,7439,5,0.9993278666487431
enzyme,D03034,2266,Azelaic Acid,hsa:6716,P31213,1,1,2,1,188.22,188.104859,74.6,147,0,2,4,8,13,0,0,0,0,0,0,0,1,151.7,6,4,0,2,0,0,0,0.8,8,10,1.6,188.22,254,28407,3,-5.524,6115,7535,1420,0.8115461181154612
enzyme,D03034,2266,Azelaic Acid,hsa:7299,P14679,2,1,2,1,188.22,188.104859,74.6,147,0,2,4,8,13,0,0,0,0,0,0,0,1,151.7,6,4,0,2,0,0,0,0.8,8,10,1.6,188.22,529,60393,5,-2.639,81,7535,7454,0.010749834107498342
enzyme,D03077,5463984,Benazeprilat,hsa:1636,P12821,2,31,1,1,396.4,396.1685219,107,590,0,3,6,8,29,0,2,2,0,0,0,0,1,305.2,12,5,1,2,1,3,0,1,8.8,10,0.6,396.4,1306,149715,1,-7.5491,4948,7374,2426,0.6710062381339843
enzyme,D03208,5493444,Aliskiren,hsa:5972,P00797,1,5,1,1,551.8,551.3934364,146,717,0,4,7,19,39,0,4,4,0,0,0,0,1,,,,,,,,,,,0,3.5,551.8,406,45057,1,-7.4931,6285,7322,1037,0.8583720295001366
enzyme,D03217,6450551,Axitinib,hsa:10846,Q9Y233,1,20,19,1,386.5,386.1201324,96,557,0,2,4,5,28,0,0,0,0,1,1,0,1,303.6,9,3,2,0,0,4,0,0.8,6,10,4.2,386.5,1055,114946,0,-9.2417,6458,7377,919,0.875423613935204
enzyme,D03217,6450551,Axitinib,hsa:5138,O00408,2,20,19,1,386.5,386.1201324,96,557,0,2,4,5,28,0,0,0,0,1,1,0,1,303.6,9,3,2,0,0,4,0,0.8,6,10,4.2,386.5,941,105717,2,-8.1037,4409,7377,2968,0.5976684289006371
enzyme,D03217,6450551,Axitinib,hsa:5140,Q13370,2,20,19,1,386.5,386.1201324,96,557,0,2,4,5,28,0,0,0,0,1,1,0,1,303.6,9,3,2,0,0,4,0,0.8,6,10,4.2,386.5,1112,124333,5,-9.4736,6711,7377,666,0.9097193981293209
enzyme,D03217,6450551,Axitinib,hsa:5141,P27815,1,20,19,1,386.5,386.1201324,96,557,0,2,4,5,28,0,0,0,0,1,1,0,1,303.6,9,3,2,0,0,4,0,0.8,6,10,4.2,386.5,886,98143,7,-9.5431,6776,7377,601,0.9185305679815643
enzyme,D03217,6450551,Axitinib,hsa:5142,Q07343,2,20,19,1,386.5,386.1201324,96,557,0,2,4,5,28,0,0,0,0,1,1,0,1,303.6,9,3,2,0,0,4,0,0.8,6,10,4.2,386.5,736,83343,2,-10.827,7323,7377,54,0.9926799511996747
enzyme,D03217,6450551,Axitinib,hsa:5143,Q08493,4,20,19,1,386.5,386.1201324,96,557,0,2,4,5,28,0,0,0,0,1,1,0,1,303.6,9,3,2,0,0,4,0,0.8,6,10,4.2,386.5,712,79902,10,-8.8597,5913,7377,1464,0.8015453436356242
enzyme,D03217,6450551,Axitinib,hsa:5144,Q08499,2,20,19,1,386.5,386.1201324,96,557,0,2,4,5,28,0,0,0,0,1,1,0,1,303.6,9,3,2,0,0,4,0,0.8,6,10,4.2,386.5,809,91115,12,-10.4819,7269,7377,108,0.9853599023993493
enzyme,D03217,6450551,Axitinib,hsa:5147,O43924,2,20,19,1,386.5,386.1201324,96,557,0,2,4,5,28,0,0,0,0,1,1,0,1,303.6,9,3,2,0,0,4,0,0.8,6,10,4.2,386.5,150,17420,12,-9.3178,6577,7377,800,0.8915548325877728
enzyme,D03217,6450551,Axitinib,hsa:5148,P18545,1,20,19,1,386.5,386.1201324,96,557,0,2,4,5,28,0,0,0,0,1,1,0,1,303.6,9,3,2,0,0,4,0,0.8,6,10,4.2,386.5,87,9643,8,-5.5625,298,7377,7079,0.04039582486105463
enzyme,D03217,6450551,Axitinib,hsa:5150,Q13946,1,18,19,1,386.5,386.1201324,96,557,0,2,4,5,28,0,0,0,0,1,1,0,1,303.6,9,3,2,0,0,4,0,0.8,6,10,4.2,386.5,482,55505,0,-8.6856,5631,7377,1746,0.7633184221228142
enzyme,D03217,6450551,Axitinib,hsa:5151,O60658,1,20,19,1,386.5,386.1201324,96,557,0,2,4,5,28,0,0,0,0,1,1,0,1,303.6,9,3,2,0,0,4,0,0.8,6,10,4.2,386.5,829,93304,0,-9.7491,6911,7377,466,0.9368306899823776
enzyme,D03217,6450551,Axitinib,hsa:5152,O76083,2,19,19,1,386.5,386.1201324,96,557,0,2,4,5,28,0,0,0,0,1,1,0,1,303.6,9,3,2,0,0,4,0,0.8,6,10,4.2,386.5,593,68493,46,-9.401,6649,7377,728,0.9013148976548733
enzyme,D03217,6450551,Axitinib,hsa:8654,O76074,1,20,19,1,386.5,386.1201324,96,557,0,2,4,5,28,0,0,0,0,1,1,0,1,303.6,9,3,2,0,0,4,0,0.8,6,10,4.2,386.5,875,99985,2,-9.1006,6273,7377,1104,0.8503456689711265
enzyme,D03218,5328940,Bosutinib,hsa:10461,Q12866,1,8,53,1,530.4,529.1647452,82.9,734,0,1,8,9,36,0,0,0,0,0,0,0,1,396.2,13,5,1,0,3,4,0,1.2,10.2,10,5.4,530.4,999,110249,0,-7.7378,5359,7262,1903,0.7379509776920958
enzyme,D03218,5328940,Bosutinib,hsa:1436,P07333,1,8,53,1,530.4,529.1647452,82.9,734,0,1,8,9,36,0,0,0,0,0,0,0,1,396.2,13,5,1,0,3,4,0,1.2,10.2,10,5.4,530.4,972,107984,4,-8.6509,6625,7262,637,0.9122831175984577
enzyme,D03218,5328940,Bosutinib,hsa:1956,P00533,4,8,53,1,530.4,529.1647452,82.9,734,0,1,8,9,36,0,0,0,0,0,0,0,1,396.2,13,5,1,0,3,4,0,1.2,10.2,10,5.4,530.4,1210,134277,191,-6.0049,1255,7262,6007,0.17281740567336823
enzyme,D03218,5328940,Bosutinib,hsa:2041,P21709,1,8,53,1,530.4,529.1647452,82.9,734,0,1,8,9,36,0,0,0,0,0,0,0,1,396.2,13,5,1,0,3,4,0,1.2,10.2,10,5.4,530.4,976,108127,0,-5.6838,806,7262,6456,0.11098870834480859
enzyme,D03218,5328940,Bosutinib,hsa:2042,P29320,3,8,53,1,530.4,529.1647452,82.9,734,0,1,8,9,36,0,0,0,0,0,0,0,1,396.2,13,5,1,0,3,4,0,1.2,10.2,10,5.4,530.4,983,110131,2,-8.3721,6326,7262,936,0.871109887083448
enzyme,D03218,5328940,Bosutinib,hsa:2043,P54764,1,8,53,1,530.4,529.1647452,82.9,734,0,1,8,9,36,0,0,0,0,0,0,0,1,396.2,13,5,1,0,3,4,0,1.2,10.2,10,5.4,530.4,986,109860,8,-6.9709,3608,7262,3654,0.49683282842192233
enzyme,D03218,5328940,Bosutinib,hsa:2044,P54756,5,8,53,1,530.4,529.1647452,82.9,734,0,1,8,9,36,0,0,0,0,0,0,0,1,396.2,13,5,1,0,3,4,0,1.2,10.2,10,5.4,530.4,1037,114803,2,-7.705,5290,7262,1972,0.7284494629578628
enzyme,D03218,5328940,Bosutinib,hsa:2045,Q15375,1,8,53,1,530.4,529.1647452,82.9,734,0,1,8,9,36,0,0,0,0,0,0,0,1,396.2,13,5,1,0,3,4,0,1.2,10.2,10,5.4,530.4,998,112097,8,-8.1389,6044,7262,1218,0.8322776094739741
enzyme,D03218,5328940,Bosutinib,hsa:2046,P29322,1,8,53,1,530.4,529.1647452,82.9,734,0,1,8,9,36,0,0,0,0,0,0,0,1,396.2,13,5,1,0,3,4,0,1.2,10.2,10,5.4,530.4,1005,111003,0,-6.8928,3394,7262,3868,0.467364362434591
enzyme,D03218,5328940,Bosutinib,hsa:2047,P54762,1,8,53,1,530.4,529.1647452,82.9,734,0,1,8,9,36,0,0,0,0,0,0,0,1,396.2,13,5,1,0,3,4,0,1.2,10.2,10,5.4,530.4,984,109885,3,-8.2424,6177,7262,1085,0.8505921233819884
enzyme,D03218,5328940,Bosutinib,hsa:2048,P29323,4,8,53,1,530.4,529.1647452,82.9,734,0,1,8,9,36,0,0,0,0,0,0,0,1,396.2,13,5,1,0,3,4,0,1.2,10.2,10,5.4,530.4,1055,117493,10,-8.2519,6187,7262,1075,0.8519691545028918
enzyme,D03218,5328940,Bosutinib,hsa:2049,P54753,1,8,53,1,530.4,529.1647452,82.9,734,0,1,8,9,36,0,0,0,0,0,0,0,1,396.2,13,5,1,0,3,4,0,1.2,10.2,10,5.4,530.4,998,110330,2,-9.2896,7065,7262,197,0.9728724869182044
enzyme,D03218,5328940,Bosutinib,hsa:2050,P54760,3,8,53,1,530.4,529.1647452,82.9,734,0,1,8,9,36,0,0,0,0,0,0,0,1,396.2,13,5,1,0,3,4,0,1.2,10.2,10,5.4,530.4,987,108270,5,-7.956,5749,7262,1513,0.7916551914073258
enzyme,D03218,5328940,Bosutinib,hsa:2064,P04626,2,8,53,1,530.4,529.1647452,82.9,734,0,1,8,9,36,0,0,0,0,0,0,0,1,396.2,13,5,1,0,3,4,0,1.2,10.2,10,5.4,530.4,1255,137910,85,-7.8503,5570,7262,1692,0.7670063343431561
enzyme,D03218,5328940,Bosutinib,hsa:2065,P21860,1,8,53,1,530.4,529.1647452,82.9,734,0,1,8,9,36,0,0,0,0,0,0,0,1,396.2,13,5,1,0,3,4,0,1.2,10.2,10,5.4,530.4,1342,148098,32,-7.5126,4907,7262,2355,0.6757091710272652
enzyme,D03218,5328940,Bosutinib,hsa:2066,Q15303,1,8,53,1,530.4,529.1647452,82.9,734,0,1,8,9,36,0,0,0,0,0,0,0,1,396.2,13,5,1,0,3,4,0,1.2,10.2,10,5.4,530.4,1308,146808,17,-7.1737,4107,7262,3155,0.5655466813549986
enzyme,D03218,5328940,Bosutinib,hsa:2260,P11362,1,8,53,1,530.4,529.1647452,82.9,734,0,1,8,9,36,0,0,0,0,0,0,0,1,396.2,13,5,1,0,3,4,0,1.2,10.2,10,5.4,530.4,822,91868,24,-8.1963,6130,7262,1132,0.8441200771137428
enzyme,D03218,5328940,Bosutinib,hsa:2261,P22607,2,8,53,1,530.4,529.1647452,82.9,734,0,1,8,9,36,0,0,0,0,0,0,0,1,396.2,13,5,1,0,3,4,0,1.2,10.2,10,5.4,530.4,806,87710,308,-7.8035,5488,7262,1774,0.7557146791517488
enzyme,D03218,5328940,Bosutinib,hsa:2263,P21802,1,8,53,1,530.4,529.1647452,82.9,734,0,1,8,9,36,0,0,0,0,0,0,0,1,396.2,13,5,1,0,3,4,0,1.2,10.2,10,5.4,530.4,821,92025,14,-8.7083,6672,7262,590,0.9187551638667034
enzyme,D03218,5328940,Bosutinib,hsa:2264,P22455,1,8,53,1,530.4,529.1647452,82.9,734,0,1,8,9,36,0,0,0,0,0,0,0,1,396.2,13,5,1,0,3,4,0,1.2,10.2,10,5.4,530.4,802,87954,3,-8.1763,6105,7262,1157,0.8406774993114844
enzyme,D03218,5328940,Bosutinib,hsa:2322,P36888,1,8,53,1,530.4,529.1647452,82.9,734,0,1,8,9,36,0,0,0,0,0,0,0,1,396.2,13,5,1,0,3,4,0,1.2,10.2,10,5.4,530.4,993,112903,12,-6.9603,3578,7262,3684,0.49270173505921233
enzyme,D03218,5328940,Bosutinib,hsa:2324,P35916,1,8,53,1,530.4,529.1647452,82.9,734,0,1,8,9,36,0,0,0,0,0,0,0,1,396.2,13,5,1,0,3,4,0,1.2,10.2,10,5.4,530.4,1363,152757,3,-6.7207,2924,7262,4338,0.4026438997521344
enzyme,D03218,5328940,Bosutinib,hsa:238,Q9UM73,2,8,53,1,530.4,529.1647452,82.9,734,0,1,8,9,36,0,0,0,0,0,0,0,1,396.2,13,5,1,0,3,4,0,1.2,10.2,10,5.4,530.4,1620,176442,6,-6.7613,3021,7262,4241,0.41600110162489673
enzyme,D03218,5328940,Bosutinib,hsa:3791,P35968,1,8,53,1,530.4,529.1647452,82.9,734,0,1,8,9,36,0,0,0,0,0,0,0,1,396.2,13,5,1,0,3,4,0,1.2,10.2,10,5.4,530.4,1356,151527,20,-7.7143,5306,7262,1956,0.7306527127513082
enzyme,D03218,5328940,Bosutinib,hsa:3815,P10721,1,8,53,1,530.4,529.1647452,82.9,734,0,1,8,9,36,0,0,0,0,0,0,0,1,396.2,13,5,1,0,3,4,0,1.2,10.2,10,5.4,530.4,976,109865,50,-8.5879,6559,7262,703,0.9031947122004957
enzyme,D03218,5328940,Bosutinib,hsa:4058,P29376,1,8,53,1,530.4,529.1647452,82.9,734,0,1,8,9,36,0,0,0,0,0,0,0,1,396.2,13,5,1,0,3,4,0,1.2,10.2,10,5.4,530.4,864,91681,3,-6.8003,3136,7262,4126,0.43183695951528506
enzyme,D03218,5328940,Bosutinib,hsa:4233,P08581,1,8,53,1,530.4,529.1647452,82.9,734,0,1,8,9,36,0,0,0,0,0,0,0,1,396.2,13,5,1,0,3,4,0,1.2,10.2,10,5.4,530.4,1390,155541,60,-7.7492,5387,7262,1875,0.7418066648306252
enzyme,D03218,5328940,Bosutinib,hsa:4486,Q04912,1,8,53,1,530.4,529.1647452,82.9,734,0,1,8,9,36,0,0,0,0,0,0,0,1,396.2,13,5,1,0,3,4,0,1.2,10.2,10,5.4,530.4,1400,152241,4,-7.1142,3945,7262,3317,0.5432387771963646
enzyme,D03218,5328940,Bosutinib,hsa:4914,P04629,1,8,53,1,530.4,529.1647452,82.9,734,0,1,8,9,36,0,0,0,0,0,0,0,1,396.2,13,5,1,0,3,4,0,1.2,10.2,10,5.4,530.4,796,87497,14,-6.4252,2138,7262,5124,0.29440925364913245
enzyme,D03218,5328940,Bosutinib,hsa:4915,Q16620,3,8,53,1,530.4,529.1647452,82.9,734,0,1,8,9,36,0,0,0,0,0,0,0,1,396.2,13,5,1,0,3,4,0,1.2,10.2,10,5.4,530.4,822,91999,2,-8.7764,6749,7262,513,0.929358303497659
enzyme,D03218,5328940,Bosutinib,hsa:4916,Q16288,2,8,53,1,530.4,529.1647452,82.9,734,0,1,8,9,36,0,0,0,0,0,0,0,1,396.2,13,5,1,0,3,4,0,1.2,10.2,10,5.4,530.4,839,94428,12,-8.7038,6669,7262,593,0.9183420545304324
enzyme,D03218,5328940,Bosutinib,hsa:4919,Q01973,1,8,53,1,530.4,529.1647452,82.9,734,0,1,8,9,36,0,0,0,0,0,0,0,1,396.2,13,5,1,0,3,4,0,1.2,10.2,10,5.4,530.4,937,104283,3,-8.3076,6251,7262,1011,0.8607821536766731
enzyme,D03218,5328940,Bosutinib,hsa:4920,Q01974,1,8,53,1,530.4,529.1647452,82.9,734,0,1,8,9,36,0,0,0,0,0,0,0,1,396.2,13,5,1,0,3,4,0,1.2,10.2,10,5.4,530.4,943,104757,29,-6.6069,2613,7262,4649,0.35981823189204076
enzyme,D03218,5328940,Bosutinib,hsa:4921,Q16832,1,8,53,1,530.4,529.1647452,82.9,734,0,1,8,9,36,0,0,0,0,0,0,0,1,396.2,13,5,1,0,3,4,0,1.2,10.2,10,5.4,530.4,855,96736,5,-9.6511,7171,7262,91,0.9874690167997797
enzyme,D03218,5328940,Bosutinib,hsa:5156,P16234,1,8,53,1,530.4,529.1647452,82.9,734,0,1,8,9,36,0,0,0,0,0,0,0,1,396.2,13,5,1,0,3,4,0,1.2,10.2,10,5.4,530.4,1089,122670,13,-8.5125,6492,7262,770,0.8939686036904434
enzyme,D03218,5328940,Bosutinib,hsa:5159,P09619,2,8,53,1,530.4,529.1647452,82.9,734,0,1,8,9,36,0,0,0,0,0,0,0,1,396.2,13,5,1,0,3,4,0,1.2,10.2,10,5.4,530.4,1106,123968,32,-6.9116,3449,7262,3813,0.47493803359955933
enzyme,D03218,5328940,Bosutinib,hsa:558,P30530,1,8,53,1,530.4,529.1647452,82.9,734,0,1,8,9,36,0,0,0,0,0,0,0,1,396.2,13,5,1,0,3,4,0,1.2,10.2,10,5.4,530.4,894,98337,7,-7.552,4990,7262,2272,0.6871385293307629
enzyme,D03218,5328940,Bosutinib,hsa:5754,Q13308,1,8,53,1,530.4,529.1647452,82.9,734,0,1,8,9,36,0,0,0,0,0,0,0,1,396.2,13,5,1,0,3,4,0,1.2,10.2,10,5.4,530.4,1070,118392,6,-8.6424,6616,7262,646,0.9110437895896447
enzyme,D03218,5328940,Bosutinib,hsa:6098,P08922,1,8,53,1,530.4,529.1647452,82.9,734,0,1,8,9,36,0,0,0,0,0,0,0,1,396.2,13,5,1,0,3,4,0,1.2,10.2,10,5.4,530.4,2347,263915,2,-7.8117,5504,7262,1758,0.7579179289451942
enzyme,D03218,5328940,Bosutinib,hsa:6259,P34925,3,8,53,1,530.4,529.1647452,82.9,734,0,1,8,9,36,0,0,0,0,0,0,0,1,396.2,13,5,1,0,3,4,0,1.2,10.2,10,5.4,530.4,607,67815,0,-7.071,3837,7262,3425,0.5283668410906086
enzyme,D03218,5328940,Bosutinib,hsa:7010,Q02763,2,8,53,1,530.4,529.1647452,82.9,734,0,1,8,9,36,0,0,0,0,0,0,0,1,396.2,13,5,1,0,3,4,0,1.2,10.2,10,5.4,530.4,1124,125830,10,-7.1666,4084,7262,3178,0.562379509776921
enzyme,D03218,5328940,Bosutinib,hsa:7075,P35590,1,8,53,1,530.4,529.1647452,82.9,734,0,1,8,9,36,0,0,0,0,0,0,0,1,396.2,13,5,1,0,3,4,0,1.2,10.2,10,5.4,530.4,1138,125090,6,-6.164,1536,7262,5726,0.21151198017075185
enzyme,D03218,5328940,Bosutinib,hsa:7301,Q06418,1,8,53,1,530.4,529.1647452,82.9,734,0,1,8,9,36,0,0,0,0,0,0,0,1,396.2,13,5,1,0,3,4,0,1.2,10.2,10,5.4,530.4,890,96905,12,-6.0263,1285,7262,5977,0.1769484990360782
enzyme,D03218,5328940,Bosutinib,hsa:780,Q08345,1,8,53,1,530.4,529.1647452,82.9,734,0,1,8,9,36,0,0,0,0,0,0,0,1,396.2,13,5,1,0,3,4,0,1.2,10.2,10,5.4,530.4,913,101128,4,-6.7151,2910,7262,4352,0.4007160561828697
enzyme,D03260,6431825,Chlorpromazine Hibenzate,hsa:10846,Q9Y233,1,20,19,1,561.1,560.1536563,106,657,0,2,7,7,39,0,0,0,0,0,0,0,2,,,,,,,,,,,0,,561.1,1055,114946,0,-11.6578,6500,7251,751,0.8964280788856709
enzyme,D03260,6431825,Chlorpromazine Hibenzate,hsa:5140,Q13370,2,20,19,1,561.1,560.1536563,106,657,0,2,7,7,39,0,0,0,0,0,0,0,2,,,,,,,,,,,0,,561.1,1112,124333,5,-10.6368,5305,7251,1946,0.7316232243828438
enzyme,D03260,6431825,Chlorpromazine Hibenzate,hsa:5141,P27815,1,20,19,1,561.1,560.1536563,106,657,0,2,7,7,39,0,0,0,0,0,0,0,2,,,,,,,,,,,0,,561.1,886,98143,7,-11.4249,6301,7251,950,0.8689835884705558
enzyme,D03260,6431825,Chlorpromazine Hibenzate,hsa:5142,Q07343,2,20,19,1,561.1,560.1536563,106,657,0,2,7,7,39,0,0,0,0,0,0,0,2,,,,,,,,,,,0,,561.1,736,83343,2,-10.3278,4767,7251,2484,0.6574265618535374
enzyme,D03260,6431825,Chlorpromazine Hibenzate,hsa:5143,Q08493,4,20,19,1,561.1,560.1536563,106,657,0,2,7,7,39,0,0,0,0,0,0,0,2,,,,,,,,,,,0,,561.1,712,79902,10,-9.9688,4044,7251,3207,0.5577161770790235
enzyme,D03260,6431825,Chlorpromazine Hibenzate,hsa:5144,Q08499,2,20,19,1,561.1,560.1536563,106,657,0,2,7,7,39,0,0,0,0,0,0,0,2,,,,,,,,,,,0,,561.1,809,91115,12,-9.5432,3107,7251,4144,0.4284926217073507
enzyme,D03260,6431825,Chlorpromazine Hibenzate,hsa:5147,O43924,2,20,19,1,561.1,560.1536563,106,657,0,2,7,7,39,0,0,0,0,0,0,0,2,,,,,,,,,,,0,,561.1,150,17420,12,-11.2283,6094,7251,1157,0.8404358019583505
enzyme,D03260,6431825,Chlorpromazine Hibenzate,hsa:5148,P18545,1,20,19,1,561.1,560.1536563,106,657,0,2,7,7,39,0,0,0,0,0,0,0,2,,,,,,,,,,,0,,561.1,87,9643,8,-5.8367,168,7251,7083,0.023169218038891187
enzyme,D03260,6431825,Chlorpromazine Hibenzate,hsa:5150,Q13946,1,18,19,1,561.1,560.1536563,106,657,0,2,7,7,39,0,0,0,0,0,0,0,2,,,,,,,,,,,0,,561.1,482,55505,0,-12.5448,6992,7251,259,0.9642807888567094
enzyme,D03260,6431825,Chlorpromazine Hibenzate,hsa:5151,O60658,1,20,19,1,561.1,560.1536563,106,657,0,2,7,7,39,0,0,0,0,0,0,0,2,,,,,,,,,,,0,,561.1,829,93304,0,-10.2717,4673,7251,2578,0.6444628327127293
enzyme,D03260,6431825,Chlorpromazine Hibenzate,hsa:5152,O76083,2,19,19,1,561.1,560.1536563,106,657,0,2,7,7,39,0,0,0,0,0,0,0,2,,,,,,,,,,,0,,561.1,593,68493,46,-10.7046,5403,7251,1848,0.7451386015721969
enzyme,D03260,6431825,Chlorpromazine Hibenzate,hsa:8654,O76074,1,20,19,1,561.1,560.1536563,106,657,0,2,7,7,39,0,0,0,0,0,0,0,2,,,,,,,,,,,0,,561.1,875,99985,2,-11.3252,6202,7251,1049,0.8553302992690663
enzyme,D03350,89594,Nicotine,hsa:10461,Q12866,1,8,53,1,162.23,162.1156985,16.1,147,0,0,2,1,12,0,1,1,0,0,0,0,1,134.9,4,1,0,0,1,2,0,0.6,2,8,1.2,162.23,999,110249,0,-5.4921,5042,7535,2493,0.6691439946914399
enzyme,D03350,89594,Nicotine,hsa:1436,P07333,1,8,53,1,162.23,162.1156985,16.1,147,0,0,2,1,12,0,1,1,0,0,0,0,1,134.9,4,1,0,0,1,2,0,0.6,2,8,1.2,162.23,972,107984,4,-6.4202,7194,7535,341,0.9547445255474453
enzyme,D03350,89594,Nicotine,hsa:1956,P00533,4,8,53,1,162.23,162.1156985,16.1,147,0,0,2,1,12,0,1,1,0,0,0,0,1,134.9,4,1,0,0,1,2,0,0.6,2,8,1.2,162.23,1210,134277,191,-5.0015,3256,7535,4279,0.4321167883211679
enzyme,D03350,89594,Nicotine,hsa:1969,P29317,1,8,53,1,162.23,162.1156985,16.1,147,0,0,2,1,12,0,1,1,0,0,0,0,1,134.9,4,1,0,0,1,2,0,0.6,2,8,1.2,162.23,976,108266,13,-4.7625,2398,7535,5137,0.3182481751824818
enzyme,D03350,89594,Nicotine,hsa:2041,P21709,1,8,53,1,162.23,162.1156985,16.1,147,0,0,2,1,12,0,1,1,0,0,0,0,1,134.9,4,1,0,0,1,2,0,0.6,2,8,1.2,162.23,976,108127,0,-4.1805,872,7535,6663,0.1157266091572661
enzyme,D03350,89594,Nicotine,hsa:2042,P29320,3,8,53,1,162.23,162.1156985,16.1,147,0,0,2,1,12,0,1,1,0,0,0,0,1,134.9,4,1,0,0,1,2,0,0.6,2,8,1.2,162.23,983,110131,2,-4.9924,3212,7535,4323,0.42627737226277373
enzyme,D03350,89594,Nicotine,hsa:2043,P54764,1,8,53,1,162.23,162.1156985,16.1,147,0,0,2,1,12,0,1,1,0,0,0,0,1,134.9,4,1,0,0,1,2,0,0.6,2,8,1.2,162.23,986,109860,8,-5.2801,4289,7535,3246,0.5692103516921035
enzyme,D03350,89594,Nicotine,hsa:2044,P54756,5,8,53,1,162.23,162.1156985,16.1,147,0,0,2,1,12,0,1,1,0,0,0,0,1,134.9,4,1,0,0,1,2,0,0.6,2,8,1.2,162.23,1037,114803,2,-4.9313,2972,7535,4563,0.39442601194426014
enzyme,D03350,89594,Nicotine,hsa:2045,Q15375,1,8,53,1,162.23,162.1156985,16.1,147,0,0,2,1,12,0,1,1,0,0,0,0,1,134.9,4,1,0,0,1,2,0,0.6,2,8,1.2,162.23,998,112097,8,-5.1068,3661,7535,3874,0.4858659588586596
enzyme,D03350,89594,Nicotine,hsa:2046,P29322,1,8,53,1,162.23,162.1156985,16.1,147,0,0,2,1,12,0,1,1,0,0,0,0,1,134.9,4,1,0,0,1,2,0,0.6,2,8,1.2,162.23,1005,111003,0,-5.5047,5089,7535,2446,0.6753815527538155
enzyme,D03350,89594,Nicotine,hsa:2047,P54762,1,8,53,1,162.23,162.1156985,16.1,147,0,0,2,1,12,0,1,1,0,0,0,0,1,134.9,4,1,0,0,1,2,0,0.6,2,8,1.2,162.23,984,109885,3,-6.0581,6664,7535,871,0.884406104844061
enzyme,D03350,89594,Nicotine,hsa:2048,P29323,4,8,53,1,162.23,162.1156985,16.1,147,0,0,2,1,12,0,1,1,0,0,0,0,1,134.9,4,1,0,0,1,2,0,0.6,2,8,1.2,162.23,1055,117493,10,-5.0696,3506,7535,4029,0.4652952886529529
enzyme,D03350,89594,Nicotine,hsa:2049,P54753,1,8,53,1,162.23,162.1156985,16.1,147,0,0,2,1,12,0,1,1,0,0,0,0,1,134.9,4,1,0,0,1,2,0,0.6,2,8,1.2,162.23,998,110330,2,-5.6123,5440,7535,2095,0.7219641672196416
enzyme,D03350,89594,Nicotine,hsa:2050,P54760,3,8,53,1,162.23,162.1156985,16.1,147,0,0,2,1,12,0,1,1,0,0,0,0,1,134.9,4,1,0,0,1,2,0,0.6,2,8,1.2,162.23,987,108270,5,-5.072,3521,7535,4014,0.46728599867285997
enzyme,D03350,89594,Nicotine,hsa:2064,P04626,2,8,53,1,162.23,162.1156985,16.1,147,0,0,2,1,12,0,1,1,0,0,0,0,1,134.9,4,1,0,0,1,2,0,0.6,2,8,1.2,162.23,1255,137910,85,-5.3721,4602,7535,2933,0.6107498341074984
enzyme,D03350,89594,Nicotine,hsa:2065,P21860,1,8,53,1,162.23,162.1156985,16.1,147,0,0,2,1,12,0,1,1,0,0,0,0,1,134.9,4,1,0,0,1,2,0,0.6,2,8,1.2,162.23,1342,148098,32,-5.058,3469,7535,4066,0.4603848706038487
enzyme,D03350,89594,Nicotine,hsa:2066,Q15303,1,8,53,1,162.23,162.1156985,16.1,147,0,0,2,1,12,0,1,1,0,0,0,0,1,134.9,4,1,0,0,1,2,0,0.6,2,8,1.2,162.23,1308,146808,17,-4.9598,3086,7535,4449,0.4095554080955541
enzyme,D03350,89594,Nicotine,hsa:2260,P11362,1,8,53,1,162.23,162.1156985,16.1,147,0,0,2,1,12,0,1,1,0,0,0,0,1,134.9,4,1,0,0,1,2,0,0.6,2,8,1.2,162.23,822,91868,24,-5.6916,5701,7535,1834,0.7566025215660253
enzyme,D03350,89594,Nicotine,hsa:2261,P22607,2,8,53,1,162.23,162.1156985,16.1,147,0,0,2,1,12,0,1,1,0,0,0,0,1,134.9,4,1,0,0,1,2,0,0.6,2,8,1.2,162.23,806,87710,308,-5.6711,5632,7535,1903,0.7474452554744525
enzyme,D03350,89594,Nicotine,hsa:2263,P21802,1,8,53,1,162.23,162.1156985,16.1,147,0,0,2,1,12,0,1,1,0,0,0,0,1,134.9,4,1,0,0,1,2,0,0.6,2,8,1.2,162.23,821,92025,14,-6.0222,6584,7535,951,0.8737889847378898
enzyme,D03350,89594,Nicotine,hsa:2264,P22455,1,8,53,1,162.23,162.1156985,16.1,147,0,0,2,1,12,0,1,1,0,0,0,0,1,134.9,4,1,0,0,1,2,0,0.6,2,8,1.2,162.23,802,87954,3,-5.9976,6527,7535,1008,0.8662242866622428
enzyme,D03350,89594,Nicotine,hsa:2322,P36888,1,8,53,1,162.23,162.1156985,16.1,147,0,0,2,1,12,0,1,1,0,0,0,0,1,134.9,4,1,0,0,1,2,0,0.6,2,8,1.2,162.23,993,112903,12,-5.572,5300,7535,2235,0.7033842070338421
enzyme,D03350,89594,Nicotine,hsa:2324,P35916,1,8,53,1,162.23,162.1156985,16.1,147,0,0,2,1,12,0,1,1,0,0,0,0,1,134.9,4,1,0,0,1,2,0,0.6,2,8,1.2,162.23,1363,152757,3,-4.5291,1672,7535,5863,0.22189781021897811
enzyme,D03350,89594,Nicotine,hsa:238,Q9UM73,2,8,53,1,162.23,162.1156985,16.1,147,0,0,2,1,12,0,1,1,0,0,0,0,1,134.9,4,1,0,0,1,2,0,0.6,2,8,1.2,162.23,1620,176442,6,-5.1644,3878,7535,3657,0.514664897146649
enzyme,D03350,89594,Nicotine,hsa:3480,P08069,1,8,53,1,162.23,162.1156985,16.1,147,0,0,2,1,12,0,1,1,0,0,0,0,1,134.9,4,1,0,0,1,2,0,0.6,2,8,1.2,162.23,1367,154793,21,-5.2464,4170,7535,3365,0.5534173855341739
enzyme,D03350,89594,Nicotine,hsa:3643,P06213,1,9,53,1,162.23,162.1156985,16.1,147,0,0,2,1,12,0,1,1,0,0,0,0,1,134.9,4,1,0,0,1,2,0,0.6,2,8,1.2,162.23,1382,156333,28,-5.2731,4267,7535,3268,0.5662906436629065
enzyme,D03350,89594,Nicotine,hsa:3645,P14616,1,9,53,1,162.23,162.1156985,16.1,147,0,0,2,1,12,0,1,1,0,0,0,0,1,134.9,4,1,0,0,1,2,0,0.6,2,8,1.2,162.23,1297,143720,3,-5.4666,4943,7535,2592,0.6560053085600531
enzyme,D03350,89594,Nicotine,hsa:3791,P35968,1,8,53,1,162.23,162.1156985,16.1,147,0,0,2,1,12,0,1,1,0,0,0,0,1,134.9,4,1,0,0,1,2,0,0.6,2,8,1.2,162.23,1356,151527,20,-6.058,6662,7535,873,0.8841406768414067
enzyme,D03350,89594,Nicotine,hsa:3815,P10721,1,8,53,1,162.23,162.1156985,16.1,147,0,0,2,1,12,0,1,1,0,0,0,0,1,134.9,4,1,0,0,1,2,0,0.6,2,8,1.2,162.23,976,109865,50,-6.4344,7208,7535,327,0.9566025215660252
enzyme,D03350,89594,Nicotine,hsa:4058,P29376,1,8,53,1,162.23,162.1156985,16.1,147,0,0,2,1,12,0,1,1,0,0,0,0,1,134.9,4,1,0,0,1,2,0,0.6,2,8,1.2,162.23,864,91681,3,-5.0414,3401,7535,4134,0.4513603185136032
enzyme,D03350,89594,Nicotine,hsa:4233,P08581,1,8,53,1,162.23,162.1156985,16.1,147,0,0,2,1,12,0,1,1,0,0,0,0,1,134.9,4,1,0,0,1,2,0,0.6,2,8,1.2,162.23,1390,155541,60,-5.1087,3670,7535,3865,0.4870603848706038
enzyme,D03350,89594,Nicotine,hsa:4486,Q04912,1,8,53,1,162.23,162.1156985,16.1,147,0,0,2,1,12,0,1,1,0,0,0,0,1,134.9,4,1,0,0,1,2,0,0.6,2,8,1.2,162.23,1400,152241,4,-5.4106,4733,7535,2802,0.6281353682813536
enzyme,D03350,89594,Nicotine,hsa:4914,P04629,1,8,53,1,162.23,162.1156985,16.1,147,0,0,2,1,12,0,1,1,0,0,0,0,1,134.9,4,1,0,0,1,2,0,0.6,2,8,1.2,162.23,796,87497,14,-5.257,4210,7535,3325,0.5587259455872594
enzyme,D03350,89594,Nicotine,hsa:4915,Q16620,3,8,53,1,162.23,162.1156985,16.1,147,0,0,2,1,12,0,1,1,0,0,0,0,1,134.9,4,1,0,0,1,2,0,0.6,2,8,1.2,162.23,822,91999,2,-6.2241,6967,7535,568,0.9246184472461845
enzyme,D03350,89594,Nicotine,hsa:4916,Q16288,2,8,53,1,162.23,162.1156985,16.1,147,0,0,2,1,12,0,1,1,0,0,0,0,1,134.9,4,1,0,0,1,2,0,0.6,2,8,1.2,162.23,839,94428,12,-5.8534,6170,7535,1365,0.8188453881884539
enzyme,D03350,89594,Nicotine,hsa:4919,Q01973,1,8,53,1,162.23,162.1156985,16.1,147,0,0,2,1,12,0,1,1,0,0,0,0,1,134.9,4,1,0,0,1,2,0,0.6,2,8,1.2,162.23,937,104283,3,-5.6166,5453,7535,2082,0.7236894492368945
enzyme,D03350,89594,Nicotine,hsa:4920,Q01974,1,8,53,1,162.23,162.1156985,16.1,147,0,0,2,1,12,0,1,1,0,0,0,0,1,134.9,4,1,0,0,1,2,0,0.6,2,8,1.2,162.23,943,104757,29,-5.1637,3876,7535,3659,0.5143994691439947
enzyme,D03350,89594,Nicotine,hsa:4921,Q16832,1,8,53,1,162.23,162.1156985,16.1,147,0,0,2,1,12,0,1,1,0,0,0,0,1,134.9,4,1,0,0,1,2,0,0.6,2,8,1.2,162.23,855,96736,5,-5.6082,5429,7535,2106,0.7205043132050432
enzyme,D03350,89594,Nicotine,hsa:5156,P16234,1,8,53,1,162.23,162.1156985,16.1,147,0,0,2,1,12,0,1,1,0,0,0,0,1,134.9,4,1,0,0,1,2,0,0.6,2,8,1.2,162.23,1089,122670,13,-5.6005,5400,7535,2135,0.7166556071665561
enzyme,D03350,89594,Nicotine,hsa:5159,P09619,2,8,53,1,162.23,162.1156985,16.1,147,0,0,2,1,12,0,1,1,0,0,0,0,1,134.9,4,1,0,0,1,2,0,0.6,2,8,1.2,162.23,1106,123968,32,-4.4406,1409,7535,6126,0.18699402786994027
enzyme,D03350,89594,Nicotine,hsa:558,P30530,1,8,53,1,162.23,162.1156985,16.1,147,0,0,2,1,12,0,1,1,0,0,0,0,1,134.9,4,1,0,0,1,2,0,0.6,2,8,1.2,162.23,894,98337,7,-5.2694,4256,7535,3279,0.5648307896483079
enzyme,D03350,89594,Nicotine,hsa:5754,Q13308,1,8,53,1,162.23,162.1156985,16.1,147,0,0,2,1,12,0,1,1,0,0,0,0,1,134.9,4,1,0,0,1,2,0,0.6,2,8,1.2,162.23,1070,118392,6,-5.6907,5698,7535,1837,0.7562043795620438
enzyme,D03350,89594,Nicotine,hsa:5979,P07949,1,8,53,1,162.23,162.1156985,16.1,147,0,0,2,1,12,0,1,1,0,0,0,0,1,134.9,4,1,0,0,1,2,0,0.6,2,8,1.2,162.23,1114,124319,7,-5.9859,6496,7535,1039,0.8621101526211016
enzyme,D03350,89594,Nicotine,hsa:6098,P08922,1,8,53,1,162.23,162.1156985,16.1,147,0,0,2,1,12,0,1,1,0,0,0,0,1,134.9,4,1,0,0,1,2,0,0.6,2,8,1.2,162.23,2347,263915,2,-5.1761,3922,7535,3613,0.5205043132050431
enzyme,D03350,89594,Nicotine,hsa:6259,P34925,3,8,53,1,162.23,162.1156985,16.1,147,0,0,2,1,12,0,1,1,0,0,0,0,1,134.9,4,1,0,0,1,2,0,0.6,2,8,1.2,162.23,607,67815,0,-5.7135,5774,7535,1761,0.7662906436629064
enzyme,D03350,89594,Nicotine,hsa:7010,Q02763,2,8,53,1,162.23,162.1156985,16.1,147,0,0,2,1,12,0,1,1,0,0,0,0,1,134.9,4,1,0,0,1,2,0,0.6,2,8,1.2,162.23,1124,125830,10,-5.5971,5387,7535,2148,0.7149303251493032
enzyme,D03350,89594,Nicotine,hsa:7075,P35590,1,8,53,1,162.23,162.1156985,16.1,147,0,0,2,1,12,0,1,1,0,0,0,0,1,134.9,4,1,0,0,1,2,0,0.6,2,8,1.2,162.23,1138,125090,6,-4.2942,1070,7535,6465,0.1420039814200398
enzyme,D03350,89594,Nicotine,hsa:7301,Q06418,1,8,53,1,162.23,162.1156985,16.1,147,0,0,2,1,12,0,1,1,0,0,0,0,1,134.9,4,1,0,0,1,2,0,0.6,2,8,1.2,162.23,890,96905,12,-4.2891,1059,7535,6476,0.14054412740544128
enzyme,D03350,89594,Nicotine,hsa:780,Q08345,1,8,53,1,162.23,162.1156985,16.1,147,0,0,2,1,12,0,1,1,0,0,0,0,1,134.9,4,1,0,0,1,2,0,0.6,2,8,1.2,162.23,913,101128,4,-4.9692,3114,7535,4421,0.413271400132714
enzyme,D03433,189729,Ceronapril,hsa:2548,P10253,1,4,3,1,440.5,440.2076238,130,596,0,3,7,13,30,0,2,2,0,0,0,0,1,339.1,10,5,1,1,1,2,0,1.2,15,10,-0.7,440.5,952,105324,0,-6.3083,3860,7274,3414,0.5306571350013748
enzyme,D03433,189729,Ceronapril,hsa:8972,O43451,1,4,3,1,440.5,440.2076238,130,596,0,3,7,13,30,0,2,2,0,0,0,0,1,339.1,10,5,1,1,1,2,0,1.2,15,10,-0.7,440.5,2753,312022,7,-7.274,5980,7274,1294,0.8221061314270003
enzyme,D03601,6726,Cyclizine,hsa:3156,P04035,1,12,1,1,266.4,266.1782987,6.5,253,0,0,2,3,20,0,0,0,0,0,0,0,1,220.6,5,0,0,0,2,3,0,0.6,4.2,6,3.6,266.4,888,97476,2,-6.6671,4483,7572,3089,0.5920496566296883
enzyme,D03643,444031,Darifenacin,hsa:3156,P04035,1,12,1,1,426.5,426.2307282,55.6,607,0,1,3,7,32,0,1,1,0,0,0,0,1,340.6,9,2,1,0,1,5,0,1,8.6,10,4.6,426.5,888,97476,2,-7.1426,2156,7443,5287,0.28966814456536344
enzyme,D03670,3058754,Deracoxib,hsa:10549,Q13162,2,3,55,1,397.4,397.070797,95.6,596,0,1,8,5,27,0,0,0,0,0,0,0,1,281.8,8,4,1,0,0,3,0,0.8,5,10,2.8,397.4,271,30540,8,-6.5744,2529,7210,4681,0.3507628294036061
enzyme,D03670,3058754,Deracoxib,hsa:10858,Q9Y6A2,1,11,55,1,397.4,397.070797,95.6,596,0,1,8,5,27,0,0,0,0,0,0,0,1,281.8,8,4,1,0,0,3,0,0.8,5,10,2.8,397.4,500,56821,0,-8.3817,6615,7210,595,0.9174757281553398
enzyme,D03670,3058754,Deracoxib,hsa:10935,P30048,2,3,55,1,397.4,397.070797,95.6,596,0,1,8,5,27,0,0,0,0,0,0,0,1,281.8,8,4,1,0,0,3,0,0.8,5,10,2.8,397.4,256,27693,4,-5.952,1056,7210,6154,0.14646324549237172
enzyme,D03670,3058754,Deracoxib,hsa:1537,P08574,1,1,55,1,397.4,397.070797,95.6,596,0,1,8,5,27,0,0,0,0,0,0,0,1,281.8,8,4,1,0,0,3,0,0.8,5,10,2.8,397.4,325,35422,4,-7.4166,4920,7210,2290,0.6823855755894591
enzyme,D03670,3058754,Deracoxib,hsa:1543,P04798,2,19,55,1,397.4,397.070797,95.6,596,0,1,8,5,27,0,0,0,0,0,0,0,1,281.8,8,4,1,0,0,3,0,0.8,5,10,2.8,397.4,512,58165,2,-9.1062,7073,7210,137,0.980998613037448
enzyme,D03670,3058754,Deracoxib,hsa:1544,P05177,1,24,55,1,397.4,397.070797,95.6,596,0,1,8,5,27,0,0,0,0,0,0,0,1,281.8,8,4,1,0,0,3,0,0.8,5,10,2.8,397.4,516,58407,1,-8.6988,6872,7210,338,0.9531206657420249
enzyme,D03670,3058754,Deracoxib,hsa:1545,Q16678,2,18,55,1,397.4,397.070797,95.6,596,0,1,8,5,27,0,0,0,0,0,0,0,1,281.8,8,4,1,0,0,3,0,0.8,5,10,2.8,397.4,543,60846,1,-8.9786,7011,7210,199,0.9723994452149792
enzyme,D03670,3058754,Deracoxib,hsa:1548,P11509,1,18,55,1,397.4,397.070797,95.6,596,0,1,8,5,27,0,0,0,0,0,0,0,1,281.8,8,4,1,0,0,3,0,0.8,5,10,2.8,397.4,494,56517,1,-9.2277,7109,7210,101,0.9859916782246879
enzyme,D03670,3058754,Deracoxib,hsa:1551,P24462,1,18,55,1,397.4,397.070797,95.6,596,0,1,8,5,27,0,0,0,0,0,0,0,1,281.8,8,4,1,0,0,3,0,0.8,5,10,2.8,397.4,503,57470,0,-8.0917,6253,7210,957,0.8672676837725382
enzyme,D03670,3058754,Deracoxib,hsa:1553,Q16696,1,19,55,1,397.4,397.070797,95.6,596,0,1,8,5,27,0,0,0,0,0,0,0,1,281.8,8,4,1,0,0,3,0,0.8,5,10,2.8,397.4,494,56688,0,-9.699,7173,7210,37,0.9948682385575589
enzyme,D03670,3058754,Deracoxib,hsa:1555,P20813,1,18,55,1,397.4,397.070797,95.6,596,0,1,8,5,27,0,0,0,0,0,0,0,1,281.8,8,4,1,0,0,3,0,0.8,5,10,2.8,397.4,491,56278,0,-7.9978,6110,7210,1100,0.8474341192787794
enzyme,D03670,3058754,Deracoxib,hsa:1557,P33261,1,27,55,1,397.4,397.070797,95.6,596,0,1,8,5,27,0,0,0,0,0,0,0,1,281.8,8,4,1,0,0,3,0,0.8,5,10,2.8,397.4,490,55945,0,-9.0153,7031,7210,179,0.9751733703190014
enzyme,D03670,3058754,Deracoxib,hsa:1558,P10632,1,22,55,1,397.4,397.070797,95.6,596,0,1,8,5,27,0,0,0,0,0,0,0,1,281.8,8,4,1,0,0,3,0,0.8,5,10,2.8,397.4,490,55825,3,-8.5582,6770,7210,440,0.9389736477115118
enzyme,D03670,3058754,Deracoxib,hsa:1559,P11712,1,25,55,1,397.4,397.070797,95.6,596,0,1,8,5,27,0,0,0,0,0,0,0,1,281.8,8,4,1,0,0,3,0,0.8,5,10,2.8,397.4,490,55628,0,-7.9486,6032,7210,1178,0.8366158113730929
enzyme,D03670,3058754,Deracoxib,hsa:1562,P33260,2,18,55,1,397.4,397.070797,95.6,596,0,1,8,5,27,0,0,0,0,0,0,0,1,281.8,8,4,1,0,0,3,0,0.8,5,10,2.8,397.4,490,55711,0,-4.4815,215,7210,6995,0.029819694868238558
enzyme,D03670,3058754,Deracoxib,hsa:1565,P10635,3,30,55,1,397.4,397.070797,95.6,596,0,1,8,5,27,0,0,0,0,0,0,0,1,281.8,8,4,1,0,0,3,0,0.8,5,10,2.8,397.4,497,55769,0,-8.2375,6458,7210,752,0.8957004160887656
enzyme,D03670,3058754,Deracoxib,hsa:1571,P05181,1,23,55,1,397.4,397.070797,95.6,596,0,1,8,5,27,0,0,0,0,0,0,0,1,281.8,8,4,1,0,0,3,0,0.8,5,10,2.8,397.4,493,56849,0,-9.1261,7077,7210,133,0.9815533980582525
enzyme,D03670,3058754,Deracoxib,hsa:1576,P08684,2,34,55,1,397.4,397.070797,95.6,596,0,1,8,5,27,0,0,0,0,0,0,0,1,281.8,8,4,1,0,0,3,0,0.8,5,10,2.8,397.4,503,57343,2,-8.5038,6721,7210,489,0.9321775312066575
enzyme,D03670,3058754,Deracoxib,hsa:1577,P20815,1,18,55,1,397.4,397.070797,95.6,596,0,1,8,5,27,0,0,0,0,0,0,0,1,281.8,8,4,1,0,0,3,0,0.8,5,10,2.8,397.4,502,57109,1,-8.4531,6675,7210,535,0.9257975034674064
enzyme,D03670,3058754,Deracoxib,hsa:1581,P22680,1,11,55,1,397.4,397.070797,95.6,596,0,1,8,5,27,0,0,0,0,0,0,0,1,281.8,8,4,1,0,0,3,0,0.8,5,10,2.8,397.4,504,57661,0,-8.5173,6736,7210,474,0.9342579750346741
enzyme,D03670,3058754,Deracoxib,hsa:1582,Q9UNU6,1,11,55,1,397.4,397.070797,95.6,596,0,1,8,5,27,0,0,0,0,0,0,0,1,281.8,8,4,1,0,0,3,0,0.8,5,10,2.8,397.4,501,58068,0,-8.3405,6570,7210,640,0.9112343966712899
enzyme,D03670,3058754,Deracoxib,hsa:1583,P05108,2,10,55,1,397.4,397.070797,95.6,596,0,1,8,5,27,0,0,0,0,0,0,0,1,281.8,8,4,1,0,0,3,0,0.8,5,10,2.8,397.4,521,60102,1,-8.9647,7007,7210,203,0.9718446601941747
enzyme,D03670,3058754,Deracoxib,hsa:1584,P15538,2,11,55,1,397.4,397.070797,95.6,596,0,1,8,5,27,0,0,0,0,0,0,0,1,281.8,8,4,1,0,0,3,0,0.8,5,10,2.8,397.4,503,57573,0,-8.2121,6419,7210,791,0.8902912621359224
enzyme,D03670,3058754,Deracoxib,hsa:1585,P19099,1,9,55,1,397.4,397.070797,95.6,596,0,1,8,5,27,0,0,0,0,0,0,0,1,281.8,8,4,1,0,0,3,0,0.8,5,10,2.8,397.4,503,57560,0,-8.567,6778,7210,432,0.9400832177531206
enzyme,D03670,3058754,Deracoxib,hsa:1586,P05093,2,13,55,1,397.4,397.070797,95.6,596,0,1,8,5,27,0,0,0,0,0,0,0,1,281.8,8,4,1,0,0,3,0,0.8,5,10,2.8,397.4,508,57371,0,-8.9133,6984,7210,226,0.9686546463245492
enzyme,D03670,3058754,Deracoxib,hsa:1588,P11511,3,20,55,1,397.4,397.070797,95.6,596,0,1,8,5,27,0,0,0,0,0,0,0,1,281.8,8,4,1,0,0,3,0,0.8,5,10,2.8,397.4,503,57883,0,-9.26,7117,7210,93,0.9871012482662969
enzyme,D03670,3058754,Deracoxib,hsa:1589,P08686,2,10,55,1,397.4,397.070797,95.6,596,0,1,8,5,27,0,0,0,0,0,0,0,1,281.8,8,4,1,0,0,3,0,0.8,5,10,2.8,397.4,495,56001,0,-8.9683,7009,7210,201,0.972122052704577
enzyme,D03670,3058754,Deracoxib,hsa:1595,Q16850,1,12,55,1,397.4,397.070797,95.6,596,0,1,8,5,27,0,0,0,0,0,0,0,1,281.8,8,4,1,0,0,3,0,0.8,5,10,2.8,397.4,509,57278,0,-8.4445,6667,7210,543,0.9246879334257975
enzyme,D03670,3058754,Deracoxib,hsa:2235,P22830,2,1,55,1,397.4,397.070797,95.6,596,0,1,8,5,27,0,0,0,0,0,0,0,1,281.8,8,4,1,0,0,3,0,0.8,5,10,2.8,397.4,423,47862,5,-8.1092,6275,7210,935,0.8703190013869625
enzyme,D03670,3058754,Deracoxib,hsa:25824,P30044,1,4,55,1,397.4,397.070797,95.6,596,0,1,8,5,27,0,0,0,0,0,0,0,1,281.8,8,4,1,0,0,3,0,0.8,5,10,2.8,397.4,214,22086,5,-6.5252,2380,7210,4830,0.3300970873786408
enzyme,D03670,3058754,Deracoxib,hsa:50484,Q7LG56,1,2,55,1,397.4,397.070797,95.6,596,0,1,8,5,27,0,0,0,0,0,0,0,1,281.8,8,4,1,0,0,3,0,0.8,5,10,2.8,397.4,351,40737,6,-9.0467,7049,7210,161,0.9776699029126213
enzyme,D03670,3058754,Deracoxib,hsa:5052,Q06830,2,3,55,1,397.4,397.070797,95.6,596,0,1,8,5,27,0,0,0,0,0,0,0,1,281.8,8,4,1,0,0,3,0,0.8,5,10,2.8,397.4,199,22110,10,-6.2492,1640,7210,5570,0.2274618585298197
enzyme,D03670,3058754,Deracoxib,hsa:5294,P48736,2,1,55,1,397.4,397.070797,95.6,596,0,1,8,5,27,0,0,0,0,0,0,0,1,281.8,8,4,1,0,0,3,0,0.8,5,10,2.8,397.4,1102,126454,6,-8.3317,6559,7210,651,0.9097087378640777
enzyme,D03670,3058754,Deracoxib,hsa:5740,Q16647,1,12,55,1,397.4,397.070797,95.6,596,0,1,8,5,27,0,0,0,0,0,0,0,1,281.8,8,4,1,0,0,3,0,0.8,5,10,2.8,397.4,500,57104,0,-8.0662,6214,7210,996,0.8618585298196949
enzyme,D03670,3058754,Deracoxib,hsa:6240,P23921,1,3,55,1,397.4,397.070797,95.6,596,0,1,8,5,27,0,0,0,0,0,0,0,1,281.8,8,4,1,0,0,3,0,0.8,5,10,2.8,397.4,792,90070,3,-7.6954,5566,7210,1644,0.7719833564493759
enzyme,D03670,3058754,Deracoxib,hsa:6241,P31350,1,1,55,1,397.4,397.070797,95.6,596,0,1,8,5,27,0,0,0,0,0,0,0,1,281.8,8,4,1,0,0,3,0,0.8,5,10,2.8,397.4,389,44878,4,-7.2686,4514,7210,2696,0.6260748959778086
enzyme,D03689,123619,Etoricoxib,hsa:5742,P23219,1,61,2,1,358.8,358.0542766,68.3,514,0,0,4,3,24,0,0,0,0,0,0,0,1,267.8,7,4,0,0,0,3,0,0.6,3,4,3.3,358.8,599,68686,4,-7.3015,4915,7391,2476,0.6649979705046678
enzyme,D03689,123619,Etoricoxib,hsa:5743,P35354,1,61,2,1,358.8,358.0542766,68.3,514,0,0,4,3,24,0,0,0,0,0,0,0,1,267.8,7,4,0,0,0,3,0,0.6,3,4,3.3,358.8,604,68996,1,-7.7235,5902,7391,1489,0.7985387633608443
enzyme,D03710,208910,Firocoxib,hsa:5742,P23219,1,61,2,1,336.4,336.1031449,78.1,614,0,0,5,5,23,0,0,0,0,0,0,0,1,257.3,7,4,0,0,0,2,1,0.8,6,10,2.2,336.4,599,68686,4,-6.8295,5512,7523,2011,0.7326864282865878
enzyme,D03710,208910,Firocoxib,hsa:5743,P35354,1,61,2,1,336.4,336.1031449,78.1,614,0,0,5,5,23,0,0,0,0,0,0,0,1,257.3,7,4,0,0,0,2,1,0.8,6,10,2.2,336.4,604,68996,1,-6.5991,4933,7523,2590,0.6557224511498072
enzyme,D03712,151166,Lumiracoxib,hsa:5742,P23219,1,61,2,1,293.72,293.0618845,49.3,342,0,2,4,4,20,0,0,0,0,0,0,0,1,217.7,7,2,1,1,1,2,0,0.6,4,10,4.2,293.72,599,68686,4,-7.8141,6201,7322,1121,0.8468997541655285
enzyme,D03712,151166,Lumiracoxib,hsa:5743,P35354,1,61,2,1,293.72,293.0618845,49.3,342,0,2,4,4,20,0,0,0,0,0,0,0,1,217.7,7,2,1,1,1,2,0,0.6,4,10,4.2,293.72,604,68996,1,-8.0967,6581,7322,741,0.8987981425839935
enzyme,D03714,119828,Parecoxib,hsa:5742,P23219,1,61,2,1,370.4,370.0987282,97.7,575,0,1,5,5,26,0,0,0,0,0,0,0,1,281.8,9,4,1,0,0,3,1,0.8,6,10,3.3,370.4,599,68686,4,-8.1076,5167,7384,2217,0.6997562296858072
enzyme,D03714,119828,Parecoxib,hsa:5743,P35354,1,61,2,1,370.4,370.0987282,97.7,575,0,1,5,5,26,0,0,0,0,0,0,0,1,281.8,9,4,1,0,0,3,1,0.8,6,10,3.3,370.4,604,68996,1,-9.2515,6819,7384,565,0.9234832069339112
enzyme,D03716,15895902,Parecoxib Sodium,hsa:5743,P35354,1,61,2,1,392.4,392.0806725,86.6,581,0,0,6,5,27,0,0,0,0,0,0,0,2,,,,,,,,,,,0,,392.4,604,68996,1,-1.2523,3863,7608,3745,0.5077549947423764
enzyme,D03717,159324,Tipifarnib,hsa:5742,P23219,1,61,2,1,489.4,488.1170667,64.2,785,0,1,3,4,34,0,1,1,0,0,0,0,1,365.7,9,1,1,0,2,5,0,0.8,4,10,4.1,489.4,599,68686,4,-8.8452,5564,7268,1704,0.7655476059438635
enzyme,D03717,159324,Tipifarnib,hsa:5743,P35354,1,61,2,1,489.4,488.1170667,64.2,785,0,1,3,4,34,0,1,1,0,0,0,0,1,365.7,9,1,1,0,2,5,0,0.8,4,10,4.1,489.4,604,68996,1,-9.9376,6778,7268,490,0.9325811777655476
enzyme,D03720,60781,"L-Prolinamide, N-methyl-D-phenylalanyl-N-((1S)-4-((aminoiminomethyl)amino)-1-formylbutyl)-, sulfate (1:1)",hsa:2339,P49354,1,1,2,1,514.6,514.2209686,226,683,0,6,9,11,35,0,3,3,0,0,0,0,2,,,,,,,,,,,0,,514.6,379,44409,3,-8.2305,5075,7143,2068,0.7104857902841943
enzyme,D03720,60781,"L-Prolinamide, N-methyl-D-phenylalanyl-N-((1S)-4-((aminoiminomethyl)amino)-1-formylbutyl)-, sulfate (1:1)",hsa:2342,P49356,2,1,2,1,514.6,514.2209686,226,683,0,6,9,11,35,0,3,3,0,0,0,0,2,,,,,,,,,,,0,,514.6,437,48774,11,-8.3823,5357,7143,1786,0.749965000699986
enzyme,D03722,11954363,Napsagatran,hsa:2147,P00734,1,8,1,1,576.7,576.2366187,195,1030,0,6,9,12,40,0,2,2,0,0,0,0,2,,,,,,,,,,,0,,576.7,622,70037,4,-1.8632,6442,7612,1170,0.8462953231739359
enzyme,D03728,26757,Selegiline,hsa:2147,P00734,1,8,1,1,187.28,187.1360995,3.2,195,0,0,1,4,14,0,1,1,0,0,0,0,1,166.7,3,0,0,0,1,1,1,0.6,4,10,2.8,187.28,622,70037,4,-5.7929,5301,7573,2272,0.6999867951934504
enzyme,D03733,170321,Eldacimibe,hsa:4128,P21397,3,19,2,1,634.9,634.434573,88.1,1010,0,2,7,14,46,0,0,0,0,0,0,0,1,516.2,15,2,2,0,2,3,6,1.4,14.6,10,11.6,634.9,527,59682,1,-6.8399,5030,7302,2272,0.688852369213914
enzyme,D03733,170321,Eldacimibe,hsa:4129,P27338,1,20,2,1,634.9,634.434573,88.1,1010,0,2,7,14,46,0,0,0,0,0,0,0,1,516.2,15,2,2,0,2,3,6,1.4,14.6,10,11.6,634.9,520,58763,20,-6.3988,3937,7302,3365,0.5391673514105725
enzyme,D03734,71355,Lecimibide,hsa:6646,P35610,1,4,2,1,590.8,590.2890894,86.3,751,0,2,5,16,42,0,0,0,0,0,0,0,1,,,,,,,,,,,0,9.3,590.8,550,64735,5,-9.3786,6756,7136,380,0.9467488789237668
enzyme,D03734,71355,Lecimibide,hsa:8435,O75908,1,4,2,1,590.8,590.2890894,86.3,751,0,2,5,16,42,0,0,0,0,0,0,0,1,,,,,,,,,,,0,9.3,590.8,522,59896,1,-10.4124,7073,7136,63,0.9911715246636771
enzyme,D03735,156422,Doramapimod,hsa:6646,P35610,1,4,2,1,527.7,527.2896401,80.7,777,0,2,5,8,39,0,0,0,0,0,0,0,1,417.8,13,4,2,0,1,5,1,1.2,11.2,10,5.7,527.7,550,64735,5,-10.8869,7183,7339,156,0.9787436980515056
enzyme,D03735,156422,Doramapimod,hsa:8435,O75908,1,4,2,1,527.7,527.2896401,80.7,777,0,2,5,8,39,0,0,0,0,0,0,0,1,417.8,13,4,2,0,1,5,1,1.2,11.2,10,5.7,527.7,522,59896,1,-10.618,7085,7339,254,0.9653903801607848
enzyme,D03741,5464201,Ditekiren,hsa:5972,P00797,1,5,1,1,930.2,929.5738604,228,1600,0,6,10,25,67,0,8,8,0,0,0,0,1,,,,,,,,,,,0,5.6,930.2,406,45057,1,-6.5522,2537,6865,4328,0.36955571740713766
enzyme,D03743,64922,Terlakiren,hsa:5972,P00797,1,5,1,1,620.8,620.3243711,172,889,0,4,8,15,43,0,4,4,0,0,0,0,1,,,,,,,,,,,0,3.8,620.8,406,45057,1,-6.9827,3363,7198,3835,0.4672131147540984
enzyme,D03745,3086651,Zankiren Hydrochloride,hsa:5972,P00797,1,5,1,1,742.4,741.3360546,189,1090,0,5,10,17,49,0,5,5,0,0,0,0,2,,,,,,,,,,,0,,742.4,406,45057,1,-6.7908,2245,6967,4722,0.32223338596239415
enzyme,D03751,135462830,Icopezil Maleate,hsa:43,P22303,1,23,1,1,491.5,491.2056357,133,661,0,3,8,7,36,0,0,0,0,1,1,0,2,,,,,,,,,,,0,,491.5,614,67796,3,-10.1984,5290,6644,1354,0.796207104154124
enzyme,D03752,54892,Quinapril,hsa:1636,P12821,2,31,1,1,438.5,438.2154721,95.9,648,0,2,6,10,32,0,3,3,0,0,0,0,1,344.9,10,4,1,1,1,3,0,1.2,11.8,10,1.2,438.5,1306,149715,1,-7.5507,5579,7371,1792,0.7568850902184235
enzyme,D03753,107807,Perindopril,hsa:1636,P12821,2,31,1,1,368.5,368.2311221,95.9,524,0,2,6,9,26,0,5,5,0,0,0,0,1,289,10,4,1,1,1,2,1,1,11.4,10,0.9,368.5,1306,149715,1,-6.9124,6287,7379,1092,0.8520124678140669
enzyme,D03756,10457278,Indolapril Hydrochloride,hsa:1636,P12821,2,31,1,1,467,466.2234499,95.9,633,0,3,6,10,32,0,5,5,0,0,0,0,2,,,,,,,,,,,0,,467,1306,149715,1,-8.2279,5786,6761,975,0.8557905635261056
enzyme,D03758,71320,Libenzapril,hsa:1636,P12821,2,31,1,1,363.4,363.1794209,133,513,0,4,7,9,26,0,2,2,0,0,0,0,1,277.6,13,5,2,2,2,2,0,1,9.8,10,-3.9,363.4,1306,149715,1,-7.0675,5958,7372,1414,0.8081931633206728
enzyme,D03760,6917815,Pentopril,hsa:1636,P12821,2,31,1,1,333.4,333.1576228,83.9,492,0,1,5,7,24,0,3,3,0,0,0,0,1,261.1,9,4,0,1,0,2,2,1,8.6,10,2.6,333.4,1306,149715,1,-7.3264,6332,7462,1130,0.8485660680782632
enzyme,D03763,6917956,Pivopril,hsa:1636,P12821,2,31,1,1,329.5,329.1660795,100,424,0,1,5,8,22,0,1,1,0,0,0,0,1,259.7,7,3,0,1,0,1,2,1,10,10,2.9,329.5,1306,149715,1,-6.2759,5395,7397,2002,0.7293497363796133
enzyme,D03765,6850814,Spirapril Hydrochloride,hsa:1636,P12821,2,31,1,1,503.1,502.1362921,147,650,0,3,8,10,32,0,3,3,0,0,0,0,2,,,,,,,,,,,0,,503.1,1306,149715,1,-7.9982,6497,7275,778,0.8930584192439862
enzyme,D03772,62956,Fosinoprilat,hsa:1636,P12821,2,31,1,1,435.5,435.2174602,94.9,627,0,2,5,9,30,0,2,2,0,0,0,0,1,340,7,3,0,1,0,3,0,1.2,12.2,10,3.8,435.5,1306,149715,1,-7.9493,5587,7375,1788,0.7575593220338983
enzyme,D03773,107994,Quinaprilat,hsa:1636,P12821,2,31,1,1,410.5,410.1841719,107,619,0,3,6,8,30,0,3,3,0,0,0,0,1,319.3,12,5,1,2,1,3,0,1,9.8,10,0.5,410.5,1306,149715,1,-9.257,6967,7371,404,0.9451906118572785
enzyme,D03775,3033702,Spiraprilat,hsa:1636,P12821,2,31,1,1,438.6,438.1283143,158,620,0,3,8,8,29,0,3,3,0,0,0,0,1,327.2,12,5,1,2,1,3,0,1,10.6,10,0.3,438.6,1306,149715,1,-8.3725,6682,7277,595,0.9182355366222344
enzyme,D03787,11954368,Nepicastat Hydrochloride,hsa:1621,P09172,1,2,1,1,349.8,349.0827174,74.4,429,0,4,5,2,22,0,1,1,0,0,0,0,3,,,,,,,,,,,0,,349.8,617,69065,20,-2.5049,5849,6520,671,0.8970858895705521
enzyme,D03788,107706,Sivelestat,hsa:1991,P08246,1,3,1,1,434.5,434.1147722,147,731,0,3,8,9,30,0,0,0,0,0,0,0,1,323.5,12,6,2,1,0,2,1,1,10,10,3,434.5,267,28518,2,-7.1759,3834,7372,3538,0.5200759631036354
enzyme,D03798,54676038,Dicoumarol,hsa:1429,Q08257,1,1,7,1,336.3,336.0633881,93.1,605,0,2,6,2,25,0,0,0,0,0,0,0,1,248.5,8,2,2,0,0,4,0,0.6,2,10,2.6,336.3,329,35207,1,-8.9481,6500,7521,1021,0.8642467756947214
enzyme,D03798,54676038,Dicoumarol,hsa:1728,P15559,1,3,7,1,336.3,336.0633881,93.1,605,0,2,6,2,25,0,0,0,0,0,0,0,1,248.5,8,2,2,0,0,4,0,0.6,2,10,2.6,336.3,274,30868,3,-8.3299,5541,7521,1980,0.7367371360191464
enzyme,D03798,54676038,Dicoumarol,hsa:2766,P36959,1,1,7,1,336.3,336.0633881,93.1,605,0,2,6,2,25,0,0,0,0,0,0,0,1,248.5,8,2,2,0,0,4,0,0.6,2,10,2.6,336.3,345,37419,1,-8.6875,6147,7521,1374,0.8173115277223774
enzyme,D03798,54676038,Dicoumarol,hsa:4835,P16083,2,2,7,1,336.3,336.0633881,93.1,605,0,2,6,2,25,0,0,0,0,0,0,0,1,248.5,8,2,2,0,0,4,0,0.6,2,10,2.6,336.3,231,25919,6,-7.5381,3773,7521,3748,0.5016620130301822
enzyme,D03798,54676038,Dicoumarol,hsa:51292,Q9P2T1,1,1,7,1,336.3,336.0633881,93.1,605,0,2,6,2,25,0,0,0,0,0,0,0,1,248.5,8,2,2,0,0,4,0,0.6,2,10,2.6,336.3,348,37874,2,-7.0496,2539,7521,4982,0.33758808669059964
enzyme,D03798,54676038,Dicoumarol,hsa:79001,Q9BQB6,2,2,7,1,336.3,336.0633881,93.1,605,0,2,6,2,25,0,0,0,0,0,0,0,1,248.5,8,2,2,0,0,4,0,0.6,2,10,2.6,336.3,163,18235,16,-11.1484,7490,7521,31,0.9958782076851482
enzyme,D03798,54676038,Dicoumarol,hsa:9601,P13667,2,1,7,1,336.3,336.0633881,93.1,605,0,2,6,2,25,0,0,0,0,0,0,0,1,248.5,8,2,2,0,0,4,0,0.6,2,10,2.6,336.3,645,72932,9,-8.0149,4891,7521,2630,0.6503124584496742
enzyme,D03803,157838,Lidorestat monohydrate,hsa:231,P15121,1,12,1,1,394.4,394.0598979,84.4,543,0,2,8,4,27,0,0,0,0,0,0,0,2,,,,,,,,,,,0,,394.4,316,35853,1,-9.552,6500,7202,702,0.9025270758122743
enzyme,D03805,190816,Minalrestat,hsa:231,P15121,1,12,1,1,449.2,447.98703,83.6,735,0,1,6,2,28,0,1,0,1,0,0,0,1,291.2,10,4,1,0,0,4,1,0.6,2.6,10,2.1,449.2,316,35853,1,-8.9244,5871,7294,1423,0.8049081436797367
enzyme,D03806,5278,Ponalrestat,hsa:231,P15121,1,12,1,1,391.2,390.00153,70,542,0,1,5,4,24,0,0,0,0,0,0,0,1,259.9,9,4,0,1,0,3,1,0.8,4,10,3.2,391.2,316,35853,1,-8.0173,5422,7227,1805,0.7502421475024215
enzyme,D03807,5724,Zenarestat,hsa:231,P15121,1,12,1,1,441.6,439.95748,77.9,595,0,1,5,4,26,0,0,0,0,0,0,0,1,283.2,9,4,0,1,0,3,1,0.8,4,10,3.3,441.6,316,35853,1,-7.8148,5753,7220,1467,0.7968144044321329
enzyme,D03822,77991,Rivastigmine,hsa:43,P22303,1,23,2,1,250.34,250.1681279,32.8,269,0,0,3,5,18,0,1,1,0,0,0,0,1,205.7,3,1,0,0,1,1,0,0.8,6,10,2.3,250.34,614,67796,3,-7.201,7259,7531,272,0.963882618510158
enzyme,D03822,77991,Rivastigmine,hsa:590,P06276,1,11,2,1,250.34,250.1681279,32.8,269,0,0,3,5,18,0,1,1,0,0,0,0,1,205.7,3,1,0,0,1,1,0,0.8,6,10,2.3,250.34,602,68418,11,-7.0129,7118,7531,413,0.9451600053113797
enzyme,D03823,132228,Quilostigmine,hsa:43,P22303,1,23,1,1,377.5,377.2103271,36,613,0,0,4,2,28,0,2,2,0,0,0,0,1,300.1,8,1,0,0,2,5,0,0.8,4.6,10,2.5,377.5,614,67796,3,-9.8484,6862,7522,660,0.91225737835682
enzyme,D03828,135413520,Pemetrexed Disodium,hsa:7298,P04818,2,7,1,1,471.4,471.1130719,193,737,0,4,7,7,33,0,1,1,0,0,0,0,3,,,,,,,,,,,0,,471.4,313,35716,0,-9.1862,4955,5682,727,0.8720520943329814
enzyme,D03845,60692,Sezolamide Hydrochloride,hsa:23632,Q9ULX7,2,10,13,1,374.9,374.0195483,151,547,0,3,7,4,21,0,1,1,0,0,0,0,2,,,,,,,,,,,0,,374.9,337,37668,0,-7.5427,6984,7370,386,0.9476255088195387
enzyme,D03845,60692,Sezolamide Hydrochloride,hsa:377677,Q8N1Q1,1,10,13,1,374.9,374.0195483,151,547,0,3,7,4,21,0,1,1,0,0,0,0,2,,,,,,,,,,,0,,374.9,262,29443,2,-6.3737,4775,7370,2595,0.6478968792401628
enzyme,D03845,60692,Sezolamide Hydrochloride,hsa:759,P00915,2,21,13,1,374.9,374.0195483,151,547,0,3,7,4,21,0,1,1,0,0,0,0,2,,,,,,,,,,,0,,374.9,261,28870,1,-6.697,5617,7370,1753,0.7621438263229308
enzyme,D03845,60692,Sezolamide Hydrochloride,hsa:760,P00918,2,19,13,1,374.9,374.0195483,151,547,0,3,7,4,21,0,1,1,0,0,0,0,2,,,,,,,,,,,0,,374.9,260,29246,0,-6.1713,4112,7370,3258,0.5579375848032564
enzyme,D03845,60692,Sezolamide Hydrochloride,hsa:761,P07451,2,10,13,1,374.9,374.0195483,151,547,0,3,7,4,21,0,1,1,0,0,0,0,2,,,,,,,,,,,0,,374.9,260,29557,2,-6.431,4935,7370,2435,0.669606512890095
enzyme,D03845,60692,Sezolamide Hydrochloride,hsa:762,P22748,1,18,13,1,374.9,374.0195483,151,547,0,3,7,4,21,0,1,1,0,0,0,0,2,,,,,,,,,,,0,,374.9,312,35032,0,-6.7001,5624,7370,1746,0.7630936227951153
enzyme,D03845,60692,Sezolamide Hydrochloride,hsa:765,P23280,2,10,13,1,374.9,374.0195483,151,547,0,3,7,4,21,0,1,1,0,0,0,0,2,,,,,,,,,,,0,,374.9,308,35367,0,-6.4359,4947,7370,2423,0.6712347354138399
enzyme,D03845,60692,Sezolamide Hydrochloride,hsa:766,P43166,1,10,13,1,374.9,374.0195483,151,547,0,3,7,4,21,0,1,1,0,0,0,0,2,,,,,,,,,,,0,,374.9,264,29658,0,-7.0594,6381,7370,989,0.8658073270013569
enzyme,D03845,60692,Sezolamide Hydrochloride,hsa:767,P35219,1,10,13,1,374.9,374.0195483,151,547,0,3,7,4,21,0,1,1,0,0,0,0,2,,,,,,,,,,,0,,374.9,290,32973,11,-6.3882,4827,7370,2543,0.6549525101763908
enzyme,D03845,60692,Sezolamide Hydrochloride,hsa:768,Q16790,2,10,13,1,374.9,374.0195483,151,547,0,3,7,4,21,0,1,1,0,0,0,0,2,,,,,,,,,,,0,,374.9,459,49698,2,-6.9016,6070,7370,1300,0.8236092265943012
enzyme,D03845,60692,Sezolamide Hydrochloride,hsa:771,O43570,1,10,13,1,374.9,374.0195483,151,547,0,3,7,4,21,0,1,1,0,0,0,0,2,,,,,,,,,,,0,,374.9,354,39451,0,-7.564,7002,7370,368,0.9500678426051561
enzyme,D03882,1967,Docebenone,hsa:240,P09917,1,11,1,1,326.4,326.1881947,54.4,692,0,1,3,6,24,0,0,0,0,0,0,0,1,276.7,7,3,1,0,0,1,2,0.8,6,10,3.9,326.4,674,77983,24,-7.2248,6132,7522,1390,0.8152087210848179
enzyme,D03899,31703,Doxorubicin,hsa:7153,P11388,1,15,2,1,543.5,543.1740607,206,977,0,6,12,5,39,0,6,6,0,0,0,0,1,385.7,21,9,6,0,1,5,0,1,7,10,1.3,543.5,1531,174385,4,-8.5951,6053,7409,1356,0.8169793494398704
enzyme,D03899,31703,Doxorubicin,hsa:7155,Q02880,1,15,2,1,543.5,543.1740607,206,977,0,6,12,5,39,0,6,6,0,0,0,0,1,385.7,21,9,6,0,1,5,0,1,7,10,1.3,543.5,1626,183267,1,-9.2567,6826,7409,583,0.9213119179376434
enzyme,D04023,176871,Erlotinib Hydrochloride,hsa:10461,Q12866,1,8,53,1,429.9,429.1455339,74.7,525,0,2,7,11,30,0,0,0,0,0,0,0,2,,,,,,,,,,,0,,429.9,999,110249,0,-6.74,4090,6959,2869,0.5877281218565886
enzyme,D04023,176871,Erlotinib Hydrochloride,hsa:1436,P07333,1,8,53,1,429.9,429.1455339,74.7,525,0,2,7,11,30,0,0,0,0,0,0,0,2,,,,,,,,,,,0,,429.9,972,107984,4,-8.8662,6832,6959,127,0.9817502514729127
enzyme,D04023,176871,Erlotinib Hydrochloride,hsa:1956,P00533,4,8,53,1,429.9,429.1455339,74.7,525,0,2,7,11,30,0,0,0,0,0,0,0,2,,,,,,,,,,,0,,429.9,1210,134277,191,-6.6209,3762,6959,3197,0.5405949130622216
enzyme,D04023,176871,Erlotinib Hydrochloride,hsa:1969,P29317,1,8,53,1,429.9,429.1455339,74.7,525,0,2,7,11,30,0,0,0,0,0,0,0,2,,,,,,,,,,,0,,429.9,976,108266,13,-5.5501,960,6959,5999,0.13795085500790344
enzyme,D04023,176871,Erlotinib Hydrochloride,hsa:2042,P29320,3,8,53,1,429.9,429.1455339,74.7,525,0,2,7,11,30,0,0,0,0,0,0,0,2,,,,,,,,,,,0,,429.9,983,110131,2,-7.1726,5080,6959,1879,0.729989941083489
enzyme,D04023,176871,Erlotinib Hydrochloride,hsa:2043,P54764,1,8,53,1,429.9,429.1455339,74.7,525,0,2,7,11,30,0,0,0,0,0,0,0,2,,,,,,,,,,,0,,429.9,986,109860,8,-6.347,3008,6959,3951,0.43224601235809745
enzyme,D04023,176871,Erlotinib Hydrochloride,hsa:2044,P54756,5,8,53,1,429.9,429.1455339,74.7,525,0,2,7,11,30,0,0,0,0,0,0,0,2,,,,,,,,,,,0,,429.9,1037,114803,2,-7.172,5077,6959,1882,0.7295588446615893
enzyme,D04023,176871,Erlotinib Hydrochloride,hsa:2045,Q15375,1,8,53,1,429.9,429.1455339,74.7,525,0,2,7,11,30,0,0,0,0,0,0,0,2,,,,,,,,,,,0,,429.9,998,112097,8,-7.1195,4977,6959,1982,0.7151889639315994
enzyme,D04023,176871,Erlotinib Hydrochloride,hsa:2046,P29322,1,8,53,1,429.9,429.1455339,74.7,525,0,2,7,11,30,0,0,0,0,0,0,0,2,,,,,,,,,,,0,,429.9,1005,111003,0,-6.897,4478,6959,2481,0.6434832590889495
enzyme,D04023,176871,Erlotinib Hydrochloride,hsa:2047,P54762,1,8,53,1,429.9,429.1455339,74.7,525,0,2,7,11,30,0,0,0,0,0,0,0,2,,,,,,,,,,,0,,429.9,984,109885,3,-7.6144,5836,6959,1123,0.8386262394022129
enzyme,D04023,176871,Erlotinib Hydrochloride,hsa:2048,P29323,4,8,53,1,429.9,429.1455339,74.7,525,0,2,7,11,30,0,0,0,0,0,0,0,2,,,,,,,,,,,0,,429.9,1055,117493,10,-6.9802,4673,6959,2286,0.67150452651243
enzyme,D04023,176871,Erlotinib Hydrochloride,hsa:2049,P54753,1,8,53,1,429.9,429.1455339,74.7,525,0,2,7,11,30,0,0,0,0,0,0,0,2,,,,,,,,,,,0,,429.9,998,110330,2,-8.059,6406,6959,553,0.9205345595631557
enzyme,D04023,176871,Erlotinib Hydrochloride,hsa:2050,P54760,3,8,53,1,429.9,429.1455339,74.7,525,0,2,7,11,30,0,0,0,0,0,0,0,2,,,,,,,,,,,0,,429.9,987,108270,5,-7.642,5877,6959,1082,0.8445178905015088
enzyme,D04023,176871,Erlotinib Hydrochloride,hsa:2064,P04626,2,8,53,1,429.9,429.1455339,74.7,525,0,2,7,11,30,0,0,0,0,0,0,0,2,,,,,,,,,,,0,,429.9,1255,137910,85,-7.8696,6211,6959,748,0.8925132921396752
enzyme,D04023,176871,Erlotinib Hydrochloride,hsa:2065,P21860,1,8,53,1,429.9,429.1455339,74.7,525,0,2,7,11,30,0,0,0,0,0,0,0,2,,,,,,,,,,,0,,429.9,1342,148098,32,-6.875,4433,6959,2526,0.6370168127604541
enzyme,D04023,176871,Erlotinib Hydrochloride,hsa:2066,Q15303,1,8,53,1,429.9,429.1455339,74.7,525,0,2,7,11,30,0,0,0,0,0,0,0,2,,,,,,,,,,,0,,429.9,1308,146808,17,-6.4387,3277,6959,3682,0.4709009915217704
enzyme,D04023,176871,Erlotinib Hydrochloride,hsa:2260,P11362,1,8,53,1,429.9,429.1455339,74.7,525,0,2,7,11,30,0,0,0,0,0,0,0,2,,,,,,,,,,,0,,429.9,822,91868,24,-8.0572,6404,6959,555,0.9202471619485558
enzyme,D04023,176871,Erlotinib Hydrochloride,hsa:2261,P22607,2,8,53,1,429.9,429.1455339,74.7,525,0,2,7,11,30,0,0,0,0,0,0,0,2,,,,,,,,,,,0,,429.9,806,87710,308,-7.5155,5673,6959,1286,0.8152033338123293
enzyme,D04023,176871,Erlotinib Hydrochloride,hsa:2263,P21802,1,8,53,1,429.9,429.1455339,74.7,525,0,2,7,11,30,0,0,0,0,0,0,0,2,,,,,,,,,,,0,,429.9,821,92025,14,-8.2251,6522,6959,437,0.9372036212099439
enzyme,D04023,176871,Erlotinib Hydrochloride,hsa:2264,P22455,1,8,53,1,429.9,429.1455339,74.7,525,0,2,7,11,30,0,0,0,0,0,0,0,2,,,,,,,,,,,0,,429.9,802,87954,3,-7.8926,6236,6959,723,0.8961057623221728
enzyme,D04023,176871,Erlotinib Hydrochloride,hsa:2322,P36888,1,8,53,1,429.9,429.1455339,74.7,525,0,2,7,11,30,0,0,0,0,0,0,0,2,,,,,,,,,,,0,,429.9,993,112903,12,-7.3323,5384,6959,1575,0.7736743785026584
enzyme,D04023,176871,Erlotinib Hydrochloride,hsa:2324,P35916,1,8,53,1,429.9,429.1455339,74.7,525,0,2,7,11,30,0,0,0,0,0,0,0,2,,,,,,,,,,,0,,429.9,1363,152757,3,-6.4333,3261,6959,3698,0.46860181060497197
enzyme,D04023,176871,Erlotinib Hydrochloride,hsa:238,Q9UM73,2,8,53,1,429.9,429.1455339,74.7,525,0,2,7,11,30,0,0,0,0,0,0,0,2,,,,,,,,,,,0,,429.9,1620,176442,6,-6.2411,2698,6959,4261,0.3876993820951286
enzyme,D04023,176871,Erlotinib Hydrochloride,hsa:3480,P08069,1,8,53,1,429.9,429.1455339,74.7,525,0,2,7,11,30,0,0,0,0,0,0,0,2,,,,,,,,,,,0,,429.9,1367,154793,21,-6.9973,4705,6959,2254,0.6761028883460267
enzyme,D04023,176871,Erlotinib Hydrochloride,hsa:3791,P35968,1,8,53,1,429.9,429.1455339,74.7,525,0,2,7,11,30,0,0,0,0,0,0,0,2,,,,,,,,,,,0,,429.9,1356,151527,20,-6.7066,4004,6959,2955,0.5753700244287973
enzyme,D04023,176871,Erlotinib Hydrochloride,hsa:3815,P10721,1,8,53,1,429.9,429.1455339,74.7,525,0,2,7,11,30,0,0,0,0,0,0,0,2,,,,,,,,,,,0,,429.9,976,109865,50,-7.5907,5795,6959,1164,0.8327345883029171
enzyme,D04023,176871,Erlotinib Hydrochloride,hsa:4058,P29376,1,8,53,1,429.9,429.1455339,74.7,525,0,2,7,11,30,0,0,0,0,0,0,0,2,,,,,,,,,,,0,,429.9,864,91681,3,-6.7782,4203,6959,2756,0.6039660870814773
enzyme,D04023,176871,Erlotinib Hydrochloride,hsa:4233,P08581,1,8,53,1,429.9,429.1455339,74.7,525,0,2,7,11,30,0,0,0,0,0,0,0,2,,,,,,,,,,,0,,429.9,1390,155541,60,-6.8842,4451,6959,2508,0.6396033912918523
enzyme,D04023,176871,Erlotinib Hydrochloride,hsa:4486,Q04912,1,8,53,1,429.9,429.1455339,74.7,525,0,2,7,11,30,0,0,0,0,0,0,0,2,,,,,,,,,,,0,,429.9,1400,152241,4,-7.1893,5109,6959,1850,0.7341572064951861
enzyme,D04023,176871,Erlotinib Hydrochloride,hsa:4914,P04629,1,8,53,1,429.9,429.1455339,74.7,525,0,2,7,11,30,0,0,0,0,0,0,0,2,,,,,,,,,,,0,,429.9,796,87497,14,-6.8544,4387,6959,2572,0.6304066676246587
enzyme,D04023,176871,Erlotinib Hydrochloride,hsa:4915,Q16620,3,8,53,1,429.9,429.1455339,74.7,525,0,2,7,11,30,0,0,0,0,0,0,0,2,,,,,,,,,,,0,,429.9,822,91999,2,-8.5872,6722,6959,237,0.9659433826699239
enzyme,D04023,176871,Erlotinib Hydrochloride,hsa:4916,Q16288,2,8,53,1,429.9,429.1455339,74.7,525,0,2,7,11,30,0,0,0,0,0,0,0,2,,,,,,,,,,,0,,429.9,839,94428,12,-8.5595,6713,6959,246,0.9646500934042247
enzyme,D04023,176871,Erlotinib Hydrochloride,hsa:4919,Q01973,1,8,53,1,429.9,429.1455339,74.7,525,0,2,7,11,30,0,0,0,0,0,0,0,2,,,,,,,,,,,0,,429.9,937,104283,3,-6.6713,3899,6959,3060,0.5602816496623078
enzyme,D04023,176871,Erlotinib Hydrochloride,hsa:4920,Q01974,1,8,53,1,429.9,429.1455339,74.7,525,0,2,7,11,30,0,0,0,0,0,0,0,2,,,,,,,,,,,0,,429.9,943,104757,29,-5.8961,1710,6959,5249,0.245724960482828
enzyme,D04023,176871,Erlotinib Hydrochloride,hsa:4921,Q16832,1,8,53,1,429.9,429.1455339,74.7,525,0,2,7,11,30,0,0,0,0,0,0,0,2,,,,,,,,,,,0,,429.9,855,96736,5,-8.4399,6653,6959,306,0.9560281649662308
enzyme,D04023,176871,Erlotinib Hydrochloride,hsa:5156,P16234,1,8,53,1,429.9,429.1455339,74.7,525,0,2,7,11,30,0,0,0,0,0,0,0,2,,,,,,,,,,,0,,429.9,1089,122670,13,-7.2408,5215,6959,1744,0.7493892800689754
enzyme,D04023,176871,Erlotinib Hydrochloride,hsa:5159,P09619,2,8,53,1,429.9,429.1455339,74.7,525,0,2,7,11,30,0,0,0,0,0,0,0,2,,,,,,,,,,,0,,429.9,1106,123968,32,-6.2405,2694,6959,4265,0.387124586865929
enzyme,D04023,176871,Erlotinib Hydrochloride,hsa:558,P30530,1,8,53,1,429.9,429.1455339,74.7,525,0,2,7,11,30,0,0,0,0,0,0,0,2,,,,,,,,,,,0,,429.9,894,98337,7,-6.797,4254,6959,2705,0.6112947262537721
enzyme,D04023,176871,Erlotinib Hydrochloride,hsa:5754,Q13308,1,8,53,1,429.9,429.1455339,74.7,525,0,2,7,11,30,0,0,0,0,0,0,0,2,,,,,,,,,,,0,,429.9,1070,118392,6,-7.3862,5472,6959,1487,0.7863198735450496
enzyme,D04023,176871,Erlotinib Hydrochloride,hsa:5979,P07949,1,8,53,1,429.9,429.1455339,74.7,525,0,2,7,11,30,0,0,0,0,0,0,0,2,,,,,,,,,,,0,,429.9,1114,124319,7,-6.1047,2285,6959,4674,0.32835177468027016
enzyme,D04023,176871,Erlotinib Hydrochloride,hsa:6098,P08922,1,8,53,1,429.9,429.1455339,74.7,525,0,2,7,11,30,0,0,0,0,0,0,0,2,,,,,,,,,,,0,,429.9,2347,263915,2,-7.8095,6128,6959,831,0.8805862911337836
enzyme,D04023,176871,Erlotinib Hydrochloride,hsa:6259,P34925,3,8,53,1,429.9,429.1455339,74.7,525,0,2,7,11,30,0,0,0,0,0,0,0,2,,,,,,,,,,,0,,429.9,607,67815,0,-6.3616,3055,6959,3904,0.4389998563011927
enzyme,D04023,176871,Erlotinib Hydrochloride,hsa:7010,Q02763,2,8,53,1,429.9,429.1455339,74.7,525,0,2,7,11,30,0,0,0,0,0,0,0,2,,,,,,,,,,,0,,429.9,1124,125830,10,-8.0142,6368,6959,591,0.9150740048857594
enzyme,D04023,176871,Erlotinib Hydrochloride,hsa:7075,P35590,1,8,53,1,429.9,429.1455339,74.7,525,0,2,7,11,30,0,0,0,0,0,0,0,2,,,,,,,,,,,0,,429.9,1138,125090,6,-5.1939,549,6959,6410,0.07889064520764477
enzyme,D04023,176871,Erlotinib Hydrochloride,hsa:7301,Q06418,1,8,53,1,429.9,429.1455339,74.7,525,0,2,7,11,30,0,0,0,0,0,0,0,2,,,,,,,,,,,0,,429.9,890,96905,12,-5.7779,1418,6959,5541,0.20376490875125736
enzyme,D04023,176871,Erlotinib Hydrochloride,hsa:780,Q08345,1,8,53,1,429.9,429.1455339,74.7,525,0,2,7,11,30,0,0,0,0,0,0,0,2,,,,,,,,,,,0,,429.9,913,101128,4,-6.4104,3205,6959,3754,0.4605546773961776
enzyme,D04025,6444692,Mubritinib,hsa:10461,Q12866,1,8,53,1,468.5,468.1773105,66,620,0,0,8,10,34,0,0,0,0,1,1,0,1,358.9,5,1,0,0,0,4,0,1,11,10,5.4,468.5,999,110249,0,-8.8123,5925,7372,1447,0.8037167661421595
enzyme,D04025,6444692,Mubritinib,hsa:1436,P07333,1,8,53,1,468.5,468.1773105,66,620,0,0,8,10,34,0,0,0,0,1,1,0,1,358.9,5,1,0,0,0,4,0,1,11,10,5.4,468.5,972,107984,4,-9.3846,6583,7372,789,0.8929734129137277
enzyme,D04025,6444692,Mubritinib,hsa:1956,P00533,4,8,53,1,468.5,468.1773105,66,620,0,0,8,10,34,0,0,0,0,1,1,0,1,358.9,5,1,0,0,0,4,0,1,11,10,5.4,468.5,1210,134277,191,-7.4435,2769,7372,4603,0.37561041779707
enzyme,D04025,6444692,Mubritinib,hsa:1969,P29317,1,8,53,1,468.5,468.1773105,66,620,0,0,8,10,34,0,0,0,0,1,1,0,1,358.9,5,1,0,0,0,4,0,1,11,10,5.4,468.5,976,108266,13,-7.0802,1810,7372,5562,0.24552360282148672
enzyme,D04025,6444692,Mubritinib,hsa:2041,P21709,1,8,53,1,468.5,468.1773105,66,620,0,0,8,10,34,0,0,0,0,1,1,0,1,358.9,5,1,0,0,0,4,0,1,11,10,5.4,468.5,976,108127,0,-6.3781,678,7372,6694,0.09196961475854584
enzyme,D04025,6444692,Mubritinib,hsa:2042,P29320,3,8,53,1,468.5,468.1773105,66,620,0,0,8,10,34,0,0,0,0,1,1,0,1,358.9,5,1,0,0,0,4,0,1,11,10,5.4,468.5,983,110131,2,-7.7024,3504,7372,3868,0.47531199131850244
enzyme,D04025,6444692,Mubritinib,hsa:2043,P54764,1,8,53,1,468.5,468.1773105,66,620,0,0,8,10,34,0,0,0,0,1,1,0,1,358.9,5,1,0,0,0,4,0,1,11,10,5.4,468.5,986,109860,8,-7.5431,3068,7372,4304,0.41616928920238744
enzyme,D04025,6444692,Mubritinib,hsa:2044,P54756,5,8,53,1,468.5,468.1773105,66,620,0,0,8,10,34,0,0,0,0,1,1,0,1,358.9,5,1,0,0,0,4,0,1,11,10,5.4,468.5,1037,114803,2,-8.7784,5881,7372,1491,0.7977482365708085
enzyme,D04025,6444692,Mubritinib,hsa:2045,Q15375,1,8,53,1,468.5,468.1773105,66,620,0,0,8,10,34,0,0,0,0,1,1,0,1,358.9,5,1,0,0,0,4,0,1,11,10,5.4,468.5,998,112097,8,-8.7256,5789,7372,1583,0.7852685838307107
enzyme,D04025,6444692,Mubritinib,hsa:2046,P29322,1,8,53,1,468.5,468.1773105,66,620,0,0,8,10,34,0,0,0,0,1,1,0,1,358.9,5,1,0,0,0,4,0,1,11,10,5.4,468.5,1005,111003,0,-7.8063,3790,7372,3582,0.5141074335322843
enzyme,D04025,6444692,Mubritinib,hsa:2047,P54762,1,8,53,1,468.5,468.1773105,66,620,0,0,8,10,34,0,0,0,0,1,1,0,1,358.9,5,1,0,0,0,4,0,1,11,10,5.4,468.5,984,109885,3,-8.2141,4775,7372,2597,0.6477211068909386
enzyme,D04025,6444692,Mubritinib,hsa:2048,P29323,4,8,53,1,468.5,468.1773105,66,620,0,0,8,10,34,0,0,0,0,1,1,0,1,358.9,5,1,0,0,0,4,0,1,11,10,5.4,468.5,1055,117493,10,-8.0059,4308,7372,3064,0.5843733043950081
enzyme,D04025,6444692,Mubritinib,hsa:2049,P54753,1,8,53,1,468.5,468.1773105,66,620,0,0,8,10,34,0,0,0,0,1,1,0,1,358.9,5,1,0,0,0,4,0,1,11,10,5.4,468.5,998,110330,2,-9.2766,6478,7372,894,0.8787303309820944
enzyme,D04025,6444692,Mubritinib,hsa:2050,P54760,3,8,53,1,468.5,468.1773105,66,620,0,0,8,10,34,0,0,0,0,1,1,0,1,358.9,5,1,0,0,0,4,0,1,11,10,5.4,468.5,987,108270,5,-8.5121,5423,7372,1949,0.7356212696690179
enzyme,D04025,6444692,Mubritinib,hsa:2064,P04626,2,8,53,1,468.5,468.1773105,66,620,0,0,8,10,34,0,0,0,0,1,1,0,1,358.9,5,1,0,0,0,4,0,1,11,10,5.4,468.5,1255,137910,85,-8.636,5643,7372,1729,0.7654639175257731
enzyme,D04025,6444692,Mubritinib,hsa:2065,P21860,1,8,53,1,468.5,468.1773105,66,620,0,0,8,10,34,0,0,0,0,1,1,0,1,358.9,5,1,0,0,0,4,0,1,11,10,5.4,468.5,1342,148098,32,-8.14,4610,7372,2762,0.6253391209983722
enzyme,D04025,6444692,Mubritinib,hsa:2066,Q15303,1,8,53,1,468.5,468.1773105,66,620,0,0,8,10,34,0,0,0,0,1,1,0,1,358.9,5,1,0,0,0,4,0,1,11,10,5.4,468.5,1308,146808,17,-8.3455,5063,7372,2309,0.6867878459034183
enzyme,D04025,6444692,Mubritinib,hsa:2260,P11362,1,8,53,1,468.5,468.1773105,66,620,0,0,8,10,34,0,0,0,0,1,1,0,1,358.9,5,1,0,0,0,4,0,1,11,10,5.4,468.5,822,91868,24,-8.6892,5743,7372,1629,0.7790287574606619
enzyme,D04025,6444692,Mubritinib,hsa:2261,P22607,2,8,53,1,468.5,468.1773105,66,620,0,0,8,10,34,0,0,0,0,1,1,0,1,358.9,5,1,0,0,0,4,0,1,11,10,5.4,468.5,806,87710,308,-7.6882,3457,7372,3915,0.46893651654910473
enzyme,D04025,6444692,Mubritinib,hsa:2263,P21802,1,8,53,1,468.5,468.1773105,66,620,0,0,8,10,34,0,0,0,0,1,1,0,1,358.9,5,1,0,0,0,4,0,1,11,10,5.4,468.5,821,92025,14,-9.5451,6729,7372,643,0.9127780792186653
enzyme,D04025,6444692,Mubritinib,hsa:2264,P22455,1,8,53,1,468.5,468.1773105,66,620,0,0,8,10,34,0,0,0,0,1,1,0,1,358.9,5,1,0,0,0,4,0,1,11,10,5.4,468.5,802,87954,3,-8.3763,5137,7372,2235,0.696825827455236
enzyme,D04025,6444692,Mubritinib,hsa:2322,P36888,1,8,53,1,468.5,468.1773105,66,620,0,0,8,10,34,0,0,0,0,1,1,0,1,358.9,5,1,0,0,0,4,0,1,11,10,5.4,468.5,993,112903,12,-9.1982,6395,7372,977,0.8674715138361367
enzyme,D04025,6444692,Mubritinib,hsa:2324,P35916,1,8,53,1,468.5,468.1773105,66,620,0,0,8,10,34,0,0,0,0,1,1,0,1,358.9,5,1,0,0,0,4,0,1,11,10,5.4,468.5,1363,152757,3,-7.4382,2752,7372,4620,0.3733043950081389
enzyme,D04025,6444692,Mubritinib,hsa:238,Q9UM73,2,8,53,1,468.5,468.1773105,66,620,0,0,8,10,34,0,0,0,0,1,1,0,1,358.9,5,1,0,0,0,4,0,1,11,10,5.4,468.5,1620,176442,6,-7.627,3294,7372,4078,0.446825827455236
enzyme,D04025,6444692,Mubritinib,hsa:3480,P08069,1,8,53,1,468.5,468.1773105,66,620,0,0,8,10,34,0,0,0,0,1,1,0,1,358.9,5,1,0,0,0,4,0,1,11,10,5.4,468.5,1367,154793,21,-8.4245,5233,7372,2139,0.7098480737927293
enzyme,D04025,6444692,Mubritinib,hsa:3791,P35968,1,8,53,1,468.5,468.1773105,66,620,0,0,8,10,34,0,0,0,0,1,1,0,1,358.9,5,1,0,0,0,4,0,1,11,10,5.4,468.5,1356,151527,20,-10.2795,7165,7372,207,0.9719207813347802
enzyme,D04025,6444692,Mubritinib,hsa:3815,P10721,1,8,53,1,468.5,468.1773105,66,620,0,0,8,10,34,0,0,0,0,1,1,0,1,358.9,5,1,0,0,0,4,0,1,11,10,5.4,468.5,976,109865,50,-9.0579,6246,7372,1126,0.8472599023331525
enzyme,D04025,6444692,Mubritinib,hsa:4058,P29376,1,8,53,1,468.5,468.1773105,66,620,0,0,8,10,34,0,0,0,0,1,1,0,1,358.9,5,1,0,0,0,4,0,1,11,10,5.4,468.5,864,91681,3,-7.6602,3378,7372,3994,0.45822029300054257
enzyme,D04025,6444692,Mubritinib,hsa:4233,P08581,1,8,53,1,468.5,468.1773105,66,620,0,0,8,10,34,0,0,0,0,1,1,0,1,358.9,5,1,0,0,0,4,0,1,11,10,5.4,468.5,1390,155541,60,-8.0728,4461,7372,2911,0.605127509495388
enzyme,D04025,6444692,Mubritinib,hsa:4486,Q04912,1,8,53,1,468.5,468.1773105,66,620,0,0,8,10,34,0,0,0,0,1,1,0,1,358.9,5,1,0,0,0,4,0,1,11,10,5.4,468.5,1400,152241,4,-9.0888,6278,7372,1094,0.8516006511123169
enzyme,D04025,6444692,Mubritinib,hsa:4914,P04629,1,8,53,1,468.5,468.1773105,66,620,0,0,8,10,34,0,0,0,0,1,1,0,1,358.9,5,1,0,0,0,4,0,1,11,10,5.4,468.5,796,87497,14,-7.6088,3240,7372,4132,0.4395008138903961
enzyme,D04025,6444692,Mubritinib,hsa:4915,Q16620,3,8,53,1,468.5,468.1773105,66,620,0,0,8,10,34,0,0,0,0,1,1,0,1,358.9,5,1,0,0,0,4,0,1,11,10,5.4,468.5,822,91999,2,-10.1113,7096,7372,276,0.962561041779707
enzyme,D04025,6444692,Mubritinib,hsa:4916,Q16288,2,8,53,1,468.5,468.1773105,66,620,0,0,8,10,34,0,0,0,0,1,1,0,1,358.9,5,1,0,0,0,4,0,1,11,10,5.4,468.5,839,94428,12,-10.5188,7233,7372,139,0.9811448724905046
enzyme,D04025,6444692,Mubritinib,hsa:4919,Q01973,1,8,53,1,468.5,468.1773105,66,620,0,0,8,10,34,0,0,0,0,1,1,0,1,358.9,5,1,0,0,0,4,0,1,11,10,5.4,468.5,937,104283,3,-9.866,6965,7372,407,0.9447911014650027
enzyme,D04025,6444692,Mubritinib,hsa:4920,Q01974,1,8,53,1,468.5,468.1773105,66,620,0,0,8,10,34,0,0,0,0,1,1,0,1,358.9,5,1,0,0,0,4,0,1,11,10,5.4,468.5,943,104757,29,-8.6281,5629,7372,1743,0.7635648399348888
enzyme,D04025,6444692,Mubritinib,hsa:4921,Q16832,1,8,53,1,468.5,468.1773105,66,620,0,0,8,10,34,0,0,0,0,1,1,0,1,358.9,5,1,0,0,0,4,0,1,11,10,5.4,468.5,855,96736,5,-10.3414,7181,7372,191,0.9740911557243624
enzyme,D04025,6444692,Mubritinib,hsa:5156,P16234,1,8,53,1,468.5,468.1773105,66,620,0,0,8,10,34,0,0,0,0,1,1,0,1,358.9,5,1,0,0,0,4,0,1,11,10,5.4,468.5,1089,122670,13,-8.1783,4692,7372,2680,0.636462289744981
enzyme,D04025,6444692,Mubritinib,hsa:5159,P09619,2,8,53,1,468.5,468.1773105,66,620,0,0,8,10,34,0,0,0,0,1,1,0,1,358.9,5,1,0,0,0,4,0,1,11,10,5.4,468.5,1106,123968,32,-7.4025,2649,7372,4723,0.3593326098752035
enzyme,D04025,6444692,Mubritinib,hsa:558,P30530,1,8,53,1,468.5,468.1773105,66,620,0,0,8,10,34,0,0,0,0,1,1,0,1,358.9,5,1,0,0,0,4,0,1,11,10,5.4,468.5,894,98337,7,-8.2926,4949,7372,2423,0.6713239283776451
enzyme,D04025,6444692,Mubritinib,hsa:5754,Q13308,1,8,53,1,468.5,468.1773105,66,620,0,0,8,10,34,0,0,0,0,1,1,0,1,358.9,5,1,0,0,0,4,0,1,11,10,5.4,468.5,1070,118392,6,-8.4972,5395,7372,1977,0.731823114487249
enzyme,D04025,6444692,Mubritinib,hsa:5979,P07949,1,8,53,1,468.5,468.1773105,66,620,0,0,8,10,34,0,0,0,0,1,1,0,1,358.9,5,1,0,0,0,4,0,1,11,10,5.4,468.5,1114,124319,7,-8.4039,5197,7372,2175,0.7049647314161693
enzyme,D04025,6444692,Mubritinib,hsa:6098,P08922,1,8,53,1,468.5,468.1773105,66,620,0,0,8,10,34,0,0,0,0,1,1,0,1,358.9,5,1,0,0,0,4,0,1,11,10,5.4,468.5,2347,263915,2,-8.2396,4851,7372,2521,0.6580303852414542
enzyme,D04025,6444692,Mubritinib,hsa:6259,P34925,3,8,53,1,468.5,468.1773105,66,620,0,0,8,10,34,0,0,0,0,1,1,0,1,358.9,5,1,0,0,0,4,0,1,11,10,5.4,468.5,607,67815,0,-7.4239,2700,7372,4672,0.36625067824199675
enzyme,D04025,6444692,Mubritinib,hsa:7010,Q02763,2,8,53,1,468.5,468.1773105,66,620,0,0,8,10,34,0,0,0,0,1,1,0,1,358.9,5,1,0,0,0,4,0,1,11,10,5.4,468.5,1124,125830,10,-7.9041,4049,7372,3323,0.5492403689636463
enzyme,D04025,6444692,Mubritinib,hsa:7075,P35590,1,8,53,1,468.5,468.1773105,66,620,0,0,8,10,34,0,0,0,0,1,1,0,1,358.9,5,1,0,0,0,4,0,1,11,10,5.4,468.5,1138,125090,6,-6.5191,810,7372,6562,0.10987520347259902
enzyme,D04025,6444692,Mubritinib,hsa:7301,Q06418,1,8,53,1,468.5,468.1773105,66,620,0,0,8,10,34,0,0,0,0,1,1,0,1,358.9,5,1,0,0,0,4,0,1,11,10,5.4,468.5,890,96905,12,-6.7297,1093,7372,6279,0.14826370048833423
enzyme,D04025,6444692,Mubritinib,hsa:780,Q08345,1,8,53,1,468.5,468.1773105,66,620,0,0,8,10,34,0,0,0,0,1,1,0,1,358.9,5,1,0,0,0,4,0,1,11,10,5.4,468.5,913,101128,4,-7.2714,2310,7372,5062,0.3133478024959305
enzyme,D04029,204101,Razaxaban Hydrochloride,hsa:2159,P00742,2,5,1,1,564.9,564.1412123,120,838,0,3,11,6,39,0,0,0,0,0,0,0,2,,,,,,,,,,,0,,564.9,488,54732,3,-9.629,6037,7144,1107,0.8450447928331467
enzyme,D04031,472335,Rubitecan,hsa:7150,P11387,2,6,4,1,393.3,393.0960852,126,861,0,1,7,1,29,0,1,1,0,0,0,0,1,282.6,14,6,1,1,0,5,1,0.8,2.8,1,0.8,393.3,765,90726,4,-8.8478,5952,7377,1425,0.8068320455469703
enzyme,D04031,472335,Rubitecan,hsa:7156,Q13472,1,6,4,1,393.3,393.0960852,126,861,0,1,7,1,29,0,1,1,0,0,0,0,1,282.6,14,6,1,1,0,5,1,0.8,2.8,1,0.8,393.3,1001,112372,2,-10.193,7144,7377,233,0.9684153449911889
enzyme,D04031,472335,Rubitecan,hsa:8940,O95985,1,6,4,1,393.3,393.0960852,126,861,0,1,7,1,29,0,1,1,0,0,0,0,1,282.6,14,6,1,1,0,5,1,0.8,2.8,1,0.8,393.3,862,96662,13,-8.897,6029,7377,1348,0.8172698929103972
enzyme,D04092,8366,Etryptamine Acetate,hsa:4128,P21397,3,19,2,1,248.32,248.1524779,79.1,212,0,3,3,3,18,0,1,0,1,0,0,0,2,,,,,,,,,,,0,,248.32,527,59682,1,-9.3584,6782,7196,414,0.9424680377987771
enzyme,D04092,8366,Etryptamine Acetate,hsa:4129,P27338,1,20,2,1,248.32,248.1524779,79.1,212,0,3,3,3,18,0,1,0,1,0,0,0,2,,,,,,,,,,,0,,248.32,520,58763,20,-10.0172,7090,7196,106,0.9852695942190106
enzyme,D04197,5790,Floxuridine,hsa:7298,P04818,2,7,1,1,246.19,246.0651996,99.1,386,0,3,6,2,17,0,3,3,0,0,0,0,1,170.6,10,5,3,0,0,2,0,0.6,3,10,-1.2,246.19,313,35716,0,-6.6633,5523,7322,1799,0.754302103250478
enzyme,D04292,9651,(-)-Galantamine,hsa:43,P22303,1,23,1,1,287.35,287.1521435,41.9,440,0,1,4,1,21,0,3,3,0,0,0,0,1,218.5,9,3,1,0,1,4,0,0.6,2.4,4,1.8,287.35,614,67796,3,-7.136,5263,7464,2201,0.705117899249732
enzyme,D04983,876,(+-)-Methionine,hsa:4143,Q00266,1,1,4,1,149.21,149.0510498,88.6,97,0,2,4,4,9,0,1,0,1,0,0,0,1,113.8,6,2,1,1,1,0,1,0.6,4,10,-1.9,149.21,395,43648,4,-3.8599,2685,7411,4726,0.36229928484684926
enzyme,D04983,876,(+-)-Methionine,hsa:4548,Q99707,1,2,4,1,149.21,149.0510498,88.6,97,0,2,4,4,9,0,1,0,1,0,0,0,1,113.8,6,2,1,1,1,0,1,0.6,4,10,-1.9,149.21,1265,140527,1,-4.4725,6047,7411,1364,0.8159492646066657
enzyme,D04983,876,(+-)-Methionine,hsa:4552,Q9UBK8,1,2,4,1,149.21,149.0510498,88.6,97,0,2,4,4,9,0,1,0,1,0,0,0,1,113.8,6,2,1,1,1,0,1,0.6,4,10,-1.9,149.21,698,77674,1,-4.2509,4897,7411,2514,0.6607745243556875
enzyme,D05341,985,Palmitic Acid,hsa:1558,P10632,1,22,2,1,256.42,256.2402303,37.3,178,0,1,2,14,18,0,0,0,0,0,0,0,1,229.5,4,2,0,1,0,0,1,1.4,14,10,6.4,256.42,490,55825,3,-6.6864,7382,7528,146,0.980605738575983
enzyme,D05341,985,Palmitic Acid,hsa:5538,P50897,1,1,2,1,256.42,256.2402303,37.3,178,0,1,2,14,18,0,0,0,0,0,0,0,1,229.5,4,2,0,1,0,0,1,1.4,14,10,6.4,256.42,306,34193,8,-4.9789,4651,7528,2877,0.617826780021254
enzyme,D05353,4679,Pantoprazole,hsa:1557,P33261,1,27,4,1,383.4,383.0751335,106,490,0,1,9,7,26,0,1,0,1,0,0,0,1,274.3,10,5,1,0,1,3,0,0.8,7,10,2.4,383.4,490,55945,0,-8.4187,6841,7306,465,0.9363536819052833
enzyme,D05353,4679,Pantoprazole,hsa:1559,P11712,1,25,4,1,383.4,383.0751335,106,490,0,1,9,7,26,0,1,0,1,0,0,0,1,274.3,10,5,1,0,1,3,0,0.8,7,10,2.4,383.4,490,55628,0,-8.281,6674,7306,632,0.913495756912127
enzyme,D05353,4679,Pantoprazole,hsa:1576,P08684,2,34,4,1,383.4,383.0751335,106,490,0,1,9,7,26,0,1,0,1,0,0,0,1,274.3,10,5,1,0,1,3,0,0.8,7,10,2.4,383.4,503,57343,2,-8.574,6957,7306,349,0.9522310429783739
enzyme,D05407,135398748,Penciclovir,hsa:30,P09110,2,7,1,1,253.26,253.1174894,126,344,0,4,5,5,18,0,0,0,0,0,0,0,1,183.5,10,3,4,0,1,2,0,0.6,5,10,-1.9,253.26,424,44292,2,-5.7833,3890,7318,3428,0.5315660016397923
enzyme,D05458,4771,Phentermine,hsa:4129,P27338,1,20,1,1,149.23,149.1204495,26,112,0,1,1,2,11,0,0,0,0,0,0,0,1,130.7,4,0,1,0,1,1,1,0.4,2,4,1.9,149.23,520,58763,20,-6.3735,7160,7573,413,0.9454641489502179
enzyme,D06238,5583,Trimetrexate,hsa:1719,P00374,2,7,1,1,369.4,369.1800896,118,457,0,3,8,6,27,0,0,0,0,0,0,0,1,281.5,11,3,3,0,2,3,0,0.8,6,10,2.5,369.4,187,21453,0,-8.4859,6984,7446,462,0.9379532634971797
gpcr,D00059,6047,Levodopa,hsa:1812,P21728,1,14,2,1,197.19,197.0688078,104,209,0,4,5,3,14,0,1,1,0,0,0,0,1,147.5,8,2,3,1,1,1,0,0.6,3,10,-2.7,197.19,446,49293,5,-6.883,6890,7466,576,0.9228502544870077
gpcr,D00059,6047,Levodopa,hsa:1813,P14416,1,22,2,1,197.19,197.0688078,104,209,0,4,5,3,14,0,1,1,0,0,0,0,1,147.5,8,2,3,1,1,1,0,0.6,3,10,-2.7,197.19,443,50619,3,-7.2769,7297,7466,169,0.9773640503616394
gpcr,D00095,5816,Epinephrine,hsa:153,P08588,1,31,3,1,183.2,183.0895433,72.7,154,0,4,4,3,13,0,1,1,0,0,0,0,1,142.6,7,1,4,0,1,1,0,0.6,3,10,-1.4,183.2,477,51224,5,-6.3894,6843,7532,689,0.9085236325013276
gpcr,D00095,5816,Epinephrine,hsa:154,P07550,2,35,3,1,183.2,183.0895433,72.7,154,0,4,4,3,13,0,1,1,0,0,0,0,1,142.6,7,1,4,0,1,1,0,0.6,3,10,-1.4,183.2,413,46459,24,-6.5466,7111,7532,421,0.944105151354222
gpcr,D00110,122142,Cocaine (USP),hsa:1812,P21728,1,14,3,1,303.35,303.1470582,55.8,432,0,0,5,5,22,0,4,3,1,0,0,0,1,233.9,5,2,0,0,1,2,0,0.8,6.2,10,2.3,303.35,446,49293,5,-7.2278,5886,7525,1639,0.7821926910299003
gpcr,D00110,122142,Cocaine (USP),hsa:1814,P35462,3,13,3,1,303.35,303.1470582,55.8,432,0,0,5,5,22,0,4,3,1,0,0,0,1,233.9,5,2,0,0,1,2,0,0.8,6.2,10,2.3,303.35,400,44195,0,-7.8257,6878,7525,647,0.9140199335548173
gpcr,D00110,122142,Cocaine (USP),hsa:4986,P41145,1,4,3,1,303.35,303.1470582,55.8,432,0,0,5,5,22,0,4,3,1,0,0,0,1,233.9,5,2,0,0,1,2,0,0.8,6.2,10,2.3,303.35,380,42645,3,-7.728,6737,7525,788,0.8952823920265781
gpcr,D00113,174174,Npc209773,hsa:1128,P11229,2,27,5,1,289.4,289.1677936,49.8,353,0,1,4,5,21,0,3,2,1,0,0,0,1,228.6,6,2,1,0,1,2,0,0.8,6.2,10,1.8,289.4,460,51421,0,-8.7431,7386,7463,77,0.9896824333377998
gpcr,D00113,174174,Npc209773,hsa:1129,P08172,4,21,5,1,289.4,289.1677936,49.8,353,0,1,4,5,21,0,3,2,1,0,0,0,1,228.6,6,2,1,0,1,2,0,0.8,6.2,10,1.8,289.4,466,51715,0,-9.5836,7460,7463,3,0.9995980168832909
gpcr,D00113,174174,Npc209773,hsa:1131,P20309,1,12,5,1,289.4,289.1677936,49.8,353,0,1,4,5,21,0,3,2,1,0,0,0,1,228.6,6,2,1,0,1,2,0,0.8,6.2,10,1.8,289.4,590,66128,2,-7.0238,5433,7463,2030,0.7279914243601768
gpcr,D00113,174174,Npc209773,hsa:1132,P08173,1,8,5,1,289.4,289.1677936,49.8,353,0,1,4,5,21,0,3,2,1,0,0,0,1,228.6,6,2,1,0,1,2,0,0.8,6.2,10,1.8,289.4,479,53049,0,-8.6437,7352,7463,111,0.9851266246817634
gpcr,D00113,174174,Npc209773,hsa:1133,P08912,1,7,5,1,289.4,289.1677936,49.8,353,0,1,4,5,21,0,3,2,1,0,0,0,1,228.6,6,2,1,0,1,2,0,0.8,6.2,10,1.8,289.4,532,60074,1,-8.5806,7330,7463,133,0.9821787484925633
gpcr,D00136,3559,Haloperidol,hsa:150,P08913,1,29,4,1,375.9,375.1401348,40.5,451,0,1,4,6,26,0,0,0,0,0,0,0,1,289.9,7,2,1,0,1,3,0,0.8,7.2,10,3.2,375.9,465,50647,0,-9.1026,6591,7303,712,0.9025058195262221
gpcr,D00136,3559,Haloperidol,hsa:151,P18089,1,25,4,1,375.9,375.1401348,40.5,451,0,1,4,6,26,0,0,0,0,0,0,0,1,289.9,7,2,1,0,1,3,0,0.8,7.2,10,3.2,375.9,450,49954,1,-8.076,5265,7303,2038,0.7209366013966862
gpcr,D00136,3559,Haloperidol,hsa:1813,P14416,1,22,4,1,375.9,375.1401348,40.5,451,0,1,4,6,26,0,0,0,0,0,0,0,1,289.9,7,2,1,0,1,3,0,0.8,7.2,10,3.2,375.9,443,50619,3,-10.9739,7286,7303,17,0.9976721895111598
gpcr,D00136,3559,Haloperidol,hsa:1814,P35462,3,13,4,1,375.9,375.1401348,40.5,451,0,1,4,6,26,0,0,0,0,0,0,0,1,289.9,7,2,1,0,1,3,0,0.8,7.2,10,3.2,375.9,400,44195,0,-9.7243,7009,7303,294,0.95974257154594
gpcr,D00139,4114,8-Methoxypsoralen,hsa:3577,P25024,1,10,1,1,216.19,216.0422587,48.7,325,0,0,4,1,16,0,0,0,0,0,0,0,1,163.1,6,3,0,0,0,3,0,0.6,1,1,1.9,216.19,350,39791,4,-7.8731,7260,7573,313,0.9586689554998019
gpcr,D00180,5280723,Alprostadil,hsa:5732,P43116,1,3,3,1,354.5,354.2406242,94.8,432,0,3,5,13,25,0,4,4,0,1,1,0,1,292.9,13,5,2,1,0,1,4,1.2,13.8,10,3.2,354.5,358,39761,0,-7.4824,7137,7522,385,0.9488168040414783
gpcr,D00225,2118,Alprazolam,hsa:3577,P25024,1,10,1,1,308.8,308.0828741,43.1,434,0,0,3,1,22,0,0,0,0,0,0,0,1,233.4,7,1,0,0,2,4,0,0.6,1.2,1,2.1,308.8,350,39791,4,-8.2125,5805,7465,1660,0.7776289350301406
gpcr,D00232,657201,Anisotropine methylbromide,hsa:1128,P11229,2,27,3,1,362.3,361.16164,26.3,318,0,0,3,7,21,0,2,2,0,0,0,0,2,,,,,,,,,,,0,,362.3,460,51421,0,-1.2973,7289,7611,322,0.957692813033767
gpcr,D00232,657201,Anisotropine methylbromide,hsa:1129,P08172,4,21,3,1,362.3,361.16164,26.3,318,0,0,3,7,21,0,2,2,0,0,0,0,2,,,,,,,,,,,0,,362.3,466,51715,0,-1.1812,6361,7611,1250,0.8357640257522008
gpcr,D00232,657201,Anisotropine methylbromide,hsa:1131,P20309,1,12,3,1,362.3,361.16164,26.3,318,0,0,3,7,21,0,2,2,0,0,0,0,2,,,,,,,,,,,0,,362.3,590,66128,2,-1.201,6580,7611,1031,0.8645381684404152
gpcr,D00234,2247,Astemizole,hsa:11255,Q9Y5N1,1,5,3,1,458.6,458.2481898,42.3,599,0,1,5,8,34,0,0,0,0,0,0,0,1,367.3,9,1,1,0,2,5,0,1,9.2,10,6,458.6,445,48671,0,-9.3616,6331,7272,941,0.8705995599559956
gpcr,D00234,2247,Astemizole,hsa:3269,P35367,1,26,3,1,458.6,458.2481898,42.3,599,0,1,5,8,34,0,0,0,0,0,0,0,1,367.3,9,1,1,0,2,5,0,1,9.2,10,6,458.6,487,55784,0,-8.5971,5369,7272,1903,0.7383113311331133
gpcr,D00235,2249,Atenolol,hsa:153,P08588,1,31,2,1,266.34,266.1630426,84.6,263,0,3,4,8,19,0,1,0,1,0,0,0,1,214.2,9,3,3,0,1,1,1,1,8,10,0.2,266.34,477,51224,5,-7.7855,7337,7461,124,0.9833802439351294
gpcr,D00235,2249,Atenolol,hsa:154,P07550,2,35,2,1,266.34,266.1630426,84.6,263,0,3,4,8,19,0,1,0,1,0,0,0,1,214.2,9,3,3,0,1,1,1,1,8,10,0.2,266.34,413,46459,24,-7.8884,7376,7461,85,0.9886074252781129
gpcr,D00241,2284,Baclofen,hsa:2550,Q9UBS5,2,1,1,1,213.66,213.0556563,63.3,191,0,2,3,4,14,0,1,0,1,0,0,0,1,160.8,6,2,1,1,1,1,0,0.6,4,10,-1,213.66,961,108320,6,-6.2219,5755,7407,1652,0.7769677332253274
gpcr,D00255,2585,Carvedilol,hsa:150,P08913,1,29,8,1,406.5,406.1892573,75.7,508,0,3,5,10,30,0,1,0,1,0,0,0,1,321.6,13,4,3,0,2,4,0,1.2,10,10,4.2,406.5,465,50647,0,-8.5293,6650,7445,795,0.8932169241101411
gpcr,D00255,2585,Carvedilol,hsa:151,P18089,1,25,8,1,406.5,406.1892573,75.7,508,0,3,5,10,30,0,1,0,1,0,0,0,1,321.6,13,4,3,0,2,4,0,1.2,10,10,4.2,406.5,450,49954,1,-7.9688,6009,7445,1436,0.8071188717259906
gpcr,D00255,2585,Carvedilol,hsa:153,P08588,1,31,8,1,406.5,406.1892573,75.7,508,0,3,5,10,30,0,1,0,1,0,0,0,1,321.6,13,4,3,0,2,4,0,1.2,10,10,4.2,406.5,477,51224,5,-10.1014,7412,7445,33,0.9955674949630624
gpcr,D00255,2585,Carvedilol,hsa:154,P07550,2,35,8,1,406.5,406.1892573,75.7,508,0,3,5,10,30,0,1,0,1,0,0,0,1,321.6,13,4,3,0,2,4,0,1.2,10,10,4.2,406.5,413,46459,24,-8.2272,6353,7445,1092,0.8533243787777032
gpcr,D00270,2726,Chlorpromazine,hsa:150,P08913,1,29,7,1,318.9,318.0957475,31.8,339,0,0,3,4,21,0,0,0,0,0,0,0,1,245.9,5,0,0,0,2,3,0,0.6,4.4,10,5.2,318.9,465,50647,0,-7.043,6608,7465,857,0.8851975887474883
gpcr,D00270,2726,Chlorpromazine,hsa:151,P18089,1,25,7,1,318.9,318.0957475,31.8,339,0,0,3,4,21,0,0,0,0,0,0,0,1,245.9,5,0,0,0,2,3,0,0.6,4.4,10,5.2,318.9,450,49954,1,-6.4741,5575,7465,1890,0.7468184862692565
gpcr,D00270,2726,Chlorpromazine,hsa:1812,P21728,1,14,7,1,318.9,318.0957475,31.8,339,0,0,3,4,21,0,0,0,0,0,0,0,1,245.9,5,0,0,0,2,3,0,0.6,4.4,10,5.2,318.9,446,49293,5,-6.2517,5009,7465,2456,0.6709979906229069
gpcr,D00270,2726,Chlorpromazine,hsa:1813,P14416,1,22,7,1,318.9,318.0957475,31.8,339,0,0,3,4,21,0,0,0,0,0,0,0,1,245.9,5,0,0,0,2,3,0,0.6,4.4,10,5.2,318.9,443,50619,3,-7.2675,6893,7465,572,0.9233757535164099
gpcr,D00270,2726,Chlorpromazine,hsa:1814,P35462,3,13,7,1,318.9,318.0957475,31.8,339,0,0,3,4,21,0,0,0,0,0,0,0,1,245.9,5,0,0,0,2,3,0,0.6,4.4,10,5.2,318.9,400,44195,0,-6.4209,5452,7465,2013,0.7303415941058272
gpcr,D00270,2726,Chlorpromazine,hsa:3356,P28223,1,19,7,1,318.9,318.0957475,31.8,339,0,0,3,4,21,0,0,0,0,0,0,0,1,245.9,5,0,0,0,2,3,0,0.6,4.4,10,5.2,318.9,471,52603,6,-7.2188,6842,7465,623,0.916543871399866
gpcr,D00274,2769,Cisapride (USP/INN),hsa:1128,P11229,2,27,3,1,465.9,465.1830623,86.1,581,0,2,7,9,32,0,2,0,2,0,0,0,1,351,11,4,2,0,2,3,0,1.4,11.2,10,3.4,465.9,460,51421,0,-7.1018,4294,7271,2977,0.5905652592490717
gpcr,D00274,2769,Cisapride (USP/INN),hsa:1129,P08172,4,21,3,1,465.9,465.1830623,86.1,581,0,2,7,9,32,0,2,0,2,0,0,0,1,351,11,4,2,0,2,3,0,1.4,11.2,10,3.4,465.9,466,51715,0,-7.3781,4932,7271,2339,0.6783110988859854
gpcr,D00274,2769,Cisapride (USP/INN),hsa:3360,Q13639,2,8,3,1,465.9,465.1830623,86.1,581,0,2,7,9,32,0,2,0,2,0,0,0,1,351,11,4,2,0,2,3,0,1.4,11.2,10,3.4,465.9,388,43761,2,-8.9831,7023,7271,248,0.96589189932609
gpcr,D00281,2803,Clonidine,hsa:150,P08913,1,29,6,1,230.09,229.0173527,36.4,222,0,2,1,2,14,0,0,0,0,0,0,0,1,160.5,5,0,2,0,1,2,0,0.6,2.6,4,1.6,230.09,465,50647,0,-6.1284,6029,7468,1439,0.8073111944295661
gpcr,D00281,2803,Clonidine,hsa:151,P18089,1,25,6,1,230.09,229.0173527,36.4,222,0,2,1,2,14,0,0,0,0,0,0,0,1,160.5,5,0,2,0,1,2,0,0.6,2.6,4,1.6,230.09,450,49954,1,-7.069,7378,7468,90,0.9879485806106052
gpcr,D00281,2803,Clonidine,hsa:152,P18825,2,15,6,1,230.09,229.0173527,36.4,222,0,2,1,2,14,0,0,0,0,0,0,0,1,160.5,5,0,2,0,1,2,0,0.6,2.6,4,1.6,230.09,462,49522,11,-6.3552,6584,7468,884,0.8816282806641671
gpcr,D00283,135398737,Clozapine,hsa:1128,P11229,2,27,25,1,326.8,326.1298243,30.9,446,0,1,3,1,23,0,0,0,0,0,0,0,1,248.2,8,0,1,0,3,4,0,0.6,2.4,4,3.1,326.8,460,51421,0,-8.0302,6065,7393,1328,0.820370620857568
gpcr,D00283,135398737,Clozapine,hsa:1129,P08172,4,21,25,1,326.8,326.1298243,30.9,446,0,1,3,1,23,0,0,0,0,0,0,0,1,248.2,8,0,1,0,3,4,0,0.6,2.4,4,3.1,326.8,466,51715,0,-8.9046,7055,7393,338,0.9542810766941702
gpcr,D00283,135398737,Clozapine,hsa:150,P08913,1,29,25,1,326.8,326.1298243,30.9,446,0,1,3,1,23,0,0,0,0,0,0,0,1,248.2,8,0,1,0,3,4,0,0.6,2.4,4,3.1,326.8,465,50647,0,-8.243,6415,7393,978,0.8677127012038415
gpcr,D00283,135398737,Clozapine,hsa:151,P18089,1,25,25,1,326.8,326.1298243,30.9,446,0,1,3,1,23,0,0,0,0,0,0,0,1,248.2,8,0,1,0,3,4,0,0.6,2.4,4,3.1,326.8,450,49954,1,-7.5715,5091,7393,2302,0.688624374408224
gpcr,D00283,135398737,Clozapine,hsa:1812,P21728,1,14,25,1,326.8,326.1298243,30.9,446,0,1,3,1,23,0,0,0,0,0,0,0,1,248.2,8,0,1,0,3,4,0,0.6,2.4,4,3.1,326.8,446,49293,5,-8.3206,6509,7393,884,0.8804274313539835
gpcr,D00283,135398737,Clozapine,hsa:1813,P14416,1,22,25,1,326.8,326.1298243,30.9,446,0,1,3,1,23,0,0,0,0,0,0,0,1,248.2,8,0,1,0,3,4,0,0.6,2.4,4,3.1,326.8,443,50619,3,-8.5696,6793,7393,600,0.9188421479778168
gpcr,D00283,135398737,Clozapine,hsa:1815,P21917,1,4,25,1,326.8,326.1298243,30.9,446,0,1,3,1,23,0,0,0,0,0,0,0,1,248.2,8,0,1,0,3,4,0,0.6,2.4,4,3.1,326.8,419,43901,6,-9.1319,7185,7393,208,0.9718652779656431
gpcr,D00283,135398737,Clozapine,hsa:3269,P35367,1,26,25,1,326.8,326.1298243,30.9,446,0,1,3,1,23,0,0,0,0,0,0,0,1,248.2,8,0,1,0,3,4,0,0.6,2.4,4,3.1,326.8,487,55784,0,-7.5577,5064,7393,2329,0.6849722710672258
gpcr,D00283,135398737,Clozapine,hsa:3350,P08908,3,7,25,1,326.8,326.1298243,30.9,446,0,1,3,1,23,0,0,0,0,0,0,0,1,248.2,8,0,1,0,3,4,0,0.6,2.4,4,3.1,326.8,422,46107,2,-8.095,6168,7393,1225,0.8343027187880427
gpcr,D00283,135398737,Clozapine,hsa:3351,P28222,3,10,25,1,326.8,326.1298243,30.9,446,0,1,3,1,23,0,0,0,0,0,0,0,1,248.2,8,0,1,0,3,4,0,0.6,2.4,4,3.1,326.8,390,43568,2,-9.2333,7216,7393,177,0.976058433653456
gpcr,D00283,135398737,Clozapine,hsa:3352,P28221,1,10,25,1,326.8,326.1298243,30.9,446,0,1,3,1,23,0,0,0,0,0,0,0,1,248.2,8,0,1,0,3,4,0,0.6,2.4,4,3.1,326.8,377,41907,0,-7.612,5199,7393,2194,0.703232787772217
gpcr,D00283,135398737,Clozapine,hsa:3354,P28566,1,5,25,1,326.8,326.1298243,30.9,446,0,1,3,1,23,0,0,0,0,0,0,0,1,248.2,8,0,1,0,3,4,0,0.6,2.4,4,3.1,326.8,365,41682,3,-8.3902,6589,7393,804,0.8912484782902745
gpcr,D00283,135398737,Clozapine,hsa:3355,P30939,1,7,25,1,326.8,326.1298243,30.9,446,0,1,3,1,23,0,0,0,0,0,0,0,1,248.2,8,0,1,0,3,4,0,0.6,2.4,4,3.1,326.8,366,41709,0,-9.1768,7201,7393,192,0.9740294873529014
gpcr,D00283,135398737,Clozapine,hsa:3356,P28223,1,19,25,1,326.8,326.1298243,30.9,446,0,1,3,1,23,0,0,0,0,0,0,0,1,248.2,8,0,1,0,3,4,0,0.6,2.4,4,3.1,326.8,471,52603,6,-8.535,6756,7393,637,0.9138374137697822
gpcr,D00283,135398737,Clozapine,hsa:3357,P41595,1,6,25,1,326.8,326.1298243,30.9,446,0,1,3,1,23,0,0,0,0,0,0,0,1,248.2,8,0,1,0,3,4,0,0.6,2.4,4,3.1,326.8,481,54298,2,-8.6256,6846,7393,547,0.9260110915731097
gpcr,D00283,135398737,Clozapine,hsa:3358,P28335,1,10,25,1,326.8,326.1298243,30.9,446,0,1,3,1,23,0,0,0,0,0,0,0,1,248.2,8,0,1,0,3,4,0,0.6,2.4,4,3.1,326.8,458,51805,10,-8.759,6960,7393,433,0.9414310834573245
gpcr,D00283,135398737,Clozapine,hsa:3360,Q13639,2,8,25,1,326.8,326.1298243,30.9,446,0,1,3,1,23,0,0,0,0,0,0,0,1,248.2,8,0,1,0,3,4,0,0.6,2.4,4,3.1,326.8,388,43761,2,-9.9614,7354,7393,39,0.9947247396185581
gpcr,D00283,135398737,Clozapine,hsa:3361,P47898,2,4,25,1,326.8,326.1298243,30.9,446,0,1,3,1,23,0,0,0,0,0,0,0,1,248.2,8,0,1,0,3,4,0,0.6,2.4,4,3.1,326.8,357,40255,0,-7.6591,5315,7393,2078,0.718923305829839
gpcr,D00283,135398737,Clozapine,hsa:3362,P50406,1,5,25,1,326.8,326.1298243,30.9,446,0,1,3,1,23,0,0,0,0,0,0,0,1,248.2,8,0,1,0,3,4,0,0.6,2.4,4,3.1,326.8,440,46954,3,-7.952,5924,7393,1469,0.8012985256323549
gpcr,D00283,135398737,Clozapine,hsa:3363,P34969,1,3,25,1,326.8,326.1298243,30.9,446,0,1,3,1,23,0,0,0,0,0,0,0,1,248.2,8,0,1,0,3,4,0,0.6,2.4,4,3.1,326.8,479,53555,1,-7.7401,5491,7393,1902,0.7427296090896794
gpcr,D00295,2756,Cimetidine,hsa:3274,P25021,1,7,1,1,252.34,252.1157157,114,296,0,3,4,7,17,0,0,0,0,0,0,0,1,196.4,7,1,3,0,2,1,0,1,7,10,0.4,252.34,359,40098,0,-6.1826,6423,7466,1043,0.8603000267881061
gpcr,D00300,3100,Diphenhydramine,hsa:11255,Q9Y5N1,1,5,3,1,255.35,255.1623143,12.5,211,0,0,2,6,19,0,0,0,0,0,0,0,1,215.8,4,1,0,0,1,2,0,0.8,6,10,3.3,255.35,445,48671,0,-7.6381,7255,7530,275,0.9634794156706508
gpcr,D00300,3100,Diphenhydramine,hsa:3269,P35367,1,26,3,1,255.35,255.1623143,12.5,211,0,0,2,6,19,0,0,0,0,0,0,0,1,215.8,4,1,0,0,1,2,0,0.8,6,10,3.3,255.35,487,55784,0,-6.5585,5705,7530,1825,0.7576361221779548
gpcr,D00301,23724775,Atropine sulfate and diphenoxylate hydrochloride,hsa:4988,P35372,2,9,1,1,876.5,875.3582293,186,1100,0,4,12,14,61,0,3,2,1,0,0,0,4,,,,,,,,,,,0,,876.5,400,44779,57,-10.3647,6712,7057,345,0.951112370695763
gpcr,D00306,16078,Tetrahydrocannabinol,hsa:1268,P21554,1,1,1,1,314.5,314.2245802,29.5,439,0,1,2,4,23,0,2,2,0,0,0,0,1,260.6,8,1,1,0,0,3,3,0.8,4.8,10,7,314.5,472,52858,2,-11.1799,7521,7523,2,0.9997341486109265
gpcr,D00318,5702160,Famotidine,hsa:11255,Q9Y5N1,1,5,3,1,337.5,337.0449363,238,469,0,4,8,7,20,0,0,0,0,1,1,0,1,231.3,8,0,5,0,1,1,1,1,7,10,-0.6,337.5,445,48671,0,-7.4128,6824,7020,196,0.972079772079772
gpcr,D00318,5702160,Famotidine,hsa:3274,P25021,1,7,3,1,337.5,337.0449363,238,469,0,4,8,7,20,0,0,0,0,1,1,0,1,231.3,8,0,5,0,1,1,1,1,7,10,-0.6,337.5,359,40098,0,-5.9926,4642,7020,2378,0.6612535612535613
gpcr,D00332,3446,Gabapentin,hsa:134,P30542,1,5,2,1,171.24,171.1259288,63.3,162,0,2,3,3,12,0,0,0,0,0,0,0,1,134.8,6,2,1,1,1,1,0,0.6,4.2,10,-1.1,171.24,326,36512,4,-5.3043,4641,7470,2829,0.621285140562249
gpcr,D00332,3446,Gabapentin,hsa:150,P08913,1,29,2,1,171.24,171.1259288,63.3,162,0,2,3,3,12,0,0,0,0,0,0,0,1,134.8,6,2,1,1,1,1,0,0.6,4.2,10,-1.1,171.24,465,50647,0,-5.6005,5773,7470,1697,0.7728246318607764
gpcr,D00364,3957,Loratadine,hsa:3269,P35367,1,26,1,1,382.9,382.1448057,42.4,569,0,0,3,2,27,0,0,0,0,0,0,0,1,293.6,6,2,0,0,0,4,0,0.8,4.4,10,5.2,382.9,487,55784,0,-8.4059,6078,7383,1305,0.8232425843153189
gpcr,D00380,5505,Tolbutamide,hsa:3577,P25024,1,10,1,1,270.35,270.1038136,83.7,354,0,2,3,5,18,0,0,0,0,0,0,0,1,207,7,3,2,0,0,1,1,0.8,7,10,2.3,270.35,350,39791,4,-9.0748,7464,7466,2,0.999732118939191
gpcr,D00394,5584,Trimipramine,hsa:3577,P25024,1,10,1,1,294.4,294.2095988,6.5,317,0,0,2,4,22,0,1,0,1,0,0,0,1,244.4,6,0,0,0,2,3,1,0.8,4.6,10,5.8,294.4,350,39791,4,-7.7648,6758,7569,811,0.8928524243625314
gpcr,D00397,5593,Tropicamide,hsa:1128,P11229,2,27,3,1,284.35,284.1524779,53.4,310,0,1,3,6,21,0,1,0,1,0,0,0,1,229,6,3,1,0,0,2,0,0.8,7,10,1.5,284.35,460,51421,0,-6.5155,5443,7400,1957,0.7355405405405405
gpcr,D00397,5593,Tropicamide,hsa:1129,P08172,4,21,3,1,284.35,284.1524779,53.4,310,0,1,3,6,21,0,1,0,1,0,0,0,1,229,6,3,1,0,0,2,0,0.8,7,10,1.5,284.35,466,51715,0,-7.7993,7217,7400,183,0.9752702702702702
gpcr,D00397,5593,Tropicamide,hsa:1132,P08173,1,8,3,1,284.35,284.1524779,53.4,310,0,1,3,6,21,0,1,0,1,0,0,0,1,229,6,3,1,0,0,2,0,0.8,7,10,1.5,284.35,479,53049,0,-8.7085,7386,7400,14,0.9981081081081081
gpcr,D00400,60846,Valsartan,hsa:185,P30556,2,8,1,1,435.5,435.2270398,112,608,0,2,6,10,32,0,1,1,0,0,0,0,1,345,10,3,0,1,1,3,2,1,11,10,4.4,435.5,359,41061,6,-9.7482,7222,7274,52,0.9928512510310695
gpcr,D00410,4174,Metyrapone,hsa:3577,P25024,1,10,1,1,226.27,226.1106131,42.9,275,0,0,3,3,17,0,0,0,0,0,0,0,1,183.3,6,3,0,0,0,2,1,0.6,3,10,2,226.27,350,39791,4,-7.706,7176,7532,356,0.9527349973446628
gpcr,D00411,5717,Zafirlukast,hsa:10800,Q9Y271,3,3,4,1,575.7,575.209007,124,1010,0,2,6,9,41,0,0,0,0,0,0,0,1,440.7,13,5,2,0,1,5,0,1.4,12,10,5.5,575.7,337,38541,0,-9.9034,6230,7333,1103,0.8495840720032729
gpcr,D00411,5717,Zafirlukast,hsa:1241,Q15722,1,1,4,1,575.7,575.209007,124,1010,0,2,6,9,41,0,0,0,0,0,0,0,1,440.7,13,5,2,0,1,5,0,1.4,12,10,5.5,575.7,352,37557,0,-10.7025,6955,7333,378,0.9484522023728351
gpcr,D00415,60857,Zolmitriptan,hsa:3351,P28222,3,10,2,1,287.36,287.1633769,57.4,375,0,2,3,5,21,0,1,1,0,0,0,0,1,228.9,8,1,2,0,2,3,0,0.8,5.8,10,2.2,287.36,390,43568,2,-8.9666,7382,7463,81,0.9891464558488543
gpcr,D00415,60857,Zolmitriptan,hsa:3352,P28221,1,10,2,1,287.36,287.1633769,57.4,375,0,2,3,5,21,0,1,1,0,0,0,0,1,228.9,8,1,2,0,2,3,0,0.8,5.8,10,2.2,287.36,377,41907,0,-7.6111,6309,7463,1154,0.8453704944392335
gpcr,D00419,5282381,Misoprostol,hsa:5732,P43116,1,3,2,1,382.5,382.2719243,83.8,487,0,2,5,14,27,0,4,3,1,1,1,0,1,318.4,10,4,2,0,0,1,3,1.4,14.8,10,3.7,382.5,358,39761,0,-8.0667,7424,7519,95,0.9873653411357893
gpcr,D00419,5282381,Misoprostol,hsa:5733,P43115,1,3,2,1,382.5,382.2719243,83.8,487,0,2,5,14,27,0,4,3,1,1,1,0,1,318.4,10,4,2,0,0,1,3,1.4,14.8,10,3.7,382.5,390,43310,19,-7.7456,7297,7519,222,0.9704747971804761
gpcr,D00422,3001055,Ranitidine,hsa:3274,P25021,1,7,1,1,314.41,314.1412618,112,347,0,2,7,9,21,0,0,0,0,1,1,0,1,243.5,10,3,2,1,3,1,0,1,10,10,0.3,314.41,359,40098,0,-5.5341,5391,7398,2007,0.7287104622871047
gpcr,D00426,5073,Risperidone,hsa:3356,P28223,1,19,4,1,410.5,410.2118043,61.9,731,0,0,6,4,30,0,0,0,0,0,0,0,1,317,8,2,0,0,1,5,0,0.8,6,10,2.7,410.5,471,52603,6,-11.708,7303,7377,74,0.989968822014369
gpcr,D00432,39147,Nadolol,hsa:153,P08588,1,31,3,1,309.4,309.1940083,82,344,0,4,5,6,22,0,3,2,1,0,0,0,1,244.5,12,4,4,0,1,2,1,0.8,6.8,10,0.7,309.4,477,51224,5,-8.9923,7442,7455,13,0.9982562038900067
gpcr,D00432,39147,Nadolol,hsa:154,P07550,2,35,3,1,309.4,309.1940083,82,344,0,4,5,6,22,0,3,2,1,0,0,0,1,244.5,12,4,4,0,1,2,1,0.8,6.8,10,0.7,309.4,413,46459,24,-7.7884,6943,7455,512,0.9313212608987257
gpcr,D00437,4485,Nifedipine,hsa:150,P08913,1,29,9,1,346.3,346.1164863,110,608,0,1,7,5,25,0,0,0,0,0,0,0,1,257.8,9,4,1,1,1,2,0,0.8,6.4,9,2.2,346.3,465,50647,0,-7.0242,6923,7455,532,0.9286384976525821
gpcr,D00437,4485,Nifedipine,hsa:151,P18089,1,25,9,1,346.3,346.1164863,110,608,0,1,7,5,25,0,0,0,0,0,0,0,1,257.8,9,4,1,1,1,2,0,0.8,6.4,9,2.2,346.3,450,49954,1,-6.1198,4974,7455,2481,0.6672032193158953
gpcr,D00437,4485,Nifedipine,hsa:153,P08588,1,31,9,1,346.3,346.1164863,110,608,0,1,7,5,25,0,0,0,0,0,0,0,1,257.8,9,4,1,1,1,2,0,0.8,6.4,9,2.2,346.3,477,51224,5,-6.3253,5618,7455,1837,0.753588195841717
gpcr,D00437,4485,Nifedipine,hsa:154,P07550,2,35,9,1,346.3,346.1164863,110,608,0,1,7,5,25,0,0,0,0,0,0,0,1,257.8,9,4,1,1,1,2,0,0.8,6.4,9,2.2,346.3,413,46459,24,-5.8655,4115,7455,3340,0.5519785378940308
gpcr,D00437,4485,Nifedipine,hsa:3577,P25024,1,10,9,1,346.3,346.1164863,110,608,0,1,7,5,25,0,0,0,0,0,0,0,1,257.8,9,4,1,1,1,2,0,0.8,6.4,9,2.2,346.3,350,39791,4,-6.3516,5680,7455,1775,0.7619047619047619
gpcr,D00440,3033637,Nizax,hsa:3274,P25021,1,7,1,1,331.5,331.1136673,140,349,0,2,8,9,21,0,0,0,0,1,1,0,1,250.3,10,3,2,1,3,1,0,1,10,10,1.6,331.5,359,40098,0,-5.328,5427,7297,1870,0.7437303001233384
gpcr,D00443,5833,Spironolactone,hsa:185,P30556,2,8,1,1,416.6,416.2021307,85.7,818,0,0,5,2,29,0,7,7,0,0,0,0,1,325,7,2,0,0,0,5,0,0.8,4.2,1,2.9,416.6,359,41061,6,-9.273,7113,7518,405,0.9461292897047087
gpcr,D00451,5358,Sumatriptan,hsa:3350,P08908,3,7,11,1,295.4,295.1354481,73.6,405,0,2,4,6,20,0,0,0,0,0,0,0,1,228.4,8,2,2,0,2,2,0,0.8,6,10,0.9,295.4,422,46107,2,-6.9305,6411,7398,987,0.8665855636658556
gpcr,D00451,5358,Sumatriptan,hsa:3351,P28222,3,10,11,1,295.4,295.1354481,73.6,405,0,2,4,6,20,0,0,0,0,0,0,0,1,228.4,8,2,2,0,2,2,0,0.8,6,10,0.9,295.4,390,43568,2,-7.7718,7214,7398,184,0.9751284130846175
gpcr,D00451,5358,Sumatriptan,hsa:3352,P28221,1,10,11,1,295.4,295.1354481,73.6,405,0,2,4,6,20,0,0,0,0,0,0,0,1,228.4,8,2,2,0,2,2,0,0.8,6,10,0.9,295.4,377,41907,0,-6.8991,6354,7398,1044,0.8588807785888077
gpcr,D00451,5358,Sumatriptan,hsa:3354,P28566,1,5,11,1,295.4,295.1354481,73.6,405,0,2,4,6,20,0,0,0,0,0,0,0,1,228.4,8,2,2,0,2,2,0,0.8,6,10,0.9,295.4,365,41682,3,-7.1853,6780,7398,618,0.916463909164639
gpcr,D00451,5358,Sumatriptan,hsa:3355,P30939,1,7,11,1,295.4,295.1354481,73.6,405,0,2,4,6,20,0,0,0,0,0,0,0,1,228.4,8,2,2,0,2,2,0,0.8,6,10,0.9,295.4,366,41709,0,-7.5082,7057,7398,341,0.9539064612057313
gpcr,D00451,5358,Sumatriptan,hsa:3356,P28223,1,19,11,1,295.4,295.1354481,73.6,405,0,2,4,6,20,0,0,0,0,0,0,0,1,228.4,8,2,2,0,2,2,0,0.8,6,10,0.9,295.4,471,52603,6,-7.6412,7148,7398,250,0.9662070829954041
gpcr,D00451,5358,Sumatriptan,hsa:3357,P41595,1,6,11,1,295.4,295.1354481,73.6,405,0,2,4,6,20,0,0,0,0,0,0,0,1,228.4,8,2,2,0,2,2,0,0.8,6,10,0.9,295.4,481,54298,2,-7.3325,6922,7398,476,0.9356582860232495
gpcr,D00451,5358,Sumatriptan,hsa:3358,P28335,1,10,11,1,295.4,295.1354481,73.6,405,0,2,4,6,20,0,0,0,0,0,0,0,1,228.4,8,2,2,0,2,2,0,0.8,6,10,0.9,295.4,458,51805,10,-7.4309,7003,7398,395,0.9466071911327386
gpcr,D00451,5358,Sumatriptan,hsa:3360,Q13639,2,8,11,1,295.4,295.1354481,73.6,405,0,2,4,6,20,0,0,0,0,0,0,0,1,228.4,8,2,2,0,2,2,0,0.8,6,10,0.9,295.4,388,43761,2,-7.9199,7276,7398,122,0.9835090565017572
gpcr,D00451,5358,Sumatriptan,hsa:3361,P47898,2,4,11,1,295.4,295.1354481,73.6,405,0,2,4,6,20,0,0,0,0,0,0,0,1,228.4,8,2,2,0,2,2,0,0.8,6,10,0.9,295.4,357,40255,0,-6.0302,4236,7398,3162,0.5725871857258719
gpcr,D00451,5358,Sumatriptan,hsa:3362,P50406,1,5,11,1,295.4,295.1354481,73.6,405,0,2,4,6,20,0,0,0,0,0,0,0,1,228.4,8,2,2,0,2,2,0,0.8,6,10,0.9,295.4,440,46954,3,-6.7687,6116,7398,1282,0.8267099216004326
gpcr,D00454,135398745,Olanzapine,hsa:1128,P11229,2,27,22,1,312.4,312.1408678,59.1,432,0,1,4,1,22,0,0,0,0,0,0,0,1,242.8,8,0,1,0,3,4,0,0.6,2.4,5,2.9,312.4,460,51421,0,-7.6959,6008,7394,1386,0.8125507167974033
gpcr,D00454,135398745,Olanzapine,hsa:1129,P08172,4,21,22,1,312.4,312.1408678,59.1,432,0,1,4,1,22,0,0,0,0,0,0,0,1,242.8,8,0,1,0,3,4,0,0.6,2.4,5,2.9,312.4,466,51715,0,-8.4542,6964,7394,430,0.9418447389775494
gpcr,D00454,135398745,Olanzapine,hsa:1131,P20309,1,12,22,1,312.4,312.1408678,59.1,432,0,1,4,1,22,0,0,0,0,0,0,0,1,242.8,8,0,1,0,3,4,0,0.6,2.4,5,2.9,312.4,590,66128,2,-6.409,2797,7394,4597,0.3782796862320801
gpcr,D00454,135398745,Olanzapine,hsa:1132,P08173,1,8,22,1,312.4,312.1408678,59.1,432,0,1,4,1,22,0,0,0,0,0,0,0,1,242.8,8,0,1,0,3,4,0,0.6,2.4,5,2.9,312.4,479,53049,0,-8.2333,6793,7394,601,0.9187178793616446
gpcr,D00454,135398745,Olanzapine,hsa:1133,P08912,1,7,22,1,312.4,312.1408678,59.1,432,0,1,4,1,22,0,0,0,0,0,0,0,1,242.8,8,0,1,0,3,4,0,0.6,2.4,5,2.9,312.4,532,60074,1,-7.9388,6401,7394,993,0.8657019204760616
gpcr,D00454,135398745,Olanzapine,hsa:150,P08913,1,29,22,1,312.4,312.1408678,59.1,432,0,1,4,1,22,0,0,0,0,0,0,0,1,242.8,8,0,1,0,3,4,0,0.6,2.4,5,2.9,312.4,465,50647,0,-7.6258,5881,7394,1513,0.795374628076819
gpcr,D00454,135398745,Olanzapine,hsa:151,P18089,1,25,22,1,312.4,312.1408678,59.1,432,0,1,4,1,22,0,0,0,0,0,0,0,1,242.8,8,0,1,0,3,4,0,0.6,2.4,5,2.9,312.4,450,49954,1,-7.5433,5722,7394,1672,0.7738707059778198
gpcr,D00454,135398745,Olanzapine,hsa:153,P08588,1,31,22,1,312.4,312.1408678,59.1,432,0,1,4,1,22,0,0,0,0,0,0,0,1,242.8,8,0,1,0,3,4,0,0.6,2.4,5,2.9,312.4,477,51224,5,-8.0962,6626,7394,768,0.8961319989180416
gpcr,D00454,135398745,Olanzapine,hsa:154,P07550,2,35,22,1,312.4,312.1408678,59.1,432,0,1,4,1,22,0,0,0,0,0,0,0,1,242.8,8,0,1,0,3,4,0,0.6,2.4,5,2.9,312.4,413,46459,24,-7.3727,5369,7394,2025,0.7261292940221802
gpcr,D00454,135398745,Olanzapine,hsa:1812,P21728,1,14,22,1,312.4,312.1408678,59.1,432,0,1,4,1,22,0,0,0,0,0,0,0,1,242.8,8,0,1,0,3,4,0,0.6,2.4,5,2.9,312.4,446,49293,5,-8.0285,6530,7394,864,0.8831484987827969
gpcr,D00454,135398745,Olanzapine,hsa:1813,P14416,1,22,22,1,312.4,312.1408678,59.1,432,0,1,4,1,22,0,0,0,0,0,0,0,1,242.8,8,0,1,0,3,4,0,0.6,2.4,5,2.9,312.4,443,50619,3,-7.6147,5858,7394,1536,0.7922639978360833
gpcr,D00454,135398745,Olanzapine,hsa:1814,P35462,3,13,22,1,312.4,312.1408678,59.1,432,0,1,4,1,22,0,0,0,0,0,0,0,1,242.8,8,0,1,0,3,4,0,0.6,2.4,5,2.9,312.4,400,44195,0,-7.6302,5892,7394,1502,0.7968623208006492
gpcr,D00454,135398745,Olanzapine,hsa:1815,P21917,1,4,22,1,312.4,312.1408678,59.1,432,0,1,4,1,22,0,0,0,0,0,0,0,1,242.8,8,0,1,0,3,4,0,0.6,2.4,5,2.9,312.4,419,43901,6,-9.1676,7288,7394,106,0.9856640519340005
gpcr,D00454,135398745,Olanzapine,hsa:3269,P35367,1,26,22,1,312.4,312.1408678,59.1,432,0,1,4,1,22,0,0,0,0,0,0,0,1,242.8,8,0,1,0,3,4,0,0.6,2.4,5,2.9,312.4,487,55784,0,-7.0217,4511,7394,2883,0.6100892615634298
gpcr,D00454,135398745,Olanzapine,hsa:3356,P28223,1,19,22,1,312.4,312.1408678,59.1,432,0,1,4,1,22,0,0,0,0,0,0,0,1,242.8,8,0,1,0,3,4,0,0.6,2.4,5,2.9,312.4,471,52603,6,-8.0605,6572,7394,822,0.8888287800919664
gpcr,D00454,135398745,Olanzapine,hsa:3358,P28335,1,10,22,1,312.4,312.1408678,59.1,432,0,1,4,1,22,0,0,0,0,0,0,0,1,242.8,8,0,1,0,3,4,0,0.6,2.4,5,2.9,312.4,458,51805,10,-7.8323,6238,7394,1156,0.8436570192047607
gpcr,D00454,135398745,Olanzapine,hsa:3362,P50406,1,5,22,1,312.4,312.1408678,59.1,432,0,1,4,1,22,0,0,0,0,0,0,0,1,242.8,8,0,1,0,3,4,0,0.6,2.4,5,2.9,312.4,440,46954,3,-7.7536,6116,7394,1278,0.8271571544495537
gpcr,D00465,4634,Oxybutynin,hsa:1128,P11229,2,27,2,1,357.5,357.2303939,49.8,490,0,1,4,8,26,0,1,0,1,0,0,0,1,292,6,2,1,0,1,2,0,1.2,9.2,10,4.2,357.5,460,51421,0,-8.1944,7251,7455,204,0.972635814889336
gpcr,D00465,4634,Oxybutynin,hsa:1129,P08172,4,21,2,1,357.5,357.2303939,49.8,490,0,1,4,8,26,0,1,0,1,0,0,0,1,292,6,2,1,0,1,2,0,1.2,9.2,10,4.2,357.5,466,51715,0,-8.6634,7390,7455,65,0.9912810194500336
gpcr,D00480,6014,Promethazine Hydrochloride,hsa:3269,P35367,1,26,1,1,320.9,320.1113975,31.8,298,0,1,3,3,21,0,1,0,1,0,0,0,2,,,,,,,,,,,0,,320.9,487,55784,0,-6.3242,4062,6849,2787,0.5930792816469558
gpcr,D00483,62882,Propranolol Hydrochloride,hsa:153,P08588,1,31,3,1,295.8,295.1339066,41.5,257,0,3,3,6,20,0,1,0,1,0,0,0,2,,,,,,,,,,,0,,295.8,477,51224,5,-8.9805,6779,7118,339,0.9523742624332677
gpcr,D00483,62882,Propranolol Hydrochloride,hsa:154,P07550,2,35,3,1,295.8,295.1339066,41.5,257,0,3,3,6,20,0,1,0,1,0,0,0,2,,,,,,,,,,,0,,295.8,413,46459,24,-8.5364,6409,7118,709,0.900393368923855
gpcr,D00493,4917,Prochlorperazine,hsa:1812,P21728,1,14,6,1,373.9,373.1379466,35,429,0,0,4,4,25,0,0,0,0,0,0,0,1,287.8,7,0,0,0,3,4,0,0.8,5.6,10,4.9,373.9,446,49293,5,-8.443,7109,7462,353,0.9526936478155991
gpcr,D00493,4917,Prochlorperazine,hsa:1813,P14416,1,22,6,1,373.9,373.1379466,35,429,0,0,4,4,25,0,0,0,0,0,0,0,1,287.8,7,0,0,0,3,4,0,0.8,5.6,10,4.9,373.9,443,50619,3,-8.2243,6958,7462,504,0.9324577861163227
gpcr,D00493,4917,Prochlorperazine,hsa:1814,P35462,3,13,6,1,373.9,373.1379466,35,429,0,0,4,4,25,0,0,0,0,0,0,0,1,287.8,7,0,0,0,3,4,0,0.8,5.6,10,4.9,373.9,400,44195,0,-8.3285,7041,7462,421,0.943580809434468
gpcr,D00493,4917,Prochlorperazine,hsa:3269,P35367,1,26,6,1,373.9,373.1379466,35,429,0,0,4,4,25,0,0,0,0,0,0,0,1,287.8,7,0,0,0,3,4,0,0.8,5.6,10,4.9,373.9,487,55784,0,-6.603,4079,7462,3383,0.5466362905387295
gpcr,D00493,4917,Prochlorperazine,hsa:3356,P28223,1,19,6,1,373.9,373.1379466,35,429,0,0,4,4,25,0,0,0,0,0,0,0,1,287.8,7,0,0,0,3,4,0,0.8,5.6,10,4.9,373.9,471,52603,6,-7.6797,6403,7462,1059,0.8580809434467971
gpcr,D00494,4927,Promethazine,hsa:11255,Q9Y5N1,1,5,11,1,284.4,284.1347198,31.8,298,0,0,3,3,20,0,1,0,1,0,0,0,1,229.6,5,0,0,0,2,3,0,0.6,3.4,5,4.8,284.4,445,48671,0,-6.969,6335,7526,1191,0.8417486048365665
gpcr,D00494,4927,Promethazine,hsa:1128,P11229,2,27,11,1,284.4,284.1347198,31.8,298,0,0,3,3,20,0,1,0,1,0,0,0,1,229.6,5,0,0,0,2,3,0,0.6,3.4,5,4.8,284.4,460,51421,0,-6.7995,6021,7526,1505,0.8000265745415892
gpcr,D00494,4927,Promethazine,hsa:1129,P08172,4,21,11,1,284.4,284.1347198,31.8,298,0,0,3,3,20,0,1,0,1,0,0,0,1,229.6,5,0,0,0,2,3,0,0.6,3.4,5,4.8,284.4,466,51715,0,-8.6,7501,7526,25,0.9966781823013553
gpcr,D00494,4927,Promethazine,hsa:1131,P20309,1,12,11,1,284.4,284.1347198,31.8,298,0,0,3,3,20,0,1,0,1,0,0,0,1,229.6,5,0,0,0,2,3,0,0.6,3.4,5,4.8,284.4,590,66128,2,-6.4093,5096,7526,2430,0.6771193196917353
gpcr,D00494,4927,Promethazine,hsa:1132,P08173,1,8,11,1,284.4,284.1347198,31.8,298,0,0,3,3,20,0,1,0,1,0,0,0,1,229.6,5,0,0,0,2,3,0,0.6,3.4,5,4.8,284.4,479,53049,0,-7.6336,7095,7526,431,0.9427318628753654
gpcr,D00494,4927,Promethazine,hsa:1133,P08912,1,7,11,1,284.4,284.1347198,31.8,298,0,0,3,3,20,0,1,0,1,0,0,0,1,229.6,5,0,0,0,2,3,0,0.6,3.4,5,4.8,284.4,532,60074,1,-8.5002,7481,7526,45,0.9940207281424396
gpcr,D00494,4927,Promethazine,hsa:1813,P14416,1,22,11,1,284.4,284.1347198,31.8,298,0,0,3,3,20,0,1,0,1,0,0,0,1,229.6,5,0,0,0,2,3,0,0.6,3.4,5,4.8,284.4,443,50619,3,-6.9428,6291,7526,1235,0.835902205686952
gpcr,D00494,4927,Promethazine,hsa:3269,P35367,1,26,11,1,284.4,284.1347198,31.8,298,0,0,3,3,20,0,1,0,1,0,0,0,1,229.6,5,0,0,0,2,3,0,0.6,3.4,5,4.8,284.4,487,55784,0,-6.3066,4844,7526,2682,0.6436353972893968
gpcr,D00494,4927,Promethazine,hsa:3356,P28223,1,19,11,1,284.4,284.1347198,31.8,298,0,0,3,3,20,0,1,0,1,0,0,0,1,229.6,5,0,0,0,2,3,0,0.6,3.4,5,4.8,284.4,471,52603,6,-7.5078,6985,7526,541,0.9281158650013287
gpcr,D00498,441278,Pentazocine,hsa:4988,P35372,2,9,1,1,285.4,285.2092645,23.5,414,0,1,2,2,21,0,3,3,0,0,0,0,1,235.2,6,0,1,0,1,3,1,0.6,3,10,3.3,285.4,400,44779,57,-8.6449,7197,7524,327,0.9565390749601276
gpcr,D00503,4748,Perphenazine,hsa:1812,P21728,1,14,4,1,404,403.1485113,55.3,463,0,1,5,6,27,0,0,0,0,0,0,0,1,308.9,9,1,1,0,3,4,0,0.8,7.6,10,4.2,404,446,49293,5,-8.0029,6715,7379,664,0.9100149071689931
gpcr,D00503,4748,Perphenazine,hsa:1813,P14416,1,22,4,1,404,403.1485113,55.3,463,0,1,5,6,27,0,0,0,0,0,0,0,1,308.9,9,1,1,0,3,4,0,0.8,7.6,10,4.2,404,443,50619,3,-8.1348,6843,7379,536,0.9273614310882233
gpcr,D00503,4748,Perphenazine,hsa:1814,P35462,3,13,4,1,404,403.1485113,55.3,463,0,1,5,6,27,0,0,0,0,0,0,0,1,308.9,9,1,1,0,3,4,0,0.8,7.6,10,4.2,404,400,44195,0,-8.0325,6746,7379,633,0.9142160184306817
gpcr,D00509,91430,Phentolamine Methanesulfonate,hsa:150,P08913,1,29,6,1,377.5,377.1409274,111,456,0,3,6,4,26,0,0,0,0,0,0,0,2,,,,,,,,,,,0,,377.5,465,50647,0,-9.2902,4921,6365,1444,0.7731343283582089
gpcr,D00509,91430,Phentolamine Methanesulfonate,hsa:151,P18089,1,25,6,1,377.5,377.1409274,111,456,0,3,6,4,26,0,0,0,0,0,0,0,2,,,,,,,,,,,0,,377.5,450,49954,1,-9.7251,5511,6365,854,0.8658287509819325
gpcr,D00509,91430,Phentolamine Methanesulfonate,hsa:152,P18825,2,15,6,1,377.5,377.1409274,111,456,0,3,6,4,26,0,0,0,0,0,0,0,2,,,,,,,,,,,0,,377.5,462,49522,11,-9.7048,5490,6365,875,0.8625294579732914
gpcr,D00513,4828,Pindolol,hsa:150,P08913,1,29,19,1,248.32,248.1524779,57.3,248,0,3,3,6,18,0,1,0,1,0,0,0,1,201,10,2,3,0,2,2,1,0.8,6,10,1.8,248.32,465,50647,0,-7.3903,7110,7466,356,0.9523171711759979
gpcr,D00513,4828,Pindolol,hsa:151,P18089,1,25,19,1,248.32,248.1524779,57.3,248,0,3,3,6,18,0,1,0,1,0,0,0,1,201,10,2,3,0,2,2,1,0.8,6,10,1.8,248.32,450,49954,1,-7.6811,7305,7466,161,0.9784355746048754
gpcr,D00513,4828,Pindolol,hsa:153,P08588,1,31,19,1,248.32,248.1524779,57.3,248,0,3,3,6,18,0,1,0,1,0,0,0,1,201,10,2,3,0,2,2,1,0.8,6,10,1.8,248.32,477,51224,5,-8.0935,7430,7466,36,0.995178140905438
gpcr,D00513,4828,Pindolol,hsa:154,P07550,2,35,19,1,248.32,248.1524779,57.3,248,0,3,3,6,18,0,1,0,1,0,0,0,1,201,10,2,3,0,2,2,1,0.8,6,10,1.8,248.32,413,46459,24,-7.3389,7061,7466,405,0.9457540851861773
gpcr,D00513,4828,Pindolol,hsa:3350,P08908,3,7,19,1,248.32,248.1524779,57.3,248,0,3,3,6,18,0,1,0,1,0,0,0,1,201,10,2,3,0,2,2,1,0.8,6,10,1.8,248.32,422,46107,2,-6.6198,5804,7466,1662,0.7773908384677203
gpcr,D00513,4828,Pindolol,hsa:3351,P28222,3,10,19,1,248.32,248.1524779,57.3,248,0,3,3,6,18,0,1,0,1,0,0,0,1,201,10,2,3,0,2,2,1,0.8,6,10,1.8,248.32,390,43568,2,-7.0016,6590,7466,876,0.8826680953656576
gpcr,D00513,4828,Pindolol,hsa:3352,P28221,1,10,19,1,248.32,248.1524779,57.3,248,0,3,3,6,18,0,1,0,1,0,0,0,1,201,10,2,3,0,2,2,1,0.8,6,10,1.8,248.32,377,41907,0,-7.045,6663,7466,803,0.8924457540851862
gpcr,D00513,4828,Pindolol,hsa:3354,P28566,1,5,19,1,248.32,248.1524779,57.3,248,0,3,3,6,18,0,1,0,1,0,0,0,1,201,10,2,3,0,2,2,1,0.8,6,10,1.8,248.32,365,41682,3,-6.9693,6525,7466,941,0.8739619608893652
gpcr,D00513,4828,Pindolol,hsa:3355,P30939,1,7,19,1,248.32,248.1524779,57.3,248,0,3,3,6,18,0,1,0,1,0,0,0,1,201,10,2,3,0,2,2,1,0.8,6,10,1.8,248.32,366,41709,0,-6.8487,6281,7466,1185,0.841280471470667
gpcr,D00513,4828,Pindolol,hsa:3356,P28223,1,19,19,1,248.32,248.1524779,57.3,248,0,3,3,6,18,0,1,0,1,0,0,0,1,201,10,2,3,0,2,2,1,0.8,6,10,1.8,248.32,471,52603,6,-7.1767,6859,7466,607,0.9186980980444682
gpcr,D00513,4828,Pindolol,hsa:3357,P41595,1,6,19,1,248.32,248.1524779,57.3,248,0,3,3,6,18,0,1,0,1,0,0,0,1,201,10,2,3,0,2,2,1,0.8,6,10,1.8,248.32,481,54298,2,-7.5557,7245,7466,221,0.9703991427806055
gpcr,D00513,4828,Pindolol,hsa:3358,P28335,1,10,19,1,248.32,248.1524779,57.3,248,0,3,3,6,18,0,1,0,1,0,0,0,1,201,10,2,3,0,2,2,1,0.8,6,10,1.8,248.32,458,51805,10,-6.9913,6575,7466,891,0.8806589874095901
gpcr,D00513,4828,Pindolol,hsa:3360,Q13639,2,8,19,1,248.32,248.1524779,57.3,248,0,3,3,6,18,0,1,0,1,0,0,0,1,201,10,2,3,0,2,2,1,0.8,6,10,1.8,248.32,388,43761,2,-6.8959,6371,7466,1095,0.8533351192070721
gpcr,D00513,4828,Pindolol,hsa:3361,P47898,2,4,19,1,248.32,248.1524779,57.3,248,0,3,3,6,18,0,1,0,1,0,0,0,1,201,10,2,3,0,2,2,1,0.8,6,10,1.8,248.32,357,40255,0,-6.4617,5400,7466,2066,0.7232788641843022
gpcr,D00513,4828,Pindolol,hsa:3362,P50406,1,5,19,1,248.32,248.1524779,57.3,248,0,3,3,6,18,0,1,0,1,0,0,0,1,201,10,2,3,0,2,2,1,0.8,6,10,1.8,248.32,440,46954,3,-6.5492,5642,7466,1824,0.7556924725421913
gpcr,D00514,5311068,Dexmedetomidine,hsa:150,P08913,1,29,1,1,200.28,200.1313485,28.7,205,0,1,1,2,15,0,1,1,0,0,0,0,1,168.5,5,0,1,0,1,2,1,0.6,2,10,3.1,200.28,465,50647,0,-8.3776,7405,7533,128,0.9830080977034382
gpcr,D00520,10660,Dimenhydrinate,hsa:3269,P35367,1,26,1,1,470,469.1880675,81.8,509,0,1,5,6,33,0,0,0,0,0,0,0,2,,,,,,,,,,,0,,470,487,55784,0,-9.5642,3733,7272,3539,0.5133388338833883
gpcr,D00521,5405,Terfenadine,hsa:3269,P35367,1,26,1,1,471.7,471.3137296,43.7,582,0,2,3,9,35,0,1,0,1,0,0,0,1,390.3,10,2,2,0,1,4,1,1,10.2,10,6.6,471.7,487,55784,0,-8.9211,6272,7506,1234,0.8355981881161737
gpcr,D00522,2541,Candesartan,hsa:185,P30556,2,8,1,1,440.5,440.1596885,119,660,0,2,7,7,33,0,0,0,0,0,0,0,1,337.3,10,2,0,1,2,5,0,1,7,10,4.1,440.5,359,41061,6,-10.217,7154,7272,118,0.9837733773377337
gpcr,D00523,3749,Irbesartan,hsa:185,P30556,2,8,1,1,428.5,428.2324595,87.1,682,0,1,5,7,32,0,0,0,0,0,0,0,1,343,8,1,0,0,1,5,1,1,8,10,4.1,428.5,359,41061,6,-9.9925,7148,7372,224,0.9696147585458491
gpcr,D00524,5831,Carbachol,hsa:1128,P11229,2,27,3,1,182.65,182.0822054,52.3,117,0,1,3,4,11,0,0,0,0,0,0,0,2,,,,,,,,,,,0,,182.65,460,51421,0,-1.2128,6389,7614,1225,0.8391121618071973
gpcr,D00524,5831,Carbachol,hsa:1129,P08172,4,21,3,1,182.65,182.0822054,52.3,117,0,1,3,4,11,0,0,0,0,0,0,0,2,,,,,,,,,,,0,,182.65,466,51715,0,-1.1531,5327,7614,2287,0.699632256369845
gpcr,D00525,5910,Pilocarpine,hsa:1128,P11229,2,27,1,1,208.26,208.1211778,44.1,245,0,0,3,3,15,0,2,2,0,0,0,0,1,167.6,5,1,0,0,1,2,1,0.6,3.8,10,1.1,208.26,460,51421,0,-6.4546,6871,7470,599,0.9198125836680053
gpcr,D00528,2519,Caffeine,hsa:134,P30542,1,5,14,1,194.19,194.0803756,58.4,293,0,0,3,0,14,0,0,0,0,0,0,0,1,143.9,5,2,0,0,1,2,0,0.4,0,1,-0.1,194.19,326,36512,4,-5.3213,4330,7535,3205,0.5746516257465163
gpcr,D00528,2519,Caffeine,hsa:135,P29274,3,4,14,1,194.19,194.0803756,58.4,293,0,0,3,0,14,0,0,0,0,0,0,0,1,143.9,5,2,0,0,1,2,0,0.4,0,1,-0.1,194.19,412,44707,12,-6.0048,6358,7535,1177,0.8437956204379562
gpcr,D00528,2519,Caffeine,hsa:3577,P25024,1,10,14,1,194.19,194.0803756,58.4,293,0,0,3,0,14,0,0,0,0,0,0,0,1,143.9,5,2,0,0,1,2,0,0.4,0,1,-0.1,194.19,350,39791,4,-6.1165,6636,7535,899,0.8806901128069011
gpcr,D00528,2519,Caffeine,hsa:5028,P47900,1,1,14,1,194.19,194.0803756,58.4,293,0,0,3,0,14,0,0,0,0,0,0,0,1,143.9,5,2,0,0,1,2,0,0.4,0,1,-0.1,194.19,373,42072,1,-6.4203,7118,7535,417,0.9446582614465826
gpcr,D00528,2519,Caffeine,hsa:64805,Q9H244,2,3,14,1,194.19,194.0803756,58.4,293,0,0,3,0,14,0,0,0,0,0,0,0,1,143.9,5,2,0,0,1,2,0,0.4,0,1,-0.1,194.19,342,39439,0,-6.0159,6384,7535,1151,0.8472461844724618
gpcr,D00540,11693,Glycopyrrolate,hsa:1128,P11229,2,27,2,1,398.3,397.12526,46.5,424,0,1,4,5,24,0,2,0,2,0,0,0,2,,,,,,,,,,,0,,398.3,460,51421,0,-1.2973,7241,7564,323,0.9572977260708619
gpcr,D00540,11693,Glycopyrrolate,hsa:1129,P08172,4,21,2,1,398.3,397.12526,46.5,424,0,1,4,5,24,0,2,0,2,0,0,0,2,,,,,,,,,,,0,,398.3,466,51715,0,-1.1812,6322,7564,1242,0.8358011634056055
gpcr,D00542,3562,Halothane,hsa:3577,P25024,1,10,1,1,197.38,195.89022,0,60,0,0,3,0,7,0,1,0,1,0,0,0,1,89.9,1,0,0,0,0,0,1,0.4,1,2,2.3,197.38,350,39791,4,-5.0203,7435,7536,101,0.9865976645435244
gpcr,D00560,16362,Pimozide,hsa:1812,P21728,1,14,5,1,461.5,461.2278689,35.6,632,0,1,4,7,34,0,0,0,0,0,0,0,1,362.6,8,1,1,0,1,5,0,1,8.2,10,6.3,461.5,446,49293,5,-10.7937,7013,7366,353,0.9520771110507739
gpcr,D00560,16362,Pimozide,hsa:1813,P14416,1,22,5,1,461.5,461.2278689,35.6,632,0,1,4,7,34,0,0,0,0,0,0,0,1,362.6,8,1,1,0,1,5,0,1,8.2,10,6.3,461.5,443,50619,3,-11.4761,7225,7366,141,0.980857996198751
gpcr,D00560,16362,Pimozide,hsa:1814,P35462,3,13,5,1,461.5,461.2278689,35.6,632,0,1,4,7,34,0,0,0,0,0,0,0,1,362.6,8,1,1,0,1,5,0,1,8.2,10,6.3,461.5,400,44195,0,-10.5325,6853,7366,513,0.9303556882975835
gpcr,D00560,16362,Pimozide,hsa:4985,P41143,1,2,5,1,461.5,461.2278689,35.6,632,0,1,4,7,34,0,0,0,0,0,0,0,1,362.6,8,1,1,0,1,5,0,1,8.2,10,6.3,461.5,372,40369,10,-10.3099,6697,7366,669,0.9091773011132229
gpcr,D00563,4205,Mirtazapine,hsa:150,P08913,1,29,4,1,265.35,265.1578976,19.4,345,0,0,3,0,20,0,1,0,1,0,0,0,1,208.5,7,1,0,0,2,4,0,0.6,1,4,3.3,265.35,465,50647,0,-8.0016,6059,7526,1467,0.8050757374435291
gpcr,D00563,4205,Mirtazapine,hsa:151,P18089,1,25,4,1,265.35,265.1578976,19.4,345,0,0,3,0,20,0,1,0,1,0,0,0,1,208.5,7,1,0,0,2,4,0,0.6,1,4,3.3,265.35,450,49954,1,-7.3003,4400,7526,3126,0.5846399149614669
gpcr,D00563,4205,Mirtazapine,hsa:3356,P28223,1,19,4,1,265.35,265.1578976,19.4,345,0,0,3,0,20,0,1,0,1,0,0,0,1,208.5,7,1,0,0,2,4,0,0.6,1,4,3.3,265.35,471,52603,6,-8.2891,6528,7526,998,0.8673930374701037
gpcr,D00563,4205,Mirtazapine,hsa:3358,P28335,1,10,4,1,265.35,265.1578976,19.4,345,0,0,3,0,20,0,1,0,1,0,0,0,1,208.5,7,1,0,0,2,4,0,0.6,1,4,3.3,265.35,458,51805,10,-7.8868,5811,7526,1715,0.7721233058729737
gpcr,D00574,2145,Aminoglutethimide,hsa:3577,P25024,1,10,1,1,232.28,232.1211778,72.2,321,0,2,3,2,17,0,1,0,1,0,0,0,1,180.5,8,2,2,0,1,2,1,0.6,2.8,8,1.2,232.28,350,39791,4,-8.3276,7450,7527,77,0.9897701607546168
gpcr,D00598,107952,Betaxolol Hydrochloride,hsa:153,P08588,1,31,2,1,343.9,343.1914215,50.7,286,0,3,4,11,23,0,1,0,1,0,0,0,2,,,,,,,,,,,0,,343.9,477,51224,5,-7.6242,7255,7463,208,0.9721291705748358
gpcr,D00598,107952,Betaxolol Hydrochloride,hsa:154,P07550,2,35,2,1,343.9,343.1914215,50.7,286,0,3,4,11,23,0,1,0,1,0,0,0,2,,,,,,,,,,,0,,343.9,413,46459,24,-8.5435,7449,7463,14,0.9981240787886909
gpcr,D00604,20179,Clonidine Hydrochloride,hsa:150,P08913,1,29,4,1,266.6,264.99403,36.4,222,0,3,1,2,15,0,0,0,0,0,0,0,2,,,,,,,,,,,0,,266.6,465,50647,0,-6.1275,6170,7469,1299,0.8260811353594859
gpcr,D00604,20179,Clonidine Hydrochloride,hsa:151,P18089,1,25,4,1,266.6,264.99403,36.4,222,0,3,1,2,15,0,0,0,0,0,0,0,2,,,,,,,,,,,0,,266.6,450,49954,1,-6.9902,7378,7469,91,0.9878163074039362
gpcr,D00604,20179,Clonidine Hydrochloride,hsa:152,P18825,2,15,4,1,266.6,264.99403,36.4,222,0,3,1,2,15,0,0,0,0,0,0,0,2,,,,,,,,,,,0,,266.6,462,49522,11,-6.38,6756,7469,713,0.9045387602088633
gpcr,D00609,68546,Prazosin Hydrochloride,hsa:150,P08913,1,29,6,1,419.9,419.1360319,107,544,0,2,8,4,29,0,0,0,0,0,0,0,2,,,,,,,,,,,0,,419.9,465,50647,0,-8.5138,6560,6837,277,0.9594851543074447
gpcr,D00609,68546,Prazosin Hydrochloride,hsa:151,P18089,1,25,6,1,419.9,419.1360319,107,544,0,2,8,4,29,0,0,0,0,0,0,0,2,,,,,,,,,,,0,,419.9,450,49954,1,-7.3285,4984,6837,1853,0.7289746965043148
gpcr,D00609,68546,Prazosin Hydrochloride,hsa:152,P18825,2,15,6,1,419.9,419.1360319,107,544,0,2,8,4,29,0,0,0,0,0,0,0,2,,,,,,,,,,,0,,419.9,462,49522,11,-8.1473,6254,6837,583,0.9147286821705426
gpcr,D00627,65999,Telmisartan,hsa:185,P30556,2,8,1,1,514.6,514.2368762,72.9,831,0,1,4,7,39,0,0,0,0,0,0,0,1,412.9,12,2,0,1,2,6,1,1,7,10,6.9,514.6,359,41061,6,-10.8755,7137,7342,205,0.9720784527376737
gpcr,D00632,65324,Dobutamine Hydrochloride,hsa:153,P08588,1,31,2,1,337.8,337.1444713,72.7,305,0,5,4,7,23,0,1,0,1,0,0,0,2,,,,,,,,,,,0,,337.8,477,51224,5,-9.0132,7345,7521,176,0.9765988565350352
gpcr,D00632,65324,Dobutamine Hydrochloride,hsa:154,P07550,2,35,2,1,337.8,337.1444713,72.7,305,0,5,4,7,23,0,1,0,1,0,0,0,2,,,,,,,,,,,0,,337.8,413,46459,24,-9.1061,7394,7521,127,0.9831139476133492
gpcr,D00645,6100,Bretylium Tosylate,hsa:153,P08588,1,31,2,1,414.4,413.06603,65.6,349,0,0,3,3,24,0,0,0,0,0,0,0,2,,,,,,,,,,,0,,414.4,477,51224,5,-9.0541,6593,7392,799,0.8919101731601732
gpcr,D00645,6100,Bretylium Tosylate,hsa:154,P07550,2,35,2,1,414.4,413.06603,65.6,349,0,0,3,3,24,0,0,0,0,0,0,0,2,,,,,,,,,,,0,,414.4,413,46459,24,-10.1388,7280,7392,112,0.9848484848484849
gpcr,D00646,443879,Tolterodine,hsa:1128,P11229,2,27,2,1,325.5,325.2405646,23.5,340,0,1,2,7,24,0,1,1,0,0,0,0,1,274.6,6,0,1,0,1,2,2,0.8,7,10,5.6,325.5,460,51421,0,-6.8277,5162,7521,2359,0.6863449009440235
gpcr,D00646,443879,Tolterodine,hsa:1129,P08172,4,21,2,1,325.5,325.2405646,23.5,340,0,1,2,7,24,0,1,1,0,0,0,0,1,274.6,6,0,1,0,1,2,2,0.8,7,10,5.6,325.5,466,51715,0,-7.1741,5925,7521,1596,0.7877941763063422
gpcr,D00665,5281068,Chlorpheniramine Maleate,hsa:3269,P35367,1,26,1,1,390.9,390.1346349,90.7,368,0,2,6,7,27,0,1,0,1,1,1,0,2,,,,,,,,,,,0,,390.9,487,55784,0,-8.1398,3621,7295,3674,0.49636737491432487
gpcr,D00666,23724780,Clemastinefumarate,hsa:3269,P35367,1,26,1,1,460,459.1812508,87.1,495,0,2,6,8,32,0,2,1,1,1,1,0,2,,,,,,,,,,,0,,460,487,55784,0,-9.0862,4905,7372,2467,0.6653553988062941
gpcr,D00673,3033332,Ranitidine Hydrochloride,hsa:3274,P25021,1,7,1,1,350.87,350.1179395,112,347,0,3,7,9,22,0,0,0,0,1,1,0,2,,,,,,,,,,,0,,350.87,359,40098,0,-5.8255,5384,7228,1844,0.7448810182623132
gpcr,D00674,60875,Naratriptan Hydrochloride,hsa:3355,P30939,1,7,1,1,371.9,371.1434259,73.6,483,0,3,4,5,24,0,0,0,0,0,0,0,2,,,,,,,,,,,0,,371.9,366,41709,0,-8.7322,6793,7221,428,0.9407284309652403
gpcr,D00676,59772,Sumatriptan Succinate,hsa:3351,P28222,3,10,3,1,413.5,413.1620568,148,498,0,4,8,9,28,0,0,0,0,0,0,0,2,,,,,,,,,,,0,,413.5,390,43568,2,-9.8196,7151,7280,129,0.9822802197802197
gpcr,D00676,59772,Sumatriptan Succinate,hsa:3352,P28221,1,10,3,1,413.5,413.1620568,148,498,0,4,8,9,28,0,0,0,0,0,0,0,2,,,,,,,,,,,0,,413.5,377,41907,0,-7.8049,4757,7280,2523,0.6534340659340659
gpcr,D00676,59772,Sumatriptan Succinate,hsa:3355,P30939,1,7,3,1,413.5,413.1620568,148,498,0,4,8,9,28,0,0,0,0,0,0,0,2,,,,,,,,,,,0,,413.5,366,41709,0,-9.5924,7090,7280,190,0.9739010989010989
gpcr,D00684,35329,Bitolterol Mesylate,hsa:154,P07550,2,35,1,1,557.7,557.2083383,148,751,0,3,9,10,39,0,1,0,1,0,0,0,2,,,,,,,,,,,0,,557.7,413,46459,24,-7.8746,2533,7335,4802,0.3453306066802999
gpcr,D00726,4168,Metoclopramide,hsa:1128,P11229,2,27,15,1,299.79,299.1400546,67.6,300,0,2,4,7,20,0,0,0,0,0,0,0,1,230.3,7,2,2,0,2,1,0,0.8,8,10,2.6,299.79,460,51421,0,-5.5658,4503,7397,2894,0.6087603082330675
gpcr,D00726,4168,Metoclopramide,hsa:1813,P14416,1,22,15,1,299.79,299.1400546,67.6,300,0,2,4,7,20,0,0,0,0,0,0,0,1,230.3,7,2,2,0,2,1,0,0.8,8,10,2.6,299.79,443,50619,3,-6.6721,6917,7397,480,0.935108827903204
gpcr,D00726,4168,Metoclopramide,hsa:1814,P35462,3,13,15,1,299.79,299.1400546,67.6,300,0,2,4,7,20,0,0,0,0,0,0,0,1,230.3,7,2,2,0,2,1,0,0.8,8,10,2.6,299.79,400,44195,0,-5.8985,5455,7397,1942,0.7374611328917129
gpcr,D00726,4168,Metoclopramide,hsa:3350,P08908,3,7,15,1,299.79,299.1400546,67.6,300,0,2,4,7,20,0,0,0,0,0,0,0,1,230.3,7,2,2,0,2,1,0,0.8,8,10,2.6,299.79,422,46107,2,-5.6629,4800,7397,2597,0.64891172096796
gpcr,D00726,4168,Metoclopramide,hsa:3351,P28222,3,10,15,1,299.79,299.1400546,67.6,300,0,2,4,7,20,0,0,0,0,0,0,0,1,230.3,7,2,2,0,2,1,0,0.8,8,10,2.6,299.79,390,43568,2,-6.5684,6794,7397,603,0.9184804650534
gpcr,D00726,4168,Metoclopramide,hsa:3352,P28221,1,10,15,1,299.79,299.1400546,67.6,300,0,2,4,7,20,0,0,0,0,0,0,0,1,230.3,7,2,2,0,2,1,0,0.8,8,10,2.6,299.79,377,41907,0,-6.2193,6173,7397,1224,0.8345275111531703
gpcr,D00726,4168,Metoclopramide,hsa:3354,P28566,1,5,15,1,299.79,299.1400546,67.6,300,0,2,4,7,20,0,0,0,0,0,0,0,1,230.3,7,2,2,0,2,1,0,0.8,8,10,2.6,299.79,365,41682,3,-6.6371,6866,7397,531,0.9282141408679194
gpcr,D00726,4168,Metoclopramide,hsa:3355,P30939,1,7,15,1,299.79,299.1400546,67.6,300,0,2,4,7,20,0,0,0,0,0,0,0,1,230.3,7,2,2,0,2,1,0,0.8,8,10,2.6,299.79,366,41709,0,-6.3046,6355,7397,1042,0.8591320805732053
gpcr,D00726,4168,Metoclopramide,hsa:3356,P28223,1,19,15,1,299.79,299.1400546,67.6,300,0,2,4,7,20,0,0,0,0,0,0,0,1,230.3,7,2,2,0,2,1,0,0.8,8,10,2.6,299.79,471,52603,6,-6.8976,7138,7397,259,0.9649858050561039
gpcr,D00726,4168,Metoclopramide,hsa:3357,P41595,1,6,15,1,299.79,299.1400546,67.6,300,0,2,4,7,20,0,0,0,0,0,0,0,1,230.3,7,2,2,0,2,1,0,0.8,8,10,2.6,299.79,481,54298,2,-6.574,6796,7397,601,0.9187508449371367
gpcr,D00726,4168,Metoclopramide,hsa:3358,P28335,1,10,15,1,299.79,299.1400546,67.6,300,0,2,4,7,20,0,0,0,0,0,0,0,1,230.3,7,2,2,0,2,1,0,0.8,8,10,2.6,299.79,458,51805,10,-6.579,6800,7397,597,0.91929160470461
gpcr,D00726,4168,Metoclopramide,hsa:3360,Q13639,2,8,15,1,299.79,299.1400546,67.6,300,0,2,4,7,20,0,0,0,0,0,0,0,1,230.3,7,2,2,0,2,1,0,0.8,8,10,2.6,299.79,388,43761,2,-6.7067,6957,7397,440,0.940516425577937
gpcr,D00726,4168,Metoclopramide,hsa:3361,P47898,2,4,15,1,299.79,299.1400546,67.6,300,0,2,4,7,20,0,0,0,0,0,0,0,1,230.3,7,2,2,0,2,1,0,0.8,8,10,2.6,299.79,357,40255,0,-6.1292,5993,7397,1404,0.8101933216168717
gpcr,D00726,4168,Metoclopramide,hsa:3362,P50406,1,5,15,1,299.79,299.1400546,67.6,300,0,2,4,7,20,0,0,0,0,0,0,0,1,230.3,7,2,2,0,2,1,0,0.8,8,10,2.6,299.79,440,46954,3,-5.6568,4783,7397,2614,0.6466134919561984
gpcr,D00765,441351,Rocuronium Bromide,hsa:1129,P08172,4,21,1,1,609.7,608.31887,59,898,0,1,6,6,39,0,10,10,0,0,0,0,2,,,,,,,,,,,0,,609.7,466,51715,0,-1.1812,6361,7613,1252,0.835544463417838
gpcr,D00769,115366,Clopidogrel Bisulfate,hsa:64805,Q9H244,2,3,1,1,419.9,419.0264073,141,463,0,2,8,4,26,0,1,1,0,0,0,0,2,,,,,,,,,,,0,,419.9,342,39439,0,-7.2004,5069,7302,2233,0.6941933716789921
gpcr,D00775,5070,Riluzole,hsa:2911,Q13255,2,1,8,1,234.2,234.0074685,76.4,238,0,1,7,1,15,0,0,0,0,0,0,0,1,155.7,5,1,1,0,1,2,0,0.6,2,4,3.6,234.2,1194,132357,1,-6.7969,6012,7331,1319,0.8200791160823898
gpcr,D00775,5070,Riluzole,hsa:2912,Q14416,1,2,8,1,234.2,234.0074685,76.4,238,0,1,7,1,15,0,0,0,0,0,0,0,1,155.7,5,1,1,0,1,2,0,0.6,2,4,3.6,234.2,872,95568,26,-6.3437,4842,7331,2489,0.6604828809166553
gpcr,D00775,5070,Riluzole,hsa:2913,Q14832,2,2,8,1,234.2,234.0074685,76.4,238,0,1,7,1,15,0,0,0,0,0,0,0,1,155.7,5,1,1,0,1,2,0,0.6,2,4,3.6,234.2,879,98879,0,-7.0268,6487,7331,844,0.884872459418906
gpcr,D00775,5070,Riluzole,hsa:2915,P41594,1,1,8,1,234.2,234.0074685,76.4,238,0,1,7,1,15,0,0,0,0,0,0,0,1,155.7,5,1,1,0,1,2,0,0.6,2,4,3.6,234.2,1212,132469,2,-6.2913,4705,7331,2626,0.641795116628018
gpcr,D00775,5070,Riluzole,hsa:2918,O00222,1,3,8,1,234.2,234.0074685,76.4,238,0,1,7,1,15,0,0,0,0,0,0,0,1,155.7,5,1,1,0,1,2,0,0.6,2,4,3.6,234.2,908,101741,0,-6.7343,5856,7331,1475,0.7987996180602919
gpcr,D00779,2381,Biperiden,hsa:1128,P11229,2,27,2,1,311.5,311.2249145,23.5,422,0,1,2,5,23,0,4,0,4,0,0,0,1,257.2,6,1,1,0,1,3,0,0.8,6.8,10,4.3,311.5,460,51421,0,-8.9718,7349,7523,174,0.9768709291506048
gpcr,D00779,2381,Biperiden,hsa:1129,P08172,4,21,2,1,311.5,311.2249145,23.5,422,0,1,2,5,23,0,4,0,4,0,0,0,1,257.2,6,1,1,0,1,3,0,0.8,6.8,10,4.3,311.5,466,51715,0,-9.9545,7510,7523,13,0.9982719659710222
gpcr,D00780,31100,Bromocriptine Mesylate,hsa:1813,P14416,1,22,1,1,750.7,749.2094,181,1320,0,4,9,5,48,0,6,6,0,0,0,0,2,,,,,,,,,,,0,,750.7,443,50619,3,-11.0334,6884,7081,197,0.9721790707527186
gpcr,D00790,667467,Chlorprothixene,hsa:1812,P21728,1,14,2,1,315.9,315.0848484,28.5,381,0,0,2,3,21,0,0,0,0,1,1,0,1,246.4,4,0,0,0,1,3,0,0.6,3.2,10,5.2,315.9,446,49293,5,-7.7392,6633,7466,833,0.8884275381730512
gpcr,D00790,667467,Chlorprothixene,hsa:1813,P14416,1,22,2,1,315.9,315.0848484,28.5,381,0,0,2,3,21,0,0,0,0,1,1,0,1,246.4,4,0,0,0,1,3,0,0.6,3.2,10,5.2,315.9,443,50619,3,-7.9574,6873,7466,593,0.9205732654701313
gpcr,D00838,3033053,Dezocine,hsa:4986,P41145,1,4,2,1,245.36,245.1779644,46.3,305,0,2,2,0,18,0,3,3,0,0,0,0,1,198,5,0,2,0,1,2,0,0.6,1.4,2,3.7,245.36,380,42645,3,-9.1544,7499,7525,26,0.9965448504983389
gpcr,D00838,3033053,Dezocine,hsa:4988,P35372,2,9,2,1,245.36,245.1779644,46.3,305,0,2,2,0,18,0,3,3,0,0,0,0,1,198,5,0,2,0,1,2,0,0.6,1.4,2,3.7,245.36,400,44779,57,-7.7564,6790,7525,735,0.9023255813953488
gpcr,D00845,65494,Sufentanil Citrate,hsa:4988,P35372,2,9,1,1,578.7,578.229802,193,687,0,4,11,13,40,0,0,0,0,0,0,0,2,,,,,,,,,,,0,,578.7,400,44779,57,-10.6473,6831,7326,495,0.9324324324324325
gpcr,D00987,54746,Cabergoline,hsa:1813,P14416,1,22,1,1,451.6,451.2947254,71.7,713,0,2,4,8,33,0,3,3,0,0,0,0,1,358.7,12,2,2,0,3,4,1,1.2,12,10,3.4,451.6,443,50619,3,-8.3608,6858,7440,582,0.9217741935483871
gpcr,D00996,441411,(-)-Epinephrine hydrochloride,hsa:151,P18089,1,25,9,1,219.66,219.066221,72.7,154,0,5,4,3,14,0,1,1,0,0,0,0,2,,,,,,,,,,,0,,219.66,450,49954,1,-7.3152,7116,7198,82,0.9886079466518477
gpcr,D00996,441411,(-)-Epinephrine hydrochloride,hsa:153,P08588,1,31,9,1,219.66,219.066221,72.7,154,0,5,4,3,14,0,1,1,0,0,0,0,2,,,,,,,,,,,0,,219.66,477,51224,5,-6.8435,6751,7198,447,0.9378994165045846
gpcr,D00996,441411,(-)-Epinephrine hydrochloride,hsa:154,P07550,2,35,9,1,219.66,219.066221,72.7,154,0,5,4,3,14,0,1,1,0,0,0,0,2,,,,,,,,,,,0,,219.66,413,46459,24,-6.9384,6870,7198,328,0.9544317866073909
gpcr,D01022,66259,Oxymetazoline Hydrochloride,hsa:150,P08913,1,29,6,1,296.83,296.1655411,44.6,345,0,3,2,3,20,0,0,0,0,0,0,0,2,,,,,,,,,,,0,,296.83,465,50647,0,-6.8921,5939,7393,1454,0.8033274719329095
gpcr,D01022,66259,Oxymetazoline Hydrochloride,hsa:151,P18089,1,25,6,1,296.83,296.1655411,44.6,345,0,3,2,3,20,0,0,0,0,0,0,0,2,,,,,,,,,,,0,,296.83,450,49954,1,-6.6499,5352,7393,2041,0.7239280400378737
gpcr,D01022,66259,Oxymetazoline Hydrochloride,hsa:152,P18825,2,15,6,1,296.83,296.1655411,44.6,345,0,3,2,3,20,0,0,0,0,0,0,0,2,,,,,,,,,,,0,,296.83,462,49522,11,-7.3832,6770,7393,623,0.9157310969836332
gpcr,D01051,5265,Spiperone,hsa:3350,P08908,3,7,6,1,395.5,395.2009052,52.7,577,0,1,5,6,29,0,0,0,0,0,0,0,1,309.3,9,2,1,0,2,4,0,1,7.6,10,3,395.5,422,46107,2,-8.8879,6064,7376,1312,0.8221258134490239
gpcr,D01051,5265,Spiperone,hsa:3356,P28223,1,19,6,1,395.5,395.2009052,52.7,577,0,1,5,6,29,0,0,0,0,0,0,0,1,309.3,9,2,1,0,2,4,0,1,7.6,10,3,395.5,471,52603,6,-10.5858,7257,7376,119,0.9838665943600867
gpcr,D01051,5265,Spiperone,hsa:3363,P34969,1,3,6,1,395.5,395.2009052,52.7,577,0,1,5,6,29,0,0,0,0,0,0,0,1,309.3,9,2,1,0,2,4,0,1,7.6,10,3,395.5,479,53555,1,-9.0294,6240,7376,1136,0.8459869848156182
gpcr,D01071,3608,Hexobarbital,hsa:3577,P25024,1,10,1,1,236.27,236.1160924,66.5,427,0,1,3,1,17,0,1,0,1,0,0,0,1,178.6,6,3,1,0,0,2,0,0.6,2.4,5,1.5,236.27,350,39791,4,-7.2014,6404,7466,1062,0.8577551567104206
gpcr,D01103,107979,"Spiro(8-azoniabicyclo(3.2.1)octane-8,1'-pyrrolidinium), 3-hydroxy-, chloride, benzilate",hsa:1128,P11229,2,27,1,1,428,427.1914215,46.5,553,0,1,4,5,30,0,2,0,2,0,0,0,2,,,,,,,,,,,0,,428,460,51421,0,-1.2134,6384,7609,1225,0.8390064397424103
gpcr,D01118,122824,Ethopropazine Hydrochloride,hsa:1128,P11229,2,27,1,1,348.9,348.1426977,31.8,322,0,1,3,5,23,0,1,0,1,0,0,0,2,,,,,,,,,,,0,,348.9,460,51421,0,-6.9398,6141,7221,1080,0.8504362276692978
gpcr,D01164,60795,Aripiprazole,hsa:1813,P14416,1,22,6,1,448.4,447.1480325,44.8,559,0,1,4,7,30,0,0,0,0,0,0,0,1,337.2,9,2,1,0,2,4,0,1.2,8.8,10,4.6,448.4,443,50619,3,-9.8461,7104,7376,272,0.9631236442516269
gpcr,D01164,60795,Aripiprazole,hsa:1814,P35462,3,13,6,1,448.4,447.1480325,44.8,559,0,1,4,7,30,0,0,0,0,0,0,0,1,337.2,9,2,1,0,2,4,0,1.2,8.8,10,4.6,448.4,400,44195,0,-9.3078,6799,7376,577,0.9217733188720173
gpcr,D01164,60795,Aripiprazole,hsa:3350,P08908,3,7,6,1,448.4,447.1480325,44.8,559,0,1,4,7,30,0,0,0,0,0,0,0,1,337.2,9,2,1,0,2,4,0,1.2,8.8,10,4.6,448.4,422,46107,2,-7.9953,5185,7376,2191,0.7029555314533622
gpcr,D01164,60795,Aripiprazole,hsa:3356,P28223,1,19,6,1,448.4,447.1480325,44.8,559,0,1,4,7,30,0,0,0,0,0,0,0,1,337.2,9,2,1,0,2,4,0,1.2,8.8,10,4.6,448.4,471,52603,6,-9.7679,7072,7376,304,0.9587852494577006
gpcr,D01164,60795,Aripiprazole,hsa:3357,P41595,1,6,6,1,448.4,447.1480325,44.8,559,0,1,4,7,30,0,0,0,0,0,0,0,1,337.2,9,2,1,0,2,4,0,1.2,8.8,10,4.6,448.4,481,54298,2,-9.852,7106,7376,270,0.9633947939262473
gpcr,D01164,60795,Aripiprazole,hsa:3358,P28335,1,10,6,1,448.4,447.1480325,44.8,559,0,1,4,7,30,0,0,0,0,0,0,0,1,337.2,9,2,1,0,2,4,0,1.2,8.8,10,4.6,448.4,458,51805,10,-9.3539,6831,7376,545,0.9261117136659436
gpcr,D01227,27522,Distigmine Bromide,hsa:1910,P24530,1,1,2,1,576.3,574.07903,66.8,487,0,0,6,11,32,0,0,0,0,0,0,0,3,,,,,,,,,,,0,,576.3,442,49644,1,-7.6228,6896,7516,620,0.9175093134646088
gpcr,D01236,28620,Deslanoside,hsa:552,P37288,2,1,2,1,943.1,942.4824301,282,1760,0,9,19,10,66,0,26,26,0,0,0,0,1,,,,,,,,,,,0,-0.3,943.1,418,46800,1,4.2522,29,7267,7238,0.003990642631071969
gpcr,D01236,28620,Deslanoside,hsa:554,P30518,1,1,2,1,943.1,942.4824301,282,1760,0,9,19,10,66,0,26,26,0,0,0,0,1,,,,,,,,,,,0,-0.3,943.1,371,40279,3,-8.0291,3489,7267,3778,0.4801155910279345
gpcr,D01269,443939,Doxorubicin Hydrochloride,hsa:1128,P11229,2,27,1,1,580,579.1507385,206,977,0,7,12,5,40,0,6,6,0,0,0,0,2,,,,,,,,,,,0,,580,460,51421,0,-9.634,5932,6505,573,0.9119139123750961
gpcr,D01297,4066,Mequitazine,hsa:1128,P11229,2,27,1,1,322.5,322.1503699,31.8,398,0,0,3,2,23,0,1,0,1,0,0,0,1,254.3,6,0,0,0,2,4,0,0.6,3.6,3,4.6,322.5,460,51421,0,-8.5074,6923,7523,600,0.9202445832779477
gpcr,D01324,5468,Tiaprofenic Acid,hsa:3269,P35367,1,26,1,1,260.31,260.0507154,82.6,323,0,1,4,4,18,0,1,0,1,0,0,0,1,201.1,7,3,0,1,0,2,1,0.6,4,10,3.3,260.31,487,55784,0,-6.7518,4444,7466,3022,0.5952317171175998
gpcr,D01332,2329,4-((2-(Benzoylamino)-3-(4-hydroxyphenyl)-1-oxopropyl)amino)benzoic acid,hsa:3269,P35367,1,26,1,1,404.4,404.1372217,116,588,0,4,5,7,30,0,1,0,1,0,0,0,1,312.4,11,4,3,1,0,3,0,1,9,10,3.3,404.4,487,55784,0,-8.7737,5791,7441,1650,0.7782556108049993
gpcr,D01386,443958,Amcinonide,hsa:154,P07550,2,35,1,1,502.6,502.2366816,99.1,1090,0,1,8,4,36,0,8,8,0,0,0,0,1,375.9,13,6,1,0,0,6,0,1,6.2,5,3.6,502.6,413,46459,24,-7.9729,3799,7436,3637,0.5108929532006455
gpcr,D01390,2176,Ampiroxicam,hsa:153,P08588,1,31,3,1,447.5,447.1100212,133,808,0,1,9,8,31,0,1,0,1,0,0,0,1,328.6,9,5,1,0,0,3,0,1,9.2,10,4,447.5,477,51224,5,-7.203,5334,7278,1944,0.7328936521022259
gpcr,D01390,2176,Ampiroxicam,hsa:154,P07550,2,35,3,1,447.5,447.1100212,133,808,0,1,9,8,31,0,1,0,1,0,0,0,1,328.6,9,5,1,0,0,3,0,1,9.2,10,4,447.5,413,46459,24,-6.7554,4246,7278,3032,0.5834020335256939
gpcr,D01454,5282421,Lisuride Maleate,hsa:153,P08588,1,31,3,1,454.5,454.2216201,126,663,0,4,6,5,33,0,2,2,0,1,1,0,2,,,,,,,,,,,0,,454.5,477,51224,5,-9.8047,6592,7353,761,0.8965048279613763
gpcr,D01454,5282421,Lisuride Maleate,hsa:154,P07550,2,35,3,1,454.5,454.2216201,126,663,0,4,6,5,33,0,2,2,0,1,1,0,2,,,,,,,,,,,0,,454.5,413,46459,24,-8.4656,4337,7353,3016,0.5898272813817489
gpcr,D01462,3395,Flurbiprofen Axetil,hsa:1813,P14416,1,22,1,1,330.3,330.1267373,52.6,433,0,0,5,7,24,0,2,0,2,0,0,0,1,260.7,5,2,0,0,0,2,1,1,7,10,4.9,330.3,443,50619,3,-9.5967,7391,7521,130,0.9827150644861056
gpcr,D01603,65889,Apafant,hsa:150,P08913,1,29,6,1,456,455.1182738,101,691,0,0,6,4,31,0,0,0,0,0,0,0,1,336.8,10,3,0,0,2,5,0,0.8,6.4,10,1.1,456,465,50647,0,-9.0126,6139,7285,1146,0.8426904598490048
gpcr,D01603,65889,Apafant,hsa:151,P18089,1,25,6,1,456,455.1182738,101,691,0,0,6,4,31,0,0,0,0,0,0,0,1,336.8,10,3,0,0,2,5,0,0.8,6.4,10,1.1,456,450,49954,1,-8.862,5923,7285,1362,0.8130404941660947
gpcr,D01603,65889,Apafant,hsa:152,P18825,2,15,6,1,456,455.1182738,101,691,0,0,6,4,31,0,0,0,0,0,0,0,1,336.8,10,3,0,0,2,5,0,0.8,6.4,10,1.1,456,462,49522,11,-9.7265,6855,7285,430,0.940974605353466
gpcr,D01699,151170,Cilomilast,hsa:1131,P20309,1,12,1,1,343.4,343.1783583,79.6,511,0,1,5,5,25,0,0,0,0,0,0,0,1,268.4,9,5,0,1,0,3,0,0.8,7.2,10,3.4,343.4,590,66128,2,-7.7095,5785,7458,1673,0.7756771252346474
gpcr,D01712,157313,Epinastine Hydrochloride,hsa:134,P30542,1,5,2,1,285.77,285.1032752,41.6,378,0,2,1,0,20,0,1,0,1,0,0,0,2,,,,,,,,,,,0,,285.77,326,36512,4,-8.8043,6334,7164,830,0.884142936906756
gpcr,D01712,157313,Epinastine Hydrochloride,hsa:135,P29274,3,4,2,1,285.77,285.1032752,41.6,378,0,2,1,0,20,0,1,0,1,0,0,0,2,,,,,,,,,,,0,,285.77,412,44707,12,-9.9976,7062,7164,102,0.9857621440536013
gpcr,D01717,54384,Levocabastine hydrochloride,hsa:3269,P35367,1,26,2,1,457,456.1979841,64.3,681,0,2,5,4,32,0,2,2,0,0,0,0,2,,,,,,,,,,,0,,457,487,55784,0,-8.2954,5025,7277,2252,0.690531812560121
gpcr,D01745,3151,Domperidone,hsa:1813,P14416,1,22,1,1,425.9,425.1618527,67.9,655,0,2,3,5,30,0,0,0,0,0,0,0,1,321,10,2,2,0,1,5,0,0.8,6.2,10,3.9,425.9,443,50619,3,-10.4906,7097,7375,278,0.9623050847457627
gpcr,D01782,5284472,Triprolidine hydrochloride monohydrate,hsa:3269,P35367,1,26,1,1,332.9,332.1655411,17.1,335,0,2,3,4,23,0,0,0,0,1,1,0,3,,,,,,,,,,,0,,332.9,487,55784,0,-7.2888,4890,7462,2572,0.6553202894666309
gpcr,D01828,2161,Amlexanox,hsa:10800,Q9Y271,3,3,1,1,298.29,298.0953569,103,467,0,2,6,2,22,0,0,0,0,0,0,0,1,224,10,3,1,1,1,3,1,0.6,2,2,3.1,298.29,337,38541,0,-9.2859,6986,7388,402,0.9455874390904169
gpcr,D01871,71177,"Piperidine, 1-methyl-3-(9H-thioxanthen-9-ylmethyl)-, hydrochloride, hydrate (1:1:1)",hsa:1128,P11229,2,27,5,1,363.9,363.1423633,29.5,349,0,2,3,2,24,0,1,0,1,0,0,0,3,,,,,,,,,,,0,,363.9,460,51421,0,-9.2131,6093,6458,365,0.9434809538556829
gpcr,D01871,71177,"Piperidine, 1-methyl-3-(9H-thioxanthen-9-ylmethyl)-, hydrochloride, hydrate (1:1:1)",hsa:1129,P08172,4,21,5,1,363.9,363.1423633,29.5,349,0,2,3,2,24,0,1,0,1,0,0,0,3,,,,,,,,,,,0,,363.9,466,51715,0,-8.9608,5915,6458,543,0.9159182409414679
gpcr,D01871,71177,"Piperidine, 1-methyl-3-(9H-thioxanthen-9-ylmethyl)-, hydrochloride, hydrate (1:1:1)",hsa:1131,P20309,1,12,5,1,363.9,363.1423633,29.5,349,0,2,3,2,24,0,1,0,1,0,0,0,3,,,,,,,,,,,0,,363.9,590,66128,2,-8.4794,5400,6458,1058,0.8361721895323629
gpcr,D01871,71177,"Piperidine, 1-methyl-3-(9H-thioxanthen-9-ylmethyl)-, hydrochloride, hydrate (1:1:1)",hsa:1132,P08173,1,8,5,1,363.9,363.1423633,29.5,349,0,2,3,2,24,0,1,0,1,0,0,0,3,,,,,,,,,,,0,,363.9,479,53049,0,-9.2308,6104,6458,354,0.9451842675751007
gpcr,D01871,71177,"Piperidine, 1-methyl-3-(9H-thioxanthen-9-ylmethyl)-, hydrochloride, hydrate (1:1:1)",hsa:1133,P08912,1,7,5,1,363.9,363.1423633,29.5,349,0,2,3,2,24,0,1,0,1,0,0,0,3,,,,,,,,,,,0,,363.9,532,60074,1,-10.0075,6382,6458,76,0.9882316506658408
gpcr,D01891,5311225,Syngard,hsa:5733,P43115,1,3,1,1,400.5,400.1885886,93.1,613,0,2,6,11,29,0,4,4,0,1,1,0,1,322.9,9,5,2,0,0,2,0,1.2,11.8,10,1.3,400.5,390,43310,19,-8.4102,7302,7514,212,0.9717859994676604
gpcr,D01973,656631,Eletriptan Hydrobromide,hsa:3350,P08908,3,7,7,1,463.4,462.09766,61.6,582,0,2,3,6,28,0,1,1,0,0,0,0,2,,,,,,,,,,,0,,463.4,422,46107,2,-9.6323,6381,6748,367,0.9456135151155898
gpcr,D01973,656631,Eletriptan Hydrobromide,hsa:3351,P28222,3,10,7,1,463.4,462.09766,61.6,582,0,2,3,6,28,0,1,1,0,0,0,0,2,,,,,,,,,,,0,,463.4,390,43568,2,-9.5903,6357,6748,391,0.9420569057498518
gpcr,D01973,656631,Eletriptan Hydrobromide,hsa:3352,P28221,1,10,7,1,463.4,462.09766,61.6,582,0,2,3,6,28,0,1,1,0,0,0,0,2,,,,,,,,,,,0,,463.4,377,41907,0,-8.9038,5878,6748,870,0.8710729104919976
gpcr,D01973,656631,Eletriptan Hydrobromide,hsa:3354,P28566,1,5,7,1,463.4,462.09766,61.6,582,0,2,3,6,28,0,1,1,0,0,0,0,2,,,,,,,,,,,0,,463.4,365,41682,3,-9.7688,6439,6748,309,0.9542086544161233
gpcr,D01973,656631,Eletriptan Hydrobromide,hsa:3355,P30939,1,7,7,1,463.4,462.09766,61.6,582,0,2,3,6,28,0,1,1,0,0,0,0,2,,,,,,,,,,,0,,463.4,366,41709,0,-10.3818,6640,6748,108,0.983995257854179
gpcr,D01973,656631,Eletriptan Hydrobromide,hsa:3357,P41595,1,6,7,1,463.4,462.09766,61.6,582,0,2,3,6,28,0,1,1,0,0,0,0,2,,,,,,,,,,,0,,463.4,481,54298,2,-10.4359,6648,6748,100,0.9851807943094251
gpcr,D01973,656631,Eletriptan Hydrobromide,hsa:3363,P34969,1,3,7,1,463.4,462.09766,61.6,582,0,2,3,6,28,0,1,1,0,0,0,0,2,,,,,,,,,,,0,,463.4,479,53555,1,-8.8976,5876,6748,872,0.8707765263781861
gpcr,D02007,5282469,Protirelin tartrate monohydrate,hsa:7201,P34981,1,3,1,1,530.5,530.1972558,266,731,0,9,12,9,37,0,5,5,0,0,0,0,3,,,,,,,,,,,0,,530.5,398,45085,17,-9.5673,6477,7193,716,0.9004587793688308
gpcr,D02070,10429215,Arkitropin,hsa:1128,P11229,2,27,5,1,370.3,369.09396,46.5,373,0,1,4,4,22,0,3,2,1,0,0,0,2,,,,,,,,,,,0,,370.3,460,51421,0,-1.2973,7290,7614,324,0.9574468085106383
gpcr,D02070,10429215,Arkitropin,hsa:1129,P08172,4,21,5,1,370.3,369.09396,46.5,373,0,1,4,4,22,0,3,2,1,0,0,0,2,,,,,,,,,,,0,,370.3,466,51715,0,-1.1812,6367,7614,1247,0.8362227475702653
gpcr,D02070,10429215,Arkitropin,hsa:1131,P20309,1,12,5,1,370.3,369.09396,46.5,373,0,1,4,4,22,0,3,2,1,0,0,0,2,,,,,,,,,,,0,,370.3,590,66128,2,-1.201,6581,7614,1033,0.8643288678749672
gpcr,D02070,10429215,Arkitropin,hsa:1132,P08173,1,8,5,1,370.3,369.09396,46.5,373,0,1,4,4,22,0,3,2,1,0,0,0,2,,,,,,,,,,,0,,370.3,479,53049,0,-1.0827,4836,7614,2778,0.6351457840819543
gpcr,D02070,10429215,Arkitropin,hsa:1133,P08912,1,7,5,1,370.3,369.09396,46.5,373,0,1,4,4,22,0,3,2,1,0,0,0,2,,,,,,,,,,,0,,370.3,532,60074,1,-1.0993,5162,7614,2452,0.6779616495928553
gpcr,D02076,54405,Brimonidine Tartrate,hsa:150,P08913,1,29,3,1,442.22,441.0284,177,442,0,6,9,5,27,0,2,2,0,0,0,0,2,,,,,,,,,,,0,,442.22,465,50647,0,-10.147,7101,7276,175,0.9759483232545355
gpcr,D02076,54405,Brimonidine Tartrate,hsa:151,P18089,1,25,3,1,442.22,441.0284,177,442,0,6,9,5,27,0,2,2,0,0,0,0,2,,,,,,,,,,,0,,442.22,450,49954,1,-8.5792,5254,7276,2022,0.7221000549752611
gpcr,D02076,54405,Brimonidine Tartrate,hsa:152,P18825,2,15,3,1,442.22,441.0284,177,442,0,6,9,5,27,0,2,2,0,0,0,0,2,,,,,,,,,,,0,,442.22,462,49522,11,-8.4631,5008,7276,2268,0.6882902693787796
gpcr,D02082,5282474,Eprosartan Mesylate,hsa:185,P30556,2,8,1,1,520.6,520.1337936,183,711,0,3,9,10,35,0,0,0,0,1,1,0,2,,,,,,,,,,,0,,520.6,359,41061,6,-9.9144,6647,6756,109,0.9838661930136176
gpcr,D02147,2083,Salbutamol,hsa:154,P07550,2,35,1,1,239.31,239.1521435,72.7,227,0,4,4,5,17,0,1,0,1,0,0,0,1,192.5,9,2,4,0,1,1,1,0.6,5,10,0.3,239.31,413,46459,24,-7.604,7430,7525,95,0.987375415282392
gpcr,D02149,5815,Epinephrine Bitartrate,hsa:150,P08913,1,29,9,1,333.29,333.1059812,188,288,0,8,10,6,23,0,3,3,0,0,0,0,2,,,,,,,,,,,0,,333.29,465,50647,0,-7.7868,6004,7218,1214,0.8318093654752009
gpcr,D02149,5815,Epinephrine Bitartrate,hsa:151,P18089,1,25,9,1,333.29,333.1059812,188,288,0,8,10,6,23,0,3,3,0,0,0,0,2,,,,,,,,,,,0,,333.29,450,49954,1,-7.0341,4159,7218,3059,0.5761983929066223
gpcr,D02149,5815,Epinephrine Bitartrate,hsa:152,P18825,2,15,9,1,333.29,333.1059812,188,288,0,8,10,6,23,0,3,3,0,0,0,0,2,,,,,,,,,,,0,,333.29,462,49522,11,-8.0402,6431,7218,787,0.8909670268772513
gpcr,D02149,5815,Epinephrine Bitartrate,hsa:153,P08588,1,31,9,1,333.29,333.1059812,188,288,0,8,10,6,23,0,3,3,0,0,0,0,2,,,,,,,,,,,0,,333.29,477,51224,5,-8.1755,6607,7218,611,0.9153505126073704
gpcr,D02149,5815,Epinephrine Bitartrate,hsa:154,P07550,2,35,9,1,333.29,333.1059812,188,288,0,8,10,6,23,0,3,3,0,0,0,0,2,,,,,,,,,,,0,,333.29,413,46459,24,-8.2071,6638,7218,580,0.9196453311166528
gpcr,D02150,656783,Levisoprenaline hydrochloride,hsa:153,P08588,1,31,3,1,247.72,247.0975211,72.7,187,0,5,4,4,16,0,1,1,0,0,0,0,2,,,,,,,,,,,0,,247.72,477,51224,5,-7.211,7269,7464,195,0.9738745980707395
gpcr,D02150,656783,Levisoprenaline hydrochloride,hsa:154,P07550,2,35,3,1,247.72,247.0975211,72.7,187,0,5,4,4,16,0,1,1,0,0,0,0,2,,,,,,,,,,,0,,247.72,413,46459,24,-6.6764,6578,7464,886,0.8812968917470525
gpcr,D02327,11224,Donormil,hsa:1128,P11229,2,27,2,1,388.5,388.199822,100,369,0,2,7,9,28,0,1,0,1,0,0,0,2,,,,,,,,,,,0,,388.5,460,51421,0,-7.2833,4831,7375,2544,0.6550508474576271
gpcr,D02327,11224,Donormil,hsa:3269,P35367,1,26,2,1,388.5,388.199822,100,369,0,2,7,9,28,0,1,0,1,0,0,0,2,,,,,,,,,,,0,,388.5,487,55784,0,-7.2002,4607,7375,2768,0.6246779661016949
gpcr,D02338,1978,Acebutolol,hsa:153,P08588,1,31,3,1,336.4,336.2049074,87.7,400,0,3,5,10,24,0,1,0,1,0,0,0,1,271.9,11,4,3,0,1,1,2,1,11,10,1.7,336.4,477,51224,5,-8.341,7414,7452,38,0.9949006977992485
gpcr,D02338,1978,Acebutolol,hsa:154,P07550,2,35,3,1,336.4,336.2049074,87.7,400,0,3,5,10,24,0,1,0,1,0,0,0,1,271.9,11,4,3,0,1,1,2,1,11,10,1.7,336.4,413,46459,24,-7.737,7138,7452,314,0.9578636607622115
gpcr,D02340,3964,Loxapine,hsa:1813,P14416,1,22,3,1,327.8,327.1138399,28.1,450,0,0,3,1,23,0,0,0,0,0,0,0,1,247.6,7,1,0,0,2,4,0,0.6,2.4,8,3.1,327.8,443,50619,3,-8.6237,6878,7397,519,0.9298364201703393
gpcr,D02340,3964,Loxapine,hsa:1814,P35462,3,13,3,1,327.8,327.1138399,28.1,450,0,0,3,1,23,0,0,0,0,0,0,0,1,247.6,7,1,0,0,2,4,0,0.6,2.4,8,3.1,327.8,400,44195,0,-7.8189,5805,7397,1592,0.7847776125456266
gpcr,D02340,3964,Loxapine,hsa:3356,P28223,1,19,3,1,327.8,327.1138399,28.1,450,0,0,3,1,23,0,0,0,0,0,0,0,1,247.6,7,1,0,0,2,4,0,0.6,2.4,8,3.1,327.8,471,52603,6,-10.7321,7394,7397,3,0.999594430174395
gpcr,D02342,2405,Bisoprolol,hsa:153,P08588,1,31,2,1,325.4,325.2253085,60,278,0,2,5,12,23,0,1,0,1,0,0,0,1,268.1,10,4,2,0,1,1,2,1.2,12,10,1.9,325.4,477,51224,5,-7.7351,7408,7462,54,0.9927633342267489
gpcr,D02342,2405,Bisoprolol,hsa:154,P07550,2,35,2,1,325.4,325.2253085,60,278,0,2,5,12,23,0,1,0,1,0,0,0,1,268.1,10,4,2,0,1,1,2,1.2,12,10,1.9,325.4,413,46459,24,-6.6093,6462,7462,1000,0.8659876708657196
gpcr,D02349,3105,Dipivefrin,hsa:150,P08913,1,29,1,1,351.4,351.204573,84.9,463,0,2,6,9,25,0,1,0,1,0,0,0,1,278.5,9,3,2,0,1,1,2,1,9,10,2.9,351.4,465,50647,0,-7.187,6625,7455,830,0.8886653252850436
gpcr,D02354,5440,Thiethylperazine,hsa:1128,P11229,2,27,11,1,399.6,399.1802903,60.3,455,0,0,5,6,27,0,0,0,0,0,0,0,1,316.1,8,0,0,0,3,4,1,0.8,7.6,10,5.4,399.6,460,51421,0,-7.1945,5871,7522,1651,0.7805105025259239
gpcr,D02354,5440,Thiethylperazine,hsa:1129,P08172,4,21,11,1,399.6,399.1802903,60.3,455,0,0,5,6,27,0,0,0,0,0,0,0,1,316.1,8,0,0,0,3,4,1,0.8,7.6,10,5.4,399.6,466,51715,0,-7.4972,6374,7522,1148,0.8473810156873172
gpcr,D02354,5440,Thiethylperazine,hsa:1131,P20309,1,12,11,1,399.6,399.1802903,60.3,455,0,0,5,6,27,0,0,0,0,0,0,0,1,316.1,8,0,0,0,3,4,1,0.8,7.6,10,5.4,399.6,590,66128,2,-7.1163,5705,7522,1817,0.7584419037490029
gpcr,D02354,5440,Thiethylperazine,hsa:1132,P08173,1,8,11,1,399.6,399.1802903,60.3,455,0,0,5,6,27,0,0,0,0,0,0,0,1,316.1,8,0,0,0,3,4,1,0.8,7.6,10,5.4,399.6,479,53049,0,-8.3005,7229,7522,293,0.9610475937250731
gpcr,D02354,5440,Thiethylperazine,hsa:1133,P08912,1,7,11,1,399.6,399.1802903,60.3,455,0,0,5,6,27,0,0,0,0,0,0,0,1,316.1,8,0,0,0,3,4,1,0.8,7.6,10,5.4,399.6,532,60074,1,-7.9697,6981,7522,541,0.9280776389258176
gpcr,D02354,5440,Thiethylperazine,hsa:1812,P21728,1,14,11,1,399.6,399.1802903,60.3,455,0,0,5,6,27,0,0,0,0,0,0,0,1,316.1,8,0,0,0,3,4,1,0.8,7.6,10,5.4,399.6,446,49293,5,-7.8994,6902,7522,620,0.9175751130018612
gpcr,D02354,5440,Thiethylperazine,hsa:1813,P14416,1,22,11,1,399.6,399.1802903,60.3,455,0,0,5,6,27,0,0,0,0,0,0,0,1,316.1,8,0,0,0,3,4,1,0.8,7.6,10,5.4,399.6,443,50619,3,-7.9465,6957,7522,565,0.9248869981387928
gpcr,D02354,5440,Thiethylperazine,hsa:1815,P21917,1,4,11,1,399.6,399.1802903,60.3,455,0,0,5,6,27,0,0,0,0,0,0,0,1,316.1,8,0,0,0,3,4,1,0.8,7.6,10,5.4,399.6,419,43901,6,-8.9488,7469,7522,53,0.9929540015953204
gpcr,D02354,5440,Thiethylperazine,hsa:3269,P35367,1,26,11,1,399.6,399.1802903,60.3,455,0,0,5,6,27,0,0,0,0,0,0,0,1,316.1,8,0,0,0,3,4,1,0.8,7.6,10,5.4,399.6,487,55784,0,-6.5851,4431,7522,3091,0.5890720553044403
gpcr,D02354,5440,Thiethylperazine,hsa:3356,P28223,1,19,11,1,399.6,399.1802903,60.3,455,0,0,5,6,27,0,0,0,0,0,0,0,1,316.1,8,0,0,0,3,4,1,0.8,7.6,10,5.4,399.6,471,52603,6,-7.8225,6812,7522,710,0.9056102100505184
gpcr,D02354,5440,Thiethylperazine,hsa:3358,P28335,1,10,11,1,399.6,399.1802903,60.3,455,0,0,5,6,27,0,0,0,0,0,0,0,1,316.1,8,0,0,0,3,4,1,0.8,7.6,10,5.4,399.6,458,51805,10,-8.2217,7173,7522,349,0.9536027652220154
gpcr,D02356,2520,Verapamil,hsa:1128,P11229,2,27,7,1,454.6,454.2831577,64,606,0,0,6,13,33,0,1,0,1,0,0,0,1,372.3,10,5,0,0,1,2,2,1.2,13,10,3.8,454.6,460,51421,0,-6.4008,4740,7445,2705,0.6366689053055742
gpcr,D02356,2520,Verapamil,hsa:1129,P08172,4,21,7,1,454.6,454.2831577,64,606,0,0,6,13,33,0,1,0,1,0,0,0,1,372.3,10,5,0,0,1,2,2,1.2,13,10,3.8,454.6,466,51715,0,-7.1657,6378,7445,1067,0.8566823371390194
gpcr,D02356,2520,Verapamil,hsa:150,P08913,1,29,7,1,454.6,454.2831577,64,606,0,0,6,13,33,0,1,0,1,0,0,0,1,372.3,10,5,0,0,1,2,2,1.2,13,10,3.8,454.6,465,50647,0,-6.9827,6066,7445,1379,0.8147750167897918
gpcr,D02356,2520,Verapamil,hsa:151,P18089,1,25,7,1,454.6,454.2831577,64,606,0,0,6,13,33,0,1,0,1,0,0,0,1,372.3,10,5,0,0,1,2,2,1.2,13,10,3.8,454.6,450,49954,1,-6.665,5410,7445,2035,0.7266621893888516
gpcr,D02357,9681,Methysergide,hsa:3356,P28223,1,19,1,1,353.5,353.2103271,57.5,578,0,2,3,4,26,0,3,3,0,0,0,0,1,279.9,11,2,2,0,2,4,1,0.8,5.8,10,2.3,353.5,471,52603,6,-8.4658,6474,7379,905,0.8773546551023174
gpcr,D02358,4171,Metoprolol,hsa:153,P08588,1,31,1,1,267.36,267.1834437,50.7,215,0,2,4,9,19,0,1,0,1,0,0,0,1,220.6,8,3,2,0,1,1,1,1,9,10,1.9,267.36,477,51224,5,-6.9607,7074,7466,392,0.9474953120814359
gpcr,D02359,33572,Ritodrine,hsa:154,P07550,2,35,1,1,287.35,287.1521435,72.7,284,0,4,4,6,21,0,2,2,0,0,0,0,1,232.1,8,1,4,0,1,2,0,0.8,6,10,2.3,287.35,413,46459,24,-8.7683,7377,7523,146,0.980592848597634
gpcr,D02361,4940,Propiomazine,hsa:1128,P11229,2,27,14,1,340.5,340.1609346,48.9,441,0,0,4,5,24,0,1,0,1,0,0,0,1,274.2,7,1,0,0,2,3,1,0.8,5.4,10,4.8,340.5,460,51421,0,-6.9746,5573,7463,1890,0.7467506364732681
gpcr,D02361,4940,Propiomazine,hsa:1129,P08172,4,21,14,1,340.5,340.1609346,48.9,441,0,0,4,5,24,0,1,0,1,0,0,0,1,274.2,7,1,0,0,2,3,1,0.8,5.4,10,4.8,340.5,466,51715,0,-8.6225,7340,7463,123,0.9835186922149269
gpcr,D02361,4940,Propiomazine,hsa:1131,P20309,1,12,14,1,340.5,340.1609346,48.9,441,0,0,4,5,24,0,1,0,1,0,0,0,1,274.2,7,1,0,0,2,3,1,0.8,5.4,10,4.8,340.5,590,66128,2,-6.6798,4889,7463,2574,0.6550984858635938
gpcr,D02361,4940,Propiomazine,hsa:1132,P08173,1,8,14,1,340.5,340.1609346,48.9,441,0,0,4,5,24,0,1,0,1,0,0,0,1,274.2,7,1,0,0,2,3,1,0.8,5.4,10,4.8,340.5,479,53049,0,-8.4696,7277,7463,186,0.975077046764036
gpcr,D02361,4940,Propiomazine,hsa:1133,P08912,1,7,14,1,340.5,340.1609346,48.9,441,0,0,4,5,24,0,1,0,1,0,0,0,1,274.2,7,1,0,0,2,3,1,0.8,5.4,10,4.8,340.5,532,60074,1,-8.393,7253,7463,210,0.9718611818303631
gpcr,D02361,4940,Propiomazine,hsa:1812,P21728,1,14,14,1,340.5,340.1609346,48.9,441,0,0,4,5,24,0,1,0,1,0,0,0,1,274.2,7,1,0,0,2,3,1,0.8,5.4,10,4.8,340.5,446,49293,5,-7.7801,6837,7463,626,0.9161195229800349
gpcr,D02361,4940,Propiomazine,hsa:1813,P14416,1,22,14,1,340.5,340.1609346,48.9,441,0,0,4,5,24,0,1,0,1,0,0,0,1,274.2,7,1,0,0,2,3,1,0.8,5.4,10,4.8,340.5,443,50619,3,-8.6453,7344,7463,119,0.9840546697038725
gpcr,D02361,4940,Propiomazine,hsa:1815,P21917,1,4,14,1,340.5,340.1609346,48.9,441,0,0,4,5,24,0,1,0,1,0,0,0,1,274.2,7,1,0,0,2,3,1,0.8,5.4,10,4.8,340.5,419,43901,6,-8.2301,7181,7463,282,0.9622135870293448
gpcr,D02361,4940,Propiomazine,hsa:3269,P35367,1,26,14,1,340.5,340.1609346,48.9,441,0,0,4,5,24,0,1,0,1,0,0,0,1,274.2,7,1,0,0,2,3,1,0.8,5.4,10,4.8,340.5,487,55784,0,-6.3345,3949,7463,3514,0.5291437759614096
gpcr,D02361,4940,Propiomazine,hsa:3356,P28223,1,19,14,1,340.5,340.1609346,48.9,441,0,0,4,5,24,0,1,0,1,0,0,0,1,274.2,7,1,0,0,2,3,1,0.8,5.4,10,4.8,340.5,471,52603,6,-6.5945,4677,7463,2786,0.6266916789494841
gpcr,D02361,4940,Propiomazine,hsa:3358,P28335,1,10,14,1,340.5,340.1609346,48.9,441,0,0,4,5,24,0,1,0,1,0,0,0,1,274.2,7,1,0,0,2,3,1,0.8,5.4,10,4.8,340.5,458,51805,10,-7.7967,6855,7463,608,0.9185314216802895
gpcr,D02374,31477,Metipranolol,hsa:153,P08588,1,31,3,1,309.4,309.1940083,67.8,348,0,2,5,8,22,0,1,0,1,0,0,0,1,250.5,8,3,2,0,1,1,1,0.8,8,10,2.7,309.4,477,51224,5,-8.2439,7426,7463,37,0.9950422082272544
gpcr,D02374,31477,Metipranolol,hsa:154,P07550,2,35,3,1,309.4,309.1940083,67.8,348,0,2,5,8,22,0,1,0,1,0,0,0,1,250.5,8,3,2,0,1,1,1,0.8,8,10,2.7,309.4,413,46459,24,-7.9588,7353,7463,110,0.9852606190539998
gpcr,D02566,4011,Maprotiline,hsa:11255,Q9Y5N1,1,5,4,1,277.4,277.1830497,12,339,0,1,1,4,21,0,0,0,0,0,0,0,1,225.9,5,0,1,0,1,3,0,0.6,4.4,8,4.6,277.4,445,48671,0,-7.1127,4627,7572,2945,0.6110670892762811
gpcr,D02566,4011,Maprotiline,hsa:3269,P35367,1,26,4,1,277.4,277.1830497,12,339,0,1,1,4,21,0,0,0,0,0,0,0,1,225.9,5,0,1,0,1,3,0,0.6,4.4,8,4.6,277.4,487,55784,0,-7.0052,4312,7572,3260,0.5694664553618595
gpcr,D02578,82148,Agomelatine,hsa:3358,P28335,1,10,2,1,243.3,243.1259288,38.3,280,0,1,2,4,18,0,0,0,0,0,0,0,1,198.8,5,2,1,0,0,2,0,0.6,5,10,2.7,243.3,458,51805,10,-8.1835,6997,7529,532,0.9293398857750034
gpcr,D02578,82148,Agomelatine,hsa:4543,P48039,1,1,2,1,243.3,243.1259288,38.3,280,0,1,2,4,18,0,0,0,0,0,0,0,1,198.8,5,2,1,0,0,2,0,0.6,5,10,2.7,243.3,350,39375,6,-8.2333,7044,7529,485,0.9355824146633019
gpcr,D02588,6917793,Montirelin,hsa:7201,P34981,1,3,1,1,408.5,408.1579744,176,647,0,4,6,6,28,0,4,4,0,0,0,0,1,300.9,12,4,4,0,1,3,0,1.2,10,10,-1.7,408.5,398,45085,17,-8.5525,6812,7276,464,0.9362286970863112
gpcr,D02614,5311064,Denopamine,hsa:153,P08588,1,31,1,1,317.4,317.1627082,71,320,0,3,5,8,23,0,1,1,0,0,0,0,1,254.1,9,3,3,0,1,2,0,0.8,8,10,1.8,317.4,477,51224,5,-8.7208,7372,7458,86,0.9884687583802628
gpcr,D02671,4078,Mesoridazine,hsa:1812,P21728,1,14,5,1,386.6,386.1486558,68.1,502,0,0,5,4,26,0,2,0,2,0,0,0,1,301.5,7,1,0,0,2,4,0,0.8,5.6,10,4.5,386.6,446,49293,5,-8.4355,6844,7457,613,0.917795360064369
gpcr,D02671,4078,Mesoridazine,hsa:1813,P14416,1,22,5,1,386.6,386.1486558,68.1,502,0,0,5,4,26,0,2,0,2,0,0,0,1,301.5,7,1,0,0,2,4,0,0.8,5.6,10,4.5,386.6,443,50619,3,-9.0328,7256,7457,201,0.9730454606410085
gpcr,D02671,4078,Mesoridazine,hsa:1814,P35462,3,13,5,1,386.6,386.1486558,68.1,502,0,0,5,4,26,0,2,0,2,0,0,0,1,301.5,7,1,0,0,2,4,0,0.8,5.6,10,4.5,386.6,400,44195,0,-8.1747,6558,7457,899,0.879442134906799
gpcr,D02671,4078,Mesoridazine,hsa:3356,P28223,1,19,5,1,386.6,386.1486558,68.1,502,0,0,5,4,26,0,2,0,2,0,0,0,1,301.5,7,1,0,0,2,4,0,0.8,5.6,10,4.5,386.6,471,52603,6,-7.0867,4536,7457,2921,0.6082875150864959
gpcr,D02725,5312153,Sulprostone,hsa:5733,P43115,1,3,2,1,465.6,465.1821235,138,766,0,3,7,12,32,0,4,4,0,2,2,0,1,359.7,13,7,3,0,0,2,1,1.6,13.8,10,1.5,465.6,390,43310,19,-8.0578,6247,7363,1116,0.8484313459187831
gpcr,D02884,21850,Ambuphylline,hsa:134,P30542,1,5,2,1,269.3,269.1487895,116,310,0,3,5,1,19,0,0,0,0,0,0,0,2,,,,,,,,,,,0,,269.3,326,36512,4,-7.9036,4943,7319,2376,0.6753654870884
gpcr,D02884,21850,Ambuphylline,hsa:135,P29274,3,4,2,1,269.3,269.1487895,116,310,0,3,5,1,19,0,0,0,0,0,0,0,2,,,,,,,,,,,0,,269.3,412,44707,12,-8.301,5833,7319,1486,0.7969667987429977
gpcr,D02910,2157,Amiodarone,hsa:153,P08588,1,31,2,1,645.3,645.02369,42.7,547,0,0,4,11,31,0,0,0,0,0,0,0,1,379.3,10,3,0,0,1,3,3,1.4,11,10,7.6,645.3,477,51224,5,-7.5723,6819,7446,627,0.9157937147461724
gpcr,D03165,31101,Bromocriptine,hsa:1813,P14416,1,22,1,1,654.6,653.22128,118,1230,0,3,6,5,43,0,6,6,0,0,0,0,1,462,20,5,3,0,2,7,3,1,8,10,3.8,654.6,443,50619,3,-10.3919,6881,7217,336,0.953443258971872
gpcr,D03187,5311035,Butaprost,hsa:5732,P43116,1,3,1,1,408.6,408.2875744,83.8,551,0,2,5,14,29,0,4,4,0,1,1,0,1,337.3,11,4,2,0,0,2,3,1.4,15.6,10,4.2,408.6,358,39761,0,-8.2469,7385,7515,130,0.9827012641383899
gpcr,D03210,9869929,Avanafil,hsa:1234,P51681,2,1,1,1,483.9,483.1785654,125,642,0,3,9,9,34,0,1,1,0,0,0,0,1,362.1,13,4,3,0,2,4,0,1,11,10,2.6,483.9,352,40524,9,-7.9901,5116,7174,2058,0.7131307499303039
gpcr,D03415,3033824,Celgosivir Hydrochloride,hsa:153,P08588,1,31,3,1,295.76,295.1186505,90.2,311,0,4,6,4,19,0,5,5,0,0,0,0,2,,,,,,,,,,,0,,295.76,477,51224,5,-6.3829,5370,7433,2063,0.7224539217005247
gpcr,D03415,3033824,Celgosivir Hydrochloride,hsa:154,P07550,2,35,3,1,295.76,295.1186505,90.2,311,0,4,6,4,19,0,5,5,0,0,0,0,2,,,,,,,,,,,0,,295.76,413,46459,24,-7.0075,6817,7433,616,0.9171263285349118
gpcr,D03442,66383,Cetiedil Citrate,hsa:886,P32238,1,1,2,1,541.7,541.234553,190,603,0,4,11,12,37,0,1,0,1,0,0,0,2,,,,,,,,,,,0,,541.7,428,47841,0,-10.6031,7116,7339,223,0.969614388881319
gpcr,D03442,66383,Cetiedil Citrate,hsa:887,P32239,1,1,2,1,541.7,541.234553,190,603,0,4,11,12,37,0,1,0,1,0,0,0,2,,,,,,,,,,,0,,541.7,447,48419,3,-10.8649,7195,7339,144,0.9803787982013898
gpcr,D03490,50963,Cimetidine Hydrochloride,hsa:153,P08588,1,31,2,1,288.8,288.0923934,114,296,0,4,4,7,18,0,0,0,0,0,0,0,2,,,,,,,,,,,0,,288.8,477,51224,5,-6.8058,6618,7400,782,0.8943243243243243
gpcr,D03490,50963,Cimetidine Hydrochloride,hsa:154,P07550,2,35,2,1,288.8,288.0923934,114,296,0,4,4,7,18,0,0,0,0,0,0,0,2,,,,,,,,,,,0,,288.8,413,46459,24,-7.4107,7238,7400,162,0.9781081081081081
gpcr,D03621,54343,Daltroban,hsa:1128,P11229,2,27,4,1,353.8,353.0488569,91.9,475,0,2,5,7,23,0,0,0,0,0,0,0,1,259.2,8,4,1,1,0,2,0,0.8,7,10,2.9,353.8,460,51421,0,-6.6883,4216,7310,3094,0.5767441860465117
gpcr,D03621,54343,Daltroban,hsa:1129,P08172,4,21,4,1,353.8,353.0488569,91.9,475,0,2,5,7,23,0,0,0,0,0,0,0,1,259.2,8,4,1,1,0,2,0,0.8,7,10,2.9,353.8,466,51715,0,-8.8884,7030,7310,280,0.9616963064295485
gpcr,D03621,54343,Daltroban,hsa:1131,P20309,1,12,4,1,353.8,353.0488569,91.9,475,0,2,5,7,23,0,0,0,0,0,0,0,1,259.2,8,4,1,1,0,2,0,0.8,7,10,2.9,353.8,590,66128,2,-7.8208,6099,7310,1211,0.8343365253077976
gpcr,D03621,54343,Daltroban,hsa:3269,P35367,1,26,4,1,353.8,353.0488569,91.9,475,0,2,5,7,23,0,0,0,0,0,0,0,1,259.2,8,4,1,1,0,2,0,0.8,7,10,2.9,353.8,487,55784,0,-6.2729,3386,7310,3924,0.46320109439124485
gpcr,D03654,2973,Deferoxamine,hsa:1131,P20309,1,12,1,1,560.7,560.3533625,206,739,0,6,9,23,39,0,0,0,0,0,0,0,1,,,,,,,,,,,0,-2.1,560.7,590,66128,2,-5.5277,2654,7310,4656,0.3630642954856361
gpcr,D03858,3055,Diphenidol,hsa:1128,P11229,2,27,3,1,309.4,309.2092645,23.5,307,0,1,2,6,23,0,0,0,0,0,0,0,1,258.2,6,1,1,0,1,3,0,0.8,7.2,10,4.2,309.4,460,51421,0,-8.1242,6785,7523,738,0.9019008374318755
gpcr,D03858,3055,Diphenidol,hsa:1129,P08172,4,21,3,1,309.4,309.2092645,23.5,307,0,1,2,6,23,0,0,0,0,0,0,0,1,258.2,6,1,1,0,1,3,0,0.8,7.2,10,4.2,309.4,466,51715,0,-8.6335,7184,7523,339,0.9549381895520405
gpcr,D03858,3055,Diphenidol,hsa:1131,P20309,1,12,3,1,309.4,309.2092645,23.5,307,0,1,2,6,23,0,0,0,0,0,0,0,1,258.2,6,1,1,0,1,3,0,0.8,7.2,10,4.2,309.4,590,66128,2,-8.1004,6751,7523,772,0.8973813638176259
gpcr,D03879,36811,Dobutamine,hsa:153,P08588,1,31,3,1,301.4,301.1677936,72.7,305,0,4,4,7,22,0,1,0,1,0,0,0,1,244.4,7,0,4,0,1,2,0,0.8,7,10,3.4,301.4,477,51224,5,-9.7146,7502,7523,21,0.9972085604147282
gpcr,D03879,36811,Dobutamine,hsa:154,P07550,2,35,3,1,301.4,301.1677936,72.7,305,0,4,4,7,22,0,1,0,1,0,0,0,1,244.4,7,0,4,0,1,2,0,0.8,7,10,3.4,301.4,413,46459,24,-9.1589,7398,7523,125,0.9833842881829058
gpcr,D03880,3038222,Dobutamine Lactobionate,hsa:153,P08588,1,31,2,1,659.7,659.2789197,290,710,0,13,16,15,46,0,10,9,1,0,0,0,2,,,,,,,,,,,0,,659.7,477,51224,5,-8.0303,5418,7323,1905,0.7398607128226137
gpcr,D03880,3038222,Dobutamine Lactobionate,hsa:154,P07550,2,35,2,1,659.7,659.2789197,290,710,0,13,16,15,46,0,10,9,1,0,0,0,2,,,,,,,,,,,0,,659.7,413,46459,24,-7.6891,4630,7323,2693,0.6322545404888706
gpcr,D03881,208850,Dobutamine Tartrate,hsa:153,P08588,1,31,2,1,451.5,451.1842315,188,439,0,8,10,10,32,0,3,2,1,0,0,0,2,,,,,,,,,,,0,,451.5,477,51224,5,-10.2639,6670,7418,748,0.8991641952008628
gpcr,D03881,208850,Dobutamine Tartrate,hsa:154,P07550,2,35,2,1,451.5,451.1842315,188,439,0,8,10,10,32,0,3,2,1,0,0,0,2,,,,,,,,,,,0,,451.5,413,46459,24,-8.8085,4220,7418,3198,0.5688864923159881
gpcr,D03966,156665,Eglumetad monohydrate,hsa:2912,Q14416,1,2,4,1,203.19,203.0793725,102,290,0,4,6,2,14,0,4,4,0,0,0,0,2,,,,,,,,,,,0,,203.19,872,95568,26,-1.7837,5396,7275,1879,0.7417182130584192
gpcr,D03966,156665,Eglumetad monohydrate,hsa:2913,Q14832,2,2,4,1,203.19,203.0793725,102,290,0,4,6,2,14,0,4,4,0,0,0,0,2,,,,,,,,,,,0,,203.19,879,98879,0,-1.868,6193,7275,1082,0.8512714776632302
gpcr,D03966,156665,Eglumetad monohydrate,hsa:2918,O00222,1,3,4,1,203.19,203.0793725,102,290,0,4,6,2,14,0,4,4,0,0,0,0,2,,,,,,,,,,,0,,203.19,908,101741,0,-1.8229,5817,7275,1458,0.7995876288659793
gpcr,D04034,23724898,Chlorpromazine phenolphthalinate,hsa:150,P08913,1,29,3,1,639.2,638.2006065,110,725,0,3,7,8,45,0,0,0,0,0,0,0,2,,,,,,,,,,,0,,639.2,465,50647,0,-11.9098,6594,7197,603,0.9162150896206753
gpcr,D04034,23724898,Chlorpromazine phenolphthalinate,hsa:151,P18089,1,25,3,1,639.2,638.2006065,110,725,0,3,7,8,45,0,0,0,0,0,0,0,2,,,,,,,,,,,0,,639.2,450,49954,1,-10.3677,4838,7197,2359,0.6722245380019453
gpcr,D04034,23724898,Chlorpromazine phenolphthalinate,hsa:152,P18825,2,15,3,1,639.2,638.2006065,110,725,0,3,7,8,45,0,0,0,0,0,0,0,2,,,,,,,,,,,0,,639.2,462,49522,11,-11.6467,6414,7197,783,0.8912046686119216
gpcr,D04040,5281037,Eprosartan,hsa:185,P30556,2,8,1,1,424.5,424.1456784,121,618,0,2,6,10,30,0,0,0,0,1,1,0,1,331.5,11,4,0,2,1,3,1,1,10,10,4.5,424.5,359,41061,6,-7.8479,6311,7262,951,0.8690443404020931
gpcr,D04375,5702063,Guanabenz,hsa:150,P08913,1,29,1,1,231.08,230.0126017,76.8,227,0,2,2,2,14,0,0,0,0,1,1,0,1,158.9,5,1,2,0,1,1,0,0.6,2,2,1.7,231.08,465,50647,0,-6.4033,5752,7466,1714,0.7704259308866863
gpcr,D04625,3762,Isoetharine,hsa:153,P08588,1,31,1,1,239.31,239.1521435,72.7,223,0,4,4,5,17,0,2,0,2,0,0,0,1,192.2,9,1,4,0,1,1,2,0.6,5,10,1.7,239.31,477,51224,5,-7.1688,7207,7525,318,0.9577408637873754
gpcr,D04716,15130,Levomethadyl Acetate,hsa:4988,P35372,2,9,1,1,353.5,353.2354792,29.5,404,0,0,3,9,26,0,2,2,0,0,0,0,1,290.1,5,1,0,0,1,2,1,1,9,7,4.3,353.5,400,44779,57,-6.6002,6439,7523,1084,0.8559085471221587
gpcr,D04979,14677,Methdilazine,hsa:3269,P35367,1,26,1,1,296.4,296.1347198,31.8,339,0,0,3,2,21,0,1,0,1,0,0,0,1,237.1,6,0,0,0,2,4,0,0.6,3.4,7,5.2,296.4,487,55784,0,-6.8946,4875,7525,2650,0.6478405315614618
gpcr,D05113,5360515,Naltrexone,hsa:4988,P35372,2,9,1,1,341.4,341.1627082,70,621,0,2,5,2,25,0,4,4,0,0,0,0,1,252.3,11,3,2,0,1,5,0,0.8,4,3,1.9,341.4,400,44779,57,-8.4882,6737,7452,715,0.9040526033279657
gpcr,D05129,50294,Nedocromil,hsa:10800,Q9Y271,3,3,4,1,371.3,371.1005019,121,753,0,2,8,5,27,0,0,0,0,0,0,0,1,272.9,14,7,0,2,1,3,1,0.8,5,3,2.2,371.3,337,38541,0,-8.4104,6969,7451,482,0.9353106965507986
gpcr,D05129,50294,Nedocromil,hsa:3269,P35367,1,26,4,1,371.3,371.1005019,121,753,0,2,8,5,27,0,0,0,0,0,0,0,1,272.9,14,7,0,2,1,3,1,0.8,5,3,2.2,371.3,487,55784,0,-6.7594,3902,7451,3549,0.5236880955576433
gpcr,D05246,158781,Olmesartan,hsa:185,P30556,2,8,1,1,446.5,446.2066387,130,656,0,3,7,8,33,0,0,0,0,0,0,0,1,346.7,13,3,1,1,2,4,2,1,8,10,3.2,446.5,359,41061,6,-9.4936,7074,7266,192,0.9735755573905863
gpcr,D05312,5284603,Oxycodone,hsa:4985,P41143,1,2,3,1,315.4,315.1470582,59,553,0,1,5,1,23,0,4,4,0,0,0,0,1,231.6,11,4,1,0,1,5,0,0.6,2.4,1,1.2,315.4,372,40369,10,-8.3481,6923,7463,540,0.9276430389923623
gpcr,D05312,5284603,Oxycodone,hsa:4986,P41145,1,4,3,1,315.4,315.1470582,59,553,0,1,5,1,23,0,4,4,0,0,0,0,1,231.6,11,4,1,0,1,5,0,0.6,2.4,1,1.2,315.4,380,42645,3,-9.0023,7331,7463,132,0.9823127428647996
gpcr,D05312,5284603,Oxycodone,hsa:4988,P35372,2,9,3,1,315.4,315.1470582,59,553,0,1,5,1,23,0,4,4,0,0,0,0,1,231.6,11,4,1,0,1,5,0,0.6,2.4,1,1.2,315.4,400,44779,57,-7.9916,6489,7463,974,0.8694894814417794
gpcr,D05341,985,Palmitic Acid,hsa:6010,P08100,1,1,1,1,256.42,256.2402303,37.3,178,0,1,2,14,18,0,0,0,0,0,0,0,1,229.5,4,2,0,1,0,0,1,1.4,14,10,6.4,256.42,348,38893,2,-4.7177,3666,7528,3862,0.4869819341126461
gpcr,D05938,41693,Sufentanil,hsa:4988,P35372,2,9,1,1,386.6,386.2027994,61,459,0,0,4,8,27,0,0,0,0,0,0,0,1,309.7,7,2,0,0,1,3,1,1,10.2,10,4,386.6,400,44779,57,-8.1637,7245,7452,207,0.9722222222222222
gpcr,D06056,135409453,Tegaserod,hsa:3360,Q13639,2,8,1,1,301.39,301.1902604,87.8,385,0,3,3,8,22,0,0,0,0,1,1,0,1,241.8,10,2,3,0,2,2,1,1,8,10,2.6,301.39,388,43761,2,-7.8027,6662,7455,793,0.8936284372904091
ion_channel,D00110,122142,Cocaine (USP),hsa:6331,Q14524,1,36,7,1,303.35,303.1470582,55.8,432,0,0,5,5,22,0,4,3,1,0,0,0,1,233.9,5,2,0,0,1,2,0,0.8,6.2,10,2.3,303.35,2016,226940,9,-7.0715,5550,7525,1975,0.7375415282392026
ion_channel,D00110,122142,Cocaine (USP),hsa:6336,Q9Y5Y9,1,24,7,1,303.35,303.1470582,55.8,432,0,0,5,5,22,0,4,3,1,0,0,0,1,233.9,5,2,0,0,1,2,0,0.8,6.2,10,2.3,303.35,1956,220626,0,-7.3069,6046,7525,1479,0.8034551495016611
ion_channel,D00110,122142,Cocaine (USP),hsa:6529,P30531,1,1,7,1,303.35,303.1470582,55.8,432,0,0,5,5,22,0,4,3,1,0,0,0,1,233.9,5,2,0,0,1,2,0,0.8,6.2,10,2.3,303.35,599,67074,1,-8.0959,7124,7525,401,0.9467109634551495
ion_channel,D00110,122142,Cocaine (USP),hsa:6532,P31645,2,6,7,1,303.35,303.1470582,55.8,432,0,0,5,5,22,0,4,3,1,0,0,0,1,233.9,5,2,0,0,1,2,0,0.8,6.2,10,2.3,303.35,630,70325,0,-8.6261,7424,7525,101,0.986578073089701
ion_channel,D00136,3559,Haloperidol,hsa:2904,Q13224,2,3,6,1,375.9,375.1401348,40.5,451,0,1,4,6,26,0,0,0,0,0,0,0,1,289.9,7,2,1,0,1,3,0,0.8,7.2,10,3.2,375.9,1484,166367,7,-7.8271,4760,7303,2543,0.6517869368752568
ion_channel,D00195,5362471,"Morphinan-6-ol, 7,8-didehydro-4,5-epoxy-3-methoxy-17-methyl-, monohydrate, (5alpha,6alpha)-",hsa:1135,Q15822,1,20,9,1,317.4,317.1627082,42.9,509,0,2,5,1,23,0,5,5,0,0,0,0,2,,,,,,,,,,,0,,317.4,529,59765,0,-6.4892,1985,5998,4013,0.33094364788262753
ion_channel,D00195,5362471,"Morphinan-6-ol, 7,8-didehydro-4,5-epoxy-3-methoxy-17-methyl-, monohydrate, (5alpha,6alpha)-",hsa:1136,P32297,1,14,9,1,317.4,317.1627082,42.9,509,0,2,5,1,23,0,5,5,0,0,0,0,2,,,,,,,,,,,0,,317.4,505,57480,0,-6.4327,1847,5998,4151,0.3079359786595532
ion_channel,D00195,5362471,"Morphinan-6-ol, 7,8-didehydro-4,5-epoxy-3-methoxy-17-methyl-, monohydrate, (5alpha,6alpha)-",hsa:1137,P43681,3,13,9,1,317.4,317.1627082,42.9,509,0,2,5,1,23,0,5,5,0,0,0,0,2,,,,,,,,,,,0,,317.4,627,69957,9,-7.169,3664,5998,2334,0.6108702900966989
ion_channel,D00195,5362471,"Morphinan-6-ol, 7,8-didehydro-4,5-epoxy-3-methoxy-17-methyl-, monohydrate, (5alpha,6alpha)-",hsa:1139,P36544,1,11,9,1,317.4,317.1627082,42.9,509,0,2,5,1,23,0,5,5,0,0,0,0,2,,,,,,,,,,,0,,317.4,502,56449,9,-6.7887,2748,5998,3250,0.4581527175725242
ion_channel,D00195,5362471,"Morphinan-6-ol, 7,8-didehydro-4,5-epoxy-3-methoxy-17-methyl-, monohydrate, (5alpha,6alpha)-",hsa:55584,Q9UGM1,1,14,9,1,317.4,317.1627082,42.9,509,0,2,5,1,23,0,5,5,0,0,0,0,2,,,,,,,,,,,0,,317.4,479,54807,1,-6.9951,3264,5998,2734,0.5441813937979326
ion_channel,D00225,2118,Alprazolam,hsa:2554,P14867,2,32,15,1,308.8,308.0828741,43.1,434,0,0,3,1,22,0,0,0,0,0,0,0,1,233.4,7,1,0,0,2,4,0,0.6,1.2,1,2.1,308.8,456,51802,0,-7.1659,3163,7465,4302,0.42371064969859346
ion_channel,D00225,2118,Alprazolam,hsa:2557,P48169,2,16,15,1,308.8,308.0828741,43.1,434,0,0,3,1,22,0,0,0,0,0,0,0,1,233.4,7,1,0,0,2,4,0,0.6,1.2,1,2.1,308.8,554,61623,0,-7.5083,4153,7465,3312,0.5563295378432686
ion_channel,D00225,2118,Alprazolam,hsa:2558,P31644,1,16,15,1,308.8,308.0828741,43.1,434,0,0,3,1,22,0,0,0,0,0,0,0,1,233.4,7,1,0,0,2,4,0,0.6,1.2,1,2.1,308.8,462,52146,0,-7.7369,4737,7465,2728,0.6345612860013395
ion_channel,D00225,2118,Alprazolam,hsa:2561,P47870,1,10,15,1,308.8,308.0828741,43.1,434,0,0,3,1,22,0,0,0,0,0,0,0,1,233.4,7,1,0,0,2,4,0,0.6,1.2,1,2.1,308.8,512,59150,0,-7.8666,5068,7465,2397,0.678901540522438
ion_channel,D00225,2118,Alprazolam,hsa:2562,P28472,1,10,15,1,308.8,308.0828741,43.1,434,0,0,3,1,22,0,0,0,0,0,0,0,1,233.4,7,1,0,0,2,4,0,0.6,1.2,1,2.1,308.8,473,54116,1,-7.7369,4738,7465,2727,0.634695244474213
ion_channel,D00225,2118,Alprazolam,hsa:2563,O14764,2,10,15,1,308.8,308.0828741,43.1,434,0,0,3,1,22,0,0,0,0,0,0,0,1,233.4,7,1,0,0,2,4,0,0.6,1.2,1,2.1,308.8,452,50708,4,-7.3805,3773,7465,3692,0.505425318151373
ion_channel,D00225,2118,Alprazolam,hsa:2566,P18507,1,10,15,1,308.8,308.0828741,43.1,434,0,0,3,1,22,0,0,0,0,0,0,0,1,233.4,7,1,0,0,2,4,0,0.6,1.2,1,2.1,308.8,475,55186,2,-8.5974,6454,7465,1011,0.8645679839249832
ion_channel,D00228,2170,Amoxapine,hsa:6532,P31645,2,6,2,1,313.8,313.0981898,36.9,424,0,1,3,1,22,0,0,0,0,0,0,0,1,233.7,8,1,1,0,2,4,0,0.6,2.4,4,2.6,313.8,630,70325,0,-8.6128,6869,7317,448,0.938772721060544
ion_channel,D00234,2247,Astemizole,hsa:3757,Q12809,2,10,1,1,458.6,458.2481898,42.3,599,0,1,5,8,34,0,0,0,0,0,0,0,1,367.3,9,1,1,0,2,5,0,1,9.2,10,6,458.6,1159,126655,3,-8.2373,4691,7272,2581,0.64507700770077
ion_channel,D00252,2554,Carbamazepine,hsa:55800,Q9NY72,1,8,15,1,236.27,236.094963,46.3,326,0,1,1,0,18,0,0,0,0,0,0,0,1,186.8,5,1,1,0,0,3,0,0.6,1.2,2,2.5,236.27,215,24702,103,-7.0039,3051,7466,4415,0.4086525582641307
ion_channel,D00252,2554,Carbamazepine,hsa:6324,Q07699,1,8,15,1,236.27,236.094963,46.3,326,0,1,1,0,18,0,0,0,0,0,0,0,1,186.8,5,1,1,0,0,3,0,0.6,1.2,2,2.5,236.27,218,24707,1,-7.288,3847,7466,3619,0.515269220466113
ion_channel,D00252,2554,Carbamazepine,hsa:6330,Q8IWT1,2,8,15,1,236.27,236.094963,46.3,326,0,1,1,0,18,0,0,0,0,0,0,0,1,186.8,5,1,1,0,0,3,0,0.6,1.2,2,2.5,236.27,228,24969,1,-6.6145,2007,7466,5459,0.2688186445218323
ion_channel,D00252,2554,Carbamazepine,hsa:6332,Q01118,1,8,15,1,236.27,236.094963,46.3,326,0,1,1,0,18,0,0,0,0,0,0,0,1,186.8,5,1,1,0,0,3,0,0.6,1.2,2,2.5,236.27,1682,193493,1,-9.1851,7145,7466,321,0.9570050897401554
ion_channel,D00252,2554,Carbamazepine,hsa:6337,P37088,1,9,15,1,236.27,236.094963,46.3,326,0,1,1,0,18,0,0,0,0,0,0,0,1,186.8,5,1,1,0,0,3,0,0.6,1.2,2,2.5,236.27,669,75704,2,-9.0931,7082,7466,384,0.9485668363246719
ion_channel,D00252,2554,Carbamazepine,hsa:6338,P51168,2,9,15,1,236.27,236.094963,46.3,326,0,1,1,0,18,0,0,0,0,0,0,0,1,186.8,5,1,1,0,0,3,0,0.6,1.2,2,2.5,236.27,640,72659,1,-6.9604,2942,7466,4524,0.3940530404500402
ion_channel,D00252,2554,Carbamazepine,hsa:6340,P51170,2,9,15,1,236.27,236.094963,46.3,326,0,1,1,0,18,0,0,0,0,0,0,0,1,186.8,5,1,1,0,0,3,0,0.6,1.2,2,2.5,236.27,649,74270,1,-9.2834,7217,7466,249,0.9666488079292794
ion_channel,D00274,2769,Cisapride (USP/INN),hsa:3757,Q12809,2,10,1,1,465.9,465.1830623,86.1,581,0,2,7,9,32,0,2,0,2,0,0,0,1,351,11,4,2,0,2,3,0,1.4,11.2,10,3.4,465.9,1159,126655,3,-7.7652,5699,7271,1572,0.7837986521798928
ion_channel,D00293,3016,Diazepam,hsa:2554,P14867,2,32,19,1,284.74,284.0716407,32.7,403,0,0,2,1,20,0,0,0,0,0,0,0,1,217.3,5,2,0,0,0,3,0,0.6,1.4,2,3,284.74,456,51802,0,-6.8811,3879,7401,3522,0.5241183623834617
ion_channel,D00293,3016,Diazepam,hsa:2557,P48169,2,16,19,1,284.74,284.0716407,32.7,403,0,0,2,1,20,0,0,0,0,0,0,0,1,217.3,5,2,0,0,0,3,0,0.6,1.4,2,3,284.74,554,61623,0,-6.8625,3832,7401,3569,0.5177678692068639
ion_channel,D00293,3016,Diazepam,hsa:2558,P31644,1,16,19,1,284.74,284.0716407,32.7,403,0,0,2,1,20,0,0,0,0,0,0,0,1,217.3,5,2,0,0,0,3,0,0.6,1.4,2,3,284.74,462,52146,0,-7.1753,4696,7401,2705,0.6345088501553844
ion_channel,D00293,3016,Diazepam,hsa:2561,P47870,1,10,19,1,284.74,284.0716407,32.7,403,0,0,2,1,20,0,0,0,0,0,0,0,1,217.3,5,2,0,0,0,3,0,0.6,1.4,2,3,284.74,512,59150,0,-7.3005,5006,7401,2395,0.6763950817457101
ion_channel,D00293,3016,Diazepam,hsa:2562,P28472,1,10,19,1,284.74,284.0716407,32.7,403,0,0,2,1,20,0,0,0,0,0,0,0,1,217.3,5,2,0,0,0,3,0,0.6,1.4,2,3,284.74,473,54116,1,-7.1753,4697,7401,2704,0.6346439670314822
ion_channel,D00293,3016,Diazepam,hsa:2563,O14764,2,10,19,1,284.74,284.0716407,32.7,403,0,0,2,1,20,0,0,0,0,0,0,0,1,217.3,5,2,0,0,0,3,0,0.6,1.4,2,3,284.74,452,50708,4,-6.7262,3406,7401,3995,0.46020807998919067
ion_channel,D00293,3016,Diazepam,hsa:2566,P18507,1,10,19,1,284.74,284.0716407,32.7,403,0,0,2,1,20,0,0,0,0,0,0,0,1,217.3,5,2,0,0,0,3,0,0.6,1.4,2,3,284.74,475,55186,2,-7.2501,4897,7401,2504,0.6616673422510472
ion_channel,D00293,3016,Diazepam,hsa:2741,P23415,1,10,19,1,284.74,284.0716407,32.7,403,0,0,2,1,20,0,0,0,0,0,0,0,1,217.3,5,2,0,0,0,3,0,0.6,1.4,2,3,284.74,457,52624,4,-6.6902,3305,7401,4096,0.4465612755033104
ion_channel,D00293,3016,Diazepam,hsa:2742,P23416,1,5,19,1,284.74,284.0716407,32.7,403,0,0,2,1,20,0,0,0,0,0,0,0,1,217.3,5,2,0,0,0,3,0,0.6,1.4,2,3,284.74,452,52002,0,-7.7158,5970,7401,1431,0.8066477503040129
ion_channel,D00293,3016,Diazepam,hsa:2743,P48167,1,4,19,1,284.74,284.0716407,32.7,403,0,0,2,1,20,0,0,0,0,0,0,0,1,217.3,5,2,0,0,0,3,0,0.6,1.4,2,3,284.74,497,56122,1,-7.2566,4913,7401,2488,0.6638292122686124
ion_channel,D00294,3019,Diazoxide,hsa:10008,Q9Y6H6,2,2,80,1,230.67,229.9916763,66.9,360,0,1,3,0,14,0,0,0,0,0,0,0,1,155.9,6,2,2,0,0,2,0,0.4,0.2,1,1.2,230.67,103,11710,0,-4.7652,705,7335,6630,0.09611451942740286
ion_channel,D00294,3019,Diazoxide,hsa:27345,Q86W47,1,2,80,1,230.67,229.9916763,66.9,360,0,1,3,0,14,0,0,0,0,0,0,0,1,155.9,6,2,2,0,0,2,0,0.4,0.2,1,1.2,230.67,210,23949,2,-5.433,2028,7335,5307,0.27648261758691206
ion_channel,D00294,3019,Diazoxide,hsa:2890,P42261,2,8,80,1,230.67,229.9916763,66.9,360,0,1,3,0,14,0,0,0,0,0,0,0,1,155.9,6,2,2,0,0,2,0,0.4,0.2,1,1.2,230.67,906,101506,5,-4.0092,262,7335,7073,0.03571915473755965
ion_channel,D00294,3019,Diazoxide,hsa:2891,P42262,1,3,80,1,230.67,229.9916763,66.9,360,0,1,3,0,14,0,0,0,0,0,0,0,1,155.9,6,2,2,0,0,2,0,0.4,0.2,1,1.2,230.67,883,98821,2,-5.6783,2824,7335,4511,0.38500340831629176
ion_channel,D00294,3019,Diazoxide,hsa:3738,P22001,1,7,80,1,230.67,229.9916763,66.9,360,0,1,3,0,14,0,0,0,0,0,0,0,1,155.9,6,2,2,0,0,2,0,0.4,0.2,1,1.2,230.67,575,63842,3,-6.6163,5716,7335,1619,0.7792774369461486
ion_channel,D00294,3019,Diazoxide,hsa:3745,Q14721,1,2,80,1,230.67,229.9916763,66.9,360,0,1,3,0,14,0,0,0,0,0,0,0,1,155.9,6,2,2,0,0,2,0,0.4,0.2,1,1.2,230.67,858,95878,0,-5.5821,2505,7335,4830,0.34151329243353784
ion_channel,D00294,3019,Diazoxide,hsa:3746,P48547,1,5,80,1,230.67,229.9916763,66.9,360,0,1,3,0,14,0,0,0,0,0,0,0,1,155.9,6,2,2,0,0,2,0,0.4,0.2,1,1.2,230.67,511,57942,3,-5.727,2990,7335,4345,0.4076346284935242
ion_channel,D00294,3019,Diazoxide,hsa:3749,Q03721,1,2,80,1,230.67,229.9916763,66.9,360,0,1,3,0,14,0,0,0,0,0,0,0,1,155.9,6,2,2,0,0,2,0,0.4,0.2,1,1.2,230.67,635,69767,1,-4.5717,555,7335,6780,0.07566462167689161
ion_channel,D00294,3019,Diazoxide,hsa:3751,Q9NZV8,1,2,80,1,230.67,229.9916763,66.9,360,0,1,3,0,14,0,0,0,0,0,0,0,1,155.9,6,2,2,0,0,2,0,0.4,0.2,1,1.2,230.67,630,70537,3,-6.1864,4494,7335,2841,0.612678936605317
ion_channel,D00294,3019,Diazoxide,hsa:3752,Q9UK17,1,4,80,1,230.67,229.9916763,66.9,360,0,1,3,0,14,0,0,0,0,0,0,0,1,155.9,6,2,2,0,0,2,0,0.4,0.2,1,1.2,230.67,655,73451,1,-6.4993,5420,7335,1915,0.7389229720518065
ion_channel,D00294,3019,Diazoxide,hsa:3753,P15382,3,3,80,1,230.67,229.9916763,66.9,360,0,1,3,0,14,0,0,0,0,0,0,0,1,155.9,6,2,2,0,0,2,0,0.4,0.2,1,1.2,230.67,129,14675,2,-5.6625,2777,7335,4558,0.37859577368779823
ion_channel,D00294,3019,Diazoxide,hsa:3756,O95259,1,4,80,1,230.67,229.9916763,66.9,360,0,1,3,0,14,0,0,0,0,0,0,0,1,155.9,6,2,2,0,0,2,0,0.4,0.2,1,1.2,230.67,989,111423,6,-5.3788,1865,7335,5470,0.25426039536468986
ion_channel,D00294,3019,Diazoxide,hsa:3757,Q12809,2,10,80,1,230.67,229.9916763,66.9,360,0,1,3,0,14,0,0,0,0,0,0,0,1,155.9,6,2,2,0,0,2,0,0.4,0.2,1,1.2,230.67,1159,126655,3,-6.692,5905,7335,1430,0.8050443081117927
ion_channel,D00294,3019,Diazoxide,hsa:3759,P63252,1,2,80,1,230.67,229.9916763,66.9,360,0,1,3,0,14,0,0,0,0,0,0,0,1,155.9,6,2,2,0,0,2,0,0.4,0.2,1,1.2,230.67,427,48288,8,-2.7857,38,7335,7297,0.00518064076346285
ion_channel,D00294,3019,Diazoxide,hsa:3761,P48050,1,2,80,1,230.67,229.9916763,66.9,360,0,1,3,0,14,0,0,0,0,0,0,0,1,155.9,6,2,2,0,0,2,0,0.4,0.2,1,1.2,230.67,445,49500,1,-3.5608,137,7335,7198,0.018677573278800274
ion_channel,D00294,3019,Diazoxide,hsa:3765,Q92806,1,2,80,1,230.67,229.9916763,66.9,360,0,1,3,0,14,0,0,0,0,0,0,0,1,155.9,6,2,2,0,0,2,0,0.4,0.2,1,1.2,230.67,393,44020,1,-2.8945,41,7335,7294,0.0055896387184730745
ion_channel,D00294,3019,Diazoxide,hsa:3775,O00180,1,3,80,1,230.67,229.9916763,66.9,360,0,1,3,0,14,0,0,0,0,0,0,0,1,155.9,6,2,2,0,0,2,0,0.4,0.2,1,1.2,230.67,336,38143,9,-6.1785,4471,7335,2864,0.6095432856169053
ion_channel,D00294,3019,Diazoxide,hsa:3778,Q12791,1,12,80,1,230.67,229.9916763,66.9,360,0,1,3,0,14,0,0,0,0,0,0,0,1,155.9,6,2,2,0,0,2,0,0.4,0.2,1,1.2,230.67,1236,137560,5,-7.1683,6796,7335,539,0.9265167007498296
ion_channel,D00294,3019,Diazoxide,hsa:3781,Q9H2S1,1,11,80,1,230.67,229.9916763,66.9,360,0,1,3,0,14,0,0,0,0,0,0,0,1,155.9,6,2,2,0,0,2,0,0.4,0.2,1,1.2,230.67,579,63760,1,-4.8114,748,7335,6587,0.10197682344921609
ion_channel,D00294,3019,Diazoxide,hsa:3783,O15554,1,9,80,1,230.67,229.9916763,66.9,360,0,1,3,0,14,0,0,0,0,0,0,0,1,155.9,6,2,2,0,0,2,0,0.4,0.2,1,1.2,230.67,427,47696,10,-5.7579,3105,7335,4230,0.4233128834355828
ion_channel,D00294,3019,Diazoxide,hsa:3784,P51787,2,5,80,1,230.67,229.9916763,66.9,360,0,1,3,0,14,0,0,0,0,0,0,0,1,155.9,6,2,2,0,0,2,0,0.4,0.2,1,1.2,230.67,676,74699,2,-5.9319,3695,7335,3640,0.5037491479209271
ion_channel,D00294,3019,Diazoxide,hsa:3785,O43526,1,2,80,1,230.67,229.9916763,66.9,360,0,1,3,0,14,0,0,0,0,0,0,0,1,155.9,6,2,2,0,0,2,0,0.4,0.2,1,1.2,230.67,872,95848,1,-6.9336,6413,7335,922,0.8743012951601908
ion_channel,D00294,3019,Diazoxide,hsa:3786,O43525,1,2,80,1,230.67,229.9916763,66.9,360,0,1,3,0,14,0,0,0,0,0,0,0,1,155.9,6,2,2,0,0,2,0,0.4,0.2,1,1.2,230.67,872,96742,0,-5.0144,1003,7335,6332,0.1367416496250852
ion_channel,D00294,3019,Diazoxide,hsa:50801,Q9NYG8,2,2,80,1,230.67,229.9916763,66.9,360,0,1,3,0,14,0,0,0,0,0,0,0,1,155.9,6,2,2,0,0,2,0,0.4,0.2,1,1.2,230.67,393,42704,2,-6.3972,5132,7335,2203,0.6996591683708248
ion_channel,D00294,3019,Diazoxide,hsa:51305,Q9NPC2,1,2,80,1,230.67,229.9916763,66.9,360,0,1,3,0,14,0,0,0,0,0,0,0,1,155.9,6,2,2,0,0,2,0,0.4,0.2,1,1.2,230.67,374,42264,0,-3.4271,102,7335,7233,0.013905930470347648
ion_channel,D00294,3019,Diazoxide,hsa:54207,P57789,1,4,80,1,230.67,229.9916763,66.9,360,0,1,3,0,14,0,0,0,0,0,0,0,1,155.9,6,2,2,0,0,2,0,0.4,0.2,1,1.2,230.67,538,59765,0,-6.3549,5004,7335,2331,0.6822085889570552
ion_channel,D00294,3019,Diazoxide,hsa:56479,Q9NR82,1,2,80,1,230.67,229.9916763,66.9,360,0,1,3,0,14,0,0,0,0,0,0,0,1,155.9,6,2,2,0,0,2,0,0.4,0.2,1,1.2,230.67,932,102179,0,-5.2989,1631,7335,5704,0.2223585548738923
ion_channel,D00294,3019,Diazoxide,hsa:8514,Q13303,1,2,80,1,230.67,229.9916763,66.9,360,0,1,3,0,14,0,0,0,0,0,0,0,1,155.9,6,2,2,0,0,2,0,0.4,0.2,1,1.2,230.67,367,41000,4,-6.8492,6239,7335,1096,0.8505794137695978
ion_channel,D00294,3019,Diazoxide,hsa:9132,P56696,2,3,80,1,230.67,229.9916763,66.9,360,0,1,3,0,14,0,0,0,0,0,0,0,1,155.9,6,2,2,0,0,2,0,0.4,0.2,1,1.2,230.67,695,77101,0,-6.4147,5196,7335,2139,0.7083844580777097
ion_channel,D00294,3019,Diazoxide,hsa:9992,Q9Y6J6,1,2,80,1,230.67,229.9916763,66.9,360,0,1,3,0,14,0,0,0,0,0,0,0,1,155.9,6,2,2,0,0,2,0,0.4,0.2,1,1.2,230.67,123,14472,0,-4.6423,603,7335,6732,0.08220858895705521
ion_channel,D00303,3114,Disopyramide,hsa:55800,Q9NY72,1,8,15,1,339.5,339.2310626,59.2,409,0,1,3,8,25,0,1,0,1,0,0,0,1,271.9,8,2,1,0,1,2,2,0.8,8,6,3.2,339.5,215,24702,103,-5.9794,3396,7377,3981,0.46034973566490445
ion_channel,D00303,3114,Disopyramide,hsa:6324,Q07699,1,8,15,1,339.5,339.2310626,59.2,409,0,1,3,8,25,0,1,0,1,0,0,0,1,271.9,8,2,1,0,1,2,2,0.8,8,6,3.2,339.5,218,24707,1,-5.653,2372,7377,5005,0.3215399213772536
ion_channel,D00303,3114,Disopyramide,hsa:6330,Q8IWT1,2,8,15,1,339.5,339.2310626,59.2,409,0,1,3,8,25,0,1,0,1,0,0,0,1,271.9,8,2,1,0,1,2,2,0.8,8,6,3.2,339.5,228,24969,1,-6.3145,4474,7377,2903,0.6064795987528806
ion_channel,D00303,3114,Disopyramide,hsa:6337,P37088,1,9,15,1,339.5,339.2310626,59.2,409,0,1,3,8,25,0,1,0,1,0,0,0,1,271.9,8,2,1,0,1,2,2,0.8,8,6,3.2,339.5,669,75704,2,-7.65,6994,7377,383,0.9480818761013963
ion_channel,D00303,3114,Disopyramide,hsa:6338,P51168,2,9,15,1,339.5,339.2310626,59.2,409,0,1,3,8,25,0,1,0,1,0,0,0,1,271.9,8,2,1,0,1,2,2,0.8,8,6,3.2,339.5,640,72659,1,-6.8031,5744,7377,1633,0.7786363020197913
ion_channel,D00303,3114,Disopyramide,hsa:6340,P51170,2,9,15,1,339.5,339.2310626,59.2,409,0,1,3,8,25,0,1,0,1,0,0,0,1,271.9,8,2,1,0,1,2,2,0.8,8,6,3.2,339.5,649,74270,1,-7.5866,6949,7377,428,0.9419818354344585
ion_channel,D00319,3333,Felodipine,hsa:773,O00555,1,14,5,1,384.2,383.0691135,64.6,614,0,1,5,6,25,0,1,0,1,0,0,0,1,282.5,6,2,1,0,1,2,0,0.8,6.4,10,3.9,384.2,2506,282564,18,-4.0949,365,7455,7090,0.04896042924211938
ion_channel,D00319,3333,Felodipine,hsa:776,Q01668,2,15,5,1,384.2,383.0691135,64.6,614,0,1,5,6,25,0,1,0,1,0,0,0,1,282.5,6,2,1,0,1,2,0,0.8,6.4,10,3.9,384.2,2161,245141,1,-7.3382,7175,7455,280,0.9624413145539906
ion_channel,D00319,3333,Felodipine,hsa:779,Q13698,1,18,5,1,384.2,383.0691135,64.6,614,0,1,5,6,25,0,1,0,1,0,0,0,1,282.5,6,2,1,0,1,2,0,0.8,6.4,10,3.9,384.2,1873,212350,6,-4.1888,415,7455,7040,0.055667337357478204
ion_channel,D00326,3386,Fluoxetine,hsa:3781,Q9H2S1,1,11,4,1,309.33,309.1340487,21.3,308,0,1,5,6,22,0,1,0,1,0,0,0,1,238.3,5,1,1,0,1,2,0,0.8,7,10,4,309.33,579,63760,1,-5.8047,1523,7463,5940,0.20407342891598554
ion_channel,D00329,3393,Flurazepam,hsa:2554,P14867,2,32,15,1,387.9,387.1513682,35.9,540,0,0,4,6,27,0,0,0,0,0,0,0,1,297.4,6,2,0,0,1,3,0,0.8,6.4,10,3,387.9,456,51802,0,-6.5484,4070,7304,3234,0.5572289156626506
ion_channel,D00329,3393,Flurazepam,hsa:2557,P48169,2,16,15,1,387.9,387.1513682,35.9,540,0,0,4,6,27,0,0,0,0,0,0,0,1,297.4,6,2,0,0,1,3,0,0.8,6.4,10,3,387.9,554,61623,0,-6.5978,4216,7304,3088,0.5772179627601315
ion_channel,D00329,3393,Flurazepam,hsa:2558,P31644,1,16,15,1,387.9,387.1513682,35.9,540,0,0,4,6,27,0,0,0,0,0,0,0,1,297.4,6,2,0,0,1,3,0,0.8,6.4,10,3,387.9,462,52146,0,-6.7321,4609,7304,2695,0.6310240963855421
ion_channel,D00329,3393,Flurazepam,hsa:2561,P47870,1,10,15,1,387.9,387.1513682,35.9,540,0,0,4,6,27,0,0,0,0,0,0,0,1,297.4,6,2,0,0,1,3,0,0.8,6.4,10,3,387.9,512,59150,0,-6.8203,4856,7304,2448,0.664841182913472
ion_channel,D00329,3393,Flurazepam,hsa:2562,P28472,1,10,15,1,387.9,387.1513682,35.9,540,0,0,4,6,27,0,0,0,0,0,0,0,1,297.4,6,2,0,0,1,3,0,0.8,6.4,10,3,387.9,473,54116,1,-6.7321,4610,7304,2694,0.6311610076670318
ion_channel,D00329,3393,Flurazepam,hsa:2563,O14764,2,10,15,1,387.9,387.1513682,35.9,540,0,0,4,6,27,0,0,0,0,0,0,0,1,297.4,6,2,0,0,1,3,0,0.8,6.4,10,3,387.9,452,50708,4,-6.4845,3885,7304,3419,0.5319003285870756
ion_channel,D00329,3393,Flurazepam,hsa:2566,P18507,1,10,15,1,387.9,387.1513682,35.9,540,0,0,4,6,27,0,0,0,0,0,0,0,1,297.4,6,2,0,0,1,3,0,0.8,6.4,10,3,387.9,475,55186,2,-6.8892,5041,7304,2263,0.6901697699890471
ion_channel,D00331,3440,Furosemide,hsa:2554,P14867,2,32,6,1,330.74,330.0077203,131,481,0,3,7,5,21,0,0,0,0,0,0,0,1,226.5,11,5,2,1,1,2,0,0.8,5,10,2,330.74,456,51802,0,-6.1606,3283,7310,4027,0.44911080711354306
ion_channel,D00331,3440,Furosemide,hsa:2557,P48169,2,16,6,1,330.74,330.0077203,131,481,0,3,7,5,21,0,0,0,0,0,0,0,1,226.5,11,5,2,1,1,2,0,0.8,5,10,2,330.74,554,61623,0,-6.5964,4652,7310,2658,0.6363885088919289
ion_channel,D00331,3440,Furosemide,hsa:2558,P31644,1,16,6,1,330.74,330.0077203,131,481,0,3,7,5,21,0,0,0,0,0,0,0,1,226.5,11,5,2,1,1,2,0,0.8,5,10,2,330.74,462,52146,0,-6.3061,3752,7310,3558,0.5132694938440493
ion_channel,D00332,3446,Gabapentin,hsa:5310,P98161,1,10,46,1,171.24,171.1259288,63.3,162,0,2,3,3,12,0,0,0,0,0,0,0,1,134.8,6,2,1,1,1,1,0,0.6,4.2,10,-1.1,171.24,4303,462529,6,-5.6866,6078,7470,1392,0.8136546184738955
ion_channel,D00332,3446,Gabapentin,hsa:55503,Q9H1D0,1,9,46,1,171.24,171.1259288,63.3,162,0,2,3,3,12,0,0,0,0,0,0,0,1,134.8,6,2,1,1,1,1,0,0.6,4.2,10,-1.1,171.24,765,87286,1,-5.6365,5897,7470,1573,0.7894243641231593
ion_channel,D00332,3446,Gabapentin,hsa:55800,Q9NY72,1,8,46,1,171.24,171.1259288,63.3,162,0,2,3,3,12,0,0,0,0,0,0,0,1,134.8,6,2,1,1,1,1,0,0.6,4.2,10,-1.1,171.24,215,24702,103,-5.1568,4053,7470,3417,0.542570281124498
ion_channel,D00332,3446,Gabapentin,hsa:6261,P21817,1,17,46,1,171.24,171.1259288,63.3,162,0,2,3,3,12,0,0,0,0,0,0,0,1,134.8,6,2,1,1,1,1,0,0.6,4.2,10,-1.1,171.24,5038,565176,0,-5.7203,6153,7470,1317,0.8236947791164658
ion_channel,D00332,3446,Gabapentin,hsa:6262,Q92736,1,16,46,1,171.24,171.1259288,63.3,162,0,2,3,3,12,0,0,0,0,0,0,0,1,134.8,6,2,1,1,1,1,0,0.6,4.2,10,-1.1,171.24,4967,564567,3,-5.4223,5120,7470,2350,0.6854082998661312
ion_channel,D00332,3446,Gabapentin,hsa:6263,Q15413,1,16,46,1,171.24,171.1259288,63.3,162,0,2,3,3,12,0,0,0,0,0,0,0,1,134.8,6,2,1,1,1,1,0,0.6,4.2,10,-1.1,171.24,4870,552042,0,-4.7352,2374,7470,5096,0.3178045515394913
ion_channel,D00332,3446,Gabapentin,hsa:6324,Q07699,1,8,46,1,171.24,171.1259288,63.3,162,0,2,3,3,12,0,0,0,0,0,0,0,1,134.8,6,2,1,1,1,1,0,0.6,4.2,10,-1.1,171.24,218,24707,1,-5.0909,3778,7470,3692,0.505756358768407
ion_channel,D00332,3446,Gabapentin,hsa:6330,Q8IWT1,2,8,46,1,171.24,171.1259288,63.3,162,0,2,3,3,12,0,0,0,0,0,0,0,1,134.8,6,2,1,1,1,1,0,0.6,4.2,10,-1.1,171.24,228,24969,1,-4.5967,1909,7470,5561,0.25555555555555554
ion_channel,D00332,3446,Gabapentin,hsa:6332,Q01118,1,8,46,1,171.24,171.1259288,63.3,162,0,2,3,3,12,0,0,0,0,0,0,0,1,134.8,6,2,1,1,1,1,0,0.6,4.2,10,-1.1,171.24,1682,193493,1,-5.8537,6502,7470,968,0.8704149933065596
ion_channel,D00332,3446,Gabapentin,hsa:6337,P37088,1,9,46,1,171.24,171.1259288,63.3,162,0,2,3,3,12,0,0,0,0,0,0,0,1,134.8,6,2,1,1,1,1,0,0.6,4.2,10,-1.1,171.24,669,75704,2,-5.677,6047,7470,1423,0.8095046854082999
ion_channel,D00332,3446,Gabapentin,hsa:6338,P51168,2,9,46,1,171.24,171.1259288,63.3,162,0,2,3,3,12,0,0,0,0,0,0,0,1,134.8,6,2,1,1,1,1,0,0.6,4.2,10,-1.1,171.24,640,72659,1,-5.4338,5161,7470,2309,0.690896921017403
ion_channel,D00332,3446,Gabapentin,hsa:6340,P51170,2,9,46,1,171.24,171.1259288,63.3,162,0,2,3,3,12,0,0,0,0,0,0,0,1,134.8,6,2,1,1,1,1,0,0.6,4.2,10,-1.1,171.24,649,74270,1,-6.1029,7018,7470,452,0.9394912985274431
ion_channel,D00332,3446,Gabapentin,hsa:773,O00555,1,14,46,1,171.24,171.1259288,63.3,162,0,2,3,3,12,0,0,0,0,0,0,0,1,134.8,6,2,1,1,1,1,0,0.6,4.2,10,-1.1,171.24,2506,282564,18,-3.44,275,7470,7195,0.03681392235609103
ion_channel,D00332,3446,Gabapentin,hsa:774,Q00975,1,9,46,1,171.24,171.1259288,63.3,162,0,2,3,3,12,0,0,0,0,0,0,0,1,134.8,6,2,1,1,1,1,0,0.6,4.2,10,-1.1,171.24,2339,262496,2,-5.5842,5721,7470,1749,0.765863453815261
ion_channel,D00332,3446,Gabapentin,hsa:776,Q01668,2,15,46,1,171.24,171.1259288,63.3,162,0,2,3,3,12,0,0,0,0,0,0,0,1,134.8,6,2,1,1,1,1,0,0.6,4.2,10,-1.1,171.24,2161,245141,1,-5.8682,6537,7470,933,0.8751004016064257
ion_channel,D00332,3446,Gabapentin,hsa:777,Q15878,2,10,46,1,171.24,171.1259288,63.3,162,0,2,3,3,12,0,0,0,0,0,0,0,1,134.8,6,2,1,1,1,1,0,0.6,4.2,10,-1.1,171.24,2313,261731,0,-5.9316,6686,7470,784,0.8950468540829987
ion_channel,D00332,3446,Gabapentin,hsa:779,Q13698,1,18,46,1,171.24,171.1259288,63.3,162,0,2,3,3,12,0,0,0,0,0,0,0,1,134.8,6,2,1,1,1,1,0,0.6,4.2,10,-1.1,171.24,1873,212350,6,-3.7934,490,7470,6980,0.06559571619812583
ion_channel,D00332,3446,Gabapentin,hsa:781,P54289,1,12,46,1,171.24,171.1259288,63.3,162,0,2,3,3,12,0,0,0,0,0,0,0,1,134.8,6,2,1,1,1,1,0,0.6,4.2,10,-1.1,171.24,1103,124568,0,-7.2111,7468,7470,2,0.9997322623828648
ion_channel,D00332,3446,Gabapentin,hsa:782,Q02641,1,10,46,1,171.24,171.1259288,63.3,162,0,2,3,3,12,0,0,0,0,0,0,0,1,134.8,6,2,1,1,1,1,0,0.6,4.2,10,-1.1,171.24,598,65714,3,-4.9895,3352,7470,4118,0.44872824631860775
ion_channel,D00332,3446,Gabapentin,hsa:784,P54284,1,9,46,1,171.24,171.1259288,63.3,162,0,2,3,3,12,0,0,0,0,0,0,0,1,134.8,6,2,1,1,1,1,0,0.6,4.2,10,-1.1,171.24,484,54532,9,-5.411,5079,7470,2391,0.6799196787148595
ion_channel,D00332,3446,Gabapentin,hsa:785,O00305,1,9,46,1,171.24,171.1259288,63.3,162,0,2,3,3,12,0,0,0,0,0,0,0,1,134.8,6,2,1,1,1,1,0,0.6,4.2,10,-1.1,171.24,520,58169,4,-4.9713,3283,7470,4187,0.4394912985274431
ion_channel,D00332,3446,Gabapentin,hsa:8911,Q9P0X4,1,15,46,1,171.24,171.1259288,63.3,162,0,2,3,3,12,0,0,0,0,0,0,0,1,134.8,6,2,1,1,1,1,0,0.6,4.2,10,-1.1,171.24,2223,245103,2,-5.5361,5550,7470,1920,0.7429718875502008
ion_channel,D00332,3446,Gabapentin,hsa:8913,O43497,1,17,46,1,171.24,171.1259288,63.3,162,0,2,3,3,12,0,0,0,0,0,0,0,1,134.8,6,2,1,1,1,1,0,0.6,4.2,10,-1.1,171.24,2377,262472,0,-6.0997,7012,7470,458,0.9386880856760375
ion_channel,D00332,3446,Gabapentin,hsa:8989,O75762,1,9,46,1,171.24,171.1259288,63.3,162,0,2,3,3,12,0,0,0,0,0,0,0,1,134.8,6,2,1,1,1,1,0,0.6,4.2,10,-1.1,171.24,1119,127501,1,-4.9796,3318,7470,4152,0.44417670682730925
ion_channel,D00335,3478,Glipizide,hsa:3767,Q14654,2,6,2,1,445.5,445.1783755,139,697,0,3,6,7,31,0,0,0,0,0,0,0,1,337.6,12,6,3,0,0,3,0,1.2,11.2,10,1.9,445.5,390,43526,3,-7.4375,2350,7372,5022,0.31877373846988605
ion_channel,D00336,3488,Glibenclamide,hsa:1080,P13569,1,5,3,1,494,493.1438199,122,746,0,3,5,8,33,0,0,0,0,0,0,0,1,365.7,11,5,3,0,0,3,0,1.2,12.2,10,4.8,494,1480,168142,121,-9.8117,6824,7361,537,0.9270479554408368
ion_channel,D00338,31640,Halazepam,hsa:2554,P14867,2,32,1,1,352.7,352.0590252,32.7,503,0,0,5,2,24,0,0,0,0,0,0,0,1,250.6,5,2,0,0,0,3,0,0.6,3.4,6,4,352.7,456,51802,0,-7.4936,5179,7310,2131,0.7084815321477428
ion_channel,D00340,3639,Hydrochlorothiazide,hsa:3778,Q12791,1,12,1,1,297.7,296.9644758,135,494,0,3,7,1,17,0,0,0,0,0,0,0,1,187.1,10,4,3,0,1,2,0,0.6,1.6,2,-0.1,297.7,1236,137560,5,-7.1265,6544,7400,856,0.8843243243243243
ion_channel,D00345,3702,Indapamide,hsa:3753,P15382,3,3,2,1,365.8,365.0600902,101,580,0,2,5,3,24,0,1,0,1,0,0,0,1,263.6,8,3,2,0,0,3,0,0.8,4.6,10,2.9,365.8,129,14675,2,-6.8489,2539,7303,4764,0.347665343009722
ion_channel,D00345,3702,Indapamide,hsa:3784,P51787,2,5,2,1,365.8,365.0600902,101,580,0,2,5,3,24,0,1,0,1,0,0,0,1,263.6,8,3,2,0,0,3,0,0.8,4.6,10,2.9,365.8,676,74699,2,-6.873,2604,7303,4699,0.3565657948788169
ion_channel,D00349,3784,Isradipine,hsa:776,Q01668,2,15,11,1,371.4,371.1481208,104,685,0,1,8,6,27,0,1,0,1,0,0,0,1,284.4,10,4,1,0,1,3,1,0.8,6.4,10,4.3,371.4,2161,245141,1,-7.6979,6809,7451,642,0.9138370688498189
ion_channel,D00349,3784,Isradipine,hsa:779,Q13698,1,18,11,1,371.4,371.1481208,104,685,0,1,8,6,27,0,1,0,1,0,0,0,1,284.4,10,4,1,0,1,3,1,0.8,6.4,10,4.3,371.4,1873,212350,6,-4.7008,440,7451,7011,0.05905247617769427
ion_channel,D00349,3784,Isradipine,hsa:781,P54289,1,12,11,1,371.4,371.1481208,104,685,0,1,8,6,27,0,1,0,1,0,0,0,1,284.4,10,4,1,0,1,3,1,0.8,6.4,10,4.3,371.4,1103,124568,0,-7.9346,7048,7451,403,0.9459133002281573
ion_channel,D00349,3784,Isradipine,hsa:8913,O43497,1,17,11,1,371.4,371.1481208,104,685,0,1,8,6,27,0,1,0,1,0,0,0,1,284.4,10,4,1,0,1,3,1,0.8,6.4,10,4.3,371.4,2377,262472,0,-7.2489,6106,7451,1345,0.8194873171386391
ion_channel,D00351,47576,Ketoconazole,hsa:3757,Q12809,2,10,3,1,531.4,530.1487608,69.1,735,0,0,6,7,36,0,2,2,0,0,0,0,1,390.3,11,4,0,0,2,5,0,1,10.2,10,4.3,531.4,1159,126655,3,-8.5502,5385,7359,1974,0.7317570322054627
ion_channel,D00351,47576,Ketoconazole,hsa:3783,O15554,1,9,3,1,531.4,530.1487608,69.1,735,0,0,6,7,36,0,2,2,0,0,0,0,1,390.3,11,4,0,0,2,5,0,1,10.2,10,4.3,531.4,427,47696,10,-8.4546,5186,7359,2173,0.7047153145807854
ion_channel,D00379,5503,Tolazamide,hsa:3767,Q14654,2,6,2,1,311.4,311.1303627,86.9,431,0,2,4,3,21,0,0,0,0,0,0,0,1,234.7,7,3,2,0,0,2,0,0.8,6.4,10,1.5,311.4,390,43526,3,-6.7255,3001,7397,4396,0.4057050155468433
ion_channel,D00392,5576,Trimethadione,hsa:8913,O43497,1,17,1,1,143.14,143.0582431,46.6,197,0,0,3,0,10,0,0,0,0,0,0,0,1,109.2,4,2,0,0,0,1,1,0.4,0.6,1,0.3,143.14,2377,262472,0,-4.9392,4808,7496,2688,0.6414087513340448
ion_channel,D00394,5584,Trimipramine,hsa:6532,P31645,2,6,2,1,294.4,294.2095988,6.5,317,0,0,2,4,22,0,1,0,1,0,0,0,1,244.4,6,0,0,0,2,3,1,0.8,4.6,10,5.8,294.4,630,70325,0,-8.2123,7171,7569,398,0.9474170960496763
ion_channel,D00437,4485,Nifedipine,hsa:5310,P98161,1,10,30,1,346.3,346.1164863,110,608,0,1,7,5,25,0,0,0,0,0,0,0,1,257.8,9,4,1,1,1,2,0,0.8,6.4,9,2.2,346.3,4303,462529,6,-7.0026,6898,7455,557,0.9252850435949027
ion_channel,D00437,4485,Nifedipine,hsa:55503,Q9H1D0,1,9,30,1,346.3,346.1164863,110,608,0,1,7,5,25,0,0,0,0,0,0,0,1,257.8,9,4,1,1,1,2,0,0.8,6.4,9,2.2,346.3,765,87286,1,-6.5992,6262,7455,1193,0.8399731723675385
ion_channel,D00437,4485,Nifedipine,hsa:6261,P21817,1,17,30,1,346.3,346.1164863,110,608,0,1,7,5,25,0,0,0,0,0,0,0,1,257.8,9,4,1,1,1,2,0,0.8,6.4,9,2.2,346.3,5038,565176,0,-6.6724,6411,7455,1044,0.8599597585513078
ion_channel,D00437,4485,Nifedipine,hsa:6262,Q92736,1,16,30,1,346.3,346.1164863,110,608,0,1,7,5,25,0,0,0,0,0,0,0,1,257.8,9,4,1,1,1,2,0,0.8,6.4,9,2.2,346.3,4967,564567,3,-7.0368,6940,7455,515,0.9309188464118041
ion_channel,D00437,4485,Nifedipine,hsa:6263,Q15413,1,16,30,1,346.3,346.1164863,110,608,0,1,7,5,25,0,0,0,0,0,0,0,1,257.8,9,4,1,1,1,2,0,0.8,6.4,9,2.2,346.3,4870,552042,0,-6.3457,5670,7455,1785,0.7605633802816901
ion_channel,D00437,4485,Nifedipine,hsa:773,O00555,1,14,30,1,346.3,346.1164863,110,608,0,1,7,5,25,0,0,0,0,0,0,0,1,257.8,9,4,1,1,1,2,0,0.8,6.4,9,2.2,346.3,2506,282564,18,-3.6884,238,7455,7217,0.03192488262910798
ion_channel,D00437,4485,Nifedipine,hsa:776,Q01668,2,15,30,1,346.3,346.1164863,110,608,0,1,7,5,25,0,0,0,0,0,0,0,1,257.8,9,4,1,1,1,2,0,0.8,6.4,9,2.2,346.3,2161,245141,1,-6.9448,6831,7455,624,0.9162977867203219
ion_channel,D00437,4485,Nifedipine,hsa:777,Q15878,2,10,30,1,346.3,346.1164863,110,608,0,1,7,5,25,0,0,0,0,0,0,0,1,257.8,9,4,1,1,1,2,0,0.8,6.4,9,2.2,346.3,2313,261731,0,-7.0018,6897,7455,558,0.9251509054325956
ion_channel,D00437,4485,Nifedipine,hsa:779,Q13698,1,18,30,1,346.3,346.1164863,110,608,0,1,7,5,25,0,0,0,0,0,0,0,1,257.8,9,4,1,1,1,2,0,0.8,6.4,9,2.2,346.3,1873,212350,6,-3.9047,303,7455,7152,0.040643863179074445
ion_channel,D00437,4485,Nifedipine,hsa:781,P54289,1,12,30,1,346.3,346.1164863,110,608,0,1,7,5,25,0,0,0,0,0,0,0,1,257.8,9,4,1,1,1,2,0,0.8,6.4,9,2.2,346.3,1103,124568,0,-6.7847,6598,7455,857,0.8850435949027499
ion_channel,D00437,4485,Nifedipine,hsa:782,Q02641,1,10,30,1,346.3,346.1164863,110,608,0,1,7,5,25,0,0,0,0,0,0,0,1,257.8,9,4,1,1,1,2,0,0.8,6.4,9,2.2,346.3,598,65714,3,-4.8379,960,7455,6495,0.12877263581488935
ion_channel,D00437,4485,Nifedipine,hsa:784,P54284,1,9,30,1,346.3,346.1164863,110,608,0,1,7,5,25,0,0,0,0,0,0,0,1,257.8,9,4,1,1,1,2,0,0.8,6.4,9,2.2,346.3,484,54532,9,-5.7023,3534,7455,3921,0.4740442655935614
ion_channel,D00437,4485,Nifedipine,hsa:785,O00305,1,9,30,1,346.3,346.1164863,110,608,0,1,7,5,25,0,0,0,0,0,0,0,1,257.8,9,4,1,1,1,2,0,0.8,6.4,9,2.2,346.3,520,58169,4,-5.6927,3496,7455,3959,0.4689470154258887
ion_channel,D00437,4485,Nifedipine,hsa:8913,O43497,1,17,30,1,346.3,346.1164863,110,608,0,1,7,5,25,0,0,0,0,0,0,0,1,257.8,9,4,1,1,1,2,0,0.8,6.4,9,2.2,346.3,2377,262472,0,-6.7639,6573,7455,882,0.8816901408450705
ion_channel,D00437,4485,Nifedipine,hsa:8989,O75762,1,9,30,1,346.3,346.1164863,110,608,0,1,7,5,25,0,0,0,0,0,0,0,1,257.8,9,4,1,1,1,2,0,0.8,6.4,9,2.2,346.3,1119,127501,1,-6.3912,5783,7455,1672,0.775720992622401
ion_channel,D00438,4497,Nimodipine,hsa:776,Q01668,2,15,6,1,418.4,418.1740012,120,736,0,1,8,9,30,0,1,0,1,0,0,0,1,321.8,11,5,1,1,1,2,1,1,10.4,10,3.1,418.4,2161,245141,1,-7.1787,6657,7446,789,0.8940370668815472
ion_channel,D00464,4616,Oxazepam,hsa:2554,P14867,2,32,1,1,286.71,286.0509053,61.7,407,0,2,3,1,20,0,1,0,1,0,0,0,1,211.6,8,3,2,0,0,3,0,0.6,1.4,2,2.2,286.71,456,51802,0,-7.3748,4617,7320,2703,0.6307377049180328
ion_channel,D00474,4909,Primidone,hsa:2554,P14867,2,32,1,1,218.25,218.1055277,58.2,279,0,2,2,2,16,0,0,0,0,0,0,0,1,167.4,7,2,2,0,0,2,1,0.6,2.8,6,0.9,218.25,456,51802,0,-5.9183,3348,7530,4182,0.4446215139442231
ion_channel,D00495,8280,Paramethadione,hsa:8911,Q9P0X4,1,15,1,1,157.17,157.0738932,46.6,214,0,0,3,1,11,0,1,0,1,0,0,0,1,121.3,4,2,0,0,0,1,1,0.4,1.6,6,0.8,157.17,2223,245103,2,-5.4843,6130,7534,1404,0.8136448101937882
ion_channel,D00499,4737,Pentobarbital,hsa:1135,Q15822,1,20,23,1,226.27,226.1317424,75.3,305,0,2,3,4,16,0,1,0,1,0,0,0,1,173.4,9,3,2,0,0,1,3,0.6,4.6,10,2.1,226.27,529,59765,0,-5.4896,3569,7531,3962,0.4739078475634046
ion_channel,D00499,4737,Pentobarbital,hsa:1136,P32297,1,14,23,1,226.27,226.1317424,75.3,305,0,2,3,4,16,0,1,0,1,0,0,0,1,173.4,9,3,2,0,0,1,3,0.6,4.6,10,2.1,226.27,505,57480,0,-4.8889,1491,7531,6040,0.19798167574027353
ion_channel,D00499,4737,Pentobarbital,hsa:1137,P43681,3,13,23,1,226.27,226.1317424,75.3,305,0,2,3,4,16,0,1,0,1,0,0,0,1,173.4,9,3,2,0,0,1,3,0.6,4.6,10,2.1,226.27,627,69957,9,-5.5747,3925,7531,3606,0.5211791262780507
ion_channel,D00499,4737,Pentobarbital,hsa:1141,P17787,2,8,23,1,226.27,226.1317424,75.3,305,0,2,3,4,16,0,1,0,1,0,0,0,1,173.4,9,3,2,0,0,1,3,0.6,4.6,10,2.1,226.27,502,57019,2,-5.5722,3912,7531,3619,0.5194529278980216
ion_channel,D00499,4737,Pentobarbital,hsa:2554,P14867,2,32,23,1,226.27,226.1317424,75.3,305,0,2,3,4,16,0,1,0,1,0,0,0,1,173.4,9,3,2,0,0,1,3,0.6,4.6,10,2.1,226.27,456,51802,0,-5.3365,2973,7531,4558,0.3947682910636038
ion_channel,D00499,4737,Pentobarbital,hsa:2557,P48169,2,16,23,1,226.27,226.1317424,75.3,305,0,2,3,4,16,0,1,0,1,0,0,0,1,173.4,9,3,2,0,0,1,3,0.6,4.6,10,2.1,226.27,554,61623,0,-5.5696,3898,7531,3633,0.5175939450272208
ion_channel,D00499,4737,Pentobarbital,hsa:2558,P31644,1,16,23,1,226.27,226.1317424,75.3,305,0,2,3,4,16,0,1,0,1,0,0,0,1,173.4,9,3,2,0,0,1,3,0.6,4.6,10,2.1,226.27,462,52146,0,-5.2357,2590,7531,4941,0.34391183109812773
ion_channel,D00499,4737,Pentobarbital,hsa:2561,P47870,1,10,23,1,226.27,226.1317424,75.3,305,0,2,3,4,16,0,1,0,1,0,0,0,1,173.4,9,3,2,0,0,1,3,0.6,4.6,10,2.1,226.27,512,59150,0,-5.3171,2907,7531,4624,0.3860045146726862
ion_channel,D00499,4737,Pentobarbital,hsa:2562,P28472,1,10,23,1,226.27,226.1317424,75.3,305,0,2,3,4,16,0,1,0,1,0,0,0,1,173.4,9,3,2,0,0,1,3,0.6,4.6,10,2.1,226.27,473,54116,1,-5.5437,3788,7531,3743,0.5029876510423582
ion_channel,D00499,4737,Pentobarbital,hsa:2563,O14764,2,10,23,1,226.27,226.1317424,75.3,305,0,2,3,4,16,0,1,0,1,0,0,0,1,173.4,9,3,2,0,0,1,3,0.6,4.6,10,2.1,226.27,452,50708,4,-5.2366,2597,7531,4934,0.34484132253352806
ion_channel,D00499,4737,Pentobarbital,hsa:2566,P18507,1,10,23,1,226.27,226.1317424,75.3,305,0,2,3,4,16,0,1,0,1,0,0,0,1,173.4,9,3,2,0,0,1,3,0.6,4.6,10,2.1,226.27,475,55186,2,-5.5007,3631,7531,3900,0.4821404859912362
ion_channel,D00499,4737,Pentobarbital,hsa:55584,Q9UGM1,1,14,23,1,226.27,226.1317424,75.3,305,0,2,3,4,16,0,1,0,1,0,0,0,1,173.4,9,3,2,0,0,1,3,0.6,4.6,10,2.1,226.27,479,54807,1,-5.5642,3874,7531,3657,0.5144071172487054
ion_channel,D00512,1775,Phenytoin,hsa:5310,P98161,1,10,45,1,252.27,252.0898776,58.2,350,0,2,2,2,19,0,0,0,0,0,0,0,1,197.2,7,2,2,0,0,3,0,0.6,2.6,3,2.5,252.27,4303,462529,6,-7.9349,6059,7525,1466,0.8051827242524917
ion_channel,D00512,1775,Phenytoin,hsa:55503,Q9H1D0,1,9,45,1,252.27,252.0898776,58.2,350,0,2,2,2,19,0,0,0,0,0,0,0,1,197.2,7,2,2,0,0,3,0,0.6,2.6,3,2.5,252.27,765,87286,1,-8.8803,7221,7525,304,0.9596013289036545
ion_channel,D00512,1775,Phenytoin,hsa:55800,Q9NY72,1,8,45,1,252.27,252.0898776,58.2,350,0,2,2,2,19,0,0,0,0,0,0,0,1,197.2,7,2,2,0,0,3,0,0.6,2.6,3,2.5,252.27,215,24702,103,-6.576,2346,7525,5179,0.3117607973421927
ion_channel,D00512,1775,Phenytoin,hsa:6261,P21817,1,17,45,1,252.27,252.0898776,58.2,350,0,2,2,2,19,0,0,0,0,0,0,0,1,197.2,7,2,2,0,0,3,0,0.6,2.6,3,2.5,252.27,5038,565176,0,-7.4656,4934,7525,2591,0.6556810631229236
ion_channel,D00512,1775,Phenytoin,hsa:6262,Q92736,1,16,45,1,252.27,252.0898776,58.2,350,0,2,2,2,19,0,0,0,0,0,0,0,1,197.2,7,2,2,0,0,3,0,0.6,2.6,3,2.5,252.27,4967,564567,3,-7.7324,5609,7525,1916,0.7453820598006644
ion_channel,D00512,1775,Phenytoin,hsa:6263,Q15413,1,16,45,1,252.27,252.0898776,58.2,350,0,2,2,2,19,0,0,0,0,0,0,0,1,197.2,7,2,2,0,0,3,0,0.6,2.6,3,2.5,252.27,4870,552042,0,-7.9,5993,7525,1532,0.7964119601328904
ion_channel,D00512,1775,Phenytoin,hsa:6324,Q07699,1,8,45,1,252.27,252.0898776,58.2,350,0,2,2,2,19,0,0,0,0,0,0,0,1,197.2,7,2,2,0,0,3,0,0.6,2.6,3,2.5,252.27,218,24707,1,-7.0491,3749,7525,3776,0.4982059800664452
ion_channel,D00512,1775,Phenytoin,hsa:6328,Q9NY46,2,31,45,1,252.27,252.0898776,58.2,350,0,2,2,2,19,0,0,0,0,0,0,0,1,197.2,7,2,2,0,0,3,0,0.6,2.6,3,2.5,252.27,2000,226294,0,-8.1786,6486,7525,1039,0.8619269102990034
ion_channel,D00512,1775,Phenytoin,hsa:6329,P35499,1,31,45,1,252.27,252.0898776,58.2,350,0,2,2,2,19,0,0,0,0,0,0,0,1,197.2,7,2,2,0,0,3,0,0.6,2.6,3,2.5,252.27,1836,208061,1,-8.3462,6695,7525,830,0.8897009966777408
ion_channel,D00512,1775,Phenytoin,hsa:6330,Q8IWT1,2,8,45,1,252.27,252.0898776,58.2,350,0,2,2,2,19,0,0,0,0,0,0,0,1,197.2,7,2,2,0,0,3,0,0.6,2.6,3,2.5,252.27,228,24969,1,-6.5252,2227,7525,5298,0.2959468438538206
ion_channel,D00512,1775,Phenytoin,hsa:6331,Q14524,1,36,45,1,252.27,252.0898776,58.2,350,0,2,2,2,19,0,0,0,0,0,0,0,1,197.2,7,2,2,0,0,3,0,0.6,2.6,3,2.5,252.27,2016,226940,9,-7.9458,6081,7525,1444,0.8081063122923589
ion_channel,D00512,1775,Phenytoin,hsa:6332,Q01118,1,8,45,1,252.27,252.0898776,58.2,350,0,2,2,2,19,0,0,0,0,0,0,0,1,197.2,7,2,2,0,0,3,0,0.6,2.6,3,2.5,252.27,1682,193493,1,-8.9013,7237,7525,288,0.9617275747508306
ion_channel,D00512,1775,Phenytoin,hsa:6336,Q9Y5Y9,1,24,45,1,252.27,252.0898776,58.2,350,0,2,2,2,19,0,0,0,0,0,0,0,1,197.2,7,2,2,0,0,3,0,0.6,2.6,3,2.5,252.27,1956,220626,0,-8.5131,6911,7525,614,0.9184053156146179
ion_channel,D00512,1775,Phenytoin,hsa:6337,P37088,1,9,45,1,252.27,252.0898776,58.2,350,0,2,2,2,19,0,0,0,0,0,0,0,1,197.2,7,2,2,0,0,3,0,0.6,2.6,3,2.5,252.27,669,75704,2,-8.263,6590,7525,935,0.8757475083056478
ion_channel,D00512,1775,Phenytoin,hsa:6338,P51168,2,9,45,1,252.27,252.0898776,58.2,350,0,2,2,2,19,0,0,0,0,0,0,0,1,197.2,7,2,2,0,0,3,0,0.6,2.6,3,2.5,252.27,640,72659,1,-6.9039,3324,7525,4201,0.4417275747508306
ion_channel,D00512,1775,Phenytoin,hsa:6340,P51170,2,9,45,1,252.27,252.0898776,58.2,350,0,2,2,2,19,0,0,0,0,0,0,0,1,197.2,7,2,2,0,0,3,0,0.6,2.6,3,2.5,252.27,649,74270,1,-8.5977,6993,7525,532,0.9293023255813954
ion_channel,D00512,1775,Phenytoin,hsa:773,O00555,1,14,45,1,252.27,252.0898776,58.2,350,0,2,2,2,19,0,0,0,0,0,0,0,1,197.2,7,2,2,0,0,3,0,0.6,2.6,3,2.5,252.27,2506,282564,18,-5.67,660,7525,6865,0.08770764119601329
ion_channel,D00512,1775,Phenytoin,hsa:774,Q00975,1,9,45,1,252.27,252.0898776,58.2,350,0,2,2,2,19,0,0,0,0,0,0,0,1,197.2,7,2,2,0,0,3,0,0.6,2.6,3,2.5,252.27,2339,262496,2,-8.8252,7186,7525,339,0.9549501661129568
ion_channel,D00512,1775,Phenytoin,hsa:776,Q01668,2,15,45,1,252.27,252.0898776,58.2,350,0,2,2,2,19,0,0,0,0,0,0,0,1,197.2,7,2,2,0,0,3,0,0.6,2.6,3,2.5,252.27,2161,245141,1,-8.0909,6341,7525,1184,0.8426578073089701
ion_channel,D00512,1775,Phenytoin,hsa:777,Q15878,2,10,45,1,252.27,252.0898776,58.2,350,0,2,2,2,19,0,0,0,0,0,0,0,1,197.2,7,2,2,0,0,3,0,0.6,2.6,3,2.5,252.27,2313,261731,0,-10.1078,7514,7525,11,0.9985382059800665
ion_channel,D00512,1775,Phenytoin,hsa:779,Q13698,1,18,45,1,252.27,252.0898776,58.2,350,0,2,2,2,19,0,0,0,0,0,0,0,1,197.2,7,2,2,0,0,3,0,0.6,2.6,3,2.5,252.27,1873,212350,6,-5.587,598,7525,6927,0.07946843853820598
ion_channel,D00512,1775,Phenytoin,hsa:781,P54289,1,12,45,1,252.27,252.0898776,58.2,350,0,2,2,2,19,0,0,0,0,0,0,0,1,197.2,7,2,2,0,0,3,0,0.6,2.6,3,2.5,252.27,1103,124568,0,-9.0041,7274,7525,251,0.9666445182724253
ion_channel,D00512,1775,Phenytoin,hsa:782,Q02641,1,10,45,1,252.27,252.0898776,58.2,350,0,2,2,2,19,0,0,0,0,0,0,0,1,197.2,7,2,2,0,0,3,0,0.6,2.6,3,2.5,252.27,598,65714,3,-6.1754,1395,7525,6130,0.18538205980066444
ion_channel,D00512,1775,Phenytoin,hsa:784,P54284,1,9,45,1,252.27,252.0898776,58.2,350,0,2,2,2,19,0,0,0,0,0,0,0,1,197.2,7,2,2,0,0,3,0,0.6,2.6,3,2.5,252.27,484,54532,9,-7.8017,5773,7525,1752,0.7671760797342193
ion_channel,D00512,1775,Phenytoin,hsa:785,O00305,1,9,45,1,252.27,252.0898776,58.2,350,0,2,2,2,19,0,0,0,0,0,0,0,1,197.2,7,2,2,0,0,3,0,0.6,2.6,3,2.5,252.27,520,58169,4,-6.765,2876,7525,4649,0.38219269102990033
ion_channel,D00512,1775,Phenytoin,hsa:8911,Q9P0X4,1,15,45,1,252.27,252.0898776,58.2,350,0,2,2,2,19,0,0,0,0,0,0,0,1,197.2,7,2,2,0,0,3,0,0.6,2.6,3,2.5,252.27,2223,245103,2,-8.856,7206,7525,319,0.9576079734219269
ion_channel,D00512,1775,Phenytoin,hsa:8913,O43497,1,17,45,1,252.27,252.0898776,58.2,350,0,2,2,2,19,0,0,0,0,0,0,0,1,197.2,7,2,2,0,0,3,0,0.6,2.6,3,2.5,252.27,2377,262472,0,-7.6037,5267,7525,2258,0.6999335548172757
ion_channel,D00512,1775,Phenytoin,hsa:8989,O75762,1,9,45,1,252.27,252.0898776,58.2,350,0,2,2,2,19,0,0,0,0,0,0,0,1,197.2,7,2,2,0,0,3,0,0.6,2.6,3,2.5,252.27,1119,127501,1,-7.9074,6006,7525,1519,0.7981395348837209
ion_channel,D00519,2720,Chlorothiazide,hsa:3778,Q12791,1,12,1,1,295.7,294.9488257,135,532,0,2,6,1,17,0,0,0,0,0,0,0,1,184.7,9,4,3,0,0,2,0,0.6,1.2,2,-0.2,295.7,1236,137560,5,-7.0835,6352,7322,970,0.8675225348265502
ion_channel,D00521,5405,Terfenadine,hsa:3757,Q12809,2,10,1,1,471.7,471.3137296,43.7,582,0,2,3,9,35,0,1,0,1,0,0,0,1,390.3,10,2,2,0,1,4,1,1,10.2,10,6.6,471.7,1159,126655,3,-9.1075,6484,7506,1022,0.8638422595257128
ion_channel,D00524,5831,Carbachol,hsa:1135,Q15822,1,20,8,1,182.65,182.0822054,52.3,117,0,1,3,4,11,0,0,0,0,0,0,0,2,,,,,,,,,,,0,,182.65,529,59765,0,-1.1218,4741,7614,2873,0.622668768058839
ion_channel,D00524,5831,Carbachol,hsa:1136,P32297,1,14,8,1,182.65,182.0822054,52.3,117,0,1,3,4,11,0,0,0,0,0,0,0,2,,,,,,,,,,,0,,182.65,505,57480,0,-1.2722,7075,7614,539,0.9292093511951668
ion_channel,D00524,5831,Carbachol,hsa:1137,P43681,3,13,8,1,182.65,182.0822054,52.3,117,0,1,3,4,11,0,0,0,0,0,0,0,2,,,,,,,,,,,0,,182.65,627,69957,9,-1.2282,6601,7614,1013,0.8669556080903599
ion_channel,D00524,5831,Carbachol,hsa:1141,P17787,2,8,8,1,182.65,182.0822054,52.3,117,0,1,3,4,11,0,0,0,0,0,0,0,2,,,,,,,,,,,0,,182.65,502,57019,2,-1.1637,5542,7614,2072,0.7278697136853165
ion_channel,D00524,5831,Carbachol,hsa:55584,Q9UGM1,1,14,8,1,182.65,182.0822054,52.3,117,0,1,3,4,11,0,0,0,0,0,0,0,2,,,,,,,,,,,0,,182.65,479,54807,1,-0.967,2110,7614,5504,0.2771210927239296
ion_channel,D00528,2519,Caffeine,hsa:5024,P56373,1,1,10,1,194.19,194.0803756,58.4,293,0,0,3,0,14,0,0,0,0,0,0,0,1,143.9,5,2,0,0,1,2,0,0.4,0,1,-0.1,194.19,397,44289,0,-5.2355,4022,7535,3513,0.5337757133377571
ion_channel,D00528,2519,Caffeine,hsa:6261,P21817,1,17,10,1,194.19,194.0803756,58.4,293,0,0,3,0,14,0,0,0,0,0,0,0,1,143.9,5,2,0,0,1,2,0,0.4,0,1,-0.1,194.19,5038,565176,0,-5.3057,4275,7535,3260,0.5673523556735236
ion_channel,D00528,2519,Caffeine,hsa:6262,Q92736,1,16,10,1,194.19,194.0803756,58.4,293,0,0,3,0,14,0,0,0,0,0,0,0,1,143.9,5,2,0,0,1,2,0,0.4,0,1,-0.1,194.19,4967,564567,3,-5.8623,5966,7535,1569,0.7917717319177173
ion_channel,D00528,2519,Caffeine,hsa:6263,Q15413,1,16,10,1,194.19,194.0803756,58.4,293,0,0,3,0,14,0,0,0,0,0,0,0,1,143.9,5,2,0,0,1,2,0,0.4,0,1,-0.1,194.19,4870,552042,0,-5.1892,3837,7535,3698,0.5092236230922362
ion_channel,D00530,5719,Zaleplon,hsa:2554,P14867,2,32,16,1,305.33,305.1276601,74.3,487,0,0,4,3,23,0,0,0,0,0,0,0,1,239.2,7,4,0,0,0,3,0,0.6,4,10,1,305.33,456,51802,0,-7.0402,3779,7462,3683,0.5064325917984455
ion_channel,D00530,5719,Zaleplon,hsa:2557,P48169,2,16,16,1,305.33,305.1276601,74.3,487,0,0,4,3,23,0,0,0,0,0,0,0,1,239.2,7,4,0,0,0,3,0,0.6,4,10,1,305.33,554,61623,0,-7.5201,4926,7462,2536,0.660144733315465
ion_channel,D00530,5719,Zaleplon,hsa:2558,P31644,1,16,16,1,305.33,305.1276601,74.3,487,0,0,4,3,23,0,0,0,0,0,0,0,1,239.2,7,4,0,0,0,3,0,0.6,4,10,1,305.33,462,52146,0,-6.8325,3230,7462,4232,0.43285982310372556
ion_channel,D00530,5719,Zaleplon,hsa:2561,P47870,1,10,16,1,305.33,305.1276601,74.3,487,0,0,4,3,23,0,0,0,0,0,0,0,1,239.2,7,4,0,0,0,3,0,0.6,4,10,1,305.33,512,59150,0,-7.2356,4258,7462,3204,0.5706244974537658
ion_channel,D00530,5719,Zaleplon,hsa:2562,P28472,1,10,16,1,305.33,305.1276601,74.3,487,0,0,4,3,23,0,0,0,0,0,0,0,1,239.2,7,4,0,0,0,3,0,0.6,4,10,1,305.33,473,54116,1,-7.6357,5184,7462,2278,0.6947199142321093
ion_channel,D00530,5719,Zaleplon,hsa:2563,O14764,2,10,16,1,305.33,305.1276601,74.3,487,0,0,4,3,23,0,0,0,0,0,0,0,1,239.2,7,4,0,0,0,3,0,0.6,4,10,1,305.33,452,50708,4,-6.9326,3497,7462,3965,0.4686411149825784
ion_channel,D00530,5719,Zaleplon,hsa:2566,P18507,1,10,16,1,305.33,305.1276601,74.3,487,0,0,4,3,23,0,0,0,0,0,0,0,1,239.2,7,4,0,0,0,3,0,0.6,4,10,1,305.33,475,55186,2,-7.6918,5299,7462,2163,0.7101313320825516
ion_channel,D00536,3331,Felbamate,hsa:2741,P23415,1,10,4,1,238.24,238.0953569,105,246,0,2,4,7,17,0,0,0,0,0,0,0,1,180.9,5,2,2,0,0,1,0,0.8,7,10,0.6,238.24,457,52624,4,-5.5075,2204,7525,5321,0.292890365448505
ion_channel,D00536,3331,Felbamate,hsa:2742,P23416,1,5,4,1,238.24,238.0953569,105,246,0,2,4,7,17,0,0,0,0,0,0,0,1,180.9,5,2,2,0,0,1,0,0.8,7,10,0.6,238.24,452,52002,0,-6.6361,5648,7525,1877,0.7505647840531562
ion_channel,D00536,3331,Felbamate,hsa:2743,P48167,1,4,4,1,238.24,238.0953569,105,246,0,2,4,7,17,0,0,0,0,0,0,0,1,180.9,5,2,2,0,0,1,0,0.8,7,10,0.6,238.24,497,56122,1,-6.0526,3907,7525,3618,0.519202657807309
ion_channel,D00537,5284627,Topiramate,hsa:2554,P14867,2,32,3,1,339.36,339.0987878,124,556,0,1,9,3,22,0,4,4,0,0,0,0,1,237.3,13,7,1,0,0,3,2,0.8,4.6,10,-0.8,339.36,456,51802,0,-6.1185,3310,7462,4152,0.443580809434468
ion_channel,D00537,5284627,Topiramate,hsa:2897,P39086,1,3,3,1,339.36,339.0987878,124,556,0,1,9,3,22,0,4,4,0,0,0,0,1,237.3,13,7,1,0,0,3,2,0.8,4.6,10,-0.8,339.36,918,103981,0,-6.2799,3831,7462,3631,0.513401232913428
ion_channel,D00538,5734,Zonisamide,hsa:55800,Q9NY72,1,8,18,1,212.23,212.0255633,94.6,298,0,1,5,2,14,0,0,0,0,0,0,0,1,151.1,6,3,1,0,0,2,0,0.6,2,10,0.2,212.23,215,24702,103,-5.4286,2378,7408,5030,0.32100431965442766
ion_channel,D00538,5734,Zonisamide,hsa:6324,Q07699,1,8,18,1,212.23,212.0255633,94.6,298,0,1,5,2,14,0,0,0,0,0,0,0,1,151.1,6,3,1,0,0,2,0,0.6,2,10,0.2,212.23,218,24707,1,-6.1271,4619,7408,2789,0.6235151187904968
ion_channel,D00538,5734,Zonisamide,hsa:6330,Q8IWT1,2,8,18,1,212.23,212.0255633,94.6,298,0,1,5,2,14,0,0,0,0,0,0,0,1,151.1,6,3,1,0,0,2,0,0.6,2,10,0.2,212.23,228,24969,1,-5.8152,3619,7408,3789,0.48852591792656586
ion_channel,D00538,5734,Zonisamide,hsa:6337,P37088,1,9,18,1,212.23,212.0255633,94.6,298,0,1,5,2,14,0,0,0,0,0,0,0,1,151.1,6,3,1,0,0,2,0,0.6,2,10,0.2,212.23,669,75704,2,-6.3816,5381,7408,2027,0.7263768898488121
ion_channel,D00538,5734,Zonisamide,hsa:6338,P51168,2,9,18,1,212.23,212.0255633,94.6,298,0,1,5,2,14,0,0,0,0,0,0,0,1,151.1,6,3,1,0,0,2,0,0.6,2,10,0.2,212.23,640,72659,1,-6.0659,4421,7408,2987,0.5967872570194385
ion_channel,D00538,5734,Zonisamide,hsa:6340,P51170,2,9,18,1,212.23,212.0255633,94.6,298,0,1,5,2,14,0,0,0,0,0,0,0,1,151.1,6,3,1,0,0,2,0,0.6,2,10,0.2,212.23,649,74270,1,-6.622,5992,7408,1416,0.8088552915766739
ion_channel,D00539,3291,Ethosuximide,hsa:8911,Q9P0X4,1,15,3,1,141.17,141.0789786,46.2,188,0,1,2,1,10,0,1,0,1,0,0,0,1,112.4,5,2,1,0,0,1,1,0.4,1.6,6,0.4,141.17,2223,245103,2,-5.8063,6765,7535,770,0.8978102189781022
ion_channel,D00539,3291,Ethosuximide,hsa:8913,O43497,1,17,3,1,141.17,141.0789786,46.2,188,0,1,2,1,10,0,1,0,1,0,0,0,1,112.4,5,2,1,0,0,1,1,0.4,1.6,6,0.4,141.17,2377,262472,0,-5.3244,5298,7535,2237,0.7031187790311878
ion_channel,D00542,3562,Halothane,hsa:10369,Q9Y698,1,9,34,1,197.38,195.89022,0,60,0,0,3,0,7,0,1,0,1,0,0,0,1,89.9,1,0,0,0,0,0,1,0.4,1,2,2.3,197.38,323,35966,1,-4.6789,7024,7536,512,0.9320594479830149
ion_channel,D00542,3562,Halothane,hsa:2554,P14867,2,32,34,1,197.38,195.89022,0,60,0,0,3,0,7,0,1,0,1,0,0,0,1,89.9,1,0,0,0,0,0,1,0.4,1,2,2.3,197.38,456,51802,0,-4.1592,5112,7536,2424,0.678343949044586
ion_channel,D00542,3562,Halothane,hsa:2741,P23415,1,10,34,1,197.38,195.89022,0,60,0,0,3,0,7,0,1,0,1,0,0,0,1,89.9,1,0,0,0,0,0,1,0.4,1,2,2.3,197.38,457,52624,4,-3.8711,3491,7536,4045,0.4632430997876858
ion_channel,D00542,3562,Halothane,hsa:2890,P42261,2,8,34,1,197.38,195.89022,0,60,0,0,3,0,7,0,1,0,1,0,0,0,1,89.9,1,0,0,0,0,0,1,0.4,1,2,2.3,197.38,906,101506,5,-2.6367,331,7536,7205,0.043922505307855624
ion_channel,D00542,3562,Halothane,hsa:3778,Q12791,1,12,34,1,197.38,195.89022,0,60,0,0,3,0,7,0,1,0,1,0,0,0,1,89.9,1,0,0,0,0,0,1,0.4,1,2,2.3,197.38,1236,137560,5,-4.2429,5539,7536,1997,0.7350053078556263
ion_channel,D00542,3562,Halothane,hsa:3783,O15554,1,9,34,1,197.38,195.89022,0,60,0,0,3,0,7,0,1,0,1,0,0,0,1,89.9,1,0,0,0,0,0,1,0.4,1,2,2.3,197.38,427,47696,10,-3.9784,4107,7536,3429,0.544984076433121
ion_channel,D00542,3562,Halothane,hsa:5310,P98161,1,10,34,1,197.38,195.89022,0,60,0,0,3,0,7,0,1,0,1,0,0,0,1,89.9,1,0,0,0,0,0,1,0.4,1,2,2.3,197.38,4303,462529,6,-4.3856,6190,7536,1346,0.8213906581740976
ion_channel,D00542,3562,Halothane,hsa:55503,Q9H1D0,1,9,34,1,197.38,195.89022,0,60,0,0,3,0,7,0,1,0,1,0,0,0,1,89.9,1,0,0,0,0,0,1,0.4,1,2,2.3,197.38,765,87286,1,-4.4178,6303,7536,1233,0.8363853503184714
ion_channel,D00542,3562,Halothane,hsa:773,O00555,1,14,34,1,197.38,195.89022,0,60,0,0,3,0,7,0,1,0,1,0,0,0,1,89.9,1,0,0,0,0,0,1,0.4,1,2,2.3,197.38,2506,282564,18,-2.6927,356,7536,7180,0.04723991507430998
ion_channel,D00542,3562,Halothane,hsa:774,Q00975,1,9,34,1,197.38,195.89022,0,60,0,0,3,0,7,0,1,0,1,0,0,0,1,89.9,1,0,0,0,0,0,1,0.4,1,2,2.3,197.38,2339,262496,2,-4.5472,6717,7536,819,0.8913216560509554
ion_channel,D00542,3562,Halothane,hsa:776,Q01668,2,15,34,1,197.38,195.89022,0,60,0,0,3,0,7,0,1,0,1,0,0,0,1,89.9,1,0,0,0,0,0,1,0.4,1,2,2.3,197.38,2161,245141,1,-4.2567,5607,7536,1929,0.7440286624203821
ion_channel,D00542,3562,Halothane,hsa:777,Q15878,2,10,34,1,197.38,195.89022,0,60,0,0,3,0,7,0,1,0,1,0,0,0,1,89.9,1,0,0,0,0,0,1,0.4,1,2,2.3,197.38,2313,261731,0,-4.7295,7120,7536,416,0.9447983014861996
ion_channel,D00542,3562,Halothane,hsa:779,Q13698,1,18,34,1,197.38,195.89022,0,60,0,0,3,0,7,0,1,0,1,0,0,0,1,89.9,1,0,0,0,0,0,1,0.4,1,2,2.3,197.38,1873,212350,6,-2.883,514,7536,7022,0.06820594479830148
ion_channel,D00542,3562,Halothane,hsa:781,P54289,1,12,34,1,197.38,195.89022,0,60,0,0,3,0,7,0,1,0,1,0,0,0,1,89.9,1,0,0,0,0,0,1,0.4,1,2,2.3,197.38,1103,124568,0,-5.3084,7521,7536,15,0.9980095541401274
ion_channel,D00542,3562,Halothane,hsa:782,Q02641,1,10,34,1,197.38,195.89022,0,60,0,0,3,0,7,0,1,0,1,0,0,0,1,89.9,1,0,0,0,0,0,1,0.4,1,2,2.3,197.38,598,65714,3,-4.1762,5203,7536,2333,0.6904193205944799
ion_channel,D00542,3562,Halothane,hsa:784,P54284,1,9,34,1,197.38,195.89022,0,60,0,0,3,0,7,0,1,0,1,0,0,0,1,89.9,1,0,0,0,0,0,1,0.4,1,2,2.3,197.38,484,54532,9,-4.1535,5074,7536,2462,0.6733014861995754
ion_channel,D00542,3562,Halothane,hsa:785,O00305,1,9,34,1,197.38,195.89022,0,60,0,0,3,0,7,0,1,0,1,0,0,0,1,89.9,1,0,0,0,0,0,1,0.4,1,2,2.3,197.38,520,58169,4,-3.6404,2347,7536,5189,0.3114384288747346
ion_channel,D00542,3562,Halothane,hsa:8911,Q9P0X4,1,15,34,1,197.38,195.89022,0,60,0,0,3,0,7,0,1,0,1,0,0,0,1,89.9,1,0,0,0,0,0,1,0.4,1,2,2.3,197.38,2223,245103,2,-4.23,5481,7536,2055,0.7273089171974523
ion_channel,D00542,3562,Halothane,hsa:8913,O43497,1,17,34,1,197.38,195.89022,0,60,0,0,3,0,7,0,1,0,1,0,0,0,1,89.9,1,0,0,0,0,0,1,0.4,1,2,2.3,197.38,2377,262472,0,-4.1591,5111,7536,2425,0.6782112526539278
ion_channel,D00542,3562,Halothane,hsa:8989,O75762,1,9,34,1,197.38,195.89022,0,60,0,0,3,0,7,0,1,0,1,0,0,0,1,89.9,1,0,0,0,0,0,1,0.4,1,2,2.3,197.38,1119,127501,1,-4.0266,4389,7536,3147,0.5824044585987261
ion_channel,D00543,3226,Enflurane,hsa:2554,P14867,2,32,4,1,184.49,183.9714332,9.2,107,0,0,6,3,10,0,1,0,1,0,0,0,1,103.4,1,1,0,0,0,0,0,0.6,3,10,2.1,184.49,456,51802,0,-4.7555,4126,7534,3408,0.5476506503849217
ion_channel,D00543,3226,Enflurane,hsa:2741,P23415,1,10,4,1,184.49,183.9714332,9.2,107,0,0,6,3,10,0,1,0,1,0,0,0,1,103.4,1,1,0,0,0,0,0,0.6,3,10,2.1,184.49,457,52624,4,-4.6457,3630,7534,3904,0.4818157685160605
ion_channel,D00543,3226,Enflurane,hsa:2890,P42261,2,8,4,1,184.49,183.9714332,9.2,107,0,0,6,3,10,0,1,0,1,0,0,0,1,103.4,1,1,0,0,0,0,0,0.6,3,10,2.1,184.49,906,101506,5,-2.9488,243,7534,7291,0.03225378285107513
ion_channel,D00544,4116,Methoxyflurane,hsa:2554,P14867,2,32,4,1,164.96,163.9607265,9.2,75,0,0,3,2,8,0,0,0,0,0,0,0,1,99.2,1,1,0,0,0,0,0,0.4,2,5,2.2,164.96,456,51802,0,-4.1777,4717,7536,2819,0.6259288747346072
ion_channel,D00544,4116,Methoxyflurane,hsa:2741,P23415,1,10,4,1,164.96,163.9607265,9.2,75,0,0,3,2,8,0,0,0,0,0,0,0,1,99.2,1,1,0,0,0,0,0,0.4,2,5,2.2,164.96,457,52624,4,-3.9266,3335,7536,4201,0.44254246284501064
ion_channel,D00544,4116,Methoxyflurane,hsa:2890,P42261,2,8,4,1,164.96,163.9607265,9.2,75,0,0,3,2,8,0,0,0,0,0,0,0,1,99.2,1,1,0,0,0,0,0,0.4,2,5,2.2,164.96,906,101506,5,-2.6219,263,7536,7273,0.03489915074309979
ion_channel,D00545,3763,Isoflurane,hsa:2554,P14867,2,32,18,1,184.49,183.9714332,9.2,102,0,0,6,2,10,0,1,0,1,0,0,0,1,104.8,1,1,0,0,0,0,0,0.6,3,9,2.1,184.49,456,51802,0,-4.7986,4689,7535,2846,0.6222959522229595
ion_channel,D00545,3763,Isoflurane,hsa:2557,P48169,2,16,18,1,184.49,183.9714332,9.2,102,0,0,6,2,10,0,1,0,1,0,0,0,1,104.8,1,1,0,0,0,0,0,0.6,3,9,2.1,184.49,554,61623,0,-4.4072,2920,7535,4615,0.38752488387524886
ion_channel,D00545,3763,Isoflurane,hsa:2558,P31644,1,16,18,1,184.49,183.9714332,9.2,102,0,0,6,2,10,0,1,0,1,0,0,0,1,104.8,1,1,0,0,0,0,0,0.6,3,9,2.1,184.49,462,52146,0,-4.4857,3214,7535,4321,0.426542800265428
ion_channel,D00545,3763,Isoflurane,hsa:2561,P47870,1,10,18,1,184.49,183.9714332,9.2,102,0,0,6,2,10,0,1,0,1,0,0,0,1,104.8,1,1,0,0,0,0,0,0.6,3,9,2.1,184.49,512,59150,0,-5.2046,6372,7535,1163,0.8456536164565361
ion_channel,D00545,3763,Isoflurane,hsa:2562,P28472,1,10,18,1,184.49,183.9714332,9.2,102,0,0,6,2,10,0,1,0,1,0,0,0,1,104.8,1,1,0,0,0,0,0,0.6,3,9,2.1,184.49,473,54116,1,-4.4857,3215,7535,4320,0.42667551426675515
ion_channel,D00545,3763,Isoflurane,hsa:2563,O14764,2,10,18,1,184.49,183.9714332,9.2,102,0,0,6,2,10,0,1,0,1,0,0,0,1,104.8,1,1,0,0,0,0,0,0.6,3,9,2.1,184.49,452,50708,4,-4.3164,2578,7535,4957,0.34213669542136693
ion_channel,D00545,3763,Isoflurane,hsa:2566,P18507,1,10,18,1,184.49,183.9714332,9.2,102,0,0,6,2,10,0,1,0,1,0,0,0,1,104.8,1,1,0,0,0,0,0,0.6,3,9,2.1,184.49,475,55186,2,-4.2414,2277,7535,5258,0.3021897810218978
ion_channel,D00545,3763,Isoflurane,hsa:2741,P23415,1,10,18,1,184.49,183.9714332,9.2,102,0,0,6,2,10,0,1,0,1,0,0,0,1,104.8,1,1,0,0,0,0,0,0.6,3,9,2.1,184.49,457,52624,4,-4.3658,2765,7535,4770,0.3669542136695421
ion_channel,D00545,3763,Isoflurane,hsa:2890,P42261,2,8,18,1,184.49,183.9714332,9.2,102,0,0,6,2,10,0,1,0,1,0,0,0,1,104.8,1,1,0,0,0,0,0,0.6,3,9,2.1,184.49,906,101506,5,-2.9147,253,7535,7282,0.033576642335766425
ion_channel,D00546,42113,Desflurane,hsa:2554,P14867,2,32,4,1,168.04,168.0009837,9.2,97,0,0,7,2,10,0,1,0,1,0,0,0,1,94.5,1,1,0,0,0,0,0,0.6,3,6,2.6,168.04,456,51802,0,-4.8649,4445,7519,3074,0.5911690384359622
ion_channel,D00546,42113,Desflurane,hsa:2741,P23415,1,10,4,1,168.04,168.0009837,9.2,97,0,0,7,2,10,0,1,0,1,0,0,0,1,94.5,1,1,0,0,0,0,0,0.6,3,6,2.6,168.04,457,52624,4,-4.4182,2568,7519,4951,0.34153477856097886
ion_channel,D00546,42113,Desflurane,hsa:2890,P42261,2,8,4,1,168.04,168.0009837,9.2,97,0,0,7,2,10,0,1,0,1,0,0,0,1,94.5,1,1,0,0,0,0,0,0.6,3,6,2.6,168.04,906,101506,5,-2.941,253,7519,7266,0.03364809150152946
ion_channel,D00547,5206,Sevoflurane,hsa:2554,P14867,2,32,20,1,200.05,200.0072119,9.2,121,0,0,8,2,12,0,0,0,0,0,0,0,1,112.5,1,1,0,0,0,0,0,0.6,4,3,2.8,200.05,456,51802,0,-5.1615,5008,7573,2565,0.6612967120031692
ion_channel,D00547,5206,Sevoflurane,hsa:2557,P48169,2,16,20,1,200.05,200.0072119,9.2,121,0,0,8,2,12,0,0,0,0,0,0,0,1,112.5,1,1,0,0,0,0,0,0.6,4,3,2.8,200.05,554,61623,0,-4.771,3466,7573,4107,0.4576785950085831
ion_channel,D00547,5206,Sevoflurane,hsa:2558,P31644,1,16,20,1,200.05,200.0072119,9.2,121,0,0,8,2,12,0,0,0,0,0,0,0,1,112.5,1,1,0,0,0,0,0,0.6,4,3,2.8,200.05,462,52146,0,-4.4762,2405,7573,5168,0.31757559751749637
ion_channel,D00547,5206,Sevoflurane,hsa:2561,P47870,1,10,20,1,200.05,200.0072119,9.2,121,0,0,8,2,12,0,0,0,0,0,0,0,1,112.5,1,1,0,0,0,0,0,0.6,4,3,2.8,200.05,512,59150,0,-5.3018,5618,7573,1955,0.7418460319556318
ion_channel,D00547,5206,Sevoflurane,hsa:2562,P28472,1,10,20,1,200.05,200.0072119,9.2,121,0,0,8,2,12,0,0,0,0,0,0,0,1,112.5,1,1,0,0,0,0,0,0.6,4,3,2.8,200.05,473,54116,1,-4.9118,4024,7573,3549,0.5313614155552621
ion_channel,D00547,5206,Sevoflurane,hsa:2563,O14764,2,10,20,1,200.05,200.0072119,9.2,121,0,0,8,2,12,0,0,0,0,0,0,0,1,112.5,1,1,0,0,0,0,0,0.6,4,3,2.8,200.05,452,50708,4,-4.4523,2332,7573,5241,0.3079360887363
ion_channel,D00547,5206,Sevoflurane,hsa:2566,P18507,1,10,20,1,200.05,200.0072119,9.2,121,0,0,8,2,12,0,0,0,0,0,0,0,1,112.5,1,1,0,0,0,0,0,0.6,4,3,2.8,200.05,475,55186,2,-4.8485,3758,7573,3815,0.49623663013336855
ion_channel,D00547,5206,Sevoflurane,hsa:2741,P23415,1,10,20,1,200.05,200.0072119,9.2,121,0,0,8,2,12,0,0,0,0,0,0,0,1,112.5,1,1,0,0,0,0,0,0.6,4,3,2.8,200.05,457,52624,4,-4.4968,2475,7573,5098,0.3268189621022052
ion_channel,D00547,5206,Sevoflurane,hsa:2742,P23416,1,5,20,1,200.05,200.0072119,9.2,121,0,0,8,2,12,0,0,0,0,0,0,0,1,112.5,1,1,0,0,0,0,0,0.6,4,3,2.8,200.05,452,52002,0,-5.2556,5412,7573,2161,0.7146441304634887
ion_channel,D00547,5206,Sevoflurane,hsa:2743,P48167,1,4,20,1,200.05,200.0072119,9.2,121,0,0,8,2,12,0,0,0,0,0,0,0,1,112.5,1,1,0,0,0,0,0,0.6,4,3,2.8,200.05,497,56122,1,-4.7252,3289,7573,4284,0.43430608741581933
ion_channel,D00547,5206,Sevoflurane,hsa:2890,P42261,2,8,20,1,200.05,200.0072119,9.2,121,0,0,8,2,12,0,0,0,0,0,0,0,1,112.5,1,1,0,0,0,0,0,0.6,4,3,2.8,200.05,906,101506,5,-3.088,293,7573,7280,0.03869008319028126
ion_channel,D00548,667484,Etomidate,hsa:2554,P14867,2,32,15,1,244.29,244.1211778,44.1,277,0,0,3,5,18,0,1,1,0,0,0,0,1,197.6,4,1,0,0,1,2,0,0.6,5,10,3,244.29,456,51802,0,-5.7101,3568,7466,3898,0.4778998124832574
ion_channel,D00548,667484,Etomidate,hsa:2557,P48169,2,16,15,1,244.29,244.1211778,44.1,277,0,0,3,5,18,0,1,1,0,0,0,0,1,197.6,4,1,0,0,1,2,0,0.6,5,10,3,244.29,554,61623,0,-6.0918,4806,7466,2660,0.6437181891240289
ion_channel,D00548,667484,Etomidate,hsa:2558,P31644,1,16,15,1,244.29,244.1211778,44.1,277,0,0,3,5,18,0,1,1,0,0,0,0,1,197.6,4,1,0,0,1,2,0,0.6,5,10,3,244.29,462,52146,0,-5.9148,4249,7466,3217,0.5691133136887222
ion_channel,D00548,667484,Etomidate,hsa:2561,P47870,1,10,15,1,244.29,244.1211778,44.1,277,0,0,3,5,18,0,1,1,0,0,0,0,1,197.6,4,1,0,0,1,2,0,0.6,5,10,3,244.29,512,59150,0,-5.962,4416,7466,3050,0.5914813822662738
ion_channel,D00548,667484,Etomidate,hsa:2562,P28472,1,10,15,1,244.29,244.1211778,44.1,277,0,0,3,5,18,0,1,1,0,0,0,0,1,197.6,4,1,0,0,1,2,0,0.6,5,10,3,244.29,473,54116,1,-5.9148,4250,7466,3216,0.5692472542191267
ion_channel,D00548,667484,Etomidate,hsa:2563,O14764,2,10,15,1,244.29,244.1211778,44.1,277,0,0,3,5,18,0,1,1,0,0,0,0,1,197.6,4,1,0,0,1,2,0,0.6,5,10,3,244.29,452,50708,4,-5.7307,3631,7466,3835,0.48633806589874096
ion_channel,D00548,667484,Etomidate,hsa:2566,P18507,1,10,15,1,244.29,244.1211778,44.1,277,0,0,3,5,18,0,1,1,0,0,0,0,1,197.6,4,1,0,0,1,2,0,0.6,5,10,3,244.29,475,55186,2,-5.8191,3940,7466,3526,0.5277256897937316
ion_channel,D00549,4943,Propofol,hsa:2554,P14867,2,32,19,1,178.27,178.1357652,20.2,135,0,1,1,2,13,0,0,0,0,0,0,0,1,154.3,4,0,1,0,0,1,2,0.6,2,3,3.8,178.27,456,51802,0,-5.4668,3685,7573,3888,0.4865971213521722
ion_channel,D00549,4943,Propofol,hsa:2557,P48169,2,16,19,1,178.27,178.1357652,20.2,135,0,1,1,2,13,0,0,0,0,0,0,0,1,154.3,4,0,1,0,0,1,2,0.6,2,3,3.8,178.27,554,61623,0,-5.445,3608,7573,3965,0.4764294203089925
ion_channel,D00549,4943,Propofol,hsa:2558,P31644,1,16,19,1,178.27,178.1357652,20.2,135,0,1,1,2,13,0,0,0,0,0,0,0,1,154.3,4,0,1,0,0,1,2,0.6,2,3,3.8,178.27,462,52146,0,-5.6885,4462,7573,3111,0.5891984682424403
ion_channel,D00549,4943,Propofol,hsa:2561,P47870,1,10,19,1,178.27,178.1357652,20.2,135,0,1,1,2,13,0,0,0,0,0,0,0,1,154.3,4,0,1,0,0,1,2,0.6,2,3,3.8,178.27,512,59150,0,-5.759,4685,7573,2888,0.6186451868480127
ion_channel,D00549,4943,Propofol,hsa:2562,P28472,1,10,19,1,178.27,178.1357652,20.2,135,0,1,1,2,13,0,0,0,0,0,0,0,1,154.3,4,0,1,0,0,1,2,0.6,2,3,3.8,178.27,473,54116,1,-5.6885,4463,7573,3110,0.5893305163079361
ion_channel,D00549,4943,Propofol,hsa:2563,O14764,2,10,19,1,178.27,178.1357652,20.2,135,0,1,1,2,13,0,0,0,0,0,0,0,1,154.3,4,0,1,0,0,1,2,0.6,2,3,3.8,178.27,452,50708,4,-5.4079,3458,7573,4115,0.4566222104846164
ion_channel,D00549,4943,Propofol,hsa:2566,P18507,1,10,19,1,178.27,178.1357652,20.2,135,0,1,1,2,13,0,0,0,0,0,0,0,1,154.3,4,0,1,0,0,1,2,0.6,2,3,3.8,178.27,475,55186,2,-5.4481,3617,7573,3956,0.47761785289845504
ion_channel,D00549,4943,Propofol,hsa:2741,P23415,1,10,19,1,178.27,178.1357652,20.2,135,0,1,1,2,13,0,0,0,0,0,0,0,1,154.3,4,0,1,0,0,1,2,0.6,2,3,3.8,178.27,457,52624,4,-5.1543,2564,7573,5009,0.33857123993133503
ion_channel,D00549,4943,Propofol,hsa:2742,P23416,1,5,19,1,178.27,178.1357652,20.2,135,0,1,1,2,13,0,0,0,0,0,0,0,1,154.3,4,0,1,0,0,1,2,0.6,2,3,3.8,178.27,452,52002,0,-6.0853,5662,7573,1911,0.7476561468374489
ion_channel,D00549,4943,Propofol,hsa:2743,P48167,1,4,19,1,178.27,178.1357652,20.2,135,0,1,1,2,13,0,0,0,0,0,0,0,1,154.3,4,0,1,0,0,1,2,0.6,2,3,3.8,178.27,497,56122,1,-5.6362,4279,7573,3294,0.5650336722567014
ion_channel,D00550,4192,Midazolam,hsa:2554,P14867,2,32,15,1,325.8,325.0782033,30.2,471,0,0,3,1,23,0,0,0,0,0,0,0,1,242.5,6,1,0,0,1,4,0,0.6,1.2,8,2.5,325.8,456,51802,0,-7.268,3862,7397,3535,0.5221035554954712
ion_channel,D00550,4192,Midazolam,hsa:2557,P48169,2,16,15,1,325.8,325.0782033,30.2,471,0,0,3,1,23,0,0,0,0,0,0,0,1,242.5,6,1,0,0,1,4,0,0.6,1.2,8,2.5,325.8,554,61623,0,-6.8952,2781,7397,4616,0.3759632283358118
ion_channel,D00550,4192,Midazolam,hsa:2558,P31644,1,16,15,1,325.8,325.0782033,30.2,471,0,0,3,1,23,0,0,0,0,0,0,0,1,242.5,6,1,0,0,1,4,0,0.6,1.2,8,2.5,325.8,462,52146,0,-7.5576,4673,7397,2724,0.6317425983506827
ion_channel,D00550,4192,Midazolam,hsa:2561,P47870,1,10,15,1,325.8,325.0782033,30.2,471,0,0,3,1,23,0,0,0,0,0,0,0,1,242.5,6,1,0,0,1,4,0,0.6,1.2,8,2.5,325.8,512,59150,0,-7.9257,5601,7397,1796,0.7571988644044884
ion_channel,D00550,4192,Midazolam,hsa:2562,P28472,1,10,15,1,325.8,325.0782033,30.2,471,0,0,3,1,23,0,0,0,0,0,0,0,1,242.5,6,1,0,0,1,4,0,0.6,1.2,8,2.5,325.8,473,54116,1,-7.5576,4674,7397,2723,0.631877788292551
ion_channel,D00550,4192,Midazolam,hsa:2563,O14764,2,10,15,1,325.8,325.0782033,30.2,471,0,0,3,1,23,0,0,0,0,0,0,0,1,242.5,6,1,0,0,1,4,0,0.6,1.2,8,2.5,325.8,452,50708,4,-7.1248,3434,7397,3963,0.46424226037582805
ion_channel,D00550,4192,Midazolam,hsa:2566,P18507,1,10,15,1,325.8,325.0782033,30.2,471,0,0,3,1,23,0,0,0,0,0,0,0,1,242.5,6,1,0,0,1,4,0,0.6,1.2,8,2.5,325.8,475,55186,2,-7.9942,5734,7397,1663,0.7751791266729755
ion_channel,D00552,2337,Benzocaine,hsa:55800,Q9NY72,1,8,14,1,165.19,165.0789786,52.3,151,0,1,3,3,12,0,0,0,0,0,0,0,1,133.6,4,1,1,0,1,1,0,0.6,3,7,1.9,165.19,215,24702,103,-5.1761,3775,7535,3760,0.5009953550099535
ion_channel,D00552,2337,Benzocaine,hsa:6324,Q07699,1,8,14,1,165.19,165.0789786,52.3,151,0,1,3,3,12,0,0,0,0,0,0,0,1,133.6,4,1,1,0,1,1,0,0.6,3,7,1.9,165.19,218,24707,1,-5.2036,3867,7535,3668,0.5132050431320504
ion_channel,D00552,2337,Benzocaine,hsa:6328,Q9NY46,2,31,14,1,165.19,165.0789786,52.3,151,0,1,3,3,12,0,0,0,0,0,0,0,1,133.6,4,1,1,0,1,1,0,0.6,3,7,1.9,165.19,2000,226294,0,-6.1249,6795,7535,740,0.9017916390179164
ion_channel,D00552,2337,Benzocaine,hsa:6329,P35499,1,31,14,1,165.19,165.0789786,52.3,151,0,1,3,3,12,0,0,0,0,0,0,0,1,133.6,4,1,1,0,1,1,0,0.6,3,7,1.9,165.19,1836,208061,1,-5.4252,4669,7535,2866,0.6196416721964167
ion_channel,D00552,2337,Benzocaine,hsa:6330,Q8IWT1,2,8,14,1,165.19,165.0789786,52.3,151,0,1,3,3,12,0,0,0,0,0,0,0,1,133.6,4,1,1,0,1,1,0,0.6,3,7,1.9,165.19,228,24969,1,-4.9679,3022,7535,4513,0.40106171201061713
ion_channel,D00552,2337,Benzocaine,hsa:6332,Q01118,1,8,14,1,165.19,165.0789786,52.3,151,0,1,3,3,12,0,0,0,0,0,0,0,1,133.6,4,1,1,0,1,1,0,0.6,3,7,1.9,165.19,1682,193493,1,-5.7546,5852,7535,1683,0.7766423357664234
ion_channel,D00552,2337,Benzocaine,hsa:6336,Q9Y5Y9,1,24,14,1,165.19,165.0789786,52.3,151,0,1,3,3,12,0,0,0,0,0,0,0,1,133.6,4,1,1,0,1,1,0,0.6,3,7,1.9,165.19,1956,220626,0,-5.7027,5682,7535,1853,0.7540809555408096
ion_channel,D00552,2337,Benzocaine,hsa:6337,P37088,1,9,14,1,165.19,165.0789786,52.3,151,0,1,3,3,12,0,0,0,0,0,0,0,1,133.6,4,1,1,0,1,1,0,0.6,3,7,1.9,165.19,669,75704,2,-5.6493,5471,7535,2064,0.726078301260783
ion_channel,D00552,2337,Benzocaine,hsa:6338,P51168,2,9,14,1,165.19,165.0789786,52.3,151,0,1,3,3,12,0,0,0,0,0,0,0,1,133.6,4,1,1,0,1,1,0,0.6,3,7,1.9,165.19,640,72659,1,-5.2156,3913,7535,3622,0.5193098871930989
ion_channel,D00552,2337,Benzocaine,hsa:6340,P51170,2,9,14,1,165.19,165.0789786,52.3,151,0,1,3,3,12,0,0,0,0,0,0,0,1,133.6,4,1,1,0,1,1,0,0.6,3,7,1.9,165.19,649,74270,1,-5.7524,5847,7535,1688,0.7759787657597876
ion_channel,D00553,4906,Prilocaine,hsa:6331,Q14524,1,36,1,1,220.31,220.1575633,41.1,218,0,2,2,5,16,0,1,0,1,0,0,0,1,185.5,6,1,2,0,1,1,1,0.8,6,10,2.1,220.31,2016,226940,9,-6.4591,5919,7531,1612,0.7859514008763776
ion_channel,D00560,16362,Pimozide,hsa:5310,P98161,1,10,30,1,461.5,461.2278689,35.6,632,0,1,4,7,34,0,0,0,0,0,0,0,1,362.6,8,1,1,0,1,5,0,1,8.2,10,6.3,461.5,4303,462529,6,-10.0709,6484,7366,882,0.8802606570730382
ion_channel,D00560,16362,Pimozide,hsa:55503,Q9H1D0,1,9,30,1,461.5,461.2278689,35.6,632,0,1,4,7,34,0,0,0,0,0,0,0,1,362.6,8,1,1,0,1,5,0,1,8.2,10,6.3,461.5,765,87286,1,-11.6763,7266,7366,100,0.9864241107792561
ion_channel,D00560,16362,Pimozide,hsa:6261,P21817,1,17,30,1,461.5,461.2278689,35.6,632,0,1,4,7,34,0,0,0,0,0,0,0,1,362.6,8,1,1,0,1,5,0,1,8.2,10,6.3,461.5,5038,565176,0,-9.9164,6326,7366,1040,0.8588107521042628
ion_channel,D00560,16362,Pimozide,hsa:6262,Q92736,1,16,30,1,461.5,461.2278689,35.6,632,0,1,4,7,34,0,0,0,0,0,0,0,1,362.6,8,1,1,0,1,5,0,1,8.2,10,6.3,461.5,4967,564567,3,-9.4787,5810,7366,1556,0.788759163725224
ion_channel,D00560,16362,Pimozide,hsa:6263,Q15413,1,16,30,1,461.5,461.2278689,35.6,632,0,1,4,7,34,0,0,0,0,0,0,0,1,362.6,8,1,1,0,1,5,0,1,8.2,10,6.3,461.5,4870,552042,0,-9.6009,5967,7366,1399,0.810073309801792
ion_channel,D00560,16362,Pimozide,hsa:773,O00555,1,14,30,1,461.5,461.2278689,35.6,632,0,1,4,7,34,0,0,0,0,0,0,0,1,362.6,8,1,1,0,1,5,0,1,8.2,10,6.3,461.5,2506,282564,18,-6.1755,445,7366,6921,0.060412707032310616
ion_channel,D00560,16362,Pimozide,hsa:779,Q13698,1,18,30,1,461.5,461.2278689,35.6,632,0,1,4,7,34,0,0,0,0,0,0,0,1,362.6,8,1,1,0,1,5,0,1,8.2,10,6.3,461.5,1873,212350,6,-6.6239,692,7366,6674,0.0939451534075482
ion_channel,D00560,16362,Pimozide,hsa:781,P54289,1,12,30,1,461.5,461.2278689,35.6,632,0,1,4,7,34,0,0,0,0,0,0,0,1,362.6,8,1,1,0,1,5,0,1,8.2,10,6.3,461.5,1103,124568,0,-9.5113,5855,7366,1511,0.7948683138745588
ion_channel,D00560,16362,Pimozide,hsa:782,Q02641,1,10,30,1,461.5,461.2278689,35.6,632,0,1,4,7,34,0,0,0,0,0,0,0,1,362.6,8,1,1,0,1,5,0,1,8.2,10,6.3,461.5,598,65714,3,-7.9968,3005,7366,4361,0.40795547108335595
ion_channel,D00560,16362,Pimozide,hsa:784,P54284,1,9,30,1,461.5,461.2278689,35.6,632,0,1,4,7,34,0,0,0,0,0,0,0,1,362.6,8,1,1,0,1,5,0,1,8.2,10,6.3,461.5,484,54532,9,-9.1747,5347,7366,2019,0.7259027966331795
ion_channel,D00560,16362,Pimozide,hsa:785,O00305,1,9,30,1,461.5,461.2278689,35.6,632,0,1,4,7,34,0,0,0,0,0,0,0,1,362.6,8,1,1,0,1,5,0,1,8.2,10,6.3,461.5,520,58169,4,-7.6908,2345,7366,5021,0.31835460222644585
ion_channel,D00560,16362,Pimozide,hsa:8989,O75762,1,9,30,1,461.5,461.2278689,35.6,632,0,1,4,7,34,0,0,0,0,0,0,0,1,362.6,8,1,1,0,1,5,0,1,8.2,10,6.3,461.5,1119,127501,1,-9.1632,5331,7366,2035,0.7237306543578604
ion_channel,D00574,2145,Aminoglutethimide,hsa:1141,P17787,2,8,1,1,232.28,232.1211778,72.2,321,0,2,3,2,17,0,1,0,1,0,0,0,1,180.5,8,2,2,0,1,2,1,0.6,2.8,8,1.2,232.28,502,57019,2,-6.1636,3952,7527,3575,0.5250431778929189
ion_channel,D00611,13221,Mecamylamine Hydrochloride,hsa:1135,Q15822,1,20,9,1,203.75,203.1440774,12,197,0,2,1,1,13,0,3,0,3,0,0,0,2,,,,,,,,,,,0,,203.75,529,59765,0,-4.3748,1670,7364,5694,0.22677892449755568
ion_channel,D00611,13221,Mecamylamine Hydrochloride,hsa:1136,P32297,1,14,9,1,203.75,203.1440774,12,197,0,2,1,1,13,0,3,0,3,0,0,0,2,,,,,,,,,,,0,,203.75,505,57480,0,-4.9136,3607,7364,3757,0.4898153177620858
ion_channel,D00611,13221,Mecamylamine Hydrochloride,hsa:1137,P43681,3,13,9,1,203.75,203.1440774,12,197,0,2,1,1,13,0,3,0,3,0,0,0,2,,,,,,,,,,,0,,203.75,627,69957,9,-5.4355,5523,7364,1841,0.75
ion_channel,D00611,13221,Mecamylamine Hydrochloride,hsa:1139,P36544,1,11,9,1,203.75,203.1440774,12,197,0,2,1,1,13,0,3,0,3,0,0,0,2,,,,,,,,,,,0,,203.75,502,56449,9,-4.752,2976,7364,4388,0.40412819120043453
ion_channel,D00611,13221,Mecamylamine Hydrochloride,hsa:55584,Q9UGM1,1,14,9,1,203.75,203.1440774,12,197,0,2,1,1,13,0,3,0,3,0,0,0,2,,,,,,,,,,,0,,203.75,479,54807,1,-4.5156,2144,7364,5220,0.29114611624117326
ion_channel,D00618,4499,Nisoldipine,hsa:5310,P98161,1,10,30,1,388.4,388.1634365,110,704,0,1,7,7,28,0,1,0,1,0,0,0,1,296.2,10,4,1,1,1,2,1,1,8.4,10,3.3,388.4,4303,462529,6,-7.0162,6656,7451,795,0.893302912360757
ion_channel,D00618,4499,Nisoldipine,hsa:55503,Q9H1D0,1,9,30,1,388.4,388.1634365,110,704,0,1,7,7,28,0,1,0,1,0,0,0,1,296.2,10,4,1,1,1,2,1,1,8.4,10,3.3,388.4,765,87286,1,-7.2773,6963,7451,488,0.9345054355120118
ion_channel,D00618,4499,Nisoldipine,hsa:6261,P21817,1,17,30,1,388.4,388.1634365,110,704,0,1,7,7,28,0,1,0,1,0,0,0,1,296.2,10,4,1,1,1,2,1,1,8.4,10,3.3,388.4,5038,565176,0,-6.5933,5924,7451,1527,0.7950610656287747
ion_channel,D00618,4499,Nisoldipine,hsa:6262,Q92736,1,16,30,1,388.4,388.1634365,110,704,0,1,7,7,28,0,1,0,1,0,0,0,1,296.2,10,4,1,1,1,2,1,1,8.4,10,3.3,388.4,4967,564567,3,-6.887,6452,7451,999,0.8659240370420078
ion_channel,D00618,4499,Nisoldipine,hsa:6263,Q15413,1,16,30,1,388.4,388.1634365,110,704,0,1,7,7,28,0,1,0,1,0,0,0,1,296.2,10,4,1,1,1,2,1,1,8.4,10,3.3,388.4,4870,552042,0,-6.8441,6376,7451,1075,0.8557240638840424
ion_channel,D00618,4499,Nisoldipine,hsa:773,O00555,1,14,30,1,388.4,388.1634365,110,704,0,1,7,7,28,0,1,0,1,0,0,0,1,296.2,10,4,1,1,1,2,1,1,8.4,10,3.3,388.4,2506,282564,18,-4.3292,522,7451,6929,0.07005771037444639
ion_channel,D00618,4499,Nisoldipine,hsa:776,Q01668,2,15,30,1,388.4,388.1634365,110,704,0,1,7,7,28,0,1,0,1,0,0,0,1,296.2,10,4,1,1,1,2,1,1,8.4,10,3.3,388.4,2161,245141,1,-7.365,7049,7451,402,0.9460475104012884
ion_channel,D00618,4499,Nisoldipine,hsa:777,Q15878,2,10,30,1,388.4,388.1634365,110,704,0,1,7,7,28,0,1,0,1,0,0,0,1,296.2,10,4,1,1,1,2,1,1,8.4,10,3.3,388.4,2313,261731,0,-7.5782,7196,7451,255,0.9657764058515635
ion_channel,D00618,4499,Nisoldipine,hsa:779,Q13698,1,18,30,1,388.4,388.1634365,110,704,0,1,7,7,28,0,1,0,1,0,0,0,1,296.2,10,4,1,1,1,2,1,1,8.4,10,3.3,388.4,1873,212350,6,-4.3991,555,7451,6896,0.07448664608777346
ion_channel,D00618,4499,Nisoldipine,hsa:781,P54289,1,12,30,1,388.4,388.1634365,110,704,0,1,7,7,28,0,1,0,1,0,0,0,1,296.2,10,4,1,1,1,2,1,1,8.4,10,3.3,388.4,1103,124568,0,-7.2792,6967,7451,484,0.9350422762045363
ion_channel,D00618,4499,Nisoldipine,hsa:782,Q02641,1,10,30,1,388.4,388.1634365,110,704,0,1,7,7,28,0,1,0,1,0,0,0,1,296.2,10,4,1,1,1,2,1,1,8.4,10,3.3,388.4,598,65714,3,-5.0905,1383,7451,6068,0.18561266944034358
ion_channel,D00618,4499,Nisoldipine,hsa:784,P54284,1,9,30,1,388.4,388.1634365,110,704,0,1,7,7,28,0,1,0,1,0,0,0,1,296.2,10,4,1,1,1,2,1,1,8.4,10,3.3,388.4,484,54532,9,-6.0542,4396,7451,3055,0.5899879210844182
ion_channel,D00618,4499,Nisoldipine,hsa:785,O00305,1,9,30,1,388.4,388.1634365,110,704,0,1,7,7,28,0,1,0,1,0,0,0,1,296.2,10,4,1,1,1,2,1,1,8.4,10,3.3,388.4,520,58169,4,-5.4756,2454,7451,4997,0.32935176486377665
ion_channel,D00618,4499,Nisoldipine,hsa:8913,O43497,1,17,30,1,388.4,388.1634365,110,704,0,1,7,7,28,0,1,0,1,0,0,0,1,296.2,10,4,1,1,1,2,1,1,8.4,10,3.3,388.4,2377,262472,0,-6.5343,5779,7451,1672,0.7756005905247618
ion_channel,D00618,4499,Nisoldipine,hsa:8989,O75762,1,9,30,1,388.4,388.1634365,110,704,0,1,7,7,28,0,1,0,1,0,0,0,1,296.2,10,4,1,1,1,2,1,1,8.4,10,3.3,388.4,1119,127501,1,-6.0532,4387,7451,3064,0.5887800295262381
ion_channel,D00619,62969,Verapamil Hydrochloride,hsa:3738,P22001,1,7,7,1,491.1,490.2598354,64,606,0,1,6,13,34,0,1,0,1,0,0,0,2,,,,,,,,,,,0,,491.1,575,63842,3,-5.5168,2433,7366,4933,0.33030138474070053
ion_channel,D00619,62969,Verapamil Hydrochloride,hsa:779,Q13698,1,18,7,1,491.1,490.2598354,64,606,0,1,6,13,34,0,1,0,1,0,0,0,2,,,,,,,,,,,0,,491.1,1873,212350,6,-4.2768,403,7366,6963,0.05471083355959815
ion_channel,D00629,4507,Nitrendipine,hsa:5310,P98161,1,10,30,1,360.4,360.1321364,110,661,0,1,7,6,26,0,1,0,1,0,0,0,1,274.7,9,4,1,1,1,2,0,0.8,7.4,10,2.9,360.4,4303,462529,6,-6.7624,5882,7452,1570,0.7893183038110574
ion_channel,D00629,4507,Nitrendipine,hsa:55503,Q9H1D0,1,9,30,1,360.4,360.1321364,110,661,0,1,7,6,26,0,1,0,1,0,0,0,1,274.7,9,4,1,1,1,2,0,0.8,7.4,10,2.9,360.4,765,87286,1,-6.7135,5748,7452,1704,0.7713365539452496
ion_channel,D00629,4507,Nitrendipine,hsa:6261,P21817,1,17,30,1,360.4,360.1321364,110,661,0,1,7,6,26,0,1,0,1,0,0,0,1,274.7,9,4,1,1,1,2,0,0.8,7.4,10,2.9,360.4,5038,565176,0,-6.8383,6052,7452,1400,0.8121309715512615
ion_channel,D00629,4507,Nitrendipine,hsa:6262,Q92736,1,16,30,1,360.4,360.1321364,110,661,0,1,7,6,26,0,1,0,1,0,0,0,1,274.7,9,4,1,1,1,2,0,0.8,7.4,10,2.9,360.4,4967,564567,3,-7.4191,6986,7452,466,0.9374664519592056
ion_channel,D00629,4507,Nitrendipine,hsa:6263,Q15413,1,16,30,1,360.4,360.1321364,110,661,0,1,7,6,26,0,1,0,1,0,0,0,1,274.7,9,4,1,1,1,2,0,0.8,7.4,10,2.9,360.4,4870,552042,0,-6.9835,6351,7452,1101,0.8522544283413849
ion_channel,D00629,4507,Nitrendipine,hsa:773,O00555,1,14,30,1,360.4,360.1321364,110,661,0,1,7,6,26,0,1,0,1,0,0,0,1,274.7,9,4,1,1,1,2,0,0.8,7.4,10,2.9,360.4,2506,282564,18,-4.3764,398,7452,7054,0.05340848094471283
ion_channel,D00629,4507,Nitrendipine,hsa:776,Q01668,2,15,30,1,360.4,360.1321364,110,661,0,1,7,6,26,0,1,0,1,0,0,0,1,274.7,9,4,1,1,1,2,0,0.8,7.4,10,2.9,360.4,2161,245141,1,-7.4085,6977,7452,475,0.9362587224906066
ion_channel,D00629,4507,Nitrendipine,hsa:777,Q15878,2,10,30,1,360.4,360.1321364,110,661,0,1,7,6,26,0,1,0,1,0,0,0,1,274.7,9,4,1,1,1,2,0,0.8,7.4,10,2.9,360.4,2313,261731,0,-6.7982,5966,7452,1486,0.8005904455179818
ion_channel,D00629,4507,Nitrendipine,hsa:779,Q13698,1,18,30,1,360.4,360.1321364,110,661,0,1,7,6,26,0,1,0,1,0,0,0,1,274.7,9,4,1,1,1,2,0,0.8,7.4,10,2.9,360.4,1873,212350,6,-4.392,411,7452,7041,0.055152979066022546
ion_channel,D00629,4507,Nitrendipine,hsa:781,P54289,1,12,30,1,360.4,360.1321364,110,661,0,1,7,6,26,0,1,0,1,0,0,0,1,274.7,9,4,1,1,1,2,0,0.8,7.4,10,2.9,360.4,1103,124568,0,-8.1231,7343,7452,109,0.985373054213634
ion_channel,D00629,4507,Nitrendipine,hsa:782,Q02641,1,10,30,1,360.4,360.1321364,110,661,0,1,7,6,26,0,1,0,1,0,0,0,1,274.7,9,4,1,1,1,2,0,0.8,7.4,10,2.9,360.4,598,65714,3,-5.404,1734,7452,5718,0.23268921095008052
ion_channel,D00629,4507,Nitrendipine,hsa:784,P54284,1,9,30,1,360.4,360.1321364,110,661,0,1,7,6,26,0,1,0,1,0,0,0,1,274.7,9,4,1,1,1,2,0,0.8,7.4,10,2.9,360.4,484,54532,9,-6.6664,5645,7452,1807,0.7575147611379496
ion_channel,D00629,4507,Nitrendipine,hsa:785,O00305,1,9,30,1,360.4,360.1321364,110,661,0,1,7,6,26,0,1,0,1,0,0,0,1,274.7,9,4,1,1,1,2,0,0.8,7.4,10,2.9,360.4,520,58169,4,-6.2598,4456,7452,2996,0.5979602791196994
ion_channel,D00629,4507,Nitrendipine,hsa:8913,O43497,1,17,30,1,360.4,360.1321364,110,661,0,1,7,6,26,0,1,0,1,0,0,0,1,274.7,9,4,1,1,1,2,0,0.8,7.4,10,2.9,360.4,2377,262472,0,-6.84,6057,7452,1395,0.8128019323671497
ion_channel,D00629,4507,Nitrendipine,hsa:8989,O75762,1,9,30,1,360.4,360.1321364,110,661,0,1,7,6,26,0,1,0,1,0,0,0,1,274.7,9,4,1,1,1,2,0,0.8,7.4,10,2.9,360.4,1119,127501,1,-6.3333,4703,7452,2749,0.631105743424584
ion_channel,D00631,91725,Vascor,hsa:9132,P56696,2,3,1,1,421,420.2543561,16.7,382,0,2,4,10,29,0,1,0,1,0,0,0,3,,,,,,,,,,,0,,421,695,77101,0,-2.3825,5669,7597,1928,0.7462156114255627
ion_channel,D00638,41022,Flecainide Acetate,hsa:3746,P48547,1,5,12,1,474.4,474.1589408,96.9,531,0,3,12,7,32,0,1,0,1,0,0,0,2,,,,,,,,,,,0,,474.4,511,57942,3,-7.6502,4141,7365,3224,0.5622539035980991
ion_channel,D00639,21467,Mexiletine Hydrochloride,hsa:6328,Q9NY46,2,31,7,1,215.72,215.1076919,35.3,139,0,2,2,3,14,0,1,0,1,0,0,0,2,,,,,,,,,,,0,,215.72,2000,226294,0,-6.3559,6564,7282,718,0.9014007140895358
ion_channel,D00639,21467,Mexiletine Hydrochloride,hsa:6329,P35499,1,31,7,1,215.72,215.1076919,35.3,139,0,2,2,3,14,0,1,0,1,0,0,0,2,,,,,,,,,,,0,,215.72,1836,208061,1,-6.2029,6275,7282,1007,0.8617138148860203
ion_channel,D00639,21467,Mexiletine Hydrochloride,hsa:6331,Q14524,1,36,7,1,215.72,215.1076919,35.3,139,0,2,2,3,14,0,1,0,1,0,0,0,2,,,,,,,,,,,0,,215.72,2016,226940,9,-5.9123,5629,7282,1653,0.7730019225487503
ion_channel,D00642,64642,Quinaglute (TN),hsa:3756,O95259,1,4,17,1,520.6,520.2420807,184,627,0,7,11,9,37,0,8,7,1,0,0,0,2,,,,,,,,,,,0,,520.6,989,111423,6,-8.1923,1062,5853,4791,0.1814454126089185
ion_channel,D00642,64642,Quinaglute (TN),hsa:3776,O95069,3,3,17,1,520.6,520.2420807,184,627,0,7,11,9,37,0,8,7,1,0,0,0,2,,,,,,,,,,,0,,520.6,426,47093,0,-10.2586,4400,5853,1453,0.7517512386810182
ion_channel,D00642,64642,Quinaglute (TN),hsa:54207,P57789,1,4,17,1,520.6,520.2420807,184,627,0,7,11,9,37,0,8,7,1,0,0,0,2,,,,,,,,,,,0,,520.6,538,59765,0,-10.2639,4410,5853,1443,0.7534597642234752
ion_channel,D00647,71329,Dofetilide,hsa:3757,Q12809,2,10,3,1,441.6,441.1392133,122,672,0,2,8,11,29,0,0,0,0,0,0,0,1,330.1,10,5,2,0,1,2,0,1.6,11,10,1.8,441.6,1159,126655,3,-6.9569,5580,7376,1796,0.7565075921908894
ion_channel,D00647,71329,Dofetilide,hsa:3776,O95069,3,3,3,1,441.6,441.1392133,122,672,0,2,8,11,29,0,0,0,0,0,0,0,1,330.1,10,5,2,0,1,2,0,1.6,11,10,1.8,441.6,426,47093,0,-6.7948,5256,7376,2120,0.7125813449023861
ion_channel,D00650,2315,Bendroflumethiazide,hsa:3778,Q12791,1,12,1,1,421.4,421.0377828,135,740,0,3,10,3,27,0,1,0,1,0,0,0,1,281.4,11,4,3,0,1,3,0,0.8,4.6,10,1.2,421.4,1236,137560,5,-8.0168,5070,7376,2306,0.6873644251626898
ion_channel,D00651,2343,Benzthiazide,hsa:3778,Q12791,1,12,1,1,431.9,430.9834972,161,739,0,2,7,5,26,0,0,0,0,0,0,0,1,293.2,10,4,3,0,0,3,0,0.8,5.2,10,1.7,431.9,1236,137560,5,-7.7538,5276,7295,2019,0.7232350925291295
ion_channel,D00654,3647,Hydroflumethiazide,hsa:3778,Q12791,1,12,1,1,331.3,330.9908326,135,578,0,3,10,1,20,0,0,0,0,0,0,0,1,205,10,4,3,0,1,2,0,0.6,2.6,2,0.4,331.3,1236,137560,5,-7.7394,6533,7310,777,0.8937072503419973
ion_channel,D00656,4121,Methyclothiazide,hsa:3778,Q12791,1,12,1,1,360.2,358.9568036,126,571,0,2,7,2,20,0,1,0,1,0,0,0,1,229.7,9,4,2,0,1,2,0,0.6,2.6,10,1.4,360.2,1236,137560,5,-7.2691,6564,7319,755,0.8968438311244705
ion_channel,D00658,5560,Trichlormethiazide,hsa:3778,Q12791,1,12,1,1,380.7,378.902181,135,571,0,3,7,2,20,0,1,0,1,0,0,0,1,231.2,10,4,3,0,1,2,0,0.6,2.6,7,0.6,380.7,1236,137560,5,-6.8942,5036,7312,2276,0.6887308533916849
ion_channel,D00694,23706210,Tranxilium,hsa:2554,P14867,2,32,1,1,408.92,407.9681475,82.6,496,0,2,5,2,25,0,1,0,1,0,0,0,4,,,,,,,,,,,0,,408.92,456,51802,0,-7.3251,4299,7397,3098,0.5811815600919291
ion_channel,D00697,3373,Flumazenil,hsa:2554,P14867,2,32,1,1,303.29,303.1019195,64.4,461,0,0,5,3,22,0,0,0,0,0,0,0,1,226.5,6,2,0,0,1,3,0,0.6,3.4,10,1,303.29,456,51802,0,-6.1588,2541,7398,4857,0.34347120843471207
ion_channel,D00704,5281077,Ethchlorvynol,hsa:2554,P14867,2,32,1,1,144.6,144.0341926,20.2,154,0,1,1,3,9,0,1,0,1,1,1,0,1,115.6,4,1,1,0,0,0,2,0.4,2,10,1.5,144.6,456,51802,0,-4.3516,3204,7536,4332,0.4251592356687898
ion_channel,D00709,5284583,Levetiracetam,hsa:8913,O43497,1,17,2,1,170.21,170.1055277,63.4,203,0,1,2,3,12,0,1,1,0,0,0,0,1,134.6,5,2,1,0,0,1,1,0.6,3.8,10,-0.3,170.21,2377,262472,0,-5.2247,4726,7470,2744,0.6326639892904953
ion_channel,D00711,15851,Ketamine Hydrochloride,hsa:2554,P14867,2,32,13,1,274.18,273.0687196,29.1,269,0,2,2,2,17,0,1,0,1,0,0,0,2,,,,,,,,,,,0,,274.18,456,51802,0,-5.5594,3499,7465,3966,0.46872069658405896
ion_channel,D00711,15851,Ketamine Hydrochloride,hsa:2557,P48169,2,16,13,1,274.18,273.0687196,29.1,269,0,2,2,2,17,0,1,0,1,0,0,0,2,,,,,,,,,,,0,,274.18,554,61623,0,-5.651,3814,7465,3651,0.5109176155391828
ion_channel,D00711,15851,Ketamine Hydrochloride,hsa:2558,P31644,1,16,13,1,274.18,273.0687196,29.1,269,0,2,2,2,17,0,1,0,1,0,0,0,2,,,,,,,,,,,0,,274.18,462,52146,0,-5.307,2661,7465,4804,0.356463496316142
ion_channel,D00711,15851,Ketamine Hydrochloride,hsa:2902,Q05586,1,3,13,1,274.18,273.0687196,29.1,269,0,2,2,2,17,0,1,0,1,0,0,0,2,,,,,,,,,,,0,,274.18,938,105373,5,-5.9954,4956,7465,2509,0.6638981915606162
ion_channel,D00711,15851,Ketamine Hydrochloride,hsa:2903,Q12879,2,3,13,1,274.18,273.0687196,29.1,269,0,2,2,2,17,0,1,0,1,0,0,0,2,,,,,,,,,,,0,,274.18,1464,165283,5,-6.9637,6947,7465,518,0.930609511051574
ion_channel,D00711,15851,Ketamine Hydrochloride,hsa:2904,Q13224,2,3,13,1,274.18,273.0687196,29.1,269,0,2,2,2,17,0,1,0,1,0,0,0,2,,,,,,,,,,,0,,274.18,1484,166367,7,-6.7557,6695,7465,770,0.8968519758874749
ion_channel,D00726,4168,Metoclopramide,hsa:1134,P02708,2,11,15,1,299.79,299.1400546,67.6,300,0,2,4,7,20,0,0,0,0,0,0,0,1,230.3,7,2,2,0,2,1,0,0.8,8,10,2.6,299.79,457,51839,0,-5.3154,3583,7397,3814,0.4843855617142085
ion_channel,D00726,4168,Metoclopramide,hsa:1135,Q15822,1,20,15,1,299.79,299.1400546,67.6,300,0,2,4,7,20,0,0,0,0,0,0,0,1,230.3,7,2,2,0,2,1,0,0.8,8,10,2.6,299.79,529,59765,0,-5.4663,4143,7397,3254,0.5600919291604705
ion_channel,D00726,4168,Metoclopramide,hsa:1137,P43681,3,13,15,1,299.79,299.1400546,67.6,300,0,2,4,7,20,0,0,0,0,0,0,0,1,230.3,7,2,2,0,2,1,0,0.8,8,10,2.6,299.79,627,69957,9,-4.8456,1850,7397,5547,0.25010139245640123
ion_channel,D00726,4168,Metoclopramide,hsa:1139,P36544,1,11,15,1,299.79,299.1400546,67.6,300,0,2,4,7,20,0,0,0,0,0,0,0,1,230.3,7,2,2,0,2,1,0,0.8,8,10,2.6,299.79,502,56449,9,-5.2968,3510,7397,3887,0.47451669595782076
ion_channel,D00726,4168,Metoclopramide,hsa:1141,P17787,2,8,15,1,299.79,299.1400546,67.6,300,0,2,4,7,20,0,0,0,0,0,0,0,1,230.3,7,2,2,0,2,1,0,0.8,8,10,2.6,299.79,502,57019,2,-5.823,5255,7397,2142,0.7104231445180479
ion_channel,D00726,4168,Metoclopramide,hsa:55584,Q9UGM1,1,14,15,1,299.79,299.1400546,67.6,300,0,2,4,7,20,0,0,0,0,0,0,0,1,230.3,7,2,2,0,2,1,0,0.8,8,10,2.6,299.79,479,54807,1,-5.4135,3945,7397,3452,0.5333243206705421
ion_channel,D00735,68304,Dyclonine Hydrochloride,hsa:6328,Q9NY46,2,31,9,1,325.9,325.1808568,29.5,292,0,1,3,8,22,0,0,0,0,0,0,0,2,,,,,,,,,,,0,,325.9,2000,226294,0,-7.5665,6507,7079,572,0.919197626783444
ion_channel,D00735,68304,Dyclonine Hydrochloride,hsa:6329,P35499,1,31,9,1,325.9,325.1808568,29.5,292,0,1,3,8,22,0,0,0,0,0,0,0,2,,,,,,,,,,,0,,325.9,1836,208061,1,-7.2151,6116,7079,963,0.8639638367000989
ion_channel,D00735,68304,Dyclonine Hydrochloride,hsa:6331,Q14524,1,36,9,1,325.9,325.1808568,29.5,292,0,1,3,8,22,0,0,0,0,0,0,0,2,,,,,,,,,,,0,,325.9,2016,226940,9,-7.8624,6768,7079,311,0.9560672411357536
ion_channel,D00735,68304,Dyclonine Hydrochloride,hsa:6336,Q9Y5Y9,1,24,9,1,325.9,325.1808568,29.5,292,0,1,3,8,22,0,0,0,0,0,0,0,2,,,,,,,,,,,0,,325.9,1956,220626,0,-7.4238,6377,7079,702,0.9008334510524085
ion_channel,D00740,5795,Procaine Hydrochloride,hsa:6261,P21817,1,17,12,1,272.77,272.1291556,55.6,221,0,2,4,7,18,0,0,0,0,0,0,0,2,,,,,,,,,,,0,,272.77,5038,565176,0,-5.834,5241,7094,1853,0.7387933464899915
ion_channel,D00740,5795,Procaine Hydrochloride,hsa:6262,Q92736,1,16,12,1,272.77,272.1291556,55.6,221,0,2,4,7,18,0,0,0,0,0,0,0,2,,,,,,,,,,,0,,272.77,4967,564567,3,-5.4709,4265,7094,2829,0.6012122920778122
ion_channel,D00740,5795,Procaine Hydrochloride,hsa:6263,Q15413,1,16,12,1,272.77,272.1291556,55.6,221,0,2,4,7,18,0,0,0,0,0,0,0,2,,,,,,,,,,,0,,272.77,4870,552042,0,-5.4401,4170,7094,2924,0.5878206935438398
ion_channel,D00761,24244,Metocurine Iodide,hsa:1135,Q15822,1,20,1,1,906.6,906.16018,55.4,1060,0,0,8,4,50,0,2,2,0,0,0,0,3,,,,,,,,,,,0,,906.6,529,59765,0,-8.5659,4626,7046,2420,0.6565427192733466
ion_channel,D00765,441351,Rocuronium Bromide,hsa:1135,Q15822,1,20,1,1,609.7,608.31887,59,898,0,1,6,6,39,0,10,10,0,0,0,0,2,,,,,,,,,,,0,,609.7,529,59765,0,-1.0938,5047,7613,2566,0.6629449625640352
ion_channel,D00771,2733,Chlorzoxazone,hsa:3778,Q12791,1,12,1,1,169.56,168.9930561,38.3,185,0,1,2,0,11,0,0,0,0,0,0,0,1,118.7,4,1,1,0,0,2,0,0.4,0,1,1.8,169.56,1236,137560,5,-6.2051,6242,7473,1231,0.8352736518131941
ion_channel,D00775,5070,Riluzole,hsa:2890,P42261,2,8,25,1,234.2,234.0074685,76.4,238,0,1,7,1,15,0,0,0,0,0,0,0,1,155.7,5,1,1,0,1,2,0,0.6,2,4,3.6,234.2,906,101506,5,-3.9342,273,7331,7058,0.03723912153867139
ion_channel,D00775,5070,Riluzole,hsa:2891,P42262,1,3,25,1,234.2,234.0074685,76.4,238,0,1,7,1,15,0,0,0,0,0,0,0,1,155.7,5,1,1,0,1,2,0,0.6,2,4,3.6,234.2,883,98821,2,-5.8839,3497,7331,3834,0.4770154139953622
ion_channel,D00775,5070,Riluzole,hsa:2895,O43424,1,1,25,1,234.2,234.0074685,76.4,238,0,1,7,1,15,0,0,0,0,0,0,0,1,155.7,5,1,1,0,1,2,0,0.6,2,4,3.6,234.2,1007,113356,0,-7.0755,6569,7331,762,0.8960578365843678
ion_channel,D00775,5070,Riluzole,hsa:2897,P39086,1,3,25,1,234.2,234.0074685,76.4,238,0,1,7,1,15,0,0,0,0,0,0,0,1,155.7,5,1,1,0,1,2,0,0.6,2,4,3.6,234.2,918,103981,0,-7.0997,6610,7331,721,0.9016505251670986
ion_channel,D00775,5070,Riluzole,hsa:55800,Q9NY72,1,8,25,1,234.2,234.0074685,76.4,238,0,1,7,1,15,0,0,0,0,0,0,0,1,155.7,5,1,1,0,1,2,0,0.6,2,4,3.6,234.2,215,24702,103,-5.7453,3040,7331,4291,0.41467739735370346
ion_channel,D00775,5070,Riluzole,hsa:6324,Q07699,1,8,25,1,234.2,234.0074685,76.4,238,0,1,7,1,15,0,0,0,0,0,0,0,1,155.7,5,1,1,0,1,2,0,0.6,2,4,3.6,234.2,218,24707,1,-5.9645,3735,7331,3596,0.5094802891829219
ion_channel,D00775,5070,Riluzole,hsa:6330,Q8IWT1,2,8,25,1,234.2,234.0074685,76.4,238,0,1,7,1,15,0,0,0,0,0,0,0,1,155.7,5,1,1,0,1,2,0,0.6,2,4,3.6,234.2,228,24969,1,-5.7083,2916,7331,4415,0.39776292456690765
ion_channel,D00775,5070,Riluzole,hsa:6337,P37088,1,9,25,1,234.2,234.0074685,76.4,238,0,1,7,1,15,0,0,0,0,0,0,0,1,155.7,5,1,1,0,1,2,0,0.6,2,4,3.6,234.2,669,75704,2,-7.0446,6515,7331,816,0.8886918564997954
ion_channel,D00775,5070,Riluzole,hsa:6338,P51168,2,9,25,1,234.2,234.0074685,76.4,238,0,1,7,1,15,0,0,0,0,0,0,0,1,155.7,5,1,1,0,1,2,0,0.6,2,4,3.6,234.2,640,72659,1,-5.819,3280,7331,4051,0.4474150866184695
ion_channel,D00775,5070,Riluzole,hsa:6340,P51170,2,9,25,1,234.2,234.0074685,76.4,238,0,1,7,1,15,0,0,0,0,0,0,0,1,155.7,5,1,1,0,1,2,0,0.6,2,4,3.6,234.2,649,74270,1,-6.4554,5152,7331,2179,0.7027690628836448
ion_channel,D00779,2381,Biperiden,hsa:1135,Q15822,1,20,1,1,311.5,311.2249145,23.5,422,0,1,2,5,23,0,4,0,4,0,0,0,1,257.2,6,1,1,0,1,3,0,0.8,6.8,10,4.3,311.5,529,59765,0,-6.4038,2956,7523,4567,0.39292835305064466
ion_channel,D00809,11065,Amitriptyline Hydrochloride,hsa:3781,Q9H2S1,1,11,2,1,313.9,313.1597275,3.2,331,0,1,1,3,22,0,0,0,0,0,0,0,2,,,,,,,,,,,0,,313.9,579,63760,1,-6.0059,1072,7570,6498,0.1416116248348745
ion_channel,D00823,62857,Reconcile,hsa:3781,Q9H2S1,1,11,4,1,345.8,345.1107264,21.3,308,0,2,5,6,23,0,1,0,1,0,0,0,2,,,,,,,,,,,0,,345.8,579,63760,1,-5.7697,1263,7390,6127,0.1709066305818674
ion_channel,D00960,2187,Anastrozole,hsa:1141,P17787,2,8,1,1,293.4,293.1640456,78.3,456,0,0,4,4,22,0,0,0,0,0,0,0,1,238.5,8,2,0,0,2,2,2,0.6,4,10,2.1,293.4,502,57019,2,-7.1484,5575,7523,1948,0.7410607470424033
ion_channel,D00963,60198,Exemestane,hsa:1141,P17787,2,8,1,1,296.4,296.17763,34.1,653,0,0,2,0,22,0,5,5,0,0,0,0,1,238.9,6,2,0,0,0,4,0,0.6,1,1,3.1,296.4,502,57019,2,-8.8232,6466,7572,1106,0.8539355520338088
ion_channel,D00964,3902,Letrozole,hsa:1141,P17787,2,8,1,1,285.3,285.1014454,78.3,420,0,0,4,3,22,0,0,0,0,0,0,0,1,227.8,7,2,0,0,2,3,0,0.6,3,10,2.7,285.3,502,57019,2,-7.4247,5238,7525,2287,0.696079734219269
ion_channel,D01071,3608,Hexobarbital,hsa:2554,P14867,2,32,1,1,236.27,236.1160924,66.5,427,0,1,3,1,17,0,1,0,1,0,0,0,1,178.6,6,3,1,0,0,2,0,0.6,2.4,5,1.5,236.27,456,51802,0,-6.7579,5383,7466,2083,0.7210018751674256
ion_channel,D01253,2910,Cyclothiazide,hsa:2554,P14867,2,32,1,1,389.9,389.027076,135,758,0,3,7,2,24,0,4,0,4,0,0,0,1,262.3,11,4,3,0,1,3,0,0.6,3.2,10,2,389.9,456,51802,0,-7.0867,3420,7300,3880,0.4684931506849315
ion_channel,D01256,62770,Daunorubicin Hydrochloride,hsa:2891,P42262,1,3,2,1,564,563.1558238,186,960,0,6,11,4,39,0,6,6,0,0,0,0,2,,,,,,,,,,,0,,564,883,98821,2,-7.7435,3159,7414,4255,0.42608578365254923
ion_channel,D01256,62770,Daunorubicin Hydrochloride,hsa:3778,Q12791,1,12,2,1,564,563.1558238,186,960,0,6,11,4,39,0,6,6,0,0,0,0,2,,,,,,,,,,,0,,564,1236,137560,5,-9.7846,6824,7414,590,0.9204208254653359
ion_channel,D01275,158550,Atazanavir Sulfate,hsa:6261,P21817,1,17,3,1,802.9,802.3571277,254,1190,0,7,13,18,56,0,4,4,0,0,0,0,2,,,,,,,,,,,0,,802.9,5038,565176,0,-9.397,6566,7056,490,0.9305555555555556
ion_channel,D01275,158550,Atazanavir Sulfate,hsa:6262,Q92736,1,16,3,1,802.9,802.3571277,254,1190,0,7,13,18,56,0,4,4,0,0,0,0,2,,,,,,,,,,,0,,802.9,4967,564567,3,-10.0338,6909,7056,147,0.9791666666666666
ion_channel,D01275,158550,Atazanavir Sulfate,hsa:6263,Q15413,1,16,3,1,802.9,802.3571277,254,1190,0,7,13,18,56,0,4,4,0,0,0,0,2,,,,,,,,,,,0,,802.9,4870,552042,0,-9.3014,6497,7056,559,0.9207766439909297
ion_channel,D01287,9270,Ethynodiol Diacetate,hsa:6323,P35498,1,27,9,1,384.5,384.2300595,52.6,758,0,0,4,5,28,0,7,7,0,0,0,0,1,303.5,7,2,0,0,0,4,1,0.8,6,6,3.9,384.5,2009,228972,0,-9.8649,7405,7569,164,0.9783326727440878
ion_channel,D01287,9270,Ethynodiol Diacetate,hsa:6326,Q99250,1,23,9,1,384.5,384.2300595,52.6,758,0,0,4,5,28,0,7,7,0,0,0,0,1,303.5,7,2,0,0,0,4,1,0.8,6,6,3.9,384.5,2005,227975,2,-9.5164,7268,7569,301,0.9602325274144536
ion_channel,D01287,9270,Ethynodiol Diacetate,hsa:6328,Q9NY46,2,31,9,1,384.5,384.2300595,52.6,758,0,0,4,5,28,0,7,7,0,0,0,0,1,303.5,7,2,0,0,0,4,1,0.8,6,6,3.9,384.5,2000,226294,0,-10.4309,7523,7569,46,0.9939225789404148
ion_channel,D01287,9270,Ethynodiol Diacetate,hsa:6329,P35499,1,31,9,1,384.5,384.2300595,52.6,758,0,0,4,5,28,0,7,7,0,0,0,0,1,303.5,7,2,0,0,0,4,1,0.8,6,6,3.9,384.5,1836,208061,1,-9.118,7026,7569,543,0.928260007927071
ion_channel,D01287,9270,Ethynodiol Diacetate,hsa:6331,Q14524,1,36,9,1,384.5,384.2300595,52.6,758,0,0,4,5,28,0,7,7,0,0,0,0,1,303.5,7,2,0,0,0,4,1,0.8,6,6,3.9,384.5,2016,226940,9,-8.8393,6774,7569,795,0.894966309948474
ion_channel,D01287,9270,Ethynodiol Diacetate,hsa:6335,Q15858,1,23,9,1,384.5,384.2300595,52.6,758,0,0,4,5,28,0,7,7,0,0,0,0,1,303.5,7,2,0,0,0,4,1,0.8,6,6,3.9,384.5,1988,226372,0,-8.8388,6772,7569,797,0.8947020742502312
ion_channel,D01287,9270,Ethynodiol Diacetate,hsa:6336,Q9Y5Y9,1,24,9,1,384.5,384.2300595,52.6,758,0,0,4,5,28,0,7,7,0,0,0,0,1,303.5,7,2,0,0,0,4,1,0.8,6,6,3.9,384.5,1956,220626,0,-9.4067,7222,7569,347,0.9541551063548686
ion_channel,D01350,5282415,Dinoprost Tromethamine,hsa:6261,P21817,1,17,3,1,475.6,475.3145174,185,486,0,8,9,15,33,0,5,5,0,2,2,0,2,,,,,,,,,,,0,,475.6,5038,565176,0,-8.2796,6167,7418,1251,0.831356160690213
ion_channel,D01350,5282415,Dinoprost Tromethamine,hsa:6262,Q92736,1,16,3,1,475.6,475.3145174,185,486,0,8,9,15,33,0,5,5,0,2,2,0,2,,,,,,,,,,,0,,475.6,4967,564567,3,-8.9372,6950,7418,468,0.9369102183877056
ion_channel,D01350,5282415,Dinoprost Tromethamine,hsa:6263,Q15413,1,16,3,1,475.6,475.3145174,185,486,0,8,9,15,33,0,5,5,0,2,2,0,2,,,,,,,,,,,0,,475.6,4870,552042,0,-7.8254,5290,7418,2128,0.7131302237799946
ion_channel,D01450,64119,Caffeine Monohydrate,hsa:3752,Q9UK17,1,4,12,1,212.21,212.0909403,59.4,293,0,1,4,0,15,0,0,0,0,0,0,0,2,,,,,,,,,,,0,,212.21,655,73451,1,-1.6376,3568,7614,4046,0.46861045442605725
ion_channel,D01450,64119,Caffeine Monohydrate,hsa:6323,P35498,1,27,12,1,212.21,212.0909403,59.4,293,0,1,4,0,15,0,0,0,0,0,0,0,2,,,,,,,,,,,0,,212.21,2009,228972,0,-1.929,6916,7614,698,0.9083267664827949
ion_channel,D01450,64119,Caffeine Monohydrate,hsa:6326,Q99250,1,23,12,1,212.21,212.0909403,59.4,293,0,1,4,0,15,0,0,0,0,0,0,0,2,,,,,,,,,,,0,,212.21,2005,227975,2,-1.7986,5790,7614,1824,0.760441292356186
ion_channel,D01450,64119,Caffeine Monohydrate,hsa:6328,Q9NY46,2,31,12,1,212.21,212.0909403,59.4,293,0,1,4,0,15,0,0,0,0,0,0,0,2,,,,,,,,,,,0,,212.21,2000,226294,0,-2.0618,7459,7614,155,0.9796427633307065
ion_channel,D01450,64119,Caffeine Monohydrate,hsa:6329,P35499,1,31,12,1,212.21,212.0909403,59.4,293,0,1,4,0,15,0,0,0,0,0,0,0,2,,,,,,,,,,,0,,212.21,1836,208061,1,-1.6876,4293,7614,3321,0.5638297872340425
ion_channel,D01450,64119,Caffeine Monohydrate,hsa:6331,Q14524,1,36,12,1,212.21,212.0909403,59.4,293,0,1,4,0,15,0,0,0,0,0,0,0,2,,,,,,,,,,,0,,212.21,2016,226940,9,-1.7304,4914,7614,2700,0.6453900709219859
ion_channel,D01450,64119,Caffeine Monohydrate,hsa:6335,Q15858,1,23,12,1,212.21,212.0909403,59.4,293,0,1,4,0,15,0,0,0,0,0,0,0,2,,,,,,,,,,,0,,212.21,1988,226372,0,-1.7781,5567,7614,2047,0.7311531389545574
ion_channel,D01450,64119,Caffeine Monohydrate,hsa:6336,Q9Y5Y9,1,24,12,1,212.21,212.0909403,59.4,293,0,1,4,0,15,0,0,0,0,0,0,0,2,,,,,,,,,,,0,,212.21,1956,220626,0,-2.0135,7327,7614,287,0.9623062779091148
ion_channel,D01453,27072,"2-Propanol, 1-(2-chloro-5-methylphenoxy)-3-((1,1-dimethylethyl)amino)-, hydrochloride (1:1)",hsa:1080,P13569,1,5,5,1,308.2,307.1105844,41.5,242,0,3,3,6,19,0,1,0,1,0,0,0,2,,,,,,,,,,,0,,308.2,1480,168142,121,-7.3061,6600,7398,798,0.8921330089213301
ion_channel,D01453,27072,"2-Propanol, 1-(2-chloro-5-methylphenoxy)-3-((1,1-dimethylethyl)amino)-, hydrochloride (1:1)",hsa:3783,O15554,1,9,5,1,308.2,307.1105844,41.5,242,0,3,3,6,19,0,1,0,1,0,0,0,2,,,,,,,,,,,0,,308.2,427,47696,10,-6.4948,4960,7398,2438,0.6704514733711814
ion_channel,D01453,27072,"2-Propanol, 1-(2-chloro-5-methylphenoxy)-3-((1,1-dimethylethyl)amino)-, hydrochloride (1:1)",hsa:6261,P21817,1,17,5,1,308.2,307.1105844,41.5,242,0,3,3,6,19,0,1,0,1,0,0,0,2,,,,,,,,,,,0,,308.2,5038,565176,0,-6.5467,5083,7398,2315,0.6870775885374426
ion_channel,D01453,27072,"2-Propanol, 1-(2-chloro-5-methylphenoxy)-3-((1,1-dimethylethyl)amino)-, hydrochloride (1:1)",hsa:6262,Q92736,1,16,5,1,308.2,307.1105844,41.5,242,0,3,3,6,19,0,1,0,1,0,0,0,2,,,,,,,,,,,0,,308.2,4967,564567,3,-6.6631,5360,7398,2038,0.7245201405785348
ion_channel,D01453,27072,"2-Propanol, 1-(2-chloro-5-methylphenoxy)-3-((1,1-dimethylethyl)amino)-, hydrochloride (1:1)",hsa:6263,Q15413,1,16,5,1,308.2,307.1105844,41.5,242,0,3,3,6,19,0,1,0,1,0,0,0,2,,,,,,,,,,,0,,308.2,4870,552042,0,-6.4374,4808,7398,2590,0.6499053798323872
ion_channel,D01712,157313,Epinastine Hydrochloride,hsa:1080,P13569,1,5,5,1,285.77,285.1032752,41.6,378,0,2,1,0,20,0,1,0,1,0,0,0,2,,,,,,,,,,,0,,285.77,1480,168142,121,-9.2333,6693,7164,471,0.9342546063651591
ion_channel,D01712,157313,Epinastine Hydrochloride,hsa:3783,O15554,1,9,5,1,285.77,285.1032752,41.6,378,0,2,1,0,20,0,1,0,1,0,0,0,2,,,,,,,,,,,0,,285.77,427,47696,10,-7.3416,3686,7164,3478,0.5145170295924065
ion_channel,D01712,157313,Epinastine Hydrochloride,hsa:6261,P21817,1,17,5,1,285.77,285.1032752,41.6,378,0,2,1,0,20,0,1,0,1,0,0,0,2,,,,,,,,,,,0,,285.77,5038,565176,0,-7.6666,4437,7164,2727,0.6193467336683417
ion_channel,D01712,157313,Epinastine Hydrochloride,hsa:6262,Q92736,1,16,5,1,285.77,285.1032752,41.6,378,0,2,1,0,20,0,1,0,1,0,0,0,2,,,,,,,,,,,0,,285.77,4967,564567,3,-7.8001,4735,7164,2429,0.6609436069235064
ion_channel,D01712,157313,Epinastine Hydrochloride,hsa:6263,Q15413,1,16,5,1,285.77,285.1032752,41.6,378,0,2,1,0,20,0,1,0,1,0,0,0,2,,,,,,,,,,,0,,285.77,4870,552042,0,-7.6001,4280,7164,2884,0.5974316024567281
ion_channel,D01799,71793,Glyclopyramide,hsa:3767,Q14654,2,6,1,1,303.77,303.0444402,86.9,409,0,2,4,3,19,0,0,0,0,0,0,0,1,214.4,7,3,2,0,0,2,0,0.8,6,10,0.9,303.77,390,43526,3,-6.2748,3114,7322,4208,0.42529363561868344
ion_channel,D01969,119442,Gallopamil Hydrochloride,hsa:779,Q13698,1,18,2,1,521.1,520.2704001,73.2,639,0,1,7,14,36,0,1,0,1,0,0,0,2,,,,,,,,,,,0,,521.1,1873,212350,6,-4.115,271,6838,6567,0.03963147119040655
ion_channel,D02041,656664,Tropisetron hydrochloride,hsa:2741,P23415,1,10,8,1,320.8,320.1291556,45.3,400,0,2,3,3,22,0,2,2,0,0,0,0,2,,,,,,,,,,,0,,320.8,457,52624,4,-6.8078,3951,7392,3441,0.5344967532467533
ion_channel,D02041,656664,Tropisetron hydrochloride,hsa:2742,P23416,1,5,8,1,320.8,320.1291556,45.3,400,0,2,3,3,22,0,2,2,0,0,0,0,2,,,,,,,,,,,0,,320.8,452,52002,0,-6.466,2945,7392,4447,0.3984036796536797
ion_channel,D02041,656664,Tropisetron hydrochloride,hsa:8001,O75311,2,1,8,1,320.8,320.1291556,45.3,400,0,2,3,3,22,0,2,2,0,0,0,0,2,,,,,,,,,,,0,,320.8,464,53800,1,-6.5988,3341,7392,4051,0.4519751082251082
ion_channel,D02088,108173,Tocainide Hydrochloride,hsa:6328,Q9NY46,2,31,7,1,228.72,228.1029409,55.1,195,0,3,2,2,15,0,1,0,1,0,0,0,2,,,,,,,,,,,0,,228.72,2000,226294,0,-6.7372,6884,7531,647,0.9140884344708538
ion_channel,D02088,108173,Tocainide Hydrochloride,hsa:6329,P35499,1,31,7,1,228.72,228.1029409,55.1,195,0,3,2,2,15,0,1,0,1,0,0,0,2,,,,,,,,,,,0,,228.72,1836,208061,1,-6.4455,6310,7531,1221,0.8378701367680255
ion_channel,D02088,108173,Tocainide Hydrochloride,hsa:6331,Q14524,1,36,7,1,228.72,228.1029409,55.1,195,0,3,2,2,15,0,1,0,1,0,0,0,2,,,,,,,,,,,0,,228.72,2016,226940,9,-6.0202,5171,7531,2360,0.6866286017793122
ion_channel,D02173,121587,Galantamine Hydrobromide,hsa:1134,P02708,2,11,9,1,368.3,367.07831,41.9,440,0,2,4,1,22,0,3,3,0,0,0,0,2,,,,,,,,,,,0,,368.3,457,51839,0,-7.0375,4451,7392,2941,0.6021374458874459
ion_channel,D02173,121587,Galantamine Hydrobromide,hsa:1135,Q15822,1,20,9,1,368.3,367.07831,41.9,440,0,2,4,1,22,0,3,3,0,0,0,0,2,,,,,,,,,,,0,,368.3,529,59765,0,-6.385,2490,7392,4902,0.33685064935064934
ion_channel,D02173,121587,Galantamine Hydrobromide,hsa:1137,P43681,3,13,9,1,368.3,367.07831,41.9,440,0,2,4,1,22,0,3,3,0,0,0,0,2,,,,,,,,,,,0,,368.3,627,69957,9,-7.3549,5283,7392,2109,0.7146915584415584
ion_channel,D02173,121587,Galantamine Hydrobromide,hsa:1139,P36544,1,11,9,1,368.3,367.07831,41.9,440,0,2,4,1,22,0,3,3,0,0,0,0,2,,,,,,,,,,,0,,368.3,502,56449,9,-6.8324,3841,7392,3551,0.5196158008658008
ion_channel,D02173,121587,Galantamine Hydrobromide,hsa:55584,Q9UGM1,1,14,9,1,368.3,367.07831,41.9,440,0,2,4,1,22,0,3,3,0,0,0,0,2,,,,,,,,,,,0,,368.3,479,54807,1,-6.8332,3844,7392,3548,0.520021645021645
ion_channel,D02347,6914273,Dantrolene,hsa:6261,P21817,1,17,1,1,314.25,314.0651194,121,524,0,1,6,3,23,0,0,0,0,1,1,0,1,230.2,11,6,1,1,0,3,0,0.8,4.6,8,1.7,314.25,5038,565176,0,-7.9902,5132,7393,2261,0.6941701609630732
ion_channel,D02356,2520,Verapamil,hsa:10008,Q9Y6H6,2,2,121,1,454.6,454.2831577,64,606,0,0,6,13,33,0,1,0,1,0,0,0,1,372.3,10,5,0,0,1,2,2,1.2,13,10,3.8,454.6,103,11710,0,-4.6038,636,7445,6809,0.08542646071188717
ion_channel,D02356,2520,Verapamil,hsa:27345,Q86W47,1,2,121,1,454.6,454.2831577,64,606,0,0,6,13,33,0,1,0,1,0,0,0,1,372.3,10,5,0,0,1,2,2,1.2,13,10,3.8,454.6,210,23949,2,-5.7763,2961,7445,4484,0.3977165883143049
ion_channel,D02356,2520,Verapamil,hsa:3738,P22001,1,7,121,1,454.6,454.2831577,64,606,0,0,6,13,33,0,1,0,1,0,0,0,1,372.3,10,5,0,0,1,2,2,1.2,13,10,3.8,454.6,575,63842,3,-7.6965,6973,7445,472,0.9366017461383479
ion_channel,D02356,2520,Verapamil,hsa:3745,Q14721,1,2,121,1,454.6,454.2831577,64,606,0,0,6,13,33,0,1,0,1,0,0,0,1,372.3,10,5,0,0,1,2,2,1.2,13,10,3.8,454.6,858,95878,0,-5.8212,3096,7445,4349,0.415849563465413
ion_channel,D02356,2520,Verapamil,hsa:3746,P48547,1,5,121,1,454.6,454.2831577,64,606,0,0,6,13,33,0,1,0,1,0,0,0,1,372.3,10,5,0,0,1,2,2,1.2,13,10,3.8,454.6,511,57942,3,-5.4397,2048,7445,5397,0.27508394895903293
ion_channel,D02356,2520,Verapamil,hsa:3749,Q03721,1,2,121,1,454.6,454.2831577,64,606,0,0,6,13,33,0,1,0,1,0,0,0,1,372.3,10,5,0,0,1,2,2,1.2,13,10,3.8,454.6,635,69767,1,-3.9197,259,7445,7186,0.03478844862323707
ion_channel,D02356,2520,Verapamil,hsa:3751,Q9NZV8,1,2,121,1,454.6,454.2831577,64,606,0,0,6,13,33,0,1,0,1,0,0,0,1,372.3,10,5,0,0,1,2,2,1.2,13,10,3.8,454.6,630,70537,3,-7.2071,6449,7445,996,0.8662189388851578
ion_channel,D02356,2520,Verapamil,hsa:3752,Q9UK17,1,4,121,1,454.6,454.2831577,64,606,0,0,6,13,33,0,1,0,1,0,0,0,1,372.3,10,5,0,0,1,2,2,1.2,13,10,3.8,454.6,655,73451,1,-6.7685,5635,7445,1810,0.7568838146406984
ion_channel,D02356,2520,Verapamil,hsa:3753,P15382,3,3,121,1,454.6,454.2831577,64,606,0,0,6,13,33,0,1,0,1,0,0,0,1,372.3,10,5,0,0,1,2,2,1.2,13,10,3.8,454.6,129,14675,2,-5.757,2906,7445,4539,0.390329079919409
ion_channel,D02356,2520,Verapamil,hsa:3756,O95259,1,4,121,1,454.6,454.2831577,64,606,0,0,6,13,33,0,1,0,1,0,0,0,1,372.3,10,5,0,0,1,2,2,1.2,13,10,3.8,454.6,989,111423,6,-4.5171,565,7445,6880,0.07588985896574882
ion_channel,D02356,2520,Verapamil,hsa:3757,Q12809,2,10,121,1,454.6,454.2831577,64,606,0,0,6,13,33,0,1,0,1,0,0,0,1,372.3,10,5,0,0,1,2,2,1.2,13,10,3.8,454.6,1159,126655,3,-6.4579,4895,7445,2550,0.6574882471457354
ion_channel,D02356,2520,Verapamil,hsa:3759,P63252,1,2,121,1,454.6,454.2831577,64,606,0,0,6,13,33,0,1,0,1,0,0,0,1,372.3,10,5,0,0,1,2,2,1.2,13,10,3.8,454.6,427,48288,8,-3.5661,163,7445,7282,0.021893888515782403
ion_channel,D02356,2520,Verapamil,hsa:3761,P48050,1,2,121,1,454.6,454.2831577,64,606,0,0,6,13,33,0,1,0,1,0,0,0,1,372.3,10,5,0,0,1,2,2,1.2,13,10,3.8,454.6,445,49500,1,-3.5648,162,7445,7283,0.021759570181329752
ion_channel,D02356,2520,Verapamil,hsa:3765,Q92806,1,2,121,1,454.6,454.2831577,64,606,0,0,6,13,33,0,1,0,1,0,0,0,1,372.3,10,5,0,0,1,2,2,1.2,13,10,3.8,454.6,393,44020,1,-3.535,156,7445,7289,0.020953660174613836
ion_channel,D02356,2520,Verapamil,hsa:3775,O00180,1,3,121,1,454.6,454.2831577,64,606,0,0,6,13,33,0,1,0,1,0,0,0,1,372.3,10,5,0,0,1,2,2,1.2,13,10,3.8,454.6,336,38143,9,-6.1383,4006,7445,3439,0.5380792478173271
ion_channel,D02356,2520,Verapamil,hsa:3778,Q12791,1,12,121,1,454.6,454.2831577,64,606,0,0,6,13,33,0,1,0,1,0,0,0,1,372.3,10,5,0,0,1,2,2,1.2,13,10,3.8,454.6,1236,137560,5,-6.7342,5580,7445,1865,0.7494963062458025
ion_channel,D02356,2520,Verapamil,hsa:3781,Q9H2S1,1,11,121,1,454.6,454.2831577,64,606,0,0,6,13,33,0,1,0,1,0,0,0,1,372.3,10,5,0,0,1,2,2,1.2,13,10,3.8,454.6,579,63760,1,-6.1882,4143,7445,3302,0.5564808596373405
ion_channel,D02356,2520,Verapamil,hsa:3783,O15554,1,9,121,1,454.6,454.2831577,64,606,0,0,6,13,33,0,1,0,1,0,0,0,1,372.3,10,5,0,0,1,2,2,1.2,13,10,3.8,454.6,427,47696,10,-6.5466,5124,7445,2321,0.6882471457353929
ion_channel,D02356,2520,Verapamil,hsa:3784,P51787,2,5,121,1,454.6,454.2831577,64,606,0,0,6,13,33,0,1,0,1,0,0,0,1,372.3,10,5,0,0,1,2,2,1.2,13,10,3.8,454.6,676,74699,2,-5.9688,3557,7445,3888,0.477770315648086
ion_channel,D02356,2520,Verapamil,hsa:3785,O43526,1,2,121,1,454.6,454.2831577,64,606,0,0,6,13,33,0,1,0,1,0,0,0,1,372.3,10,5,0,0,1,2,2,1.2,13,10,3.8,454.6,872,95848,1,-6.5104,5031,7445,2414,0.6757555406312962
ion_channel,D02356,2520,Verapamil,hsa:3786,O43525,1,2,121,1,454.6,454.2831577,64,606,0,0,6,13,33,0,1,0,1,0,0,0,1,372.3,10,5,0,0,1,2,2,1.2,13,10,3.8,454.6,872,96742,0,-6.2321,4268,7445,3177,0.5732706514439221
ion_channel,D02356,2520,Verapamil,hsa:50801,Q9NYG8,2,2,121,1,454.6,454.2831577,64,606,0,0,6,13,33,0,1,0,1,0,0,0,1,372.3,10,5,0,0,1,2,2,1.2,13,10,3.8,454.6,393,42704,2,-6.3062,4480,7445,2965,0.6017461383478845
ion_channel,D02356,2520,Verapamil,hsa:51305,Q9NPC2,1,2,121,1,454.6,454.2831577,64,606,0,0,6,13,33,0,1,0,1,0,0,0,1,372.3,10,5,0,0,1,2,2,1.2,13,10,3.8,454.6,374,42264,0,-2.6483,44,7445,7401,0.005910006715916722
ion_channel,D02356,2520,Verapamil,hsa:5310,P98161,1,10,121,1,454.6,454.2831577,64,606,0,0,6,13,33,0,1,0,1,0,0,0,1,372.3,10,5,0,0,1,2,2,1.2,13,10,3.8,454.6,4303,462529,6,-7.2125,6460,7445,985,0.867696440564137
ion_channel,D02356,2520,Verapamil,hsa:54207,P57789,1,4,121,1,454.6,454.2831577,64,606,0,0,6,13,33,0,1,0,1,0,0,0,1,372.3,10,5,0,0,1,2,2,1.2,13,10,3.8,454.6,538,59765,0,-5.5517,2344,7445,5101,0.31484217595701813
ion_channel,D02356,2520,Verapamil,hsa:55503,Q9H1D0,1,9,121,1,454.6,454.2831577,64,606,0,0,6,13,33,0,1,0,1,0,0,0,1,372.3,10,5,0,0,1,2,2,1.2,13,10,3.8,454.6,765,87286,1,-6.9957,6086,7445,1359,0.8174613834788449
ion_channel,D02356,2520,Verapamil,hsa:55800,Q9NY72,1,8,121,1,454.6,454.2831577,64,606,0,0,6,13,33,0,1,0,1,0,0,0,1,372.3,10,5,0,0,1,2,2,1.2,13,10,3.8,454.6,215,24702,103,-5.4073,1972,7445,5473,0.2648757555406313
ion_channel,D02356,2520,Verapamil,hsa:56479,Q9NR82,1,2,121,1,454.6,454.2831577,64,606,0,0,6,13,33,0,1,0,1,0,0,0,1,372.3,10,5,0,0,1,2,2,1.2,13,10,3.8,454.6,932,102179,0,-4.5384,578,7445,6867,0.07763599731363331
ion_channel,D02356,2520,Verapamil,hsa:6261,P21817,1,17,121,1,454.6,454.2831577,64,606,0,0,6,13,33,0,1,0,1,0,0,0,1,372.3,10,5,0,0,1,2,2,1.2,13,10,3.8,454.6,5038,565176,0,-7.0534,6201,7445,1244,0.8329079919408999
ion_channel,D02356,2520,Verapamil,hsa:6262,Q92736,1,16,121,1,454.6,454.2831577,64,606,0,0,6,13,33,0,1,0,1,0,0,0,1,372.3,10,5,0,0,1,2,2,1.2,13,10,3.8,454.6,4967,564567,3,-7.013,6123,7445,1322,0.822431161853593
ion_channel,D02356,2520,Verapamil,hsa:6263,Q15413,1,16,121,1,454.6,454.2831577,64,606,0,0,6,13,33,0,1,0,1,0,0,0,1,372.3,10,5,0,0,1,2,2,1.2,13,10,3.8,454.6,4870,552042,0,-6.5748,5191,7445,2254,0.6972464741437207
ion_channel,D02356,2520,Verapamil,hsa:6324,Q07699,1,8,121,1,454.6,454.2831577,64,606,0,0,6,13,33,0,1,0,1,0,0,0,1,372.3,10,5,0,0,1,2,2,1.2,13,10,3.8,454.6,218,24707,1,-4.9628,1047,7445,6398,0.14063129617192746
ion_channel,D02356,2520,Verapamil,hsa:6330,Q8IWT1,2,8,121,1,454.6,454.2831577,64,606,0,0,6,13,33,0,1,0,1,0,0,0,1,372.3,10,5,0,0,1,2,2,1.2,13,10,3.8,454.6,228,24969,1,-6.16,4067,7445,3378,0.5462726662189389
ion_channel,D02356,2520,Verapamil,hsa:6337,P37088,1,9,121,1,454.6,454.2831577,64,606,0,0,6,13,33,0,1,0,1,0,0,0,1,372.3,10,5,0,0,1,2,2,1.2,13,10,3.8,454.6,669,75704,2,-7.6041,6886,7445,559,0.9249160510409671
ion_channel,D02356,2520,Verapamil,hsa:6338,P51168,2,9,121,1,454.6,454.2831577,64,606,0,0,6,13,33,0,1,0,1,0,0,0,1,372.3,10,5,0,0,1,2,2,1.2,13,10,3.8,454.6,640,72659,1,-4.8034,852,7445,6593,0.11443922095366017
ion_channel,D02356,2520,Verapamil,hsa:6340,P51170,2,9,121,1,454.6,454.2831577,64,606,0,0,6,13,33,0,1,0,1,0,0,0,1,372.3,10,5,0,0,1,2,2,1.2,13,10,3.8,454.6,649,74270,1,-7.0583,6215,7445,1230,0.8347884486232371
ion_channel,D02356,2520,Verapamil,hsa:773,O00555,1,14,121,1,454.6,454.2831577,64,606,0,0,6,13,33,0,1,0,1,0,0,0,1,372.3,10,5,0,0,1,2,2,1.2,13,10,3.8,454.6,2506,282564,18,-4.9486,1021,7445,6424,0.1371390194761585
ion_channel,D02356,2520,Verapamil,hsa:776,Q01668,2,15,121,1,454.6,454.2831577,64,606,0,0,6,13,33,0,1,0,1,0,0,0,1,372.3,10,5,0,0,1,2,2,1.2,13,10,3.8,454.6,2161,245141,1,-7.5499,6833,7445,612,0.9177971793149765
ion_channel,D02356,2520,Verapamil,hsa:777,Q15878,2,10,121,1,454.6,454.2831577,64,606,0,0,6,13,33,0,1,0,1,0,0,0,1,372.3,10,5,0,0,1,2,2,1.2,13,10,3.8,454.6,2313,261731,0,-7.6807,6957,7445,488,0.9344526527871054
ion_channel,D02356,2520,Verapamil,hsa:779,Q13698,1,18,121,1,454.6,454.2831577,64,606,0,0,6,13,33,0,1,0,1,0,0,0,1,372.3,10,5,0,0,1,2,2,1.2,13,10,3.8,454.6,1873,212350,6,-4.0314,304,7445,7141,0.040832773673606444
ion_channel,D02356,2520,Verapamil,hsa:781,P54289,1,12,121,1,454.6,454.2831577,64,606,0,0,6,13,33,0,1,0,1,0,0,0,1,372.3,10,5,0,0,1,2,2,1.2,13,10,3.8,454.6,1103,124568,0,-5.7827,2975,7445,4470,0.39959704499664206
ion_channel,D02356,2520,Verapamil,hsa:782,Q02641,1,10,121,1,454.6,454.2831577,64,606,0,0,6,13,33,0,1,0,1,0,0,0,1,372.3,10,5,0,0,1,2,2,1.2,13,10,3.8,454.6,598,65714,3,-6.4298,4819,7445,2626,0.6472800537273338
ion_channel,D02356,2520,Verapamil,hsa:784,P54284,1,9,121,1,454.6,454.2831577,64,606,0,0,6,13,33,0,1,0,1,0,0,0,1,372.3,10,5,0,0,1,2,2,1.2,13,10,3.8,454.6,484,54532,9,-6.5219,5061,7445,2384,0.6797850906648758
ion_channel,D02356,2520,Verapamil,hsa:785,O00305,1,9,121,1,454.6,454.2831577,64,606,0,0,6,13,33,0,1,0,1,0,0,0,1,372.3,10,5,0,0,1,2,2,1.2,13,10,3.8,454.6,520,58169,4,-5.0002,1112,7445,6333,0.14936198791134989
ion_channel,D02356,2520,Verapamil,hsa:8514,Q13303,1,2,121,1,454.6,454.2831577,64,606,0,0,6,13,33,0,1,0,1,0,0,0,1,372.3,10,5,0,0,1,2,2,1.2,13,10,3.8,454.6,367,41000,4,-5.9328,3450,7445,3995,0.4633982538616521
ion_channel,D02356,2520,Verapamil,hsa:8913,O43497,1,17,121,1,454.6,454.2831577,64,606,0,0,6,13,33,0,1,0,1,0,0,0,1,372.3,10,5,0,0,1,2,2,1.2,13,10,3.8,454.6,2377,262472,0,-6.9819,6063,7445,1382,0.8143720617864338
ion_channel,D02356,2520,Verapamil,hsa:8989,O75762,1,9,121,1,454.6,454.2831577,64,606,0,0,6,13,33,0,1,0,1,0,0,0,1,372.3,10,5,0,0,1,2,2,1.2,13,10,3.8,454.6,1119,127501,1,-6.5,5004,7445,2441,0.6721289456010745
ion_channel,D02356,2520,Verapamil,hsa:9132,P56696,2,3,121,1,454.6,454.2831577,64,606,0,0,6,13,33,0,1,0,1,0,0,0,1,372.3,10,5,0,0,1,2,2,1.2,13,10,3.8,454.6,695,77101,0,-5.8781,3280,7445,4165,0.44056413700470115
ion_channel,D02356,2520,Verapamil,hsa:9992,Q9Y6J6,1,2,121,1,454.6,454.2831577,64,606,0,0,6,13,33,0,1,0,1,0,0,0,1,372.3,10,5,0,0,1,2,2,1.2,13,10,3.8,454.6,123,14472,0,-5.5623,2380,7445,5065,0.31967763599731364
ion_channel,D02360,68617,Sertraline,hsa:6532,P31645,2,6,1,1,306.2,305.0738049,12,322,0,1,1,2,20,0,2,2,0,0,0,0,1,229.9,5,0,1,0,1,3,0,0.6,2.8,10,4.8,306.2,630,70325,0,-10.0571,7488,7525,37,0.9950830564784053
ion_channel,D02362,43815,Paroxetine,hsa:6532,P31645,2,6,1,1,329.4,329.1427217,39.7,402,0,1,5,4,24,0,2,2,0,0,0,0,1,252.1,9,3,1,0,1,4,0,0.8,5.8,10,3.5,329.4,630,70325,0,-10.6863,7439,7460,21,0.9971849865951743
ion_channel,D02409,23669229,Sodium caffeine benzoate,hsa:1080,P13569,1,5,5,1,338.29,338.0990993,98.6,401,0,0,5,1,24,0,0,0,0,0,0,0,3,,,,,,,,,,,0,,338.29,1480,168142,121,-1.2496,3788,7613,3825,0.4975699461447524
ion_channel,D02409,23669229,Sodium caffeine benzoate,hsa:3783,O15554,1,9,5,1,338.29,338.0990993,98.6,401,0,0,5,1,24,0,0,0,0,0,0,0,3,,,,,,,,,,,0,,338.29,427,47696,10,-1.2559,3964,7613,3649,0.5206882963352161
ion_channel,D02409,23669229,Sodium caffeine benzoate,hsa:6261,P21817,1,17,5,1,338.29,338.0990993,98.6,401,0,0,5,1,24,0,0,0,0,0,0,0,3,,,,,,,,,,,0,,338.29,5038,565176,0,-1.2034,2808,7613,4805,0.36884276894785234
ion_channel,D02409,23669229,Sodium caffeine benzoate,hsa:6262,Q92736,1,16,5,1,338.29,338.0990993,98.6,401,0,0,5,1,24,0,0,0,0,0,0,0,3,,,,,,,,,,,0,,338.29,4967,564567,3,-1.3512,5985,7613,1628,0.786155260738211
ion_channel,D02409,23669229,Sodium caffeine benzoate,hsa:6263,Q15413,1,16,5,1,338.29,338.0990993,98.6,401,0,0,5,1,24,0,0,0,0,0,0,0,3,,,,,,,,,,,0,,338.29,4870,552042,0,-1.3025,5070,7613,2543,0.665966110600289
ion_channel,D02461,22502,"4-Thia-1-azabicyclo(3.2.0)heptane-2-carboxylic acid, 3,3-dimethyl-7-oxo-6-((phenylacetyl)amino)-(2S,5R,6R)-, compd. with 2-(diethylamino)ethyl 4-aminobenzoate, hydrate (1:1:1)",hsa:2554,P14867,2,32,6,1,588.7,588.2617708,169,752,0,4,10,11,41,0,3,3,0,0,0,0,3,,,,,,,,,,,0,,588.7,456,51802,0,-7.7239,3824,7204,3380,0.5308162132148806
ion_channel,D02461,22502,"4-Thia-1-azabicyclo(3.2.0)heptane-2-carboxylic acid, 3,3-dimethyl-7-oxo-6-((phenylacetyl)amino)-(2S,5R,6R)-, compd. with 2-(diethylamino)ethyl 4-aminobenzoate, hydrate (1:1:1)",hsa:2557,P48169,2,16,6,1,588.7,588.2617708,169,752,0,4,10,11,41,0,3,3,0,0,0,0,3,,,,,,,,,,,0,,588.7,554,61623,0,-8.2467,5079,7204,2125,0.7050249861188229
ion_channel,D02461,22502,"4-Thia-1-azabicyclo(3.2.0)heptane-2-carboxylic acid, 3,3-dimethyl-7-oxo-6-((phenylacetyl)amino)-(2S,5R,6R)-, compd. with 2-(diethylamino)ethyl 4-aminobenzoate, hydrate (1:1:1)",hsa:2558,P31644,1,16,6,1,588.7,588.2617708,169,752,0,4,10,11,41,0,3,3,0,0,0,0,3,,,,,,,,,,,0,,588.7,462,52146,0,-8.2988,5183,7204,2021,0.7194614103275958
ion_channel,D02546,11954253,Kainic acid monohydrate,hsa:2897,P39086,1,3,5,1,231.25,231.1106726,87.6,300,0,4,6,4,16,0,3,3,0,0,0,0,2,,,,,,,,,,,0,,231.25,918,103981,0,-1.587,2950,7613,4663,0.3874950742151583
ion_channel,D02546,11954253,Kainic acid monohydrate,hsa:2898,Q13002,4,1,5,1,231.25,231.1106726,87.6,300,0,4,6,4,16,0,3,3,0,0,0,0,2,,,,,,,,,,,0,,231.25,908,102583,0,-1.6614,3907,7613,3706,0.5132011033758045
ion_channel,D03180,2479,Butabarbital,hsa:2554,P14867,2,32,1,1,212.25,212.1160924,75.3,292,0,2,3,3,15,0,1,0,1,0,0,0,1,160.5,9,3,2,0,0,1,3,0.6,3.6,9,1.6,212.25,456,51802,0,-5.6387,4331,7532,3201,0.5750132766861391
ion_channel,D03580,9859832,"1R-cis-3,3,5-trimethylcyclohexyl ester5-oxo-L-proline",hsa:1134,P02708,2,11,9,1,253.34,253.1677936,55.4,351,0,1,3,3,18,0,3,3,0,0,0,0,1,200.9,6,2,1,0,0,2,1,0.6,5,10,2.6,253.34,457,51839,0,-5.876,2157,7525,5368,0.28664451827242526
ion_channel,D03580,9859832,"1R-cis-3,3,5-trimethylcyclohexyl ester5-oxo-L-proline",hsa:1135,Q15822,1,20,9,1,253.34,253.1677936,55.4,351,0,1,3,3,18,0,3,3,0,0,0,0,1,200.9,6,2,1,0,0,2,1,0.6,5,10,2.6,253.34,529,59765,0,-6.1992,3094,7525,4431,0.4111627906976744
ion_channel,D03580,9859832,"1R-cis-3,3,5-trimethylcyclohexyl ester5-oxo-L-proline",hsa:1136,P32297,1,14,9,1,253.34,253.1677936,55.4,351,0,1,3,3,18,0,3,3,0,0,0,0,1,200.9,6,2,1,0,0,2,1,0.6,5,10,2.6,253.34,505,57480,0,-5.9149,2281,7525,5244,0.3031229235880399
ion_channel,D03580,9859832,"1R-cis-3,3,5-trimethylcyclohexyl ester5-oxo-L-proline",hsa:1137,P43681,3,13,9,1,253.34,253.1677936,55.4,351,0,1,3,3,18,0,3,3,0,0,0,0,1,200.9,6,2,1,0,0,2,1,0.6,5,10,2.6,253.34,627,69957,9,-6.9903,5342,7525,2183,0.7099003322259136
ion_channel,D03580,9859832,"1R-cis-3,3,5-trimethylcyclohexyl ester5-oxo-L-proline",hsa:1139,P36544,1,11,9,1,253.34,253.1677936,55.4,351,0,1,3,3,18,0,3,3,0,0,0,0,1,200.9,6,2,1,0,0,2,1,0.6,5,10,2.6,253.34,502,56449,9,-6.4674,3947,7525,3578,0.5245182724252492
ion_channel,D03580,9859832,"1R-cis-3,3,5-trimethylcyclohexyl ester5-oxo-L-proline",hsa:55584,Q9UGM1,1,14,9,1,253.34,253.1677936,55.4,351,0,1,3,3,18,0,3,3,0,0,0,0,1,200.9,6,2,1,0,0,2,1,0.6,5,10,2.6,253.34,479,54807,1,-6.0172,2593,7525,4932,0.34458471760797343
ion_channel,D03742,5360696,Dextromethorphan,hsa:1135,Q15822,1,20,3,1,271.4,271.1936144,12.5,370,0,0,2,1,20,0,3,3,0,0,0,0,1,216.6,6,1,0,0,1,4,0,0.6,2.6,2,3.4,271.4,529,59765,0,-6.0136,1799,7525,5726,0.23906976744186045
ion_channel,D03742,5360696,Dextromethorphan,hsa:6532,P31645,2,6,3,1,271.4,271.1936144,12.5,370,0,0,2,1,20,0,3,3,0,0,0,0,1,216.6,6,1,0,0,1,4,0,0.6,2.6,2,3.4,271.4,630,70325,0,-8.9765,7452,7525,73,0.9902990033222592
ion_channel,D03878,6420042,Dizocilpine Maleate,hsa:2902,Q05586,1,3,8,1,337.4,337.1314081,86.6,432,0,3,5,2,25,0,2,2,0,1,1,0,2,,,,,,,,,,,0,,337.4,938,105373,5,-9.5958,4031,7519,3488,0.5361085250698231
ion_channel,D03878,6420042,Dizocilpine Maleate,hsa:2903,Q12879,2,3,8,1,337.4,337.1314081,86.6,432,0,3,5,2,25,0,2,2,0,1,1,0,2,,,,,,,,,,,0,,337.4,1464,165283,5,-11.2968,6858,7519,661,0.9120893735869131
ion_channel,D03878,6420042,Dizocilpine Maleate,hsa:2904,Q13224,2,3,8,1,337.4,337.1314081,86.6,432,0,3,5,2,25,0,2,2,0,1,1,0,2,,,,,,,,,,,0,,337.4,1484,166367,7,-10.2516,5415,7519,2104,0.720175555260008
ion_channel,D04034,23724898,Chlorpromazine phenolphthalinate,hsa:3781,Q9H2S1,1,11,2,1,639.2,638.2006065,110,725,0,3,7,8,45,0,0,0,0,0,0,0,2,,,,,,,,,,,0,,639.2,579,63760,1,-8.6325,1365,7197,5832,0.1896623593163818
ion_channel,D04985,9034,Methohexital,hsa:2554,P14867,2,32,1,1,262.3,262.1317424,66.5,497,0,1,3,3,19,0,2,0,2,0,0,0,1,207.1,8,3,1,0,0,1,3,0.6,3.6,10,2.3,262.3,456,51802,0,-5.5703,3451,7466,4015,0.4622287704259309
ion_channel,D05453,9795678,Phencyclidine Hydrochloride,hsa:1136,P32297,1,14,10,1,279.8,279.1753775,3.2,242,0,1,1,2,19,0,0,0,0,0,0,0,2,,,,,,,,,,,0,,279.8,505,57480,0,-6.1577,2736,6531,3795,0.41892512632062473
ion_channel,D05453,9795678,Phencyclidine Hydrochloride,hsa:1137,P43681,3,13,10,1,279.8,279.1753775,3.2,242,0,1,1,2,19,0,0,0,0,0,0,0,2,,,,,,,,,,,0,,279.8,627,69957,9,-7.3377,5373,6531,1158,0.8226917776757005
ion_channel,D05453,9795678,Phencyclidine Hydrochloride,hsa:1139,P36544,1,11,10,1,279.8,279.1753775,3.2,242,0,1,1,2,19,0,0,0,0,0,0,0,2,,,,,,,,,,,0,,279.8,502,56449,9,-6.4759,3564,6531,2967,0.5457050987597611
ion_channel,D05453,9795678,Phencyclidine Hydrochloride,hsa:55584,Q9UGM1,1,14,10,1,279.8,279.1753775,3.2,242,0,1,1,2,19,0,0,0,0,0,0,0,2,,,,,,,,,,,0,,279.8,479,54807,1,-6.8911,4532,6531,1999,0.6939212984229062
ion_channel,D06106,3032285,Thiamylal,hsa:2554,P14867,2,32,1,1,254.35,254.108899,90.3,346,0,2,3,5,17,0,1,0,1,0,0,0,1,197.9,9,3,2,0,0,1,3,0.8,5.6,10,3.2,254.35,456,51802,0,-5.2846,3712,7466,3754,0.4971872488615055
ion_channel,D06172,38945,Tocainide,hsa:6331,Q14524,1,36,1,1,192.26,192.1262631,55.1,195,0,2,2,2,14,0,1,0,1,0,0,0,1,159.1,5,1,2,0,1,1,0,0.6,3,5,0.8,192.26,2016,226940,9,-6.0254,5191,7532,2341,0.6891927774827403
nuclear_receptor,D00040,5997,Cholesterol,hsa:6095,P35398,1,2,1,1,386.7,386.3548661,20.2,591,0,1,1,5,28,0,8,8,0,0,0,0,1,325.9,9,1,1,0,0,4,3,0.8,7,8,8.7,386.7,523,58975,3,-11.4303,7562,7568,6,0.9992071881606766
nuclear_receptor,D00066,5994,Progesterone,hsa:2099,P03372,2,16,2,1,314.5,314.2245802,34.1,589,0,0,2,1,23,0,6,6,0,0,0,0,1,254.3,6,2,0,0,0,4,0,0.6,2.8,2,3.9,314.5,595,66216,75,-10.1335,7483,7572,89,0.9882461701003697
nuclear_receptor,D00066,5994,Progesterone,hsa:5241,P06401,1,10,2,1,314.5,314.2245802,34.1,589,0,0,2,1,23,0,6,6,0,0,0,0,1,254.3,6,2,0,0,0,4,0,0.6,2.8,2,3.9,314.5,933,98981,5,-11.2707,7565,7572,7,0.9990755414685684
nuclear_receptor,D00067,5870,Estrone,hsa:2099,P03372,2,16,1,1,270.4,270.1619799,37.3,418,0,1,2,0,20,0,4,4,0,0,0,0,1,216.5,6,1,1,0,0,4,0,0.6,1.2,1,3.1,270.4,595,66216,75,-10.2266,7421,7525,104,0.9861794019933555
nuclear_receptor,D00075,6013,Testosterone,hsa:367,P10275,2,8,1,1,288.4,288.2089301,37.3,508,0,1,2,0,21,0,6,6,0,0,0,0,1,230.1,7,2,1,0,0,4,0,0.6,1.8,1,3.3,288.4,920,99188,65,-7.8647,5242,7523,2281,0.6967964907616643
nuclear_receptor,D00088,5754,Cortisol,hsa:2908,P04150,2,5,1,1,362.5,362.2093241,94.8,684,0,3,5,2,26,0,7,7,0,0,0,0,1,274.5,12,5,3,0,0,4,0,0.8,3.8,2,1.6,362.5,777,85659,14,-7.6605,5234,7519,2285,0.6961032052134593
nuclear_receptor,D00094,444795,Retinoic Acid,hsa:190,P51843,2,1,9,1,300.4,300.2089301,37.3,567,0,1,2,5,22,0,0,0,0,4,4,0,1,258.7,7,2,0,1,0,1,3,0.8,5.8,10,6.3,300.4,470,51718,5,-5.5634,565,7523,6958,0.07510301741326599
nuclear_receptor,D00094,444795,Retinoic Acid,hsa:5914,P10276,2,4,9,1,300.4,300.2089301,37.3,567,0,1,2,5,22,0,0,0,0,4,4,0,1,258.7,7,2,0,1,0,1,3,0.8,5.8,10,6.3,300.4,462,50771,39,-11.0287,7520,7523,3,0.9996012229163898
nuclear_receptor,D00094,444795,Retinoic Acid,hsa:5915,P10826,1,3,9,1,300.4,300.2089301,37.3,567,0,1,2,5,22,0,0,0,0,4,4,0,1,258.7,7,2,0,1,0,1,3,0.8,5.8,10,6.3,300.4,455,50489,8,-10.132,7499,7523,24,0.9968097833311179
nuclear_receptor,D00094,444795,Retinoic Acid,hsa:5916,P13631,2,3,9,1,300.4,300.2089301,37.3,567,0,1,2,5,22,0,0,0,0,4,4,0,1,258.7,7,2,0,1,0,1,3,0.8,5.8,10,6.3,300.4,454,50342,6,-10.324,7511,7523,12,0.9984048916655589
nuclear_receptor,D00094,444795,Retinoic Acid,hsa:6097,P51449,2,1,9,1,300.4,300.2089301,37.3,567,0,1,2,5,22,0,0,0,0,4,4,0,1,258.7,7,2,0,1,0,1,3,0.8,5.8,10,6.3,300.4,518,58195,4,-8.5572,6954,7523,569,0.924365279808587
nuclear_receptor,D00094,444795,Retinoic Acid,hsa:6256,P19793,3,3,9,1,300.4,300.2089301,37.3,567,0,1,2,5,22,0,0,0,0,4,4,0,1,258.7,7,2,0,1,0,1,3,0.8,5.8,10,6.3,300.4,462,50811,19,-6.6745,3005,7523,4518,0.39944171208294565
nuclear_receptor,D00094,444795,Retinoic Acid,hsa:6257,P28702,2,3,9,1,300.4,300.2089301,37.3,567,0,1,2,5,22,0,0,0,0,4,4,0,1,258.7,7,2,0,1,0,1,3,0.8,5.8,10,6.3,300.4,533,56922,32,-7.4254,5186,7523,2337,0.689352651867606
nuclear_receptor,D00094,444795,Retinoic Acid,hsa:6258,P48443,2,3,9,1,300.4,300.2089301,37.3,567,0,1,2,5,22,0,0,0,0,4,4,0,1,258.7,7,2,0,1,0,1,3,0.8,5.8,10,6.3,300.4,463,50871,21,-8.0344,6361,7523,1162,0.845540342948292
nuclear_receptor,D00105,5757,Estradiol,hsa:2099,P03372,2,16,2,1,272.4,272.17763,40.5,382,0,2,2,0,20,0,5,5,0,0,0,0,1,217.1,7,1,2,0,0,4,0,0.6,1.4,1,4,272.4,595,66216,75,-10.1508,7482,7572,90,0.9881141045958796
nuclear_receptor,D00105,5757,Estradiol,hsa:2100,Q92731,2,5,2,1,272.4,272.17763,40.5,382,0,2,2,0,20,0,5,5,0,0,0,0,1,217.1,7,1,2,0,0,4,0,0.6,1.4,1,4,272.4,530,59216,20,-9.8433,7404,7572,168,0.9778129952456418
nuclear_receptor,D00129,5280453,Calcitriol,hsa:7421,P11473,2,5,1,1,416.6,416.3290453,60.7,688,0,3,3,6,30,0,6,6,0,2,2,0,1,345.7,12,3,3,0,0,3,3,1,8,10,5.1,416.6,427,48289,18,-9.367,7257,7566,309,0.9591593973037272
nuclear_receptor,D00143,8955,Pregnenolone,hsa:8856,O75469,1,3,1,1,316.5,316.2402303,37.3,550,0,1,2,1,23,0,7,7,0,0,0,0,1,256,7,2,1,0,0,4,0,0.6,3,2,4.2,316.5,434,49762,2,-8.8714,6900,7523,623,0.9171872923036023
nuclear_receptor,D00163,10133,Chenodeoxycholic Acid,hsa:9971,Q96RI1,1,1,1,1,392.6,392.2926598,77.8,605,0,3,4,4,28,0,10,10,0,0,0,0,1,310.5,12,4,2,1,0,4,1,0.8,6.2,5,4.9,392.6,486,55914,9,-7.4558,4480,7514,3034,0.5962203886079318
nuclear_receptor,D00182,6230,Norethindrone,hsa:5241,P06401,1,10,1,1,298.4,298.1932801,37.3,594,0,1,2,1,22,0,6,6,0,0,0,0,1,240.1,8,2,1,0,0,4,1,0.6,1.8,2,3,298.4,933,98981,5,-10.3546,7280,7331,51,0.9930432410312372
nuclear_receptor,D00187,5280793,Ergocalciferol,hsa:7421,P11473,2,5,1,1,396.6,396.339216,20.2,678,0,1,1,5,29,0,6,6,0,3,3,0,1,341.1,8,1,1,0,0,3,3,0.8,7,10,7.4,396.6,427,48289,18,-12.0797,7562,7567,5,0.9993392361569975
nuclear_receptor,D00188,5280795,Vitamin D3,hsa:7421,P11473,2,5,1,1,384.6,384.339216,20.2,610,0,1,1,6,28,0,5,5,0,2,2,0,1,330.1,8,1,1,0,0,3,3,1,8,8,7.9,384.6,427,48289,18,-11.9154,7563,7566,3,0.999603489294211
nuclear_receptor,D00211,135398735,Rifampicin,hsa:8856,O75469,1,3,1,1,822.9,822.4051233,220,1620,0,6,15,5,59,0,9,9,0,4,4,0,1,,,,,,,,,,,0,4.9,822.9,434,49762,2,-8.0929,4703,7031,2328,0.668894894040677
nuclear_receptor,D00246,5281004,Budesonide,hsa:2908,P04150,2,5,1,1,430.5,430.2355388,93.1,862,0,2,6,4,31,0,9,8,1,0,0,0,1,325.8,14,6,2,0,0,5,1,0.8,5.6,6,2.5,430.5,777,85659,14,-7.3361,4504,7512,3008,0.5995740149094781
nuclear_receptor,D00279,2796,Clofibrate,hsa:5465,Q07869,2,2,1,1,242.7,242.070972,35.5,232,0,0,3,5,16,0,0,0,0,0,0,0,1,185.1,4,2,0,0,0,1,1,0.6,5,10,3.3,242.7,468,52225,23,-6.7493,7106,7533,427,0.9433160759325634
nuclear_receptor,D00299,5311071,Dihydrotachysterol,hsa:7421,P11473,2,5,1,1,398.7,398.3548661,20.2,639,0,1,1,5,29,0,7,7,0,3,3,0,1,343.2,8,1,1,0,0,3,3,0.8,7.2,10,7.7,398.7,427,48289,18,-10.9637,7513,7567,54,0.9928637504955728
nuclear_receptor,D00312,23667301,Estrone Sodium Sulfate,hsa:2099,P03372,2,16,1,1,372.4,372.1007392,91.9,630,0,0,5,2,25,0,4,4,0,0,0,0,2,,,,,,,,,,,0,,372.4,595,66216,75,-1.1632,2009,7384,5375,0.2720747562296858
nuclear_receptor,D00316,5282375,Etretinate,hsa:5914,P10276,2,4,6,1,354.5,354.2194948,35.5,568,0,0,3,8,26,0,0,0,0,4,4,0,1,302.9,5,2,0,0,0,1,2,0.8,8,10,6.8,354.5,462,50771,39,-6.4178,2623,7572,4949,0.3464078182778658
nuclear_receptor,D00316,5282375,Etretinate,hsa:5915,P10826,1,3,6,1,354.5,354.2194948,35.5,568,0,0,3,8,26,0,0,0,0,4,4,0,1,302.9,5,2,0,0,0,1,2,0.8,8,10,6.8,354.5,455,50489,8,-6.8336,3947,7572,3625,0.5212625462229266
nuclear_receptor,D00316,5282375,Etretinate,hsa:5916,P13631,2,3,6,1,354.5,354.2194948,35.5,568,0,0,3,8,26,0,0,0,0,4,4,0,1,302.9,5,2,0,0,0,1,2,0.8,8,10,6.8,354.5,454,50342,6,-9.6355,7521,7572,51,0.9932646592709984
nuclear_receptor,D00316,5282375,Etretinate,hsa:6256,P19793,3,3,6,1,354.5,354.2194948,35.5,568,0,0,3,8,26,0,0,0,0,4,4,0,1,302.9,5,2,0,0,0,1,2,0.8,8,10,6.8,354.5,462,50811,19,-6.1209,1628,7572,5944,0.2150026413100898
nuclear_receptor,D00316,5282375,Etretinate,hsa:6257,P28702,2,3,6,1,354.5,354.2194948,35.5,568,0,0,3,8,26,0,0,0,0,4,4,0,1,302.9,5,2,0,0,0,1,2,0.8,8,10,6.8,354.5,533,56922,32,-6.5939,3191,7572,4381,0.42142102482831484
nuclear_receptor,D00316,5282375,Etretinate,hsa:6258,P48443,2,3,6,1,354.5,354.2194948,35.5,568,0,0,3,8,26,0,0,0,0,4,4,0,1,302.9,5,2,0,0,0,1,2,0.8,8,10,6.8,354.5,463,50871,21,-6.8474,3990,7572,3582,0.5269413629160064
nuclear_receptor,D00327,6446,Fluoxymesterone,hsa:2099,P03372,2,16,2,1,336.4,336.2100729,57.5,630,0,2,4,0,24,0,7,7,0,0,0,0,1,258.3,9,3,2,0,0,4,0,0.6,1.8,1,2.4,336.4,595,66216,75,-10.4264,7420,7455,35,0.9953051643192489
nuclear_receptor,D00327,6446,Fluoxymesterone,hsa:367,P10275,2,8,2,1,336.4,336.2100729,57.5,630,0,2,4,0,24,0,7,7,0,0,0,0,1,258.3,9,3,2,0,0,4,0,0.6,1.8,1,2.4,336.4,920,99188,65,-7.5098,4323,7455,3132,0.5798792756539235
nuclear_receptor,D00348,5282379,Isotretinoin,hsa:5914,P10276,2,4,1,1,300.4,300.2089301,37.3,567,0,1,2,5,22,0,0,0,0,4,4,0,1,259,7,2,0,1,0,1,3,0.8,5.8,10,6.3,300.4,462,50771,39,-10.047,7503,7523,20,0.9973414861092649
nuclear_receptor,D00443,5833,Spironolactone,hsa:4306,P08235,1,3,1,1,416.6,416.2021307,85.7,818,0,0,5,2,29,0,7,7,0,0,0,0,1,325,7,2,0,0,0,5,0,0.8,4.2,1,2.9,416.6,984,107082,0,-7.3741,3665,7518,3853,0.4874966746475126
nuclear_receptor,D00462,5878,Oxandrolone,hsa:367,P10275,2,8,1,1,306.4,306.2194948,46.5,503,0,1,3,0,22,0,7,7,0,0,0,0,1,239.9,7,2,1,0,0,4,0,0.6,2,1,3.7,306.4,920,99188,65,-7.2782,3792,7523,3731,0.504054233683371
nuclear_receptor,D00506,4763,Phenobarbital,hsa:9970,Q14994,1,1,1,1,232.23,232.0847923,75.3,339,0,2,3,2,17,0,0,0,0,0,0,0,1,175.4,8,3,2,0,0,2,1,0.6,2.6,4,1.5,232.23,352,39942,1,-9.0952,7521,7529,8,0.9989374418913535
nuclear_receptor,D00554,5991,Ethinylestradiol,hsa:2099,P03372,2,16,1,1,296.4,296.17763,40.5,505,0,2,2,1,22,0,5,5,0,0,0,0,1,238.8,8,1,2,0,0,4,1,0.6,1.4,1,3.7,296.4,595,66216,75,-10.7505,7540,7572,32,0.9957739038563127
nuclear_receptor,D00565,3339,Fenofibrate,hsa:5465,Q07869,2,2,1,1,360.8,360.1128368,52.6,458,0,0,4,7,25,0,0,0,0,0,0,0,1,279.9,7,3,0,0,0,2,2,0.8,7,10,5.2,360.8,468,52225,23,-8.8332,7159,7523,364,0.9516150471886216
nuclear_receptor,D00577,448537,Diethylstilbestrol,hsa:2099,P03372,2,16,5,1,268.3,268.1463299,40.5,286,0,2,2,4,20,0,0,0,0,1,1,0,1,224.1,6,0,2,0,0,2,2,0.6,4,3,5.1,268.3,595,66216,75,-7.8619,7232,7572,340,0.9550977284733227
nuclear_receptor,D00577,448537,Diethylstilbestrol,hsa:2100,Q92731,2,5,5,1,268.3,268.1463299,40.5,286,0,2,2,4,20,0,0,0,0,1,1,0,1,224.1,6,0,2,0,0,2,2,0.6,4,3,5.1,268.3,530,59216,20,-8.9151,7544,7572,28,0.9963021658742737
nuclear_receptor,D00577,448537,Diethylstilbestrol,hsa:2101,P11474,2,1,5,1,268.3,268.1463299,40.5,286,0,2,2,4,20,0,0,0,0,1,1,0,1,224.1,6,0,2,0,0,2,2,0.6,4,3,5.1,268.3,423,45510,8,-5.6483,2645,7572,4927,0.3493132593766508
nuclear_receptor,D00577,448537,Diethylstilbestrol,hsa:2104,P62508,2,1,5,1,268.3,268.1463299,40.5,286,0,2,2,4,20,0,0,0,0,1,1,0,1,224.1,6,0,2,0,0,2,2,0.6,4,3,5.1,268.3,458,51306,43,-6.2386,4483,7572,3089,0.5920496566296883
nuclear_receptor,D00585,55245,Mifepristone,hsa:2908,P04150,2,5,4,1,429.6,429.2667794,40.5,921,0,1,3,3,32,0,5,5,0,0,0,0,1,350,10,2,1,0,1,5,1,0.8,3.8,1,3.8,429.6,777,85659,14,-7.836,5124,7445,2321,0.6882471457353929
nuclear_receptor,D00585,55245,Mifepristone,hsa:367,P10275,2,8,4,1,429.6,429.2667794,40.5,921,0,1,3,3,32,0,5,5,0,0,0,0,1,350,10,2,1,0,1,5,1,0.8,3.8,1,3.8,429.6,920,99188,65,-7.9107,5320,7445,2125,0.7145735392881128
nuclear_receptor,D00585,55245,Mifepristone,hsa:4306,P08235,1,3,4,1,429.6,429.2667794,40.5,921,0,1,3,3,32,0,5,5,0,0,0,0,1,350,10,2,1,0,1,5,1,0.8,3.8,1,3.8,429.6,984,107082,0,-7.9645,5462,7445,1983,0.7336467427803895
nuclear_receptor,D00585,55245,Mifepristone,hsa:5241,P06401,1,10,4,1,429.6,429.2667794,40.5,921,0,1,3,3,32,0,5,5,0,0,0,0,1,350,10,2,1,0,1,5,1,0.8,3.8,1,3.8,429.6,933,98981,5,-7.2621,3357,7445,4088,0.45090664875755543
nuclear_receptor,D00586,3397,Flutamide,hsa:367,P10275,2,8,1,1,276.21,276.0721767,74.9,352,0,1,6,2,19,0,0,0,0,0,0,0,1,192.8,7,3,1,1,0,1,1,0.6,5,8,3.3,276.21,920,99188,65,-8.2143,7193,7401,208,0.9718956897716525
nuclear_receptor,D00596,5281055,Rosiglitazone Maleate,hsa:5468,P37231,1,2,1,1,473.5,473.1256713,171,587,0,3,10,9,33,0,1,0,1,1,1,0,2,,,,,,,,,,,0,,473.5,505,57620,20,-10.6579,6775,7179,404,0.9437247527510796
nuclear_receptor,D00627,65999,Telmisartan,hsa:5468,P37231,1,2,1,1,514.6,514.2368762,72.9,831,0,1,4,7,39,0,0,0,0,0,0,0,1,412.9,12,2,0,1,2,6,1,1,7,10,6.9,514.6,505,57620,20,-11.4317,7254,7342,88,0.9880141650776355
nuclear_receptor,D00690,441336,Mometasone Furoate,hsa:5241,P06401,1,10,1,1,521.4,520.1419441,93.8,1020,0,1,6,5,35,0,8,8,0,0,0,0,1,375.2,11,5,1,0,0,5,0,1,6.4,3,3.9,521.4,933,98981,5,-6.9885,3224,7439,4215,0.43339158489044227
nuclear_receptor,D00730,2482,Butyl 4-aminobenzoate,hsa:8856,O75469,1,3,1,1,193.24,193.1102787,52.3,174,0,1,3,5,14,0,0,0,0,0,0,0,1,159,5,1,1,0,1,1,1,0.6,5,10,2.9,193.24,434,49762,2,-6.1332,6228,7532,1304,0.8268720127456187
nuclear_receptor,D00898,667476,Dienestrol,hsa:2099,P03372,2,16,1,1,266.3,266.1306798,40.5,318,0,2,2,3,20,0,0,0,0,2,2,0,1,222.6,6,0,2,0,0,2,2,0.6,3,3,5.4,266.3,595,66216,75,-8.7512,7404,7572,168,0.9778129952456418
nuclear_receptor,D00930,5281104,Paricalcitol,hsa:7421,P11473,2,5,1,1,416.6,416.3290453,60.7,676,0,3,3,5,30,0,7,7,0,2,2,0,1,346.2,12,3,3,0,0,3,3,1,7.2,10,5,416.6,427,48289,18,-11.6053,7564,7566,2,0.999735659529474
nuclear_receptor,D00950,13109,Levonorgestrel,hsa:2099,P03372,2,16,2,1,312.4,312.2089301,37.3,609,0,1,2,2,23,0,6,6,0,0,0,0,1,251.4,9,2,1,0,0,4,2,0.6,2.8,1,3.3,312.4,595,66216,75,-8.6396,6785,7523,738,0.9019008374318755
nuclear_receptor,D00950,13109,Levonorgestrel,hsa:5241,P06401,1,10,2,1,312.4,312.2089301,37.3,609,0,1,2,2,23,0,6,6,0,0,0,0,1,251.4,9,2,1,0,0,4,2,0.6,2.8,1,3.3,312.4,933,98981,5,-9.8698,7412,7523,111,0.9852452479064203
nuclear_receptor,D00951,6279,Medroxyprogesterone Acetate,hsa:5241,P06401,1,10,1,1,386.5,386.2457096,60.4,767,0,0,4,3,28,0,7,7,0,0,0,0,1,303,7,3,0,0,0,4,0,0.8,4.8,3,4.1,386.5,933,98981,5,-6.8848,3002,7569,4567,0.39661778306249174
nuclear_receptor,D00954,13109,Levonorgestrel,hsa:2099,P03372,2,16,2,1,312.4,312.2089301,37.3,609,0,1,2,2,23,0,6,6,0,0,0,0,1,251.4,9,2,1,0,0,4,2,0.6,2.8,1,3.3,312.4,595,66216,75,-8.6396,6785,7523,738,0.9019008374318755
nuclear_receptor,D00954,13109,Levonorgestrel,hsa:5241,P06401,1,10,2,1,312.4,312.2089301,37.3,609,0,1,2,2,23,0,6,6,0,0,0,0,1,251.4,9,2,1,0,0,4,2,0.6,2.8,1,3.3,312.4,933,98981,5,-9.8698,7412,7523,111,0.9852452479064203
nuclear_receptor,D00956,229455,Nandrolone Phenylpropionate,hsa:367,P10275,2,8,1,1,406.6,406.2507949,43.4,703,0,0,3,5,30,0,6,6,0,0,0,0,1,325.7,7,2,0,0,0,5,0,0.8,6.8,10,5.1,406.6,920,99188,65,-9.0045,5975,7567,1592,0.7896127923880005
nuclear_receptor,D00961,2375,Bicalutamide,hsa:367,P10275,2,8,1,1,430.4,430.0610408,116,750,0,2,9,5,29,0,1,0,1,0,0,0,1,302.2,9,5,2,0,0,2,0,0.8,7,10,2.3,430.4,920,99188,65,-8.2222,5387,7202,1815,0.7479866703693419
nuclear_receptor,D00962,6420009,Enclomiphene Citrate,hsa:2099,P03372,2,16,1,1,598.1,597.2129448,145,708,0,4,9,14,42,0,0,0,0,1,1,0,2,,,,,,,,,,,0,,598.1,595,66216,75,-6.9114,2248,6810,4562,0.3301027900146843
nuclear_receptor,D00965,4493,Nilutamide,hsa:367,P10275,2,8,1,1,317.22,317.0623403,95.2,515,0,1,7,1,22,0,0,0,0,0,0,0,1,215.1,9,4,1,1,0,2,1,0.6,3.6,6,2,317.22,920,99188,65,-8.9864,7236,7394,158,0.9786313226940763
nuclear_receptor,D01115,443872,Eplerenone,hsa:4306,P08235,1,3,1,1,414.5,414.2042387,82.2,907,0,0,6,2,30,0,8,8,0,0,0,0,1,310.9,9,4,0,0,0,5,0,0.8,4.2,2,1.4,414.5,984,107082,0,-7.7822,4288,7567,3279,0.5666710717589534
nuclear_receptor,D01132,5381,Tazarotene,hsa:5914,P10276,2,4,7,1,351.5,351.1293001,64.5,547,0,0,4,5,25,0,0,0,0,0,0,0,1,284.6,6,2,0,0,0,3,1,0.8,3.8,4,4.9,351.5,462,50771,39,-6.4547,2005,7459,5454,0.2688027885775573
nuclear_receptor,D01132,5381,Tazarotene,hsa:5915,P10826,1,3,7,1,351.5,351.1293001,64.5,547,0,0,4,5,25,0,0,0,0,0,0,0,1,284.6,6,2,0,0,0,3,1,0.8,3.8,4,4.9,351.5,455,50489,8,-6.7743,2978,7459,4481,0.39924922911918487
nuclear_receptor,D01132,5381,Tazarotene,hsa:5916,P13631,2,3,7,1,351.5,351.1293001,64.5,547,0,0,4,5,25,0,0,0,0,0,0,0,1,284.6,6,2,0,0,0,3,1,0.8,3.8,4,4.9,351.5,454,50342,6,-10.5368,7450,7459,9,0.9987934039415471
nuclear_receptor,D01132,5381,Tazarotene,hsa:6256,P19793,3,3,7,1,351.5,351.1293001,64.5,547,0,0,4,5,25,0,0,0,0,0,0,0,1,284.6,6,2,0,0,0,3,1,0.8,3.8,4,4.9,351.5,462,50811,19,-6.931,3470,7459,3989,0.46520981364794206
nuclear_receptor,D01132,5381,Tazarotene,hsa:6257,P28702,2,3,7,1,351.5,351.1293001,64.5,547,0,0,4,5,25,0,0,0,0,0,0,0,1,284.6,6,2,0,0,0,3,1,0.8,3.8,4,4.9,351.5,533,56922,32,-7.0366,3801,7459,3658,0.5095857353532645
nuclear_receptor,D01132,5381,Tazarotene,hsa:6258,P48443,2,3,7,1,351.5,351.1293001,64.5,547,0,0,4,5,25,0,0,0,0,0,0,0,1,284.6,6,2,0,0,0,3,1,0.8,3.8,4,4.9,351.5,463,50871,21,-7.5733,5289,7459,2170,0.70907628368414
nuclear_receptor,D01161,104741,Fulvestrant,hsa:2099,P03372,2,16,2,1,606.8,606.3166073,76.7,854,0,2,9,14,41,0,7,6,1,0,0,0,1,461,8,2,2,0,0,4,0,1.6,16.4,10,9.2,606.8,595,66216,75,-9.6119,7155,7335,180,0.9754601226993865
nuclear_receptor,D01161,104741,Fulvestrant,hsa:2100,Q92731,2,5,2,1,606.8,606.3166073,76.7,854,0,2,9,14,41,0,7,6,1,0,0,0,1,461,8,2,2,0,0,4,0,1.6,16.4,10,9.2,606.8,530,59216,20,-8.273,6338,7335,997,0.8640763462849352
nuclear_receptor,D01217,60953,Capecitabine,hsa:5241,P06401,1,10,1,1,359.35,359.1492636,121,582,0,3,7,7,25,0,4,4,0,0,0,0,1,263.1,12,5,4,0,0,2,1,1,9,10,0.6,359.35,933,98981,5,-8.0801,6777,7217,440,0.9390328391298324
nuclear_receptor,D01294,1547484,Cinnarizine,hsa:2099,P03372,2,16,2,1,368.5,368.2252489,6.5,429,0,0,2,6,28,0,0,0,0,1,1,0,1,307.8,6,0,0,0,2,4,0,0.8,7.2,10,5.8,368.5,595,66216,75,-11.0952,7534,7569,35,0.9953758752807504
nuclear_receptor,D01294,1547484,Cinnarizine,hsa:5241,P06401,1,10,2,1,368.5,368.2252489,6.5,429,0,0,2,6,28,0,0,0,0,1,1,0,1,307.8,6,0,0,0,2,4,0,0.8,7.2,10,5.8,368.5,933,98981,5,-8.3818,5437,7569,2132,0.7183247456731404
nuclear_receptor,D01387,5807,(+-)-Isoproterenol hydrochloride,hsa:2908,P04150,2,5,1,1,247.72,247.0975211,72.7,187,0,5,4,4,16,0,1,0,1,0,0,0,2,,,,,,,,,,,0,,247.72,777,85659,14,-6.9535,7042,7464,422,0.9434619506966774
nuclear_receptor,D01689,5663,Vesnarinone,hsa:2908,P04150,2,5,1,1,395.5,395.1845063,71.1,593,0,1,5,4,29,0,0,0,0,0,0,0,1,306,10,4,1,0,1,4,0,0.8,6.8,10,2.1,395.5,777,85659,14,-8.6631,6110,7450,1340,0.8201342281879195
nuclear_receptor,D02217,54900,Raloxifene Hydrochloride,hsa:2099,P03372,2,16,2,1,510,509.1427572,98.2,655,0,3,6,7,35,0,0,0,0,0,0,0,2,,,,,,,,,,,0,,510,595,66216,75,-8.5677,5110,7261,2151,0.7037598126979755
nuclear_receptor,D02217,54900,Raloxifene Hydrochloride,hsa:2100,Q92731,2,5,2,1,510,509.1427572,98.2,655,0,3,6,7,35,0,0,0,0,0,0,0,2,,,,,,,,,,,0,,510,530,59216,20,-9.3674,6295,7261,966,0.8669604737639444
nuclear_receptor,D02367,40973,Desogestrel,hsa:2099,P03372,2,16,2,1,310.5,310.2296656,20.2,605,0,1,1,2,23,0,6,6,0,0,0,0,1,255.5,8,1,1,0,0,4,2,0.6,2.8,1,4.9,310.5,595,66216,75,-9.1424,7185,7572,387,0.9488906497622821
nuclear_receptor,D02367,40973,Desogestrel,hsa:5241,P06401,1,10,2,1,310.5,310.2296656,20.2,605,0,1,1,2,23,0,6,6,0,0,0,0,1,255.5,8,1,1,0,0,4,2,0.6,2.8,1,4.9,310.5,933,98981,5,-9.4752,7337,7572,235,0.9689646064447967
nuclear_receptor,D04066,259331,Estramustine,hsa:2099,P03372,2,16,2,1,440.4,439.1680992,49.8,584,0,1,3,6,29,0,5,5,0,0,0,0,1,332.2,7,2,1,0,0,4,0,1,8.4,10,4,440.4,595,66216,75,-8.1694,6215,7377,1162,0.84248339433374
nuclear_receptor,D04066,259331,Estramustine,hsa:2100,Q92731,2,5,2,1,440.4,439.1680992,49.8,584,0,1,3,6,29,0,5,5,0,0,0,0,1,332.2,7,2,1,0,0,4,0,1,8.4,10,4,440.4,530,59216,20,-7.0762,3848,7377,3529,0.5216212552528128
nuclear_receptor,D05341,985,Palmitic Acid,hsa:3174,Q14541,1,1,1,1,256.42,256.2402303,37.3,178,0,1,2,14,18,0,0,0,0,0,0,0,1,229.5,4,2,0,1,0,0,1,1.4,14,10,6.4,256.42,408,45877,1,-6.2531,7130,7528,398,0.9471307120085016
