category,kegg_drug,pubchem_cid,kegg_target,chosen_uniprot,chosen_affinity,rank_1_based,total_ranked_uniprots,rank_percentile,higher_ranked_targets,higher_ranked_yamanishi_known_positives,higher_ranked_bindingdb_known_positives,higher_ranked_apparent_false_positives,higher_ranked_apparent_fp_fraction,higher_ranked_unsupported_by_yamanishi_or_bindingdb,higher_ranked_unsupported_fraction
enzyme,D00002,5893,hsa:10,P11245,-10.3354,259,7060,0.03668555240793201,258,6,0,252,0.9767441860465116,252,0.9767441860465116
enzyme,D00002,5893,hsa:124,P07327,-10.0473,387,7060,0.05481586402266289,386,11,0,375,0.9715025906735751,375,0.9715025906735751
enzyme,D00002,5893,hsa:125,P00325,-10.2189,301,7060,0.04263456090651558,300,8,0,292,0.9733333333333334,292,0.9733333333333334
enzyme,D00002,5893,hsa:126,P00326,-11.8248,20,7060,0.0028328611898017,19,1,0,18,0.9473684210526315,18,0.9473684210526315
enzyme,D00002,5893,hsa:128,P11766,-9.3788,906,7060,0.128328611898017,905,20,0,885,0.9779005524861878,885,0.9779005524861878
enzyme,D00002,5893,hsa:131,P40394,-9.8542,511,7060,0.07237960339943343,510,15,0,495,0.9705882352941176,495,0.9705882352941176
enzyme,D00002,5893,hsa:1725,P49366,-8.1453,2612,7060,0.369971671388102,2611,27,0,2584,0.9896591344312524,2584,0.9896591344312524
enzyme,D00002,5893,hsa:191,P23526,-12.2837,10,7060,0.00141643059490085,9,0,0,9,1.0,9,1.0
enzyme,D00002,5893,hsa:216,P00352,-9.8074,537,7060,0.07606232294617564,536,16,0,520,0.9701492537313433,520,0.9701492537313433
enzyme,D00002,5893,hsa:217,P05091,-8.8135,1586,7060,0.2246458923512748,1585,23,0,1562,0.9854889589905362,1562,0.9854889589905362
enzyme,D00002,5893,hsa:2582,Q14376,-10.9526,99,7060,0.014022662889518414,98,5,0,93,0.9489795918367347,93,0.9489795918367347
enzyme,D00002,5893,hsa:2597,P04406,-9.6127,680,7060,0.09631728045325778,679,17,0,662,0.9749631811487481,662,0.9749631811487481
enzyme,D00002,5893,hsa:2746,P00367,-9.3581,928,7060,0.13144475920679888,927,21,0,906,0.9773462783171522,906,0.9773462783171522
enzyme,D00002,5893,hsa:2936,P00390,-11.2752,54,7060,0.00764872521246459,53,2,0,51,0.9622641509433962,51,0.9622641509433962
enzyme,D00002,5893,hsa:3028,Q99714,-10.0097,407,7060,0.05764872521246459,406,12,0,394,0.9704433497536946,394,0.9704433497536946
enzyme,D00002,5893,hsa:3033,Q16836,-9.9445,437,7060,0.06189801699716714,436,14,0,422,0.9678899082568807,422,0.9678899082568807
enzyme,D00002,5893,hsa:3292,P14061,-11.1016,77,7060,0.010906515580736544,76,3,0,73,0.9605263157894737,73,0.9605263157894737
enzyme,D00002,5893,hsa:3295,P51659,-11.0602,85,7060,0.012039660056657223,84,4,0,80,0.9523809523809523,80,0.9523809523809523
enzyme,D00002,5893,hsa:349565,Q96T66,-9.5349,748,7060,0.10594900849858357,747,19,0,728,0.9745649263721553,728,0.9745649263721553
enzyme,D00002,5893,hsa:3615,P12268,-9.5627,729,7060,0.10325779036827196,728,18,0,710,0.9752747252747253,710,0.9752747252747253
enzyme,D00002,5893,hsa:3939,P00338,-9.0129,1333,7060,0.18881019830028328,1332,22,0,1310,0.9834834834834835,1310,0.9834834834834835
enzyme,D00002,5893,hsa:3945,P07195,-10.151,333,7060,0.0471671388101983,332,9,0,323,0.9728915662650602,323,0.9728915662650602
enzyme,D00002,5893,hsa:4190,P40925,-8.5589,1939,7060,0.2746458923512748,1938,25,0,1913,0.9871001031991744,1913,0.9871001031991744
enzyme,D00002,5893,hsa:4200,P23368,-10.1396,341,7060,0.04830028328611898,340,10,0,330,0.9705882352941176,330,0.9705882352941176
enzyme,D00002,5893,hsa:55811,Q96PN6,-8.7,1723,7060,0.24405099150141643,1722,24,0,1698,0.9860627177700348,1698,0.9860627177700348
enzyme,D00002,5893,hsa:5860,P09417,-9.9841,422,7060,0.05977337110481586,421,13,0,408,0.9691211401425178,408,0.9691211401425178
enzyme,D00002,5893,hsa:64802,Q9HAN9,-10.3266,261,7060,0.036968838526912184,260,7,0,253,0.9730769230769231,253,0.9730769230769231
enzyme,D00002,5893,hsa:6652,Q00796,-8.485,2056,7060,0.29121813031161475,2055,26,0,2029,0.9873479318734794,2029,0.9873479318734794
enzyme,D00007,33032,hsa:2746,P00367,-4.9628,2520,7479,0.3369434416365824,2519,0,0,2519,1.0,2519,1.0
enzyme,D00014,124886,hsa:2936,P00390,-6.8161,315,7392,0.04261363636363636,314,0,0,314,1.0,314,1.0
enzyme,D00014,124886,hsa:2950,P09211,-5.315,4038,7392,0.5462662337662337,4037,1,0,4036,0.9997522913054249,4036,0.9997522913054249
enzyme,D00018,54670067,hsa:5033,P13674,-4.895,4888,7582,0.644684779741493,4887,0,0,4887,1.0,4887,1.0
enzyme,D00021,6140,hsa:10056,Q9NSD9,-5.6094,3364,7479,0.4497927530418505,3363,5,0,3358,0.9985132322331252,3358,0.9985132322331252
enzyme,D00021,6140,hsa:10667,O95363,-7.2296,81,7479,0.010830324909747292,80,1,0,79,0.9875,79,0.9875
enzyme,D00021,6140,hsa:2193,Q9Y285,-6.0015,1973,7479,0.26380532156705444,1972,2,0,1970,0.9989858012170385,1970,0.9989858012170385
enzyme,D00021,6140,hsa:5053,P00439,-5.9742,2061,7479,0.27557160048134777,2060,3,0,2057,0.9985436893203884,2057,0.9985436893203884
enzyme,D00021,6140,hsa:6898,P17735,-5.7111,2995,7479,0.4004546062307795,2994,4,0,2990,0.9986639946559787,2990,0.9986639946559787
enzyme,D00021,6140,hsa:7054,P07101,-7.2957,57,7479,0.00762133975130365,56,0,0,56,1.0,56,1.0
enzyme,D00027,1174,hsa:31,Q13085,-4.3104,4777,7544,0.6332184517497349,4776,0,0,4776,1.0,4776,1.0
enzyme,D00029,171548,hsa:5091,P11498,-6.2937,1305,7412,0.17606583917970858,1304,0,0,1304,1.0,1304,1.0
enzyme,D00029,171548,hsa:5095,P05165,-4.2792,6862,7412,0.9257960064759849,6861,2,0,6859,0.9997084973036,6859,0.9997084973036
enzyme,D00029,171548,hsa:56922,Q96RQ3,-4.7474,6276,7412,0.8467350242849433,6275,1,0,6274,0.9998406374501992,6274,0.9998406374501992
enzyme,D00032,6274,hsa:3035,P12081,-5.767,516,7418,0.06956052844432462,515,0,0,515,1.0,515,1.0
enzyme,D00032,6274,hsa:3067,P19113,-4.9011,3687,7418,0.4970342410353195,3686,1,0,3685,0.9997287032013022,3685,0.9997287032013022
enzyme,D00035,145742,hsa:2058,P07814,-5.5532,75,7482,0.010024057738572574,74,0,0,74,1.0,74,1.0
enzyme,D00035,145742,hsa:29920,Q96C36,-4.6498,2209,7482,0.2952419139267575,2208,1,0,2207,0.9995471014492754,2207,0.9995471014492754
enzyme,D00035,145742,hsa:5831,P32322,-3.8714,5859,7482,0.7830793905372895,5858,2,0,5856,0.99965858654831,5856,0.99965858654831
enzyme,D00036,936,hsa:683,Q10588,-5.4088,1363,7482,0.1821705426356589,1362,0,0,1362,1.0,1362,1.0
enzyme,D00037,311,hsa:100,P00813,-5.5346,2213,7541,0.29346240551650976,2212,6,0,2206,0.9972875226039783,2206,0.9972875226039783
enzyme,D00037,311,hsa:1360,P15086,-5.8364,1218,7541,0.16151704018034743,1217,3,0,1214,0.9975349219391948,1214,0.9975349219391948
enzyme,D00037,311,hsa:1431,O75390,-5.4882,2373,7541,0.31467975069619414,2372,8,0,2364,0.9966273187183811,2364,0.9966273187183811
enzyme,D00037,311,hsa:231,P15121,-6.6748,96,7541,0.012730407107810635,95,0,0,95,1.0,95,1.0
enzyme,D00037,311,hsa:4191,P40926,-6.3448,313,7541,0.04150643150775759,312,2,0,310,0.9935897435897436,310,0.9935897435897436
enzyme,D00037,311,hsa:4282,P14174,-4.6482,5695,7541,0.7552048799893913,5694,9,0,5685,0.9984193888303478,5685,0.9984193888303478
enzyme,D00037,311,hsa:635,Q93088,-5.761,1417,7541,0.1879061132475799,1416,5,0,1411,0.9964689265536724,1411,0.9964689265536724
enzyme,D00037,311,hsa:7371,Q9BZX2,-6.374,287,7541,0.03805861291605888,286,1,0,285,0.9965034965034965,285,0.9965034965034965
enzyme,D00037,311,hsa:8654,O76074,-5.5019,2324,7541,0.3081819387349158,2323,7,0,2316,0.9969866551872578,2316,0.9969866551872578
enzyme,D00037,311,hsa:9955,Q9Y663,-5.8232,1246,7541,0.1652300755867922,1245,4,0,1241,0.9967871485943776,1241,0.9967871485943776
enzyme,D00038,243,hsa:1610,P14920,-6.2145,414,7544,0.054878048780487805,413,0,0,413,1.0,413,1.0
enzyme,D00038,243,hsa:25824,P30044,-4.9002,4781,7544,0.6337486744432662,4780,1,0,4779,0.9997907949790795,4779,0.9997907949790795
enzyme,D00039,6287,hsa:27034,Q9UKU7,-4.4815,2960,7482,0.39561614541566426,2959,1,0,2958,0.9996620479891856,2958,0.9996620479891856
enzyme,D00039,6287,hsa:5095,P05165,-3.2931,6923,7482,0.9252873563218391,6922,2,0,6920,0.999711066165848,6920,0.999711066165848
enzyme,D00039,6287,hsa:586,P54687,-5.2791,167,7482,0.022320235231221598,166,0,0,166,1.0,166,1.0
enzyme,D00041,6288,hsa:5095,P05165,-3.2,6970,7482,0.9315690991713446,6969,1,0,6968,0.9998565073898694,6968,0.9998565073898694
enzyme,D00041,6288,hsa:6897,P26639,-4.4908,2672,7482,0.35712376369954557,2671,0,0,2671,1.0,2671,1.0
enzyme,D00043,5936,hsa:10747,O00187,-4.647,2895,7482,0.3869286287089014,2894,21,0,2873,0.992743607463718,2873,0.992743607463718
enzyme,D00043,5936,hsa:11202,O60259,-4.1967,4841,7482,0.6470195134990644,4840,35,0,4805,0.9927685950413223,4805,0.9927685950413223
enzyme,D00043,5936,hsa:1200,O14773,-4.7136,2583,7482,0.34522854851643947,2582,19,0,2563,0.9926413632842758,2563,0.9926413632842758
enzyme,D00043,5936,hsa:1215,P23946,-4.3445,4205,7482,0.562015503875969,4204,30,0,4174,0.9928639391056137,4174,0.9928639391056137
enzyme,D00043,5936,hsa:1675,P00746,-4.7157,2572,7482,0.34375835338144883,2571,18,0,2553,0.9929988331388565,2553,0.9929988331388565
enzyme,D00043,5936,hsa:1803,P27487,-4.7467,2432,7482,0.32504677893611333,2431,16,0,2415,0.9934183463595229,2415,0.9934183463595229
enzyme,D00043,5936,hsa:2098,P10768,-4.7962,2240,7482,0.29938519112536754,2239,15,0,2224,0.9933005806163466,2224,0.9933005806163466
enzyme,D00043,5936,hsa:2155,P08709,-4.3237,4287,7482,0.5729751403368083,4286,31,0,4255,0.9927671488567429,4255,0.9927671488567429
enzyme,D00043,5936,hsa:2158,P00740,-3.3811,6951,7482,0.9290296712109062,6950,36,0,6914,0.994820143884892,6914,0.994820143884892
enzyme,D00043,5936,hsa:2159,P00742,-5.1081,1136,7482,0.15183106121357925,1135,9,0,1126,0.9920704845814978,1126,0.9920704845814978
enzyme,D00043,5936,hsa:2160,P03951,-5.2416,782,7482,0.1045175086875167,781,5,0,776,0.9935979513444302,776,0.9935979513444302
enzyme,D00043,5936,hsa:2161,P00748,-4.5833,3155,7482,0.42167869553595294,3154,22,0,3132,0.9930247305009512,3132,0.9930247305009512
enzyme,D00043,5936,hsa:28972,Q9Y6A9,-4.2346,4677,7482,0.6251002405773858,4676,34,0,4642,0.9927288280581694,4642,0.9927288280581694
enzyme,D00043,5936,hsa:3001,P12544,-5.1047,1148,7482,0.15343491045175087,1147,10,0,1137,0.99128160418483,1137,0.99128160418483
enzyme,D00043,5936,hsa:3002,P10144,-4.2955,4391,7482,0.586875167067629,4390,32,0,4358,0.9927107061503417,4358,0.9927107061503417
enzyme,D00043,5936,hsa:354,P07288,-4.8557,2000,7482,0.2673082063619353,1999,14,0,1985,0.9929964982491246,1985,0.9929964982491246
enzyme,D00043,5936,hsa:3816,P06870,-4.395,3974,7482,0.5311414060411654,3973,28,0,3945,0.9929524288950415,3945,0.9929524288950415
enzyme,D00043,5936,hsa:3817,P20151,-4.4451,3758,7482,0.5022721197540765,3757,26,0,3731,0.9930795847750865,3731,0.9930795847750865
enzyme,D00043,5936,hsa:3818,P03952,-5.4237,409,7482,0.05466452820101577,408,2,0,406,0.9950980392156863,406,0.9950980392156863
enzyme,D00043,5936,hsa:43,P22303,-5.5077,295,7482,0.03942796043838546,294,1,0,293,0.9965986394557823,293,0.9965986394557823
enzyme,D00043,5936,hsa:5045,P09958,-5.0085,1442,7482,0.19272921678695537,1441,13,0,1428,0.9909784871616932,1428,0.9909784871616932
enzyme,D00043,5936,hsa:5327,P00750,-5.1239,1099,7482,0.14688585939588344,1098,8,0,1090,0.9927140255009107,1090,0.9927140255009107
enzyme,D00043,5936,hsa:5328,P00749,-4.657,2842,7482,0.3798449612403101,2841,20,0,2821,0.9929602252727913,2821,0.9929602252727913
enzyme,D00043,5936,hsa:5340,P00747,-5.2672,723,7482,0.09663191659983962,722,4,0,718,0.9944598337950139,718,0.9944598337950139
enzyme,D00043,5936,hsa:5476,P10619,-5.2248,833,7482,0.11133386794974606,832,6,0,826,0.9927884615384616,826,0.9927884615384616
enzyme,D00043,5936,hsa:54878,Q6V1X1,-5.7758,84,7482,0.011226944667201283,83,0,0,83,1.0,83,1.0
enzyme,D00043,5936,hsa:5547,P42785,-5.1788,963,7482,0.12870890136327184,962,7,0,955,0.9927234927234927,955,0.9927234927234927
enzyme,D00043,5936,hsa:5550,P48147,-5.0715,1248,7482,0.16680032076984763,1247,11,0,1236,0.9911788291900562,1236,0.9911788291900562
enzyme,D00043,5936,hsa:5646,P35030,-4.4045,3922,7482,0.5241913926757551,3921,27,0,3894,0.9931140015302219,3894,0.9931140015302219
enzyme,D00043,5936,hsa:5650,P49862,-4.3696,4080,7482,0.545308740978348,4079,29,0,4050,0.9928904143172346,4050,0.9928904143172346
enzyme,D00043,5936,hsa:5651,P98073,-4.4556,3716,7482,0.49665864742047583,3715,24,0,3691,0.9935397039030955,3691,0.9935397039030955
enzyme,D00043,5936,hsa:5657,P24158,-4.7362,2477,7482,0.3310612135792569,2476,17,0,2459,0.9931340872374798,2459,0.9931340872374798
enzyme,D00043,5936,hsa:590,P06276,-5.0509,1306,7482,0.17455225875434377,1305,12,0,1293,0.9908045977011494,1293,0.9908045977011494
enzyme,D00043,5936,hsa:64499,P20231,-4.4553,3717,7482,0.4967923015236568,3716,25,0,3691,0.9932723358449946,3691,0.9932723358449946
enzyme,D00043,5936,hsa:6768,Q9Y5Y6,-4.563,3243,7482,0.4334402566158781,3242,23,0,3219,0.9929056138186305,3219,0.9929056138186305
enzyme,D00043,5936,hsa:8192,Q16740,-4.2777,4472,7482,0.5977011494252874,4471,33,0,4438,0.9926191008722881,4438,0.9926191008722881
enzyme,D00043,5936,hsa:91039,Q86TI2,-5.3241,605,7482,0.08086073242448544,604,3,0,601,0.9950331125827815,601,0.9950331125827815
enzyme,D00049,938,hsa:23475,Q15274,-4.5916,4711,7482,0.6296444800855386,4710,1,2,4709,0.9997876857749469,4707,0.9993630573248408
enzyme,D00049,938,hsa:4837,P40261,-5.3396,1457,7482,0.19473402833466988,1456,0,2,1456,1.0,1454,0.9986263736263736
enzyme,D00050,493570,hsa:55312,Q969G6,-11.0514,1,7292,0.00013713658804168953,0,0,0,0,0.0,0,0.0
enzyme,D00050,493570,hsa:645,P30043,-7.5954,1814,7292,0.2487657707076248,1813,1,1,1812,0.9994484280198566,1811,0.9988968560397132
enzyme,D00052,6049,hsa:3416,P14735,-6.7529,116,7532,0.015400955921402018,115,0,0,115,1.0,115,1.0
enzyme,D00052,6049,hsa:4311,P08473,-6.2915,461,7532,0.06120552310143388,460,1,0,459,0.9978260869565218,459,0.9978260869565218
enzyme,D00054,135398641,hsa:4860,P00491,-7.3245,1121,7403,0.1514250979332703,1120,0,0,1120,1.0,1120,1.0
enzyme,D00055,967,hsa:1723,Q02127,-7.5378,3,7479,0.00040112314480545525,2,0,0,2,1.0,2,1.0
enzyme,D00065,6306,hsa:36,P45954,-4.9406,1564,7482,0.2090350173750334,1563,2,0,1561,0.9987204094689699,1561,0.9987204094689699
enzyme,D00065,6306,hsa:38,P24752,-4.5257,3577,7482,0.4780807270783213,3576,3,0,3573,0.9991610738255033,3573,0.9991610738255033
enzyme,D00065,6306,hsa:5095,P05165,-3.4917,6865,7482,0.917535418337343,6864,4,0,6860,0.9994172494172494,6860,0.9994172494172494
enzyme,D00065,6306,hsa:586,P54687,-5.1642,785,7482,0.10491847099705962,784,0,0,784,1.0,784,1.0
enzyme,D00065,6306,hsa:587,O15382,-4.963,1474,7482,0.19700614808874634,1473,1,0,1472,0.9993211133740665,1472,0.9993211133740665
enzyme,D00070,135398658,hsa:8836,Q92820,-7.7376,3505,7355,0.47654656696125086,3504,0,0,3504,1.0,3504,1.0
enzyme,D00094,444795,hsa:216,P00352,-9.2901,170,7532,0.02257036643653744,169,0,0,169,1.0,169,1.0
enzyme,D00094,444795,hsa:8854,O94788,-8.0998,1078,7532,0.14312267657992564,1077,1,0,1076,0.9990714948932219,1076,0.9990714948932219
enzyme,D00097,338,hsa:239,P18054,-6.2009,817,7544,0.10829798515376458,816,4,5,812,0.9950980392156863,807,0.9889705882352942
enzyme,D00097,338,hsa:240,P09917,-6.406,427,7544,0.056601272534464474,426,3,3,423,0.9929577464788732,420,0.9859154929577465
enzyme,D00097,338,hsa:247,O15296,-5.6608,2643,7544,0.35034464475079535,2642,6,14,2636,0.9977289931869796,2623,0.9928084784254353
enzyme,D00097,338,hsa:3551,O14920,-7.2763,9,7544,0.0011930010604453872,8,1,0,7,0.875,7,0.875
enzyme,D00097,338,hsa:4048,P09960,-6.527,292,7544,0.03870625662778367,291,2,2,289,0.993127147766323,287,0.9862542955326461
enzyme,D00097,338,hsa:4353,P05164,-7.4258,6,7544,0.0007953340402969247,5,0,0,5,1.0,5,1.0
enzyme,D00097,338,hsa:5742,P23219,-5.9622,1504,7544,0.19936373276776245,1503,5,9,1498,0.9966733200266135,1489,0.9906852960745176
enzyme,D00103,444305,hsa:51205,Q9NPH0,-5.2925,1299,7582,0.17132682669480348,1298,0,0,1298,1.0,1298,1.0
enzyme,D00103,444305,hsa:52,P24666,-4.9552,2532,7582,0.3339488261672382,2531,2,0,2529,0.9992097984986171,2529,0.9992097984986171
enzyme,D00103,444305,hsa:54,P13686,-4.4595,4646,7582,0.6127670799261409,4645,3,0,4642,0.9993541442411195,4642,0.9993541442411195
enzyme,D00103,444305,hsa:55,P15309,-5.2351,1468,7582,0.19361646003692956,1467,1,0,1466,0.9993183367416496,1466,0.9993183367416496
enzyme,D00109,2244,hsa:5742,P23219,-6.6697,396,7544,0.05249204665959703,395,0,0,395,1.0,395,1.0
enzyme,D00109,2244,hsa:5743,P35354,-6.3441,957,7544,0.12685577942735948,956,1,1,955,0.9989539748953975,955,0.9989539748953975
enzyme,D00118,156391,hsa:239,P18054,-7.672,1091,7538,0.14473335102149112,1090,3,7,1087,0.9972477064220183,1082,0.9926605504587156
enzyme,D00118,156391,hsa:240,P09917,-7.5616,1280,7538,0.16980631467232687,1279,5,7,1274,0.9960906958561376,1269,0.9921813917122753
enzyme,D00118,156391,hsa:247,O15296,-7.6186,1171,7538,0.15534624568851155,1170,4,7,1166,0.9965811965811966,1161,0.9923076923076923
enzyme,D00118,156391,hsa:4048,P09960,-10.0563,4,7538,0.0005306447333510214,3,0,0,3,1.0,3,1.0
enzyme,D00118,156391,hsa:5742,P23219,-7.7943,930,7538,0.1233749005041125,929,1,5,928,0.9989235737351991,923,0.9935414424111948
enzyme,D00118,156391,hsa:5743,P35354,-7.7024,1046,7538,0.13876359777129213,1045,2,6,1043,0.9980861244019139,1038,0.9933014354066986
enzyme,D00120,1548887,hsa:3551,O14920,-8.9466,426,7396,0.057598702001081664,425,0,0,425,1.0,425,1.0
enzyme,D00120,1548887,hsa:5742,P23219,-8.649,654,7396,0.08842617631151974,653,2,0,651,0.996937212863706,651,0.996937212863706
enzyme,D00120,1548887,hsa:5743,P35354,-8.6493,653,7396,0.08829096809085993,652,1,0,651,0.9984662576687117,651,0.9984662576687117
enzyme,D00125,36462,hsa:7153,P11388,-9.8522,420,7494,0.05604483586869496,419,0,0,419,1.0,419,1.0
enzyme,D00125,36462,hsa:7155,Q02880,-8.7411,1694,7494,0.226047504670403,1693,1,0,1692,0.9994093325457767,1692,0.9994093325457767
enzyme,D00126,3672,hsa:1559,P11712,-6.6196,1940,7541,0.25726031030367325,1939,5,10,1934,0.997421351211965,1927,0.9938112429087158
enzyme,D00126,3672,hsa:239,P18054,-7.2809,670,7541,0.0888476329399284,669,2,5,667,0.9970104633781763,663,0.9910313901345291
enzyme,D00126,3672,hsa:240,P09917,-6.8192,1469,7541,0.19480175043097733,1468,4,8,1464,0.997275204359673,1458,0.9931880108991825
enzyme,D00126,3672,hsa:3906,P00709,-5.0912,6563,7541,0.8703089775891791,6562,6,14,6556,0.9990856446205425,6546,0.9975617189881134
enzyme,D00126,3672,hsa:4048,P09960,-8.8581,12,7541,0.0015913008884763293,11,0,0,11,1.0,11,1.0
enzyme,D00126,3672,hsa:5742,P23219,-7.5483,416,7541,0.055165097467179416,415,1,3,414,0.9975903614457832,411,0.9903614457831326
enzyme,D00126,3672,hsa:5743,P35354,-7.1697,822,7541,0.10900411086062857,821,3,6,818,0.9963459196102314,813,0.9902557856272838
enzyme,D00127,54676228,hsa:5742,P23219,-7.9314,1900,7236,0.2625760088446656,1899,1,0,1898,0.9994734070563455,1898,0.9994734070563455
enzyme,D00127,54676228,hsa:5743,P35354,-9.3774,158,7236,0.02183526810392482,157,0,0,157,1.0,157,1.0
enzyme,D00130,3059,hsa:5742,P23219,-8.0542,1239,7475,0.165752508361204,1238,1,0,1237,0.9991922455573505,1237,0.9991922455573505
enzyme,D00130,3059,hsa:5743,P35354,-8.3063,822,7475,0.10996655518394649,821,0,0,821,1.0,821,1.0
enzyme,D00131,3117,hsa:1571,P05181,-4.9852,363,7542,0.04813046937151949,362,1,0,361,0.9972375690607734,361,0.9972375690607734
enzyme,D00131,3117,hsa:1621,P09172,-4.1356,2751,7542,0.3647573587907717,2750,9,0,2741,0.9967272727272727,2741,0.9967272727272727
enzyme,D00131,3117,hsa:216,P00352,-5.0644,273,7542,0.03619729514717582,272,0,0,272,1.0,272,1.0
enzyme,D00131,3117,hsa:217,P05091,-4.9245,432,7542,0.057279236276849645,431,2,0,429,0.9953596287703016,429,0.9953596287703016
enzyme,D00131,3117,hsa:218,P30838,-4.45,1514,7542,0.20074250861840362,1513,8,0,1505,0.9947124917382684,1505,0.9947124917382684
enzyme,D00131,3117,hsa:219,P30837,-4.6801,866,7542,0.11482365420312915,865,4,0,861,0.9953757225433526,861,0.9953757225433526
enzyme,D00131,3117,hsa:223,P49189,-4.8129,597,7542,0.07915672235481305,596,3,0,593,0.9949664429530202,593,0.9949664429530202
enzyme,D00131,3117,hsa:224,P51648,-4.5651,1168,7542,0.1548660832670379,1167,5,0,1162,0.9957155098543273,1162,0.9957155098543273
enzyme,D00131,3117,hsa:444,Q12797,-4.4638,1469,7542,0.19477592150623177,1468,7,0,1461,0.9952316076294278,1461,0.9952316076294278
enzyme,D00131,3117,hsa:501,P49419,-4.5538,1199,7542,0.15897639883320075,1198,6,0,1192,0.994991652754591,1192,0.994991652754591
enzyme,D00132,3825,hsa:239,P18054,-8.5066,817,7534,0.10844173082028138,816,1,0,815,0.9987745098039216,815,0.9987745098039216
enzyme,D00132,3825,hsa:240,P09917,-8.3502,1028,7534,0.1364481019378816,1027,2,0,1025,0.9980525803310614,1025,0.9980525803310614
enzyme,D00132,3825,hsa:247,O15296,-8.2981,1089,7534,0.14454473055481815,1088,4,0,1084,0.9963235294117647,1084,0.9963235294117647
enzyme,D00132,3825,hsa:3906,P00709,-5.9095,6694,7534,0.8885054419962836,6693,6,0,6687,0.9991035410129987,6687,0.9991035410129987
enzyme,D00132,3825,hsa:4048,P09960,-10.1721,29,7534,0.0038492168834616406,28,0,0,28,1.0,28,1.0
enzyme,D00132,3825,hsa:5742,P23219,-8.3222,1062,7534,0.1409609769046987,1061,3,0,1058,0.9971724787935909,1058,0.9971724787935909
enzyme,D00132,3825,hsa:5743,P35354,-8.2195,1198,7534,0.1590124767719671,1197,5,0,1192,0.9958228905597326,1192,0.9958228905597326
enzyme,D00136,3559,hsa:10327,P14550,-8.1274,1969,7312,0.26928336980306344,1968,5,0,1963,0.9974593495934959,1963,0.9974593495934959
enzyme,D00136,3559,hsa:1576,P08684,-9.0746,747,7312,0.10216083150984683,746,4,0,742,0.9946380697050938,742,0.9946380697050938
enzyme,D00136,3559,hsa:1645,Q04828,-10.3958,85,7312,0.01162472647702407,84,1,0,83,0.9880952380952381,83,0.9880952380952381
enzyme,D00136,3559,hsa:231,P15121,-10.3145,100,7312,0.013676148796498906,99,2,0,97,0.9797979797979798,97,0.9797979797979798
enzyme,D00136,3559,hsa:51181,Q7Z4W1,-9.7982,270,7312,0.036925601750547044,269,3,0,266,0.9888475836431226,266,0.9888475836431226
enzyme,D00136,3559,hsa:57016,O60218,-10.5861,44,7312,0.006017505470459519,43,0,0,43,1.0,43,1.0
enzyme,D00139,4114,hsa:10858,Q9Y6A2,-7.031,1630,7582,0.21498285412819837,1629,20,0,1609,0.9877225291589933,1609,0.9877225291589933
enzyme,D00139,4114,hsa:1544,P05177,-9.5235,3,7582,0.0003956739646531258,2,1,0,1,0.5,1,0.5
enzyme,D00139,4114,hsa:1545,Q16678,-10.1071,1,7582,0.00013189132155104195,0,0,0,0,0.0,0,0.0
enzyme,D00139,4114,hsa:1548,P11509,-7.6806,510,7582,0.06726457399103139,509,7,0,502,0.9862475442043221,502,0.9862475442043221
enzyme,D00139,4114,hsa:1551,P24462,-7.1649,1320,7582,0.17409654444737535,1319,19,0,1300,0.9855951478392722,1300,0.9855951478392722
enzyme,D00139,4114,hsa:1553,Q16696,-8.0751,208,7582,0.027433394882616723,207,3,0,204,0.9855072463768116,204,0.9855072463768116
enzyme,D00139,4114,hsa:1555,P20813,-7.4523,809,7582,0.10670007913479293,808,10,0,798,0.9876237623762376,798,0.9876237623762376
enzyme,D00139,4114,hsa:1557,P33261,-7.5067,726,7582,0.09575309944605645,725,8,0,717,0.9889655172413793,717,0.9889655172413793
enzyme,D00139,4114,hsa:1558,P10632,-8.2425,140,7582,0.018464785017145872,139,2,0,137,0.9856115107913669,137,0.9856115107913669
enzyme,D00139,4114,hsa:1559,P11712,-7.4904,758,7582,0.09997362173568979,757,9,0,748,0.988110964332893,748,0.988110964332893
enzyme,D00139,4114,hsa:1562,P33260,-3.8557,7400,7582,0.9759957794777103,7399,24,0,7375,0.9967563184214083,7375,0.9967563184214083
enzyme,D00139,4114,hsa:1565,P10635,-7.7277,463,7582,0.06106568187813242,462,6,0,456,0.987012987012987,456,0.987012987012987
enzyme,D00139,4114,hsa:1571,P05181,-7.7322,458,7582,0.06040622527037721,457,5,0,452,0.9890590809628009,452,0.9890590809628009
enzyme,D00139,4114,hsa:1576,P08684,-7.2182,1217,7582,0.16051173832761803,1216,18,0,1198,0.9851973684210527,1198,0.9851973684210527
enzyme,D00139,4114,hsa:1577,P20815,-6.9225,1879,7582,0.2478237931944078,1878,22,0,1856,0.9882854100106496,1856,0.9882854100106496
enzyme,D00139,4114,hsa:1581,P22680,-7.0024,1685,7582,0.22223687681350568,1684,21,0,1663,0.9875296912114014,1663,0.9875296912114014
enzyme,D00139,4114,hsa:1582,Q9UNU6,-7.286,1084,7582,0.14297019256132945,1083,15,0,1068,0.9861495844875346,1068,0.9861495844875346
enzyme,D00139,4114,hsa:1583,P05108,-7.2447,1166,7582,0.1537852809285149,1165,16,0,1149,0.9862660944206009,1149,0.9862660944206009
enzyme,D00139,4114,hsa:1584,P15538,-7.294,1070,7582,0.14112371405961488,1069,14,0,1055,0.9869036482694107,1055,0.9869036482694107
enzyme,D00139,4114,hsa:1585,P19099,-7.3532,983,7582,0.12964916908467422,982,11,0,971,0.9887983706720977,971,0.9887983706720977
enzyme,D00139,4114,hsa:1586,P05093,-7.3102,1044,7582,0.1376945396992878,1043,12,0,1031,0.9884947267497604,1031,0.9884947267497604
enzyme,D00139,4114,hsa:1588,P11511,-7.2371,1179,7582,0.15549986810867844,1178,17,0,1161,0.9855687606112055,1161,0.9855687606112055
enzyme,D00139,4114,hsa:1589,P08686,-7.8669,327,7582,0.04312846214719072,326,4,0,322,0.9877300613496932,322,0.9877300613496932
enzyme,D00139,4114,hsa:1595,Q16850,-7.2996,1064,7582,0.14033236613030864,1063,13,0,1050,0.9877704609595485,1050,0.9877704609595485
enzyme,D00139,4114,hsa:5740,Q16647,-6.6136,2712,7582,0.35768926404642576,2711,23,0,2688,0.9915160457395795,2688,0.9915160457395795
enzyme,D00141,3715,hsa:239,P18054,-9.0026,214,7394,0.02894238571814985,213,1,0,212,0.9953051643192489,212,0.9953051643192489
enzyme,D00141,3715,hsa:240,P09917,-8.9042,257,7394,0.034757911820394914,256,2,0,254,0.9921875,254,0.9921875
enzyme,D00141,3715,hsa:247,O15296,-8.46,551,7394,0.0745198809845821,550,3,0,547,0.9945454545454545,547,0.9945454545454545
enzyme,D00141,3715,hsa:4048,P09960,-9.0133,209,7394,0.02826616175277252,208,0,0,208,1.0,208,1.0
enzyme,D00141,3715,hsa:5742,P23219,-7.8429,1376,7394,0.18609683527184204,1375,5,0,1370,0.9963636363636363,1370,0.9963636363636363
enzyme,D00141,3715,hsa:5743,P35354,-8.3126,693,7394,0.09372464160129836,692,4,0,688,0.9942196531791907,688,0.9942196531791907
enzyme,D00142,126941,hsa:1719,P00374,-9.1985,455,7262,0.06265491600110162,454,0,2,454,1.0,452,0.9955947136563876
enzyme,D00145,5578,hsa:1719,P00374,-7.3065,466,7470,0.062382864792503344,465,0,0,465,1.0,465,1.0
enzyme,D00151,4044,hsa:5742,P23219,-8.0002,955,7475,0.1277591973244147,954,1,0,953,0.9989517819706499,953,0.9989517819706499
enzyme,D00151,4044,hsa:5743,P35354,-8.1574,757,7475,0.10127090301003344,756,0,0,756,1.0,756,1.0
enzyme,D00153,13769,hsa:1588,P11511,-9.2117,709,7581,0.09352328188893286,708,0,0,708,1.0,708,1.0
enzyme,D00155,439693,hsa:100,P00813,-6.4329,2912,7327,0.3974341476729903,2911,0,0,2911,1.0,2911,1.0
enzyme,D00160,564,hsa:10747,O00187,-4.8253,1000,7480,0.13368983957219252,999,9,0,990,0.990990990990991,990,0.990990990990991
enzyme,D00160,564,hsa:11202,O60259,-4.0591,4563,7480,0.6100267379679144,4562,25,0,4537,0.994519947391495,4537,0.994519947391495
enzyme,D00160,564,hsa:11330,Q99895,-4.3307,3216,7480,0.4299465240641711,3215,19,0,3196,0.9940902021772939,3196,0.9940902021772939
enzyme,D00160,564,hsa:1215,P23946,-4.0717,4484,7480,0.5994652406417113,4483,24,0,4459,0.9946464421146554,4459,0.9946464421146554
enzyme,D00160,564,hsa:1675,P00746,-4.7729,1187,7480,0.15868983957219251,1186,10,0,1176,0.9915682967959528,1176,0.9915682967959528
enzyme,D00160,564,hsa:1991,P08246,-5.0925,336,7480,0.044919786096256686,335,3,0,332,0.991044776119403,332,0.991044776119403
enzyme,D00160,564,hsa:2155,P08709,-4.2787,3462,7480,0.4628342245989305,3461,21,0,3440,0.9939323894828085,3440,0.9939323894828085
enzyme,D00160,564,hsa:2158,P00740,-3.0692,7082,7480,0.9467914438502674,7081,29,0,7052,0.9959045332580144,7052,0.9959045332580144
enzyme,D00160,564,hsa:2159,P00742,-5.2337,165,7480,0.022058823529411766,164,0,0,164,1.0,164,1.0
enzyme,D00160,564,hsa:2160,P03951,-5.016,470,7480,0.06283422459893048,469,4,0,465,0.9914712153518124,465,0.9914712153518124
enzyme,D00160,564,hsa:2161,P00748,-4.9724,580,7480,0.07754010695187166,579,5,0,574,0.9913644214162349,574,0.9913644214162349
enzyme,D00160,564,hsa:28972,Q9Y6A9,-3.7606,5806,7480,0.7762032085561498,5805,27,0,5778,0.9953488372093023,5778,0.9953488372093023
enzyme,D00160,564,hsa:3001,P12544,-4.5058,2345,7480,0.3135026737967914,2344,17,0,2327,0.9927474402730375,2327,0.9927474402730375
enzyme,D00160,564,hsa:3002,P10144,-4.0019,4813,7480,0.6434491978609626,4812,26,0,4786,0.9945968412302577,4786,0.9945968412302577
enzyme,D00160,564,hsa:354,P07288,-4.2174,3764,7480,0.5032085561497326,3763,22,0,3741,0.9941536008503853,3741,0.9941536008503853
enzyme,D00160,564,hsa:3816,P06870,-4.6171,1810,7480,0.24197860962566844,1809,15,0,1794,0.9917081260364843,1794,0.9917081260364843
enzyme,D00160,564,hsa:3817,P20151,-4.2864,3430,7480,0.4585561497326203,3429,20,0,3409,0.9941673957421989,3409,0.9941673957421989
enzyme,D00160,564,hsa:3818,P03952,-4.7418,1299,7480,0.1736631016042781,1298,12,0,1286,0.9907550077041603,1286,0.9907550077041603
enzyme,D00160,564,hsa:5045,P09958,-4.6997,1461,7480,0.19532085561497325,1460,13,0,1447,0.9910958904109589,1447,0.9910958904109589
enzyme,D00160,564,hsa:5327,P00750,-5.1413,266,7480,0.03556149732620321,265,1,0,264,0.9962264150943396,264,0.9962264150943396
enzyme,D00160,564,hsa:5328,P00749,-4.6734,1575,7480,0.21056149732620322,1574,14,0,1560,0.9911054637865311,1560,0.9911054637865311
enzyme,D00160,564,hsa:5340,P00747,-5.1034,318,7480,0.04251336898395722,317,2,0,315,0.9936908517350158,315,0.9936908517350158
enzyme,D00160,564,hsa:5550,P48147,-4.8729,838,7480,0.11203208556149732,837,8,0,829,0.9904420549581839,829,0.9904420549581839
enzyme,D00160,564,hsa:5646,P35030,-4.7615,1223,7480,0.16350267379679145,1222,11,0,1211,0.9909983633387889,1211,0.9909983633387889
enzyme,D00160,564,hsa:5650,P49862,-4.4614,2577,7480,0.34451871657754013,2576,18,0,2558,0.9930124223602484,2558,0.9930124223602484
enzyme,D00160,564,hsa:5651,P98073,-4.0772,4454,7480,0.5954545454545455,4453,23,0,4430,0.9948349427352347,4430,0.9948349427352347
enzyme,D00160,564,hsa:5657,P24158,-4.5645,2071,7480,0.2768716577540107,2070,16,0,2054,0.9922705314009662,2054,0.9922705314009662
enzyme,D00160,564,hsa:64499,P20231,-4.8824,807,7480,0.10788770053475936,806,7,0,799,0.9913151364764268,799,0.9913151364764268
enzyme,D00160,564,hsa:6768,Q9Y5Y6,-4.9309,680,7480,0.09090909090909091,679,6,0,673,0.9911634756995582,673,0.9911634756995582
enzyme,D00160,564,hsa:8192,Q16740,-3.7336,5890,7480,0.7874331550802139,5889,28,0,5861,0.9952453727288164,5861,0.9952453727288164
enzyme,D00168,6253,hsa:5423,P06746,-5.9996,2666,7331,0.36366116491610967,2665,0,0,2665,1.0,2665,1.0
enzyme,D00169,23663959,hsa:5742,P23219,-1.2869,2878,7622,0.3775911834164261,2877,0,0,2877,1.0,2877,1.0
enzyme,D00169,23663959,hsa:5743,P35354,-1.2523,3761,7622,0.4934400419837313,3760,1,0,3759,0.9997340425531915,3759,0.9997340425531915
enzyme,D00183,4421,hsa:7153,P11388,-7.8812,250,7412,0.03372908796546142,249,0,0,249,1.0,249,1.0
enzyme,D00183,4421,hsa:7155,Q02880,-6.9054,1628,7412,0.21964382083108472,1627,1,0,1626,0.9993853718500307,1626,0.9993853718500307
enzyme,D00186,2764,hsa:7153,P11388,-7.8534,1229,7318,0.16794206067231485,1228,0,0,1228,1.0,1228,1.0
enzyme,D00186,2764,hsa:7155,Q02880,-7.599,1723,7318,0.23544684339983601,1722,1,0,1721,0.9994192799070848,1721,0.9994192799070848
enzyme,D00196,5983,hsa:43,P22303,-8.2266,199,7475,0.026622073578595317,198,0,0,198,1.0,198,1.0
enzyme,D00196,5983,hsa:590,P06276,-7.8489,520,7475,0.06956521739130435,519,1,0,518,0.9980732177263969,518,0.9980732177263969
enzyme,D00198,5280954,hsa:1636,P12821,-8.6751,1249,7412,0.16851052347544523,1248,0,0,1248,1.0,1248,1.0
enzyme,D00208,5746,hsa:1728,P15559,-7.5117,1155,7460,0.15482573726541554,1154,1,0,1153,0.9991334488734835,1153,0.9991334488734835
enzyme,D00208,5746,hsa:5447,P16435,-8.0688,431,7460,0.05777479892761394,430,0,0,430,1.0,430,1.0
enzyme,D00216,41774,hsa:2548,P10253,-8.2587,974,7340,0.1326975476839237,973,2,0,971,0.9979445015416238,971,0.9979445015416238
enzyme,D00216,41774,hsa:279,P04746,-8.6823,511,7340,0.06961852861035422,510,0,0,510,1.0,510,1.0
enzyme,D00216,41774,hsa:8972,O43451,-8.3986,801,7340,0.10912806539509537,800,1,0,799,0.99875,799,0.99875
enzyme,D00217,1983,hsa:10549,Q13162,-4.9006,4992,7479,0.6674689129562775,4991,10,0,4981,0.9979963935083149,4981,0.9979963935083149
enzyme,D00217,1983,hsa:10935,P30048,-4.8536,5139,7479,0.6871239470517448,5138,11,0,5127,0.9978590891397431,5127,0.9978590891397431
enzyme,D00217,1983,hsa:1543,P04798,-7.4373,6,7479,0.0008022462896109105,5,0,0,5,1.0,5,1.0
enzyme,D00217,1983,hsa:1544,P05177,-7.0671,28,7479,0.0037438160181842493,27,2,0,25,0.9259259259259259,25,0.9259259259259259
enzyme,D00217,1983,hsa:1565,P10635,-6.249,575,7479,0.07688193608771227,574,5,0,569,0.9912891986062717,569,0.9912891986062717
enzyme,D00217,1983,hsa:1571,P05181,-5.9585,1282,7479,0.17141329054686455,1281,7,0,1274,0.994535519125683,1274,0.994535519125683
enzyme,D00217,1983,hsa:25824,P30044,-5.1569,4082,7479,0.5457948923652894,4081,9,0,4072,0.9977946581720166,4072,0.9977946581720166
enzyme,D00217,1983,hsa:4353,P05164,-7.3502,8,7479,0.0010696617194812142,7,1,0,6,0.8571428571428571,6,0.8571428571428571
enzyme,D00217,1983,hsa:5052,Q06830,-5.4768,2953,7479,0.39483888220350316,2952,8,0,2944,0.997289972899729,2944,0.997289972899729
enzyme,D00217,1983,hsa:5742,P23219,-6.6952,128,7479,0.017114587511699426,127,4,0,123,0.968503937007874,123,0.968503937007874
enzyme,D00217,1983,hsa:5743,P35354,-6.1172,854,7479,0.1141863885546196,853,6,0,847,0.9929660023446659,847,0.9929660023446659
enzyme,D00217,1983,hsa:6799,P50226,-6.9384,46,7479,0.006150554887016981,45,3,0,42,0.9333333333333333,42,0.9333333333333333
enzyme,D00218,1986,hsa:23632,Q9ULX7,-6.1817,1180,7417,0.1590939733045706,1179,3,0,1176,0.9974554707379135,1176,0.9974554707379135
enzyme,D00218,1986,hsa:377677,Q8N1Q1,-5.5067,3342,7417,0.4505864904948092,3341,10,0,3331,0.9970068841664173,3331,0.9970068841664173
enzyme,D00218,1986,hsa:759,P00915,-6.1866,1165,7417,0.15707159228798706,1164,2,0,1162,0.9982817869415808,1162,0.9982817869415808
enzyme,D00218,1986,hsa:760,P00918,-5.7589,2444,7417,0.3295132803020089,2443,6,0,2437,0.9975440032746623,2437,0.9975440032746623
enzyme,D00218,1986,hsa:761,P07451,-5.7526,2468,7417,0.3327490899285425,2467,7,0,2460,0.9971625456019457,2460,0.9971625456019457
enzyme,D00218,1986,hsa:762,P22748,-5.7883,2335,7417,0.31481731158150195,2334,5,0,2329,0.9978577549271637,2329,0.9978577549271637
enzyme,D00218,1986,hsa:765,P23280,-5.7196,2572,7417,0.34677093164352163,2571,8,0,2563,0.9968883702839362,2563,0.9968883702839362
enzyme,D00218,1986,hsa:766,P43166,-6.4708,601,7417,0.08103006606444654,600,0,0,600,1.0,600,1.0
enzyme,D00218,1986,hsa:767,P35219,-5.6476,2834,7417,0.38209518673318055,2833,9,0,2824,0.9968231556653724,2824,0.9968231556653724
enzyme,D00218,1986,hsa:768,Q16790,-5.9612,1800,7417,0.24268572199002292,1799,4,0,1795,0.9977765425236242,1795,0.9977765425236242
enzyme,D00218,1986,hsa:771,O43570,-6.3233,856,7417,0.11541054334636645,855,1,0,854,0.9988304093567252,854,0.9988304093567252
enzyme,D00219,1989,hsa:51181,Q7Z4W1,-8.393,799,7471,0.10694686119662696,798,0,0,798,1.0,798,1.0
enzyme,D00222,135398513,hsa:30,P09110,-5.2931,4625,7409,0.6242407882305304,4624,0,0,4624,1.0,4624,1.0
enzyme,D00224,135401907,hsa:7498,P47989,-6.5303,80,7482,0.010692328254477412,79,0,0,79,1.0,79,1.0
enzyme,D00225,2118,hsa:10858,Q9Y6A2,-9.2093,411,7474,0.05499063419855499,410,10,0,400,0.975609756097561,400,0.975609756097561
enzyme,D00225,2118,hsa:1543,P04798,-9.0196,574,7474,0.0767995718490768,573,12,0,561,0.9790575916230366,561,0.9790575916230366
enzyme,D00225,2118,hsa:1544,P05177,-9.7057,163,7474,0.02180893765052181,162,3,0,159,0.9814814814814815,159,0.9814814814814815
enzyme,D00225,2118,hsa:1545,Q16678,-9.8954,114,7474,0.015252876639015252,113,2,0,111,0.9823008849557522,111,0.9823008849557522
enzyme,D00225,2118,hsa:1548,P11509,-10.3911,40,7474,0.005351886540005352,39,0,0,39,1.0,39,1.0
enzyme,D00225,2118,hsa:1551,P24462,-7.8541,2438,7474,0.3261974846133262,2437,24,0,2413,0.9901518260155929,2413,0.9901518260155929
enzyme,D00225,2118,hsa:1553,Q16696,-10.3154,46,7474,0.006154669521006155,45,1,0,44,0.9777777777777777,44,0.9777777777777777
enzyme,D00225,2118,hsa:1555,P20813,-8.5703,1051,7474,0.1406208188386406,1050,20,0,1030,0.9809523809523809,1030,0.9809523809523809
enzyme,D00225,2118,hsa:1557,P33261,-9.3121,338,7474,0.04522344126304522,337,8,0,329,0.9762611275964391,329,0.9762611275964391
enzyme,D00225,2118,hsa:1558,P10632,-9.2141,406,7474,0.05432164838105432,405,9,0,396,0.9777777777777777,396,0.9777777777777777
enzyme,D00225,2118,hsa:1559,P11712,-8.4276,1267,7474,0.16952100615466953,1266,22,0,1244,0.9826224328593997,1244,0.9826224328593997
enzyme,D00225,2118,hsa:1562,P33260,-4.753,7269,7474,0.9725715814824726,7268,25,0,7243,0.9965602641717116,7243,0.9965602641717116
enzyme,D00225,2118,hsa:1565,P10635,-9.4204,273,7474,0.036526625635536526,272,6,0,266,0.9779411764705882,266,0.9779411764705882
enzyme,D00225,2118,hsa:1571,P05181,-9.4582,251,7474,0.03358308803853358,250,4,0,246,0.984,246,0.984
enzyme,D00225,2118,hsa:1576,P08684,-8.9913,596,7474,0.07974310944607975,595,13,0,582,0.9781512605042016,582,0.9781512605042016
enzyme,D00225,2118,hsa:1577,P20815,-8.6406,966,7474,0.12924805994112926,965,17,0,948,0.9823834196891191,948,0.9823834196891191
enzyme,D00225,2118,hsa:1581,P22680,-8.848,737,7474,0.09860850949959861,736,15,0,721,0.9796195652173914,721,0.9796195652173914
enzyme,D00225,2118,hsa:1582,Q9UNU6,-8.5804,1043,7474,0.13955044153063956,1042,19,0,1023,0.9817658349328215,1023,0.9817658349328215
enzyme,D00225,2118,hsa:1583,P05108,-8.5057,1149,7474,0.15373294086165373,1148,21,0,1127,0.9817073170731707,1127,0.9817073170731707
enzyme,D00225,2118,hsa:1584,P15538,-9.1985,422,7474,0.05646240299705646,421,11,0,410,0.9738717339667459,410,0.9738717339667459
enzyme,D00225,2118,hsa:1585,P19099,-9.3309,328,7474,0.043885469628043884,327,7,0,320,0.9785932721712538,320,0.9785932721712538
enzyme,D00225,2118,hsa:1586,P05093,-8.9661,625,7474,0.08362322718758362,624,14,0,610,0.9775641025641025,610,0.9775641025641025
enzyme,D00225,2118,hsa:1588,P11511,-9.4419,261,7474,0.03492105967353492,260,5,0,255,0.9807692307692307,255,0.9807692307692307
enzyme,D00225,2118,hsa:1589,P08686,-8.7364,841,7474,0.11252341450361253,840,16,0,824,0.9809523809523809,824,0.9809523809523809
enzyme,D00225,2118,hsa:1595,Q16850,-7.9507,2183,7474,0.29207920792079206,2182,23,0,2159,0.9894592117323556,2159,0.9894592117323556
enzyme,D00225,2118,hsa:5740,Q16647,-8.6359,973,7474,0.1301846400856302,972,18,0,954,0.9814814814814815,954,0.9814814814814815
enzyme,D00231,3698,hsa:10846,Q9Y233,-6.9664,763,7478,0.10203262904519925,762,5,0,757,0.9934383202099738,757,0.9934383202099738
enzyme,D00231,3698,hsa:5138,O00408,-6.3919,2094,7478,0.28002139609521265,2093,10,0,2083,0.9952221691352127,2083,0.9952221691352127
enzyme,D00231,3698,hsa:5140,Q13370,-7.1964,461,7478,0.06164749933137202,460,4,0,456,0.991304347826087,456,0.991304347826087
enzyme,D00231,3698,hsa:5141,P27815,-6.9146,838,7478,0.1120620486761166,837,6,0,831,0.992831541218638,831,0.992831541218638
enzyme,D00231,3698,hsa:5142,Q07343,-7.2845,366,7478,0.04894356779887671,365,1,0,364,0.9972602739726028,364,0.9972602739726028
enzyme,D00231,3698,hsa:5143,Q08493,-6.1274,2915,7478,0.38981010965498797,2914,11,0,2903,0.9962251201098147,2903,0.9962251201098147
enzyme,D00231,3698,hsa:5144,Q08499,-7.6631,132,7478,0.01765177855041455,131,0,0,131,1.0,131,1.0
enzyme,D00231,3698,hsa:5147,O43924,-6.4585,1924,7478,0.25728804493179996,1923,9,0,1914,0.9953198127925117,1914,0.9953198127925117
enzyme,D00231,3698,hsa:5148,P18545,-3.8178,7249,7478,0.9693768387269324,7248,12,0,7236,0.9983443708609272,7236,0.9983443708609272
enzyme,D00231,3698,hsa:5150,Q13946,-7.2818,371,7478,0.049612195774271194,370,2,0,368,0.9945945945945946,368,0.9945945945945946
enzyme,D00231,3698,hsa:5151,O60658,-7.2797,372,7478,0.04974592136935009,371,3,0,368,0.9919137466307277,368,0.9919137466307277
enzyme,D00231,3698,hsa:5152,O76083,-6.7873,1111,7478,0.1485691361326558,1110,7,0,1103,0.9936936936936936,1103,0.9936936936936936
enzyme,D00231,3698,hsa:8654,O76074,-6.6691,1374,7478,0.183738967638406,1373,8,0,1365,0.9941733430444283,1365,0.9941733430444283
enzyme,D00234,2247,hsa:1565,P10635,-9.4413,858,7281,0.11784095591264936,857,1,0,856,0.9988331388564761,856,0.9988331388564761
enzyme,D00234,2247,hsa:1576,P08684,-10.0148,420,7281,0.057684384013185,419,0,0,419,1.0,419,1.0
enzyme,D00251,44093,hsa:1636,P12821,-5.6761,958,7417,0.1291627342591344,957,0,0,957,1.0,957,1.0
enzyme,D00252,2554,hsa:1558,P10632,-8.7599,682,7475,0.09123745819397994,681,0,0,681,1.0,681,1.0
enzyme,D00252,2554,hsa:1576,P08684,-8.2497,1375,7475,0.18394648829431437,1374,1,0,1373,0.9992721979621543,1373,0.9992721979621543
enzyme,D00270,2726,hsa:2147,P00734,-6.7497,1336,7474,0.17875301043617875,1335,0,0,1335,1.0,1335,1.0
enzyme,D00270,2726,hsa:4017,Q9Y4K0,-6.6067,1623,7474,0.21715279636071716,1622,1,0,1621,0.9993834771886559,1621,0.9993834771886559
enzyme,D00270,2726,hsa:4128,P21397,-6.2287,2528,7474,0.3382392293283382,2527,3,0,2524,0.998812821527503,2524,0.998812821527503
enzyme,D00270,2726,hsa:4129,P27338,-6.3752,2126,7474,0.28445276960128446,2125,2,0,2123,0.9990588235294118,2123,0.9990588235294118
enzyme,D00274,2769,hsa:1565,P10635,-9.216,142,7280,0.019505494505494506,141,0,0,141,1.0,141,1.0
enzyme,D00274,2769,hsa:1576,P08684,-8.9915,248,7280,0.03406593406593406,247,1,0,246,0.9959514170040485,246,0.9959514170040485
enzyme,D00279,2796,hsa:10269,O75844,-0.001,7528,7542,0.998143728453991,7527,1,0,7526,0.9998671449448652,7526,0.9998671449448652
enzyme,D00279,2796,hsa:4023,P06858,-5.87,2280,7542,0.3023070803500398,2279,0,0,2279,1.0,2279,1.0
enzyme,D00283,135398737,hsa:1544,P05177,-9.4642,114,7402,0.015401242907322345,113,0,0,113,1.0,113,1.0
enzyme,D00283,135398737,hsa:1557,P33261,-8.3903,808,7402,0.10915968657119697,807,2,0,805,0.9975216852540273,805,0.9975216852540273
enzyme,D00283,135398737,hsa:1565,P10635,-7.9127,1556,7402,0.2102134558227506,1555,3,0,1552,0.9980707395498393,1552,0.9980707395498393
enzyme,D00283,135398737,hsa:1576,P08684,-8.79,406,7402,0.0548500405295866,405,1,0,404,0.9975308641975309,404,0.9975308641975309
enzyme,D00283,135398737,hsa:22954,Q13049,-6.629,4827,7402,0.6521210483653067,4826,4,0,4822,0.9991711562370493,4822,0.9991711562370493
enzyme,D00285,358641,hsa:1719,P00374,-11.636,158,7231,0.021850366477665608,157,0,0,157,1.0,157,1.0
enzyme,D00293,3016,hsa:1557,P33261,-8.3653,572,7410,0.07719298245614035,571,0,0,571,1.0,571,1.0
enzyme,D00293,3016,hsa:1576,P08684,-7.8081,1250,7410,0.16869095816464239,1249,1,0,1248,0.9991993594875901,1248,0.9991993594875901
enzyme,D00293,3016,hsa:3906,P00709,-6.0,6009,7410,0.8109311740890688,6008,2,0,6006,0.9996671105193076,6006,0.9996671105193076
enzyme,D00294,3019,hsa:759,P00915,-6.1271,3049,7344,0.41516884531590414,3048,1,0,3047,0.9996719160104987,3047,0.9996719160104987
enzyme,D00294,3019,hsa:760,P00918,-6.3963,2217,7344,0.30187908496732024,2216,0,0,2216,1.0,2216,1.0
enzyme,D00294,3019,hsa:762,P22748,-5.838,3987,7344,0.5428921568627451,3986,2,0,3984,0.9994982438534872,3984,0.9994982438534872
enzyme,D00298,2724385,hsa:476,P05023,-11.1852,399,7424,0.05374461206896552,398,0,0,398,1.0,398,1.0
enzyme,D00300,3100,hsa:1565,P10635,-7.158,772,7539,0.10240084891895476,771,0,0,771,1.0,771,1.0
enzyme,D00315,3308,hsa:5742,P23219,-6.6221,3251,7472,0.43509100642398285,3250,1,0,3249,0.9996923076923077,3249,0.9996923076923077
enzyme,D00315,3308,hsa:5743,P35354,-7.4823,1235,7472,0.16528372591006424,1234,0,0,1234,1.0,1234,1.0
enzyme,D00317,3324,hsa:30,P09110,-6.1063,3236,7397,0.4374746518858997,3235,0,0,3235,1.0,3235,1.0
enzyme,D00322,3365,hsa:1557,P33261,-7.6526,567,7403,0.07659057138997703,566,0,0,566,1.0,566,1.0
enzyme,D00322,3365,hsa:1559,P11712,-6.9103,1887,7403,0.2548966635147913,1886,1,0,1885,0.9994697773064687,1885,0.9994697773064687
enzyme,D00325,9642,hsa:5321,P47712,-9.1704,684,7446,0.09186140209508462,683,0,0,683,1.0,683,1.0
enzyme,D00328,15209,hsa:5321,P47712,-8.4421,1064,7454,0.1427421518647706,1063,0,0,1063,1.0,1063,1.0
enzyme,D00330,3394,hsa:5742,P23219,-8.7363,366,7476,0.048956661316211875,365,0,0,365,1.0,365,1.0
enzyme,D00330,3394,hsa:5743,P35354,-8.3877,664,7476,0.0888175494917068,663,1,0,662,0.9984917043740573,662,0.9984917043740573
enzyme,D00332,3446,hsa:2673,Q06210,-5.5499,1869,7479,0.24989971921379864,1868,2,0,1866,0.9989293361884368,1866,0.9989293361884368
enzyme,D00332,3446,hsa:2806,P00505,-5.2559,3020,7479,0.4037972991041583,3019,4,0,3015,0.998675057966214,3015,0.998675057966214
enzyme,D00332,3446,hsa:29968,Q9Y617,-5.5361,1930,7479,0.2580558898248429,1929,3,0,1926,0.9984447900466563,1926,0.9984447900466563
enzyme,D00332,3446,hsa:4942,P04181,-5.2484,3050,7479,0.4078085305522129,3049,5,0,3044,0.9983601180714988,3044,0.9983601180714988
enzyme,D00332,3446,hsa:51166,Q8N5Z0,-5.7084,1354,7479,0.18104024602219548,1353,1,0,1352,0.9992609016999261,1352,0.9992609016999261
enzyme,D00332,3446,hsa:586,P54687,-4.917,4393,7479,0.5873779917101217,4392,9,0,4383,0.9979508196721312,4383,0.9979508196721312
enzyme,D00332,3446,hsa:587,O15382,-6.2765,257,7479,0.034362882738334,256,0,0,256,1.0,256,1.0
enzyme,D00332,3446,hsa:64850,Q8TBG4,-5.2018,3262,7479,0.43615456611846504,3261,6,0,3255,0.9981600735970562,3255,0.9981600735970562
enzyme,D00332,3446,hsa:6898,P17735,-5.0142,4016,7479,0.5369701831795695,4015,8,0,4007,0.9980074719800747,4007,0.9980074719800747
enzyme,D00332,3446,hsa:84706,Q8TD30,-5.1891,3317,7479,0.4435084904398984,3316,7,0,3309,0.9978890229191797,3309,0.9978890229191797
enzyme,D00333,135398740,hsa:30,P09110,-5.4699,4495,7406,0.6069403186605455,4494,0,0,4494,1.0,4494,1.0
enzyme,D00340,3639,hsa:23632,Q9ULX7,-7.6034,316,7409,0.04265083007153462,315,2,0,313,0.9936507936507937,313,0.9936507936507937
enzyme,D00340,3639,hsa:377677,Q8N1Q1,-6.2375,2995,7409,0.40423808881090567,2994,9,0,2985,0.996993987975952,2985,0.996993987975952
enzyme,D00340,3639,hsa:759,P00915,-6.7913,1483,7409,0.20016196517748683,1482,4,0,1478,0.9973009446693657,1478,0.9973009446693657
enzyme,D00340,3639,hsa:760,P00918,-6.2875,2817,7409,0.38021325415035767,2816,8,0,2808,0.9971590909090909,2808,0.9971590909090909
enzyme,D00340,3639,hsa:761,P07451,-6.4481,2379,7409,0.32109596436766097,2378,6,0,2372,0.9974768713204374,2372,0.9974768713204374
enzyme,D00340,3639,hsa:762,P22748,-5.7855,4452,7409,0.6008908084761776,4451,10,0,4441,0.9977533138620535,4441,0.9977533138620535
enzyme,D00340,3639,hsa:765,P23280,-6.3674,2576,7409,0.3476852476717506,2575,7,0,2568,0.9972815533980582,2568,0.9972815533980582
enzyme,D00340,3639,hsa:766,P43166,-7.766,209,7409,0.028208935078958025,208,1,0,207,0.9951923076923077,207,0.9951923076923077
enzyme,D00340,3639,hsa:767,P35219,-6.7196,1651,7409,0.22283709002564447,1650,5,0,1645,0.996969696969697,1645,0.996969696969697
enzyme,D00340,3639,hsa:768,Q16790,-6.848,1380,7409,0.18625995410986637,1379,3,0,1376,0.9978245105148659,1376,0.9978245105148659
enzyme,D00340,3639,hsa:771,O43570,-8.3231,43,7409,0.005803752193278445,42,0,0,42,1.0,42,1.0
enzyme,D00342,5905,hsa:30,P09110,-5.7704,3711,7331,0.5062065202564452,3710,0,0,3710,1.0,3710,1.0
enzyme,D00359,53232,hsa:3156,P04035,-7.5156,2233,7527,0.29666533811611534,2232,0,0,2232,1.0,2232,1.0
enzyme,D00364,3957,hsa:1576,P08684,-9.4221,275,7392,0.03720238095238095,274,0,0,274,1.0,274,1.0
enzyme,D00369,460612,hsa:189,P21549,-5.8391,2378,7331,0.3243759377983904,2377,0,0,2377,1.0,2377,1.0
enzyme,D00371,2153,hsa:10846,Q9Y233,-6.465,435,7479,0.05816285599679102,434,2,0,432,0.9953917050691244,432,0.9953917050691244
enzyme,D00371,2153,hsa:5138,O00408,-5.6644,2463,7479,0.3293221018852788,2462,9,0,2453,0.996344435418359,2453,0.996344435418359
enzyme,D00371,2153,hsa:5140,Q13370,-6.3864,545,7479,0.07287070463965771,544,5,0,539,0.9908088235294118,539,0.9908088235294118
enzyme,D00371,2153,hsa:5141,P27815,-5.9014,1691,7479,0.22609974595534163,1690,7,0,1683,0.9958579881656805,1683,0.9958579881656805
enzyme,D00371,2153,hsa:5142,Q07343,-6.5296,364,7479,0.04866960823639524,363,0,0,363,1.0,363,1.0
enzyme,D00371,2153,hsa:5143,Q08493,-5.3837,3443,7479,0.4603556625217275,3442,10,0,3432,0.9970947123765252,3432,0.9970947123765252
enzyme,D00371,2153,hsa:5144,Q08499,-6.4814,413,7479,0.05522128626821768,412,1,0,411,0.9975728155339806,411,0.9975728155339806
enzyme,D00371,2153,hsa:5147,O43924,-5.2383,3985,7479,0.5328252440165797,3984,11,0,3973,0.9972389558232931,3973,0.9972389558232931
enzyme,D00371,2153,hsa:5148,P18545,-3.3394,7274,7479,0.9725899184382939,7273,12,0,7261,0.9983500618726798,7261,0.9983500618726798
enzyme,D00371,2153,hsa:5150,Q13946,-6.4267,486,7479,0.06498194945848375,485,3,0,482,0.9938144329896907,482,0.9938144329896907
enzyme,D00371,2153,hsa:5151,O60658,-6.418,495,7479,0.06618531889290012,494,4,0,490,0.9919028340080972,490,0.9919028340080972
enzyme,D00371,2153,hsa:5152,O76083,-5.7566,2142,7479,0.28640192539109505,2141,8,0,2133,0.9962634283045306,2133,0.9962634283045306
enzyme,D00371,2153,hsa:8654,O76074,-5.9193,1631,7479,0.21807728305923252,1630,6,0,1624,0.996319018404908,1624,0.996319018404908
enzyme,D00377,4075,hsa:240,P09917,-6.8089,103,7478,0.013773736293126504,102,0,0,102,1.0,102,1.0
enzyme,D00377,4075,hsa:5742,P23219,-6.1454,1044,7478,0.1396095212623696,1043,3,0,1040,0.99712368168744,1040,0.99712368168744
enzyme,D00377,4075,hsa:5743,P35354,-6.2389,797,7478,0.10657929927788179,796,2,0,794,0.9974874371859297,794,0.9974874371859297
enzyme,D00377,4075,hsa:7172,P51580,-6.556,276,7478,0.03690826424177587,275,1,0,274,0.9963636363636363,274,0.9963636363636363
enzyme,D00380,5505,hsa:10858,Q9Y6A2,-7.4687,782,7475,0.10461538461538461,781,7,0,774,0.9910371318822023,774,0.9910371318822023
enzyme,D00380,5505,hsa:1543,P04798,-8.7413,20,7475,0.0026755852842809363,19,0,0,19,1.0,19,1.0
enzyme,D00380,5505,hsa:1544,P05177,-8.2407,124,7475,0.016588628762541805,123,2,0,121,0.983739837398374,121,0.983739837398374
enzyme,D00380,5505,hsa:1545,Q16678,-8.4865,50,7475,0.006688963210702341,49,1,0,48,0.9795918367346939,48,0.9795918367346939
enzyme,D00380,5505,hsa:1548,P11509,-7.7393,434,7475,0.05806020066889632,433,3,0,430,0.9930715935334873,430,0.9930715935334873
enzyme,D00380,5505,hsa:1551,P24462,-7.1936,1263,7475,0.16896321070234113,1262,19,0,1243,0.9849445324881141,1243,0.9849445324881141
enzyme,D00380,5505,hsa:1553,Q16696,-7.4612,793,7475,0.10608695652173913,792,8,0,784,0.98989898989899,784,0.98989898989899
enzyme,D00380,5505,hsa:1555,P20813,-7.2845,1099,7475,0.14702341137123745,1098,17,0,1081,0.9845173041894353,1081,0.9845173041894353
enzyme,D00380,5505,hsa:1557,P33261,-7.4983,734,7475,0.09819397993311037,733,5,0,728,0.9931787175989086,728,0.9931787175989086
enzyme,D00380,5505,hsa:1558,P10632,-7.7216,460,7475,0.06153846153846154,459,4,0,455,0.9912854030501089,455,0.9912854030501089
enzyme,D00380,5505,hsa:1559,P11712,-6.9023,1896,7475,0.2536454849498328,1895,24,0,1871,0.987335092348285,1871,0.987335092348285
enzyme,D00380,5505,hsa:1562,P33260,-4.2613,7259,7475,0.9711036789297659,7258,25,0,7233,0.9965555249379995,7233,0.9965555249379995
enzyme,D00380,5505,hsa:1565,P10635,-7.3145,1042,7475,0.13939799331103678,1041,12,0,1029,0.9884726224783862,1029,0.9884726224783862
enzyme,D00380,5505,hsa:1571,P05181,-7.4954,741,7475,0.09913043478260869,740,6,0,734,0.9918918918918919,734,0.9918918918918919
enzyme,D00380,5505,hsa:1576,P08684,-7.0741,1510,7475,0.2020066889632107,1509,22,0,1487,0.9854208084824387,1487,0.9854208084824387
enzyme,D00380,5505,hsa:1577,P20815,-7.3174,1032,7475,0.13806020066889632,1031,11,0,1020,0.9893307468477207,1020,0.9893307468477207
enzyme,D00380,5505,hsa:1581,P22680,-7.1258,1414,7475,0.1891638795986622,1413,21,0,1392,0.9851380042462845,1392,0.9851380042462845
enzyme,D00380,5505,hsa:1582,Q9UNU6,-7.2387,1172,7475,0.15678929765886288,1171,18,0,1153,0.9846285226302306,1153,0.9846285226302306
enzyme,D00380,5505,hsa:1583,P05108,-7.296,1081,7475,0.14461538461538462,1080,14,0,1066,0.987037037037037,1066,0.987037037037037
enzyme,D00380,5505,hsa:1584,P15538,-7.2852,1098,7475,0.1468896321070234,1097,16,0,1081,0.9854147675478578,1081,0.9854147675478578
enzyme,D00380,5505,hsa:1585,P19099,-7.1931,1266,7475,0.16936454849498328,1265,20,0,1245,0.9841897233201581,1245,0.9841897233201581
enzyme,D00380,5505,hsa:1586,P05093,-7.2955,1083,7475,0.1448829431438127,1082,15,0,1067,0.9861367837338263,1067,0.9861367837338263
enzyme,D00380,5505,hsa:1588,P11511,-7.3681,935,7475,0.12508361204013377,934,9,0,925,0.9903640256959315,925,0.9903640256959315
enzyme,D00380,5505,hsa:1589,P08686,-7.3435,971,7475,0.12989966555183946,970,10,0,960,0.9896907216494846,960,0.9896907216494846
enzyme,D00380,5505,hsa:1595,Q16850,-6.9533,1788,7475,0.23919732441471572,1787,23,0,1764,0.987129266927812,1764,0.987129266927812
enzyme,D00380,5505,hsa:5740,Q16647,-7.2986,1076,7475,0.1439464882943144,1075,13,0,1062,0.987906976744186,1062,0.987906976744186
enzyme,D00383,5484727,hsa:1636,P12821,-8.0649,1072,7382,0.14521809807640207,1071,0,0,1071,1.0,1071,1.0
enzyme,D00387,5556,hsa:1576,P08684,-8.8933,480,7472,0.06423982869379015,479,0,0,479,1.0,479,1.0
enzyme,D00391,6256,hsa:30,P09110,-6.6255,3012,7329,0.4109701187065084,3011,0,0,3011,1.0,3011,1.0
enzyme,D00394,5584,hsa:10858,Q9Y6A2,-7.8043,776,7578,0.1024016891000264,775,12,0,763,0.984516129032258,763,0.984516129032258
enzyme,D00394,5584,hsa:1543,P04798,-8.2821,363,7578,0.04790182106096595,362,4,0,358,0.988950276243094,358,0.988950276243094
enzyme,D00394,5584,hsa:1544,P05177,-7.7182,868,7578,0.11454209553972024,867,13,0,854,0.9850057670126874,854,0.9850057670126874
enzyme,D00394,5584,hsa:1545,Q16678,-7.8984,670,7578,0.08841382950646609,669,10,0,659,0.9850523168908819,659,0.9850523168908819
enzyme,D00394,5584,hsa:1548,P11509,-8.6485,163,7578,0.021509633148588017,162,0,0,162,1.0,162,1.0
enzyme,D00394,5584,hsa:1551,P24462,-7.5418,1071,7578,0.14133016627078385,1070,17,0,1053,0.9841121495327103,1053,0.9841121495327103
enzyme,D00394,5584,hsa:1553,Q16696,-8.5475,203,7578,0.026788070731063606,202,3,0,199,0.9851485148514851,199,0.9851485148514851
enzyme,D00394,5584,hsa:1555,P20813,-7.3066,1492,7578,0.1968857218263394,1491,21,0,1470,0.9859154929577465,1470,0.9859154929577465
enzyme,D00394,5584,hsa:1557,P33261,-8.5675,199,7578,0.026260226972816048,198,2,0,196,0.98989898989899,196,0.98989898989899
enzyme,D00394,5584,hsa:1558,P10632,-7.9245,636,7578,0.08392715756136183,635,8,0,627,0.9874015748031496,627,0.9874015748031496
enzyme,D00394,5584,hsa:1559,P11712,-7.6121,990,7578,0.13064133016627077,989,16,0,973,0.9838220424671386,973,0.9838220424671386
enzyme,D00394,5584,hsa:1562,P33260,-4.0125,7377,7578,0.9734758511480601,7376,25,0,7351,0.9966106290672451,7351,0.9966106290672451
enzyme,D00394,5584,hsa:1565,P10635,-7.8754,697,7578,0.09197677487463711,696,11,0,685,0.9841954022988506,685,0.9841954022988506
enzyme,D00394,5584,hsa:1571,P05181,-7.6421,951,7578,0.1254948535233571,950,15,0,935,0.9842105263157894,935,0.9842105263157894
enzyme,D00394,5584,hsa:1576,P08684,-7.6997,898,7578,0.11850092372657693,897,14,0,883,0.9843924191750278,883,0.9843924191750278
enzyme,D00394,5584,hsa:1577,P20815,-7.969,591,7578,0.0779889152810768,590,7,0,583,0.988135593220339,583,0.988135593220339
enzyme,D00394,5584,hsa:1581,P22680,-7.4232,1256,7578,0.16574294008973345,1255,20,0,1235,0.9840637450199203,1235,0.9840637450199203
enzyme,D00394,5584,hsa:1582,Q9UNU6,-8.0369,533,7578,0.0703351807864872,532,6,0,526,0.9887218045112782,526,0.9887218045112782
enzyme,D00394,5584,hsa:1583,P05108,-7.4857,1148,7578,0.15149115861704934,1147,18,0,1129,0.984306887532694,1129,0.984306887532694
enzyme,D00394,5584,hsa:1584,P15538,-7.2768,1545,7578,0.20387965162311955,1544,22,0,1522,0.9857512953367875,1522,0.9857512953367875
enzyme,D00394,5584,hsa:1585,P19099,-8.6081,179,7578,0.02362100818157825,178,1,0,177,0.9943820224719101,177,0.9943820224719101
enzyme,D00394,5584,hsa:1586,P05093,-7.4503,1220,7578,0.1609923462655054,1219,19,0,1200,0.9844134536505332,1200,0.9844134536505332
enzyme,D00394,5584,hsa:1588,P11511,-7.9238,637,7578,0.08405911850092372,636,9,0,627,0.9858490566037735,627,0.9858490566037735
enzyme,D00394,5584,hsa:1589,P08686,-8.0411,529,7578,0.06980733702823964,528,5,0,523,0.990530303030303,523,0.990530303030303
enzyme,D00394,5584,hsa:1595,Q16850,-6.9857,2184,7578,0.28820269200316706,2183,24,0,2159,0.98900595510765,2159,0.98900595510765
enzyme,D00394,5584,hsa:5740,Q16647,-7.0414,2047,7578,0.2701240432831882,2046,23,0,2023,0.9887585532746823,2023,0.9887585532746823
enzyme,D00398,135398741,hsa:30,P09110,-6.6494,2695,7302,0.3690769652150096,2694,0,0,2694,1.0,2694,1.0
enzyme,D00401,1349907,hsa:4353,P05164,-4.4901,30,7545,0.003976143141153081,29,0,0,29,1.0,29,1.0
enzyme,D00401,1349907,hsa:7453,P23381,-4.2269,203,7545,0.026905235255135853,202,1,0,201,0.995049504950495,201,0.995049504950495
enzyme,D00410,4174,hsa:10858,Q9Y6A2,-7.1556,1018,7541,0.13499535870574195,1017,10,0,1007,0.9901671583087512,1007,0.9901671583087512
enzyme,D00410,4174,hsa:1544,P05177,-7.1722,981,7541,0.13008884763293993,980,9,0,971,0.9908163265306122,971,0.9908163265306122
enzyme,D00410,4174,hsa:1545,Q16678,-7.2308,881,7541,0.11682800689563719,880,7,0,873,0.9920454545454546,873,0.9920454545454546
enzyme,D00410,4174,hsa:1548,P11509,-7.8189,272,7541,0.036069486805463465,271,0,0,271,1.0,271,1.0
enzyme,D00410,4174,hsa:1551,P24462,-6.4476,2615,7541,0.3467709852804668,2614,22,0,2592,0.991583779648049,2592,0.991583779648049
enzyme,D00410,4174,hsa:1553,Q16696,-7.4937,552,7541,0.07319984086991116,551,1,0,550,0.9981851179673321,550,0.9981851179673321
enzyme,D00410,4174,hsa:1555,P20813,-7.1053,1103,7541,0.1462670733324493,1102,11,0,1091,0.9900181488203267,1091,0.9900181488203267
enzyme,D00410,4174,hsa:1557,P33261,-7.0653,1166,7541,0.15462140299695,1165,13,0,1152,0.9888412017167382,1152,0.9888412017167382
enzyme,D00410,4174,hsa:1558,P10632,-7.4152,636,7541,0.08433894708924546,635,3,0,632,0.9952755905511811,632,0.9952755905511811
enzyme,D00410,4174,hsa:1559,P11712,-7.2249,891,7541,0.11815409096936746,890,8,0,882,0.9910112359550561,882,0.9910112359550561
enzyme,D00410,4174,hsa:1562,P33260,-4.1162,7257,7541,0.9623392123060602,7256,24,0,7232,0.9966923925027563,7232,0.9966923925027563
enzyme,D00410,4174,hsa:1565,P10635,-7.3969,659,7541,0.08738894045882509,658,4,0,654,0.993920972644377,654,0.993920972644377
enzyme,D00410,4174,hsa:1571,P05181,-6.833,1649,7541,0.21867126375812226,1648,17,0,1631,0.9896844660194175,1631,0.9896844660194175
enzyme,D00410,4174,hsa:1576,P08684,-6.6388,2096,7541,0.27794722185386556,2095,19,0,2076,0.9909307875894988,2076,0.9909307875894988
enzyme,D00410,4174,hsa:1577,P20815,-7.2873,802,7541,0.10635194271316802,801,5,0,796,0.9937578027465668,796,0.9937578027465668
enzyme,D00410,4174,hsa:1581,P22680,-6.7426,1857,7541,0.24625381249171197,1856,18,0,1838,0.990301724137931,1838,0.990301724137931
enzyme,D00410,4174,hsa:1582,Q9UNU6,-6.4515,2605,7541,0.3454449012067365,2604,21,0,2583,0.9919354838709677,2583,0.9919354838709677
enzyme,D00410,4174,hsa:1584,P15538,-6.4665,2557,7541,0.3390796976528312,2556,20,0,2536,0.9921752738654147,2536,0.9921752738654147
enzyme,D00410,4174,hsa:1586,P05093,-7.0852,1134,7541,0.15037793396101312,1133,12,0,1121,0.9894086496028244,1121,0.9894086496028244
enzyme,D00410,4174,hsa:1588,P11511,-6.4212,2681,7541,0.3555231401670866,2680,23,0,2657,0.9914179104477612,2657,0.9914179104477612
enzyme,D00410,4174,hsa:1589,P08686,-7.2871,803,7541,0.10648455112054105,802,6,0,796,0.9925187032418953,796,0.9925187032418953
enzyme,D00410,4174,hsa:1595,Q16850,-7.0306,1214,7541,0.16098660655085534,1213,14,0,1199,0.9884583676834295,1199,0.9884583676834295
enzyme,D00410,4174,hsa:3290,P28845,-6.8836,1522,7541,0.20182999602174778,1521,15,0,1506,0.9901380670611439,1506,0.9901380670611439
enzyme,D00410,4174,hsa:51181,Q7Z4W1,-7.4451,599,7541,0.07943243601644344,598,2,0,596,0.9966555183946488,596,0.9966555183946488
enzyme,D00410,4174,hsa:5740,Q16647,-6.8353,1641,7541,0.21761039649913805,1640,16,0,1624,0.9902439024390244,1624,0.9902439024390244
enzyme,D00414,60490,hsa:240,P09917,-7.6648,495,7336,0.06747546346782989,494,0,0,494,1.0,494,1.0
enzyme,D00416,4189,hsa:1557,P33261,-9.0394,132,7399,0.01784024868225436,131,0,0,131,1.0,131,1.0
enzyme,D00416,4189,hsa:1559,P11712,-8.2788,605,7399,0.08176780646033248,604,1,0,603,0.9983443708609272,603,0.9983443708609272
enzyme,D00417,4197,hsa:10846,Q9Y233,-7.097,1438,7478,0.19229740572345547,1437,15,0,1422,0.9895615866388309,1422,0.9895615866388309
enzyme,D00417,4197,hsa:10924,Q92484,-6.9462,1747,7478,0.23361861460283498,1746,17,0,1729,0.9902634593356243,1729,0.9902634593356243
enzyme,D00417,4197,hsa:1267,P09543,-7.0286,1567,7478,0.20954800748863334,1566,16,0,1550,0.9897828863346104,1550,0.9897828863346104
enzyme,D00417,4197,hsa:306,P12429,-6.3416,3354,7478,0.4485156458946242,3353,24,0,3329,0.9928422308380555,3329,0.9928422308380555
enzyme,D00417,4197,hsa:339221,Q6UWV6,-6.4692,2951,7478,0.3946242310778283,2950,23,0,2927,0.9922033898305085,2927,0.9922033898305085
enzyme,D00417,4197,hsa:51095,Q96Q11,-6.4979,2870,7478,0.38379245787643756,2869,22,0,2847,0.9923318229348205,2847,0.9923318229348205
enzyme,D00417,4197,hsa:5138,O00408,-6.6505,2450,7478,0.3276277079433004,2449,18,0,2431,0.9926500612494896,2431,0.9926500612494896
enzyme,D00417,4197,hsa:5140,Q13370,-8.3297,147,7478,0.01965766247659802,146,4,0,142,0.9726027397260274,142,0.9726027397260274
enzyme,D00417,4197,hsa:5141,P27815,-7.6673,590,7478,0.07889810109654988,589,9,0,580,0.9847198641765704,580,0.9847198641765704
enzyme,D00417,4197,hsa:5142,Q07343,-8.6887,66,7478,0.008825889275207275,65,1,0,64,0.9846153846153847,64,0.9846153846153847
enzyme,D00417,4197,hsa:5143,Q08493,-6.6227,2541,7478,0.3397967370954801,2540,19,0,2521,0.99251968503937,2521,0.99251968503937
enzyme,D00417,4197,hsa:5144,Q08499,-9.8783,3,7478,0.0004011767852366943,2,0,0,2,1.0,2,1.0
enzyme,D00417,4197,hsa:5146,P51160,-7.8251,451,7478,0.060310243380583044,450,6,0,444,0.9866666666666667,444,0.9866666666666667
enzyme,D00417,4197,hsa:5147,O43924,-6.5032,2855,7478,0.38178657395025406,2854,21,0,2833,0.9926419060967063,2833,0.9926419060967063
enzyme,D00417,4197,hsa:5148,P18545,-3.9721,7273,7478,0.9725862530088258,7272,29,0,7243,0.996012101210121,7243,0.996012101210121
enzyme,D00417,4197,hsa:5150,Q13946,-7.7992,470,7478,0.0628510296870821,469,7,0,462,0.9850746268656716,462,0.9850746268656716
enzyme,D00417,4197,hsa:5151,O60658,-7.4824,831,7478,0.11112596951056432,830,12,0,818,0.9855421686746988,818,0.9855421686746988
enzyme,D00417,4197,hsa:5152,O76083,-7.5567,718,7478,0.09601497726664884,717,10,0,707,0.9860529986052998,707,0.9860529986052998
enzyme,D00417,4197,hsa:5168,Q13822,-7.528,758,7478,0.10136400106980475,757,11,0,746,0.9854689564068693,746,0.9854689564068693
enzyme,D00417,4197,hsa:5169,O14638,-7.1745,1279,7478,0.17103503610591067,1278,13,0,1265,0.9898278560250391,1265,0.9898278560250391
enzyme,D00417,4197,hsa:5330,Q00722,-8.5318,91,7478,0.012169029152179727,90,2,0,88,0.9777777777777777,88,0.9777777777777777
enzyme,D00417,4197,hsa:5331,Q01970,-8.4258,117,7478,0.015645894624231077,116,3,0,113,0.9741379310344828,113,0.9741379310344828
enzyme,D00417,4197,hsa:5335,P19174,-5.8798,4776,7478,0.6386734420968173,4775,27,0,4748,0.9943455497382199,4748,0.9943455497382199
enzyme,D00417,4197,hsa:5336,P16885,-5.4214,6097,7478,0.8153249531960417,6096,28,0,6068,0.9954068241469817,6068,0.9954068241469817
enzyme,D00417,4197,hsa:5337,Q13393,-6.5452,2750,7478,0.3677453864669698,2749,20,0,2729,0.9927246271371408,2729,0.9927246271371408
enzyme,D00417,4197,hsa:5338,O14939,-7.1232,1378,7478,0.18427387001872159,1377,14,0,1363,0.9898329702251271,1363,0.9898329702251271
enzyme,D00417,4197,hsa:55512,Q9NY59,-6.1372,3965,7478,0.530221984487831,3964,26,0,3938,0.9934409687184662,3938,0.9934409687184662
enzyme,D00417,4197,hsa:55775,Q9NUW8,-6.2731,3573,7478,0.47780155121690293,3572,25,0,3547,0.9930011198208286,3547,0.9930011198208286
enzyme,D00417,4197,hsa:6609,P17405,-7.7009,559,7478,0.07475260764910403,558,8,0,550,0.985663082437276,550,0.985663082437276
enzyme,D00417,4197,hsa:8654,O76074,-7.8251,450,7478,0.06017651778550415,449,5,0,444,0.9888641425389755,444,0.9888641425389755
enzyme,D00418,4201,hsa:6799,P50226,-8.3476,17,7336,0.002317339149400218,16,0,0,16,1.0,16,1.0
enzyme,D00421,5362129,hsa:1636,P12821,-8.692,311,7384,0.0421180931744312,310,0,0,310,1.0,310,1.0
enzyme,D00423,37542,hsa:132,P55263,-7.4498,349,7409,0.04710487245242273,348,0,0,348,1.0,348,1.0
enzyme,D00423,37542,hsa:22978,P49902,-7.0082,973,7409,0.1313267647455797,972,2,0,970,0.9979423868312757,970,0.9979423868312757
enzyme,D00423,37542,hsa:3614,P20839,-7.374,440,7409,0.05938723174517479,439,1,0,438,0.9977220956719818,438,0.9977220956719818
enzyme,D00425,4409,hsa:5742,P23219,-7.9839,648,7582,0.08546557636507518,647,0,0,647,1.0,647,1.0
enzyme,D00425,4409,hsa:5743,P35354,-7.6904,997,7582,0.13149564758638882,996,1,0,995,0.998995983935743,995,0.998995983935743
enzyme,D00434,54454,hsa:1576,P08684,-8.1215,991,7523,0.13172936328592316,990,0,0,990,1.0,990,1.0
enzyme,D00434,54454,hsa:3156,P04035,-7.4443,2205,7523,0.29310115645354246,2204,1,0,2203,0.9995462794918331,2203,0.9995462794918331
enzyme,D00437,4485,hsa:10858,Q9Y6A2,-7.2822,280,7464,0.03751339764201501,279,5,0,274,0.982078853046595,274,0.982078853046595
enzyme,D00437,4485,hsa:1543,P04798,-7.1665,389,7464,0.052116827438370844,388,9,0,379,0.9768041237113402,379,0.9768041237113402
enzyme,D00437,4485,hsa:1544,P05177,-7.268,297,7464,0.039790996784565914,296,7,0,289,0.9763513513513513,289,0.9763513513513513
enzyme,D00437,4485,hsa:1545,Q16678,-7.098,462,7464,0.06189710610932476,461,10,0,451,0.9783080260303688,451,0.9783080260303688
enzyme,D00437,4485,hsa:1548,P11509,-7.6685,100,7464,0.01339764201500536,99,3,0,96,0.9696969696969697,96,0.9696969696969697
enzyme,D00437,4485,hsa:1551,P24462,-6.8652,744,7464,0.09967845659163987,743,13,0,730,0.9825033647375505,730,0.9825033647375505
enzyme,D00437,4485,hsa:1553,Q16696,-7.7686,66,7464,0.008842443729903537,65,1,0,64,0.9846153846153847,64,0.9846153846153847
enzyme,D00437,4485,hsa:1555,P20813,-6.2344,2117,7464,0.28362808145766344,2116,22,0,2094,0.9896030245746692,2094,0.9896030245746692
enzyme,D00437,4485,hsa:1557,P33261,-7.6789,94,7464,0.012593783494105037,93,2,0,91,0.978494623655914,91,0.978494623655914
enzyme,D00437,4485,hsa:1558,P10632,-7.2793,282,7464,0.03778135048231511,281,6,0,275,0.9786476868327402,275,0.9786476868327402
enzyme,D00437,4485,hsa:1562,P33260,-3.7524,7207,7464,0.9655680600214362,7206,23,0,7183,0.9968082153760754,7183,0.9968082153760754
enzyme,D00437,4485,hsa:1565,P10635,-6.7219,959,7464,0.1284833869239014,958,16,0,942,0.9832985386221295,942,0.9832985386221295
enzyme,D00437,4485,hsa:1571,P05181,-7.9148,44,7464,0.005894962486602358,43,0,0,43,1.0,43,1.0
enzyme,D00437,4485,hsa:1576,P08684,-6.4949,1426,7464,0.1910503751339764,1425,20,0,1405,0.9859649122807017,1405,0.9859649122807017
enzyme,D00437,4485,hsa:1577,P20815,-6.7061,987,7464,0.1322347266881029,986,17,0,969,0.9827586206896551,969,0.9827586206896551
enzyme,D00437,4485,hsa:1581,P22680,-6.5798,1247,7464,0.16706859592711681,1246,18,0,1228,0.985553772070626,1228,0.985553772070626
enzyme,D00437,4485,hsa:1582,Q9UNU6,-6.5337,1365,7464,0.18287781350482316,1364,19,0,1345,0.9860703812316716,1345,0.9860703812316716
enzyme,D00437,4485,hsa:1583,P05108,-6.9637,606,7464,0.08118971061093247,605,11,0,594,0.9818181818181818,594,0.9818181818181818
enzyme,D00437,4485,hsa:1584,P15538,-6.2749,1983,7464,0.26567524115755625,1982,21,0,1961,0.9894046417759839,1961,0.9894046417759839
enzyme,D00437,4485,hsa:1586,P05093,-7.2145,349,7464,0.0467577706323687,348,8,0,340,0.9770114942528736,340,0.9770114942528736
enzyme,D00437,4485,hsa:1588,P11511,-7.3469,237,7464,0.0317524115755627,236,4,0,232,0.9830508474576272,232,0.9830508474576272
enzyme,D00437,4485,hsa:1589,P08686,-6.8963,695,7464,0.09311361200428725,694,12,0,682,0.9827089337175793,682,0.9827089337175793
enzyme,D00437,4485,hsa:1595,Q16850,-6.7825,865,7464,0.11588960342979636,864,15,0,849,0.9826388888888888,849,0.9826388888888888
enzyme,D00437,4485,hsa:5740,Q16647,-6.8186,811,7464,0.10865487674169347,810,14,0,796,0.9827160493827161,796,0.9827160493827161
enzyme,D00448,5339,hsa:10,P11245,-10.2716,92,7294,0.012613106663010694,91,0,0,91,1.0,91,1.0
enzyme,D00448,5339,hsa:1147,O15111,-5.7921,6833,7294,0.9367973676994791,6832,7,0,6825,0.9989754098360656,6825,0.9989754098360656
enzyme,D00448,5339,hsa:239,P18054,-8.6375,1405,7294,0.1926240745818481,1404,5,0,1399,0.9964387464387464,1399,0.9964387464387464
enzyme,D00448,5339,hsa:240,P09917,-9.2165,645,7294,0.08842884562654237,644,3,0,641,0.9953416149068323,641,0.9953416149068323
enzyme,D00448,5339,hsa:247,O15296,-9.3753,508,7294,0.06964628461749384,507,2,0,505,0.9960552268244576,505,0.9960552268244576
enzyme,D00448,5339,hsa:3551,O14920,-8.8191,1125,7294,0.15423635865094598,1124,4,0,1120,0.99644128113879,1120,0.99644128113879
enzyme,D00448,5339,hsa:38,P24752,-7.1563,4804,7294,0.6586235261859062,4803,6,0,4797,0.9987507807620237,4797,0.9987507807620237
enzyme,D00448,5339,hsa:4048,P09960,-9.4563,441,7294,0.060460652591170824,440,1,0,439,0.9977272727272727,439,0.9977272727272727
enzyme,D00449,5342,hsa:5743,P35354,-9.7075,250,7460,0.03351206434316354,249,0,0,249,1.0,249,1.0
enzyme,D00451,5358,hsa:22954,Q13049,-5.994,3296,7407,0.44498447414607806,3295,0,0,3295,1.0,3295,1.0
enzyme,D00452,5359,hsa:5742,P23219,-7.9492,493,7475,0.06595317725752509,492,0,0,492,1.0,492,1.0
enzyme,D00452,5359,hsa:5743,P35354,-7.6957,760,7475,0.10167224080267559,759,1,0,758,0.9986824769433466,758,0.9986824769433466
enzyme,D00454,135398745,hsa:1544,P05177,-8.4493,438,7403,0.059165203295961095,437,0,0,437,1.0,437,1.0
enzyme,D00454,135398745,hsa:1565,P10635,-7.6179,1537,7403,0.20761853302715116,1536,1,0,1535,0.9993489583333334,1535,0.9993489583333334
enzyme,D00459,54891,hsa:1636,P12821,-9.0406,538,7276,0.07394172622319956,537,0,0,537,1.0,537,1.0
enzyme,D00463,4614,hsa:5742,P23219,-7.0163,4170,7472,0.558083511777302,4169,1,0,4168,0.9997601343247782,4168,0.9997601343247782
enzyme,D00463,4614,hsa:5743,P35354,-8.9712,451,7472,0.06035867237687366,450,0,0,450,1.0,450,1.0
enzyme,D00475,4911,hsa:4942,P04181,-5.9622,2806,7410,0.3786774628879892,2805,0,0,2805,1.0,2805,1.0
enzyme,D00487,7550,hsa:43,P22303,-1.0447,3455,7620,0.45341207349081364,3454,0,0,3454,1.0,3454,1.0
enzyme,D00488,4993,hsa:1719,P00374,-7.5055,405,7475,0.05418060200668896,404,0,0,404,1.0,404,1.0
enzyme,D00494,4927,hsa:2147,P00734,-6.6512,1867,7535,0.2477770404777704,1866,0,0,1866,1.0,1866,1.0
enzyme,D00496,5852,hsa:834,P29466,-4.0042,4033,7420,0.5435309973045822,4032,0,0,4032,1.0,4032,1.0
enzyme,D00501,4740,hsa:10846,Q9Y233,-6.5682,1856,7475,0.2482943143812709,1855,21,0,1834,0.9886792452830189,1834,0.9886792452830189
enzyme,D00501,4740,hsa:10924,Q92484,-6.0976,3114,7475,0.4165886287625418,3113,28,0,3085,0.9910054609701253,3085,0.9910054609701253
enzyme,D00501,4740,hsa:1267,P09543,-6.8022,1319,7475,0.17645484949832776,1318,15,0,1303,0.988619119878604,1303,0.988619119878604
enzyme,D00501,4740,hsa:22978,P49902,-6.6348,1689,7475,0.2259531772575251,1688,20,0,1668,0.9881516587677726,1668,0.9881516587677726
enzyme,D00501,4740,hsa:306,P12429,-6.237,2710,7475,0.3625418060200669,2709,24,0,2685,0.991140642303433,2685,0.991140642303433
enzyme,D00501,4740,hsa:30833,Q8TCD5,-6.7965,1338,7475,0.17899665551839464,1337,16,0,1321,0.9880329094988781,1321,0.9880329094988781
enzyme,D00501,4740,hsa:339221,Q6UWV6,-7.1721,710,7475,0.09498327759197324,709,8,0,701,0.9887165021156559,701,0.9887165021156559
enzyme,D00501,4740,hsa:3612,P29218,-7.2354,622,7475,0.08321070234113713,621,7,0,614,0.9887278582930756,614,0.9887278582930756
enzyme,D00501,4740,hsa:4907,P21589,-7.956,77,7475,0.010301003344481606,76,1,0,75,0.9868421052631579,75,0.9868421052631579
enzyme,D00501,4740,hsa:51095,Q96Q11,-6.212,2784,7475,0.3724414715719064,2783,25,0,2758,0.9910168882500898,2758,0.9910168882500898
enzyme,D00501,4740,hsa:51251,Q9H0P0,-7.5198,299,7475,0.04,298,2,0,296,0.9932885906040269,296,0.9932885906040269
enzyme,D00501,4740,hsa:5138,O00408,-5.8698,3786,7475,0.5064882943143812,3785,31,0,3754,0.9918097754293262,3754,0.9918097754293262
enzyme,D00501,4740,hsa:5140,Q13370,-7.082,830,7475,0.11103678929765887,829,9,0,820,0.9891435464414958,820,0.9891435464414958
enzyme,D00501,4740,hsa:5141,P27815,-6.8745,1203,7475,0.16093645484949834,1202,14,0,1188,0.9883527454242929,1188,0.9883527454242929
enzyme,D00501,4740,hsa:5142,Q07343,-8.333,18,7475,0.0024080267558528427,17,0,0,17,1.0,17,1.0
enzyme,D00501,4740,hsa:5143,Q08493,-6.0686,3206,7475,0.4288963210702341,3205,29,0,3176,0.9909516380655227,3176,0.9909516380655227
enzyme,D00501,4740,hsa:5144,Q08499,-7.3612,451,7475,0.06033444816053512,450,4,0,446,0.9911111111111112,446,0.9911111111111112
enzyme,D00501,4740,hsa:5146,P51160,-7.0248,921,7475,0.12321070234113712,920,12,0,908,0.9869565217391304,908,0.9869565217391304
enzyme,D00501,4740,hsa:5147,O43924,-6.7437,1438,7475,0.19237458193979934,1437,18,0,1419,0.9874739039665971,1419,0.9874739039665971
enzyme,D00501,4740,hsa:5148,P18545,-3.8495,7251,7475,0.9700334448160535,7250,33,0,7217,0.995448275862069,7217,0.995448275862069
enzyme,D00501,4740,hsa:5151,O60658,-7.3127,512,7475,0.06849498327759197,511,6,0,505,0.9882583170254403,505,0.9882583170254403
enzyme,D00501,4740,hsa:5152,O76083,-6.9206,1117,7475,0.1494314381270903,1116,13,0,1103,0.9883512544802867,1103,0.9883512544802867
enzyme,D00501,4740,hsa:5168,Q13822,-7.0319,909,7475,0.12160535117056856,908,10,0,898,0.9889867841409692,898,0.9889867841409692
enzyme,D00501,4740,hsa:5169,O14638,-6.6691,1614,7475,0.21591973244147158,1613,19,0,1594,0.9882207067575945,1594,0.9882207067575945
enzyme,D00501,4740,hsa:5330,Q00722,-7.4151,390,7475,0.05217391304347826,389,3,0,386,0.9922879177377892,386,0.9922879177377892
enzyme,D00501,4740,hsa:5331,Q01970,-7.3297,491,7475,0.06568561872909699,490,5,0,485,0.9897959183673469,485,0.9897959183673469
enzyme,D00501,4740,hsa:5335,P19174,-6.2011,2811,7475,0.37605351170568563,2810,26,0,2784,0.9907473309608541,2784,0.9907473309608541
enzyme,D00501,4740,hsa:5336,P16885,-5.3302,5559,7475,0.7436789297658863,5558,32,0,5526,0.9942425332853544,5526,0.9942425332853544
enzyme,D00501,4740,hsa:5337,Q13393,-6.412,2242,7475,0.299933110367893,2241,22,0,2219,0.9901829540383758,2219,0.9901829540383758
enzyme,D00501,4740,hsa:5338,O14939,-6.79,1351,7475,0.18073578595317727,1350,17,0,1333,0.9874074074074074,1333,0.9874074074074074
enzyme,D00501,4740,hsa:55512,Q9NY59,-5.8961,3700,7475,0.49498327759197325,3699,30,0,3669,0.991889699918897,3669,0.991889699918897
enzyme,D00501,4740,hsa:55775,Q9NUW8,-6.4052,2259,7475,0.3022073578595318,2258,23,0,2235,0.9898139946855624,2235,0.9898139946855624
enzyme,D00501,4740,hsa:6609,P17405,-6.1243,3025,7475,0.40468227424749165,3024,27,0,2997,0.9910714285714286,2997,0.9910714285714286
enzyme,D00501,4740,hsa:8654,O76074,-7.0248,920,7475,0.12307692307692308,919,11,0,908,0.9880304678998912,908,0.9880304678998912
enzyme,D00503,4748,hsa:1565,P10635,-8.2241,467,7388,0.06321061180292366,466,0,0,466,1.0,466,1.0
enzyme,D00503,4748,hsa:1576,P08684,-7.9732,699,7388,0.09461288576069302,698,1,0,697,0.998567335243553,697,0.998567335243553
enzyme,D00505,61100,hsa:4128,P21397,-8.3008,389,6638,0.05860198855076831,388,0,0,388,1.0,388,1.0
enzyme,D00505,61100,hsa:4129,P27338,-8.2595,431,6638,0.06492919554082555,430,1,0,429,0.9976744186046511,429,0.9976744186046511
enzyme,D00510,4781,hsa:239,P18054,-8.5832,222,7532,0.02947424322889007,221,0,0,221,1.0,221,1.0
enzyme,D00510,4781,hsa:240,P09917,-6.766,2926,7532,0.38847583643122674,2925,6,0,2919,0.997948717948718,2919,0.997948717948718
enzyme,D00510,4781,hsa:247,O15296,-8.4855,270,7532,0.035847052575677114,269,2,0,267,0.9925650557620818,267,0.9925650557620818
enzyme,D00510,4781,hsa:3906,P00709,-5.5439,6299,7532,0.8362984599044079,6298,7,0,6291,0.9988885360431883,6291,0.9988885360431883
enzyme,D00510,4781,hsa:4048,P09960,-7.9224,708,7532,0.09399893786510886,707,3,0,704,0.9957567185289957,704,0.9957567185289957
enzyme,D00510,4781,hsa:5740,Q16647,-7.8605,771,7532,0.10236325013276686,770,4,0,766,0.9948051948051948,766,0.9948051948051948
enzyme,D00510,4781,hsa:5742,P23219,-7.2487,1762,7532,0.233935209771641,1761,5,0,1756,0.997160704145372,1756,0.997160704145372
enzyme,D00510,4781,hsa:5743,P35354,-8.5073,256,7532,0.033988316516197555,255,1,0,254,0.996078431372549,254,0.996078431372549
enzyme,D00512,1775,hsa:1557,P33261,-8.388,785,7534,0.10419431908680647,784,0,0,784,1.0,784,1.0
enzyme,D00512,1775,hsa:1559,P11712,-7.9087,1523,7534,0.20215025219007168,1522,1,0,1521,0.9993429697766097,1521,0.9993429697766097
enzyme,D00513,4828,hsa:22954,Q13049,-5.5599,4820,7475,0.6448160535117057,4819,0,0,4819,1.0,4819,1.0
enzyme,D00518,3038,hsa:23632,Q9ULX7,-7.44,97,7410,0.013090418353576248,96,1,0,95,0.9895833333333334,95,0.9895833333333334
enzyme,D00518,3038,hsa:377677,Q8N1Q1,-5.8135,3023,7410,0.40796221322537113,3022,8,0,3014,0.9973527465254798,3014,0.9973527465254798
enzyme,D00518,3038,hsa:759,P00915,-5.7043,3397,7410,0.4584345479082321,3396,9,0,3387,0.9973498233215548,3387,0.9973498233215548
enzyme,D00518,3038,hsa:760,P00918,-6.4722,1138,7410,0.1535762483130904,1137,3,0,1134,0.9973614775725593,1134,0.9973614775725593
enzyme,D00518,3038,hsa:761,P07451,-5.9617,2524,7410,0.3406207827260459,2523,7,0,2516,0.9972255251684503,2516,0.9972255251684503
enzyme,D00518,3038,hsa:762,P22748,-5.5503,3974,7410,0.536302294197031,3973,10,0,3963,0.9974830103196577,3963,0.9974830103196577
enzyme,D00518,3038,hsa:765,P23280,-6.0803,2170,7410,0.29284750337381915,2169,6,0,2163,0.9972337482710927,2163,0.9972337482710927
enzyme,D00518,3038,hsa:766,P43166,-7.3154,155,7410,0.020917678812415654,154,2,0,152,0.987012987012987,152,0.987012987012987
enzyme,D00518,3038,hsa:767,P35219,-6.4535,1190,7410,0.16059379217273953,1189,5,0,1184,0.9957947855340622,1184,0.9957947855340622
enzyme,D00518,3038,hsa:768,Q16790,-6.4608,1167,7410,0.15748987854251012,1166,4,0,1162,0.9965694682675815,1162,0.9965694682675815
enzyme,D00518,3038,hsa:771,O43570,-7.9269,18,7410,0.0024291497975708503,17,0,0,17,1.0,17,1.0
enzyme,D00519,2720,hsa:23632,Q9ULX7,-7.6514,323,7331,0.04405947346883099,322,1,0,321,0.9968944099378882,321,0.9968944099378882
enzyme,D00519,2720,hsa:377677,Q8N1Q1,-6.1308,3311,7331,0.45164370481516847,3310,9,0,3301,0.9972809667673715,3301,0.9972809667673715
enzyme,D00519,2720,hsa:759,P00915,-6.9969,1130,7331,0.15413995362160687,1129,3,0,1126,0.9973427812223207,1126,0.9973427812223207
enzyme,D00519,2720,hsa:760,P00918,-6.5327,2141,7331,0.2920474696494339,2140,7,0,2133,0.9967289719626168,2133,0.9967289719626168
enzyme,D00519,2720,hsa:761,P07451,-6.5527,2086,7331,0.2845450825262584,2085,6,0,2079,0.9971223021582734,2079,0.9971223021582734
enzyme,D00519,2720,hsa:762,P22748,-5.9568,3851,7331,0.5253035056608921,3850,10,0,3840,0.9974025974025974,3840,0.9974025974025974
enzyme,D00519,2720,hsa:765,P23280,-6.4132,2493,7331,0.3400627472377575,2492,8,0,2484,0.9967897271268058,2484,0.9967897271268058
enzyme,D00519,2720,hsa:766,P43166,-7.0491,1030,7331,0.1404992497612877,1029,2,0,1027,0.9980563654033042,1027,0.9980563654033042
enzyme,D00519,2720,hsa:767,P35219,-6.7768,1561,7331,0.2129313872595826,1560,4,0,1556,0.9974358974358974,1556,0.9974358974358974
enzyme,D00519,2720,hsa:768,Q16790,-6.7381,1636,7331,0.22316191515482198,1635,5,0,1630,0.9969418960244648,1630,0.9969418960244648
enzyme,D00519,2720,hsa:771,O43570,-8.2464,56,7331,0.0076387941617787475,55,0,0,55,1.0,55,1.0
enzyme,D00521,5405,hsa:1565,P10635,-9.9483,383,7515,0.0509647371922821,382,0,0,382,1.0,382,1.0
enzyme,D00521,5405,hsa:1576,P08684,-8.2346,2280,7515,0.3033932135728543,2279,1,0,2278,0.9995612110574813,2278,0.9995612110574813
enzyme,D00528,2519,hsa:10846,Q9Y233,-6.1758,794,7544,0.1052492046659597,793,15,0,778,0.9810844892812106,778,0.9810844892812106
enzyme,D00528,2519,hsa:10858,Q9Y6A2,-5.9929,1218,7544,0.1614528101802757,1217,25,0,1192,0.9794576828266228,1192,0.9794576828266228
enzyme,D00528,2519,hsa:10924,Q92484,-5.928,1383,7544,0.18332449628844114,1382,30,0,1352,0.9782923299565847,1352,0.9782923299565847
enzyme,D00528,2519,hsa:1267,P09543,-5.8336,1651,7544,0.2188494167550371,1650,32,0,1618,0.9806060606060606,1618,0.9806060606060606
enzyme,D00528,2519,hsa:1543,P04798,-7.414,9,7544,0.0011930010604453872,8,1,0,7,0.875,7,0.875
enzyme,D00528,2519,hsa:1544,P05177,-7.3846,10,7544,0.001325556733828208,9,2,0,7,0.7777777777777778,7,0.7777777777777778
enzyme,D00528,2519,hsa:1545,Q16678,-7.9814,1,7544,0.0001325556733828208,0,0,0,0,0.0,0,0.0
enzyme,D00528,2519,hsa:1548,P11509,-6.1788,789,7544,0.1045864262990456,788,14,0,774,0.9822335025380711,774,0.9822335025380711
enzyme,D00528,2519,hsa:1551,P24462,-6.0626,1067,7544,0.14143690349946977,1066,21,0,1045,0.9803001876172608,1045,0.9803001876172608
enzyme,D00528,2519,hsa:1553,Q16696,-6.1795,785,7544,0.10405620360551432,784,13,0,771,0.9834183673469388,771,0.9834183673469388
enzyme,D00528,2519,hsa:1555,P20813,-5.7943,1757,7544,0.2329003181336161,1756,34,0,1722,0.9806378132118451,1722,0.9806378132118451
enzyme,D00528,2519,hsa:1557,P33261,-6.6329,207,7544,0.027439024390243903,206,4,0,202,0.9805825242718447,202,0.9805825242718447
enzyme,D00528,2519,hsa:1558,P10632,-6.0451,1098,7544,0.14554612937433722,1097,22,0,1075,0.9799453053783045,1075,0.9799453053783045
enzyme,D00528,2519,hsa:1559,P11712,-5.8719,1552,7544,0.20572640509013787,1551,31,0,1520,0.9800128949065119,1520,0.9800128949065119
enzyme,D00528,2519,hsa:1562,P33260,-3.2496,7321,7544,0.9704400848356309,7320,53,0,7267,0.9927595628415301,7267,0.9927595628415301
enzyme,D00528,2519,hsa:1565,P10635,-6.5923,241,7544,0.031945917285259806,240,7,0,233,0.9708333333333333,233,0.9708333333333333
enzyme,D00528,2519,hsa:1571,P05181,-6.5002,324,7544,0.04294803817603393,323,8,0,315,0.9752321981424149,315,0.9752321981424149
enzyme,D00528,2519,hsa:1576,P08684,-5.7045,1970,7544,0.26113467656415695,1969,36,0,1933,0.9817166074149314,1933,0.9817166074149314
enzyme,D00528,2519,hsa:1577,P20815,-5.5441,2475,7544,0.32807529162248145,2474,40,0,2434,0.9838318512530315,2434,0.9838318512530315
enzyme,D00528,2519,hsa:1581,P22680,-5.9685,1269,7544,0.1682131495227996,1268,26,0,1242,0.9794952681388013,1242,0.9794952681388013
enzyme,D00528,2519,hsa:1582,Q9UNU6,-6.0649,1057,7544,0.14011134676564158,1056,20,0,1036,0.9810606060606061,1036,0.9810606060606061
enzyme,D00528,2519,hsa:1583,P05108,-5.999,1203,7544,0.1594644750795334,1202,24,0,1178,0.9800332778702163,1178,0.9800332778702163
enzyme,D00528,2519,hsa:1584,P15538,-6.1236,896,7544,0.11876988335100742,895,17,0,878,0.9810055865921787,878,0.9810055865921787
enzyme,D00528,2519,hsa:1585,P19099,-6.095,973,7544,0.12897667020148462,972,19,0,953,0.9804526748971193,953,0.9804526748971193
enzyme,D00528,2519,hsa:1586,P05093,-5.9457,1325,7544,0.17563626723223755,1324,27,0,1297,0.979607250755287,1297,0.979607250755287
enzyme,D00528,2519,hsa:1588,P11511,-5.8264,1665,7544,0.22070519618239662,1664,33,0,1631,0.9801682692307693,1631,0.9801682692307693
enzyme,D00528,2519,hsa:1589,P08686,-6.2164,717,7544,0.0950424178154825,716,11,0,705,0.9846368715083799,705,0.9846368715083799
enzyme,D00528,2519,hsa:1595,Q16850,-6.1079,939,7544,0.12446977730646872,938,18,0,920,0.9808102345415778,920,0.9808102345415778
enzyme,D00528,2519,hsa:306,P12429,-5.1968,3677,7544,0.48740721102863205,3676,50,0,3626,0.9863982589771491,3626,0.9863982589771491
enzyme,D00528,2519,hsa:339221,Q6UWV6,-5.7614,1824,7544,0.2417815482502651,1823,35,0,1788,0.9808008776741635,1788,0.9808008776741635
enzyme,D00528,2519,hsa:51095,Q96Q11,-5.568,2398,7544,0.31786850477200423,2397,39,0,2358,0.983729662077597,2358,0.983729662077597
enzyme,D00528,2519,hsa:5138,O00408,-5.2249,3569,7544,0.4730911983032874,3568,49,0,3519,0.9862668161434978,3519,0.9862668161434978
enzyme,D00528,2519,hsa:5140,Q13370,-6.1672,815,7544,0.10803287380699894,814,16,0,798,0.9803439803439803,798,0.9803439803439803
enzyme,D00528,2519,hsa:5141,P27815,-5.6601,2107,7544,0.2792948038176034,2106,38,0,2068,0.9819563152896487,2068,0.9819563152896487
enzyme,D00528,2519,hsa:5142,Q07343,-6.6406,202,7544,0.0267762460233298,201,3,0,198,0.9850746268656716,198,0.9850746268656716
enzyme,D00528,2519,hsa:5143,Q08493,-5.1113,3979,7544,0.5274390243902439,3978,51,0,3927,0.9871794871794872,3927,0.9871794871794872
enzyme,D00528,2519,hsa:5144,Q08499,-6.6095,226,7544,0.0299575821845175,225,6,0,219,0.9733333333333334,219,0.9733333333333334
enzyme,D00528,2519,hsa:5146,P51160,-5.9344,1365,7544,0.18093849416755037,1364,29,0,1335,0.9787390029325513,1335,0.9787390029325513
enzyme,D00528,2519,hsa:5147,O43924,-5.3643,3059,7544,0.4054878048780488,3058,47,0,3011,0.9846304774362329,3011,0.9846304774362329
enzyme,D00528,2519,hsa:5148,P18545,-2.9953,7405,7544,0.9815747613997879,7404,54,0,7350,0.9927066450567261,7350,0.9927066450567261
enzyme,D00528,2519,hsa:5151,O60658,-6.6322,208,7544,0.027571580063626724,207,5,0,202,0.9758454106280193,202,0.9758454106280193
enzyme,D00528,2519,hsa:5152,O76083,-5.3942,2949,7544,0.3909066808059385,2948,45,0,2903,0.9847354138398915,2903,0.9847354138398915
enzyme,D00528,2519,hsa:5168,Q13822,-6.0385,1110,7544,0.14713679745493108,1109,23,0,1086,0.9792605951307484,1086,0.9792605951307484
enzyme,D00528,2519,hsa:5169,O14638,-6.2012,746,7544,0.0988865323435843,745,12,0,733,0.9838926174496644,733,0.9838926174496644
enzyme,D00528,2519,hsa:5330,Q00722,-6.4085,439,7544,0.05819194061505832,438,9,0,429,0.9794520547945206,429,0.9794520547945206
enzyme,D00528,2519,hsa:5331,Q01970,-6.2367,681,7544,0.09027041357370096,680,10,0,670,0.9852941176470589,670,0.9852941176470589
enzyme,D00528,2519,hsa:5335,P19174,-5.2507,3466,7544,0.45943796394485686,3465,48,0,3417,0.9861471861471861,3417,0.9861471861471861
enzyme,D00528,2519,hsa:5336,P16885,-4.7247,5310,7544,0.7038706256627784,5309,52,0,5257,0.99020531173479,5257,0.99020531173479
enzyme,D00528,2519,hsa:5337,Q13393,-5.4346,2815,7544,0.3731442205726405,2814,44,0,2770,0.984363894811656,2770,0.984363894811656
enzyme,D00528,2519,hsa:5338,O14939,-5.4436,2791,7544,0.3699628844114528,2790,43,0,2747,0.9845878136200716,2747,0.9845878136200716
enzyme,D00528,2519,hsa:55512,Q9NY59,-5.3902,2963,7544,0.39276246023329797,2962,46,0,2916,0.9844699527346388,2916,0.9844699527346388
enzyme,D00528,2519,hsa:55775,Q9NUW8,-5.4722,2700,7544,0.3579003181336161,2699,42,0,2657,0.9844386809929604,2657,0.9844386809929604
enzyme,D00528,2519,hsa:5740,Q16647,-5.5414,2480,7544,0.32873806998939553,2479,41,0,2438,0.9834610730133119,2438,0.9834610730133119
enzyme,D00528,2519,hsa:6609,P17405,-5.6975,1993,7544,0.26418345705196183,1992,37,0,1955,0.981425702811245,1955,0.981425702811245
enzyme,D00528,2519,hsa:8654,O76074,-5.9344,1364,7544,0.18080593849416754,1363,28,0,1335,0.979457079970653,1335,0.979457079970653
enzyme,D00533,34312,hsa:1557,P33261,-9.1469,335,7474,0.04482204977254482,334,0,0,334,1.0,334,1.0
enzyme,D00536,3331,hsa:1557,P33261,-6.6339,1890,7534,0.25086275550836207,1889,0,0,1889,1.0,1889,1.0
enzyme,D00537,5284627,hsa:760,P00918,-7.8634,340,7471,0.045509302636862536,339,0,0,339,1.0,339,1.0
enzyme,D00537,5284627,hsa:762,P22748,-6.5967,2687,7471,0.35965734172132247,2686,1,0,2685,0.9996276991809382,2685,0.9996276991809382
enzyme,D00538,5734,hsa:23632,Q9ULX7,-6.79,1056,7417,0.14237562356748013,1055,3,0,1052,0.9971563981042654,1052,0.9971563981042654
enzyme,D00538,5734,hsa:377677,Q8N1Q1,-6.0628,3008,7417,0.4055548065255494,3007,7,0,3000,0.9976720984369803,3000,0.9976720984369803
enzyme,D00538,5734,hsa:759,P00915,-6.0214,3154,7417,0.4252393150869624,3153,8,0,3145,0.9974627339042182,3145,0.9974627339042182
enzyme,D00538,5734,hsa:760,P00918,-7.0244,649,7417,0.08750168531751382,648,0,0,648,1.0,648,1.0
enzyme,D00538,5734,hsa:761,P07451,-6.7571,1119,7417,0.15086962383713093,1118,4,0,1114,0.9964221824686941,1114,0.9964221824686941
enzyme,D00538,5734,hsa:762,P22748,-5.6586,4315,7417,0.5817716057705272,4314,10,0,4304,0.9976819656930923,4304,0.9976819656930923
enzyme,D00538,5734,hsa:765,P23280,-5.8834,3570,7417,0.4813266819468788,3569,9,0,3560,0.9974782852339591,3560,0.9974782852339591
enzyme,D00538,5734,hsa:766,P43166,-6.7126,1218,7417,0.1642173385465822,1217,5,0,1212,0.9958915365653246,1212,0.9958915365653246
enzyme,D00538,5734,hsa:767,P35219,-6.559,1560,7417,0.21032762572468652,1559,6,0,1553,0.9961513790891597,1553,0.9961513790891597
enzyme,D00538,5734,hsa:768,Q16790,-6.8013,1027,7417,0.13846568693541864,1026,2,0,1024,0.9980506822612085,1024,0.9980506822612085
enzyme,D00538,5734,hsa:771,O43570,-6.8219,983,7417,0.13253336928677362,982,1,0,981,0.9989816700610998,981,0.9989816700610998
enzyme,D00542,3562,hsa:10858,Q9Y6A2,-4.3098,1676,7545,0.22213386348575215,1675,16,0,1659,0.9904477611940299,1659,0.9904477611940299
enzyme,D00542,3562,hsa:1543,P04798,-4.9757,134,7545,0.017760106030483763,133,1,0,132,0.9924812030075187,132,0.9924812030075187
enzyme,D00542,3562,hsa:1544,P05177,-4.9265,166,7545,0.02200132538104705,165,2,0,163,0.9878787878787879,163,0.9878787878787879
enzyme,D00542,3562,hsa:1545,Q16678,-4.8825,214,7545,0.02836315440689198,213,4,0,209,0.9812206572769953,209,0.9812206572769953
enzyme,D00542,3562,hsa:1548,P11509,-4.5976,693,7545,0.09184890656063618,692,7,0,685,0.9898843930635838,685,0.9898843930635838
enzyme,D00542,3562,hsa:1551,P24462,-4.3721,1405,7545,0.1862160371106693,1404,14,0,1390,0.99002849002849,1390,0.99002849002849
enzyme,D00542,3562,hsa:1553,Q16696,-4.6974,485,7545,0.06428098078197482,484,6,0,478,0.987603305785124,478,0.987603305785124
enzyme,D00542,3562,hsa:1555,P20813,-4.8928,199,7545,0.02637508283631544,198,3,0,195,0.9848484848484849,195,0.9848484848484849
enzyme,D00542,3562,hsa:1557,P33261,-4.1868,2279,7545,0.3020543406229291,2278,18,0,2260,0.9920983318700615,2260,0.9920983318700615
enzyme,D00542,3562,hsa:1558,P10632,-4.4514,1125,7545,0.14910536779324055,1124,12,0,1112,0.9893238434163701,1112,0.9893238434163701
enzyme,D00542,3562,hsa:1559,P11712,-3.9159,3828,7545,0.5073558648111332,3827,23,0,3804,0.9939900705513457,3804,0.9939900705513457
enzyme,D00542,3562,hsa:1562,P33260,-2.2981,7343,7545,0.9732273028495693,7342,24,0,7318,0.9967311359302642,7318,0.9967311359302642
enzyme,D00542,3562,hsa:1565,P10635,-4.3901,1336,7545,0.17707090788601723,1335,13,0,1322,0.9902621722846442,1322,0.9902621722846442
enzyme,D00542,3562,hsa:1576,P08684,-4.779,327,7545,0.043339960238568585,326,5,0,321,0.9846625766871165,321,0.9846625766871165
enzyme,D00542,3562,hsa:1577,P20815,-4.5873,714,7545,0.09463220675944334,713,8,0,705,0.9887798036465638,705,0.9887798036465638
enzyme,D00542,3562,hsa:1581,P22680,-4.2703,1870,7545,0.24784625579854208,1869,17,0,1852,0.990904226859283,1852,0.990904226859283
enzyme,D00542,3562,hsa:1582,Q9UNU6,-4.1227,2629,7545,0.34844267726971506,2628,20,0,2608,0.9923896499238964,2608,0.9923896499238964
enzyme,D00542,3562,hsa:1583,P05108,-4.3197,1637,7545,0.21696487740225315,1636,15,0,1621,0.9908312958435208,1621,0.9908312958435208
enzyme,D00542,3562,hsa:1584,P15538,-4.1799,2320,7545,0.3074884029158383,2319,19,0,2300,0.9918068132815869,2300,0.9918068132815869
enzyme,D00542,3562,hsa:1585,P19099,-5.0618,76,7545,0.010072895957587806,75,0,0,75,1.0,75,1.0
enzyme,D00542,3562,hsa:1586,P05093,-3.961,3539,7545,0.4690523525513585,3538,22,0,3516,0.9937817976257772,3516,0.9937817976257772
enzyme,D00542,3562,hsa:1588,P11511,-4.5752,754,7545,0.09993373094764745,753,9,0,744,0.9880478087649402,744,0.9880478087649402
enzyme,D00542,3562,hsa:1589,P08686,-4.5099,917,7545,0.1215374420145792,916,10,0,906,0.9890829694323144,906,0.9890829694323144
enzyme,D00542,3562,hsa:1595,Q16850,-4.497,948,7545,0.12564612326043736,947,11,0,936,0.9883843717001056,936,0.9883843717001056
enzyme,D00542,3562,hsa:5740,Q16647,-4.0503,3037,7545,0.40251822398939696,3036,21,0,3015,0.9930830039525692,3015,0.9930830039525692
enzyme,D00543,3226,hsa:1571,P05181,-5.5639,487,7543,0.06456317115206152,486,0,0,486,1.0,486,1.0
enzyme,D00544,4116,hsa:1571,P05181,-4.7032,538,7545,0.07130550033134526,537,0,0,537,1.0,537,1.0
enzyme,D00547,5206,hsa:1571,P05181,-5.9093,368,7582,0.048536006330783435,367,0,0,367,1.0,367,1.0
enzyme,D00550,4192,hsa:1576,P08684,-10.2016,29,7406,0.003915743991358358,28,0,0,28,1.0,28,1.0
enzyme,D00560,16362,hsa:2147,P00734,-9.5276,1497,7375,0.20298305084745763,1496,0,0,1496,1.0,1496,1.0
enzyme,D00562,657298,hsa:4353,P05164,-5.8945,493,7480,0.0659090909090909,492,0,0,492,1.0,492,1.0
enzyme,D00562,657298,hsa:7453,P23381,-5.6705,953,7480,0.12740641711229947,952,1,0,951,0.9989495798319328,951,0.9989495798319328
enzyme,D00563,4205,hsa:1544,P05177,-8.4624,767,7535,0.1017916390179164,766,1,0,765,0.9986945169712794,765,0.9986945169712794
enzyme,D00563,4205,hsa:1565,P10635,-8.5859,633,7535,0.08400796284007962,632,0,0,632,1.0,632,1.0
enzyme,D00563,4205,hsa:1576,P08684,-8.0704,1349,7535,0.17903118779031188,1348,2,0,1346,0.9985163204747775,1346,0.9985163204747775
enzyme,D00566,16760658,hsa:5742,P23219,-1.2869,2876,7622,0.3773287850957754,2875,0,0,2875,1.0,2875,1.0
enzyme,D00566,16760658,hsa:5743,P35354,-1.2522,3763,7622,0.49370244030438204,3762,1,0,3761,0.9997341839447103,3761,0.9997341839447103
enzyme,D00567,2662,hsa:1559,P11712,-9.3783,246,7225,0.0340484429065744,245,0,0,245,1.0,245,1.0
enzyme,D00567,2662,hsa:5742,P23219,-7.9361,2034,7225,0.281522491349481,2033,2,11,2031,0.9990162321692081,2022,0.9945892769306444
enzyme,D00567,2662,hsa:5743,P35354,-8.7918,677,7225,0.09370242214532871,676,1,7,675,0.9985207100591716,669,0.9896449704142012
enzyme,D00568,5090,hsa:5742,P23219,-7.4939,2313,7534,0.3070082293602336,2312,1,0,2311,0.9995674740484429,2311,0.9995674740484429
enzyme,D00568,5090,hsa:5743,P35354,-7.7732,1684,7534,0.22352004247411733,1683,0,0,1683,1.0,1683,1.0
enzyme,D00569,4754,hsa:1543,P04798,-7.4598,6,7544,0.0007953340402969247,5,0,0,5,1.0,5,1.0
enzyme,D00569,4754,hsa:1544,P05177,-6.542,372,7544,0.049310710498409335,371,1,0,370,0.9973045822102425,370,0.9973045822102425
enzyme,D00574,2145,hsa:10858,Q9Y6A2,-7.9463,235,7536,0.031183651804670913,234,1,0,233,0.9957264957264957,233,0.9957264957264957
enzyme,D00574,2145,hsa:1543,P04798,-7.0071,1395,7536,0.18511146496815287,1394,8,0,1386,0.994261119081779,1386,0.994261119081779
enzyme,D00574,2145,hsa:1544,P05177,-6.9967,1418,7536,0.18816348195329088,1417,10,0,1407,0.9929428369795342,1407,0.9929428369795342
enzyme,D00574,2145,hsa:1545,Q16678,-7.0935,1209,7536,0.1604299363057325,1208,7,0,1201,0.9942052980132451,1201,0.9942052980132451
enzyme,D00574,2145,hsa:1548,P11509,-7.3049,838,7536,0.1111995753715499,837,5,0,832,0.994026284348865,832,0.994026284348865
enzyme,D00574,2145,hsa:1551,P24462,-6.4015,2857,7536,0.3791135881104034,2856,21,0,2835,0.9926470588235294,2835,0.9926470588235294
enzyme,D00574,2145,hsa:1553,Q16696,-7.7201,376,7536,0.049893842887473464,375,3,0,372,0.992,372,0.992
enzyme,D00574,2145,hsa:1555,P20813,-6.9973,1417,7536,0.1880307855626327,1416,9,0,1407,0.9936440677966102,1407,0.9936440677966102
enzyme,D00574,2145,hsa:1557,P33261,-6.9821,1445,7536,0.19174628450106157,1444,12,0,1432,0.9916897506925207,1432,0.9916897506925207
enzyme,D00574,2145,hsa:1558,P10632,-8.052,192,7536,0.025477707006369428,191,0,0,191,1.0,191,1.0
enzyme,D00574,2145,hsa:1559,P11712,-7.7532,354,7536,0.046974522292993634,353,2,0,351,0.9943342776203966,351,0.9943342776203966
enzyme,D00574,2145,hsa:1562,P33260,-3.8969,7305,7536,0.9693471337579618,7304,24,0,7280,0.9967141292442497,7280,0.9967141292442497
enzyme,D00574,2145,hsa:1565,P10635,-6.792,1844,7536,0.24469214437367304,1843,15,0,1828,0.9918610960390667,1828,0.9918610960390667
enzyme,D00574,2145,hsa:1571,P05181,-7.1658,1089,7536,0.1445063694267516,1088,6,0,1082,0.9944852941176471,1082,0.9944852941176471
enzyme,D00574,2145,hsa:1576,P08684,-6.6623,2164,7536,0.28715498938428874,2163,17,0,2146,0.9921405455386038,2146,0.9921405455386038
enzyme,D00574,2145,hsa:1577,P20815,-6.549,2448,7536,0.3248407643312102,2447,20,0,2427,0.991826726604005,2427,0.991826726604005
enzyme,D00574,2145,hsa:1581,P22680,-6.6371,2231,7536,0.2960456475583864,2230,18,0,2212,0.9919282511210762,2212,0.9919282511210762
enzyme,D00574,2145,hsa:1582,Q9UNU6,-6.571,2400,7536,0.3184713375796178,2399,19,0,2380,0.992080033347228,2380,0.992080033347228
enzyme,D00574,2145,hsa:1583,P05108,-7.6687,402,7536,0.05334394904458599,401,4,0,397,0.9900249376558603,397,0.9900249376558603
enzyme,D00574,2145,hsa:1584,P15538,-6.378,2921,7536,0.38760615711252655,2920,22,0,2898,0.9924657534246575,2898,0.9924657534246575
enzyme,D00574,2145,hsa:1585,P19099,-6.6803,2114,7536,0.28052016985138006,2113,16,0,2097,0.9924278277330809,2097,0.9924278277330809
enzyme,D00574,2145,hsa:1586,P05093,-6.8916,1630,7536,0.2162951167728238,1629,13,0,1616,0.9920196439533456,1616,0.9920196439533456
enzyme,D00574,2145,hsa:1588,P11511,-6.9835,1441,7536,0.19121549893842887,1440,11,0,1429,0.9923611111111111,1429,0.9923611111111111
enzyme,D00574,2145,hsa:1595,Q16850,-6.8181,1784,7536,0.2367303609341826,1783,14,0,1769,0.9921480650588895,1769,0.9921480650588895
enzyme,D00574,2145,hsa:5740,Q16647,-6.1869,3514,7536,0.46629511677282376,3513,23,0,3490,0.9934528892684316,3490,0.9934528892684316
enzyme,D00577,448537,hsa:10549,Q13162,-5.6119,5046,7581,0.6656113969133359,5045,3,0,5042,0.9994053518334985,5042,0.9994053518334985
enzyme,D00577,448537,hsa:10935,P30048,-5.5529,5227,7581,0.689486875082443,5226,6,0,5220,0.9988518943742825,5220,0.9988518943742825
enzyme,D00577,448537,hsa:25824,P30044,-5.3857,5738,7581,0.7568922305764411,5737,7,0,5730,0.9987798500958689,5730,0.9987798500958689
enzyme,D00577,448537,hsa:2876,P07203,-4.9784,6677,7581,0.8807545178736315,6676,10,0,6666,0.9985020970641102,6666,0.9985020970641102
enzyme,D00577,448537,hsa:2877,P18283,-5.5975,5090,7581,0.6714153805566548,5089,4,0,5085,0.999213990960896,5085,0.999213990960896
enzyme,D00577,448537,hsa:2878,P22352,-5.2819,6029,7581,0.7952776678538451,6028,9,0,6019,0.9985069674850697,6019,0.9985069674850697
enzyme,D00577,448537,hsa:2879,P36969,-5.3672,5789,7581,0.7636195752539243,5788,8,0,5780,0.9986178299930891,5780,0.9986178299930891
enzyme,D00577,448537,hsa:2880,O75715,-5.7726,4548,7581,0.5999208547685002,4547,2,0,4545,0.9995601495491533,4545,0.9995601495491533
enzyme,D00577,448537,hsa:2882,Q96SL4,-5.8352,4344,7581,0.5730114760585675,4343,1,0,4342,0.9997697444163021,4342,0.9997697444163021
enzyme,D00577,448537,hsa:4353,P05164,-7.0185,1266,7581,0.1669964384645825,1265,0,0,1265,1.0,1265,1.0
enzyme,D00577,448537,hsa:5052,Q06830,-5.5651,5184,7581,0.6838148001582904,5183,5,0,5178,0.9990353077368319,5178,0.9990353077368319
enzyme,D00584,3385,hsa:151531,O95045,-5.3434,1515,7544,0.20082184517497348,1514,1,0,1513,0.9993394980184941,1513,0.9993394980184941
enzyme,D00584,3385,hsa:7083,P04183,-5.8241,305,7544,0.04042948038176034,304,0,0,304,1.0,304,1.0
enzyme,D00584,3385,hsa:7298,P04818,-4.9579,3133,7544,0.41529692470837754,3132,3,0,3129,0.9990421455938697,3129,0.9990421455938697
enzyme,D00584,3385,hsa:7372,P11172,-5.2946,1692,7544,0.22428419936373276,1691,2,0,1689,0.9988172678888232,1689,0.9988172678888232
enzyme,D00584,3385,hsa:7378,Q16831,-4.9172,3323,7544,0.4404825026511135,3322,4,0,3318,0.9987959060806743,3318,0.9987959060806743
enzyme,D00593,3476,hsa:1559,P11712,-10.9289,179,7363,0.024310742903707726,178,0,0,178,1.0,178,1.0
enzyme,D00596,5281055,hsa:1558,P10632,-10.1675,809,7188,0.11254869226488592,808,0,0,808,1.0,808,1.0
enzyme,D00620,5362123,hsa:1636,P12821,-8.4739,934,7382,0.12652397724193987,933,0,0,933,1.0,933,1.0
enzyme,D00624,441313,hsa:1636,P12821,-8.2368,265,5827,0.045477947485841774,264,0,0,264,1.0,264,1.0
enzyme,D00625,441314,hsa:2548,P10253,-5.3216,2327,7582,0.3069111052492746,2326,2,0,2324,0.999140154772141,2324,0.999140154772141
enzyme,D00625,441314,hsa:279,P04746,-5.5816,1412,7582,0.18623054603007122,1411,1,0,1410,0.9992912827781715,1410,0.9992912827781715
enzyme,D00625,441314,hsa:8972,O43451,-5.648,1186,7582,0.15642310735953574,1185,0,0,1185,1.0,1185,1.0
enzyme,D00650,2315,hsa:759,P00915,-7.52,3491,7385,0.47271496276235614,3490,1,0,3489,0.9997134670487106,3489,0.9997134670487106
enzyme,D00650,2315,hsa:760,P00918,-8.1073,2129,7385,0.28828706838185514,2128,0,0,2128,1.0,2128,1.0
enzyme,D00650,2315,hsa:762,P22748,-7.0855,4656,7385,0.630467163168585,4655,2,0,4653,0.9995703544575725,4653,0.9995703544575725
enzyme,D00651,2343,hsa:759,P00915,-8.0472,1495,7304,0.20468236582694413,1494,0,0,1494,1.0,1494,1.0
enzyme,D00651,2343,hsa:760,P00918,-7.5834,2403,7304,0.3289978094194962,2402,1,0,2401,0.9995836802664446,2401,0.9995836802664446
enzyme,D00651,2343,hsa:762,P22748,-7.0446,3826,7304,0.5238225629791895,3825,2,0,3823,0.9994771241830065,3823,0.9994771241830065
enzyme,D00652,68844,hsa:23632,Q9ULX7,-7.223,294,7397,0.03974584290928755,293,0,0,293,1.0,293,1.0
enzyme,D00652,68844,hsa:377677,Q8N1Q1,-5.802,3274,7397,0.44261186967689603,3273,9,0,3264,0.997250229147571,3264,0.997250229147571
enzyme,D00652,68844,hsa:759,P00915,-6.6977,963,7397,0.13018791401919697,962,3,0,959,0.9968814968814969,959,0.9968814968814969
enzyme,D00652,68844,hsa:760,P00918,-6.3666,1691,7397,0.22860619169933757,1690,5,0,1685,0.9970414201183432,1685,0.9970414201183432
enzyme,D00652,68844,hsa:761,P07451,-5.9456,2818,7397,0.3809652561849398,2817,8,0,2809,0.9971600993965212,2809,0.9971600993965212
enzyme,D00652,68844,hsa:762,P22748,-6.34,1754,7397,0.23712315803704204,1753,6,0,1747,0.9965772960638904,1747,0.9965772960638904
enzyme,D00652,68844,hsa:765,P23280,-5.5551,4213,7397,0.5695552250912532,4212,10,0,4202,0.9976258309591642,4202,0.9976258309591642
enzyme,D00652,68844,hsa:766,P43166,-6.9101,634,7397,0.08571042314451804,633,2,0,631,0.9968404423380727,631,0.9968404423380727
enzyme,D00652,68844,hsa:767,P35219,-6.0655,2463,7397,0.33297282682168444,2462,7,0,2455,0.9971567831031681,2455,0.9971567831031681
enzyme,D00652,68844,hsa:768,Q16790,-6.368,1687,7397,0.22806543193186427,1686,4,0,1682,0.9976275207591934,1682,0.9976275207591934
enzyme,D00652,68844,hsa:771,O43570,-7.0188,496,7397,0.06705421116668919,495,1,0,494,0.997979797979798,494,0.997979797979798
enzyme,D00653,6918132,hsa:23632,Q9ULX7,-7.1219,718,6935,0.10353280461427541,717,1,0,716,0.99860529986053,716,0.99860529986053
enzyme,D00653,6918132,hsa:377677,Q8N1Q1,-5.9378,3693,6935,0.5325162220620043,3692,10,0,3682,0.9972914409534128,3682,0.9972914409534128
enzyme,D00653,6918132,hsa:759,P00915,-5.9962,3495,6935,0.5039653929343908,3494,9,0,3485,0.9974241556954779,3485,0.9974241556954779
enzyme,D00653,6918132,hsa:760,P00918,-6.3889,2300,6935,0.3316510454217736,2299,5,0,2294,0.9978251413658112,2294,0.9978251413658112
enzyme,D00653,6918132,hsa:761,P07451,-6.223,2783,6935,0.4012977649603461,2782,6,0,2776,0.9978432782171099,2776,0.9978432782171099
enzyme,D00653,6918132,hsa:762,P22748,-6.1145,3130,6935,0.4513338139870223,3129,7,0,3122,0.9977628635346756,3122,0.9977628635346756
enzyme,D00653,6918132,hsa:765,P23280,-7.1109,734,6935,0.10583994232155731,733,2,0,731,0.9972714870395635,731,0.9972714870395635
enzyme,D00653,6918132,hsa:766,P43166,-7.0436,824,6935,0.11881759192501802,823,3,0,820,0.9963547995139733,820,0.9963547995139733
enzyme,D00653,6918132,hsa:767,P35219,-6.0569,3301,6935,0.4759913482335977,3300,8,0,3292,0.9975757575757576,3292,0.9975757575757576
enzyme,D00653,6918132,hsa:768,Q16790,-6.6179,1690,6935,0.24369142033165103,1689,4,0,1685,0.9976317347542925,1685,0.9976317347542925
enzyme,D00653,6918132,hsa:771,O43570,-7.2056,606,6935,0.0873828406633021,605,0,0,605,1.0,605,1.0
enzyme,D00654,3647,hsa:759,P00915,-7.2058,1776,7319,0.24265610056018583,1775,0,0,1775,1.0,1775,1.0
enzyme,D00654,3647,hsa:760,P00918,-6.9223,2444,7319,0.3339253996447602,2443,1,0,2442,0.9995906672124437,2442,0.9995906672124437
enzyme,D00654,3647,hsa:762,P22748,-6.271,4375,7319,0.5977592567290614,4374,2,0,4372,0.9995427526291724,4372,0.9995427526291724
enzyme,D00655,4100,hsa:23632,Q9ULX7,-6.1881,1192,7342,0.16235358213020976,1191,4,0,1187,0.9966414777497901,1187,0.9966414777497901
enzyme,D00655,4100,hsa:377677,Q8N1Q1,-5.7188,2540,7342,0.345954780713702,2539,8,0,2531,0.9968491532099252,2531,0.9968491532099252
enzyme,D00655,4100,hsa:759,P00915,-6.6755,369,7342,0.050258785072187416,368,0,0,368,1.0,368,1.0
enzyme,D00655,4100,hsa:760,P00918,-6.0394,1568,7342,0.21356578588940342,1567,5,0,1562,0.9968091895341417,1562,0.9968091895341417
enzyme,D00655,4100,hsa:761,P07451,-5.7909,2283,7342,0.3109506946336148,2282,6,0,2276,0.9973707274320771,2276,0.9973707274320771
enzyme,D00655,4100,hsa:762,P22748,-5.6864,2651,7342,0.36107327703622993,2650,9,0,2641,0.9966037735849057,2641,0.9966037735849057
enzyme,D00655,4100,hsa:765,P23280,-5.5526,3148,7342,0.42876600381367475,3147,10,0,3137,0.9968223705115984,3137,0.9968223705115984
enzyme,D00655,4100,hsa:766,P43166,-6.5371,547,7342,0.07450286025606102,546,1,0,545,0.9981684981684982,545,0.9981684981684982
enzyme,D00655,4100,hsa:767,P35219,-5.786,2305,7342,0.3139471533642059,2304,7,0,2297,0.9969618055555556,2297,0.9969618055555556
enzyme,D00655,4100,hsa:768,Q16790,-6.2184,1129,7342,0.15377281394715336,1128,3,0,1125,0.9973404255319149,1125,0.9973404255319149
enzyme,D00655,4100,hsa:771,O43570,-6.3866,773,7342,0.10528466357940616,772,2,0,770,0.9974093264248705,770,0.9974093264248705
enzyme,D00656,4121,hsa:759,P00915,-7.273,756,7328,0.10316593886462883,755,0,0,755,1.0,755,1.0
enzyme,D00656,4121,hsa:760,P00918,-6.8408,1498,7328,0.20442139737991266,1497,1,0,1496,0.9993319973279893,1496,0.9993319973279893
enzyme,D00656,4121,hsa:762,P22748,-6.1134,3568,7328,0.4868995633187773,3567,2,0,3565,0.999439304737875,3565,0.999439304737875
enzyme,D00658,5560,hsa:759,P00915,-7.0255,1950,7321,0.2663570550471247,1949,0,0,1949,1.0,1949,1.0
enzyme,D00658,5560,hsa:760,P00918,-6.9353,2168,7321,0.2961344078677776,2167,1,0,2166,0.9995385325334564,2166,0.9995385325334564
enzyme,D00658,5560,hsa:762,P22748,-6.5356,3260,7321,0.44529435869416745,3259,2,0,3257,0.9993863148204971,3257,0.9993863148204971
enzyme,D00667,5965,hsa:43,P22303,-6.6949,2379,7512,0.3166932907348243,2378,1,0,2377,0.9995794785534062,2377,0.9995794785534062
enzyme,D00667,5965,hsa:590,P06276,-8.5028,227,7512,0.030218317358892438,226,0,0,226,1.0,226,1.0
enzyme,D00670,5741,hsa:43,P22303,-7.8202,2393,7455,0.3209926224010731,2392,1,0,2391,0.9995819397993311,2391,0.9995819397993311
enzyme,D00670,5741,hsa:590,P06276,-10.9087,16,7455,0.002146210596914822,15,0,0,15,1.0,15,1.0
enzyme,D00691,3182,hsa:10846,Q9Y233,-6.6255,1096,7475,0.14662207357859533,1095,5,0,1090,0.9954337899543378,1090,0.9954337899543378
enzyme,D00691,3182,hsa:5138,O00408,-6.2467,2048,7475,0.2739799331103679,2047,6,0,2041,0.9970688812896922,2041,0.9970688812896922
enzyme,D00691,3182,hsa:5140,Q13370,-6.8709,674,7475,0.09016722408026756,673,4,0,669,0.9940564635958395,669,0.9940564635958395
enzyme,D00691,3182,hsa:5141,P27815,-7.0245,451,7475,0.06033444816053512,450,3,0,447,0.9933333333333333,447,0.9933333333333333
enzyme,D00691,3182,hsa:5142,Q07343,-7.4524,128,7475,0.017123745819397993,127,0,0,127,1.0,127,1.0
enzyme,D00691,3182,hsa:5143,Q08493,-5.9558,2976,7475,0.39812709030100335,2975,8,0,2967,0.9973109243697479,2967,0.9973109243697479
enzyme,D00691,3182,hsa:5144,Q08499,-7.0691,395,7475,0.05284280936454849,394,2,0,392,0.9949238578680203,392,0.9949238578680203
enzyme,D00691,3182,hsa:5147,O43924,-6.0363,2709,7475,0.3624080267558528,2708,7,0,2701,0.9974150664697193,2701,0.9974150664697193
enzyme,D00691,3182,hsa:5148,P18545,-3.8446,7198,7475,0.9629431438127091,7197,9,0,7188,0.9987494789495623,7188,0.9987494789495623
enzyme,D00691,3182,hsa:5151,O60658,-7.1278,330,7475,0.04414715719063545,329,1,0,328,0.9969604863221885,328,0.9969604863221885
enzyme,D00703,3284,hsa:759,P00915,-5.3738,3547,7544,0.47017497348886533,3546,1,0,3545,0.9997179921037789,3545,0.9997179921037789
enzyme,D00703,3284,hsa:760,P00918,-5.9607,1509,7544,0.20002651113467657,1508,0,0,1508,1.0,1508,1.0
enzyme,D00709,5284583,hsa:759,P00915,-5.6109,1375,7479,0.18384810803583368,1374,0,0,1374,1.0,1374,1.0
enzyme,D00726,4168,hsa:22954,Q13049,-5.15,4465,7406,0.6028895490143127,4464,0,0,4464,1.0,4464,1.0
enzyme,D00733,3025,hsa:2147,P00734,-7.2066,1107,7396,0.14967550027041643,1106,1,0,1105,0.9990958408679927,1105,0.9990958408679927
enzyme,D00733,3025,hsa:590,P06276,-8.3351,114,7396,0.015413737155219038,113,0,0,113,1.0,113,1.0
enzyme,D00749,3899,hsa:1723,Q02127,-9.065,150,7409,0.02024564718585504,149,0,0,149,1.0,149,1.0
enzyme,D00752,5281078,hsa:3614,P20839,-8.3777,624,7455,0.08370221327967807,623,0,0,623,1.0,623,1.0
enzyme,D00752,5281078,hsa:3615,P12268,-8.2847,714,7455,0.09577464788732394,713,1,0,712,0.9985974754558204,712,0.9985974754558204
enzyme,D00762,441350,hsa:7054,P07101,-7.0323,249,7478,0.033297673174645624,248,0,0,248,1.0,248,1.0
enzyme,D00771,2733,hsa:1543,P04798,-7.4157,16,7482,0.0021384656508954825,15,0,0,15,1.0,15,1.0
enzyme,D00771,2733,hsa:1544,P05177,-7.3587,23,7482,0.003074044373162256,22,1,0,21,0.9545454545454546,21,0.9545454545454546
enzyme,D00771,2733,hsa:1571,P05181,-6.4934,586,7482,0.07832130446404705,585,2,0,583,0.9965811965811966,583,0.9965811965811966
enzyme,D00781,5281081,hsa:1312,P21964,-6.4161,3015,7403,0.4072673240578144,3014,0,0,3014,1.0,3014,1.0
enzyme,D00785,26758,hsa:4128,P21397,-6.9778,338,7581,0.04458514707822187,337,1,0,336,0.9970326409495549,336,0.9970326409495549
enzyme,D00785,26758,hsa:4129,P27338,-7.7488,43,7581,0.005672074924152486,42,0,0,42,1.0,42,1.0
enzyme,D00786,4659569,hsa:1312,P21964,-9.1014,300,7473,0.04014452027298274,299,0,0,299,1.0,299,1.0
enzyme,D00805,5853,hsa:43,P22303,-5.7643,28,7478,0.003744316662209147,27,0,0,27,1.0,27,1.0
enzyme,D00805,5853,hsa:590,P06276,-4.8916,1132,7478,0.15137737362931264,1131,1,0,1130,0.9991158267020336,1130,0.9991158267020336
enzyme,D00810,54686350,hsa:5742,P23219,-9.4252,191,7475,0.025551839464882944,190,0,0,190,1.0,190,1.0
enzyme,D00810,54686350,hsa:5743,P35354,-8.9453,621,7475,0.08307692307692308,620,1,0,619,0.9983870967741936,619,0.9983870967741936
enzyme,D00813,84003,hsa:5742,P23219,-11.4214,11,7380,0.0014905149051490515,10,0,0,10,1.0,10,1.0
enzyme,D00813,84003,hsa:5743,P35354,-10.5952,85,7380,0.011517615176151762,84,1,0,83,0.9880952380952381,83,0.9880952380952381
enzyme,D00882,68553,hsa:1557,P33261,-10.2363,340,6971,0.048773490173576246,339,0,0,339,1.0,339,1.0
enzyme,D00882,68553,hsa:1559,P11712,-10.0956,447,6971,0.06412279443408406,446,1,0,445,0.9977578475336323,445,0.9977578475336323
enzyme,D00889,23663992,hsa:3156,P04035,-6.6914,2500,7277,0.3435481654527965,2499,0,0,2499,1.0,2499,1.0
enzyme,D00892,23679527,hsa:3156,P04035,-1.2653,3300,7343,0.449407599073948,3299,0,0,3299,1.0,3299,1.0
enzyme,D00893,16759173,hsa:3156,P04035,-1.2674,2982,6867,0.43425076452599387,2981,0,0,2981,1.0,2981,1.0
enzyme,D00900,78000,hsa:4759,Q9Y3R4,-7.2047,1427,7381,0.19333423655331256,1426,0,0,1426,1.0,1426,1.0
enzyme,D00902,60855,hsa:4759,Q9Y3R4,-7.2756,670,7381,0.09077360791220702,669,0,0,669,1.0,669,1.0
enzyme,D00947,441401,hsa:4128,P21397,-10.4058,4,7399,0.0005406135964319503,3,0,0,3,1.0,3,1.0
enzyme,D00960,2187,hsa:1543,P04798,-8.2976,376,7532,0.04992033988316516,375,6,0,369,0.984,369,0.984
enzyme,D00960,2187,hsa:1544,P05177,-8.6245,191,7532,0.025358470525756772,190,2,0,188,0.9894736842105263,188,0.9894736842105263
enzyme,D00960,2187,hsa:1545,Q16678,-8.1962,439,7532,0.05828465215082315,438,8,0,430,0.9817351598173516,430,0.9817351598173516
enzyme,D00960,2187,hsa:1548,P11509,-8.7598,146,7532,0.019383961763143918,145,0,0,145,1.0,145,1.0
enzyme,D00960,2187,hsa:1551,P24462,-7.6219,1007,7532,0.1336962294211365,1006,12,0,994,0.9880715705765407,994,0.9880715705765407
enzyme,D00960,2187,hsa:1553,Q16696,-8.6604,172,7532,0.022835900159320233,171,1,0,170,0.9941520467836257,170,0.9941520467836257
enzyme,D00960,2187,hsa:1555,P20813,-8.2223,426,7532,0.056558682952734994,425,7,0,418,0.9835294117647059,418,0.9835294117647059
enzyme,D00960,2187,hsa:1557,P33261,-8.4227,297,7532,0.039431757833244825,296,4,0,292,0.9864864864864865,292,0.9864864864864865
enzyme,D00960,2187,hsa:1558,P10632,-8.3472,345,7532,0.04580456718003186,344,5,0,339,0.9854651162790697,339,0.9854651162790697
enzyme,D00960,2187,hsa:1559,P11712,-7.8909,692,7532,0.09187466808284653,691,9,0,682,0.9869753979739508,682,0.9869753979739508
enzyme,D00960,2187,hsa:1562,P33260,-4.4143,7315,7532,0.9711895910780669,7314,15,0,7299,0.9979491386382281,7299,0.9979491386382281
enzyme,D00960,2187,hsa:1565,P10635,-7.3248,1542,7532,0.2047265002655337,1541,14,0,1527,0.990914990266061,1527,0.990914990266061
enzyme,D00960,2187,hsa:1571,P05181,-8.5247,240,7532,0.03186404673393521,239,3,0,236,0.9874476987447699,236,0.9874476987447699
enzyme,D00960,2187,hsa:1576,P08684,-7.7546,850,7532,0.1128518321826872,849,11,0,838,0.9870435806831567,838,0.9870435806831567
enzyme,D00960,2187,hsa:1577,P20815,-7.4382,1328,7532,0.17631439192777482,1327,13,0,1314,0.9902034664657121,1314,0.9902034664657121
enzyme,D00960,2187,hsa:1588,P11511,-7.8511,728,7532,0.09665427509293681,727,10,0,717,0.9862448418156808,717,0.9862448418156808
enzyme,D00963,60198,hsa:1588,P11511,-10.7292,38,7581,0.005012531328320802,37,0,0,37,1.0,37,1.0
enzyme,D00964,3902,hsa:1543,P04798,-8.7402,387,7534,0.05136713565171224,386,6,0,380,0.9844559585492227,380,0.9844559585492227
enzyme,D00964,3902,hsa:1544,P05177,-9.2802,125,7534,0.01659145208388638,124,1,0,123,0.9919354838709677,123,0.9919354838709677
enzyme,D00964,3902,hsa:1545,Q16678,-9.0319,195,7534,0.025882665250862757,194,4,0,190,0.979381443298969,190,0.979381443298969
enzyme,D00964,3902,hsa:1548,P11509,-9.355,110,7534,0.014600477833820015,109,0,0,109,1.0,109,1.0
enzyme,D00964,3902,hsa:1551,P24462,-8.1612,925,7534,0.12277674542075923,924,12,0,912,0.987012987012987,912,0.987012987012987
enzyme,D00964,3902,hsa:1553,Q16696,-9.0971,174,7534,0.02309530130076984,173,2,0,171,0.9884393063583815,171,0.9884393063583815
enzyme,D00964,3902,hsa:1555,P20813,-7.8689,1347,7534,0.17878948765595964,1346,14,0,1332,0.9895988112927192,1332,0.9895988112927192
enzyme,D00964,3902,hsa:1557,P33261,-8.9363,251,7534,0.03331563578444385,250,5,0,245,0.98,245,0.98
enzyme,D00964,3902,hsa:1558,P10632,-8.2458,835,7534,0.11083089992036103,834,10,0,824,0.988009592326139,824,0.988009592326139
enzyme,D00964,3902,hsa:1559,P11712,-8.4158,639,7534,0.08481550305282719,638,7,0,631,0.9890282131661442,631,0.9890282131661442
enzyme,D00964,3902,hsa:1562,P33260,-4.5735,7309,7534,0.9701353862490045,7308,15,0,7293,0.9979474548440066,7293,0.9979474548440066
enzyme,D00964,3902,hsa:1565,P10635,-9.0885,178,7534,0.023626227767454207,177,3,0,174,0.9830508474576272,174,0.9830508474576272
enzyme,D00964,3902,hsa:1571,P05181,-8.4147,642,7534,0.08521369790284046,641,8,0,633,0.9875195007800313,633,0.9875195007800313
enzyme,D00964,3902,hsa:1576,P08684,-8.1967,883,7534,0.1172020175205734,882,11,0,871,0.9875283446712018,871,0.9875283446712018
enzyme,D00964,3902,hsa:1577,P20815,-8.1355,960,7534,0.12742235200424742,959,13,0,946,0.986444212721585,946,0.986444212721585
enzyme,D00964,3902,hsa:1588,P11511,-8.3086,756,7534,0.10034510220334483,755,9,0,746,0.9880794701986755,746,0.9880794701986755
enzyme,D00965,4493,hsa:5447,P16435,-8.229,738,7403,0.0996893151425098,737,0,0,737,1.0,737,1.0
enzyme,D00969,54677470,hsa:5742,P23219,-7.9741,1272,7236,0.175787728026534,1271,1,0,1270,0.999213217938631,1270,0.999213217938631
enzyme,D00969,54677470,hsa:5743,P35354,-9.2908,94,7236,0.012990602542841349,93,0,0,93,1.0,93,1.0
enzyme,D00970,23681059,hsa:5742,P23219,-1.2869,2876,7621,0.3773782968114421,2875,0,0,2875,1.0,2875,1.0
enzyme,D00970,23681059,hsa:5743,P35354,-1.2522,3764,7621,0.49389843852512794,3763,1,0,3762,0.9997342545841085,3762,0.9997342545841085
enzyme,D00994,8307,hsa:43,P22303,-1.3301,226,7380,0.03062330623306233,225,0,0,225,1.0,225,1.0
enzyme,D01001,8288,hsa:43,P22303,-7.5601,930,7361,0.12634152968346693,929,0,0,929,1.0,929,1.0
enzyme,D01064,135400182,hsa:7298,P04818,-8.6352,1244,7189,0.17304214772569204,1243,0,0,1243,1.0,1243,1.0
enzyme,D01071,3608,hsa:10858,Q9Y6A2,-7.2406,1008,7475,0.1348494983277592,1007,9,0,998,0.9910625620655412,998,0.9910625620655412
enzyme,D01071,3608,hsa:1543,P04798,-7.1823,1106,7475,0.1479598662207358,1105,12,0,1093,0.9891402714932127,1093,0.9891402714932127
enzyme,D01071,3608,hsa:1544,P05177,-7.1873,1098,7475,0.1468896321070234,1097,11,0,1086,0.9899726526891522,1086,0.9899726526891522
enzyme,D01071,3608,hsa:1545,Q16678,-7.1147,1253,7475,0.16762541806020068,1252,13,0,1239,0.9896166134185304,1239,0.9896166134185304
enzyme,D01071,3608,hsa:1548,P11509,-7.426,727,7475,0.09725752508361205,726,4,0,722,0.9944903581267218,722,0.9944903581267218
enzyme,D01071,3608,hsa:1551,P24462,-6.6787,2330,7475,0.3117056856187291,2329,24,0,2305,0.9896951481322456,2305,0.9896951481322456
enzyme,D01071,3608,hsa:1553,Q16696,-7.1947,1085,7475,0.1451505016722408,1084,10,0,1074,0.9907749077490775,1074,0.9907749077490775
enzyme,D01071,3608,hsa:1555,P20813,-6.9267,1653,7475,0.2211371237458194,1652,17,0,1635,0.9897094430992736,1635,0.9897094430992736
enzyme,D01071,3608,hsa:1557,P33261,-7.383,790,7475,0.10568561872909699,789,5,0,784,0.9936628643852978,784,0.9936628643852978
enzyme,D01071,3608,hsa:1558,P10632,-7.0218,1461,7475,0.1954515050167224,1460,15,0,1445,0.9897260273972602,1445,0.9897260273972602
enzyme,D01071,3608,hsa:1559,P11712,-6.8505,1838,7475,0.24588628762541806,1837,20,0,1817,0.9891126837234622,1817,0.9891126837234622
enzyme,D01071,3608,hsa:1562,P33260,-3.8282,7300,7475,0.9765886287625418,7299,25,0,7274,0.996574873270311,7274,0.996574873270311
enzyme,D01071,3608,hsa:1565,P10635,-8.0996,145,7475,0.01939799331103679,144,0,0,144,1.0,144,1.0
enzyme,D01071,3608,hsa:1571,P05181,-7.3071,903,7475,0.12080267558528428,902,8,0,894,0.991130820399113,894,0.991130820399113
enzyme,D01071,3608,hsa:1576,P08684,-6.8004,1974,7475,0.2640802675585284,1973,21,0,1952,0.9893563101875317,1952,0.9893563101875317
enzyme,D01071,3608,hsa:1577,P20815,-6.9959,1519,7475,0.2032107023411371,1518,16,0,1502,0.9894598155467721,1502,0.9894598155467721
enzyme,D01071,3608,hsa:1581,P22680,-7.3083,902,7475,0.12066889632107024,901,7,0,894,0.9922308546059934,894,0.9922308546059934
enzyme,D01071,3608,hsa:1582,Q9UNU6,-6.8509,1837,7475,0.24575250836120402,1836,19,0,1817,0.9896514161220044,1817,0.9896514161220044
enzyme,D01071,3608,hsa:1583,P05108,-7.5203,598,7475,0.08,597,3,0,594,0.9949748743718593,594,0.9949748743718593
enzyme,D01071,3608,hsa:1584,P15538,-6.7191,2203,7475,0.29471571906354516,2202,23,0,2179,0.9895549500454133,2179,0.9895549500454133
enzyme,D01071,3608,hsa:1585,P19099,-7.044,1408,7475,0.18836120401337791,1407,14,0,1393,0.9900497512437811,1393,0.9900497512437811
enzyme,D01071,3608,hsa:1586,P05093,-7.3197,883,7475,0.11812709030100335,882,6,0,876,0.9931972789115646,876,0.9931972789115646
enzyme,D01071,3608,hsa:1588,P11511,-6.9242,1662,7475,0.2223411371237458,1661,18,0,1643,0.9891631547260686,1643,0.9891631547260686
enzyme,D01071,3608,hsa:1589,P08686,-7.9811,202,7475,0.027023411371237458,201,1,0,200,0.9950248756218906,200,0.9950248756218906
enzyme,D01071,3608,hsa:1595,Q16850,-7.6356,460,7475,0.06153846153846154,459,2,0,457,0.9956427015250545,457,0.9956427015250545
enzyme,D01071,3608,hsa:5740,Q16647,-6.7557,2098,7475,0.2806688963210702,2097,22,0,2075,0.9895088221268479,2075,0.9895088221268479
enzyme,D01097,163727,hsa:4128,P21397,-7.1179,67,7411,0.009040615301578734,66,1,0,65,0.9848484848484849,65,0.9848484848484849
enzyme,D01097,163727,hsa:4129,P27338,-7.1701,54,7411,0.00728646606395898,53,0,0,53,1.0,53,1.0
enzyme,D01118,122824,hsa:590,P06276,-8.244,116,7230,0.016044260027662516,115,0,0,115,1.0,115,1.0
enzyme,D01119,443873,hsa:1636,P12821,-8.3166,442,7282,0.06069761054655314,441,0,0,441,1.0,441,1.0
enzyme,D01122,3673,hsa:5742,P23219,-8.2403,609,7532,0.08085501858736059,608,0,0,608,1.0,608,1.0
enzyme,D01122,3673,hsa:5743,P35354,-8.0529,792,7532,0.1051513542219862,791,1,0,790,0.9987357774968394,790,0.9987357774968394
enzyme,D01133,4823,hsa:10846,Q9Y233,-9.5066,853,7463,0.11429719951762025,852,9,0,843,0.9894366197183099,843,0.9894366197183099
enzyme,D01133,4823,hsa:5138,O00408,-8.4163,2585,7463,0.3463754522310063,2584,11,0,2573,0.9957430340557275,2573,0.9957430340557275
enzyme,D01133,4823,hsa:5140,Q13370,-10.0169,422,7463,0.056545625083746484,421,4,0,417,0.9904988123515439,417,0.9904988123515439
enzyme,D01133,4823,hsa:5141,P27815,-9.7904,591,7463,0.07919067399169234,590,7,0,583,0.988135593220339,583,0.988135593220339
enzyme,D01133,4823,hsa:5142,Q07343,-10.9161,91,7463,0.012193487873509313,90,1,0,89,0.9888888888888889,89,0.9888888888888889
enzyme,D01133,4823,hsa:5143,Q08493,-8.5664,2302,7463,0.3084550448881147,2301,10,0,2291,0.9956540634506736,2291,0.9956540634506736
enzyme,D01133,4823,hsa:5144,Q08499,-10.3363,253,7463,0.03390057617580062,252,3,0,249,0.9880952380952381,249,0.9880952380952381
enzyme,D01133,4823,hsa:5147,O43924,-9.7611,620,7463,0.08307651078654696,619,8,0,611,0.9870759289176091,611,0.9870759289176091
enzyme,D01133,4823,hsa:5148,P18545,-5.3279,7201,7463,0.9648934744740721,7200,12,0,7188,0.9983333333333333,7188,0.9983333333333333
enzyme,D01133,4823,hsa:5150,Q13946,-11.1023,59,7463,0.007905667961945598,58,0,0,58,1.0,58,1.0
enzyme,D01133,4823,hsa:5151,O60658,-10.4919,193,7463,0.025860913841618653,192,2,0,190,0.9895833333333334,190,0.9895833333333334
enzyme,D01133,4823,hsa:5152,O76083,-9.8368,560,7463,0.075036848452365,559,6,0,553,0.9892665474060823,553,0.9892665474060823
enzyme,D01133,4823,hsa:8654,O76074,-9.979,450,7463,0.060297467506364735,449,5,0,444,0.9888641425389755,444,0.9888641425389755
enzyme,D01136,5526,hsa:5328,P00749,-5.8413,1318,7479,0.17622676828453002,1317,0,0,1317,1.0,1317,1.0
enzyme,D01136,5526,hsa:5340,P00747,-5.7935,1452,7479,0.19414360208584036,1451,1,0,1450,0.9993108201240524,1450,0.9993108201240524
enzyme,D01164,60795,hsa:1565,P10635,-9.303,587,7385,0.07948544346648612,586,0,0,586,1.0,586,1.0
enzyme,D01183,610479,hsa:5742,P23219,-8.1635,557,7410,0.07516869095816464,556,0,0,556,1.0,556,1.0
enzyme,D01183,610479,hsa:5743,P35354,-8.0538,673,7410,0.09082321187584345,672,1,0,671,0.9985119047619048,671,0.9985119047619048
enzyme,D01196,13290219,hsa:23632,Q9ULX7,-1.4956,374,7623,0.049062049062049064,373,1,0,372,0.9973190348525469,372,0.9973190348525469
enzyme,D01196,13290219,hsa:377677,Q8N1Q1,-1.4532,550,7623,0.07215007215007214,549,7,0,542,0.9872495446265938,542,0.9872495446265938
enzyme,D01196,13290219,hsa:759,P00915,-1.4779,448,7623,0.05876951331496786,447,3,0,444,0.9932885906040269,444,0.9932885906040269
enzyme,D01196,13290219,hsa:760,P00918,-1.323,2118,7623,0.2778433687524597,2117,10,0,2107,0.995276334435522,2107,0.995276334435522
enzyme,D01196,13290219,hsa:761,P07451,-1.4778,450,7623,0.0590318772136954,449,4,0,445,0.9910913140311804,445,0.9910913140311804
enzyme,D01196,13290219,hsa:762,P22748,-1.4158,860,7623,0.11281647645284008,859,9,0,850,0.989522700814901,850,0.989522700814901
enzyme,D01196,13290219,hsa:765,P23280,-1.5305,290,7623,0.03804276531549259,289,0,0,289,1.0,289,1.0
enzyme,D01196,13290219,hsa:766,P43166,-1.4542,545,7623,0.0714941624032533,544,6,0,538,0.9889705882352942,538,0.9889705882352942
enzyme,D01196,13290219,hsa:767,P35219,-1.4742,469,7623,0.06152433425160698,468,5,0,463,0.9893162393162394,463,0.9893162393162394
enzyme,D01196,13290219,hsa:768,Q16790,-1.4267,765,7623,0.10035419126328217,764,8,0,756,0.9895287958115183,756,0.9895287958115183
enzyme,D01196,13290219,hsa:771,O43570,-1.4788,446,7623,0.05850714941624033,445,2,0,443,0.9955056179775281,443,0.9955056179775281
enzyme,D01198,60790,hsa:10846,Q9Y233,-8.4787,716,7456,0.09603004291845493,715,4,0,711,0.9944055944055944,711,0.9944055944055944
enzyme,D01198,60790,hsa:5138,O00408,-7.4769,2002,7456,0.2685085836909871,2001,9,0,1992,0.9955022488755623,1992,0.9955022488755623
enzyme,D01198,60790,hsa:5140,Q13370,-8.4229,762,7456,0.10219957081545064,761,6,0,755,0.9921156373193167,755,0.9921156373193167
enzyme,D01198,60790,hsa:5141,P27815,-8.328,844,7456,0.11319742489270386,843,8,0,835,0.9905100830367735,835,0.9905100830367735
enzyme,D01198,60790,hsa:5142,Q07343,-9.7299,61,7456,0.008181330472103005,60,0,0,60,1.0,60,1.0
enzyme,D01198,60790,hsa:5143,Q08493,-6.7812,3419,7456,0.4585568669527897,3418,11,0,3407,0.9967817437097718,3407,0.9967817437097718
enzyme,D01198,60790,hsa:5144,Q08499,-9.2661,180,7456,0.024141630901287552,179,1,0,178,0.994413407821229,178,0.994413407821229
enzyme,D01198,60790,hsa:5147,O43924,-7.2558,2405,7456,0.32255901287553645,2404,10,0,2394,0.9958402662229617,2394,0.9958402662229617
enzyme,D01198,60790,hsa:5148,P18545,-4.6296,7033,7456,0.9432671673819742,7032,12,0,7020,0.9982935153583617,7020,0.9982935153583617
enzyme,D01198,60790,hsa:5150,Q13946,-8.5773,614,7456,0.08234978540772532,613,3,0,610,0.9951060358890701,610,0.9951060358890701
enzyme,D01198,60790,hsa:5151,O60658,-8.6602,525,7456,0.07041309012875537,524,2,0,522,0.9961832061068703,522,0.9961832061068703
enzyme,D01198,60790,hsa:5152,O76083,-8.4635,725,7456,0.09723712446351931,724,5,0,719,0.9930939226519337,719,0.9930939226519337
enzyme,D01198,60790,hsa:8654,O76074,-8.4057,775,7456,0.1039431330472103,774,7,0,767,0.9909560723514211,767,0.9909560723514211
enzyme,D01211,9051,hsa:7298,P04818,-9.1276,531,7581,0.07004352987732489,530,0,0,530,1.0,530,1.0
enzyme,D01223,185462,hsa:1056,P19835,-1.8483,1288,7623,0.1689623507805326,1287,7,0,1280,0.9945609945609946,1280,0.9945609945609946
enzyme,D01223,185462,hsa:11343,Q99685,-2.2259,31,7623,0.004066640430276794,30,0,0,30,1.0,30,1.0
enzyme,D01223,185462,hsa:1178,Q05315,-1.6429,3982,7623,0.5223665223665224,3981,16,0,3965,0.9959809093192665,3965,0.9959809093192665
enzyme,D01223,185462,hsa:1890,P19971,-1.7243,2783,7623,0.36507936507936506,2782,14,0,2768,0.9949676491732566,2768,0.9949676491732566
enzyme,D01223,185462,hsa:2098,P10768,-1.8199,1579,7623,0.20713629804538897,1578,10,0,1568,0.9936628643852978,1568,0.9936628643852978
enzyme,D01223,185462,hsa:30814,Q9NZK7,-1.5645,4939,7623,0.6479076479076479,4938,18,0,4920,0.9963547995139733,4920,0.9963547995139733
enzyme,D01223,185462,hsa:313,P28039,-1.5518,5090,7623,0.6677161222615768,5089,20,0,5069,0.9960699548044802,5069,0.9960699548044802
enzyme,D01223,185462,hsa:4023,P06858,-1.8,1814,7623,0.23796405614587432,1813,11,0,1802,0.9939327082184225,1802,0.9939327082184225
enzyme,D01223,185462,hsa:43,P22303,-1.8427,1340,7623,0.1757838121474485,1339,9,0,1330,0.9932785660941,1330,0.9932785660941
enzyme,D01223,185462,hsa:5049,P68402,-1.6063,4432,7623,0.5813983995802178,4431,17,0,4414,0.9961633942676597,4414,0.9961633942676597
enzyme,D01223,185462,hsa:5319,P04054,-1.7309,2701,7623,0.35432244523153617,2700,13,0,2687,0.9951851851851852,2687,0.9951851851851852
enzyme,D01223,185462,hsa:5320,P14555,-1.8736,1097,7623,0.143906598452053,1096,6,0,1090,0.9945255474452555,1090,0.9945255474452555
enzyme,D01223,185462,hsa:5321,P47712,-1.7991,1825,7623,0.23940705758887576,1824,12,0,1812,0.993421052631579,1812,0.993421052631579
enzyme,D01223,185462,hsa:5406,P16233,-1.989,392,7623,0.051423324150596875,391,4,0,387,0.989769820971867,387,0.989769820971867
enzyme,D01223,185462,hsa:5407,P54315,-2.0239,257,7623,0.03371376098648826,256,3,0,253,0.98828125,253,0.98828125
enzyme,D01223,185462,hsa:5408,P54317,-2.057,168,7623,0.02203856749311295,167,1,0,166,0.9940119760479041,166,0.9940119760479041
enzyme,D01223,185462,hsa:590,P06276,-2.0365,216,7623,0.02833530106257379,215,2,0,213,0.9906976744186047,213,0.9906976744186047
enzyme,D01223,185462,hsa:670,Q86WA6,-1.8445,1320,7623,0.17316017316017315,1319,8,0,1311,0.9939347990902199,1311,0.9939347990902199
enzyme,D01223,185462,hsa:7298,P04818,-1.5635,4947,7623,0.6489571035025581,4946,19,0,4927,0.9961585119288314,4927,0.9961585119288314
enzyme,D01223,185462,hsa:8399,O15496,-1.6853,3366,7623,0.44155844155844154,3365,15,0,3350,0.9955423476968797,3350,0.9955423476968797
enzyme,D01223,185462,hsa:8513,P07098,-1.9416,630,7623,0.08264462809917356,629,5,0,624,0.9920508744038156,624,0.9920508744038156
enzyme,D01228,216322,hsa:43,P22303,-12.4424,301,7257,0.04147719443296128,300,0,0,300,1.0,300,1.0
enzyme,D01256,62770,hsa:759,P00915,-9.4566,916,7423,0.12340024248955948,915,0,0,915,1.0,915,1.0
enzyme,D01256,62770,hsa:760,P00918,-7.418,5143,7423,0.6928465579954196,5142,2,0,5140,0.999611046285492,5140,0.999611046285492
enzyme,D01256,62770,hsa:762,P22748,-8.6529,2116,7423,0.28505994880775964,2115,1,0,2114,0.9995271867612293,2114,0.9995271867612293
enzyme,D01264,216457,hsa:7153,P11388,-10.6871,1448,7443,0.19454521026467822,1447,0,0,1447,1.0,1447,1.0
enzyme,D01264,216457,hsa:7155,Q02880,-10.5674,1613,7443,0.2167136907161091,1612,1,0,1611,0.999379652605459,1611,0.999379652605459
enzyme,D01325,5282408,hsa:5742,P23219,-10.297,553,7383,0.07490180143573073,552,0,0,552,1.0,552,1.0
enzyme,D01325,5282408,hsa:5743,P35354,-8.9167,2553,7383,0.34579439252336447,2552,1,0,2551,0.9996081504702194,2551,0.9996081504702194
enzyme,D01332,2329,hsa:239,P18054,-9.121,1105,7450,0.1483221476510067,1104,3,0,1101,0.9972826086956522,1101,0.9972826086956522
enzyme,D01332,2329,hsa:240,P09917,-8.5378,2109,7450,0.28308724832214766,2108,4,0,2104,0.9981024667931688,2104,0.9981024667931688
enzyme,D01332,2329,hsa:247,O15296,-10.7533,57,7450,0.007651006711409396,56,0,0,56,1.0,56,1.0
enzyme,D01332,2329,hsa:4048,P09960,-9.4357,704,7450,0.09449664429530201,703,2,0,701,0.9971550497866287,701,0.9971550497866287
enzyme,D01332,2329,hsa:5150,Q13946,-9.9878,299,7450,0.040134228187919466,298,1,0,297,0.9966442953020134,297,0.9966442953020134
enzyme,D01364,9878,hsa:5742,P23219,-8.2951,1660,7460,0.2225201072386059,1659,1,0,1658,0.9993972272453285,1658,0.9993972272453285
enzyme,D01364,9878,hsa:5743,P35354,-9.566,267,7460,0.03579088471849866,266,0,0,266,1.0,266,1.0
enzyme,D01367,20279,hsa:5321,P47712,-7.3087,790,7246,0.10902566933480541,789,0,0,789,1.0,789,1.0
enzyme,D01370,65326,hsa:4860,P00491,-5.2981,3700,7257,0.5098525561526802,3699,0,0,3699,1.0,3699,1.0
enzyme,D01397,92727,hsa:5742,P23219,-7.4533,3702,7286,0.5080977216579742,3701,1,0,3700,0.9997298027560119,3700,0.9997298027560119
enzyme,D01397,92727,hsa:5743,P35354,-9.0903,998,7286,0.13697502058742794,997,0,0,997,1.0,997,1.0
enzyme,D01425,151114,hsa:1543,P04798,-14.6101,16,6817,0.002347073492738741,15,0,0,15,1.0,15,1.0
enzyme,D01425,151114,hsa:1544,P05177,-10.8535,1768,6817,0.2593516209476309,1767,12,0,1755,0.9932088285229203,1755,0.9932088285229203
enzyme,D01425,151114,hsa:1545,Q16678,-14.5107,17,6817,0.0024937655860349127,16,1,0,15,0.9375,15,0.9375
enzyme,D01425,151114,hsa:1551,P24462,-10.9048,1699,6817,0.2492298665101951,1698,11,0,1687,0.9935217903415783,1687,0.9935217903415783
enzyme,D01425,151114,hsa:1553,Q16696,-11.7592,729,6817,0.10693853601290891,728,4,0,724,0.9945054945054945,724,0.9945054945054945
enzyme,D01425,151114,hsa:1555,P20813,-10.6957,2055,6817,0.3014522517236321,2054,13,0,2041,0.9936708860759493,2041,0.9936708860759493
enzyme,D01425,151114,hsa:1557,P33261,-11.8619,660,6817,0.09681678157547308,659,3,0,656,0.9954476479514416,656,0.9954476479514416
enzyme,D01425,151114,hsa:1558,P10632,-11.4155,1017,6817,0.14918585888220626,1016,7,0,1009,0.9931102362204725,1009,0.9931102362204725
enzyme,D01425,151114,hsa:1559,P11712,-11.5706,879,6817,0.12894235000733462,878,6,0,872,0.9931662870159453,872,0.9931662870159453
enzyme,D01425,151114,hsa:1562,P33260,-6.888,6626,6817,0.9719818101804313,6625,14,0,6611,0.9978867924528302,6611,0.9978867924528302
enzyme,D01425,151114,hsa:1565,P10635,-11.1894,1300,6817,0.19069972128502274,1299,8,0,1291,0.993841416474211,1291,0.993841416474211
enzyme,D01425,151114,hsa:1571,P05181,-11.7159,763,6817,0.11192606718497873,762,5,0,757,0.9934383202099738,757,0.9934383202099738
enzyme,D01425,151114,hsa:1576,P08684,-12.4175,341,6817,0.05002200381399442,340,2,0,338,0.9941176470588236,338,0.9941176470588236
enzyme,D01425,151114,hsa:1577,P20815,-11.011,1538,6817,0.2256124394895115,1537,9,0,1528,0.9941444372153546,1528,0.9941444372153546
enzyme,D01425,151114,hsa:1588,P11511,-10.9279,1665,6817,0.24424233533812528,1664,10,0,1654,0.9939903846153846,1654,0.9939903846153846
enzyme,D01432,123596,hsa:7150,P11387,-10.2071,1176,6273,0.1874701099952176,1175,0,0,1175,1.0,1175,1.0
enzyme,D01432,123596,hsa:7156,Q13472,-9.9857,1410,6273,0.22477283596365374,1409,2,0,1407,0.9985805535841022,1407,0.9985805535841022
enzyme,D01432,123596,hsa:8940,O95985,-10.0892,1290,6273,0.20564323290291728,1289,1,0,1288,0.9992242048099301,1288,0.9992242048099301
enzyme,D01475,2097,hsa:5742,P23219,-7.281,552,7478,0.07381652848355175,551,0,0,551,1.0,551,1.0
enzyme,D01475,2097,hsa:5743,P35354,-6.9821,958,7478,0.1281091200855844,957,1,0,956,0.9989550679205852,956,0.9989550679205852
enzyme,D01513,5720,hsa:5742,P23219,-7.5204,2601,7474,0.348006422263848,2600,1,0,2599,0.9996153846153846,2599,0.9996153846153846
enzyme,D01513,5720,hsa:5743,P35354,-8.1511,1205,7474,0.1612255820176612,1204,0,0,1204,1.0,1204,1.0
enzyme,D01547,5485193,hsa:5742,P23219,-8.0218,871,6578,0.1324110671936759,870,1,0,869,0.9988505747126437,869,0.9988505747126437
enzyme,D01547,5485193,hsa:5743,P35354,-8.4142,478,6578,0.07266646397081179,477,0,0,477,1.0,477,1.0
enzyme,D01549,5282183,hsa:1636,P12821,-8.7087,814,7428,0.10958535271943996,813,0,0,813,1.0,813,1.0
enzyme,D01565,10649,hsa:5742,P23219,-7.5373,2192,7514,0.2917221187117381,2191,1,0,2190,0.9995435874030123,2190,0.9995435874030123
enzyme,D01565,10649,hsa:5743,P35354,-8.4279,974,7514,0.1296247005589566,973,0,0,973,1.0,973,1.0
enzyme,D01578,1981,hsa:5742,P23219,-8.3038,907,7385,0.12281651997291808,906,1,0,905,0.9988962472406181,905,0.9988962472406181
enzyme,D01578,1981,hsa:5743,P35354,-8.9969,257,7385,0.034800270819228166,256,0,0,256,1.0,256,1.0
enzyme,D01582,3475,hsa:5742,P23219,-7.9768,1552,7402,0.2096730613347744,1551,1,0,1550,0.9993552546744036,1550,0.9993552546744036
enzyme,D01582,3475,hsa:5743,P35354,-8.4079,886,7402,0.11969737908673332,885,0,0,885,1.0,885,1.0
enzyme,D01665,5362115,hsa:2548,P10253,-7.9288,1241,7372,0.1683396635919696,1240,1,0,1239,0.9991935483870967,1239,0.9991935483870967
enzyme,D01665,5362115,hsa:8972,O43451,-8.1787,956,7372,0.12967986977753662,955,0,0,955,1.0,955,1.0
enzyme,D01667,1549120,hsa:1636,P12821,-8.4803,206,7407,0.02781152963412988,205,0,0,205,1.0,205,1.0
enzyme,D01688,444025,hsa:231,P15121,-7.8019,704,7453,0.09445860727223937,703,0,0,703,1.0,703,1.0
enzyme,D01690,71764,hsa:10846,Q9Y233,-8.4402,725,7285,0.09951956074124914,724,8,0,716,0.988950276243094,716,0.988950276243094
enzyme,D01690,71764,hsa:5140,Q13370,-8.5542,622,7285,0.08538091969800961,621,7,0,614,0.9887278582930756,614,0.9887278582930756
enzyme,D01690,71764,hsa:5141,P27815,-7.9956,1311,7285,0.17995881949210707,1310,9,0,1301,0.9931297709923664,1301,0.9931297709923664
enzyme,D01690,71764,hsa:5142,Q07343,-9.108,216,7285,0.02964996568291009,215,3,0,212,0.986046511627907,212,0.986046511627907
enzyme,D01690,71764,hsa:5143,Q08493,-7.1456,2972,7285,0.4079615648592999,2971,10,0,2961,0.996634129922585,2961,0.996634129922585
enzyme,D01690,71764,hsa:5144,Q08499,-9.1379,203,7285,0.02786547700754976,202,2,0,200,0.9900990099009901,200,0.9900990099009901
enzyme,D01690,71764,hsa:5147,O43924,-8.5663,611,7285,0.08387096774193549,610,6,0,604,0.9901639344262295,604,0.9901639344262295
enzyme,D01690,71764,hsa:5148,P18545,-4.9726,6887,7285,0.9453671928620453,6886,11,0,6875,0.9984025559105432,6875,0.9984025559105432
enzyme,D01690,71764,hsa:5150,Q13946,-9.3798,117,7285,0.016060398078242964,116,0,0,116,1.0,116,1.0
enzyme,D01690,71764,hsa:5151,O60658,-9.2213,171,7285,0.023472889498970487,170,1,0,169,0.9941176470588236,169,0.9941176470588236
enzyme,D01690,71764,hsa:5152,O76083,-8.6023,577,7285,0.07920384351407,576,5,0,571,0.9913194444444444,571,0.9913194444444444
enzyme,D01690,71764,hsa:8654,O76074,-8.7701,424,7285,0.058201784488675364,423,4,0,419,0.9905437352245863,419,0.9905437352245863
enzyme,D01709,23675769,hsa:5742,P23219,-1.2869,2880,7622,0.3778535817370769,2879,0,0,2879,1.0,2879,1.0
enzyme,D01709,23675769,hsa:5743,P35354,-1.2524,3756,7622,0.4927840461821044,3755,1,0,3754,0.9997336884154461,3754,0.9997336884154461
enzyme,D01712,157313,hsa:10846,Q9Y233,-8.8554,773,7173,0.10776523072633487,772,6,0,766,0.9922279792746114,766,0.9922279792746114
enzyme,D01712,157313,hsa:5138,O00408,-7.7997,2438,7173,0.3398856824201868,2437,11,0,2426,0.9954862535904802,2426,0.9954862535904802
enzyme,D01712,157313,hsa:5140,Q13370,-9.9084,132,7173,0.018402342116269343,131,0,0,131,1.0,131,1.0
enzyme,D01712,157313,hsa:5141,P27815,-8.9958,638,7173,0.0889446535619685,637,5,0,632,0.9921507064364207,632,0.9921507064364207
enzyme,D01712,157313,hsa:5142,Q07343,-9.223,485,7173,0.06761466610901994,484,3,0,481,0.993801652892562,481,0.993801652892562
enzyme,D01712,157313,hsa:5143,Q08493,-8.0387,1971,7173,0.27478042659974905,1970,10,0,1960,0.9949238578680203,1960,0.9949238578680203
enzyme,D01712,157313,hsa:5144,Q08499,-9.1232,557,7173,0.07765230726334867,556,4,0,552,0.9928057553956835,552,0.9928057553956835
enzyme,D01712,157313,hsa:5147,O43924,-8.4298,1301,7173,0.18137459919141224,1300,9,0,1291,0.9930769230769231,1291,0.9930769230769231
enzyme,D01712,157313,hsa:5148,P18545,-5.072,6885,7173,0.9598494353826851,6884,12,0,6872,0.9982568274259151,6872,0.9982568274259151
enzyme,D01712,157313,hsa:5150,Q13946,-9.5117,317,7173,0.04419350341558623,316,1,0,315,0.9968354430379747,315,0.9968354430379747
enzyme,D01712,157313,hsa:5151,O60658,-8.5926,1078,7173,0.15028579394953298,1077,7,0,1070,0.9935004642525533,1070,0.9935004642525533
enzyme,D01712,157313,hsa:5152,O76083,-8.4999,1207,7173,0.16826990101770528,1206,8,0,1198,0.9933665008291874,1198,0.9933665008291874
enzyme,D01712,157313,hsa:8654,O76074,-9.3661,393,7173,0.054788791300711,392,2,0,390,0.9948979591836735,390,0.9948979591836735
enzyme,D01715,133264,hsa:231,P15121,-8.0044,137,7472,0.01833511777301927,136,0,0,136,1.0,136,1.0
enzyme,D01718,4237,hsa:5742,P23219,-7.2099,2505,7466,0.3355210286632735,2504,1,0,2503,0.9996006389776357,2503,0.9996006389776357
enzyme,D01718,4237,hsa:5743,P35354,-8.9109,184,7466,0.024645057594428074,183,0,0,183,1.0,183,1.0
enzyme,D01747,636362,hsa:7153,P11388,-9.953,479,6520,0.07346625766871166,478,0,0,478,1.0,478,1.0
enzyme,D01747,636362,hsa:7155,Q02880,-9.0431,1341,6520,0.20567484662576688,1340,1,0,1339,0.9992537313432835,1339,0.9992537313432835
enzyme,D01767,54677971,hsa:5742,P23219,-8.4875,262,7237,0.036202846483349455,261,1,0,260,0.9961685823754789,260,0.9961685823754789
enzyme,D01767,54677971,hsa:5743,P35354,-8.8023,108,7237,0.014923310764128783,107,0,0,107,1.0,107,1.0
enzyme,D01811,5147,hsa:5742,P23219,-6.1264,1123,7480,0.1501336898395722,1122,1,0,1121,0.9991087344028521,1121,0.9991087344028521
enzyme,D01811,5147,hsa:5743,P35354,-6.1285,1117,7480,0.14933155080213903,1116,0,0,1116,1.0,1116,1.0
enzyme,D01825,6215,hsa:5321,P47712,-8.8308,872,7450,0.11704697986577181,871,0,0,871,1.0,871,1.0
enzyme,D01842,160024,hsa:231,P15121,-8.2775,1179,7471,0.15781019943782626,1178,0,0,1178,1.0,1178,1.0
enzyme,D01866,54690031,hsa:5742,P23219,-6.931,2760,7155,0.3857442348008386,2759,1,0,2758,0.9996375498368975,2758,0.9996375498368975
enzyme,D01866,54690031,hsa:5743,P35354,-8.5026,253,7155,0.03535988819007687,252,0,0,252,1.0,252,1.0
enzyme,D01888,636399,hsa:4128,P21397,-7.8192,128,7537,0.016982884436778558,127,1,0,126,0.9921259842519685,126,0.9921259842519685
enzyme,D01888,636399,hsa:4129,P27338,-7.9114,91,7537,0.012073769404272256,90,0,0,90,1.0,90,1.0
enzyme,D01900,71992,hsa:1636,P12821,-7.9953,812,7303,0.11118718334930851,811,0,0,811,1.0,811,1.0
enzyme,D01907,30751,hsa:6240,P23921,-7.8988,859,7212,0.11910704381586246,858,0,0,858,1.0,858,1.0
enzyme,D01966,150311,hsa:6646,P35610,-8.8748,1282,7384,0.17361863488624052,1281,1,1,1280,0.9992193598750976,1279,0.9984387197501952
enzyme,D01966,150311,hsa:8435,O75908,-11.3218,14,7384,0.001895991332611051,13,0,0,13,1.0,13,1.0
enzyme,D01968,121586,hsa:2224,P14324,-7.6867,126,7402,0.017022426371251013,125,0,0,125,1.0,125,1.0
enzyme,D01973,656631,hsa:1576,P08684,-8.5373,1258,6757,0.18617729761728577,1257,0,0,1257,1.0,1257,1.0
enzyme,D01974,159271,hsa:5742,P23219,-7.471,2732,7318,0.3733260453675868,2731,1,0,2730,0.9996338337605273,2730,0.9996338337605273
enzyme,D01974,159271,hsa:5743,P35354,-8.9765,423,7318,0.05780267832741186,422,0,0,422,1.0,422,1.0
enzyme,D01977,123631,hsa:10461,Q12866,-7.4138,2622,7206,0.3638634471273938,2621,26,0,2595,0.990080122090805,2595,0.990080122090805
enzyme,D01977,123631,hsa:1436,P07333,-9.486,143,7206,0.01984457396613933,142,2,0,140,0.9859154929577465,140,0.9859154929577465
enzyme,D01977,123631,hsa:1956,P00533,-7.0482,3483,7206,0.4833472106577852,3482,32,0,3450,0.9908098793796669,3450,0.9908098793796669
enzyme,D01977,123631,hsa:2041,P21709,-5.63,6549,7206,0.9088259783513739,6548,41,0,6507,0.9937385461209529,6507,0.9937385461209529
enzyme,D01977,123631,hsa:2042,P29320,-7.8565,1771,7206,0.24576741604218708,1770,15,0,1755,0.9915254237288136,1755,0.9915254237288136
enzyme,D01977,123631,hsa:2043,P54764,-6.7111,4396,7206,0.6100471829031363,4395,38,0,4357,0.991353811149033,4357,0.991353811149033
enzyme,D01977,123631,hsa:2044,P54756,-8.0006,1512,7206,0.20982514571190675,1511,12,0,1499,0.9920582395764395,1499,0.9920582395764395
enzyme,D01977,123631,hsa:2045,Q15375,-7.6442,2188,7206,0.30363585900638357,2187,20,0,2167,0.9908550525834476,2167,0.9908550525834476
enzyme,D01977,123631,hsa:2046,P29322,-8.0734,1404,7206,0.1948376353039134,1403,9,0,1394,0.9935851746258019,1394,0.9935851746258019
enzyme,D01977,123631,hsa:2047,P54762,-8.8743,483,7206,0.06702747710241465,482,6,0,476,0.9875518672199171,476,0.9875518672199171
enzyme,D01977,123631,hsa:2048,P29323,-7.6702,2138,7206,0.29669719678046075,2137,19,0,2118,0.9911090313523632,2118,0.9911090313523632
enzyme,D01977,123631,hsa:2049,P54753,-8.6672,657,7206,0.09117402164862615,656,8,0,648,0.9878048780487805,648,0.9878048780487805
enzyme,D01977,123631,hsa:2050,P54760,-7.7937,1895,7206,0.26297529836247574,1894,18,0,1876,0.9904963041182682,1876,0.9904963041182682
enzyme,D01977,123631,hsa:2064,P04626,-7.9026,1689,7206,0.2343880099916736,1688,13,0,1675,0.9922985781990521,1675,0.9922985781990521
enzyme,D01977,123631,hsa:2065,P21860,-7.0466,3488,7206,0.48404107688037745,3487,33,0,3454,0.9905362776025236,3454,0.9905362776025236
enzyme,D01977,123631,hsa:2066,Q15303,-7.5891,2286,7206,0.3172356369691923,2285,24,0,2261,0.9894967177242888,2261,0.9894967177242888
enzyme,D01977,123631,hsa:2260,P11362,-7.6436,2190,7206,0.3039134054954205,2189,21,0,2168,0.9904065783462769,2168,0.9904065783462769
enzyme,D01977,123631,hsa:2261,P22607,-7.8047,1869,7206,0.25936719400499586,1868,17,0,1851,0.9908993576017131,1851,0.9908993576017131
enzyme,D01977,123631,hsa:2263,P21802,-9.979,43,7206,0.005967249514293644,42,1,0,41,0.9761904761904762,41,0.9761904761904762
enzyme,D01977,123631,hsa:2264,P22455,-7.6226,2231,7206,0.30960310852067724,2230,22,0,2208,0.9901345291479821,2208,0.9901345291479821
enzyme,D01977,123631,hsa:2322,P36888,-7.2555,2984,7206,0.4140993616430752,2983,29,0,2954,0.9902782433791485,2954,0.9902782433791485
enzyme,D01977,123631,hsa:2324,P35916,-6.0616,6001,7206,0.8327782403552595,6000,40,0,5960,0.9933333333333333,5960,0.9933333333333333
enzyme,D01977,123631,hsa:238,Q9UM73,-7.2906,2891,7206,0.4011934499028587,2890,28,0,2862,0.9903114186851211,2862,0.9903114186851211
enzyme,D01977,123631,hsa:3791,P35968,-10.0564,35,7206,0.0048570635581459895,34,0,0,34,1.0,34,1.0
enzyme,D01977,123631,hsa:3815,P10721,-7.9019,1691,7206,0.23466555648071052,1690,14,0,1676,0.991715976331361,1676,0.991715976331361
enzyme,D01977,123631,hsa:4058,P29376,-7.0147,3585,7206,0.49750208159866777,3584,34,0,3550,0.9905133928571429,3550,0.9905133928571429
enzyme,D01977,123631,hsa:4486,Q04912,-7.2518,2992,7206,0.41520954759922285,2991,30,0,2961,0.9899699097291875,2961,0.9899699097291875
enzyme,D01977,123631,hsa:4914,P04629,-6.9445,3785,7206,0.5252567305023591,3784,35,0,3749,0.9907505285412262,3749,0.9907505285412262
enzyme,D01977,123631,hsa:4915,Q16620,-8.8445,500,7206,0.06938662225922843,499,7,0,492,0.9859719438877755,492,0.9859719438877755
enzyme,D01977,123631,hsa:4916,Q16288,-8.9555,421,7206,0.05842353594227033,420,5,0,415,0.9880952380952381,415,0.9880952380952381
enzyme,D01977,123631,hsa:4919,Q01973,-9.1467,303,7206,0.04204829308909242,302,3,0,299,0.9900662251655629,299,0.9900662251655629
enzyme,D01977,123631,hsa:4920,Q01974,-6.8186,4142,7206,0.5747987787954483,4141,36,0,4105,0.9913064477179425,4105,0.9913064477179425
enzyme,D01977,123631,hsa:4921,Q16832,-9.0159,387,7206,0.053705245628642796,386,4,0,382,0.9896373056994818,382,0.9896373056994818
enzyme,D01977,123631,hsa:5156,P16234,-8.0455,1454,7206,0.20177629752983625,1453,11,0,1442,0.9924294562973159,1442,0.9924294562973159
enzyme,D01977,123631,hsa:5159,P09619,-7.1695,3170,7206,0.4399111851235082,3169,31,0,3138,0.9902177343010413,3138,0.9902177343010413
enzyme,D01977,123631,hsa:558,P30530,-7.6097,2248,7206,0.311962253677491,2247,23,0,2224,0.9897641299510458,2224,0.9897641299510458
enzyme,D01977,123631,hsa:5754,Q13308,-8.0463,1453,7206,0.20163752428531778,1452,10,0,1442,0.9931129476584022,1442,0.9931129476584022
enzyme,D01977,123631,hsa:6098,P08922,-7.8343,1813,7206,0.2515958923119623,1812,16,0,1796,0.9911699779249448,1796,0.9911699779249448
enzyme,D01977,123631,hsa:6259,P34925,-6.7197,4374,7206,0.6069941715237303,4373,37,0,4336,0.9915389892522296,4336,0.9915389892522296
enzyme,D01977,123631,hsa:7010,Q02763,-7.3084,2845,7206,0.3948098806550097,2844,27,0,2817,0.990506329113924,2817,0.990506329113924
enzyme,D01977,123631,hsa:7075,P35590,-5.3462,6746,7206,0.9361643075215098,6745,42,0,6703,0.9937731653076353,6703,0.9937731653076353
enzyme,D01977,123631,hsa:7301,Q06418,-6.4457,5100,7206,0.7077435470441299,5099,39,0,5060,0.9923514414591096,5060,0.9923514414591096
enzyme,D01977,123631,hsa:780,Q08345,-7.5787,2305,7206,0.319872328615043,2304,25,0,2279,0.9891493055555556,2279,0.9891493055555556
enzyme,D01981,9574101,hsa:2147,P00734,-7.9819,1563,7266,0.21511147811725848,1562,0,0,1562,1.0,1562,1.0
enzyme,D02008,110635,hsa:10846,Q9Y233,-10.6138,176,7456,0.023605150214592276,175,1,0,174,0.9942857142857143,174,0.9942857142857143
enzyme,D02008,110635,hsa:5138,O00408,-8.6914,2521,7456,0.33811695278969955,2520,10,0,2510,0.996031746031746,2510,0.996031746031746
enzyme,D02008,110635,hsa:5140,Q13370,-9.2257,1426,7456,0.19125536480686695,1425,8,0,1417,0.9943859649122807,1417,0.9943859649122807
enzyme,D02008,110635,hsa:5141,P27815,-9.4877,1048,7456,0.1405579399141631,1047,7,0,1040,0.9933142311365807,1040,0.9933142311365807
enzyme,D02008,110635,hsa:5142,Q07343,-10.3438,276,7456,0.03701716738197425,275,2,0,273,0.9927272727272727,273,0.9927272727272727
enzyme,D02008,110635,hsa:5143,Q08493,-9.9881,493,7456,0.06612124463519313,492,4,0,488,0.991869918699187,488,0.991869918699187
enzyme,D02008,110635,hsa:5144,Q08499,-10.6911,154,7456,0.02065450643776824,153,0,0,153,1.0,153,1.0
enzyme,D02008,110635,hsa:5147,O43924,-8.5939,2741,7456,0.3676233905579399,2740,11,0,2729,0.995985401459854,2729,0.995985401459854
enzyme,D02008,110635,hsa:5148,P18545,-5.9623,7115,7456,0.9542650214592274,7114,12,0,7102,0.9983131852684847,7102,0.9983131852684847
enzyme,D02008,110635,hsa:5150,Q13946,-9.5535,950,7456,0.12741416309012876,949,5,0,944,0.9947312961011591,944,0.9947312961011591
enzyme,D02008,110635,hsa:5151,O60658,-8.7799,2309,7456,0.3096834763948498,2308,9,0,2299,0.9961005199306759,2299,0.9961005199306759
enzyme,D02008,110635,hsa:5152,O76083,-9.5206,995,7456,0.13344957081545064,994,6,0,988,0.993963782696177,988,0.993963782696177
enzyme,D02008,110635,hsa:8654,O76074,-10.2014,352,7456,0.04721030042918455,351,3,0,348,0.9914529914529915,348,0.9914529914529915
enzyme,D02017,656652,hsa:10846,Q9Y233,-7.9588,2751,7408,0.37135529157667385,2750,7,0,2743,0.9974545454545455,2743,0.9974545454545455
enzyme,D02017,656652,hsa:5138,O00408,-7.8922,2903,7408,0.39187365010799136,2902,9,0,2893,0.9968986905582357,2893,0.9968986905582357
enzyme,D02017,656652,hsa:5140,Q13370,-8.1653,2302,7408,0.3107451403887689,2301,6,0,2295,0.9973924380704041,2295,0.9973924380704041
enzyme,D02017,656652,hsa:5141,P27815,-7.7947,3142,7408,0.4241360691144708,3141,10,0,3131,0.9968163005412289,3131,0.9968163005412289
enzyme,D02017,656652,hsa:5142,Q07343,-9.1678,565,7408,0.07626889848812095,564,0,0,564,1.0,564,1.0
enzyme,D02017,656652,hsa:5143,Q08493,-7.6131,3582,7408,0.48353131749460043,3581,11,0,3570,0.996928232337336,3570,0.996928232337336
enzyme,D02017,656652,hsa:5144,Q08499,-8.332,1901,7408,0.25661447084233263,1900,2,0,1898,0.9989473684210526,1898,0.9989473684210526
enzyme,D02017,656652,hsa:5147,O43924,-8.2962,1989,7408,0.2684935205183585,1988,3,0,1985,0.9984909456740443,1985,0.9984909456740443
enzyme,D02017,656652,hsa:5148,P18545,-4.3792,7247,7408,0.9782667386609071,7246,12,0,7234,0.998343913883522,7234,0.998343913883522
enzyme,D02017,656652,hsa:5150,Q13946,-8.2836,2022,7408,0.27294816414686823,2021,4,0,2017,0.9980207817911925,2017,0.9980207817911925
enzyme,D02017,656652,hsa:5151,O60658,-8.2255,2168,7408,0.29265658747300216,2167,5,0,2162,0.997692662667282,2162,0.997692662667282
enzyme,D02017,656652,hsa:5152,O76083,-7.9363,2807,7408,0.37891468682505397,2806,8,0,2798,0.9971489665003563,2798,0.9971489665003563
enzyme,D02017,656652,hsa:8654,O76074,-8.3723,1825,7408,0.24635529157667388,1824,1,0,1823,0.9994517543859649,1823,0.9994517543859649
enzyme,D02042,6918034,hsa:10846,Q9Y233,-1.6925,2909,6779,0.4291193391355657,2908,8,0,2900,0.9972489683631361,2900,0.9972489683631361
enzyme,D02042,6918034,hsa:5138,O00408,-1.9253,645,6779,0.09514677681073905,644,3,0,641,0.9953416149068323,641,0.9953416149068323
enzyme,D02042,6918034,hsa:5141,P27815,-1.8823,910,6779,0.13423808821360084,909,5,0,904,0.9944994499449945,904,0.9944994499449945
enzyme,D02042,6918034,hsa:5142,Q07343,-1.9186,694,6779,0.10237498156070217,693,4,0,689,0.9942279942279942,689,0.9942279942279942
enzyme,D02042,6918034,hsa:5143,Q08493,-1.9748,402,6779,0.059300781826228055,401,1,0,400,0.9975062344139651,400,0.9975062344139651
enzyme,D02042,6918034,hsa:5144,Q08499,-1.837,1240,6779,0.18291783448886267,1239,6,0,1233,0.9951573849878934,1233,0.9951573849878934
enzyme,D02042,6918034,hsa:5147,O43924,-1.6054,3973,6779,0.5860746422776221,3972,10,0,3962,0.9974823766364552,3962,0.9974823766364552
enzyme,D02042,6918034,hsa:5148,P18545,-1.1863,6293,6779,0.9283080100309781,6292,11,0,6281,0.9982517482517482,6281,0.9982517482517482
enzyme,D02042,6918034,hsa:5150,Q13946,-1.99,342,6779,0.05044991886708954,341,0,0,341,1.0,341,1.0
enzyme,D02042,6918034,hsa:5151,O60658,-1.7948,1672,6779,0.24664404779465998,1671,7,0,1664,0.9958108916816277,1664,0.9958108916816277
enzyme,D02042,6918034,hsa:5152,O76083,-1.9287,623,6779,0.09190146039238825,622,2,0,620,0.9967845659163987,620,0.9967845659163987
enzyme,D02042,6918034,hsa:8654,O76074,-1.6806,3077,6779,0.4539017554211536,3076,9,0,3067,0.997074122236671,3067,0.997074122236671
enzyme,D02115,23678981,hsa:1719,P00374,-9.9032,320,6562,0.0487656202377324,319,0,0,319,1.0,319,1.0
enzyme,D02168,60699,hsa:7150,P11387,-8.3657,1563,7381,0.21175992412952174,1562,2,0,1560,0.998719590268886,1560,0.998719590268886
enzyme,D02168,60699,hsa:7156,Q13472,-9.0842,628,7381,0.0850833220430836,627,0,0,627,1.0,627,1.0
enzyme,D02168,60699,hsa:8940,O95985,-8.4809,1393,7381,0.18872781465926025,1392,1,0,1391,0.9992816091954023,1391,0.9992816091954023
enzyme,D02173,121587,hsa:43,P22303,-7.3043,2254,7401,0.3045534387244967,2253,0,0,2253,1.0,2253,1.0
enzyme,D02176,10917,hsa:1374,P50416,-3.4757,6650,7482,0.8887997861534349,6649,0,0,6649,1.0,6649,1.0
enzyme,D02193,10547,hsa:43,P22303,-1.0664,2299,7336,0.31338604143947657,2298,1,0,2297,0.9995648389904265,2297,0.9995648389904265
enzyme,D02193,10547,hsa:590,P06276,-1.1846,837,7336,0.1140948745910578,836,0,0,836,1.0,836,1.0
enzyme,D02214,65348,hsa:7153,P11388,-9.6885,482,6951,0.0693425406416343,481,0,0,481,1.0,481,1.0
enzyme,D02214,65348,hsa:7155,Q02880,-8.4667,1975,6951,0.28413177960005753,1974,1,0,1973,0.9994934143870314,1973,0.9994934143870314
enzyme,D02229,135413523,hsa:10846,Q9Y233,-9.8947,888,7094,0.12517620524386805,887,1,0,886,0.9988726042841037,886,0.9988726042841037
enzyme,D02229,135413523,hsa:5140,Q13370,-8.8086,2946,7094,0.41528051874823796,2945,6,0,2939,0.9979626485568761,2939,0.9979626485568761
enzyme,D02229,135413523,hsa:5141,P27815,-9.5695,1328,7094,0.1872004510854243,1327,3,0,1324,0.9977392614920875,1324,0.9977392614920875
enzyme,D02229,135413523,hsa:5142,Q07343,-8.7404,3110,7094,0.4383986467437271,3109,7,0,3102,0.997748472177549,3102,0.997748472177549
enzyme,D02229,135413523,hsa:5143,Q08493,-8.6891,3249,7094,0.4579926698618551,3248,9,0,3239,0.9972290640394089,3239,0.9972290640394089
enzyme,D02229,135413523,hsa:5144,Q08499,-8.4605,3904,7094,0.5503242176487172,3903,10,0,3893,0.997437868306431,3893,0.997437868306431
enzyme,D02229,135413523,hsa:5147,O43924,-11.7976,38,7094,0.0053566394135889485,37,0,0,37,1.0,37,1.0
enzyme,D02229,135413523,hsa:5148,P18545,-5.8407,6860,7094,0.9670143783478996,6859,11,0,6848,0.998396267677504,6848,0.998396267677504
enzyme,D02229,135413523,hsa:5150,Q13946,-8.7114,3191,7094,0.4498167465463772,3190,8,0,3182,0.9974921630094044,3182,0.9974921630094044
enzyme,D02229,135413523,hsa:5151,O60658,-9.69,1142,7094,0.16098111079785735,1141,2,0,1139,0.9982471516213848,1139,0.9982471516213848
enzyme,D02229,135413523,hsa:5152,O76083,-9.5576,1356,7094,0.19114744854806878,1355,4,0,1351,0.9970479704797048,1351,0.9970479704797048
enzyme,D02229,135413523,hsa:8654,O76074,-8.9884,2488,7094,0.3507189173949817,2487,5,0,2482,0.997989545637314,2482,0.997989545637314
enzyme,D02289,247839,hsa:5321,P47712,-8.8759,789,7532,0.104753053637812,788,0,0,788,1.0,788,1.0
enzyme,D02304,5962,hsa:3735,Q15046,-5.1093,777,7479,0.10389089450461292,776,0,0,776,1.0,776,1.0
enzyme,D02308,444972,hsa:4200,P23368,-4.7658,1529,7545,0.20265076209410204,1528,0,0,1528,1.0,1528,1.0
enzyme,D02315,445639,hsa:2638,P02774,-4.9161,3781,7534,0.5018582426333953,3780,0,0,3780,1.0,3780,1.0
enzyme,D02321,2179,hsa:7153,P11388,-9.1846,699,7385,0.0946513202437373,698,0,0,698,1.0,698,1.0
enzyme,D02321,2179,hsa:7155,Q02880,-8.3476,1818,7385,0.24617467840216656,1817,1,0,1816,0.9994496422674739,1816,0.9994496422674739
enzyme,D02323,53359,hsa:10327,P14550,-6.7112,3290,7319,0.4495149610602541,3289,1,0,3288,0.9996959562176954,3288,0.9996959562176954
enzyme,D02323,53359,hsa:231,P15121,-7.38,1603,7319,0.21901899166552807,1602,0,0,1602,1.0,1602,1.0
enzyme,D02328,1613,hsa:231,P15121,-10.4007,162,7217,0.02244700013856173,161,0,0,161,1.0,161,1.0
enzyme,D02335,4055,hsa:10901,Q9BTZ2,-8.0632,203,7582,0.026773938274861513,202,1,0,201,0.995049504950495,201,0.995049504950495
enzyme,D02335,4055,hsa:2147,P00734,-7.0123,1467,7582,0.19348456871537853,1466,3,0,1463,0.9979536152796725,1463,0.9979536152796725
enzyme,D02335,4055,hsa:2155,P08709,-6.0242,4169,7582,0.5498549195462938,4168,5,0,4163,0.9988003838771593,4163,0.9988003838771593
enzyme,D02335,4055,hsa:2158,P00740,-4.3376,7239,7582,0.9547612767079926,7238,6,0,7232,0.9991710417242332,7232,0.9991710417242332
enzyme,D02335,4055,hsa:2159,P00742,-7.2135,1086,7582,0.14323397520443154,1085,2,0,1083,0.9981566820276497,1083,0.9981566820276497
enzyme,D02335,4055,hsa:5624,P04070,-6.8433,1859,7582,0.24518596676338697,1858,4,0,1854,0.9978471474703983,1854,0.9978471474703983
enzyme,D02335,4055,hsa:79001,Q9BQB6,-8.0851,191,7582,0.02519124241624901,190,0,0,190,1.0,190,1.0
enzyme,D02341,4037,hsa:5742,P23219,-6.9438,2507,7409,0.33837224996625725,2506,1,0,2505,0.9996009577015164,2505,0.9996009577015164
enzyme,D02341,4037,hsa:5743,P35354,-8.5982,173,7409,0.023349979754352813,172,0,0,172,1.0,172,1.0
enzyme,D02342,2405,hsa:1565,P10635,-6.7832,719,7471,0.09623878998795342,718,0,0,718,1.0,718,1.0
enzyme,D02350,3342,hsa:5742,P23219,-8.065,744,7534,0.09875232280329174,743,1,0,742,0.9986541049798116,742,0.9986541049798116
enzyme,D02350,3342,hsa:5743,P35354,-8.1118,682,7534,0.0905229625696841,681,0,0,681,1.0,681,1.0
enzyme,D02355,5509,hsa:5742,P23219,-7.0087,2515,7475,0.33645484949832777,2514,1,0,2513,0.9996022275258553,2513,0.9996022275258553
enzyme,D02355,5509,hsa:5743,P35354,-7.9136,728,7475,0.09739130434782609,727,0,0,727,1.0,727,1.0
enzyme,D02356,2520,hsa:1558,P10632,-8.9414,35,7454,0.004695465521867454,34,0,0,34,1.0,34,1.0
enzyme,D02356,2520,hsa:1576,P08684,-7.4208,753,7454,0.10101958679903407,752,1,0,751,0.9986702127659575,751,0.9986702127659575
enzyme,D02356,2520,hsa:759,P00915,-6.5738,2265,7454,0.30386369734370805,2264,2,0,2262,0.9991166077738516,2262,0.9991166077738516
enzyme,D02368,60750,hsa:1633,P27707,-6.2077,2903,7249,0.4004690302110636,2902,2,0,2900,0.9993108201240524,2900,0.9993108201240524
enzyme,D02368,60750,hsa:51727,P30085,-5.3903,5373,7249,0.7412056835425576,5372,3,0,5369,0.9994415487714073,5369,0.9994415487714073
enzyme,D02368,60750,hsa:6240,P23921,-7.1059,734,7249,0.10125534556490551,733,0,0,733,1.0,733,1.0
enzyme,D02368,60750,hsa:7298,P04818,-6.4218,2257,7249,0.31135329010898055,2256,1,0,2255,0.9995567375886525,2255,0.9995567375886525
enzyme,D02375,1549008,hsa:6713,Q14534,-9.2305,174,7581,0.02295211713494262,173,0,0,173,1.0,173,1.0
enzyme,D02418,657348,hsa:43,P22303,-10.2393,266,7049,0.03773584905660377,265,0,0,265,1.0,265,1.0
enzyme,D02441,3295,hsa:759,P00915,-6.8774,685,7412,0.09241770102536427,684,0,0,684,1.0,684,1.0
enzyme,D02451,59694,hsa:1543,P04798,-7.3098,1532,7541,0.20315608009547806,1531,10,0,1521,0.9934683213585892,1521,0.9934683213585892
enzyme,D02451,59694,hsa:1544,P05177,-7.5064,1188,7541,0.1575387879591566,1187,7,0,1180,0.9941027801179444,1180,0.9941027801179444
enzyme,D02451,59694,hsa:1545,Q16678,-7.7039,864,7541,0.11457366397029571,863,5,0,858,0.9942062572421785,858,0.9942062572421785
enzyme,D02451,59694,hsa:1548,P11509,-7.8732,670,7541,0.0888476329399284,669,3,0,666,0.9955156950672646,666,0.9955156950672646
enzyme,D02451,59694,hsa:1551,P24462,-7.244,1682,7541,0.22304734120143216,1681,12,0,1669,0.9928613920285544,1669,0.9928613920285544
enzyme,D02451,59694,hsa:1553,Q16696,-8.0865,472,7541,0.06259116828006896,471,1,0,470,0.9978768577494692,470,0.9978768577494692
enzyme,D02451,59694,hsa:1555,P20813,-8.0966,467,7541,0.06192812624320382,466,0,0,466,1.0,466,1.0
enzyme,D02451,59694,hsa:1557,P33261,-7.9402,589,7541,0.07810635194271316,588,2,0,586,0.9965986394557823,586,0.9965986394557823
enzyme,D02451,59694,hsa:1558,P10632,-7.8269,735,7541,0.09746717941917518,734,4,0,730,0.9945504087193461,730,0.9945504087193461
enzyme,D02451,59694,hsa:1559,P11712,-7.1336,1917,7541,0.2542103169340936,1916,13,0,1903,0.9932150313152401,1903,0.9932150313152401
enzyme,D02451,59694,hsa:1562,P33260,-4.0323,7347,7541,0.9742739689696327,7346,15,0,7331,0.9979580724203648,7331,0.9979580724203648
enzyme,D02451,59694,hsa:1565,P10635,-7.4146,1331,7541,0.17650179021349954,1330,9,0,1321,0.9932330827067669,1321,0.9932330827067669
enzyme,D02451,59694,hsa:1571,P05181,-7.4953,1207,7541,0.16005834769924412,1206,8,0,1198,0.9933665008291874,1198,0.9933665008291874
enzyme,D02451,59694,hsa:1576,P08684,-7.1061,1985,7541,0.2632276886354595,1984,14,0,1970,0.9929435483870968,1970,0.9929435483870968
enzyme,D02451,59694,hsa:1577,P20815,-7.2986,1555,7541,0.20620607346505768,1554,11,0,1543,0.9929214929214929,1543,0.9929214929214929
enzyme,D02451,59694,hsa:1588,P11511,-7.5237,1161,7541,0.15395836096008486,1160,6,0,1154,0.9948275862068966,1154,0.9948275862068966
enzyme,D02487,9570076,hsa:1719,P00374,-7.5504,437,6811,0.06416091616502716,436,0,0,436,1.0,436,1.0
enzyme,D02556,467825,hsa:1595,Q16850,-8.4743,900,7292,0.12342292923752057,899,0,0,899,1.0,899,1.0
enzyme,D02558,6918078,hsa:43,P22303,-6.704,2609,7454,0.35001341561577676,2608,0,0,2608,1.0,2608,1.0
enzyme,D02559,34521,hsa:4128,P21397,-7.4115,449,7478,0.06004279219042525,448,1,0,447,0.9977678571428571,447,0.9977678571428571
enzyme,D02559,34521,hsa:4129,P27338,-8.2287,40,7478,0.005349023803155924,39,0,0,39,1.0,39,1.0
enzyme,D02560,44571,hsa:4128,P21397,-8.7793,42,7476,0.0056179775280898875,41,1,0,40,0.975609756097561,40,0.975609756097561
enzyme,D02560,44571,hsa:4129,P27338,-8.991,23,7476,0.0030765115034777956,22,0,0,22,1.0,22,1.0
enzyme,D02561,4235,hsa:4128,P21397,-8.9079,5,7411,0.0006746727836999055,4,1,0,3,0.75,3,0.75
enzyme,D02561,4235,hsa:4129,P27338,-8.9473,2,7411,0.00026986911347996224,1,0,0,1,1.0,1,1.0
enzyme,D02562,3052775,hsa:4128,P21397,-9.038,354,7409,0.0477797273586179,353,0,0,353,1.0,353,1.0
enzyme,D02562,3052775,hsa:4129,P27338,-8.9322,431,7409,0.05817249291402349,430,1,0,429,0.9976744186046511,429,0.9976744186046511
enzyme,D02563,60824,hsa:4128,P21397,-9.1257,10,7400,0.0013513513513513514,9,1,0,8,0.8888888888888888,8,0.8888888888888888
enzyme,D02563,60824,hsa:4129,P27338,-9.3747,3,7400,0.0004054054054054054,2,0,0,2,1.0,2,1.0
enzyme,D02564,9373,hsa:4128,P21397,-6.7362,198,7577,0.02613171439883859,197,1,0,196,0.9949238578680203,196,0.9949238578680203
enzyme,D02564,9373,hsa:4129,P27338,-6.7502,190,7577,0.02507588755444107,189,0,0,189,1.0,189,1.0
enzyme,D02566,4011,hsa:50484,Q7LG56,-7.205,2703,7581,0.3565492679066086,2702,0,0,2702,1.0,2702,1.0
enzyme,D02579,3748,hsa:4128,P21397,-6.9909,121,7417,0.016313873533773764,120,1,0,119,0.9916666666666667,119,0.9916666666666667
enzyme,D02579,3748,hsa:4129,P27338,-7.1206,66,7417,0.008898476472967508,65,0,0,65,1.0,65,1.0
enzyme,D02580,3759,hsa:4128,P21397,-9.2234,32,7410,0.004318488529014845,31,1,0,30,0.967741935483871,30,0.967741935483871
enzyme,D02580,3759,hsa:4129,P27338,-9.2767,26,7410,0.0035087719298245615,25,0,0,25,1.0,25,1.0
enzyme,D02581,52542,hsa:4128,P21397,-9.6791,70,7471,0.009369562307589346,69,1,0,68,0.9855072463768116,68,0.9855072463768116
enzyme,D02581,52542,hsa:4129,P27338,-10.5043,5,7471,0.0006692544505420961,4,0,0,4,1.0,4,1.0
enzyme,D02655,37274,hsa:10846,Q9Y233,-7.0941,2091,7032,0.29735494880546076,2090,9,0,2081,0.9956937799043062,2081,0.9956937799043062
enzyme,D02655,37274,hsa:5140,Q13370,-7.682,1011,7032,0.14377133105802048,1010,5,0,1005,0.995049504950495,1005,0.995049504950495
enzyme,D02655,37274,hsa:5141,P27815,-8.2581,333,7032,0.04735494880546075,332,0,0,332,1.0,332,1.0
enzyme,D02655,37274,hsa:5142,Q07343,-8.2326,355,7032,0.050483503981797496,354,1,0,353,0.9971751412429378,353,0.9971751412429378
enzyme,D02655,37274,hsa:5143,Q08493,-7.188,1887,7032,0.26834470989761094,1886,7,0,1879,0.996288441145281,1879,0.996288441145281
enzyme,D02655,37274,hsa:5144,Q08499,-8.0011,563,7032,0.08006257110352674,562,2,0,560,0.99644128113879,560,0.99644128113879
enzyme,D02655,37274,hsa:5147,O43924,-7.1788,1914,7032,0.2721843003412969,1913,8,0,1905,0.9958180867746994,1905,0.9958180867746994
enzyme,D02655,37274,hsa:5148,P18545,-4.472,6737,7032,0.9580489192263937,6736,10,0,6726,0.9985154394299287,6726,0.9985154394299287
enzyme,D02655,37274,hsa:5150,Q13946,-7.7048,973,7032,0.1383674630261661,972,4,0,968,0.9958847736625515,968,0.9958847736625515
enzyme,D02655,37274,hsa:5152,O76083,-7.4206,1432,7032,0.2036405005688282,1431,6,0,1425,0.9958071278825996,1425,0.9958071278825996
enzyme,D02655,37274,hsa:8654,O76074,-7.928,637,7032,0.0905858930602958,636,3,0,633,0.9952830188679245,633,0.9952830188679245
enzyme,D02671,4078,hsa:1565,P10635,-8.2217,849,7466,0.11371551031342084,848,0,0,848,1.0,848,1.0
enzyme,D02709,119607,hsa:5742,P23219,-7.885,1466,7403,0.1980278265568013,1465,1,0,1464,0.9993174061433447,1464,0.9993174061433447
enzyme,D02709,119607,hsa:5743,P35354,-8.2573,943,7403,0.12738079157098472,942,0,0,942,1.0,942,1.0
enzyme,D02729,129791,hsa:43,P22303,-8.1198,276,7460,0.036997319034852545,275,0,0,275,1.0,275,1.0
enzyme,D02729,129791,hsa:590,P06276,-7.5603,826,7460,0.11072386058981233,825,1,0,824,0.9987878787878788,824,0.9987878787878788
enzyme,D02769,6083,hsa:132,P55263,-8.1427,515,7304,0.07050930996714129,514,2,0,512,0.9961089494163424,512,0.9961089494163424
enzyme,D02769,6083,hsa:353,P07741,-7.1308,2157,7304,0.29531763417305584,2156,4,0,2152,0.9981447124304267,2152,0.9981447124304267
enzyme,D02769,6083,hsa:5562,Q13131,-6.9437,2598,7304,0.35569550930996713,2597,5,0,2592,0.9980747015787447,2592,0.9980747015787447
enzyme,D02769,6083,hsa:5834,P11216,-8.0864,569,7304,0.07790251916757941,568,3,0,565,0.9947183098591549,565,0.9947183098591549
enzyme,D02769,6083,hsa:5836,P06737,-8.7988,132,7304,0.018072289156626505,131,0,0,131,1.0,131,1.0
enzyme,D02769,6083,hsa:5837,P11217,-8.6413,174,7304,0.023822562979189485,173,1,0,172,0.9942196531791907,172,0.9942196531791907
enzyme,D02769,6083,hsa:84532,Q9NUB1,-3.72,7205,7304,0.9864457831325302,7204,6,0,7198,0.9991671293725708,7198,0.9991671293725708
enzyme,D02835,23683779,hsa:231,P15121,-1.3513,1628,7623,0.21356421356421357,1627,0,0,1627,1.0,1627,1.0
enzyme,D03012,166558,hsa:6646,P35610,-8.9529,245,7448,0.03289473684210526,244,1,1,243,0.9959016393442623,243,0.9959016393442623
enzyme,D03012,166558,hsa:8435,O75908,-10.5743,5,7448,0.0006713211600429646,4,0,0,4,1.0,4,1.0
enzyme,D03034,2266,hsa:6716,P31213,-5.524,1427,7544,0.18915694591728527,1426,0,0,1426,1.0,1426,1.0
enzyme,D03034,2266,hsa:7299,P14679,-2.639,7463,7544,0.9892629904559915,7462,1,0,7461,0.9998659876708658,7461,0.9998659876708658
enzyme,D03077,5463984,hsa:1636,P12821,-7.5491,2434,7383,0.3296762833536503,2433,0,0,2433,1.0,2433,1.0
enzyme,D03208,5493444,hsa:5972,P00797,-7.4931,1043,7331,0.1422725412631292,1042,0,0,1042,1.0,1042,1.0
enzyme,D03217,6450551,hsa:10846,Q9Y233,-9.2417,928,7386,0.1256431085838072,927,7,0,920,0.9924487594390508,920,0.9924487594390508
enzyme,D03217,6450551,hsa:5138,O00408,-8.1037,2977,7386,0.40305984294611424,2976,11,0,2965,0.9963037634408602,2965,0.9963037634408602
enzyme,D03217,6450551,hsa:5140,Q13370,-9.4736,674,7386,0.09125372326022205,673,4,0,669,0.9940564635958395,669,0.9940564635958395
enzyme,D03217,6450551,hsa:5141,P27815,-9.5431,609,7386,0.08245329000812347,608,3,0,605,0.9950657894736842,605,0.9950657894736842
enzyme,D03217,6450551,hsa:5142,Q07343,-10.827,56,7386,0.007581911724884917,55,0,0,55,1.0,55,1.0
enzyme,D03217,6450551,hsa:5143,Q08493,-8.8597,1473,7386,0.19943135662063363,1472,9,0,1463,0.9938858695652174,1463,0.9938858695652174
enzyme,D03217,6450551,hsa:5144,Q08499,-10.4819,114,7386,0.015434606011372868,113,1,0,112,0.9911504424778761,112,0.9911504424778761
enzyme,D03217,6450551,hsa:5147,O43924,-9.3178,808,7386,0.10939615488762523,807,6,0,801,0.9925650557620818,801,0.9925650557620818
enzyme,D03217,6450551,hsa:5148,P18545,-5.5625,7088,7386,0.9596533983211482,7087,12,0,7075,0.9983067588542401,7075,0.9983067588542401
enzyme,D03217,6450551,hsa:5150,Q13946,-8.6856,1755,7386,0.23761169780666125,1754,10,0,1744,0.9942987457240593,1744,0.9942987457240593
enzyme,D03217,6450551,hsa:5151,O60658,-9.7491,474,7386,0.06417546709991877,473,2,0,471,0.9957716701902748,471,0.9957716701902748
enzyme,D03217,6450551,hsa:5152,O76083,-9.401,736,7386,0.09964798266991606,735,5,0,730,0.9931972789115646,730,0.9931972789115646
enzyme,D03217,6450551,hsa:8654,O76074,-9.1006,1111,7386,0.1504197129704847,1110,8,0,1102,0.9927927927927928,1102,0.9927927927927928
enzyme,D03218,5328940,hsa:10461,Q12866,-7.7378,1912,7271,0.2629624535827259,1911,21,0,1890,0.989010989010989,1890,0.989010989010989
enzyme,D03218,5328940,hsa:1436,P07333,-8.6509,643,7271,0.08843350295695228,642,5,0,637,0.9922118380062306,637,0.9922118380062306
enzyme,D03218,5328940,hsa:1956,P00533,-6.0049,6016,7271,0.8273965066703342,6015,42,0,5973,0.9930174563591022,5973,0.9930174563591022
enzyme,D03218,5328940,hsa:2041,P21709,-5.6838,6465,7271,0.8891486728097924,6464,43,0,6421,0.9933477722772277,6421,0.9933477722772277
enzyme,D03218,5328940,hsa:2042,P29320,-8.3721,943,7271,0.12969330215926284,942,9,0,933,0.9904458598726115,933,0.9904458598726115
enzyme,D03218,5328940,hsa:2043,P54764,-6.9709,3663,7271,0.5037821482602118,3662,30,0,3632,0.991807755324959,3632,0.991807755324959
enzyme,D03218,5328940,hsa:2044,P54756,-7.705,1981,7271,0.27245220739925735,1980,23,0,1957,0.9883838383838384,1957,0.9883838383838384
enzyme,D03218,5328940,hsa:2045,Q15375,-8.1389,1225,7271,0.16847751340943473,1224,15,0,1209,0.9877450980392157,1209,0.9877450980392157
enzyme,D03218,5328940,hsa:2046,P29322,-6.8928,3877,7271,0.53321413835786,3876,33,0,3843,0.9914860681114551,3843,0.9914860681114551
enzyme,D03218,5328940,hsa:2047,P54762,-8.2424,1092,7271,0.1501856690964104,1091,12,0,1079,0.9890009165902841,1079,0.9890009165902841
enzyme,D03218,5328940,hsa:2048,P29323,-8.2519,1082,7271,0.14881034245633337,1081,11,0,1070,0.9898242368177613,1070,0.9898242368177613
enzyme,D03218,5328940,hsa:2049,P54753,-9.2896,202,7271,0.02778159812955577,201,1,0,200,0.9950248756218906,200,0.9950248756218906
enzyme,D03218,5328940,hsa:2050,P54760,-7.956,1520,7271,0.20904964929170677,1519,16,0,1503,0.989466754443713,1503,0.989466754443713
enzyme,D03218,5328940,hsa:2064,P04626,-7.8503,1701,7271,0.2339430614771008,1700,17,0,1683,0.99,1683,0.99
enzyme,D03218,5328940,hsa:2065,P21860,-7.5126,2364,7271,0.3251272177142071,2363,25,0,2338,0.9894202285230639,2338,0.9894202285230639
enzyme,D03218,5328940,hsa:2066,Q15303,-7.1737,3163,7271,0.4350158162563609,3162,26,0,3136,0.9917773561037319,3136,0.9917773561037319
enzyme,D03218,5328940,hsa:2260,P11362,-8.1963,1139,7271,0.15664970430477237,1138,13,0,1125,0.9885764499121266,1125,0.9885764499121266
enzyme,D03218,5328940,hsa:2261,P22607,-7.8035,1782,7271,0.24508320726172467,1781,19,0,1762,0.9893318360471645,1762,0.9893318360471645
enzyme,D03218,5328940,hsa:2263,P21802,-8.7083,596,7271,0.08196946774859029,595,3,0,592,0.9949579831932773,592,0.9949579831932773
enzyme,D03218,5328940,hsa:2264,P22455,-8.1763,1164,7271,0.16008802090496493,1163,14,0,1149,0.9879621668099742,1149,0.9879621668099742
enzyme,D03218,5328940,hsa:2322,P36888,-6.9603,3693,7271,0.5079081281804428,3692,31,0,3661,0.9916034669555797,3661,0.9916034669555797
enzyme,D03218,5328940,hsa:2324,P35916,-6.7207,4347,7271,0.5978544904414799,4346,36,0,4310,0.9917165209387943,4310,0.9917165209387943
enzyme,D03218,5328940,hsa:238,Q9UM73,-6.7613,4251,7271,0.5846513546967405,4250,35,0,4215,0.991764705882353,4215,0.991764705882353
enzyme,D03218,5328940,hsa:3791,P35968,-7.7143,1966,7271,0.2703892174391418,1965,22,0,1943,0.9888040712468193,1943,0.9888040712468193
enzyme,D03218,5328940,hsa:3815,P10721,-8.5879,709,7271,0.09751065878146059,708,7,0,701,0.9901129943502824,701,0.9901129943502824
enzyme,D03218,5328940,hsa:4058,P29376,-6.8003,4135,7271,0.568697565671847,4134,34,0,4100,0.9917755200774069,4100,0.9917755200774069
enzyme,D03218,5328940,hsa:4233,P08581,-7.7492,1884,7271,0.25911153899051026,1883,20,0,1863,0.9893786510886883,1863,0.9893786510886883
enzyme,D03218,5328940,hsa:4486,Q04912,-7.1142,3326,7271,0.45743364048961627,3325,28,0,3297,0.991578947368421,3297,0.991578947368421
enzyme,D03218,5328940,hsa:4914,P04629,-6.4252,5133,7271,0.7059551643515335,5132,39,0,5093,0.9924006235385815,5093,0.9924006235385815
enzyme,D03218,5328940,hsa:4915,Q16620,-8.7764,519,7271,0.07137945261999724,518,2,0,516,0.9961389961389961,516,0.9961389961389961
enzyme,D03218,5328940,hsa:4916,Q16288,-8.7038,599,7271,0.0823820657406134,598,4,0,594,0.9933110367892977,594,0.9933110367892977
enzyme,D03218,5328940,hsa:4919,Q01973,-8.3076,1018,7271,0.14000825195984046,1017,10,0,1007,0.9901671583087512,1007,0.9901671583087512
enzyme,D03218,5328940,hsa:4920,Q01974,-6.6069,4658,7271,0.6406271489478751,4657,38,0,4619,0.9918402404981748,4619,0.9918402404981748
enzyme,D03218,5328940,hsa:4921,Q16832,-9.6511,96,7271,0.013203135744739376,95,0,0,95,1.0,95,1.0
enzyme,D03218,5328940,hsa:5156,P16234,-8.5125,777,7271,0.10686287993398431,776,8,0,768,0.9896907216494846,768,0.9896907216494846
enzyme,D03218,5328940,hsa:5159,P09619,-6.9116,3820,7271,0.525374776509421,3819,32,0,3787,0.9916208431526577,3787,0.9916208431526577
enzyme,D03218,5328940,hsa:558,P30530,-7.552,2281,7271,0.3137120066015679,2280,24,0,2256,0.9894736842105263,2256,0.9894736842105263
enzyme,D03218,5328940,hsa:5754,Q13308,-8.6424,652,7271,0.08967129693302159,651,6,0,645,0.9907834101382489,645,0.9907834101382489
enzyme,D03218,5328940,hsa:6098,P08922,-7.8117,1767,7271,0.24302021730160914,1766,18,0,1748,0.9898074745186863,1748,0.9898074745186863
enzyme,D03218,5328940,hsa:6259,P34925,-7.071,3434,7271,0.4722871682024481,3433,29,0,3404,0.9915525779201865,3404,0.9915525779201865
enzyme,D03218,5328940,hsa:7010,Q02763,-7.1666,3187,7271,0.4383166001925457,3186,27,0,3159,0.9915254237288136,3159,0.9915254237288136
enzyme,D03218,5328940,hsa:7075,P35590,-6.164,5735,7271,0.7887498280841699,5734,40,0,5694,0.9930240669689571,5694,0.9930240669689571
enzyme,D03218,5328940,hsa:7301,Q06418,-6.0263,5986,7271,0.8232705267501031,5985,41,0,5944,0.9931495405179616,5944,0.9931495405179616
enzyme,D03218,5328940,hsa:780,Q08345,-6.7151,4361,7271,0.5997799477375877,4360,37,0,4323,0.9915137614678899,4323,0.9915137614678899
enzyme,D03260,6431825,hsa:10846,Q9Y233,-11.6578,753,7260,0.10371900826446281,752,1,0,751,0.9986702127659575,751,0.9986702127659575
enzyme,D03260,6431825,hsa:5140,Q13370,-10.6368,1951,7260,0.268732782369146,1950,6,0,1944,0.9969230769230769,1944,0.9969230769230769
enzyme,D03260,6431825,hsa:5141,P27815,-11.4249,952,7260,0.13112947658402205,951,2,0,949,0.9978969505783386,949,0.9978969505783386
enzyme,D03260,6431825,hsa:5142,Q07343,-10.3278,2490,7260,0.34297520661157027,2489,7,0,2482,0.9971876255524307,2482,0.9971876255524307
enzyme,D03260,6431825,hsa:5143,Q08493,-9.9688,3213,7260,0.4425619834710744,3212,9,0,3203,0.9971980074719801,3203,0.9971980074719801
enzyme,D03260,6431825,hsa:5144,Q08499,-9.5432,4153,7260,0.572038567493113,4152,10,0,4142,0.9975915221579962,4142,0.9975915221579962
enzyme,D03260,6431825,hsa:5147,O43924,-11.2283,1159,7260,0.15964187327823692,1158,4,0,1154,0.9965457685664939,1154,0.9965457685664939
enzyme,D03260,6431825,hsa:5148,P18545,-5.8367,7092,7260,0.9768595041322314,7091,11,0,7080,0.9984487378366944,7080,0.9984487378366944
enzyme,D03260,6431825,hsa:5150,Q13946,-12.5448,260,7260,0.03581267217630854,259,0,0,259,1.0,259,1.0
enzyme,D03260,6431825,hsa:5151,O60658,-10.2717,2584,7260,0.3559228650137741,2583,8,0,2575,0.9969028261711188,2575,0.9969028261711188
enzyme,D03260,6431825,hsa:5152,O76083,-10.7046,1853,7260,0.25523415977961433,1852,5,0,1847,0.9973002159827213,1847,0.9973002159827213
enzyme,D03260,6431825,hsa:8654,O76074,-11.3252,1051,7260,0.1447658402203857,1050,3,0,1047,0.9971428571428571,1047,0.9971428571428571
enzyme,D03350,89594,hsa:10461,Q12866,-5.4921,2503,7544,0.3317868504772004,2502,20,0,2482,0.9920063948840927,2482,0.9920063948840927
enzyme,D03350,89594,hsa:1436,P07333,-6.4202,348,7544,0.04612937433722163,347,1,0,346,0.9971181556195965,346,0.9971181556195965
enzyme,D03350,89594,hsa:1956,P00533,-5.0015,4288,7544,0.5683987274655355,4287,38,0,4249,0.9911359925355726,4249,0.9911359925355726
enzyme,D03350,89594,hsa:1969,P29317,-4.7625,5146,7544,0.6821314952279958,5145,43,0,5102,0.991642371234208,5102,0.991642371234208
enzyme,D03350,89594,hsa:2041,P21709,-4.1805,6672,7544,0.8844114528101803,6671,48,0,6623,0.992804676959976,6623,0.992804676959976
enzyme,D03350,89594,hsa:2042,P29320,-4.9924,4331,7544,0.5740986214209968,4330,39,0,4291,0.9909930715935334,4291,0.9909930715935334
enzyme,D03350,89594,hsa:2043,P54764,-5.2801,3255,7544,0.4314687168610817,3254,24,0,3230,0.9926244622003688,3230,0.9926244622003688
enzyme,D03350,89594,hsa:2044,P54756,-4.9313,4572,7544,0.6060445387062566,4571,42,0,4529,0.9908116385911179,4529,0.9908116385911179
enzyme,D03350,89594,hsa:2045,Q15375,-5.1068,3883,7544,0.5147136797454931,3882,33,0,3849,0.991499227202473,3849,0.991499227202473
enzyme,D03350,89594,hsa:2046,P29322,-5.5047,2454,7544,0.3252916224814422,2453,19,0,2434,0.9922543823889115,2434,0.9922543823889115
enzyme,D03350,89594,hsa:2047,P54762,-6.0581,879,7544,0.11651643690349947,878,3,0,875,0.9965831435079726,875,0.9965831435079726
enzyme,D03350,89594,hsa:2048,P29323,-5.0696,4038,7544,0.5352598091198303,4037,35,0,4002,0.9913301956898687,4002,0.9913301956898687
enzyme,D03350,89594,hsa:2049,P54753,-5.6123,2104,7544,0.2788971367974549,2103,14,0,2089,0.9933428435568236,2089,0.9933428435568236
enzyme,D03350,89594,hsa:2050,P54760,-5.072,4023,7544,0.533271474019088,4022,34,0,3988,0.991546494281452,3988,0.991546494281452
enzyme,D03350,89594,hsa:2064,P04626,-5.3721,2942,7544,0.38997879109225875,2941,23,0,2918,0.9921795307718463,2918,0.9921795307718463
enzyme,D03350,89594,hsa:2065,P21860,-5.058,4075,7544,0.5401643690349947,4074,36,0,4038,0.9911634756995582,4038,0.9911634756995582
enzyme,D03350,89594,hsa:2066,Q15303,-4.9598,4457,7544,0.5908006362672322,4456,41,0,4415,0.9907989228007181,4415,0.9907989228007181
enzyme,D03350,89594,hsa:2260,P11362,-5.6916,1843,7544,0.2443001060445387,1842,10,0,1832,0.99457111834962,1832,0.99457111834962
enzyme,D03350,89594,hsa:2261,P22607,-5.6711,1912,7544,0.25344644750795337,1911,12,0,1899,0.9937205651491365,1899,0.9937205651491365
enzyme,D03350,89594,hsa:2263,P21802,-6.0222,959,7544,0.12712089077412514,958,5,0,953,0.9947807933194155,953,0.9947807933194155
enzyme,D03350,89594,hsa:2264,P22455,-5.9976,1016,7544,0.13467656415694593,1015,6,0,1009,0.994088669950739,1009,0.994088669950739
enzyme,D03350,89594,hsa:2322,P36888,-5.572,2244,7544,0.29745493107104987,2243,18,0,2225,0.9919750334373607,2225,0.9919750334373607
enzyme,D03350,89594,hsa:2324,P35916,-4.5291,5872,7544,0.7783669141039237,5871,44,0,5827,0.9925055356838699,5827,0.9925055356838699
enzyme,D03350,89594,hsa:238,Q9UM73,-5.1644,3667,7544,0.4860816542948038,3666,30,0,3636,0.9918166939443536,3636,0.9918166939443536
enzyme,D03350,89594,hsa:3480,P08069,-5.2464,3374,7544,0.44724284199363734,3373,28,0,3345,0.991698784464868,3345,0.991698784464868
enzyme,D03350,89594,hsa:3643,P06213,-5.2731,3277,7544,0.43438494167550373,3276,25,0,3251,0.9923687423687424,3251,0.9923687423687424
enzyme,D03350,89594,hsa:3645,P14616,-5.4666,2601,7544,0.34477730646871685,2600,21,0,2579,0.9919230769230769,2579,0.9919230769230769
enzyme,D03350,89594,hsa:3791,P35968,-6.058,880,7544,0.11664899257688228,879,4,0,875,0.9954493742889647,875,0.9954493742889647
enzyme,D03350,89594,hsa:3815,P10721,-6.4344,334,7544,0.04427359490986214,333,0,0,333,1.0,333,1.0
enzyme,D03350,89594,hsa:4058,P29376,-5.0414,4143,7544,0.5491781548250265,4142,37,0,4105,0.9910671173346209,4105,0.9910671173346209
enzyme,D03350,89594,hsa:4233,P08581,-5.1087,3874,7544,0.5135206786850477,3873,32,0,3841,0.991737671056029,3841,0.991737671056029
enzyme,D03350,89594,hsa:4486,Q04912,-5.4106,2811,7544,0.3726139978791092,2810,22,0,2788,0.9921708185053381,2788,0.9921708185053381
enzyme,D03350,89594,hsa:4914,P04629,-5.257,3334,7544,0.4419406150583245,3333,27,0,3306,0.991899189918992,3306,0.991899189918992
enzyme,D03350,89594,hsa:4915,Q16620,-6.2241,576,7544,0.07635206786850478,575,2,0,573,0.9965217391304347,573,0.9965217391304347
enzyme,D03350,89594,hsa:4916,Q16288,-5.8534,1373,7544,0.18199893955461294,1372,8,0,1364,0.9941690962099126,1364,0.9941690962099126
enzyme,D03350,89594,hsa:4919,Q01973,-5.6166,2091,7544,0.27717391304347827,2090,13,0,2077,0.9937799043062201,2077,0.9937799043062201
enzyme,D03350,89594,hsa:4920,Q01974,-5.1637,3668,7544,0.48621420996818665,3667,31,0,3636,0.9915462230706299,3636,0.9915462230706299
enzyme,D03350,89594,hsa:4921,Q16832,-5.6082,2115,7544,0.280355249204666,2114,15,0,2099,0.9929044465468306,2099,0.9929044465468306
enzyme,D03350,89594,hsa:5156,P16234,-5.6005,2143,7544,0.28406680805938495,2142,16,0,2126,0.992530345471522,2126,0.992530345471522
enzyme,D03350,89594,hsa:5159,P09619,-4.4406,6135,7544,0.8132290562036055,6134,45,0,6089,0.9926638408868601,6089,0.9926638408868601
enzyme,D03350,89594,hsa:558,P30530,-5.2694,3288,7544,0.43584305408271473,3287,26,0,3261,0.9920900517188926,3261,0.9920900517188926
enzyme,D03350,89594,hsa:5754,Q13308,-5.6907,1846,7544,0.24469777306468718,1845,11,0,1834,0.9940379403794037,1834,0.9940379403794037
enzyme,D03350,89594,hsa:5979,P07949,-5.9859,1047,7544,0.13878579003181335,1046,7,0,1039,0.9933078393881453,1039,0.9933078393881453
enzyme,D03350,89594,hsa:6098,P08922,-5.1761,3622,7544,0.4801166489925769,3621,29,0,3592,0.991991162662248,3592,0.991991162662248
enzyme,D03350,89594,hsa:6259,P34925,-5.7135,1770,7544,0.2346235418875928,1769,9,0,1760,0.994912379875636,1760,0.994912379875636
enzyme,D03350,89594,hsa:7010,Q02763,-5.5971,2157,7544,0.28592258748674443,2156,17,0,2139,0.9921150278293135,2139,0.9921150278293135
enzyme,D03350,89594,hsa:7075,P35590,-4.2942,6474,7544,0.8581654294803818,6473,46,0,6427,0.9928935578557083,6427,0.9928935578557083
enzyme,D03350,89594,hsa:7301,Q06418,-4.2891,6485,7544,0.8596235418875928,6484,47,0,6437,0.992751388032079,6437,0.992751388032079
enzyme,D03350,89594,hsa:780,Q08345,-4.9692,4430,7544,0.587221633085896,4429,40,0,4389,0.9909686159403929,4389,0.9909686159403929
enzyme,D03433,189729,hsa:2548,P10253,-6.3083,3423,7283,0.46999862693944805,3422,1,0,3421,0.9997077732320281,3421,0.9997077732320281
enzyme,D03433,189729,hsa:8972,O43451,-7.274,1302,7283,0.17877248386653852,1301,0,0,1301,1.0,1301,1.0
enzyme,D03601,6726,hsa:3156,P04035,-6.6671,3098,7581,0.4086532119773117,3097,0,0,3097,1.0,3097,1.0
enzyme,D03643,444031,hsa:3156,P04035,-7.1426,5296,7452,0.7106816961889426,5295,0,0,5295,1.0,5295,1.0
enzyme,D03670,3058754,hsa:10549,Q13162,-6.5744,4690,7219,0.64967447014822,4689,31,0,4658,0.9933887822563446,4658,0.9933887822563446
enzyme,D03670,3058754,hsa:10858,Q9Y6A2,-8.3817,600,7219,0.0831140047097936,599,18,0,581,0.9699499165275459,581,0.9699499165275459
enzyme,D03670,3058754,hsa:10935,P30048,-5.952,6163,7219,0.8537193517107633,6162,34,0,6128,0.9944823109380071,6128,0.9944823109380071
enzyme,D03670,3058754,hsa:1537,P08574,-7.4166,2298,7219,0.31832663803850947,2297,29,0,2268,0.9873748367435786,2268,0.9873748367435786
enzyme,D03670,3058754,hsa:1543,P04798,-9.1062,139,7219,0.01925474442443552,138,4,0,134,0.9710144927536232,134,0.9710144927536232
enzyme,D03670,3058754,hsa:1544,P05177,-8.6988,340,7219,0.04709793600221637,339,11,0,328,0.967551622418879,328,0.967551622418879
enzyme,D03670,3058754,hsa:1545,Q16678,-8.9786,201,7219,0.027843191577780858,200,7,0,193,0.965,193,0.965
enzyme,D03670,3058754,hsa:1548,P11509,-9.2277,103,7219,0.014267904141847901,102,2,0,100,0.9803921568627451,100,0.9803921568627451
enzyme,D03670,3058754,hsa:1551,P24462,-8.0917,962,7219,0.13325945421803573,961,24,0,937,0.9750260145681582,937,0.9750260145681582
enzyme,D03670,3058754,hsa:1553,Q16696,-9.699,39,7219,0.005402410306136584,38,0,0,38,1.0,38,1.0
enzyme,D03670,3058754,hsa:1555,P20813,-7.9978,1105,7219,0.1530682920072032,1104,26,0,1078,0.9764492753623188,1078,0.9764492753623188
enzyme,D03670,3058754,hsa:1557,P33261,-9.0153,181,7219,0.02507272475412107,180,6,0,174,0.9666666666666667,174,0.9666666666666667
enzyme,D03670,3058754,hsa:1558,P10632,-8.5582,443,7219,0.06136584014406427,442,13,0,429,0.9705882352941176,429,0.9705882352941176
enzyme,D03670,3058754,hsa:1559,P11712,-7.9486,1183,7219,0.16387311261947637,1182,27,0,1155,0.9771573604060914,1155,0.9771573604060914
enzyme,D03670,3058754,hsa:1562,P33260,-4.4815,7004,7219,0.9702174816456572,7003,35,0,6968,0.9950021419391689,6968,0.9950021419391689
enzyme,D03670,3058754,hsa:1565,P10635,-8.2375,757,7219,0.10486216927552293,756,21,0,735,0.9722222222222222,735,0.9722222222222222
enzyme,D03670,3058754,hsa:1571,P05181,-9.1261,135,7219,0.01870065105970356,134,3,0,131,0.9776119402985075,131,0.9776119402985075
enzyme,D03670,3058754,hsa:1576,P08684,-8.5038,493,7219,0.06829200720321374,492,15,0,477,0.9695121951219512,477,0.9695121951219512
enzyme,D03670,3058754,hsa:1577,P20815,-8.4531,540,7219,0.07480260423881424,539,16,0,523,0.9703153988868275,523,0.9703153988868275
enzyme,D03670,3058754,hsa:1581,P22680,-8.5173,477,7219,0.0660756337442859,476,14,0,462,0.9705882352941176,462,0.9705882352941176
enzyme,D03670,3058754,hsa:1582,Q9UNU6,-8.3405,645,7219,0.08934755506302812,644,19,0,625,0.9704968944099379,625,0.9704968944099379
enzyme,D03670,3058754,hsa:1583,P05108,-8.9647,205,7219,0.028397284942512813,204,9,0,195,0.9558823529411765,195,0.9558823529411765
enzyme,D03670,3058754,hsa:1584,P15538,-8.2121,796,7219,0.11026457958165951,795,22,0,773,0.9723270440251572,773,0.9723270440251572
enzyme,D03670,3058754,hsa:1585,P19099,-8.567,436,7219,0.06039617675578335,435,12,0,423,0.9724137931034482,423,0.9724137931034482
enzyme,D03670,3058754,hsa:1586,P05093,-8.9133,228,7219,0.03158332178972157,227,10,0,217,0.9559471365638766,217,0.9559471365638766
enzyme,D03670,3058754,hsa:1588,P11511,-9.26,95,7219,0.013159717412383986,94,1,0,93,0.9893617021276596,93,0.9893617021276596
enzyme,D03670,3058754,hsa:1589,P08686,-8.9683,203,7219,0.028120238260146833,202,8,0,194,0.9603960396039604,194,0.9603960396039604
enzyme,D03670,3058754,hsa:1595,Q16850,-8.4445,548,7219,0.07591079096827816,547,17,0,530,0.9689213893967094,530,0.9689213893967094
enzyme,D03670,3058754,hsa:2235,P22830,-8.1092,940,7219,0.13021194071200998,939,23,0,916,0.9755058572949947,916,0.9755058572949947
enzyme,D03670,3058754,hsa:25824,P30044,-6.5252,4839,7219,0.6703144479844854,4838,32,0,4806,0.9933856965688301,4806,0.9933856965688301
enzyme,D03670,3058754,hsa:50484,Q7LG56,-9.0467,163,7219,0.022579304612827263,162,5,0,157,0.9691358024691358,157,0.9691358024691358
enzyme,D03670,3058754,hsa:5052,Q06830,-6.2492,5579,7219,0.7728217204598975,5578,33,0,5545,0.9940839010397992,5545,0.9940839010397992
enzyme,D03670,3058754,hsa:5294,P48736,-8.3317,656,7219,0.09087131181604101,655,20,0,635,0.9694656488549618,635,0.9694656488549618
enzyme,D03670,3058754,hsa:5740,Q16647,-8.0662,1001,7219,0.1386618645241723,1000,25,0,975,0.975,975,0.975
enzyme,D03670,3058754,hsa:6240,P23921,-7.6954,1651,7219,0.2287020362931154,1650,28,0,1622,0.983030303030303,1622,0.983030303030303
enzyme,D03670,3058754,hsa:6241,P31350,-7.2686,2704,7219,0.37456711455880315,2703,30,0,2673,0.9889012208657048,2673,0.9889012208657048
enzyme,D03689,123619,hsa:5742,P23219,-7.3015,2484,7400,0.3356756756756757,2483,1,0,2482,0.999597261377366,2482,0.999597261377366
enzyme,D03689,123619,hsa:5743,P35354,-7.7235,1497,7400,0.20229729729729728,1496,0,0,1496,1.0,1496,1.0
enzyme,D03710,208910,hsa:5742,P23219,-6.8295,2019,7532,0.26805629314922996,2018,0,0,2018,1.0,2018,1.0
enzyme,D03710,208910,hsa:5743,P35354,-6.5991,2598,7532,0.34492830589484863,2597,1,0,2596,0.9996149403157489,2596,0.9996149403157489
enzyme,D03712,151166,hsa:5742,P23219,-7.8141,1129,7331,0.1540035465830037,1128,1,0,1127,0.999113475177305,1127,0.999113475177305
enzyme,D03712,151166,hsa:5743,P35354,-8.0967,749,7331,0.10216887191379075,748,0,0,748,1.0,748,1.0
enzyme,D03714,119828,hsa:5742,P23219,-8.1076,2226,7393,0.30109563100229947,2225,1,0,2224,0.9995505617977528,2224,0.9995505617977528
enzyme,D03714,119828,hsa:5743,P35354,-9.2515,572,7393,0.07737048559448127,571,0,0,571,1.0,571,1.0
enzyme,D03716,15895902,hsa:5743,P35354,-1.2523,3754,7617,0.49284495208087176,3753,0,0,3753,1.0,3753,1.0
enzyme,D03717,159324,hsa:5742,P23219,-8.8452,1710,7277,0.2349869451697128,1709,1,0,1708,0.9994148624926857,1708,0.9994148624926857
enzyme,D03717,159324,hsa:5743,P35354,-9.9376,491,7277,0.06747285969492924,490,0,0,490,1.0,490,1.0
enzyme,D03720,60781,hsa:2339,P49354,-8.2305,2076,7152,0.2902684563758389,2075,1,0,2074,0.9995180722891567,2074,0.9995180722891567
enzyme,D03720,60781,hsa:2342,P49356,-8.3823,1794,7152,0.25083892617449666,1793,0,0,1793,1.0,1793,1.0
enzyme,D03722,11954363,hsa:2147,P00734,-1.8632,1173,7621,0.15391680881774045,1172,0,0,1172,1.0,1172,1.0
enzyme,D03728,26757,hsa:2147,P00734,-5.7929,2280,7582,0.30071221313637564,2279,0,0,2279,1.0,2279,1.0
enzyme,D03733,170321,hsa:4128,P21397,-6.8399,2277,7311,0.3114485022568732,2276,0,0,2276,1.0,2276,1.0
enzyme,D03733,170321,hsa:4129,P27338,-6.3988,3370,7311,0.46094925454794144,3369,1,0,3368,0.9997031760166222,3368,0.9997031760166222
enzyme,D03734,71355,hsa:6646,P35610,-9.3786,386,7145,0.05402379286214136,385,1,0,384,0.9974025974025974,384,0.9974025974025974
enzyme,D03734,71355,hsa:8435,O75908,-10.4124,65,7145,0.009097270818754374,64,0,0,64,1.0,64,1.0
enzyme,D03735,156422,hsa:6646,P35610,-10.8869,159,7348,0.021638541099618942,158,0,0,158,1.0,158,1.0
enzyme,D03735,156422,hsa:8435,O75908,-10.618,259,7348,0.035247686445291235,258,1,0,257,0.9961240310077519,257,0.9961240310077519
enzyme,D03741,5464201,hsa:5972,P00797,-6.5522,4336,6873,0.6308744361996217,4335,0,0,4335,1.0,4335,1.0
enzyme,D03743,64922,hsa:5972,P00797,-6.9827,3844,7207,0.5333703343971139,3843,0,0,3843,1.0,3843,1.0
enzyme,D03745,3086651,hsa:5972,P00797,-6.7908,4730,6975,0.6781362007168459,4729,0,0,4729,1.0,4729,1.0
enzyme,D03751,135462830,hsa:43,P22303,-10.1984,1362,6652,0.2047504509921828,1361,0,0,1361,1.0,1361,1.0
enzyme,D03752,54892,hsa:1636,P12821,-7.5507,1800,7380,0.24390243902439024,1799,0,0,1799,1.0,1799,1.0
enzyme,D03753,107807,hsa:1636,P12821,-6.9124,1098,7388,0.14861938278289116,1097,0,0,1097,1.0,1097,1.0
enzyme,D03756,10457278,hsa:1636,P12821,-8.2279,982,6769,0.1450731274929827,981,0,0,981,1.0,981,1.0
enzyme,D03758,71320,hsa:1636,P12821,-7.0675,1422,7381,0.1926568215688931,1421,0,0,1421,1.0,1421,1.0
enzyme,D03760,6917815,hsa:1636,P12821,-7.3264,1139,7471,0.1524561638334895,1138,0,0,1138,1.0,1138,1.0
enzyme,D03763,6917956,hsa:1636,P12821,-6.2759,2011,7406,0.271536591952471,2010,0,0,2010,1.0,2010,1.0
enzyme,D03765,6850814,hsa:1636,P12821,-7.9982,784,7284,0.10763316858868753,783,0,0,783,1.0,783,1.0
enzyme,D03772,62956,hsa:1636,P12821,-7.9493,1797,7384,0.24336403033586132,1796,0,0,1796,1.0,1796,1.0
enzyme,D03773,107994,hsa:1636,P12821,-9.257,410,7380,0.05555555555555555,409,0,0,409,1.0,409,1.0
enzyme,D03775,3033702,hsa:1636,P12821,-8.3725,601,7286,0.08248696129563547,600,0,0,600,1.0,600,1.0
enzyme,D03787,11954368,hsa:1621,P09172,-2.5049,674,6528,0.10324754901960784,673,0,0,673,1.0,673,1.0
enzyme,D03788,107706,hsa:1991,P08246,-7.1759,3547,7381,0.48055818994716165,3546,0,0,3546,1.0,3546,1.0
enzyme,D03798,54676038,hsa:1429,Q08257,-8.9481,1030,7530,0.13678618857901725,1029,1,0,1028,0.9990281827016521,1028,0.9990281827016521
enzyme,D03798,54676038,hsa:1728,P15559,-8.3299,1989,7530,0.26414342629482074,1988,3,0,1985,0.9984909456740443,1985,0.9984909456740443
enzyme,D03798,54676038,hsa:2766,P36959,-8.6875,1383,7530,0.1836653386454183,1382,2,0,1380,0.9985528219971056,1380,0.9985528219971056
enzyme,D03798,54676038,hsa:4835,P16083,-7.5381,3757,7530,0.498937583001328,3756,5,0,3751,0.9986687965921193,3751,0.9986687965921193
enzyme,D03798,54676038,hsa:51292,Q9P2T1,-7.0496,4991,7530,0.6628154050464807,4990,6,0,4984,0.9987975951903808,4984,0.9987975951903808
enzyme,D03798,54676038,hsa:79001,Q9BQB6,-11.1484,35,7530,0.004648074369189907,34,0,0,34,1.0,34,1.0
enzyme,D03798,54676038,hsa:9601,P13667,-8.0149,2639,7530,0.350464807436919,2638,4,0,2634,0.9984836997725549,2634,0.9984836997725549
enzyme,D03803,157838,hsa:231,P15121,-9.552,709,7211,0.09832200804326723,708,0,0,708,1.0,708,1.0
enzyme,D03805,190816,hsa:231,P15121,-8.9244,1430,7303,0.19580994112008762,1429,0,0,1429,1.0,1429,1.0
enzyme,D03806,5278,hsa:231,P15121,-8.0173,1813,7236,0.2505527915975677,1812,0,0,1812,1.0,1812,1.0
enzyme,D03807,5724,hsa:231,P15121,-7.8148,1474,7229,0.2039009544888643,1473,0,0,1473,1.0,1473,1.0
enzyme,D03822,77991,hsa:43,P22303,-7.201,277,7540,0.03673740053050398,276,0,0,276,1.0,276,1.0
enzyme,D03822,77991,hsa:590,P06276,-7.0129,420,7540,0.05570291777188329,419,1,0,418,0.9976133651551312,418,0.9976133651551312
enzyme,D03823,132228,hsa:43,P22303,-9.8484,665,7531,0.0883016863630328,664,0,0,664,1.0,664,1.0
enzyme,D03828,135413520,hsa:7298,P04818,-9.1862,735,5690,0.12917398945518455,734,0,0,734,1.0,734,1.0
enzyme,D03845,60692,hsa:23632,Q9ULX7,-7.5427,391,7379,0.05298820978452365,390,1,0,389,0.9974358974358974,389,0.9974358974358974
enzyme,D03845,60692,hsa:377677,Q8N1Q1,-6.3737,2604,7379,0.35289334598184036,2603,9,0,2594,0.996542451018056,2594,0.996542451018056
enzyme,D03845,60692,hsa:759,P00915,-6.697,1762,7379,0.2387857433256539,1761,5,0,1756,0.997160704145372,1756,0.997160704145372
enzyme,D03845,60692,hsa:760,P00918,-6.1713,3267,7379,0.4427429190947283,3266,10,0,3256,0.9969381506429884,3256,0.9969381506429884
enzyme,D03845,60692,hsa:761,P07451,-6.431,2444,7379,0.33121019108280253,2443,7,0,2436,0.997134670487106,2436,0.997134670487106
enzyme,D03845,60692,hsa:762,P22748,-6.7001,1755,7379,0.237837105298821,1754,4,0,1750,0.9977194982896237,1750,0.9977194982896237
enzyme,D03845,60692,hsa:765,P23280,-6.4359,2432,7379,0.3295839544653747,2431,6,0,2425,0.9975318798848211,2425,0.9975318798848211
enzyme,D03845,60692,hsa:766,P43166,-7.0594,996,7379,0.13497763924651038,995,2,0,993,0.9979899497487437,993,0.9979899497487437
enzyme,D03845,60692,hsa:767,P35219,-6.3882,2551,7379,0.34571080092153406,2550,8,0,2542,0.9968627450980392,2542,0.9968627450980392
enzyme,D03845,60692,hsa:768,Q16790,-6.9016,1308,7379,0.1772597912996341,1307,3,0,1304,0.9977046671767407,1304,0.9977046671767407
enzyme,D03845,60692,hsa:771,O43570,-7.564,373,7379,0.0505488548583819,372,0,0,372,1.0,372,1.0
enzyme,D03882,1967,hsa:240,P09917,-7.2248,1399,7531,0.18576550258929758,1398,0,0,1398,1.0,1398,1.0
enzyme,D03899,31703,hsa:7153,P11388,-8.5951,1360,7418,0.18333782690752223,1359,1,0,1358,0.9992641648270787,1358,0.9992641648270787
enzyme,D03899,31703,hsa:7155,Q02880,-9.2567,584,7418,0.07872741978970073,583,0,0,583,1.0,583,1.0
enzyme,D04023,176871,hsa:10461,Q12866,-6.74,2877,6967,0.41294674895937994,2876,30,0,2846,0.9895688456189151,2846,0.9895688456189151
enzyme,D04023,176871,hsa:1436,P07333,-8.8662,129,6967,0.018515860485144253,128,0,0,128,1.0,128,1.0
enzyme,D04023,176871,hsa:1956,P00533,-6.6209,3205,6967,0.4600258360843979,3204,33,0,3171,0.9897003745318352,3171,0.9897003745318352
enzyme,D04023,176871,hsa:1969,P29317,-5.5501,6007,6967,0.8622075498779963,6006,44,0,5962,0.9926739926739927,5962,0.9926739926739927
enzyme,D04023,176871,hsa:2042,P29320,-7.1726,1886,6967,0.27070475096885316,1885,19,0,1866,0.9899204244031831,1866,0.9899204244031831
enzyme,D04023,176871,hsa:2043,P54764,-6.347,3959,6967,0.5682503229510549,3958,38,0,3920,0.9903991915108641,3920,0.9903991915108641
enzyme,D04023,176871,hsa:2044,P54756,-7.172,1890,6967,0.27127888617769486,1889,20,0,1869,0.9894123875066173,1869,0.9894123875066173
enzyme,D04023,176871,hsa:2045,Q15375,-7.1195,1989,6967,0.28548873259652646,1988,21,0,1967,0.9894366197183099,1967,0.9894366197183099
enzyme,D04023,176871,hsa:2046,P29322,-6.897,2489,6967,0.35725563370173674,2488,24,0,2464,0.9903536977491961,2464,0.9903536977491961
enzyme,D04023,176871,hsa:2047,P54762,-7.6144,1127,6967,0.16176259509114396,1126,12,0,1114,0.9893428063943162,1114,0.9893428063943162
enzyme,D04023,176871,hsa:2048,P29323,-6.9802,2295,6967,0.32941007607291517,2294,23,0,2271,0.9899738448125545,2271,0.9899738448125545
enzyme,D04023,176871,hsa:2049,P54753,-8.059,558,6967,0.08009186163341467,557,5,0,552,0.9910233393177738,552,0.9910233393177738
enzyme,D04023,176871,hsa:2050,P54760,-7.642,1089,6967,0.15630831060714798,1088,11,0,1077,0.9898897058823529,1077,0.9898897058823529
enzyme,D04023,176871,hsa:2064,P04626,-7.8696,753,6967,0.10808095306444668,752,9,0,743,0.988031914893617,743,0.988031914893617
enzyme,D04023,176871,hsa:2065,P21860,-6.875,2534,6967,0.3637146548012057,2533,26,0,2507,0.9897354915120411,2507,0.9897354915120411
enzyme,D04023,176871,hsa:2066,Q15303,-6.4387,3690,6967,0.5296397301564518,3689,34,0,3655,0.9907834101382489,3655,0.9907834101382489
enzyme,D04023,176871,hsa:2260,P11362,-8.0572,560,6967,0.08037892923783552,559,6,0,553,0.9892665474060823,553,0.9892665474060823
enzyme,D04023,176871,hsa:2261,P22607,-7.5155,1292,6967,0.18544567245586335,1291,14,0,1277,0.9891556932610379,1277,0.9891556932610379
enzyme,D04023,176871,hsa:2263,P21802,-8.2251,441,6967,0.06329840677479547,440,4,0,436,0.990909090909091,436,0.990909090909091
enzyme,D04023,176871,hsa:2264,P22455,-7.8926,728,6967,0.10449260800918617,727,8,0,719,0.9889958734525447,719,0.9889958734525447
enzyme,D04023,176871,hsa:2322,P36888,-7.3323,1582,6967,0.22707047509688533,1581,16,0,1565,0.9898798228969007,1565,0.9898798228969007
enzyme,D04023,176871,hsa:2324,P35916,-6.4333,3706,6967,0.5319362709918186,3705,35,0,3670,0.99055330634278,3670,0.99055330634278
enzyme,D04023,176871,hsa:238,Q9UM73,-6.2411,4270,6967,0.6128893354384958,4269,39,0,4230,0.9908643710470836,4230,0.9908643710470836
enzyme,D04023,176871,hsa:3480,P08069,-6.9973,2261,6967,0.3245299267977609,2260,22,0,2238,0.9902654867256637,2238,0.9902654867256637
enzyme,D04023,176871,hsa:3791,P35968,-6.7066,2962,6967,0.4251471221472657,2961,31,0,2930,0.9895305639986491,2930,0.9895305639986491
enzyme,D04023,176871,hsa:3815,P10721,-7.5907,1170,6967,0.16793454858619206,1169,13,0,1156,0.9888793840889649,1156,0.9888793840889649
enzyme,D04023,176871,hsa:4058,P29376,-6.7782,2764,6967,0.3967274293096024,2763,29,0,2734,0.9895041621425986,2734,0.9895041621425986
enzyme,D04023,176871,hsa:4233,P08581,-6.8842,2516,6967,0.36113104636141813,2515,25,0,2490,0.9900596421471173,2490,0.9900596421471173
enzyme,D04023,176871,hsa:4486,Q04912,-7.1893,1857,6967,0.26654227070475095,1856,18,0,1838,0.990301724137931,1838,0.990301724137931
enzyme,D04023,176871,hsa:4914,P04629,-6.8544,2580,6967,0.370317209702885,2579,27,0,2552,0.9895308259015122,2552,0.9895308259015122
enzyme,D04023,176871,hsa:4915,Q16620,-8.5872,240,6967,0.03444811253050093,239,1,0,238,0.99581589958159,238,0.99581589958159
enzyme,D04023,176871,hsa:4916,Q16288,-8.5595,249,6967,0.035739916750394715,248,2,0,246,0.9919354838709677,246,0.9919354838709677
enzyme,D04023,176871,hsa:4919,Q01973,-6.6713,3068,6967,0.44036170518157025,3067,32,0,3035,0.9895663514835344,3035,0.9895663514835344
enzyme,D04023,176871,hsa:4920,Q01974,-5.8961,5256,6967,0.7544136644179704,5255,42,0,5213,0.9920076117982873,5213,0.9920076117982873
enzyme,D04023,176871,hsa:4921,Q16832,-8.4399,310,6967,0.04449547868523037,309,3,0,306,0.9902912621359223,306,0.9902912621359223
enzyme,D04023,176871,hsa:5156,P16234,-7.2408,1751,6967,0.2513276876704464,1750,17,0,1733,0.9902857142857143,1733,0.9902857142857143
enzyme,D04023,176871,hsa:5159,P09619,-6.2405,4273,6967,0.613319936845127,4272,40,0,4232,0.9906367041198502,4232,0.9906367041198502
enzyme,D04023,176871,hsa:558,P30530,-6.797,2713,6967,0.38940720539687096,2712,28,0,2684,0.9896755162241888,2684,0.9896755162241888
enzyme,D04023,176871,hsa:5754,Q13308,-7.3862,1494,6967,0.21443950050236832,1493,15,0,1478,0.9899531145344943,1478,0.9899531145344943
enzyme,D04023,176871,hsa:5979,P07949,-6.1047,4683,6967,0.6721687957513994,4682,41,0,4641,0.9912430585219991,4641,0.9912430585219991
enzyme,D04023,176871,hsa:6098,P08922,-7.8095,836,6967,0.11999425864791158,835,10,0,825,0.9880239520958084,825,0.9880239520958084
enzyme,D04023,176871,hsa:6259,P34925,-6.3616,3912,6967,0.5615042342471652,3911,37,0,3874,0.9905395039631808,3874,0.9905395039631808
enzyme,D04023,176871,hsa:7010,Q02763,-8.0142,596,6967,0.08554614611741065,595,7,0,588,0.9882352941176471,588,0.9882352941176471
enzyme,D04023,176871,hsa:7075,P35590,-5.1939,6418,6967,0.9211999425864791,6417,45,0,6372,0.9929873772791024,6372,0.9929873772791024
enzyme,D04023,176871,hsa:7301,Q06418,-5.7779,5549,6967,0.7964690684656237,5548,43,0,5505,0.9922494592645998,5505,0.9922494592645998
enzyme,D04023,176871,hsa:780,Q08345,-6.4104,3762,6967,0.5399741639156022,3761,36,0,3725,0.9904280776389258,3725,0.9904280776389258
enzyme,D04025,6444692,hsa:10461,Q12866,-8.8123,1455,7381,0.1971277604660615,1454,11,0,1443,0.9924346629986245,1443,0.9924346629986245
enzyme,D04025,6444692,hsa:1436,P07333,-9.3846,797,7381,0.10797994851646119,796,6,0,790,0.992462311557789,790,0.992462311557789
enzyme,D04025,6444692,hsa:1956,P00533,-7.4435,4612,7381,0.6248475816285056,4611,38,0,4573,0.991758837562351,4573,0.991758837562351
enzyme,D04025,6444692,hsa:1969,P29317,-7.0802,5570,7381,0.7546402926432733,5569,43,0,5526,0.9922786855808943,5526,0.9922786855808943
enzyme,D04025,6444692,hsa:2041,P21709,-6.3781,6703,7381,0.9081425281127219,6702,46,0,6656,0.9931363772008356,6656,0.9931363772008356
enzyme,D04025,6444692,hsa:2042,P29320,-7.7024,3876,7381,0.5251320959219618,3875,32,0,3843,0.991741935483871,3843,0.991741935483871
enzyme,D04025,6444692,hsa:2043,P54764,-7.5431,4313,7381,0.5843381655602222,4312,37,0,4275,0.9914192949907236,4275,0.9914192949907236
enzyme,D04025,6444692,hsa:2044,P54756,-8.7784,1499,7381,0.2030890123289527,1498,12,0,1486,0.9919893190921228,1486,0.9919893190921228
enzyme,D04025,6444692,hsa:2045,Q15375,-8.7256,1591,7381,0.2155534480422707,1590,13,0,1577,0.9918238993710692,1577,0.9918238993710692
enzyme,D04025,6444692,hsa:2046,P29322,-7.8063,3590,7381,0.4863839588131689,3589,31,0,3558,0.9913624965171357,3558,0.9913624965171357
enzyme,D04025,6444692,hsa:2047,P54762,-8.2141,2605,7381,0.35293320688253627,2604,25,0,2579,0.9903993855606759,2579,0.9903993855606759
enzyme,D04025,6444692,hsa:2048,P29323,-8.0059,3072,7381,0.4162037664273134,3071,29,0,3042,0.9905568218821231,3042,0.9905568218821231
enzyme,D04025,6444692,hsa:2049,P54753,-9.2766,902,7381,0.12220566318926974,901,7,0,894,0.9922308546059934,894,0.9922308546059934
enzyme,D04025,6444692,hsa:2050,P54760,-8.5121,1957,7381,0.2651402249017748,1956,17,0,1939,0.9913087934560327,1939,0.9913087934560327
enzyme,D04025,6444692,hsa:2064,P04626,-8.636,1736,7381,0.2351984825904349,1735,15,0,1720,0.9913544668587896,1720,0.9913544668587896
enzyme,D04025,6444692,hsa:2065,P21860,-8.14,2770,7381,0.37528790136837825,2769,27,0,2742,0.9902491874322861,2742,0.9902491874322861
enzyme,D04025,6444692,hsa:2066,Q15303,-8.3455,2317,7381,0.31391410377997564,2316,22,0,2294,0.9905008635578584,2294,0.9905008635578584
enzyme,D04025,6444692,hsa:2260,P11362,-8.6892,1637,7381,0.22178566589892967,1636,14,0,1622,0.991442542787286,1622,0.991442542787286
enzyme,D04025,6444692,hsa:2261,P22607,-7.6882,3924,7381,0.5316352797723886,3923,33,0,3890,0.9915880703543207,3890,0.9915880703543207
enzyme,D04025,6444692,hsa:2263,P21802,-9.5451,651,7381,0.08819943097141308,650,5,0,645,0.9923076923076923,645,0.9923076923076923
enzyme,D04025,6444692,hsa:2264,P22455,-8.3763,2243,7381,0.3038883620105677,2242,21,0,2221,0.9906333630686887,2221,0.9906333630686887
enzyme,D04025,6444692,hsa:2322,P36888,-9.1982,985,7381,0.13345075193063272,984,8,0,976,0.991869918699187,976,0.991869918699187
enzyme,D04025,6444692,hsa:2324,P35916,-7.4382,4629,7381,0.6271507925755317,4628,39,0,4589,0.9915730337078652,4589,0.9915730337078652
enzyme,D04025,6444692,hsa:238,Q9UM73,-7.627,4088,7381,0.5538544912613467,4087,35,0,4052,0.991436261316369,4052,0.991436261316369
enzyme,D04025,6444692,hsa:3480,P08069,-8.4245,2147,7381,0.2908819943097141,2146,19,0,2127,0.9911463187325257,2127,0.9911463187325257
enzyme,D04025,6444692,hsa:3791,P35968,-10.2795,215,7381,0.02912884433003658,214,2,0,212,0.9906542056074766,212,0.9906542056074766
enzyme,D04025,6444692,hsa:3815,P10721,-9.0579,1134,7381,0.15363771846633248,1133,10,0,1123,0.9911738746690203,1123,0.9911738746690203
enzyme,D04025,6444692,hsa:4058,P29376,-7.6602,4003,7381,0.5423384365262159,4002,34,0,3968,0.991504247876062,3968,0.991504247876062
enzyme,D04025,6444692,hsa:4233,P08581,-8.0728,2919,7381,0.39547486790407804,2918,28,0,2890,0.9904043865661412,2890,0.9904043865661412
enzyme,D04025,6444692,hsa:4486,Q04912,-9.0888,1102,7381,0.14930226256604795,1101,9,0,1092,0.9918256130790191,1092,0.9918256130790191
enzyme,D04025,6444692,hsa:4914,P04629,-7.6088,4141,7381,0.5610350900961929,4140,36,0,4104,0.991304347826087,4104,0.991304347826087
enzyme,D04025,6444692,hsa:4915,Q16620,-10.1113,284,7381,0.03847717111502506,283,3,0,280,0.9893992932862191,280,0.9893992932862191
enzyme,D04025,6444692,hsa:4916,Q16288,-10.5188,145,7381,0.019645034548164204,144,0,0,144,1.0,144,1.0
enzyme,D04025,6444692,hsa:4919,Q01973,-9.866,415,7381,0.056225443706814794,414,4,0,410,0.9903381642512077,410,0.9903381642512077
enzyme,D04025,6444692,hsa:4920,Q01974,-8.6281,1751,7381,0.23723072754369326,1750,16,0,1734,0.9908571428571429,1734,0.9908571428571429
enzyme,D04025,6444692,hsa:4921,Q16832,-10.3414,198,7381,0.026825633383010434,197,1,0,196,0.9949238578680203,196,0.9949238578680203
enzyme,D04025,6444692,hsa:5156,P16234,-8.1783,2688,7381,0.3641782956238992,2687,26,0,2661,0.9903237811685895,2661,0.9903237811685895
enzyme,D04025,6444692,hsa:5159,P09619,-7.4025,4732,7381,0.6411055412545725,4731,41,0,4690,0.9913337560769393,4690,0.9913337560769393
enzyme,D04025,6444692,hsa:558,P30530,-8.2926,2431,7381,0.3293591654247392,2430,23,0,2407,0.9905349794238684,2407,0.9905349794238684
enzyme,D04025,6444692,hsa:5754,Q13308,-8.4972,1985,7381,0.26893374881452375,1984,18,0,1966,0.9909274193548387,1966,0.9909274193548387
enzyme,D04025,6444692,hsa:5979,P07949,-8.4039,2183,7381,0.2957593821975342,2182,20,0,2162,0.9908340971585701,2162,0.9908340971585701
enzyme,D04025,6444692,hsa:6098,P08922,-8.2396,2529,7381,0.3426364991193605,2528,24,0,2504,0.990506329113924,2504,0.990506329113924
enzyme,D04025,6444692,hsa:6259,P34925,-7.4239,4681,7381,0.6341959084134942,4680,40,0,4640,0.9914529914529915,4640,0.9914529914529915
enzyme,D04025,6444692,hsa:7010,Q02763,-7.9041,3331,7381,0.4512938626202412,3330,30,0,3300,0.990990990990991,3300,0.990990990990991
enzyme,D04025,6444692,hsa:7075,P35590,-6.5191,6571,7381,0.8902587725240483,6570,45,0,6525,0.9931506849315068,6525,0.9931506849315068
enzyme,D04025,6444692,hsa:7301,Q06418,-6.7297,6288,7381,0.8519170844059071,6287,44,0,6243,0.9930014315253698,6243,0.9930014315253698
enzyme,D04025,6444692,hsa:780,Q08345,-7.2714,5071,7381,0.6870342771982116,5070,42,0,5028,0.991715976331361,5028,0.991715976331361
enzyme,D04029,204101,hsa:2159,P00742,-9.629,1114,7153,0.15573885083181882,1113,0,0,1113,1.0,1113,1.0
enzyme,D04031,472335,hsa:7150,P11387,-8.8478,1430,7386,0.19360953154616842,1429,2,0,1427,0.9986004198740378,1427,0.9986004198740378
enzyme,D04031,472335,hsa:7156,Q13472,-10.193,236,7386,0.031952342269157864,235,0,0,235,1.0,235,1.0
enzyme,D04031,472335,hsa:8940,O95985,-8.897,1352,7386,0.18304901164365014,1351,1,0,1350,0.999259807549963,1350,0.999259807549963
enzyme,D04092,8366,hsa:4128,P21397,-9.3584,419,7203,0.058170206858253505,418,1,0,417,0.9976076555023924,417,0.9976076555023924
enzyme,D04092,8366,hsa:4129,P27338,-10.0172,110,7203,0.01527141468832431,109,0,0,109,1.0,109,1.0
enzyme,D04197,5790,hsa:7298,P04818,-6.6633,1808,7331,0.246623925794571,1807,0,0,1807,1.0,1807,1.0
enzyme,D04292,9651,hsa:43,P22303,-7.136,2208,7473,0.29546366920915296,2207,0,0,2207,1.0,2207,1.0
enzyme,D04983,876,hsa:4143,Q00266,-3.8599,4735,7420,0.6381401617250674,4734,2,0,4732,0.9995775242923531,4732,0.9995775242923531
enzyme,D04983,876,hsa:4548,Q99707,-4.4725,1371,7420,0.18477088948787063,1370,0,0,1370,1.0,1370,1.0
enzyme,D04983,876,hsa:4552,Q9UBK8,-4.2509,2523,7420,0.3400269541778976,2522,1,0,2521,0.999603489294211,2521,0.999603489294211
enzyme,D05341,985,hsa:1558,P10632,-6.6864,151,7537,0.020034496484012208,150,0,0,150,1.0,150,1.0
enzyme,D05341,985,hsa:5538,P50897,-4.9789,2886,7537,0.38291097253549156,2885,1,0,2884,0.9996533795493934,2884,0.9996533795493934
enzyme,D05353,4679,hsa:1557,P33261,-8.4187,472,7315,0.06452494873547505,471,1,0,470,0.9978768577494692,470,0.9978768577494692
enzyme,D05353,4679,hsa:1559,P11712,-8.281,639,7315,0.08735475051264525,638,2,0,636,0.9968652037617555,636,0.9968652037617555
enzyme,D05353,4679,hsa:1576,P08684,-8.574,356,7315,0.04866712235133288,355,0,0,355,1.0,355,1.0
enzyme,D05407,135398748,hsa:30,P09110,-5.7833,3437,7327,0.46908693871980345,3436,0,0,3436,1.0,3436,1.0
enzyme,D05458,4771,hsa:4129,P27338,-6.3735,421,7582,0.055526246372988655,420,0,0,420,1.0,420,1.0
enzyme,D06238,5583,hsa:1719,P00374,-8.4859,470,7455,0.06304493628437291,469,0,0,469,1.0,469,1.0
gpcr,D00059,6047,hsa:1812,P21728,-6.883,583,7475,0.0779933110367893,582,1,0,581,0.9982817869415808,581,0.9982817869415808
gpcr,D00059,6047,hsa:1813,P14416,-7.2769,176,7475,0.02354515050167224,175,0,0,175,1.0,175,1.0
gpcr,D00095,5816,hsa:153,P08588,-6.3894,697,7541,0.09242805993900013,696,1,0,695,0.9985632183908046,695,0.9985632183908046
gpcr,D00095,5816,hsa:154,P07550,-6.5466,427,7541,0.056623789948282724,426,0,0,426,1.0,426,1.0
gpcr,D00110,122142,hsa:1812,P21728,-7.2278,1647,7534,0.21860897265728696,1646,2,0,1644,0.9987849331713244,1644,0.9987849331713244
gpcr,D00110,122142,hsa:1814,P35462,-7.8257,653,7534,0.08667374568622246,652,0,0,652,1.0,652,1.0
gpcr,D00110,122142,hsa:4986,P41145,-7.728,795,7534,0.10552163525351739,794,1,0,793,0.9987405541561712,793,0.9987405541561712
gpcr,D00113,174174,hsa:1128,P11229,-8.7431,82,7472,0.010974304068522484,81,1,0,80,0.9876543209876543,80,0.9876543209876543
gpcr,D00113,174174,hsa:1129,P08172,-9.5836,3,7472,0.00040149892933618843,2,0,0,2,1.0,2,1.0
gpcr,D00113,174174,hsa:1131,P20309,-7.0238,2038,7472,0.27275160599571735,2037,4,0,2033,0.9980363279332352,2033,0.9980363279332352
gpcr,D00113,174174,hsa:1132,P08173,-8.6437,115,7472,0.015390792291220557,114,2,0,112,0.9824561403508771,112,0.9824561403508771
gpcr,D00113,174174,hsa:1133,P08912,-8.5806,138,7472,0.01846895074946467,137,3,0,134,0.9781021897810219,134,0.9781021897810219
gpcr,D00136,3559,hsa:150,P08913,-9.1026,720,7312,0.09846827133479212,719,2,0,717,0.9972183588317107,717,0.9972183588317107
gpcr,D00136,3559,hsa:151,P18089,-8.076,2046,7312,0.2798140043763676,2045,3,0,2042,0.9985330073349633,2042,0.9985330073349633
gpcr,D00136,3559,hsa:1813,P14416,-10.9739,17,7312,0.002324945295404814,16,0,0,16,1.0,16,1.0
gpcr,D00136,3559,hsa:1814,P35462,-9.7243,301,7312,0.04116520787746171,300,1,0,299,0.9966666666666667,299,0.9966666666666667
gpcr,D00139,4114,hsa:3577,P25024,-7.8731,321,7582,0.04233711421788446,320,0,0,320,1.0,320,1.0
gpcr,D00180,5280723,hsa:5732,P43116,-7.4824,391,7531,0.05191873589164785,390,0,0,390,1.0,390,1.0
gpcr,D00225,2118,hsa:3577,P25024,-8.2125,1668,7474,0.22317366871822317,1667,0,0,1667,1.0,1667,1.0
gpcr,D00232,657201,hsa:1128,P11229,-1.2973,322,7620,0.04225721784776903,321,0,0,321,1.0,321,1.0
gpcr,D00232,657201,hsa:1129,P08172,-1.1812,1254,7620,0.16456692913385826,1253,2,0,1251,0.9984038308060654,1251,0.9984038308060654
gpcr,D00232,657201,hsa:1131,P20309,-1.201,1034,7620,0.1356955380577428,1033,1,0,1032,0.9990319457889641,1032,0.9990319457889641
gpcr,D00234,2247,hsa:11255,Q9Y5N1,-9.3616,950,7281,0.13047658288696606,949,0,0,949,1.0,949,1.0
gpcr,D00234,2247,hsa:3269,P35367,-8.5971,1912,7281,0.26260129103145174,1911,1,0,1910,0.9994767137624281,1910,0.9994767137624281
gpcr,D00235,2249,hsa:153,P08588,-7.7855,130,7470,0.01740294511378849,129,1,0,128,0.9922480620155039,128,0.9922480620155039
gpcr,D00235,2249,hsa:154,P07550,-7.8884,90,7470,0.012048192771084338,89,0,0,89,1.0,89,1.0
gpcr,D00241,2284,hsa:2550,Q9UBS5,-6.2219,1661,7416,0.22397518878101402,1660,0,0,1660,1.0,1660,1.0
gpcr,D00255,2585,hsa:150,P08913,-8.5293,803,7454,0.10772739468741616,802,1,0,801,0.9987531172069826,801,0.9987531172069826
gpcr,D00255,2585,hsa:151,P18089,-7.9688,1444,7454,0.19372149181647438,1443,3,0,1440,0.997920997920998,1440,0.997920997920998
gpcr,D00255,2585,hsa:153,P08588,-10.1014,37,7454,0.0049637778374027365,36,0,0,36,1.0,36,1.0
gpcr,D00255,2585,hsa:154,P07550,-8.2272,1100,7454,0.14757177354440568,1099,2,0,1097,0.9981801637852593,1097,0.9981801637852593
gpcr,D00270,2726,hsa:150,P08913,-7.043,864,7474,0.11560074926411561,863,2,0,861,0.9976825028968713,861,0.9976825028968713
gpcr,D00270,2726,hsa:151,P18089,-6.4741,1898,7474,0.25394701632325395,1897,3,0,1894,0.9984185556141276,1894,0.9984185556141276
gpcr,D00270,2726,hsa:1812,P21728,-6.2517,2465,7474,0.32981000802782984,2464,5,0,2459,0.9979707792207793,2459,0.9979707792207793
gpcr,D00270,2726,hsa:1813,P14416,-7.2675,579,7474,0.07746855766657747,578,0,0,578,1.0,578,1.0
gpcr,D00270,2726,hsa:1814,P35462,-6.4209,2022,7474,0.2705378645972705,2021,4,0,2017,0.9980207817911925,2017,0.9980207817911925
gpcr,D00270,2726,hsa:3356,P28223,-7.2188,630,7474,0.0842922130050843,629,1,0,628,0.9984101748807631,628,0.9984101748807631
gpcr,D00274,2769,hsa:1128,P11229,-7.1018,2986,7280,0.41016483516483515,2985,2,0,2983,0.9993299832495812,2983,0.9993299832495812
gpcr,D00274,2769,hsa:1129,P08172,-7.3781,2348,7280,0.32252747252747255,2347,1,0,2346,0.9995739241585002,2346,0.9995739241585002
gpcr,D00274,2769,hsa:3360,Q13639,-8.9831,253,7280,0.034752747252747254,252,0,0,252,1.0,252,1.0
gpcr,D00281,2803,hsa:150,P08913,-6.1284,1446,7477,0.19339307208773573,1445,2,0,1443,0.9986159169550173,1443,0.9986159169550173
gpcr,D00281,2803,hsa:151,P18089,-7.069,95,7477,0.012705630600508225,94,0,0,94,1.0,94,1.0
gpcr,D00281,2803,hsa:152,P18825,-6.3552,892,7477,0.11929918416477196,891,1,0,890,0.9988776655443322,890,0.9988776655443322
gpcr,D00283,135398737,hsa:1128,P11229,-8.0302,1335,7402,0.1803566603620643,1334,13,0,1321,0.9902548725637181,1321,0.9902548725637181
gpcr,D00283,135398737,hsa:1129,P08172,-8.9046,342,7402,0.046203728721967034,341,4,0,337,0.9882697947214076,337,0.9882697947214076
gpcr,D00283,135398737,hsa:150,P08913,-8.243,983,7402,0.13280194542015672,982,11,0,971,0.9887983706720977,971,0.9887983706720977
gpcr,D00283,135398737,hsa:151,P18089,-7.5715,2308,7402,0.3118076195622805,2307,18,0,2289,0.9921976592977894,2289,0.9921976592977894
gpcr,D00283,135398737,hsa:1812,P21728,-8.3206,889,7402,0.12010267495271548,888,10,0,878,0.9887387387387387,878,0.9887387387387387
gpcr,D00283,135398737,hsa:1813,P14416,-8.5696,605,7402,0.08173466630640368,604,7,0,597,0.9884105960264901,597,0.9884105960264901
gpcr,D00283,135398737,hsa:1815,P21917,-9.1319,211,7402,0.028505809240745743,210,3,0,207,0.9857142857142858,207,0.9857142857142858
gpcr,D00283,135398737,hsa:3269,P35367,-7.5577,2336,7402,0.31559038097811404,2335,19,0,2316,0.99186295503212,2316,0.99186295503212
gpcr,D00283,135398737,hsa:3350,P08908,-8.095,1232,7402,0.16644150229667656,1231,12,0,1219,0.9902518277822908,1219,0.9902518277822908
gpcr,D00283,135398737,hsa:3351,P28222,-9.2333,180,7402,0.024317751958930017,179,1,0,178,0.994413407821229,178,0.994413407821229
gpcr,D00283,135398737,hsa:3352,P28221,-7.612,2202,7402,0.29748716563091054,2201,17,0,2184,0.9922762380736029,2184,0.9922762380736029
gpcr,D00283,135398737,hsa:3354,P28566,-8.3902,809,7402,0.10929478519319102,808,9,0,799,0.9888613861386139,799,0.9888613861386139
gpcr,D00283,135398737,hsa:3355,P30939,-9.1768,195,7402,0.026344231288840853,194,2,0,192,0.9896907216494846,192,0.9896907216494846
gpcr,D00283,135398737,hsa:3356,P28223,-8.535,642,7402,0.08673331532018373,641,8,0,633,0.9875195007800313,633,0.9875195007800313
gpcr,D00283,135398737,hsa:3357,P41595,-8.6256,552,7402,0.07457443934071872,551,6,0,545,0.9891107078039928,545,0.9891107078039928
gpcr,D00283,135398737,hsa:3358,P28335,-8.759,438,7402,0.05917319643339638,437,5,0,432,0.988558352402746,432,0.988558352402746
gpcr,D00283,135398737,hsa:3360,Q13639,-9.9614,40,7402,0.0054039448797622265,39,0,0,39,1.0,39,1.0
gpcr,D00283,135398737,hsa:3361,P47898,-7.6591,2085,7402,0.28168062685760603,2084,16,0,2068,0.9923224568138196,2068,0.9923224568138196
gpcr,D00283,135398737,hsa:3362,P50406,-7.952,1476,7402,0.19940556606322615,1475,14,0,1461,0.9905084745762712,1461,0.9905084745762712
gpcr,D00283,135398737,hsa:3363,P34969,-7.7401,1909,7402,0.25790326938665226,1908,15,0,1893,0.9921383647798742,1893,0.9921383647798742
gpcr,D00295,2756,hsa:3274,P25021,-6.1826,1051,7475,0.14060200668896322,1050,0,0,1050,1.0,1050,1.0
gpcr,D00300,3100,hsa:11255,Q9Y5N1,-7.6381,284,7539,0.037670778617853826,283,0,0,283,1.0,283,1.0
gpcr,D00300,3100,hsa:3269,P35367,-6.5585,1834,7539,0.24326833797585887,1833,1,0,1832,0.9994544462629569,1832,0.9994544462629569
gpcr,D00301,23724775,hsa:4988,P35372,-10.3647,345,7066,0.04882536088310218,344,0,0,344,1.0,344,1.0
gpcr,D00306,16078,hsa:1268,P21554,-11.1799,1,7532,0.0001327668613913967,0,0,0,0,0.0,0,0.0
gpcr,D00318,5702160,hsa:11255,Q9Y5N1,-7.4128,201,7029,0.028595817328211693,200,0,0,200,1.0,200,1.0
gpcr,D00318,5702160,hsa:3274,P25021,-5.9926,2387,7029,0.3395931142410016,2386,1,0,2385,0.9995808885163453,2385,0.9995808885163453
gpcr,D00332,3446,hsa:134,P30542,-5.3043,2838,7479,0.3794624949859607,2837,1,0,2836,0.9996475149806133,2836,0.9996475149806133
gpcr,D00332,3446,hsa:150,P08913,-5.6005,1705,7479,0.22797165396443375,1704,0,0,1704,1.0,1704,1.0
gpcr,D00364,3957,hsa:3269,P35367,-8.4059,1307,7392,0.17681277056277056,1306,0,0,1306,1.0,1306,1.0
gpcr,D00380,5505,hsa:3577,P25024,-9.0748,2,7475,0.00026755852842809364,1,0,0,1,1.0,1,1.0
gpcr,D00394,5584,hsa:3577,P25024,-7.7648,818,7578,0.10794404856162576,817,0,0,817,1.0,817,1.0
gpcr,D00397,5593,hsa:1128,P11229,-6.5155,1966,7409,0.2653529491159401,1965,2,0,1963,0.9989821882951654,1963,0.9989821882951654
gpcr,D00397,5593,hsa:1129,P08172,-7.7993,190,7409,0.025644486435416385,189,1,0,188,0.9947089947089947,188,0.9947089947089947
gpcr,D00397,5593,hsa:1132,P08173,-8.7085,16,7409,0.002159535699824538,15,0,0,15,1.0,15,1.0
gpcr,D00400,60846,hsa:185,P30556,-9.7482,53,7283,0.007277220925442812,52,0,0,52,1.0,52,1.0
gpcr,D00410,4174,hsa:3577,P25024,-7.706,362,7541,0.04800424346903594,361,0,0,361,1.0,361,1.0
gpcr,D00411,5717,hsa:10800,Q9Y271,-9.9034,1109,7342,0.1510487605557069,1108,1,0,1107,0.9990974729241877,1107,0.9990974729241877
gpcr,D00411,5717,hsa:1241,Q15722,-10.7025,382,7342,0.052029419776627624,381,0,0,381,1.0,381,1.0
gpcr,D00415,60857,hsa:3351,P28222,-8.9666,86,7472,0.011509635974304069,85,0,0,85,1.0,85,1.0
gpcr,D00415,60857,hsa:3352,P28221,-7.6111,1162,7472,0.15551391862955033,1161,1,0,1160,0.9991386735572783,1160,0.9991386735572783
gpcr,D00419,5282381,hsa:5732,P43116,-8.0667,98,7528,0.013018065887353878,97,0,0,97,1.0,97,1.0
gpcr,D00419,5282381,hsa:5733,P43115,-7.7456,229,7528,0.030419766206163656,228,1,0,227,0.9956140350877193,227,0.9956140350877193
gpcr,D00422,3001055,hsa:3274,P25021,-5.5341,2015,7407,0.27203996219792087,2014,0,0,2014,1.0,2014,1.0
gpcr,D00426,5073,hsa:3356,P28223,-11.708,79,7386,0.010695911183319794,78,0,0,78,1.0,78,1.0
gpcr,D00432,39147,hsa:153,P08588,-8.9923,16,7464,0.0021436227224008574,15,0,0,15,1.0,15,1.0
gpcr,D00432,39147,hsa:154,P07550,-7.7884,518,7464,0.06939978563772776,517,1,0,516,0.9980657640232108,516,0.9980657640232108
gpcr,D00437,4485,hsa:150,P08913,-7.0242,536,7464,0.07181136120042872,535,0,0,535,1.0,535,1.0
gpcr,D00437,4485,hsa:151,P18089,-6.1198,2488,7464,0.3333333333333333,2487,3,0,2484,0.9987937273823885,2484,0.9987937273823885
gpcr,D00437,4485,hsa:153,P08588,-6.3253,1843,7464,0.24691854233654878,1842,2,0,1840,0.998914223669924,1840,0.998914223669924
gpcr,D00437,4485,hsa:154,P07550,-5.8655,3349,7464,0.4486870310825295,3348,4,0,3344,0.998805256869773,3344,0.998805256869773
gpcr,D00437,4485,hsa:3577,P25024,-6.3516,1781,7464,0.23861200428724544,1780,1,0,1779,0.999438202247191,1779,0.999438202247191
gpcr,D00440,3033637,hsa:3274,P25021,-5.328,1879,7306,0.25718587462359704,1878,0,0,1878,1.0,1878,1.0
gpcr,D00443,5833,hsa:185,P30556,-9.273,405,7527,0.053806297329613395,404,0,0,404,1.0,404,1.0
gpcr,D00451,5358,hsa:3350,P08908,-6.9305,995,7407,0.13433238828135546,994,7,0,987,0.9929577464788732,987,0.9929577464788732
gpcr,D00451,5358,hsa:3351,P28222,-7.7718,190,7407,0.02565141082759552,189,1,0,188,0.9947089947089947,188,0.9947089947089947
gpcr,D00451,5358,hsa:3352,P28221,-6.8991,1053,7407,0.1421628189550425,1052,8,0,1044,0.9923954372623575,1044,0.9923954372623575
gpcr,D00451,5358,hsa:3354,P28566,-7.1853,624,7407,0.08424463345484001,623,6,0,617,0.9903691813804173,617,0.9903691813804173
gpcr,D00451,5358,hsa:3355,P30939,-7.5082,348,7407,0.04698258404212231,347,3,0,344,0.9913544668587896,344,0.9913544668587896
gpcr,D00451,5358,hsa:3356,P28223,-7.6412,257,7407,0.03469690832995815,256,2,0,254,0.9921875,254,0.9921875
gpcr,D00451,5358,hsa:3357,P41595,-7.3325,483,7407,0.06520858647225597,482,5,0,477,0.9896265560165975,477,0.9896265560165975
gpcr,D00451,5358,hsa:3358,P28335,-7.4309,402,7407,0.05427298501417578,401,4,0,397,0.9900249376558603,397,0.9900249376558603
gpcr,D00451,5358,hsa:3360,Q13639,-7.9199,128,7407,0.017280950452274874,127,0,0,127,1.0,127,1.0
gpcr,D00451,5358,hsa:3361,P47898,-6.0302,3171,7407,0.42810854597002834,3170,10,0,3160,0.9968454258675079,3160,0.9968454258675079
gpcr,D00451,5358,hsa:3362,P50406,-6.7687,1291,7407,0.17429458620224111,1290,9,0,1281,0.9930232558139535,1281,0.9930232558139535
gpcr,D00454,135398745,hsa:1128,P11229,-7.6959,1393,7403,0.1881669593408078,1392,9,0,1383,0.9935344827586207,1383,0.9935344827586207
gpcr,D00454,135398745,hsa:1129,P08172,-8.4542,434,7403,0.05862488180467378,433,1,0,432,0.9976905311778291,432,0.9976905311778291
gpcr,D00454,135398745,hsa:1131,P20309,-6.409,4606,7403,0.6221801972173443,4605,16,0,4589,0.9965255157437568,4589,0.9965255157437568
gpcr,D00454,135398745,hsa:1132,P08173,-8.2333,606,7403,0.08185870593002836,605,2,0,603,0.996694214876033,603,0.996694214876033
gpcr,D00454,135398745,hsa:1133,P08912,-7.9388,999,7403,0.13494529244900716,998,6,0,992,0.9939879759519038,992,0.9939879759519038
gpcr,D00454,135398745,hsa:150,P08913,-7.6258,1521,7403,0.20545724706200189,1520,11,0,1509,0.9927631578947368,1509,0.9927631578947368
gpcr,D00454,135398745,hsa:151,P18089,-7.5433,1680,7403,0.2269350263406727,1679,13,0,1666,0.9922572960095295,1666,0.9922572960095295
gpcr,D00454,135398745,hsa:153,P08588,-8.0962,773,7403,0.10441712819127381,772,3,0,769,0.9961139896373057,769,0.9961139896373057
gpcr,D00454,135398745,hsa:154,P07550,-7.3727,2032,7403,0.2744833175739565,2031,14,0,2017,0.9931068439192516,2017,0.9931068439192516
gpcr,D00454,135398745,hsa:1812,P21728,-8.0285,869,7403,0.11738484398216939,868,5,0,863,0.9942396313364056,863,0.9942396313364056
gpcr,D00454,135398745,hsa:1813,P14416,-7.6147,1544,7403,0.20856409563690395,1543,12,0,1531,0.9922229423201555,1531,0.9922229423201555
gpcr,D00454,135398745,hsa:1814,P35462,-7.6302,1510,7403,0.20397136296096177,1509,10,0,1499,0.9933730947647449,1499,0.9933730947647449
gpcr,D00454,135398745,hsa:1815,P21917,-9.1676,110,7403,0.014858841010401188,109,0,0,109,1.0,109,1.0
gpcr,D00454,135398745,hsa:3269,P35367,-7.0217,2892,7403,0.3906524382007294,2891,15,0,2876,0.9948114839156001,2876,0.9948114839156001
gpcr,D00454,135398745,hsa:3356,P28223,-8.0605,827,7403,0.11171146832365257,826,4,0,822,0.9951573849878934,822,0.9951573849878934
gpcr,D00454,135398745,hsa:3358,P28335,-7.8323,1161,7403,0.15682831284614346,1160,7,0,1153,0.9939655172413793,1153,0.9939655172413793
gpcr,D00454,135398745,hsa:3362,P50406,-7.7536,1284,7403,0.1734431987032284,1283,8,0,1275,0.9937646141855028,1275,0.9937646141855028
gpcr,D00465,4634,hsa:1128,P11229,-8.1944,209,7464,0.0280010718113612,208,1,0,207,0.9951923076923077,207,0.9951923076923077
gpcr,D00465,4634,hsa:1129,P08172,-8.6634,67,7464,0.00897642015005359,66,0,0,66,1.0,66,1.0
gpcr,D00480,6014,hsa:3269,P35367,-6.3242,2795,6857,0.4076126585970541,2794,0,0,2794,1.0,2794,1.0
gpcr,D00483,62882,hsa:153,P08588,-8.9805,346,7127,0.048547776062859545,345,0,0,345,1.0,345,1.0
gpcr,D00483,62882,hsa:154,P07550,-8.5364,716,7127,0.10046302792198682,715,1,0,714,0.9986013986013986,714,0.9986013986013986
gpcr,D00493,4917,hsa:1812,P21728,-8.443,358,7471,0.04791861865881408,357,0,0,357,1.0,357,1.0
gpcr,D00493,4917,hsa:1813,P14416,-8.2243,509,7471,0.06813010306518538,508,2,0,506,0.9960629921259843,506,0.9960629921259843
gpcr,D00493,4917,hsa:1814,P35462,-8.3285,426,7471,0.057020479186186586,425,1,0,424,0.9976470588235294,424,0.9976470588235294
gpcr,D00493,4917,hsa:3269,P35367,-6.603,3392,7471,0.454022219247758,3391,4,0,3387,0.998820406959599,3387,0.998820406959599
gpcr,D00493,4917,hsa:3356,P28223,-7.6797,1067,7471,0.14281889974568332,1066,3,0,1063,0.9971857410881801,1063,0.9971857410881801
gpcr,D00494,4927,hsa:11255,Q9Y5N1,-6.969,1197,7535,0.1588586595885866,1196,4,0,1192,0.9966555183946488,1192,0.9966555183946488
gpcr,D00494,4927,hsa:1128,P11229,-6.7995,1512,7535,0.2006635700066357,1511,6,0,1505,0.9960291197882197,1505,0.9960291197882197
gpcr,D00494,4927,hsa:1129,P08172,-8.6,28,7535,0.0037159920371599205,27,0,0,27,1.0,27,1.0
gpcr,D00494,4927,hsa:1131,P20309,-6.4093,2439,7535,0.32368944923689447,2438,7,0,2431,0.9971287940935193,2431,0.9971287940935193
gpcr,D00494,4927,hsa:1132,P08173,-7.6336,437,7535,0.05799601857996019,436,2,0,434,0.9954128440366973,434,0.9954128440366973
gpcr,D00494,4927,hsa:1133,P08912,-8.5002,48,7535,0.006370272063702721,47,1,0,46,0.9787234042553191,46,0.9787234042553191
gpcr,D00494,4927,hsa:1813,P14416,-6.9428,1242,7535,0.16483078964830788,1241,5,0,1236,0.9959709911361805,1236,0.9959709911361805
gpcr,D00494,4927,hsa:3269,P35367,-6.3066,2691,7535,0.3571333775713338,2690,8,0,2682,0.9970260223048327,2682,0.9970260223048327
gpcr,D00494,4927,hsa:3356,P28223,-7.5078,547,7535,0.07259455872594558,546,3,0,543,0.9945054945054945,543,0.9945054945054945
gpcr,D00498,441278,hsa:4988,P35372,-8.6449,330,7533,0.04380724810832338,329,0,0,329,1.0,329,1.0
gpcr,D00503,4748,hsa:1812,P21728,-8.0029,670,7388,0.09068760151597184,669,2,0,667,0.9970104633781763,667,0.9970104633781763
gpcr,D00503,4748,hsa:1813,P14416,-8.1348,542,7388,0.07336220898754738,541,0,0,541,1.0,541,1.0
gpcr,D00503,4748,hsa:1814,P35462,-8.0325,639,7388,0.08649160801299405,638,1,0,637,0.9984326018808778,637,0.9984326018808778
gpcr,D00509,91430,hsa:150,P08913,-9.2902,1451,6373,0.22767927192844814,1450,2,0,1448,0.9986206896551724,1448,0.9986206896551724
gpcr,D00509,91430,hsa:151,P18089,-9.7251,859,6373,0.13478738427742037,858,0,0,858,1.0,858,1.0
gpcr,D00509,91430,hsa:152,P18825,-9.7048,881,6373,0.1382394476698572,880,1,0,879,0.9988636363636364,879,0.9988636363636364
gpcr,D00513,4828,hsa:150,P08913,-7.3903,364,7475,0.04869565217391304,363,3,0,360,0.9917355371900827,360,0.9917355371900827
gpcr,D00513,4828,hsa:151,P18089,-7.6811,167,7475,0.02234113712374582,166,1,0,165,0.9939759036144579,165,0.9939759036144579
gpcr,D00513,4828,hsa:153,P08588,-8.0935,43,7475,0.005752508361204014,42,0,0,42,1.0,42,1.0
gpcr,D00513,4828,hsa:154,P07550,-7.3389,412,7475,0.05511705685618729,411,4,0,407,0.9902676399026764,407,0.9902676399026764
gpcr,D00513,4828,hsa:3350,P08908,-6.6198,1671,7475,0.22354515050167223,1670,12,0,1658,0.9928143712574851,1658,0.9928143712574851
gpcr,D00513,4828,hsa:3351,P28222,-7.0016,884,7475,0.11826086956521739,883,7,0,876,0.9920724801812004,876,0.9920724801812004
gpcr,D00513,4828,hsa:3352,P28221,-7.045,811,7475,0.10849498327759197,810,6,0,804,0.9925925925925926,804,0.9925925925925926
gpcr,D00513,4828,hsa:3354,P28566,-6.9693,949,7475,0.12695652173913044,948,9,0,939,0.990506329113924,939,0.990506329113924
gpcr,D00513,4828,hsa:3355,P30939,-6.8487,1193,7475,0.15959866220735786,1192,11,0,1181,0.9907718120805369,1181,0.9907718120805369
gpcr,D00513,4828,hsa:3356,P28223,-7.1767,615,7475,0.0822742474916388,614,5,0,609,0.99185667752443,609,0.99185667752443
gpcr,D00513,4828,hsa:3357,P41595,-7.5557,229,7475,0.030635451505016724,228,2,0,226,0.9912280701754386,226,0.9912280701754386
gpcr,D00513,4828,hsa:3358,P28335,-6.9913,899,7475,0.12026755852842809,898,8,0,890,0.9910913140311804,890,0.9910913140311804
gpcr,D00513,4828,hsa:3360,Q13639,-6.8959,1103,7475,0.14755852842809364,1102,10,0,1092,0.9909255898366606,1092,0.9909255898366606
gpcr,D00513,4828,hsa:3361,P47898,-6.4617,2074,7475,0.2774581939799331,2073,14,0,2059,0.9932465026531597,2059,0.9932465026531597
gpcr,D00513,4828,hsa:3362,P50406,-6.5492,1832,7475,0.2450836120401338,1831,13,0,1818,0.9929000546149646,1818,0.9929000546149646
gpcr,D00514,5311068,hsa:150,P08913,-8.3776,134,7542,0.017767170511800583,133,0,0,133,1.0,133,1.0
gpcr,D00520,10660,hsa:3269,P35367,-9.5642,3547,7281,0.48715835736849333,3546,0,0,3546,1.0,3546,1.0
gpcr,D00521,5405,hsa:3269,P35367,-8.9211,1241,7515,0.16513639387890885,1240,0,0,1240,1.0,1240,1.0
gpcr,D00522,2541,hsa:185,P30556,-10.217,121,7281,0.01661859634665568,120,0,0,120,1.0,120,1.0
gpcr,D00523,3749,hsa:185,P30556,-9.9925,229,7381,0.031025606286411055,228,0,0,228,1.0,228,1.0
gpcr,D00524,5831,hsa:1128,P11229,-1.2128,1229,7623,0.16122261576807032,1228,0,0,1228,1.0,1228,1.0
gpcr,D00524,5831,hsa:1129,P08172,-1.1531,2294,7623,0.30093139184048273,2293,1,0,2292,0.9995638901003053,2292,0.9995638901003053
gpcr,D00525,5910,hsa:1128,P11229,-6.4546,607,7479,0.08116058296563712,606,0,0,606,1.0,606,1.0
gpcr,D00528,2519,hsa:134,P30542,-5.3213,3214,7544,0.426033934252386,3213,4,0,3209,0.998755057578587,3209,0.998755057578587
gpcr,D00528,2519,hsa:135,P29274,-6.0048,1186,7544,0.15721102863202546,1185,3,0,1182,0.9974683544303797,1182,0.9974683544303797
gpcr,D00528,2519,hsa:3577,P25024,-6.1165,908,7544,0.12036055143160128,907,1,0,906,0.9988974641675854,906,0.9988974641675854
gpcr,D00528,2519,hsa:5028,P47900,-6.4203,424,7544,0.05620360551431601,423,0,0,423,1.0,423,1.0
gpcr,D00528,2519,hsa:64805,Q9H244,-6.0159,1160,7544,0.1537645811240721,1159,2,0,1157,0.998274374460742,1157,0.998274374460742
gpcr,D00540,11693,hsa:1128,P11229,-1.2973,323,7573,0.042651525155156474,322,0,0,322,1.0,322,1.0
gpcr,D00540,11693,hsa:1129,P08172,-1.1812,1246,7573,0.16453188960781726,1245,1,0,1244,0.9991967871485944,1244,0.9991967871485944
gpcr,D00542,3562,hsa:3577,P25024,-5.0203,101,7545,0.013386348575215375,100,0,0,100,1.0,100,1.0
gpcr,D00560,16362,hsa:1812,P21728,-10.7937,360,7375,0.0488135593220339,359,1,0,358,0.9972144846796658,358,0.9972144846796658
gpcr,D00560,16362,hsa:1813,P14416,-11.4761,147,7375,0.019932203389830507,146,0,0,146,1.0,146,1.0
gpcr,D00560,16362,hsa:1814,P35462,-10.5325,521,7375,0.07064406779661017,520,2,0,518,0.9961538461538462,518,0.9961538461538462
gpcr,D00560,16362,hsa:4985,P41143,-10.3099,677,7375,0.09179661016949152,676,3,0,673,0.9955621301775148,673,0.9955621301775148
gpcr,D00563,4205,hsa:150,P08913,-8.0016,1475,7535,0.1957531519575315,1474,1,0,1473,0.9993215739484396,1473,0.9993215739484396
gpcr,D00563,4205,hsa:151,P18089,-7.3003,3134,7535,0.4159256801592568,3133,3,0,3130,0.999042451324609,3130,0.999042451324609
gpcr,D00563,4205,hsa:3356,P28223,-8.2891,1005,7535,0.1333775713337757,1004,0,0,1004,1.0,1004,1.0
gpcr,D00563,4205,hsa:3358,P28335,-7.8868,1723,7535,0.22866622428666225,1722,2,0,1720,0.9988385598141696,1720,0.9988385598141696
gpcr,D00574,2145,hsa:3577,P25024,-8.3276,80,7536,0.010615711252653927,79,0,0,79,1.0,79,1.0
gpcr,D00598,107952,hsa:153,P08588,-7.6242,214,7472,0.028640256959314776,213,1,0,212,0.9953051643192489,212,0.9953051643192489
gpcr,D00598,107952,hsa:154,P07550,-8.5435,15,7472,0.002007494646680942,14,0,0,14,1.0,14,1.0
gpcr,D00604,20179,hsa:150,P08913,-6.1275,1307,7478,0.17477935276811982,1306,2,0,1304,0.998468606431853,1304,0.998468606431853
gpcr,D00604,20179,hsa:151,P18089,-6.9902,95,7478,0.01270393153249532,94,0,0,94,1.0,94,1.0
gpcr,D00604,20179,hsa:152,P18825,-6.38,721,7478,0.09641615405188553,720,1,0,719,0.9986111111111111,719,0.9986111111111111
gpcr,D00609,68546,hsa:150,P08913,-8.5138,281,6845,0.0410518626734843,280,0,0,280,1.0,280,1.0
gpcr,D00609,68546,hsa:151,P18089,-7.3285,1858,6845,0.2714390065741417,1857,2,0,1855,0.9989229940764675,1855,0.9989229940764675
gpcr,D00609,68546,hsa:152,P18825,-8.1473,587,6845,0.08575602629656684,586,1,0,585,0.9982935153583617,585,0.9982935153583617
gpcr,D00627,65999,hsa:185,P30556,-10.8755,205,7351,0.0278873622636376,204,0,0,204,1.0,204,1.0
gpcr,D00632,65324,hsa:153,P08588,-9.0132,183,7530,0.024302788844621514,182,1,0,181,0.9945054945054945,181,0.9945054945054945
gpcr,D00632,65324,hsa:154,P07550,-9.1061,133,7530,0.017662682602921646,132,0,0,132,1.0,132,1.0
gpcr,D00645,6100,hsa:153,P08588,-9.0541,806,7401,0.10890420213484664,805,1,0,804,0.9987577639751553,804,0.9987577639751553
gpcr,D00645,6100,hsa:154,P07550,-10.1388,114,7401,0.015403323875152006,113,0,0,113,1.0,113,1.0
gpcr,D00646,443879,hsa:1128,P11229,-6.8277,2368,7530,0.3144754316069057,2367,1,0,2366,0.9995775242923531,2366,0.9995775242923531
gpcr,D00646,443879,hsa:1129,P08172,-7.1741,1604,7530,0.21301460823373175,1603,0,0,1603,1.0,1603,1.0
gpcr,D00665,5281068,hsa:3269,P35367,-8.1398,3682,7304,0.5041073384446878,3681,0,0,3681,1.0,3681,1.0
gpcr,D00666,23724780,hsa:3269,P35367,-9.0862,2474,7381,0.33518493429074653,2473,0,0,2473,1.0,2473,1.0
gpcr,D00673,3033332,hsa:3274,P25021,-5.8255,1853,7237,0.25604532264750585,1852,0,0,1852,1.0,1852,1.0
gpcr,D00674,60875,hsa:3355,P30939,-8.7322,435,7230,0.06016597510373444,434,0,0,434,1.0,434,1.0
gpcr,D00676,59772,hsa:3351,P28222,-9.8196,131,7289,0.01797228700782,130,0,0,130,1.0,130,1.0
gpcr,D00676,59772,hsa:3352,P28221,-7.8049,2532,7289,0.347372753464124,2531,2,0,2529,0.9992097984986171,2529,0.9992097984986171
gpcr,D00676,59772,hsa:3355,P30939,-9.5924,192,7289,0.026341061874056798,191,1,0,190,0.9947643979057592,190,0.9947643979057592
gpcr,D00684,35329,hsa:154,P07550,-7.8746,4811,7344,0.6550925925925926,4810,0,0,4810,1.0,4810,1.0
gpcr,D00726,4168,hsa:1128,P11229,-5.5658,2903,7406,0.3919794761004591,2902,13,0,2889,0.9955203308063405,2889,0.9955203308063405
gpcr,D00726,4168,hsa:1813,P14416,-6.6721,487,7406,0.06575749392384553,486,2,0,484,0.9958847736625515,484,0.9958847736625515
gpcr,D00726,4168,hsa:1814,P35462,-5.8985,1950,7406,0.263300027005131,1949,10,0,1939,0.9948691636736788,1939,0.9948691636736788
gpcr,D00726,4168,hsa:3350,P08908,-5.6629,2606,7406,0.35187685660275453,2605,11,0,2594,0.9957773512476008,2594,0.9957773512476008
gpcr,D00726,4168,hsa:3351,P28222,-6.5684,611,7406,0.08250067512827437,610,6,0,604,0.9901639344262295,604,0.9901639344262295
gpcr,D00726,4168,hsa:3352,P28221,-6.2193,1233,7406,0.16648663246016743,1232,8,0,1224,0.9935064935064936,1224,0.9935064935064936
gpcr,D00726,4168,hsa:3354,P28566,-6.6371,539,7406,0.07277882797731569,538,3,0,535,0.9944237918215614,535,0.9944237918215614
gpcr,D00726,4168,hsa:3355,P30939,-6.3046,1051,7406,0.14191196327302188,1050,7,0,1043,0.9933333333333333,1043,0.9933333333333333
gpcr,D00726,4168,hsa:3356,P28223,-6.8976,267,7406,0.03605184985147178,266,0,0,266,1.0,266,1.0
gpcr,D00726,4168,hsa:3357,P41595,-6.574,609,7406,0.08223062381852551,608,5,0,603,0.9917763157894737,603,0.9917763157894737
gpcr,D00726,4168,hsa:3358,P28335,-6.579,605,7406,0.08169052119902781,604,4,0,600,0.9933774834437086,600,0.9933774834437086
gpcr,D00726,4168,hsa:3360,Q13639,-6.7067,448,7406,0.06049149338374291,447,1,0,446,0.9977628635346756,446,0.9977628635346756
gpcr,D00726,4168,hsa:3361,P47898,-6.1292,1413,7406,0.19079125033756414,1412,9,0,1403,0.9936260623229461,1403,0.9936260623229461
gpcr,D00726,4168,hsa:3362,P50406,-5.6568,2623,7406,0.3541722927356198,2622,12,0,2610,0.9954233409610984,2610,0.9954233409610984
gpcr,D00765,441351,hsa:1129,P08172,-1.1812,1256,7622,0.16478614536866965,1255,0,0,1255,1.0,1255,1.0
gpcr,D00769,115366,hsa:64805,Q9H244,-7.2004,2239,7311,0.30625085487621395,2238,0,0,2238,1.0,2238,1.0
gpcr,D00775,5070,hsa:2911,Q13255,-6.7969,1327,7340,0.18079019073569483,1326,1,0,1325,0.9992458521870287,1325,0.9992458521870287
gpcr,D00775,5070,hsa:2912,Q14416,-6.3437,2499,7340,0.3404632152588556,2498,3,0,2495,0.9987990392313851,2495,0.9987990392313851
gpcr,D00775,5070,hsa:2913,Q14832,-7.0268,852,7340,0.11607629427792915,851,0,0,851,1.0,851,1.0
gpcr,D00775,5070,hsa:2915,P41594,-6.2913,2635,7340,0.358991825613079,2634,4,0,2630,0.9984813971146546,2630,0.9984813971146546
gpcr,D00775,5070,hsa:2918,O00222,-6.7343,1483,7340,0.20204359673024525,1482,2,0,1480,0.9986504723346828,1480,0.9986504723346828
gpcr,D00779,2381,hsa:1128,P11229,-8.9718,179,7532,0.02376526818906001,178,1,0,177,0.9943820224719101,177,0.9943820224719101
gpcr,D00779,2381,hsa:1129,P08172,-9.9545,14,7532,0.0018587360594795538,13,0,0,13,1.0,13,1.0
gpcr,D00780,31100,hsa:1813,P14416,-11.0334,197,7090,0.02778561354019746,196,0,0,196,1.0,196,1.0
gpcr,D00790,667467,hsa:1812,P21728,-7.7392,840,7475,0.11237458193979934,839,1,0,838,0.99880810488677,838,0.99880810488677
gpcr,D00790,667467,hsa:1813,P14416,-7.9574,598,7475,0.08,597,0,0,597,1.0,597,1.0
gpcr,D00838,3033053,hsa:4986,P41145,-9.1544,26,7534,0.0034510220334483675,25,0,0,25,1.0,25,1.0
gpcr,D00838,3033053,hsa:4988,P35372,-7.7564,743,7534,0.09861959118662066,742,1,0,741,0.9986522911051213,741,0.9986522911051213
gpcr,D00845,65494,hsa:4988,P35372,-10.6473,496,7335,0.0676209952283572,495,0,0,495,1.0,495,1.0
gpcr,D00987,54746,hsa:1813,P14416,-8.3608,584,7449,0.07839978520606793,583,0,0,583,1.0,583,1.0
gpcr,D00996,441411,hsa:151,P18089,-7.3152,87,7206,0.012073272273105746,86,0,0,86,1.0,86,1.0
gpcr,D00996,441411,hsa:153,P08588,-6.8435,453,7206,0.06286427976686094,452,2,0,450,0.995575221238938,450,0.995575221238938
gpcr,D00996,441411,hsa:154,P07550,-6.9384,333,7206,0.04621149042464613,332,1,0,331,0.9969879518072289,331,0.9969879518072289
gpcr,D01022,66259,hsa:150,P08913,-6.8921,1462,7402,0.19751418535530937,1461,1,0,1460,0.999315537303217,1460,0.999315537303217
gpcr,D01022,66259,hsa:151,P18089,-6.6499,2048,7402,0.276681977843826,2047,2,0,2045,0.9990229604298974,2045,0.9990229604298974
gpcr,D01022,66259,hsa:152,P18825,-7.3832,629,7402,0.084977033234261,628,0,0,628,1.0,628,1.0
gpcr,D01051,5265,hsa:3350,P08908,-8.8879,1320,7385,0.17874069058903183,1319,2,0,1317,0.9984836997725549,1317,0.9984836997725549
gpcr,D01051,5265,hsa:3356,P28223,-10.5858,124,7385,0.01679079214624238,123,0,0,123,1.0,123,1.0
gpcr,D01051,5265,hsa:3363,P34969,-9.0294,1144,7385,0.15490859851049424,1143,1,0,1142,0.9991251093613298,1142,0.9991251093613298
gpcr,D01071,3608,hsa:3577,P25024,-7.2014,1071,7475,0.14327759197324413,1070,0,0,1070,1.0,1070,1.0
gpcr,D01103,107979,hsa:1128,P11229,-1.2134,1227,7618,0.1610658965607771,1226,0,0,1226,1.0,1226,1.0
gpcr,D01118,122824,hsa:1128,P11229,-6.9398,1086,7230,0.15020746887966804,1085,0,0,1085,1.0,1085,1.0
gpcr,D01164,60795,hsa:1813,P14416,-9.8461,278,7385,0.037643872714962764,277,1,0,276,0.9963898916967509,276,0.9963898916967509
gpcr,D01164,60795,hsa:1814,P35462,-9.3078,583,7385,0.07894380501015572,582,4,0,578,0.993127147766323,578,0.993127147766323
gpcr,D01164,60795,hsa:3350,P08908,-7.9953,2199,7385,0.2977657413676371,2198,5,0,2193,0.9977252047315741,2193,0.9977252047315741
gpcr,D01164,60795,hsa:3356,P28223,-9.7679,310,7385,0.04197698036560596,309,2,0,307,0.9935275080906149,307,0.9935275080906149
gpcr,D01164,60795,hsa:3357,P41595,-9.852,276,7385,0.037373053486797564,275,0,0,275,1.0,275,1.0
gpcr,D01164,60795,hsa:3358,P28335,-9.3539,551,7385,0.07461069735951252,550,3,0,547,0.9945454545454545,547,0.9945454545454545
gpcr,D01227,27522,hsa:1910,P24530,-7.6228,626,7525,0.08318936877076412,625,0,0,625,1.0,625,1.0
gpcr,D01236,28620,hsa:552,P37288,4.2522,7247,7276,0.9960142935678944,7246,1,0,7245,0.9998619928236269,7245,0.9998619928236269
gpcr,D01236,28620,hsa:554,P30518,-8.0291,3784,7276,0.520065970313359,3783,0,0,3783,1.0,3783,1.0
gpcr,D01269,443939,hsa:1128,P11229,-9.634,575,6513,0.08828496852448948,574,0,0,574,1.0,574,1.0
gpcr,D01297,4066,hsa:1128,P11229,-8.5074,606,7532,0.0804567180031864,605,0,0,605,1.0,605,1.0
gpcr,D01324,5468,hsa:3269,P35367,-6.7518,3031,7475,0.40548494983277594,3030,0,0,3030,1.0,3030,1.0
gpcr,D01332,2329,hsa:3269,P35367,-8.7737,1658,7450,0.2225503355704698,1657,0,0,1657,1.0,1657,1.0
gpcr,D01386,443958,hsa:154,P07550,-7.9729,3645,7445,0.4895903290799194,3644,0,0,3644,1.0,3644,1.0
gpcr,D01390,2176,hsa:153,P08588,-7.203,1951,7287,0.2677370660079594,1950,0,0,1950,1.0,1950,1.0
gpcr,D01390,2176,hsa:154,P07550,-6.7554,3039,7287,0.41704405104981473,3038,1,0,3037,0.999670836076366,3037,0.999670836076366
gpcr,D01454,5282421,hsa:153,P08588,-9.8047,766,7362,0.10404781309426786,765,0,0,765,1.0,765,1.0
gpcr,D01454,5282421,hsa:154,P07550,-8.4656,3023,7362,0.4106221135560989,3022,1,0,3021,0.999669093315685,3021,0.999669093315685
gpcr,D01462,3395,hsa:1813,P14416,-9.5967,138,7530,0.018326693227091632,137,0,0,137,1.0,137,1.0
gpcr,D01603,65889,hsa:150,P08913,-9.0126,1153,7294,0.1580751302440362,1152,1,0,1151,0.9991319444444444,1151,0.9991319444444444
gpcr,D01603,65889,hsa:151,P18089,-8.862,1369,7294,0.18768851110501783,1368,2,0,1366,0.9985380116959064,1366,0.9985380116959064
gpcr,D01603,65889,hsa:152,P18825,-9.7265,434,7294,0.05950095969289827,433,0,0,433,1.0,433,1.0
gpcr,D01699,151170,hsa:1131,P20309,-7.7095,1681,7467,0.2251238783982858,1680,0,0,1680,1.0,1680,1.0
gpcr,D01712,157313,hsa:134,P30542,-8.8043,837,7173,0.11668757841907151,836,1,0,835,0.9988038277511961,835,0.9988038277511961
gpcr,D01712,157313,hsa:135,P29274,-9.9976,108,7173,0.015056461731493099,107,0,0,107,1.0,107,1.0
gpcr,D01717,54384,hsa:3269,P35367,-8.2954,2260,7286,0.3101839143562998,2259,0,0,2259,1.0,2259,1.0
gpcr,D01745,3151,hsa:1813,P14416,-10.4906,285,7384,0.038596966413867825,284,0,0,284,1.0,284,1.0
gpcr,D01782,5284472,hsa:3269,P35367,-7.2888,2581,7471,0.34546914736983003,2580,0,0,2580,1.0,2580,1.0
gpcr,D01828,2161,hsa:10800,Q9Y271,-9.2859,410,7397,0.055427876166013246,409,0,0,409,1.0,409,1.0
gpcr,D01871,71177,hsa:1128,P11229,-9.2131,368,6465,0.05692188708430008,367,2,0,365,0.9945504087193461,365,0.9945504087193461
gpcr,D01871,71177,hsa:1129,P08172,-8.9608,546,6465,0.08445475638051043,545,3,0,542,0.9944954128440368,542,0.9944954128440368
gpcr,D01871,71177,hsa:1131,P20309,-8.4794,1064,6465,0.1645784996133024,1063,4,0,1059,0.9962370649106302,1059,0.9962370649106302
gpcr,D01871,71177,hsa:1132,P08173,-9.2308,357,6465,0.05522041763341067,356,1,0,355,0.9971910112359551,355,0.9971910112359551
gpcr,D01871,71177,hsa:1133,P08912,-10.0075,78,6465,0.012064965197215777,77,0,0,77,1.0,77,1.0
gpcr,D01891,5311225,hsa:5733,P43115,-8.4102,217,7523,0.02884487571447561,216,0,0,216,1.0,216,1.0
gpcr,D01973,656631,hsa:3350,P08908,-9.6323,373,6757,0.055202012727541806,372,3,0,369,0.9919354838709677,369,0.9919354838709677
gpcr,D01973,656631,hsa:3351,P28222,-9.5903,397,6757,0.05875388486014504,396,4,0,392,0.98989898989899,392,0.98989898989899
gpcr,D01973,656631,hsa:3352,P28221,-8.9038,877,6757,0.12979132751220956,876,5,0,871,0.9942922374429224,871,0.9942922374429224
gpcr,D01973,656631,hsa:3354,P28566,-9.7688,315,6757,0.04661832174041734,314,2,0,312,0.9936305732484076,312,0.9936305732484076
gpcr,D01973,656631,hsa:3355,P30939,-10.3818,113,6757,0.016723397957673525,112,1,0,111,0.9910714285714286,111,0.9910714285714286
gpcr,D01973,656631,hsa:3357,P41595,-10.4359,105,6757,0.015539440580139115,104,0,0,104,1.0,104,1.0
gpcr,D01973,656631,hsa:3363,P34969,-8.8976,879,6757,0.13008731685659317,878,6,0,872,0.9931662870159453,872,0.9931662870159453
gpcr,D02007,5282469,hsa:7201,P34981,-9.5673,718,7202,0.09969452929741739,717,0,0,717,1.0,717,1.0
gpcr,D02070,10429215,hsa:1128,P11229,-1.2973,324,7623,0.04250295159386069,323,0,0,323,1.0,323,1.0
gpcr,D02070,10429215,hsa:1129,P08172,-1.1812,1251,7623,0.1641086186540732,1250,2,0,1248,0.9984,1248,0.9984
gpcr,D02070,10429215,hsa:1131,P20309,-1.201,1036,7623,0.13590449954086317,1035,1,0,1034,0.9990338164251208,1034,0.9990338164251208
gpcr,D02070,10429215,hsa:1132,P08173,-1.0827,2785,7623,0.36534172897809264,2784,4,0,2780,0.9985632183908046,2780,0.9985632183908046
gpcr,D02070,10429215,hsa:1133,P08912,-1.0993,2457,7623,0.32231404958677684,2456,3,0,2453,0.9987785016286646,2453,0.9987785016286646
gpcr,D02076,54405,hsa:150,P08913,-10.147,176,7285,0.024159231297185998,175,0,0,175,1.0,175,1.0
gpcr,D02076,54405,hsa:151,P18089,-8.5792,2030,7285,0.2786547700754976,2029,1,0,2028,0.9995071463775259,2028,0.9995071463775259
gpcr,D02076,54405,hsa:152,P18825,-8.4631,2277,7285,0.31256005490734384,2276,2,0,2274,0.9991212653778558,2274,0.9991212653778558
gpcr,D02082,5282474,hsa:185,P30556,-9.9144,111,6765,0.016407982261640797,110,0,0,110,1.0,110,1.0
gpcr,D02147,2083,hsa:154,P07550,-7.604,100,7534,0.013273161667109106,99,0,0,99,1.0,99,1.0
gpcr,D02149,5815,hsa:150,P08913,-7.7868,1220,7226,0.168834763354553,1219,3,0,1216,0.9975389663658737,1216,0.9975389663658737
gpcr,D02149,5815,hsa:151,P18089,-7.0341,3065,7226,0.42416274564074175,3064,4,0,3060,0.9986945169712794,3060,0.9986945169712794
gpcr,D02149,5815,hsa:152,P18825,-8.0402,790,7226,0.1093274287295876,789,2,0,787,0.9974651457541192,787,0.9974651457541192
gpcr,D02149,5815,hsa:153,P08588,-8.1755,615,7226,0.08510932742872959,614,1,0,613,0.998371335504886,613,0.998371335504886
gpcr,D02149,5815,hsa:154,P07550,-8.2071,583,7226,0.08068087461942984,582,0,0,582,1.0,582,1.0
gpcr,D02150,656783,hsa:153,P08588,-7.211,202,7473,0.027030643650475042,201,0,0,201,1.0,201,1.0
gpcr,D02150,656783,hsa:154,P07550,-6.6764,893,7473,0.11949685534591195,892,1,0,891,0.9988789237668162,891,0.9988789237668162
gpcr,D02327,11224,hsa:1128,P11229,-7.2833,2551,7384,0.34547670639219935,2550,0,0,2550,1.0,2550,1.0
gpcr,D02327,11224,hsa:3269,P35367,-7.2002,2775,7384,0.37581256771397614,2774,1,0,2773,0.9996395097332372,2773,0.9996395097332372
gpcr,D02338,1978,hsa:153,P08588,-8.341,44,7461,0.00589733279721217,43,0,0,43,1.0,43,1.0
gpcr,D02338,1978,hsa:154,P07550,-7.737,320,7461,0.042889693070633964,319,1,0,318,0.9968652037617555,318,0.9968652037617555
gpcr,D02340,3964,hsa:1813,P14416,-8.6237,523,7406,0.07061841749932488,522,1,0,521,0.9980842911877394,521,0.9980842911877394
gpcr,D02340,3964,hsa:1814,P35462,-7.8189,1600,7406,0.21604104779908181,1599,2,0,1597,0.9987492182614134,1597,0.9987492182614134
gpcr,D02340,3964,hsa:3356,P28223,-10.7321,3,7406,0.0004050769646232784,2,0,0,2,1.0,2,1.0
gpcr,D02342,2405,hsa:153,P08588,-7.7351,58,7471,0.0077633516262883145,57,0,0,57,1.0,57,1.0
gpcr,D02342,2405,hsa:154,P07550,-6.6093,1006,7471,0.13465399544906972,1005,1,0,1004,0.9990049751243781,1004,0.9990049751243781
gpcr,D02349,3105,hsa:150,P08913,-7.187,838,7464,0.1122722400857449,837,0,0,837,1.0,837,1.0
gpcr,D02354,5440,hsa:1128,P11229,-7.1945,1658,7531,0.22015668569911034,1657,8,0,1649,0.9951719975859988,1649,0.9951719975859988
gpcr,D02354,5440,hsa:1129,P08172,-7.4972,1155,7531,0.15336608684105696,1154,7,0,1147,0.9939341421143848,1147,0.9939341421143848
gpcr,D02354,5440,hsa:1131,P20309,-7.1163,1824,7531,0.24219891116717568,1823,9,0,1814,0.9950630828304992,1814,0.9950630828304992
gpcr,D02354,5440,hsa:1132,P08173,-8.3005,297,7531,0.03943699375912894,296,1,0,295,0.9966216216216216,295,0.9966216216216216
gpcr,D02354,5440,hsa:1133,P08912,-7.9697,545,7531,0.07236754747045546,544,3,0,541,0.9944852941176471,541,0.9944852941176471
gpcr,D02354,5440,hsa:1812,P21728,-7.8994,624,7531,0.0828575222414022,623,5,0,618,0.9919743178170144,618,0.9919743178170144
gpcr,D02354,5440,hsa:1813,P14416,-7.9465,569,7531,0.07555437524897092,568,4,0,564,0.9929577464788732,564,0.9929577464788732
gpcr,D02354,5440,hsa:1815,P21917,-8.9488,55,7531,0.007303146992431284,54,0,0,54,1.0,54,1.0
gpcr,D02354,5440,hsa:3269,P35367,-6.5851,3100,7531,0.41163192139158145,3099,10,0,3089,0.9967731526298806,3089,0.9967731526298806
gpcr,D02354,5440,hsa:3356,P28223,-7.8225,716,7531,0.09507369539237817,715,6,0,709,0.9916083916083916,709,0.9916083916083916
gpcr,D02354,5440,hsa:3358,P28335,-8.2217,353,7531,0.04687292524233169,352,2,0,350,0.9943181818181818,350,0.9943181818181818
gpcr,D02356,2520,hsa:1128,P11229,-6.4008,2714,7454,0.3640998121813791,2713,3,0,2710,0.9988942130482861,2710,0.9988942130482861
gpcr,D02356,2520,hsa:1129,P08172,-7.1657,1072,7454,0.1438154011269117,1071,0,0,1071,1.0,1071,1.0
gpcr,D02356,2520,hsa:150,P08913,-6.9827,1387,7454,0.1860745908237188,1386,1,0,1385,0.9992784992784993,1385,0.9992784992784993
gpcr,D02356,2520,hsa:151,P18089,-6.665,2043,7454,0.27408103031929165,2042,2,0,2040,0.9990205680705191,2040,0.9990205680705191
gpcr,D02357,9681,hsa:3356,P28223,-8.4658,913,7388,0.12357877639415268,912,0,0,912,1.0,912,1.0
gpcr,D02358,4171,hsa:153,P08588,-6.9607,400,7475,0.05351170568561873,399,0,0,399,1.0,399,1.0
gpcr,D02359,33572,hsa:154,P07550,-8.7683,151,7532,0.020047796070100904,150,0,0,150,1.0,150,1.0
gpcr,D02361,4940,hsa:1128,P11229,-6.9746,1897,7472,0.2538811563169165,1896,7,0,1889,0.9963080168776371,1889,0.9963080168776371
gpcr,D02361,4940,hsa:1129,P08172,-8.6225,125,7472,0.01672912205567452,124,1,0,123,0.9919354838709677,123,0.9919354838709677
gpcr,D02361,4940,hsa:1131,P20309,-6.6798,2581,7472,0.3454229122055675,2580,8,0,2572,0.9968992248062015,2572,0.9968992248062015
gpcr,D02361,4940,hsa:1132,P08173,-8.4696,188,7472,0.025160599571734475,187,2,0,185,0.9893048128342246,185,0.9893048128342246
gpcr,D02361,4940,hsa:1133,P08912,-8.393,212,7472,0.028372591006423982,211,3,0,208,0.985781990521327,208,0.985781990521327
gpcr,D02361,4940,hsa:1812,P21728,-7.7801,631,7472,0.08444860813704497,630,6,0,624,0.9904761904761905,624,0.9904761904761905
gpcr,D02361,4940,hsa:1813,P14416,-8.6453,121,7472,0.016193790149892934,120,0,0,120,1.0,120,1.0
gpcr,D02361,4940,hsa:1815,P21917,-8.2301,284,7472,0.03800856531049251,283,4,0,279,0.9858657243816255,279,0.9858657243816255
gpcr,D02361,4940,hsa:3269,P35367,-6.3345,3523,7472,0.4714935760171306,3522,10,0,3512,0.997160704145372,3512,0.997160704145372
gpcr,D02361,4940,hsa:3356,P28223,-6.5945,2794,7472,0.3739293361884368,2793,9,0,2784,0.9967776584317938,2784,0.9967776584317938
gpcr,D02361,4940,hsa:3358,P28335,-7.7967,613,7472,0.08203961456102783,612,5,0,607,0.9918300653594772,607,0.9918300653594772
gpcr,D02374,31477,hsa:153,P08588,-8.2439,41,7472,0.005487152034261242,40,0,0,40,1.0,40,1.0
gpcr,D02374,31477,hsa:154,P07550,-7.9588,115,7472,0.015390792291220557,114,1,0,113,0.9912280701754386,113,0.9912280701754386
gpcr,D02566,4011,hsa:11255,Q9Y5N1,-7.1127,2954,7581,0.3896583564173592,2953,0,0,2953,1.0,2953,1.0
gpcr,D02566,4011,hsa:3269,P35367,-7.0052,3269,7581,0.4312096029547553,3268,1,0,3267,0.9996940024479805,3267,0.9996940024479805
gpcr,D02578,82148,hsa:3358,P28335,-8.1835,540,7538,0.0716370390023879,539,1,0,538,0.9981447124304267,538,0.9981447124304267
gpcr,D02578,82148,hsa:4543,P48039,-8.2333,493,7538,0.06540196338551339,492,0,0,492,1.0,492,1.0
gpcr,D02588,6917793,hsa:7201,P34981,-8.5525,467,7285,0.06410432395332875,466,0,0,466,1.0,466,1.0
gpcr,D02614,5311064,hsa:153,P08588,-8.7208,92,7467,0.012320878532208384,91,0,0,91,1.0,91,1.0
gpcr,D02671,4078,hsa:1812,P21728,-8.4355,617,7466,0.08264130725957675,616,1,0,615,0.9983766233766234,615,0.9983766233766234
gpcr,D02671,4078,hsa:1813,P14416,-9.0328,203,7466,0.027189927672113583,202,0,0,202,1.0,202,1.0
gpcr,D02671,4078,hsa:1814,P35462,-8.1747,905,7466,0.12121618001607286,904,2,0,902,0.9977876106194691,902,0.9977876106194691
gpcr,D02671,4078,hsa:3356,P28223,-7.0867,2930,7466,0.39244575408518617,2929,3,0,2926,0.99897575964493,2926,0.99897575964493
gpcr,D02725,5312153,hsa:5733,P43115,-8.0578,1124,7372,0.15246880086814976,1123,0,0,1123,1.0,1123,1.0
gpcr,D02884,21850,hsa:134,P30542,-7.9036,2385,7328,0.3254639737991266,2384,1,0,2383,0.9995805369127517,2383,0.9995805369127517
gpcr,D02884,21850,hsa:135,P29274,-8.301,1494,7328,0.2038755458515284,1493,0,0,1493,1.0,1493,1.0
gpcr,D02910,2157,hsa:153,P08588,-7.5723,635,7455,0.085177733065057,634,0,0,634,1.0,634,1.0
gpcr,D03165,31101,hsa:1813,P14416,-10.3919,338,7226,0.04677553279822862,337,0,0,337,1.0,337,1.0
gpcr,D03187,5311035,hsa:5732,P43116,-8.2469,135,7524,0.017942583732057416,134,0,0,134,1.0,134,1.0
gpcr,D03210,9869929,hsa:1234,P51681,-7.9901,2068,7183,0.2879019908116386,2067,0,0,2067,1.0,2067,1.0
gpcr,D03415,3033824,hsa:153,P08588,-6.3829,2072,7442,0.27841977962913195,2071,1,0,2070,0.9995171414775471,2070,0.9995171414775471
gpcr,D03415,3033824,hsa:154,P07550,-7.0075,623,7442,0.08371405536146197,622,0,0,622,1.0,622,1.0
gpcr,D03442,66383,hsa:886,P32238,-10.6031,225,7348,0.030620577027762656,224,1,0,223,0.9955357142857143,223,0.9955357142857143
gpcr,D03442,66383,hsa:887,P32239,-10.8649,145,7348,0.019733260751224824,144,0,0,144,1.0,144,1.0
gpcr,D03490,50963,hsa:153,P08588,-6.8058,789,7409,0.10649210419759751,788,1,0,787,0.998730964467005,787,0.998730964467005
gpcr,D03490,50963,hsa:154,P07550,-7.4107,166,7409,0.022405182885679577,165,0,0,165,1.0,165,1.0
gpcr,D03621,54343,hsa:1128,P11229,-6.6883,3103,7319,0.4239650225440634,3102,2,0,3100,0.9993552546744036,3100,0.9993552546744036
gpcr,D03621,54343,hsa:1129,P08172,-8.8884,286,7319,0.03907637655417407,285,0,0,285,1.0,285,1.0
gpcr,D03621,54343,hsa:1131,P20309,-7.8208,1219,7319,0.16655280776062303,1218,1,0,1217,0.9991789819376026,1217,0.9991789819376026
gpcr,D03621,54343,hsa:3269,P35367,-6.2729,3933,7319,0.5373684929635196,3932,3,0,3929,0.9992370295015259,3929,0.9992370295015259
gpcr,D03654,2973,hsa:1131,P20309,-5.5277,4665,7319,0.6373821560322448,4664,0,0,4664,1.0,4664,1.0
gpcr,D03858,3055,hsa:1128,P11229,-8.1242,746,7532,0.09904407859798195,745,1,0,744,0.9986577181208054,744,0.9986577181208054
gpcr,D03858,3055,hsa:1129,P08172,-8.6335,345,7532,0.04580456718003186,344,0,0,344,1.0,344,1.0
gpcr,D03858,3055,hsa:1131,P20309,-8.1004,780,7532,0.10355815188528943,779,2,0,777,0.9974326059050064,777,0.9974326059050064
gpcr,D03879,36811,hsa:153,P08588,-9.7146,25,7532,0.003319171534784918,24,0,0,24,1.0,24,1.0
gpcr,D03879,36811,hsa:154,P07550,-9.1589,131,7532,0.01739245884227297,130,1,0,129,0.9923076923076923,129,0.9923076923076923
gpcr,D03880,3038222,hsa:153,P08588,-8.0303,1909,7332,0.2603655210038189,1908,0,0,1908,1.0,1908,1.0
gpcr,D03880,3038222,hsa:154,P07550,-7.6891,2698,7332,0.3679759956355701,2697,1,0,2696,0.9996292176492398,2696,0.9996292176492398
gpcr,D03881,208850,hsa:153,P08588,-10.2639,752,7427,0.10125218796283829,751,0,0,751,1.0,751,1.0
gpcr,D03881,208850,hsa:154,P07550,-8.8085,3205,7427,0.4315335936448095,3204,1,0,3203,0.9996878901373284,3203,0.9996878901373284
gpcr,D03966,156665,hsa:2912,Q14416,-1.7837,1883,7284,0.2585118066996156,1882,2,0,1880,0.9989373007438895,1880,0.9989373007438895
gpcr,D03966,156665,hsa:2913,Q14832,-1.868,1085,7284,0.14895661724327292,1084,0,0,1084,1.0,1084,1.0
gpcr,D03966,156665,hsa:2918,O00222,-1.8229,1458,7284,0.200164744645799,1457,1,0,1456,0.9993136582017845,1456,0.9993136582017845
gpcr,D04034,23724898,hsa:150,P08913,-11.9098,603,7206,0.08368026644462948,602,0,0,602,1.0,602,1.0
gpcr,D04034,23724898,hsa:151,P18089,-10.3677,2365,7206,0.3281987232861504,2364,2,0,2362,0.9991539763113367,2362,0.9991539763113367
gpcr,D04034,23724898,hsa:152,P18825,-11.6467,783,7206,0.10865945045795171,782,1,0,781,0.9987212276214834,781,0.9987212276214834
gpcr,D04040,5281037,hsa:185,P30556,-7.8479,959,7271,0.13189382478338604,958,0,0,958,1.0,958,1.0
gpcr,D04375,5702063,hsa:150,P08913,-6.4033,1723,7475,0.23050167224080267,1722,0,0,1722,1.0,1722,1.0
gpcr,D04625,3762,hsa:153,P08588,-7.1688,326,7534,0.04327050703477568,325,0,0,325,1.0,325,1.0
gpcr,D04716,15130,hsa:4988,P35372,-6.6002,1089,7532,0.14458311205523103,1088,0,0,1088,1.0,1088,1.0
gpcr,D04979,14677,hsa:3269,P35367,-6.8946,2658,7534,0.35280063711176,2657,0,0,2657,1.0,2657,1.0
gpcr,D05113,5360515,hsa:4988,P35372,-8.4882,719,7461,0.09636777911808068,718,0,2,718,1.0,716,0.9972144846796658
gpcr,D05129,50294,hsa:10800,Q9Y271,-8.4104,489,7460,0.06554959785522788,488,0,0,488,1.0,488,1.0
gpcr,D05129,50294,hsa:3269,P35367,-6.7594,3558,7460,0.4769436997319035,3557,1,0,3556,0.9997188642114141,3556,0.9997188642114141
gpcr,D05246,158781,hsa:185,P30556,-9.4936,194,7275,0.02666666666666667,193,0,0,193,1.0,193,1.0
gpcr,D05312,5284603,hsa:4985,P41143,-8.3481,547,7472,0.07320663811563169,546,1,0,545,0.9981684981684982,545,0.9981684981684982
gpcr,D05312,5284603,hsa:4986,P41145,-9.0023,136,7472,0.018201284796573874,135,0,0,135,1.0,135,1.0
gpcr,D05312,5284603,hsa:4988,P35372,-7.9916,981,7472,0.1312901498929336,980,2,0,978,0.9979591836734694,978,0.9979591836734694
gpcr,D05341,985,hsa:6010,P08100,-4.7177,3870,7537,0.5134668966432268,3869,0,0,3869,1.0,3869,1.0
gpcr,D05938,41693,hsa:4988,P35372,-8.1637,209,7461,0.028012330786757807,208,0,0,208,1.0,208,1.0
gpcr,D06056,135409453,hsa:3360,Q13639,-7.8027,801,7464,0.10731511254019292,800,0,0,800,1.0,800,1.0
ion_channel,D00110,122142,hsa:6331,Q14524,-7.0715,1984,7534,0.26333952747544465,1983,3,0,1980,0.9984871406959153,1980,0.9984871406959153
ion_channel,D00110,122142,hsa:6336,Q9Y5Y9,-7.3069,1487,7534,0.19737191398991238,1486,2,0,1484,0.9986541049798116,1484,0.9986541049798116
ion_channel,D00110,122142,hsa:6529,P30531,-8.0959,408,7534,0.05415449960180515,407,1,0,406,0.9975429975429976,406,0.9975429975429976
ion_channel,D00110,122142,hsa:6532,P31645,-8.6261,104,7534,0.01380408813379347,103,0,0,103,1.0,103,1.0
ion_channel,D00136,3559,hsa:2904,Q13224,-7.8271,2552,7312,0.3490153172866521,2551,0,0,2551,1.0,2551,1.0
ion_channel,D00195,5362471,hsa:1135,Q15822,-6.4892,4020,6005,0.6694421315570358,4019,3,0,4016,0.999253545658124,4016,0.999253545658124
ion_channel,D00195,5362471,hsa:1136,P32297,-6.4327,4158,6005,0.6924229808492922,4157,4,0,4153,0.9990377676208805,4153,0.9990377676208805
ion_channel,D00195,5362471,hsa:1137,P43681,-7.169,2341,6005,0.38984179850124895,2340,0,0,2340,1.0,2340,1.0
ion_channel,D00195,5362471,hsa:1139,P36544,-6.7887,3257,6005,0.5423813488759367,3256,2,0,3254,0.9993857493857494,3254,0.9993857493857494
ion_channel,D00195,5362471,hsa:55584,Q9UGM1,-6.9951,2741,6005,0.45645295587010826,2740,1,0,2739,0.9996350364963503,2739,0.9996350364963503
ion_channel,D00225,2118,hsa:2554,P14867,-7.1659,4311,7474,0.5767995718490768,4310,6,0,4304,0.9986078886310905,4304,0.9986078886310905
ion_channel,D00225,2118,hsa:2557,P48169,-7.5083,3321,7474,0.4443403799839443,3320,4,0,3316,0.9987951807228915,3316,0.9987951807228915
ion_channel,D00225,2118,hsa:2558,P31644,-7.7369,2737,7474,0.3662028364998662,2736,3,0,2733,0.9989035087719298,2733,0.9989035087719298
ion_channel,D00225,2118,hsa:2561,P47870,-7.8666,2406,7474,0.32191597538132194,2405,1,0,2404,0.9995841995841996,2404,0.9995841995841996
ion_channel,D00225,2118,hsa:2562,P28472,-7.7369,2736,7474,0.3660690393363661,2735,2,0,2733,0.9992687385740402,2733,0.9992687385740402
ion_channel,D00225,2118,hsa:2563,O14764,-7.3805,3701,7474,0.4951833021139952,3700,5,0,3695,0.9986486486486487,3695,0.9986486486486487
ion_channel,D00225,2118,hsa:2566,P18507,-8.5974,1018,7474,0.1362055124431362,1017,0,0,1017,1.0,1017,1.0
ion_channel,D00228,2170,hsa:6532,P31645,-8.6128,454,7326,0.06197106197106197,453,0,0,453,1.0,453,1.0
ion_channel,D00234,2247,hsa:3757,Q12809,-8.2373,2589,7281,0.35558302430984756,2588,0,0,2588,1.0,2588,1.0
ion_channel,D00252,2554,hsa:55800,Q9NY72,-7.0039,4424,7475,0.5918394648829431,4423,4,0,4419,0.9990956364458512,4419,0.9990956364458512
ion_channel,D00252,2554,hsa:6324,Q07699,-7.288,3628,7475,0.48535117056856186,3627,3,0,3624,0.9991728701406121,3624,0.9991728701406121
ion_channel,D00252,2554,hsa:6330,Q8IWT1,-6.6145,5468,7475,0.731505016722408,5467,6,0,5461,0.9989025059447595,5461,0.9989025059447595
ion_channel,D00252,2554,hsa:6332,Q01118,-9.1851,328,7475,0.04387959866220736,327,1,0,326,0.9969418960244648,326,0.9969418960244648
ion_channel,D00252,2554,hsa:6337,P37088,-9.0931,391,7475,0.052307692307692305,390,2,0,388,0.9948717948717949,388,0.9948717948717949
ion_channel,D00252,2554,hsa:6338,P51168,-6.9604,4533,7475,0.6064214046822742,4532,5,0,4527,0.9988967343336276,4527,0.9988967343336276
ion_channel,D00252,2554,hsa:6340,P51170,-9.2834,256,7475,0.034247491638795986,255,0,0,255,1.0,255,1.0
ion_channel,D00274,2769,hsa:3757,Q12809,-7.7652,1581,7280,0.21717032967032968,1580,0,0,1580,1.0,1580,1.0
ion_channel,D00293,3016,hsa:2554,P14867,-6.8811,3531,7410,0.47651821862348176,3530,6,0,3524,0.998300283286119,3524,0.998300283286119
ion_channel,D00293,3016,hsa:2557,P48169,-6.8625,3578,7410,0.48286099865047233,3577,7,0,3570,0.9980430528375733,3570,0.9980430528375733
ion_channel,D00293,3016,hsa:2558,P31644,-7.1753,2714,7410,0.3662618083670715,2713,5,0,2708,0.9981570217471434,2708,0.9981570217471434
ion_channel,D00293,3016,hsa:2561,P47870,-7.3005,2404,7410,0.3244264507422402,2403,1,0,2402,0.9995838535164377,2402,0.9995838535164377
ion_channel,D00293,3016,hsa:2562,P28472,-7.1753,2713,7410,0.3661268556005398,2712,4,0,2708,0.9985250737463127,2708,0.9985250737463127
ion_channel,D00293,3016,hsa:2563,O14764,-6.7262,4004,7410,0.5403508771929825,4003,8,0,3995,0.9980014988758431,3995,0.9980014988758431
ion_channel,D00293,3016,hsa:2566,P18507,-7.2501,2514,7410,0.33927125506072875,2513,3,0,2510,0.9988062077198567,2510,0.9988062077198567
ion_channel,D00293,3016,hsa:2741,P23415,-6.6902,4105,7410,0.5539811066126855,4104,9,0,4095,0.9978070175438597,4095,0.9978070175438597
ion_channel,D00293,3016,hsa:2742,P23416,-7.7158,1441,7410,0.19446693657219974,1440,0,0,1440,1.0,1440,1.0
ion_channel,D00293,3016,hsa:2743,P48167,-7.2566,2498,7410,0.33711201079622133,2497,2,0,2495,0.999199038846616,2495,0.999199038846616
ion_channel,D00294,3019,hsa:10008,Q9Y6H6,-4.7652,6639,7344,0.9040032679738562,6638,22,0,6616,0.9966857487194938,6616,0.9966857487194938
ion_channel,D00294,3019,hsa:27345,Q86W47,-5.433,5316,7344,0.7238562091503268,5315,17,0,5298,0.9968015051740358,5298,0.9968015051740358
ion_channel,D00294,3019,hsa:2890,P42261,-4.0092,7082,7344,0.9643246187363834,7081,25,0,7056,0.9964694252224262,7056,0.9964694252224262
ion_channel,D00294,3019,hsa:2891,P42262,-5.6783,4520,7344,0.6154684095860566,4519,14,0,4505,0.9969019694622704,4505,0.9969019694622704
ion_channel,D00294,3019,hsa:3738,P22001,-6.6163,1628,7344,0.22167755991285404,1627,4,0,1623,0.9975414874001229,1623,0.9975414874001229
ion_channel,D00294,3019,hsa:3745,Q14721,-5.5821,4840,7344,0.659041394335512,4839,16,0,4823,0.99669353172143,4823,0.99669353172143
ion_channel,D00294,3019,hsa:3746,P48547,-5.727,4354,7344,0.5928649237472767,4353,13,0,4340,0.9970135538708936,4340,0.9970135538708936
ion_channel,D00294,3019,hsa:3749,Q03721,-4.5717,6789,7344,0.9244281045751634,6788,24,0,6764,0.9964643488509134,6764,0.9964643488509134
ion_channel,D00294,3019,hsa:3751,Q9NZV8,-6.1864,2850,7344,0.3880718954248366,2849,9,0,2840,0.9968409968409968,2840,0.9968409968409968
ion_channel,D00294,3019,hsa:3752,Q9UK17,-6.4993,1924,7344,0.2619825708061002,1923,5,0,1918,0.9973998959958398,1918,0.9973998959958398
ion_channel,D00294,3019,hsa:3753,P15382,-5.6625,4566,7344,0.6217320261437909,4565,15,0,4550,0.9967141292442497,4550,0.9967141292442497
ion_channel,D00294,3019,hsa:3756,O95259,-5.3788,5479,7344,0.7460511982570807,5478,18,0,5460,0.9967141292442497,5460,0.9967141292442497
ion_channel,D00294,3019,hsa:3757,Q12809,-6.692,1438,7344,0.19580610021786493,1437,3,0,1434,0.9979123173277662,1434,0.9979123173277662
ion_channel,D00294,3019,hsa:3759,P63252,-2.7857,7306,7344,0.9948257080610022,7305,29,0,7276,0.9960301163586585,7276,0.9960301163586585
ion_channel,D00294,3019,hsa:3761,P48050,-3.5608,7207,7344,0.9813453159041394,7206,26,0,7180,0.9963918956425202,7180,0.9963918956425202
ion_channel,D00294,3019,hsa:3765,Q92806,-2.8945,7303,7344,0.994417211328976,7302,28,0,7274,0.9961654341276363,7274,0.9961654341276363
ion_channel,D00294,3019,hsa:3775,O00180,-6.1785,2873,7344,0.3912037037037037,2872,10,0,2862,0.9965181058495822,2862,0.9965181058495822
ion_channel,D00294,3019,hsa:3778,Q12791,-7.1683,546,7344,0.07434640522875817,545,0,0,545,1.0,545,1.0
ion_channel,D00294,3019,hsa:3781,Q9H2S1,-4.8114,6596,7344,0.8981481481481481,6595,21,0,6574,0.9968157695223654,6574,0.9968157695223654
ion_channel,D00294,3019,hsa:3783,O15554,-5.7579,4239,7344,0.5772058823529411,4238,12,0,4226,0.997168475696083,4226,0.997168475696083
ion_channel,D00294,3019,hsa:3784,P51787,-5.9319,3649,7344,0.4968681917211329,3648,11,0,3637,0.996984649122807,3637,0.996984649122807
ion_channel,D00294,3019,hsa:3785,O43526,-6.9336,930,7344,0.12663398692810457,929,1,0,928,0.9989235737351991,928,0.9989235737351991
ion_channel,D00294,3019,hsa:3786,O43525,-5.0144,6341,7344,0.8634259259259259,6340,20,0,6320,0.9968454258675079,6320,0.9968454258675079
ion_channel,D00294,3019,hsa:50801,Q9NYG8,-6.3972,2212,7344,0.30119825708061004,2211,7,0,2204,0.9968340117593849,2204,0.9968340117593849
ion_channel,D00294,3019,hsa:51305,Q9NPC2,-3.4271,7242,7344,0.9861111111111112,7241,27,0,7214,0.9962712332550753,7214,0.9962712332550753
ion_channel,D00294,3019,hsa:54207,P57789,-6.3549,2340,7344,0.31862745098039214,2339,8,0,2331,0.9965797349294571,2331,0.9965797349294571
ion_channel,D00294,3019,hsa:56479,Q9NR82,-5.2989,5713,7344,0.7779139433551199,5712,19,0,5693,0.9966736694677871,5693,0.9966736694677871
ion_channel,D00294,3019,hsa:8514,Q13303,-6.8492,1104,7344,0.1503267973856209,1103,2,0,1101,0.9981867633726201,1101,0.9981867633726201
ion_channel,D00294,3019,hsa:9132,P56696,-6.4147,2148,7344,0.29248366013071897,2147,6,0,2141,0.9972054028877504,2141,0.9972054028877504
ion_channel,D00294,3019,hsa:9992,Q9Y6J6,-4.6423,6741,7344,0.9178921568627451,6740,23,0,6717,0.9965875370919881,6717,0.9965875370919881
ion_channel,D00303,3114,hsa:55800,Q9NY72,-5.9794,3990,7386,0.5402112103980503,3989,4,0,3985,0.9989972424166458,3985,0.9989972424166458
ion_channel,D00303,3114,hsa:6324,Q07699,-5.653,5014,7386,0.6788518819388032,5013,5,0,5008,0.9990025932575304,5008,0.9990025932575304
ion_channel,D00303,3114,hsa:6330,Q8IWT1,-6.3145,2912,7386,0.3942594096940157,2911,3,0,2908,0.9989694263139814,2908,0.9989694263139814
ion_channel,D00303,3114,hsa:6337,P37088,-7.65,389,7386,0.05266720823178987,388,0,0,388,1.0,388,1.0
ion_channel,D00303,3114,hsa:6338,P51168,-6.8031,1642,7386,0.2223124830760899,1641,2,0,1639,0.9987812309567337,1639,0.9987812309567337
ion_channel,D00303,3114,hsa:6340,P51170,-7.5866,434,7386,0.05875981586785811,433,1,0,432,0.9976905311778291,432,0.9976905311778291
ion_channel,D00319,3333,hsa:773,O00555,-4.0949,7099,7464,0.9510986066452305,7098,2,0,7096,0.9997182304874612,7096,0.9997182304874612
ion_channel,D00319,3333,hsa:776,Q01668,-7.3382,282,7464,0.03778135048231511,281,0,0,281,1.0,281,1.0
ion_channel,D00319,3333,hsa:779,Q13698,-4.1888,7049,7464,0.9443997856377278,7048,1,0,7047,0.9998581157775256,7047,0.9998581157775256
ion_channel,D00326,3386,hsa:3781,Q9H2S1,-5.8047,5949,7472,0.7961723768736617,5948,0,0,5948,1.0,5948,1.0
ion_channel,D00329,3393,hsa:2554,P14867,-6.5484,3243,7313,0.44345685765075893,3242,5,0,3237,0.9984577421344849,3237,0.9984577421344849
ion_channel,D00329,3393,hsa:2557,P48169,-6.5978,3096,7313,0.4233556679885136,3095,4,0,3091,0.9987075928917609,3091,0.9987075928917609
ion_channel,D00329,3393,hsa:2558,P31644,-6.7321,2704,7313,0.36975249555585943,2703,3,0,2700,0.9988901220865705,2700,0.9988901220865705
ion_channel,D00329,3393,hsa:2561,P47870,-6.8203,2457,7313,0.33597702721181455,2456,1,0,2455,0.9995928338762216,2455,0.9995928338762216
ion_channel,D00329,3393,hsa:2562,P28472,-6.7321,2703,7313,0.3696157527690414,2702,2,0,2700,0.999259807549963,2700,0.999259807549963
ion_channel,D00329,3393,hsa:2563,O14764,-6.4845,3428,7313,0.46875427321208807,3427,6,0,3421,0.9982491975488765,3421,0.9982491975488765
ion_channel,D00329,3393,hsa:2566,P18507,-6.8892,2272,7313,0.3106796116504854,2271,0,0,2271,1.0,2271,1.0
ion_channel,D00331,3440,hsa:2554,P14867,-6.1606,4036,7319,0.5514414537505123,4035,2,0,4033,0.9995043370508054,4033,0.9995043370508054
ion_channel,D00331,3440,hsa:2557,P48169,-6.5964,2668,7319,0.36453067358928815,2667,0,0,2667,1.0,2667,1.0
ion_channel,D00331,3440,hsa:2558,P31644,-6.3061,3567,7319,0.487361661429157,3566,1,0,3565,0.9997195737521032,3565,0.9997195737521032
ion_channel,D00332,3446,hsa:5310,P98161,-5.6866,1400,7479,0.18719080090921247,1399,7,0,1392,0.9949964260185847,1392,0.9949964260185847
ion_channel,D00332,3446,hsa:55503,Q9H1D0,-5.6365,1583,7479,0.21165931274234523,1582,9,0,1573,0.9943109987357776,1573,0.9943109987357776
ion_channel,D00332,3446,hsa:55800,Q9NY72,-5.1568,3426,7479,0.45808263136782995,3425,15,0,3410,0.9956204379562044,3410,0.9956204379562044
ion_channel,D00332,3446,hsa:6261,P21817,-5.7203,1324,7479,0.17702901457414094,1323,6,0,1317,0.9954648526077098,1317,0.9954648526077098
ion_channel,D00332,3446,hsa:6262,Q92736,-5.4223,2358,7479,0.31528279181708785,2357,13,0,2344,0.9944845142129826,2344,0.9944845142129826
ion_channel,D00332,3446,hsa:6263,Q15413,-4.7352,5105,7479,0.6825778847439498,5104,20,0,5084,0.9960815047021944,5084,0.9960815047021944
ion_channel,D00332,3446,hsa:6324,Q07699,-5.0909,3701,7479,0.49485225297499663,3700,16,0,3684,0.9956756756756757,3684,0.9956756756756757
ion_channel,D00332,3446,hsa:6330,Q8IWT1,-4.5967,5570,7479,0.7447519721887953,5569,21,0,5548,0.9962291255162506,5548,0.9962291255162506
ion_channel,D00332,3446,hsa:6332,Q01118,-5.8537,976,7479,0.13049872977670812,975,5,0,970,0.9948717948717949,970,0.9948717948717949
ion_channel,D00332,3446,hsa:6337,P37088,-5.677,1430,7479,0.19120203235726702,1429,8,0,1421,0.9944016794961511,1421,0.9944016794961511
ion_channel,D00332,3446,hsa:6338,P51168,-5.4338,2317,7479,0.3098007755047466,2316,12,0,2304,0.9948186528497409,2304,0.9948186528497409
ion_channel,D00332,3446,hsa:6340,P51170,-6.1029,459,7479,0.061371841155234655,458,1,0,457,0.9978165938864629,457,0.9978165938864629
ion_channel,D00332,3446,hsa:773,O00555,-3.44,7204,7479,0.9632303783928333,7203,23,0,7180,0.996806886019714,7180,0.996806886019714
ion_channel,D00332,3446,hsa:774,Q00975,-5.5842,1757,7479,0.23492445514106164,1756,10,0,1746,0.9943052391799544,1746,0.9943052391799544
ion_channel,D00332,3446,hsa:776,Q01668,-5.8682,941,7479,0.1258189597539778,940,4,0,936,0.9957446808510638,936,0.9957446808510638
ion_channel,D00332,3446,hsa:777,Q15878,-5.9316,792,7479,0.10589651022864019,791,3,0,788,0.9962073324905183,788,0.9962073324905183
ion_channel,D00332,3446,hsa:779,Q13698,-3.7934,6989,7479,0.9344832196817756,6988,22,0,6966,0.9968517458500287,6966,0.9968517458500287
ion_channel,D00332,3446,hsa:781,P54289,-7.2111,2,7479,0.00026741542987030354,1,0,0,1,1.0,1,1.0
ion_channel,D00332,3446,hsa:782,Q02641,-4.9895,4128,7479,0.5519454472523064,4127,17,0,4110,0.9958807850739035,4110,0.9958807850739035
ion_channel,D00332,3446,hsa:784,P54284,-5.411,2399,7479,0.3207648081294291,2398,14,0,2384,0.994161801501251,2384,0.994161801501251
ion_channel,D00332,3446,hsa:785,O00305,-4.9713,4196,7479,0.5610375718678968,4195,19,0,4176,0.9954707985697259,4176,0.9954707985697259
ion_channel,D00332,3446,hsa:8911,Q9P0X4,-5.5361,1929,7479,0.25792218210990775,1928,11,0,1917,0.9942946058091287,1917,0.9942946058091287
ion_channel,D00332,3446,hsa:8913,O43497,-6.0997,465,7479,0.062174087444845566,464,2,0,462,0.9956896551724138,462,0.9956896551724138
ion_channel,D00332,3446,hsa:8989,O75762,-4.9796,4161,7479,0.5563578018451665,4160,18,0,4142,0.9956730769230769,4142,0.9956730769230769
ion_channel,D00335,3478,hsa:3767,Q14654,-7.4375,5031,7381,0.6816149573228559,5030,0,0,5030,1.0,5030,1.0
ion_channel,D00336,3488,hsa:1080,P13569,-9.8117,545,7370,0.07394843962008141,544,0,0,544,1.0,544,1.0
ion_channel,D00338,31640,hsa:2554,P14867,-7.4936,2140,7319,0.29238967072004374,2139,0,0,2139,1.0,2139,1.0
ion_channel,D00340,3639,hsa:3778,Q12791,-7.1265,863,7409,0.11647995680928601,862,0,0,862,1.0,862,1.0
ion_channel,D00345,3702,hsa:3753,P15382,-6.8489,4773,7312,0.6527625820568927,4772,1,0,4771,0.9997904442581727,4771,0.9997904442581727
ion_channel,D00345,3702,hsa:3784,P51787,-6.873,4708,7312,0.6438730853391685,4707,0,0,4707,1.0,4707,1.0
ion_channel,D00349,3784,hsa:776,Q01668,-7.6979,646,7460,0.08659517426273458,645,1,0,644,0.9984496124031008,644,0.9984496124031008
ion_channel,D00349,3784,hsa:779,Q13698,-4.7008,7020,7460,0.9410187667560321,7019,3,0,7016,0.9995725886878473,7016,0.9995725886878473
ion_channel,D00349,3784,hsa:781,P54289,-7.9346,407,7460,0.05455764075067024,406,0,0,406,1.0,406,1.0
ion_channel,D00349,3784,hsa:8913,O43497,-7.2489,1351,7460,0.18109919571045577,1350,2,0,1348,0.9985185185185185,1348,0.9985185185185185
ion_channel,D00351,47576,hsa:3757,Q12809,-8.5502,1982,7368,0.2690010857763301,1981,0,0,1981,1.0,1981,1.0
ion_channel,D00351,47576,hsa:3783,O15554,-8.4546,2181,7368,0.2960097719869707,2180,1,0,2179,0.9995412844036697,2179,0.9995412844036697
ion_channel,D00379,5503,hsa:3767,Q14654,-6.7255,4405,7406,0.5947880097218472,4404,0,0,4404,1.0,4404,1.0
ion_channel,D00392,5576,hsa:8913,O43497,-4.9392,2695,7505,0.35909393737508327,2694,0,0,2694,1.0,2694,1.0
ion_channel,D00394,5584,hsa:6532,P31645,-8.2123,404,7578,0.05331221958300343,403,0,0,403,1.0,403,1.0
ion_channel,D00437,4485,hsa:5310,P98161,-7.0026,561,7464,0.07516077170418006,560,1,0,559,0.9982142857142857,559,0.9982142857142857
ion_channel,D00437,4485,hsa:55503,Q9H1D0,-6.5992,1199,7464,0.16063772775991425,1198,7,0,1191,0.9941569282136895,1191,0.9941569282136895
ion_channel,D00437,4485,hsa:6261,P21817,-6.6724,1047,7464,0.1402733118971061,1046,6,0,1040,0.994263862332696,1040,0.994263862332696
ion_channel,D00437,4485,hsa:6262,Q92736,-7.0368,519,7464,0.06953376205787781,518,0,0,518,1.0,518,1.0
ion_channel,D00437,4485,hsa:6263,Q15413,-6.3457,1791,7464,0.23995176848874597,1790,9,0,1781,0.9949720670391061,1781,0.9949720670391061
ion_channel,D00437,4485,hsa:773,O00555,-3.6884,7226,7464,0.9681136120042872,7225,14,0,7211,0.9980622837370242,7211,0.9980622837370242
ion_channel,D00437,4485,hsa:776,Q01668,-6.9448,629,7464,0.0842711682743837,628,3,0,625,0.9952229299363057,625,0.9952229299363057
ion_channel,D00437,4485,hsa:777,Q15878,-7.0018,562,7464,0.07529474812433012,561,2,0,559,0.9964349376114082,559,0.9964349376114082
ion_channel,D00437,4485,hsa:779,Q13698,-3.9047,7161,7464,0.9594051446945338,7160,13,0,7147,0.9981843575418995,7147,0.9981843575418995
ion_channel,D00437,4485,hsa:781,P54289,-6.7847,862,7464,0.11548767416934619,861,4,0,857,0.9953542392566783,857,0.9953542392566783
ion_channel,D00437,4485,hsa:782,Q02641,-4.8379,6504,7464,0.8713826366559485,6503,12,0,6491,0.9981546978317699,6491,0.9981546978317699
ion_channel,D00437,4485,hsa:784,P54284,-5.7023,3930,7464,0.5265273311897106,3929,10,0,3919,0.9974548231102062,3919,0.9974548231102062
ion_channel,D00437,4485,hsa:785,O00305,-5.6927,3968,7464,0.5316184351554126,3967,11,0,3956,0.9972271237711117,3956,0.9972271237711117
ion_channel,D00437,4485,hsa:8913,O43497,-6.7639,887,7464,0.11883708467309753,886,5,0,881,0.9943566591422122,881,0.9943566591422122
ion_channel,D00437,4485,hsa:8989,O75762,-6.3912,1678,7464,0.22481243301178994,1677,8,0,1669,0.9952295766249255,1669,0.9952295766249255
ion_channel,D00438,4497,hsa:776,Q01668,-7.1787,792,7455,0.1062374245472837,791,0,0,791,1.0,791,1.0
ion_channel,D00464,4616,hsa:2554,P14867,-7.3748,2712,7329,0.37003683995088005,2711,0,0,2711,1.0,2711,1.0
ion_channel,D00474,4909,hsa:2554,P14867,-5.9183,4191,7539,0.5559092717867091,4190,0,0,4190,1.0,4190,1.0
ion_channel,D00495,8280,hsa:8911,Q9P0X4,-5.4843,1412,7543,0.18719342436696274,1411,0,0,1411,1.0,1411,1.0
ion_channel,D00499,4737,hsa:1135,Q15822,-5.4896,3971,7540,0.526657824933687,3970,6,0,3964,0.9984886649874055,3964,0.9984886649874055
ion_channel,D00499,4737,hsa:1136,P32297,-4.8889,6049,7540,0.8022546419098143,6048,11,0,6037,0.998181216931217,6037,0.998181216931217
ion_channel,D00499,4737,hsa:1137,P43681,-5.5747,3615,7540,0.47944297082228116,3614,0,0,3614,1.0,3614,1.0
ion_channel,D00499,4737,hsa:1141,P17787,-5.5722,3628,7540,0.48116710875331564,3627,1,0,3626,0.9997242900468707,3626,0.9997242900468707
ion_channel,D00499,4737,hsa:2554,P14867,-5.3365,4567,7540,0.6057029177718833,4566,7,0,4559,0.998466929478756,4559,0.998466929478756
ion_channel,D00499,4737,hsa:2557,P48169,-5.5696,3641,7540,0.48289124668435013,3640,2,0,3638,0.9994505494505495,3638,0.9994505494505495
ion_channel,D00499,4737,hsa:2558,P31644,-5.2357,4949,7540,0.6563660477453581,4948,10,0,4938,0.997978981406629,4938,0.997978981406629
ion_channel,D00499,4737,hsa:2561,P47870,-5.3171,4633,7540,0.6144562334217507,4632,8,0,4624,0.998272884283247,4624,0.998272884283247
ion_channel,D00499,4737,hsa:2562,P28472,-5.5437,3752,7540,0.49761273209549073,3751,4,0,3747,0.9989336177019461,3747,0.9989336177019461
ion_channel,D00499,4737,hsa:2563,O14764,-5.2366,4943,7540,0.6555702917771883,4942,9,0,4933,0.9981788749494132,4933,0.9981788749494132
ion_channel,D00499,4737,hsa:2566,P18507,-5.5007,3909,7540,0.5184350132625994,3908,5,0,3903,0.9987205731832139,3903,0.9987205731832139
ion_channel,D00499,4737,hsa:55584,Q9UGM1,-5.5642,3665,7540,0.4860742705570292,3664,3,0,3661,0.9991812227074236,3661,0.9991812227074236
ion_channel,D00512,1775,hsa:5310,P98161,-7.9349,1475,7534,0.1957791345898593,1474,13,0,1461,0.991180461329715,1461,0.991180461329715
ion_channel,D00512,1775,hsa:55503,Q9H1D0,-8.8803,311,7534,0.04127953278470932,310,3,0,307,0.9903225806451613,307,0.9903225806451613
ion_channel,D00512,1775,hsa:55800,Q9NY72,-6.576,5189,7534,0.6887443589062915,5188,23,0,5165,0.9955666923670008,5165,0.9955666923670008
ion_channel,D00512,1775,hsa:6261,P21817,-7.4656,2599,7534,0.34496947172816567,2598,19,0,2579,0.9926866820631255,2579,0.9926866820631255
ion_channel,D00512,1775,hsa:6262,Q92736,-7.7324,1925,7534,0.2555083620918503,1924,17,0,1907,0.9911642411642412,1907,0.9911642411642412
ion_channel,D00512,1775,hsa:6263,Q15413,-7.9,1542,7534,0.20467215290682242,1541,15,0,1526,0.9902660609993511,1526,0.9902660609993511
ion_channel,D00512,1775,hsa:6324,Q07699,-7.0491,3785,7534,0.5023891691000797,3784,20,0,3764,0.9947145877378436,3764,0.9947145877378436
ion_channel,D00512,1775,hsa:6328,Q9NY46,-8.1786,1046,7534,0.13883727103796123,1045,10,0,1035,0.9904306220095693,1035,0.9904306220095693
ion_channel,D00512,1775,hsa:6329,P35499,-8.3462,837,7534,0.1110963631537032,836,8,0,828,0.9904306220095693,828,0.9904306220095693
ion_channel,D00512,1775,hsa:6330,Q8IWT1,-6.5252,5307,7534,0.7044066896734802,5306,24,0,5282,0.9954768186958161,5282,0.9954768186958161
ion_channel,D00512,1775,hsa:6331,Q14524,-7.9458,1453,7534,0.1928590390230953,1452,12,0,1440,0.9917355371900827,1440,0.9917355371900827
ion_channel,D00512,1775,hsa:6332,Q01118,-8.9013,295,7534,0.03915582691797186,294,2,0,292,0.9931972789115646,292,0.9931972789115646
ion_channel,D00512,1775,hsa:6336,Q9Y5Y9,-8.5131,621,7534,0.08242633395274754,620,7,0,613,0.9887096774193549,613,0.9887096774193549
ion_channel,D00512,1775,hsa:6337,P37088,-8.263,942,7534,0.12503318290416776,941,9,0,932,0.9904357066950054,932,0.9904357066950054
ion_channel,D00512,1775,hsa:6338,P51168,-6.9039,4210,7534,0.5588001061852933,4209,21,0,4188,0.9950106913756237,4188,0.9950106913756237
ion_channel,D00512,1775,hsa:6340,P51170,-8.5977,539,7534,0.07154234138571808,538,6,0,532,0.9888475836431226,532,0.9888475836431226
ion_channel,D00512,1775,hsa:773,O00555,-5.67,6874,7534,0.9123971329970799,6873,26,0,6847,0.9962170813327513,6847,0.9962170813327513
ion_channel,D00512,1775,hsa:774,Q00975,-8.8252,346,7534,0.045925139368197504,345,5,0,340,0.9855072463768116,340,0.9855072463768116
ion_channel,D00512,1775,hsa:776,Q01668,-8.0909,1193,7534,0.15834881868861161,1192,11,0,1181,0.9907718120805369,1181,0.9907718120805369
ion_channel,D00512,1775,hsa:777,Q15878,-10.1078,12,7534,0.0015927794000530925,11,0,0,11,1.0,11,1.0
ion_channel,D00512,1775,hsa:779,Q13698,-5.587,6936,7534,0.9206264932306876,6935,27,0,6908,0.9961067051189618,6908,0.9961067051189618
ion_channel,D00512,1775,hsa:781,P54289,-9.0041,257,7534,0.0341120254844704,256,1,0,255,0.99609375,255,0.99609375
ion_channel,D00512,1775,hsa:782,Q02641,-6.1754,6139,7534,0.8148393947438279,6138,25,0,6113,0.9959270120560443,6113,0.9959270120560443
ion_channel,D00512,1775,hsa:784,P54284,-7.8017,1761,7534,0.23374037695779135,1760,16,0,1744,0.990909090909091,1744,0.990909090909091
ion_channel,D00512,1775,hsa:785,O00305,-6.765,4658,7534,0.6182638704539422,4657,22,0,4635,0.9952759287094696,4635,0.9952759287094696
ion_channel,D00512,1775,hsa:8911,Q9P0X4,-8.856,326,7534,0.04327050703477568,325,4,0,321,0.9876923076923076,321,0.9876923076923076
ion_channel,D00512,1775,hsa:8913,O43497,-7.6037,2267,7534,0.3009025749933634,2266,18,0,2248,0.9920564872021183,2248,0.9920564872021183
ion_channel,D00512,1775,hsa:8989,O75762,-7.9074,1528,7534,0.20281391027342713,1527,14,0,1513,0.9908316961362148,1513,0.9908316961362148
ion_channel,D00519,2720,hsa:3778,Q12791,-7.0835,978,7331,0.1334060837539217,977,0,0,977,1.0,977,1.0
ion_channel,D00521,5405,hsa:3757,Q12809,-9.1075,1028,7515,0.13679308050565536,1027,0,0,1027,1.0,1027,1.0
ion_channel,D00524,5831,hsa:1135,Q15822,-1.1218,2881,7623,0.3779351961170143,2880,3,0,2877,0.9989583333333333,2877,0.9989583333333333
ion_channel,D00524,5831,hsa:1136,P32297,-1.2722,540,7623,0.07083825265643448,539,0,0,539,1.0,539,1.0
ion_channel,D00524,5831,hsa:1137,P43681,-1.2282,1017,7623,0.1334120425029516,1016,1,0,1015,0.9990157480314961,1015,0.9990157480314961
ion_channel,D00524,5831,hsa:1141,P17787,-1.1637,2078,7623,0.272596090777909,2077,2,0,2075,0.999037072701011,2075,0.999037072701011
ion_channel,D00524,5831,hsa:55584,Q9UGM1,-0.967,5513,7623,0.7232060868424505,5512,4,0,5508,0.9992743105950653,5508,0.9992743105950653
ion_channel,D00528,2519,hsa:5024,P56373,-5.2355,3522,7544,0.4668610816542948,3521,2,0,3519,0.9994319795512638,3519,0.9994319795512638
ion_channel,D00528,2519,hsa:6261,P21817,-5.3057,3268,7544,0.43319194061505834,3267,1,0,3266,0.9996939087848179,3266,0.9996939087848179
ion_channel,D00528,2519,hsa:6262,Q92736,-5.8623,1578,7544,0.2091728525980912,1577,0,0,1577,1.0,1577,1.0
ion_channel,D00528,2519,hsa:6263,Q15413,-5.1892,3707,7544,0.49138388123011667,3706,3,0,3703,0.999190501888829,3703,0.999190501888829
ion_channel,D00530,5719,hsa:2554,P14867,-7.0402,3692,7471,0.49417748628028374,3691,4,0,3687,0.9989162828501761,3687,0.9989162828501761
ion_channel,D00530,5719,hsa:2557,P48169,-7.5201,2545,7471,0.34065051532592694,2544,2,0,2542,0.9992138364779874,2542,0.9992138364779874
ion_channel,D00530,5719,hsa:2558,P31644,-6.8325,4241,7471,0.5676616249498059,4240,6,0,4234,0.9985849056603774,4234,0.9985849056603774
ion_channel,D00530,5719,hsa:2561,P47870,-7.2356,3213,7471,0.43006290991835094,3212,3,0,3209,0.99906600249066,3209,0.99906600249066
ion_channel,D00530,5719,hsa:2562,P28472,-7.6357,2287,7471,0.30611698567795476,2286,1,0,2285,0.9995625546806649,2285,0.9995625546806649
ion_channel,D00530,5719,hsa:2563,O14764,-6.9326,3974,7471,0.531923437290858,3973,5,0,3968,0.9987415051598288,3968,0.9987415051598288
ion_channel,D00530,5719,hsa:2566,P18507,-7.6918,2172,7471,0.2907241333154865,2171,0,0,2171,1.0,2171,1.0
ion_channel,D00536,3331,hsa:2741,P23415,-5.5075,5330,7534,0.7074595168569153,5329,2,0,5327,0.99962469506474,5327,0.99962469506474
ion_channel,D00536,3331,hsa:2742,P23416,-6.6361,1886,7534,0.2503318290416777,1885,0,0,1885,1.0,1885,1.0
ion_channel,D00536,3331,hsa:2743,P48167,-6.0526,3626,7534,0.48128484204937616,3625,1,0,3624,0.9997241379310344,3624,0.9997241379310344
ion_channel,D00537,5284627,hsa:2554,P14867,-6.1185,4161,7471,0.5569535537411324,4160,1,0,4159,0.9997596153846153,4159,0.9997596153846153
ion_channel,D00537,5284627,hsa:2897,P39086,-6.2799,3640,7471,0.48721723999464595,3639,0,0,3639,1.0,3639,1.0
ion_channel,D00538,5734,hsa:55800,Q9NY72,-5.4286,5039,7417,0.6793851961709586,5038,5,0,5033,0.9990075426756649,5033,0.9990075426756649
ion_channel,D00538,5734,hsa:6324,Q07699,-6.1271,2799,7417,0.37737629769448566,2798,2,0,2796,0.9992852037169406,2796,0.9992852037169406
ion_channel,D00538,5734,hsa:6330,Q8IWT1,-5.8152,3798,7417,0.5120668733989484,3797,4,0,3793,0.9989465367395312,3793,0.9989465367395312
ion_channel,D00538,5734,hsa:6337,P37088,-6.3816,2036,7417,0.27450451665093706,2035,1,0,2034,0.9995085995085995,2034,0.9995085995085995
ion_channel,D00538,5734,hsa:6338,P51168,-6.0659,2995,7417,0.40380207631117704,2994,3,0,2991,0.998997995991984,2991,0.998997995991984
ion_channel,D00538,5734,hsa:6340,P51170,-6.622,1425,7417,0.1921261965754348,1424,0,0,1424,1.0,1424,1.0
ion_channel,D00539,3291,hsa:8911,Q9P0X4,-5.8063,778,7544,0.10312831389183456,777,0,0,777,1.0,777,1.0
ion_channel,D00539,3291,hsa:8913,O43497,-5.3244,2246,7544,0.29772004241781547,2245,1,0,2244,0.999554565701559,2244,0.999554565701559
ion_channel,D00542,3562,hsa:10369,Q9Y698,-4.6789,514,7545,0.0681245858184228,513,2,0,511,0.9961013645224172,511,0.9961013645224172
ion_channel,D00542,3562,hsa:2554,P14867,-4.1592,2432,7545,0.3223326706428098,2431,10,0,2421,0.9958864664747018,2421,0.9958864664747018
ion_channel,D00542,3562,hsa:2741,P23415,-3.8711,4053,7545,0.5371769383697813,4052,15,0,4037,0.9962981243830207,4037,0.9962981243830207
ion_channel,D00542,3562,hsa:2890,P42261,-2.6367,7215,7545,0.9562624254473161,7214,19,0,7195,0.9973662323260327,7195,0.9973662323260327
ion_channel,D00542,3562,hsa:3778,Q12791,-4.2429,2006,7545,0.26587143803843605,2005,7,0,1998,0.9965087281795512,1998,0.9965087281795512
ion_channel,D00542,3562,hsa:3783,O15554,-3.9784,3437,7545,0.45553346587143806,3436,14,0,3422,0.9959254947613504,3422,0.9959254947613504
ion_channel,D00542,3562,hsa:5310,P98161,-4.3856,1351,7545,0.17905897945659377,1350,5,0,1345,0.9962962962962963,1345,0.9962962962962963
ion_channel,D00542,3562,hsa:55503,Q9H1D0,-4.4178,1238,7545,0.16408217362491717,1237,4,0,1233,0.9967663702506063,1233,0.9967663702506063
ion_channel,D00542,3562,hsa:773,O00555,-2.6927,7188,7545,0.9526838966202783,7187,18,0,7169,0.9974954779462919,7169,0.9974954779462919
ion_channel,D00542,3562,hsa:774,Q00975,-4.5472,823,7545,0.10907886017229954,822,3,0,819,0.9963503649635036,819,0.9963503649635036
ion_channel,D00542,3562,hsa:776,Q01668,-4.2567,1937,7545,0.25672630881378394,1936,6,0,1930,0.996900826446281,1930,0.996900826446281
ion_channel,D00542,3562,hsa:777,Q15878,-4.7295,417,7545,0.055268389662027836,416,1,0,415,0.9975961538461539,415,0.9975961538461539
ion_channel,D00542,3562,hsa:779,Q13698,-2.883,7031,7545,0.9318754141815772,7030,17,0,7013,0.9975817923186344,7013,0.9975817923186344
ion_channel,D00542,3562,hsa:781,P54289,-5.3084,15,7545,0.0019880715705765406,14,0,0,14,1.0,14,1.0
ion_channel,D00542,3562,hsa:782,Q02641,-4.1762,2341,7545,0.31027170311464547,2340,9,0,2331,0.9961538461538462,2331,0.9961538461538462
ion_channel,D00542,3562,hsa:784,P54284,-4.1535,2470,7545,0.3273691186216037,2469,12,0,2457,0.9951397326852977,2457,0.9951397326852977
ion_channel,D00542,3562,hsa:785,O00305,-3.6404,5197,7545,0.6888005301524188,5196,16,0,5180,0.9969207082371054,5180,0.9969207082371054
ion_channel,D00542,3562,hsa:8911,Q9P0X4,-4.23,2063,7545,0.2734261100066269,2062,8,0,2054,0.9961202715809894,2054,0.9961202715809894
ion_channel,D00542,3562,hsa:8913,O43497,-4.1591,2433,7545,0.3224652087475149,2432,11,0,2421,0.9954769736842105,2421,0.9954769736842105
ion_channel,D00542,3562,hsa:8989,O75762,-4.0266,3155,7545,0.4181577203445991,3154,13,0,3141,0.9958782498414711,3141,0.9958782498414711
ion_channel,D00543,3226,hsa:2554,P14867,-4.7555,3416,7543,0.4528702107914623,3415,0,0,3415,1.0,3415,1.0
ion_channel,D00543,3226,hsa:2741,P23415,-4.6457,3913,7543,0.5187591144107119,3912,1,0,3911,0.9997443762781186,3911,0.9997443762781186
ion_channel,D00543,3226,hsa:2890,P42261,-2.9488,7300,7543,0.9677847010473286,7299,2,0,7297,0.9997259898616249,7297,0.9997259898616249
ion_channel,D00544,4116,hsa:2554,P14867,-4.1777,2827,7545,0.37468522200132537,2826,0,0,2826,1.0,2826,1.0
ion_channel,D00544,4116,hsa:2741,P23415,-3.9266,4208,7545,0.5577203445990723,4207,1,0,4206,0.9997623009270263,4206,0.9997623009270263
ion_channel,D00544,4116,hsa:2890,P42261,-2.6219,7282,7545,0.965142478462558,7281,2,0,7279,0.9997253124570801,7279,0.9997253124570801
ion_channel,D00545,3763,hsa:2554,P14867,-4.7986,2855,7544,0.37844644750795337,2854,1,0,2853,0.9996496145760336,2853,0.9996496145760336
ion_channel,D00545,3763,hsa:2557,P48169,-4.4072,4624,7544,0.6129374337221634,4623,4,0,4619,0.9991347609777201,4619,0.9991347609777201
ion_channel,D00545,3763,hsa:2558,P31644,-4.4857,4330,7544,0.573966065747614,4329,3,0,4326,0.9993069993069993,4326,0.9993069993069993
ion_channel,D00545,3763,hsa:2561,P47870,-5.2046,1169,7544,0.1549575821845175,1168,0,0,1168,1.0,1168,1.0
ion_channel,D00545,3763,hsa:2562,P28472,-4.4857,4329,7544,0.5738335100742312,4328,2,0,4326,0.9995378927911276,4326,0.9995378927911276
ion_channel,D00545,3763,hsa:2563,O14764,-4.3164,4966,7544,0.658271474019088,4965,6,0,4959,0.9987915407854985,4959,0.9987915407854985
ion_channel,D00545,3763,hsa:2566,P18507,-4.2414,5267,7544,0.698170731707317,5266,7,0,5259,0.9986707178123813,5259,0.9986707178123813
ion_channel,D00545,3763,hsa:2741,P23415,-4.3658,4779,7544,0.6334835630965006,4778,5,0,4773,0.9989535370447886,4773,0.9989535370447886
ion_channel,D00545,3763,hsa:2890,P42261,-2.9147,7291,7544,0.9664634146341463,7290,8,0,7282,0.9989026063100137,7282,0.9989026063100137
ion_channel,D00546,42113,hsa:2554,P14867,-4.8649,3083,7528,0.40953772582359194,3082,0,0,3082,1.0,3082,1.0
ion_channel,D00546,42113,hsa:2741,P23415,-4.4182,4958,7528,0.6586078639744952,4957,1,0,4956,0.9997982650796853,4956,0.9997982650796853
ion_channel,D00546,42113,hsa:2890,P42261,-2.941,7275,7528,0.9663921360255048,7274,2,0,7272,0.9997250481165796,7272,0.9997250481165796
ion_channel,D00547,5206,hsa:2554,P14867,-5.1615,2573,7582,0.33935637035083094,2572,2,0,2570,0.9992223950233281,2570,0.9992223950233281
ion_channel,D00547,5206,hsa:2557,P48169,-4.771,4116,7582,0.5428646795040887,4115,5,0,4110,0.9987849331713244,4110,0.9987849331713244
ion_channel,D00547,5206,hsa:2558,P31644,-4.4762,5177,7582,0.6828013716697441,5176,8,0,5168,0.9984544049459042,5168,0.9984544049459042
ion_channel,D00547,5206,hsa:2561,P47870,-5.3018,1963,7582,0.2589026642046953,1962,0,0,1962,1.0,1962,1.0
ion_channel,D00547,5206,hsa:2562,P28472,-4.9118,3557,7582,0.46913743075705616,3556,3,0,3553,0.999156355455568,3553,0.999156355455568
ion_channel,D00547,5206,hsa:2563,O14764,-4.4523,5250,7582,0.6924294381429702,5249,9,0,5240,0.9982853876928939,5240,0.9982853876928939
ion_channel,D00547,5206,hsa:2566,P18507,-4.8485,3823,7582,0.5042205222896333,3822,4,0,3818,0.998953427524856,3818,0.998953427524856
ion_channel,D00547,5206,hsa:2741,P23415,-4.4968,5107,7582,0.6735689791611712,5106,7,0,5099,0.9986290638464551,5099,0.9986290638464551
ion_channel,D00547,5206,hsa:2742,P23416,-5.2556,2169,7582,0.28607227644420996,2168,1,0,2167,0.9995387453874539,2167,0.9995387453874539
ion_channel,D00547,5206,hsa:2743,P48167,-4.7252,4293,7582,0.566209443418623,4292,6,0,4286,0.9986020503261882,4286,0.9986020503261882
ion_channel,D00547,5206,hsa:2890,P42261,-3.088,7289,7582,0.9613558427855448,7288,10,0,7278,0.9986278814489572,7278,0.9986278814489572
ion_channel,D00548,667484,hsa:2554,P14867,-5.7101,3907,7475,0.5226755852842809,3906,6,0,3900,0.9984639016897081,3900,0.9984639016897081
ion_channel,D00548,667484,hsa:2557,P48169,-6.0918,2669,7475,0.357056856187291,2668,0,0,2668,1.0,2668,1.0
ion_channel,D00548,667484,hsa:2558,P31644,-5.9148,3227,7475,0.4317056856187291,3226,3,0,3223,0.9990700557966522,3223,0.9990700557966522
ion_channel,D00548,667484,hsa:2561,P47870,-5.962,3059,7475,0.40923076923076923,3058,1,0,3057,0.9996729888816219,3057,0.9996729888816219
ion_channel,D00548,667484,hsa:2562,P28472,-5.9148,3226,7475,0.43157190635451503,3225,2,0,3223,0.9993798449612403,3223,0.9993798449612403
ion_channel,D00548,667484,hsa:2563,O14764,-5.7307,3844,7475,0.514247491638796,3843,5,0,3838,0.9986989331251627,3838,0.9986989331251627
ion_channel,D00548,667484,hsa:2566,P18507,-5.8191,3535,7475,0.4729096989966555,3534,4,0,3530,0.9988681380871534,3530,0.9988681380871534
ion_channel,D00549,4943,hsa:2554,P14867,-5.4668,3897,7582,0.5139804800844104,3896,5,0,3891,0.9987166324435318,3891,0.9987166324435318
ion_channel,D00549,4943,hsa:2557,P48169,-5.445,3975,7582,0.5242680031653917,3974,7,0,3967,0.998238550578762,3967,0.998238550578762
ion_channel,D00549,4943,hsa:2558,P31644,-5.6885,3120,7582,0.41150092323925086,3119,3,0,3116,0.9990381532542482,3116,0.9990381532542482
ion_channel,D00549,4943,hsa:2561,P47870,-5.759,2896,7582,0.38195726721181744,2895,1,0,2894,0.9996545768566494,2894,0.9996545768566494
ion_channel,D00549,4943,hsa:2562,P28472,-5.6885,3119,7582,0.4113690319176998,3118,2,0,3116,0.9993585631815266,3116,0.9993585631815266
ion_channel,D00549,4943,hsa:2563,O14764,-5.4079,4124,7582,0.5439198100764969,4123,8,0,4115,0.9980596652922629,4115,0.9980596652922629
ion_channel,D00549,4943,hsa:2566,P18507,-5.4481,3965,7582,0.5229490899498813,3964,6,0,3958,0.9984863773965691,3958,0.9984863773965691
ion_channel,D00549,4943,hsa:2741,P23415,-5.1543,5018,7582,0.6618306515431285,5017,9,0,5008,0.9982060992625075,5008,0.9982060992625075
ion_channel,D00549,4943,hsa:2742,P23416,-6.0853,1919,7582,0.25309944605644946,1918,0,0,1918,1.0,1918,1.0
ion_channel,D00549,4943,hsa:2743,P48167,-5.6362,3303,7582,0.43563703508309154,3302,4,0,3298,0.9987886129618413,3298,0.9987886129618413
ion_channel,D00550,4192,hsa:2554,P14867,-7.268,3544,7406,0.47853092087496624,3543,4,0,3539,0.9988710132655941,3539,0.9988710132655941
ion_channel,D00550,4192,hsa:2557,P48169,-6.8952,4625,7406,0.624493653794221,4624,6,0,4618,0.9987024221453287,4618,0.9987024221453287
ion_channel,D00550,4192,hsa:2558,P31644,-7.5576,2734,7406,0.36916014042668105,2733,3,0,2730,0.9989023051591658,2730,0.9989023051591658
ion_channel,D00550,4192,hsa:2561,P47870,-7.9257,1805,7406,0.2437213070483392,1804,1,0,1803,0.9994456762749445,1803,0.9994456762749445
ion_channel,D00550,4192,hsa:2562,P28472,-7.5576,2733,7406,0.36902511477180666,2732,2,0,2730,0.9992679355783309,2730,0.9992679355783309
ion_channel,D00550,4192,hsa:2563,O14764,-7.1248,3972,7406,0.5363219011612206,3971,5,0,3966,0.9987408713170486,3966,0.9987408713170486
ion_channel,D00550,4192,hsa:2566,P18507,-7.9942,1672,7406,0.2257628949500405,1671,0,0,1671,1.0,1671,1.0
ion_channel,D00552,2337,hsa:55800,Q9NY72,-5.1761,3769,7544,0.4996023329798515,3768,8,0,3760,0.9978768577494692,3760,0.9978768577494692
ion_channel,D00552,2337,hsa:6324,Q07699,-5.2036,3678,7544,0.4875397667020148,3677,7,0,3670,0.9980962741365244,3670,0.9980962741365244
ion_channel,D00552,2337,hsa:6328,Q9NY46,-6.1249,747,7544,0.09901908801696713,746,0,0,746,1.0,746,1.0
ion_channel,D00552,2337,hsa:6329,P35499,-5.4252,2875,7544,0.38109756097560976,2874,5,0,2869,0.9982602644398052,2869,0.9982602644398052
ion_channel,D00552,2337,hsa:6330,Q8IWT1,-4.9679,4522,7544,0.5994167550371156,4521,9,0,4512,0.9980092899800929,4512,0.9980092899800929
ion_channel,D00552,2337,hsa:6332,Q01118,-5.7546,1691,7544,0.22415164369034996,1690,1,0,1689,0.9994082840236687,1689,0.9994082840236687
ion_channel,D00552,2337,hsa:6336,Q9Y5Y9,-5.7027,1861,7544,0.2466861081654295,1860,3,0,1857,0.9983870967741936,1857,0.9983870967741936
ion_channel,D00552,2337,hsa:6337,P37088,-5.6493,2074,7544,0.2749204665959703,2073,4,0,2069,0.9980704293294742,2069,0.9980704293294742
ion_channel,D00552,2337,hsa:6338,P51168,-5.2156,3631,7544,0.4813096500530223,3630,6,0,3624,0.9983471074380166,3624,0.9983471074380166
ion_channel,D00552,2337,hsa:6340,P51170,-5.7524,1696,7544,0.22481442205726404,1695,2,0,1693,0.9988200589970502,1693,0.9988200589970502
ion_channel,D00553,4906,hsa:6331,Q14524,-6.4591,1620,7540,0.21485411140583555,1619,0,0,1619,1.0,1619,1.0
ion_channel,D00560,16362,hsa:5310,P98161,-10.0709,890,7375,0.12067796610169491,889,1,0,888,0.9988751406074241,888,0.9988751406074241
ion_channel,D00560,16362,hsa:55503,Q9H1D0,-11.6763,106,7375,0.014372881355932203,105,0,0,105,1.0,105,1.0
ion_channel,D00560,16362,hsa:6261,P21817,-9.9164,1047,7375,0.14196610169491525,1046,2,0,1044,0.9980879541108987,1044,0.9980879541108987
ion_channel,D00560,16362,hsa:6262,Q92736,-9.4787,1565,7375,0.2122033898305085,1564,5,0,1559,0.9968030690537084,1559,0.9968030690537084
ion_channel,D00560,16362,hsa:6263,Q15413,-9.6009,1408,7375,0.19091525423728814,1407,3,0,1404,0.997867803837953,1404,0.997867803837953
ion_channel,D00560,16362,hsa:773,O00555,-6.1755,6930,7375,0.9396610169491525,6929,11,0,6918,0.998412469331794,6918,0.998412469331794
ion_channel,D00560,16362,hsa:779,Q13698,-6.6239,6683,7375,0.9061694915254237,6682,10,0,6672,0.9985034420832086,6672,0.9985034420832086
ion_channel,D00560,16362,hsa:781,P54289,-9.5113,1520,7375,0.20610169491525424,1519,4,0,1515,0.9973666886109283,1515,0.9973666886109283
ion_channel,D00560,16362,hsa:782,Q02641,-7.9968,4370,7375,0.5925423728813559,4369,8,0,4361,0.9981689173723964,4361,0.9981689173723964
ion_channel,D00560,16362,hsa:784,P54284,-9.1747,2028,7375,0.2749830508474576,2027,6,0,2021,0.9970399605328071,2021,0.9970399605328071
ion_channel,D00560,16362,hsa:785,O00305,-7.6908,5030,7375,0.6820338983050848,5029,9,0,5020,0.9982103797971764,5020,0.9982103797971764
ion_channel,D00560,16362,hsa:8989,O75762,-9.1632,2044,7375,0.27715254237288134,2043,7,0,2036,0.9965736661771905,2036,0.9965736661771905
ion_channel,D00574,2145,hsa:1141,P17787,-6.1636,3584,7536,0.47558386411889597,3583,0,0,3583,1.0,3583,1.0
ion_channel,D00611,13221,hsa:1135,Q15822,-4.3748,5703,7373,0.773497897734979,5702,4,0,5698,0.9992984917572781,5698,0.9992984917572781
ion_channel,D00611,13221,hsa:1136,P32297,-4.9136,3766,7373,0.5107825851078258,3765,1,0,3764,0.999734395750332,3764,0.999734395750332
ion_channel,D00611,13221,hsa:1137,P43681,-5.4355,1848,7373,0.2506442425064424,1847,0,0,1847,1.0,1847,1.0
ion_channel,D00611,13221,hsa:1139,P36544,-4.752,4397,7373,0.5963651159636512,4396,2,0,4394,0.9995450409463148,4394,0.9995450409463148
ion_channel,D00611,13221,hsa:55584,Q9UGM1,-4.5156,5229,7373,0.7092092770920928,5228,3,0,5225,0.9994261667941852,5225,0.9994261667941852
ion_channel,D00618,4499,hsa:5310,P98161,-7.0162,799,7460,0.10710455764075066,798,4,0,794,0.9949874686716792,794,0.9949874686716792
ion_channel,D00618,4499,hsa:55503,Q9H1D0,-7.2773,491,7460,0.06581769436997319,490,3,0,487,0.9938775510204082,487,0.9938775510204082
ion_channel,D00618,4499,hsa:6261,P21817,-6.5933,1532,7460,0.20536193029490615,1531,7,0,1524,0.9954278249510125,1524,0.9954278249510125
ion_channel,D00618,4499,hsa:6262,Q92736,-6.887,1005,7460,0.13471849865951743,1004,5,0,999,0.9950199203187251,999,0.9950199203187251
ion_channel,D00618,4499,hsa:6263,Q15413,-6.8441,1081,7460,0.14490616621983915,1080,6,0,1074,0.9944444444444445,1074,0.9944444444444445
ion_channel,D00618,4499,hsa:773,O00555,-4.3292,6938,7460,0.9300268096514746,6937,14,0,6923,0.9979818365287588,6923,0.9979818365287588
ion_channel,D00618,4499,hsa:776,Q01668,-7.365,405,7460,0.054289544235924934,404,1,0,403,0.9975247524752475,403,0.9975247524752475
ion_channel,D00618,4499,hsa:777,Q15878,-7.5782,257,7460,0.034450402144772116,256,0,0,256,1.0,256,1.0
ion_channel,D00618,4499,hsa:779,Q13698,-4.3991,6905,7460,0.925603217158177,6904,13,0,6891,0.998117033603708,6891,0.998117033603708
ion_channel,D00618,4499,hsa:781,P54289,-7.2792,487,7460,0.06528150134048258,486,2,0,484,0.9958847736625515,484,0.9958847736625515
ion_channel,D00618,4499,hsa:782,Q02641,-5.0905,6077,7460,0.8146112600536193,6076,12,0,6064,0.9980250164581962,6064,0.9980250164581962
ion_channel,D00618,4499,hsa:784,P54284,-6.0542,3063,7460,0.4105898123324397,3062,9,0,3053,0.9970607446113651,3053,0.9970607446113651
ion_channel,D00618,4499,hsa:785,O00305,-5.4756,5006,7460,0.6710455764075067,5005,11,0,4994,0.9978021978021978,4994,0.9978021978021978
ion_channel,D00618,4499,hsa:8913,O43497,-6.5343,1679,7460,0.22506702412868632,1678,8,0,1670,0.9952324195470799,1670,0.9952324195470799
ion_channel,D00618,4499,hsa:8989,O75762,-6.0532,3072,7460,0.41179624664879355,3071,10,0,3061,0.9967437316834907,3061,0.9967437316834907
ion_channel,D00619,62969,hsa:3738,P22001,-5.5168,4942,7375,0.6701016949152543,4941,0,0,4941,1.0,4941,1.0
ion_channel,D00619,62969,hsa:779,Q13698,-4.2768,6972,7375,0.9453559322033899,6971,1,0,6970,0.999856548558313,6970,0.999856548558313
ion_channel,D00629,4507,hsa:5310,P98161,-6.7624,1578,7461,0.21149979895456372,1577,7,0,1570,0.9955611921369689,1570,0.9955611921369689
ion_channel,D00629,4507,hsa:55503,Q9H1D0,-6.7135,1712,7461,0.2294598579278917,1711,8,0,1703,0.9953243717124488,1703,0.9953243717124488
ion_channel,D00629,4507,hsa:6261,P21817,-6.8383,1406,7461,0.18844658892909796,1405,5,0,1400,0.99644128113879,1400,0.99644128113879
ion_channel,D00629,4507,hsa:6262,Q92736,-7.4191,470,7461,0.06299423669749363,469,1,0,468,0.997867803837953,468,0.997867803837953
ion_channel,D00629,4507,hsa:6263,Q15413,-6.9835,1108,7461,0.1485055622570701,1107,3,0,1104,0.997289972899729,1104,0.997289972899729
ion_channel,D00629,4507,hsa:773,O00555,-4.3764,7063,7461,0.946655944243399,7062,14,0,7048,0.9980175587652224,7048,0.9980175587652224
ion_channel,D00629,4507,hsa:776,Q01668,-7.4085,479,7461,0.06420050931510521,478,2,0,476,0.99581589958159,476,0.99581589958159
ion_channel,D00629,4507,hsa:777,Q15878,-6.7982,1494,7461,0.20024125452352232,1493,6,0,1487,0.9959812458137978,1487,0.9959812458137978
ion_channel,D00629,4507,hsa:779,Q13698,-4.392,7050,7461,0.9449135504624046,7049,13,0,7036,0.9981557667754292,7036,0.9981557667754292
ion_channel,D00629,4507,hsa:781,P54289,-8.1231,110,7461,0.014743331993030425,109,0,0,109,1.0,109,1.0
ion_channel,D00629,4507,hsa:782,Q02641,-5.404,5727,7461,0.7675914756735022,5726,12,0,5714,0.9979042961928047,5714,0.9979042961928047
ion_channel,D00629,4507,hsa:784,P54284,-6.6664,1815,7461,0.243264977885002,1814,9,0,1805,0.9950385887541345,1805,0.9950385887541345
ion_channel,D00629,4507,hsa:785,O00305,-6.2598,3004,7461,0.4026269937005763,3003,11,0,2992,0.9963369963369964,2992,0.9963369963369964
ion_channel,D00629,4507,hsa:8913,O43497,-6.84,1402,7461,0.18791046776571504,1401,4,0,1397,0.9971448965024983,1397,0.9971448965024983
ion_channel,D00629,4507,hsa:8989,O75762,-6.3333,2757,7461,0.36952151186168075,2756,10,0,2746,0.9963715529753265,2746,0.9963715529753265
ion_channel,D00631,91725,hsa:9132,P56696,-2.3825,1935,7606,0.2544044175650802,1934,0,0,1934,1.0,1934,1.0
ion_channel,D00638,41022,hsa:3746,P48547,-7.6502,3233,7374,0.4384323298074315,3232,0,0,3232,1.0,3232,1.0
ion_channel,D00639,21467,hsa:6328,Q9NY46,-6.3559,725,7290,0.09945130315500686,724,0,0,724,1.0,724,1.0
ion_channel,D00639,21467,hsa:6329,P35499,-6.2029,1014,7290,0.1390946502057613,1013,1,0,1012,0.9990128331688055,1012,0.9990128331688055
ion_channel,D00639,21467,hsa:6331,Q14524,-5.9123,1660,7290,0.22770919067215364,1659,2,0,1657,0.9987944544906571,1657,0.9987944544906571
ion_channel,D00642,64642,hsa:3756,O95259,-8.1923,4797,5859,0.8187403993855606,4796,2,0,4794,0.9995829858215179,4794,0.9995829858215179
ion_channel,D00642,64642,hsa:3776,O95069,-10.2586,1456,5859,0.24850657108721624,1455,1,0,1454,0.9993127147766323,1454,0.9993127147766323
ion_channel,D00642,64642,hsa:54207,P57789,-10.2639,1446,5859,0.24679979518689196,1445,0,0,1445,1.0,1445,1.0
ion_channel,D00647,71329,hsa:3757,Q12809,-6.9569,1805,7385,0.24441435341909276,1804,0,0,1804,1.0,1804,1.0
ion_channel,D00647,71329,hsa:3776,O95069,-6.7948,2129,7385,0.28828706838185514,2128,1,0,2127,0.9995300751879699,2127,0.9995300751879699
ion_channel,D00650,2315,hsa:3778,Q12791,-8.0168,2314,7385,0.31333784698713607,2313,0,0,2313,1.0,2313,1.0
ion_channel,D00651,2343,hsa:3778,Q12791,-7.7538,2028,7304,0.27765607886089816,2027,0,0,2027,1.0,2027,1.0
ion_channel,D00654,3647,hsa:3778,Q12791,-7.7394,784,7319,0.10711845880584779,783,0,0,783,1.0,783,1.0
ion_channel,D00656,4121,hsa:3778,Q12791,-7.2691,760,7328,0.1037117903930131,759,0,0,759,1.0,759,1.0
ion_channel,D00658,5560,hsa:3778,Q12791,-6.8942,2284,7321,0.31197923780904246,2283,0,0,2283,1.0,2283,1.0
ion_channel,D00694,23706210,hsa:2554,P14867,-7.3251,3107,7406,0.419524709694842,3106,0,0,3106,1.0,3106,1.0
ion_channel,D00697,3373,hsa:2554,P14867,-6.1588,4866,7407,0.656946132037262,4865,0,0,4865,1.0,4865,1.0
ion_channel,D00704,5281077,hsa:2554,P14867,-4.3516,4341,7545,0.5753479125248508,4340,0,0,4340,1.0,4340,1.0
ion_channel,D00709,5284583,hsa:8913,O43497,-5.2247,2753,7479,0.3680973392164728,2752,0,0,2752,1.0,2752,1.0
ion_channel,D00711,15851,hsa:2554,P14867,-5.5594,3975,7474,0.5318437249130319,3974,4,0,3970,0.9989934574735783,3970,0.9989934574735783
ion_channel,D00711,15851,hsa:2557,P48169,-5.651,3660,7474,0.4896976184104897,3659,3,0,3656,0.9991801038535119,3656,0.9991801038535119
ion_channel,D00711,15851,hsa:2558,P31644,-5.307,4813,7474,0.6439657479261439,4812,5,0,4807,0.9989609310058188,4807,0.9989609310058188
ion_channel,D00711,15851,hsa:2902,Q05586,-5.9954,2518,7474,0.3369012576933369,2517,2,0,2515,0.9992054032578467,2515,0.9992054032578467
ion_channel,D00711,15851,hsa:2903,Q12879,-6.9637,526,7474,0.07037730800107038,525,0,0,525,1.0,525,1.0
ion_channel,D00711,15851,hsa:2904,Q13224,-6.7557,779,7474,0.10422799036660423,778,1,0,777,0.9987146529562982,777,0.9987146529562982
ion_channel,D00726,4168,hsa:1134,P02708,-5.3154,3823,7406,0.5162030785849311,3822,3,0,3819,0.9992150706436421,3819,0.9992150706436421
ion_channel,D00726,4168,hsa:1135,Q15822,-5.4663,3263,7406,0.4405887118552525,3262,1,0,3261,0.9996934396076027,3261,0.9996934396076027
ion_channel,D00726,4168,hsa:1137,P43681,-4.8456,5556,7406,0.7502025384823117,5555,5,0,5550,0.9990999099909991,5550,0.9990999099909991
ion_channel,D00726,4168,hsa:1139,P36544,-5.2968,3897,7406,0.5261949770456387,3896,4,0,3892,0.9989733059548255,3892,0.9989733059548255
ion_channel,D00726,4168,hsa:1141,P17787,-5.823,2151,7406,0.2904401836348906,2150,0,0,2150,1.0,2150,1.0
ion_channel,D00726,4168,hsa:55584,Q9UGM1,-5.4135,3461,7406,0.4673237915203889,3460,2,0,3458,0.999421965317919,3458,0.999421965317919
ion_channel,D00735,68304,hsa:6328,Q9NY46,-7.5665,579,7086,0.0817104149026249,578,1,0,577,0.9982698961937716,577,0.9982698961937716
ion_channel,D00735,68304,hsa:6329,P35499,-7.2151,970,7086,0.13688964154671182,969,3,0,966,0.9969040247678018,966,0.9969040247678018
ion_channel,D00735,68304,hsa:6331,Q14524,-7.8624,318,7086,0.04487722269263336,317,0,0,317,1.0,317,1.0
ion_channel,D00735,68304,hsa:6336,Q9Y5Y9,-7.4238,709,7086,0.1000564493367203,708,2,0,706,0.9971751412429378,706,0.9971751412429378
ion_channel,D00740,5795,hsa:6261,P21817,-5.834,1860,7103,0.26186118541461356,1859,0,0,1859,1.0,1859,1.0
ion_channel,D00740,5795,hsa:6262,Q92736,-5.4709,2838,7103,0.39954948613262004,2837,1,0,2836,0.9996475149806133,2836,0.9996475149806133
ion_channel,D00740,5795,hsa:6263,Q15413,-5.4401,2933,7103,0.4129241165704632,2932,2,0,2930,0.9993178717598908,2930,0.9993178717598908
ion_channel,D00761,24244,hsa:1135,Q15822,-8.5659,2422,7054,0.3433512900481996,2421,0,0,2421,1.0,2421,1.0
ion_channel,D00765,441351,hsa:1135,Q15822,-1.0938,2573,7622,0.3375754395171871,2572,0,0,2572,1.0,2572,1.0
ion_channel,D00771,2733,hsa:3778,Q12791,-6.2051,1240,7482,0.1657310879443999,1239,0,0,1239,1.0,1239,1.0
ion_channel,D00775,5070,hsa:2890,P42261,-3.9342,7067,7340,0.9628065395095368,7066,9,0,7057,0.9987262949334843,7057,0.9987262949334843
ion_channel,D00775,5070,hsa:2891,P42262,-5.8839,3844,7340,0.5237057220708446,3843,5,0,3838,0.9986989331251627,3838,0.9986989331251627
ion_channel,D00775,5070,hsa:2895,O43424,-7.0755,770,7340,0.10490463215258855,769,1,0,768,0.9986996098829649,768,0.9986996098829649
ion_channel,D00775,5070,hsa:2897,P39086,-7.0997,729,7340,0.09931880108991825,728,0,0,728,1.0,728,1.0
ion_channel,D00775,5070,hsa:55800,Q9NY72,-5.7453,4300,7340,0.5858310626702997,4299,7,0,4292,0.998371714352175,4292,0.998371714352175
ion_channel,D00775,5070,hsa:6324,Q07699,-5.9645,3605,7340,0.49114441416893734,3604,4,0,3600,0.9988901220865705,3600,0.9988901220865705
ion_channel,D00775,5070,hsa:6330,Q8IWT1,-5.7083,4424,7340,0.602724795640327,4423,8,0,4415,0.9981912728917025,4415,0.9981912728917025
ion_channel,D00775,5070,hsa:6337,P37088,-7.0446,824,7340,0.1122615803814714,823,2,0,821,0.9975698663426489,821,0.9975698663426489
ion_channel,D00775,5070,hsa:6338,P51168,-5.819,4060,7340,0.553133514986376,4059,6,0,4053,0.9985218033998522,4053,0.9985218033998522
ion_channel,D00775,5070,hsa:6340,P51170,-6.4554,2188,7340,0.29809264305177113,2187,3,0,2184,0.9986282578875172,2184,0.9986282578875172
ion_channel,D00779,2381,hsa:1135,Q15822,-6.4038,4576,7532,0.6075411577270313,4575,0,0,4575,1.0,4575,1.0
ion_channel,D00809,11065,hsa:3781,Q9H2S1,-6.0059,6507,7579,0.8585565378018208,6506,0,0,6506,1.0,6506,1.0
ion_channel,D00823,62857,hsa:3781,Q9H2S1,-5.7697,6136,7399,0.8293012569266117,6135,0,0,6135,1.0,6135,1.0
ion_channel,D00960,2187,hsa:1141,P17787,-7.1484,1957,7532,0.2598247477429634,1956,0,0,1956,1.0,1956,1.0
ion_channel,D00963,60198,hsa:1141,P17787,-8.8232,1112,7581,0.14668249571296663,1111,0,0,1111,1.0,1111,1.0
ion_channel,D00964,3902,hsa:1141,P17787,-7.4247,2296,7534,0.30475179187682505,2295,0,0,2295,1.0,2295,1.0
ion_channel,D01071,3608,hsa:2554,P14867,-6.7579,2092,7475,0.27986622073578593,2091,0,0,2091,1.0,2091,1.0
ion_channel,D01253,2910,hsa:2554,P14867,-7.0867,3888,7309,0.5319469147626215,3887,0,0,3887,1.0,3887,1.0
ion_channel,D01256,62770,hsa:2891,P42262,-7.7435,4264,7423,0.574430823117338,4263,1,0,4262,0.9997654234107436,4262,0.9997654234107436
ion_channel,D01256,62770,hsa:3778,Q12791,-9.7846,591,7423,0.07961740536171359,590,0,0,590,1.0,590,1.0
ion_channel,D01275,158550,hsa:6261,P21817,-9.397,490,7065,0.06935598018400566,489,1,0,488,0.9979550102249489,488,0.9979550102249489
ion_channel,D01275,158550,hsa:6262,Q92736,-10.0338,147,7065,0.020806794055201697,146,0,0,146,1.0,146,1.0
ion_channel,D01275,158550,hsa:6263,Q15413,-9.3014,560,7065,0.07926397735314933,559,2,0,557,0.9964221824686941,557,0.9964221824686941
ion_channel,D01287,9270,hsa:6323,P35498,-9.8649,167,7578,0.022037476906835576,166,1,0,165,0.9939759036144579,165,0.9939759036144579
ion_channel,D01287,9270,hsa:6326,Q99250,-9.5164,304,7578,0.040116125626814464,303,2,0,301,0.9933993399339934,301,0.9933993399339934
ion_channel,D01287,9270,hsa:6328,Q9NY46,-10.4309,48,7578,0.006334125098970704,47,0,0,47,1.0,47,1.0
ion_channel,D01287,9270,hsa:6329,P35499,-9.118,547,7578,0.07218263394035365,546,4,0,542,0.9926739926739927,542,0.9926739926739927
ion_channel,D01287,9270,hsa:6331,Q14524,-8.8393,802,7578,0.10583267352863553,801,5,0,796,0.9937578027465668,796,0.9937578027465668
ion_channel,D01287,9270,hsa:6335,Q15858,-8.8388,804,7578,0.1060965954077593,803,6,0,797,0.9925280199252802,797,0.9925280199252802
ion_channel,D01287,9270,hsa:6336,Q9Y5Y9,-9.4067,351,7578,0.04631828978622328,350,3,0,347,0.9914285714285714,347,0.9914285714285714
ion_channel,D01350,5282415,hsa:6261,P21817,-8.2796,1258,7427,0.16938198465059917,1257,1,0,1256,0.9992044550517104,1256,0.9992044550517104
ion_channel,D01350,5282415,hsa:6262,Q92736,-8.9372,474,7427,0.06382119294466138,473,0,0,473,1.0,473,1.0
ion_channel,D01350,5282415,hsa:6263,Q15413,-7.8254,2136,7427,0.28759929985189175,2135,2,0,2133,0.9990632318501171,2133,0.9990632318501171
ion_channel,D01450,64119,hsa:3752,Q9UK17,-1.6376,4055,7623,0.5319428046700774,4054,7,0,4047,0.9982733103108041,4047,0.9982733103108041
ion_channel,D01450,64119,hsa:6323,P35498,-1.929,701,7623,0.09195854650400105,700,2,0,698,0.9971428571428571,698,0.9971428571428571
ion_channel,D01450,64119,hsa:6326,Q99250,-1.7986,1827,7623,0.2396694214876033,1826,3,0,1823,0.9983570646221248,1823,0.9983570646221248
ion_channel,D01450,64119,hsa:6328,Q9NY46,-2.0618,156,7623,0.02046438410074774,155,0,0,155,1.0,155,1.0
ion_channel,D01450,64119,hsa:6329,P35499,-1.6876,3330,7623,0.43683589138134593,3329,6,0,3323,0.9981976569540403,3323,0.9981976569540403
ion_channel,D01450,64119,hsa:6331,Q14524,-1.7304,2706,7623,0.354978354978355,2705,5,0,2700,0.9981515711645101,2700,0.9981515711645101
ion_channel,D01450,64119,hsa:6335,Q15858,-1.7781,2051,7623,0.26905417814508725,2050,4,0,2046,0.9980487804878049,2046,0.9980487804878049
ion_channel,D01450,64119,hsa:6336,Q9Y5Y9,-2.0135,290,7623,0.03804276531549259,289,1,0,288,0.9965397923875432,288,0.9965397923875432
ion_channel,D01453,27072,hsa:1080,P13569,-7.3061,806,7407,0.10881598487916835,805,0,0,805,1.0,805,1.0
ion_channel,D01453,27072,hsa:3783,O15554,-6.4948,2446,7407,0.3302281625489402,2445,3,0,2442,0.9987730061349693,2442,0.9987730061349693
ion_channel,D01453,27072,hsa:6261,P21817,-6.5467,2322,7407,0.3134872417982989,2321,2,0,2319,0.999138302455838,2319,0.999138302455838
ion_channel,D01453,27072,hsa:6262,Q92736,-6.6631,2046,7407,0.2762251923855812,2045,1,0,2044,0.9995110024449878,2044,0.9995110024449878
ion_channel,D01453,27072,hsa:6263,Q15413,-6.4374,2599,7407,0.350884298636425,2598,4,0,2594,0.9984603541185527,2594,0.9984603541185527
ion_channel,D01712,157313,hsa:1080,P13569,-9.2333,478,7173,0.06663878433012686,477,0,0,477,1.0,477,1.0
ion_channel,D01712,157313,hsa:3783,O15554,-7.3416,3487,7173,0.48612853757144847,3486,4,0,3482,0.9988525530694206,3482,0.9988525530694206
ion_channel,D01712,157313,hsa:6261,P21817,-7.6666,2735,7173,0.3812909521817928,2734,2,0,2732,0.9992684711046086,2732,0.9992684711046086
ion_channel,D01712,157313,hsa:6262,Q92736,-7.8001,2437,7173,0.3397462707374878,2436,1,0,2435,0.9995894909688013,2435,0.9995894909688013
ion_channel,D01712,157313,hsa:6263,Q15413,-7.6001,2893,7173,0.4033179980482364,2892,3,0,2889,0.9989626556016598,2889,0.9989626556016598
ion_channel,D01799,71793,hsa:3767,Q14654,-6.2748,4217,7331,0.5752284817896604,4216,0,0,4216,1.0,4216,1.0
ion_channel,D01969,119442,hsa:779,Q13698,-4.115,6575,6847,0.9602745728056084,6574,0,0,6574,1.0,6574,1.0
ion_channel,D02041,656664,hsa:2741,P23415,-6.8078,3450,7401,0.4661532225374949,3449,0,0,3449,1.0,3449,1.0
ion_channel,D02041,656664,hsa:2742,P23416,-6.466,4456,7401,0.6020807998919065,4455,2,0,4453,0.9995510662177329,4453,0.9995510662177329
ion_channel,D02041,656664,hsa:8001,O75311,-6.5988,4060,7401,0.548574516957168,4059,1,0,4058,0.9997536338999754,4058,0.9997536338999754
ion_channel,D02088,108173,hsa:6328,Q9NY46,-6.7372,655,7540,0.08687002652519894,654,0,0,654,1.0,654,1.0
ion_channel,D02088,108173,hsa:6329,P35499,-6.4455,1229,7540,0.1629973474801061,1228,1,0,1227,0.999185667752443,1227,0.999185667752443
ion_channel,D02088,108173,hsa:6331,Q14524,-6.0202,2369,7540,0.31419098143236074,2368,2,0,2366,0.9991554054054054,2366,0.9991554054054054
ion_channel,D02173,121587,hsa:1134,P02708,-7.0375,2950,7401,0.3985947844885826,2949,1,0,2948,0.9996609020006781,2948,0.9996609020006781
ion_channel,D02173,121587,hsa:1135,Q15822,-6.385,4911,7401,0.6635589785164167,4910,4,0,4906,0.9991853360488798,4906,0.9991853360488798
ion_channel,D02173,121587,hsa:1137,P43681,-7.3549,2118,7401,0.28617754357519254,2117,0,0,2117,1.0,2117,1.0
ion_channel,D02173,121587,hsa:1139,P36544,-6.8324,3560,7401,0.48101607890825565,3559,3,0,3556,0.9991570665917393,3556,0.9991570665917393
ion_channel,D02173,121587,hsa:55584,Q9UGM1,-6.8332,3557,7401,0.48061072827996215,3556,2,0,3554,0.999437570303712,3554,0.999437570303712
ion_channel,D02347,6914273,hsa:6261,P21817,-7.9902,2268,7402,0.3064036746825182,2267,0,0,2267,1.0,2267,1.0
ion_channel,D02356,2520,hsa:10008,Q9Y6H6,-4.6038,6818,7454,0.9146766836597799,6817,40,0,6777,0.9941323162681531,6777,0.9941323162681531
ion_channel,D02356,2520,hsa:27345,Q86W47,-5.7763,4493,7454,0.6027636168500135,4492,30,0,4462,0.9933214603739983,4462,0.9933214603739983
ion_channel,D02356,2520,hsa:3738,P22001,-7.6965,477,7454,0.06399248725516501,476,0,0,476,1.0,476,1.0
ion_channel,D02356,2520,hsa:3745,Q14721,-5.8212,4358,7454,0.5846525355513819,4357,28,0,4329,0.9935735597888455,4329,0.9935735597888455
ion_channel,D02356,2520,hsa:3746,P48547,-5.4397,5406,7454,0.7252481888918701,5405,34,0,5371,0.9937095282146161,5371,0.9937095282146161
ion_channel,D02356,2520,hsa:3749,Q03721,-3.9197,7195,7454,0.9652535551381809,7194,44,0,7150,0.9938837920489296,7150,0.9938837920489296
ion_channel,D02356,2520,hsa:3751,Q9NZV8,-7.2071,1002,7454,0.13442447008317682,1001,5,0,996,0.995004995004995,996,0.995004995004995
ion_channel,D02356,2520,hsa:3752,Q9UK17,-6.7685,1818,7454,0.2438958948215723,1817,11,0,1806,0.9939460649422125,1806,0.9939460649422125
ion_channel,D02356,2520,hsa:3753,P15382,-5.757,4548,7454,0.6101422055272337,4547,31,0,4516,0.993182318011876,4516,0.993182318011876
ion_channel,D02356,2520,hsa:3756,O95259,-4.5171,6889,7454,0.9242017708612825,6888,42,0,6846,0.9939024390243902,6846,0.9939024390243902
ion_channel,D02356,2520,hsa:3757,Q12809,-6.4579,2559,7454,0.3433056077273947,2558,18,0,2540,0.9929632525410477,2540,0.9929632525410477
ion_channel,D02356,2520,hsa:3759,P63252,-3.5661,7291,7454,0.9781325462838745,7290,45,0,7245,0.9938271604938271,7245,0.9938271604938271
ion_channel,D02356,2520,hsa:3761,P48050,-3.5648,7292,7454,0.978266702441642,7291,46,0,7245,0.9936908517350158,7245,0.9936908517350158
ion_channel,D02356,2520,hsa:3765,Q92806,-3.535,7298,7454,0.9790716393882479,7297,47,0,7250,0.9935589968480197,7250,0.9935589968480197
ion_channel,D02356,2520,hsa:3775,O00180,-6.1383,3447,7454,0.46243627582506036,3446,24,0,3422,0.9930354033662218,3422,0.9930354033662218
ion_channel,D02356,2520,hsa:3778,Q12791,-6.7342,1874,7454,0.25140863965656024,1873,12,0,1861,0.99359316604378,1861,0.99359316604378
ion_channel,D02356,2520,hsa:3781,Q9H2S1,-6.1882,3311,7454,0.44419103836866114,3310,22,0,3288,0.9933534743202417,3288,0.9933534743202417
ion_channel,D02356,2520,hsa:3783,O15554,-6.5466,2330,7454,0.3125838475986048,2329,14,0,2315,0.9939888364104766,2315,0.9939888364104766
ion_channel,D02356,2520,hsa:3784,P51787,-5.9688,3897,7454,0.5228065468204991,3896,25,0,3871,0.9935831622176592,3871,0.9935831622176592
ion_channel,D02356,2520,hsa:3785,O43526,-6.5104,2423,7454,0.32506037027099544,2422,16,0,2406,0.9933938893476466,2406,0.9933938893476466
ion_channel,D02356,2520,hsa:3786,O43525,-6.2321,3186,7454,0.42742151864770594,3185,21,0,3164,0.9934065934065934,3164,0.9934065934065934
ion_channel,D02356,2520,hsa:50801,Q9NYG8,-6.3062,2974,7454,0.39898041320096594,2973,20,0,2953,0.9932727884291961,2953,0.9932727884291961
ion_channel,D02356,2520,hsa:51305,Q9NPC2,-2.6483,7410,7454,0.9940971290582238,7409,48,0,7361,0.9935213929005264,7361,0.9935213929005264
ion_channel,D02356,2520,hsa:5310,P98161,-7.2125,990,7454,0.1328145961899651,989,4,0,985,0.9959555106167847,985,0.9959555106167847
ion_channel,D02356,2520,hsa:54207,P57789,-5.5517,5110,7454,0.6855379661926483,5109,33,0,5076,0.9935408103347034,5076,0.9935408103347034
ion_channel,D02356,2520,hsa:55503,Q9H1D0,-6.9957,1367,7454,0.18339146766836598,1366,9,0,1357,0.9934114202049781,1357,0.9934114202049781
ion_channel,D02356,2520,hsa:55800,Q9NY72,-5.4073,5482,7454,0.7354440568822109,5481,35,0,5446,0.9936143039591315,5446,0.9936143039591315
ion_channel,D02356,2520,hsa:56479,Q9NR82,-4.5384,6876,7454,0.9224577408103032,6875,41,0,6834,0.9940363636363636,6834,0.9940363636363636
ion_channel,D02356,2520,hsa:6261,P21817,-7.0534,1249,7454,0.16756104105178427,1248,7,0,1241,0.9943910256410257,1241,0.9943910256410257
ion_channel,D02356,2520,hsa:6262,Q92736,-7.013,1330,7454,0.17842768983096324,1329,8,0,1321,0.9939804364183596,1321,0.9939804364183596
ion_channel,D02356,2520,hsa:6263,Q15413,-6.5748,2264,7454,0.3037295411859404,2263,13,0,2250,0.9942554131683606,2250,0.9942554131683606
ion_channel,D02356,2520,hsa:6324,Q07699,-4.9628,6407,7454,0.8595385028172793,6406,37,0,6369,0.9942241648454574,6369,0.9942241648454574
ion_channel,D02356,2520,hsa:6330,Q8IWT1,-6.16,3387,7454,0.45438690635900186,3386,23,0,3363,0.9932073242764323,3363,0.9932073242764323
ion_channel,D02356,2520,hsa:6337,P37088,-7.6041,564,7454,0.07566407298094982,563,2,0,561,0.9964476021314387,561,0.9964476021314387
ion_channel,D02356,2520,hsa:6338,P51168,-4.8034,6602,7454,0.8856989535819694,6601,39,0,6562,0.99409180427208,6562,0.99409180427208
ion_channel,D02356,2520,hsa:6340,P51170,-7.0583,1237,7454,0.16595116715857258,1236,6,0,1230,0.9951456310679612,1230,0.9951456310679612
ion_channel,D02356,2520,hsa:773,O00555,-4.9486,6433,7454,0.863026562919238,6432,38,0,6394,0.994092039800995,6394,0.994092039800995
ion_channel,D02356,2520,hsa:776,Q01668,-7.5499,617,7454,0.08277434934263482,616,3,0,613,0.9951298701298701,613,0.9951298701298701
ion_channel,D02356,2520,hsa:777,Q15878,-7.6807,493,7454,0.06613898577944728,492,1,0,491,0.9979674796747967,491,0.9979674796747967
ion_channel,D02356,2520,hsa:779,Q13698,-4.0314,7150,7454,0.959216528038637,7149,43,0,7106,0.9939851727514337,7106,0.9939851727514337
ion_channel,D02356,2520,hsa:781,P54289,-5.7827,4479,7454,0.6008854306412664,4478,29,0,4449,0.9935238945958017,4449,0.9935238945958017
ion_channel,D02356,2520,hsa:782,Q02641,-6.4298,2635,7454,0.35350147571773544,2634,19,0,2615,0.992786636294609,2615,0.992786636294609
ion_channel,D02356,2520,hsa:784,P54284,-6.5219,2395,7454,0.3213039978535015,2394,15,0,2379,0.993734335839599,2379,0.993734335839599
ion_channel,D02356,2520,hsa:785,O00305,-5.0002,6342,7454,0.8508183525623826,6341,36,0,6305,0.9943226620406876,6305,0.9943226620406876
ion_channel,D02356,2520,hsa:8514,Q13303,-5.9328,4004,7454,0.5371612557016368,4003,26,0,3977,0.9935048713464901,3977,0.9935048713464901
ion_channel,D02356,2520,hsa:8913,O43497,-6.9819,1390,7454,0.18647705929702174,1389,10,0,1379,0.9928005759539237,1379,0.9928005759539237
ion_channel,D02356,2520,hsa:8989,O75762,-6.5,2450,7454,0.32868258653072174,2449,17,0,2432,0.9930583911800736,2432,0.9930583911800736
ion_channel,D02356,2520,hsa:9132,P56696,-5.8781,4174,7454,0.5599678025221357,4173,27,0,4146,0.9935298346513299,4146,0.9935298346513299
ion_channel,D02356,2520,hsa:9992,Q9Y6J6,-5.5623,5074,7454,0.6807083445130131,5073,32,0,5041,0.9936920954070569,5041,0.9936920954070569
ion_channel,D02360,68617,hsa:6532,P31645,-10.0571,40,7534,0.005309264666843642,39,0,0,39,1.0,39,1.0
ion_channel,D02362,43815,hsa:6532,P31645,-10.6863,24,7469,0.003213281563797028,23,0,0,23,1.0,23,1.0
ion_channel,D02409,23669229,hsa:1080,P13569,-1.2496,3833,7622,0.5028863815271583,3832,3,0,3829,0.9992171189979123,3829,0.9992171189979123
ion_channel,D02409,23669229,hsa:3783,O15554,-1.2559,3655,7622,0.47953293098924166,3654,2,0,3652,0.9994526546250684,3652,0.9994526546250684
ion_channel,D02409,23669229,hsa:6261,P21817,-1.2034,4814,7622,0.63159275780635,4813,4,0,4809,0.9991689175150633,4809,0.9991689175150633
ion_channel,D02409,23669229,hsa:6262,Q92736,-1.3512,1633,7622,0.2142482288113356,1632,0,0,1632,1.0,1632,1.0
ion_channel,D02409,23669229,hsa:6263,Q15413,-1.3025,2550,7622,0.3345578588297035,2549,1,0,2548,0.9996076892899176,2548,0.9996076892899176
ion_channel,D02461,22502,hsa:2554,P14867,-7.7239,3387,7213,0.4695688340496326,3386,2,0,3384,0.9994093325457767,3384,0.9994093325457767
ion_channel,D02461,22502,hsa:2557,P48169,-8.2467,2129,7213,0.2951615139331762,2128,1,0,2127,0.9995300751879699,2127,0.9995300751879699
ion_channel,D02461,22502,hsa:2558,P31644,-8.2988,2026,7213,0.28088174130042975,2025,0,0,2025,1.0,2025,1.0
ion_channel,D02546,11954253,hsa:2897,P39086,-1.587,4671,7622,0.6128312778798216,4670,1,0,4669,0.9997858672376874,4669,0.9997858672376874
ion_channel,D02546,11954253,hsa:2898,Q13002,-1.6614,3715,7622,0.4874048806087641,3714,0,0,3714,1.0,3714,1.0
ion_channel,D03180,2479,hsa:2554,P14867,-5.6387,3210,7541,0.4256729876674181,3209,0,0,3209,1.0,3209,1.0
ion_channel,D03580,9859832,hsa:1134,P02708,-5.876,5377,7534,0.7136979028404566,5376,5,0,5371,0.9990699404761905,5371,0.9990699404761905
ion_channel,D03580,9859832,hsa:1135,Q15822,-6.1992,4440,7534,0.5893283780196443,4439,2,0,4437,0.9995494480738906,4437,0.9995494480738906
ion_channel,D03580,9859832,hsa:1136,P32297,-5.9149,5254,7534,0.6973719139899124,5253,4,0,5249,0.9992385303636018,5249,0.9992385303636018
ion_channel,D03580,9859832,hsa:1137,P43681,-6.9903,2192,7534,0.2909477037430316,2191,0,0,2191,1.0,2191,1.0
ion_channel,D03580,9859832,hsa:1139,P36544,-6.4674,3587,7534,0.4761083089992036,3586,1,0,3585,0.9997211377579476,3585,0.9997211377579476
ion_channel,D03580,9859832,hsa:55584,Q9UGM1,-6.0172,4941,7534,0.6558269179718609,4940,3,0,4937,0.9993927125506072,4937,0.9993927125506072
ion_channel,D03742,5360696,hsa:1135,Q15822,-6.0136,5735,7534,0.7612158216087072,5734,1,0,5733,0.999825601674224,5733,0.999825601674224
ion_channel,D03742,5360696,hsa:6532,P31645,-8.9765,76,7534,0.01008760286700292,75,0,0,75,1.0,75,1.0
ion_channel,D03878,6420042,hsa:2902,Q05586,-9.5958,3497,7528,0.46453241232731135,3496,2,0,3494,0.9994279176201373,3494,0.9994279176201373
ion_channel,D03878,6420042,hsa:2903,Q12879,-11.2968,668,7528,0.08873538788522849,667,0,0,667,1.0,667,1.0
ion_channel,D03878,6420042,hsa:2904,Q13224,-10.2516,2113,7528,0.2806854410201913,2112,1,0,2111,0.9995265151515151,2111,0.9995265151515151
ion_channel,D04034,23724898,hsa:3781,Q9H2S1,-8.6325,5842,7206,0.8107132944768248,5841,0,0,5841,1.0,5841,1.0
ion_channel,D04985,9034,hsa:2554,P14867,-5.5703,4023,7475,0.5381939799331104,4022,0,0,4022,1.0,4022,1.0
ion_channel,D05453,9795678,hsa:1136,P32297,-6.1577,3804,6539,0.5817403272671662,3803,3,0,3800,0.9992111490928215,3800,0.9992111490928215
ion_channel,D05453,9795678,hsa:1137,P43681,-7.3377,1166,6539,0.1783147270224805,1165,0,0,1165,1.0,1165,1.0
ion_channel,D05453,9795678,hsa:1139,P36544,-6.4759,2975,6539,0.45496253249732377,2974,2,0,2972,0.9993275050437121,2972,0.9993275050437121
ion_channel,D05453,9795678,hsa:55584,Q9UGM1,-6.8911,2007,6539,0.3069276647805475,2006,1,0,2005,0.9995014955134596,2005,0.9995014955134596
ion_channel,D06106,3032285,hsa:2554,P14867,-5.2846,3763,7475,0.5034113712374582,3762,0,0,3762,1.0,3762,1.0
ion_channel,D06172,38945,hsa:6331,Q14524,-6.0254,2350,7541,0.3116297573266145,2349,0,0,2349,1.0,2349,1.0
nuclear_receptor,D00040,5997,hsa:6095,P35398,-11.4303,8,7577,0.0010558268443975189,7,0,0,7,1.0,7,1.0
nuclear_receptor,D00066,5994,hsa:2099,P03372,-10.1335,91,7581,0.012003693444136657,90,1,5,89,0.9888888888888889,85,0.9444444444444444
nuclear_receptor,D00066,5994,hsa:5241,P06401,-11.2707,7,7581,0.0009233610341643582,6,0,2,6,1.0,4,0.6666666666666666
nuclear_receptor,D00067,5870,hsa:2099,P03372,-10.2266,108,7534,0.014335014600477834,107,0,0,107,1.0,107,1.0
nuclear_receptor,D00075,6013,hsa:367,P10275,-7.8647,2289,7532,0.30390334572490707,2288,0,11,2288,1.0,2277,0.9951923076923077
nuclear_receptor,D00088,5754,hsa:2908,P04150,-7.6605,2293,7528,0.304596174282678,2292,0,0,2292,1.0,2292,1.0
nuclear_receptor,D00094,444795,hsa:190,P51843,-5.5634,6967,7532,0.9249867233138609,6966,7,0,6959,0.9989951191501579,6959,0.9989951191501579
nuclear_receptor,D00094,444795,hsa:5914,P10276,-11.0287,3,7532,0.0003983005841741901,2,0,0,2,1.0,2,1.0
nuclear_receptor,D00094,444795,hsa:5915,P10826,-10.132,26,7532,0.0034519383961763143,25,2,0,23,0.92,23,0.92
nuclear_receptor,D00094,444795,hsa:5916,P13631,-10.324,14,7532,0.0018587360594795538,13,1,0,12,0.9230769230769231,12,0.9230769230769231
nuclear_receptor,D00094,444795,hsa:6097,P51449,-8.5572,577,7532,0.0766064790228359,576,3,0,573,0.9947916666666666,573,0.9947916666666666
nuclear_receptor,D00094,444795,hsa:6256,P19793,-6.6745,4527,7532,0.601035581518853,4526,6,0,4520,0.9986743261157756,4520,0.9986743261157756
nuclear_receptor,D00094,444795,hsa:6257,P28702,-7.4254,2346,7532,0.31147105682421666,2345,5,0,2340,0.997867803837953,2340,0.997867803837953
nuclear_receptor,D00094,444795,hsa:6258,P48443,-8.0344,1170,7532,0.15533722782793416,1169,4,0,1165,0.9965782720273738,1165,0.9965782720273738
nuclear_receptor,D00105,5757,hsa:2099,P03372,-10.1508,94,7581,0.012399419601635668,93,0,3,93,1.0,90,0.967741935483871
nuclear_receptor,D00105,5757,hsa:2100,Q92731,-9.8433,173,7581,0.022820208415776283,172,1,5,171,0.9941860465116279,167,0.9709302325581395
nuclear_receptor,D00129,5280453,hsa:7421,P11473,-9.367,310,7575,0.04092409240924092,309,0,0,309,1.0,309,1.0
nuclear_receptor,D00143,8955,hsa:8856,O75469,-8.8714,630,7532,0.08364312267657993,629,0,0,629,1.0,629,1.0
nuclear_receptor,D00163,10133,hsa:9971,Q96RI1,-7.4558,3043,7523,0.40449288847534226,3042,0,0,3042,1.0,3042,1.0
nuclear_receptor,D00182,6230,hsa:5241,P06401,-10.3546,52,7340,0.007084468664850136,51,0,0,51,1.0,51,1.0
nuclear_receptor,D00187,5280793,hsa:7421,P11473,-12.0797,5,7576,0.0006599788806758184,4,0,0,4,1.0,4,1.0
nuclear_receptor,D00188,5280795,hsa:7421,P11473,-11.9154,3,7575,0.00039603960396039607,2,0,0,2,1.0,2,1.0
nuclear_receptor,D00211,135398735,hsa:8856,O75469,-8.0929,2333,7040,0.3313920454545455,2332,0,0,2332,1.0,2332,1.0
nuclear_receptor,D00246,5281004,hsa:2908,P04150,-7.3361,3017,7521,0.40114346496476533,3016,0,0,3016,1.0,3016,1.0
nuclear_receptor,D00279,2796,hsa:5465,Q07869,-6.7493,434,7542,0.0575444179262795,433,0,0,433,1.0,433,1.0
nuclear_receptor,D00299,5311071,hsa:7421,P11473,-10.9637,54,7576,0.007127771911298838,53,0,0,53,1.0,53,1.0
nuclear_receptor,D00312,23667301,hsa:2099,P03372,-1.1632,5384,7393,0.7282564588123901,5383,0,0,5383,1.0,5383,1.0
nuclear_receptor,D00316,5282375,hsa:5914,P10276,-6.4178,4958,7581,0.6540034296266983,4957,4,0,4953,0.9991930603187412,4953,0.9991930603187412
nuclear_receptor,D00316,5282375,hsa:5915,P10826,-6.8336,3634,7581,0.47935628545046827,3633,2,0,3631,0.9994494907789705,3631,0.9994494907789705
nuclear_receptor,D00316,5282375,hsa:5916,P13631,-9.6355,55,7581,0.007254979554148529,54,0,0,54,1.0,54,1.0
nuclear_receptor,D00316,5282375,hsa:6256,P19793,-6.1209,5953,7581,0.7852526051972035,5952,5,0,5947,0.9991599462365591,5947,0.9991599462365591
nuclear_receptor,D00316,5282375,hsa:6257,P28702,-6.5939,4390,7581,0.579079277140219,4389,3,0,4386,0.9993164730006835,4386,0.9993164730006835
nuclear_receptor,D00316,5282375,hsa:6258,P48443,-6.8474,3591,7581,0.47368421052631576,3590,1,0,3589,0.9997214484679666,3589,0.9997214484679666
nuclear_receptor,D00327,6446,hsa:2099,P03372,-10.4264,36,7464,0.00482315112540193,35,0,0,35,1.0,35,1.0
nuclear_receptor,D00327,6446,hsa:367,P10275,-7.5098,3141,7464,0.4208199356913183,3140,1,0,3139,0.9996815286624203,3139,0.9996815286624203
nuclear_receptor,D00348,5282379,hsa:5914,P10276,-10.047,23,7532,0.003053637812002124,22,0,0,22,1.0,22,1.0
nuclear_receptor,D00443,5833,hsa:4306,P08235,-7.3741,3861,7527,0.5129533678756477,3860,0,0,3860,1.0,3860,1.0
nuclear_receptor,D00462,5878,hsa:367,P10275,-7.2782,3740,7532,0.4965480616038237,3739,0,0,3739,1.0,3739,1.0
nuclear_receptor,D00506,4763,hsa:9970,Q14994,-9.0952,10,7538,0.0013266118333775537,9,0,0,9,1.0,9,1.0
nuclear_receptor,D00554,5991,hsa:2099,P03372,-10.7505,35,7581,0.0046168051708217915,34,0,0,34,1.0,34,1.0
nuclear_receptor,D00565,3339,hsa:5465,Q07869,-8.8332,372,7532,0.04938927243759957,371,0,0,371,1.0,371,1.0
nuclear_receptor,D00577,448537,hsa:2099,P03372,-7.8619,347,7581,0.045772325550718904,346,1,0,345,0.9971098265895953,345,0.9971098265895953
nuclear_receptor,D00577,448537,hsa:2100,Q92731,-8.9151,30,7581,0.003957261574990107,29,0,0,29,1.0,29,1.0
nuclear_receptor,D00577,448537,hsa:2101,P11474,-5.6483,4936,7581,0.6511014378050389,4935,3,0,4932,0.9993920972644377,4932,0.9993920972644377
nuclear_receptor,D00577,448537,hsa:2104,P62508,-6.2386,3097,7581,0.40852130325814534,3096,2,0,3094,0.9993540051679587,3094,0.9993540051679587
nuclear_receptor,D00585,55245,hsa:2908,P04150,-7.836,2328,7454,0.3123155352830695,2327,2,0,2325,0.9991405242801891,2325,0.9991405242801891
nuclear_receptor,D00585,55245,hsa:367,P10275,-7.9107,2132,7454,0.28602092836061177,2131,1,0,2130,0.999530736743313,2130,0.999530736743313
nuclear_receptor,D00585,55245,hsa:4306,P08235,-7.9645,1990,7454,0.26697075395760667,1989,0,0,1989,1.0,1989,1.0
nuclear_receptor,D00585,55245,hsa:5241,P06401,-7.2621,4096,7454,0.5495036222162597,4095,3,0,4092,0.9992673992673993,4092,0.9992673992673993
nuclear_receptor,D00586,3397,hsa:367,P10275,-8.2143,214,7410,0.028879892037786774,213,0,0,213,1.0,213,1.0
nuclear_receptor,D00596,5281055,hsa:5468,P37231,-10.6579,406,7188,0.05648302726766834,405,0,0,405,1.0,405,1.0
nuclear_receptor,D00627,65999,hsa:5468,P37231,-11.4317,88,7351,0.011971160386341995,87,0,0,87,1.0,87,1.0
nuclear_receptor,D00690,441336,hsa:5241,P06401,-6.9885,4224,7448,0.5671321160042965,4223,0,0,4223,1.0,4223,1.0
nuclear_receptor,D00730,2482,hsa:8856,O75469,-6.1332,1312,7541,0.17398223047341202,1311,0,0,1311,1.0,1311,1.0
nuclear_receptor,D00898,667476,hsa:2099,P03372,-8.7512,173,7581,0.022820208415776283,172,0,0,172,1.0,172,1.0
nuclear_receptor,D00930,5281104,hsa:7421,P11473,-11.6053,2,7575,0.000264026402640264,1,0,0,1,1.0,1,1.0
nuclear_receptor,D00950,13109,hsa:2099,P03372,-8.6396,742,7532,0.09851301115241635,741,1,0,740,0.9986504723346828,740,0.9986504723346828
nuclear_receptor,D00950,13109,hsa:5241,P06401,-9.8698,115,7532,0.015268189060010621,114,0,0,114,1.0,114,1.0
nuclear_receptor,D00951,6279,hsa:5241,P06401,-6.8848,4576,7578,0.6038532594352072,4575,0,0,4575,1.0,4575,1.0
nuclear_receptor,D00954,13109,hsa:2099,P03372,-8.6396,742,7532,0.09851301115241635,741,1,0,740,0.9986504723346828,740,0.9986504723346828
nuclear_receptor,D00954,13109,hsa:5241,P06401,-9.8698,115,7532,0.015268189060010621,114,0,0,114,1.0,114,1.0
nuclear_receptor,D00956,229455,hsa:367,P10275,-9.0045,1600,7576,0.21119324181626187,1599,0,0,1599,1.0,1599,1.0
nuclear_receptor,D00961,2375,hsa:367,P10275,-8.2222,1823,7211,0.25280820967965606,1822,0,0,1822,1.0,1822,1.0
nuclear_receptor,D00962,6420009,hsa:2099,P03372,-6.9114,4568,6817,0.6700894821769107,4567,0,0,4567,1.0,4567,1.0
nuclear_receptor,D00965,4493,hsa:367,P10275,-8.9864,163,7403,0.022018100769958124,162,0,0,162,1.0,162,1.0
nuclear_receptor,D01115,443872,hsa:4306,P08235,-7.7822,3286,7576,0.43373812038014786,3285,0,0,3285,1.0,3285,1.0
nuclear_receptor,D01132,5381,hsa:5914,P10276,-6.4547,5464,7468,0.7316550615961436,5463,5,0,5458,0.9990847519677832,5458,0.9990847519677832
nuclear_receptor,D01132,5381,hsa:5915,P10826,-6.7743,4490,7468,0.6012319228709159,4489,4,0,4485,0.9991089329472043,4485,0.9991089329472043
nuclear_receptor,D01132,5381,hsa:5916,P13631,-10.5368,10,7468,0.001339046598821639,9,0,0,9,1.0,9,1.0
nuclear_receptor,D01132,5381,hsa:6256,P19793,-6.931,3998,7468,0.5353508302088913,3997,3,0,3994,0.9992494370778083,3994,0.9992494370778083
nuclear_receptor,D01132,5381,hsa:6257,P28702,-7.0366,3667,7468,0.49102838778789504,3666,2,0,3664,0.9994544462629569,3664,0.9994544462629569
nuclear_receptor,D01132,5381,hsa:6258,P48443,-7.5733,2178,7468,0.29164434922335297,2177,1,0,2176,0.9995406522737712,2176,0.9995406522737712
nuclear_receptor,D01161,104741,hsa:2099,P03372,-9.6119,182,7344,0.024782135076252723,181,0,0,181,1.0,181,1.0
nuclear_receptor,D01161,104741,hsa:2100,Q92731,-8.273,1005,7344,0.13684640522875818,1004,1,0,1003,0.999003984063745,1003,0.999003984063745
nuclear_receptor,D01217,60953,hsa:5241,P06401,-8.0801,444,7226,0.061444782729034045,443,0,0,443,1.0,443,1.0
nuclear_receptor,D01294,1547484,hsa:2099,P03372,-11.0952,36,7578,0.004750593824228029,35,0,0,35,1.0,35,1.0
nuclear_receptor,D01294,1547484,hsa:5241,P06401,-8.3818,2141,7578,0.2825283716020058,2140,1,0,2139,0.9995327102803738,2139,0.9995327102803738
nuclear_receptor,D01387,5807,hsa:2908,P04150,-6.9535,430,7473,0.05754047905794193,429,0,0,429,1.0,429,1.0
nuclear_receptor,D01689,5663,hsa:2908,P04150,-8.6631,1347,7459,0.18058721008178039,1346,0,0,1346,1.0,1346,1.0
nuclear_receptor,D02217,54900,hsa:2099,P03372,-8.5677,2160,7270,0.297111416781293,2159,1,0,2158,0.999536822603057,2158,0.999536822603057
nuclear_receptor,D02217,54900,hsa:2100,Q92731,-9.3674,975,7270,0.13411279229711143,974,0,0,974,1.0,974,1.0
nuclear_receptor,D02367,40973,hsa:2099,P03372,-9.1424,392,7581,0.05170821791320406,391,1,0,390,0.9974424552429667,390,0.9974424552429667
nuclear_receptor,D02367,40973,hsa:5241,P06401,-9.4752,239,7581,0.03152618388075452,238,0,0,238,1.0,238,1.0
nuclear_receptor,D04066,259331,hsa:2099,P03372,-8.1694,1170,7386,0.15840779853777417,1169,0,0,1169,1.0,1169,1.0
nuclear_receptor,D04066,259331,hsa:2100,Q92731,-7.0762,3538,7386,0.479014351475765,3537,1,0,3536,0.9997172745264349,3536,0.9997172745264349
nuclear_receptor,D05341,985,hsa:3174,Q14541,-6.2531,406,7537,0.053867586572906995,405,0,0,405,1.0,405,1.0
