category,kegg_drug,pubchem_cid,kegg_target,chosen_uniprot,chosen_affinity,rank_1_based,total_ranked_uniprots,rank_percentile,higher_ranked_targets,higher_ranked_yamanishi_known_positives,higher_ranked_apparent_false_positives,higher_ranked_apparent_fp_fraction
enzyme,D00002,5893,hsa:10,P11245,-10.3354,254,7051,0.03602325911218267,253,6,247,0.9762845849802372
enzyme,D00002,5893,hsa:124,P07327,-10.0473,382,7051,0.05417671252304638,381,11,370,0.9711286089238845
enzyme,D00002,5893,hsa:125,P00325,-10.2189,296,7051,0.04197986101262232,295,8,287,0.9728813559322034
enzyme,D00002,5893,hsa:126,P00326,-11.8248,19,7051,0.0026946532406750814,18,1,17,0.9444444444444444
enzyme,D00002,5893,hsa:128,P11766,-9.3788,901,7051,0.1277832931499078,900,20,880,0.9777777777777777
enzyme,D00002,5893,hsa:131,P40394,-9.8542,506,7051,0.0717628705148206,505,15,490,0.9702970297029703
enzyme,D00002,5893,hsa:1725,P49366,-8.1453,2603,7051,0.36916749397248616,2602,27,2575,0.9896233666410453
enzyme,D00002,5893,hsa:191,P23526,-12.2837,10,7051,0.001418238547723727,9,0,9,1.0
enzyme,D00002,5893,hsa:216,P00352,-9.8074,532,7051,0.07545029073890229,531,16,515,0.9698681732580038
enzyme,D00002,5893,hsa:217,P05091,-8.8135,1580,7051,0.22408169054034888,1579,23,1556,0.9854338188727042
enzyme,D00002,5893,hsa:2582,Q14376,-10.9526,97,7051,0.013756913912920153,96,5,91,0.9479166666666666
enzyme,D00002,5893,hsa:2597,P04406,-9.6127,675,7051,0.09573110197135158,674,17,657,0.9747774480712166
enzyme,D00002,5893,hsa:2746,P00367,-9.3581,923,7051,0.13090341795490001,922,21,901,0.9772234273318872
enzyme,D00002,5893,hsa:2936,P00390,-11.2752,52,7051,0.007374840448163381,51,2,49,0.9607843137254902
enzyme,D00002,5893,hsa:3028,Q99714,-10.0097,402,7051,0.05701318961849383,401,12,389,0.970074812967581
enzyme,D00002,5893,hsa:3033,Q16836,-9.9445,432,7051,0.061267905261665014,431,14,417,0.9675174013921114
enzyme,D00002,5893,hsa:3292,P14061,-11.1016,75,7051,0.010636789107927954,74,3,71,0.9594594594594594
enzyme,D00002,5893,hsa:3295,P51659,-11.0602,83,7051,0.011771379946106934,82,4,78,0.9512195121951219
enzyme,D00002,5893,hsa:349565,Q96T66,-9.5349,743,7051,0.10537512409587292,742,19,723,0.9743935309973046
enzyme,D00002,5893,hsa:3615,P12268,-9.5627,724,7051,0.10268047085519784,723,18,705,0.975103734439834
enzyme,D00002,5893,hsa:3939,P00338,-9.0129,1327,7051,0.1882002552829386,1326,22,1304,0.9834087481146304
enzyme,D00002,5893,hsa:3945,P07195,-10.151,328,7051,0.04651822436533825,327,9,318,0.9724770642201835
enzyme,D00002,5893,hsa:4190,P40925,-8.5589,1933,7051,0.2741455112749965,1932,25,1907,0.9870600414078675
enzyme,D00002,5893,hsa:4200,P23368,-10.1396,336,7051,0.04765281520351723,335,10,325,0.9701492537313433
enzyme,D00002,5893,hsa:55811,Q96PN6,-8.7,1717,7051,0.24351155864416396,1716,24,1692,0.986013986013986
enzyme,D00002,5893,hsa:5860,P09417,-9.9841,417,7051,0.05914054744007942,416,13,403,0.96875
enzyme,D00002,5893,hsa:64802,Q9HAN9,-10.3266,256,7051,0.036306906821727415,255,7,248,0.9725490196078431
enzyme,D00002,5893,hsa:6652,Q00796,-8.485,2050,7051,0.2907389022833641,2049,26,2023,0.9873108833577355
enzyme,D00007,33032,hsa:2746,P00367,-4.9628,2512,7470,0.3362784471218206,2511,0,2511,1.0
enzyme,D00014,124886,hsa:2936,P00390,-6.8161,311,7383,0.04212379791412705,310,0,310,1.0
enzyme,D00014,124886,hsa:2950,P09211,-5.315,4029,7383,0.5457131247460382,4028,1,4027,0.9997517378351539
enzyme,D00018,54670067,hsa:5033,P13674,-4.895,4879,7573,0.6442625115542058,4878,0,4878,1.0
enzyme,D00021,6140,hsa:10056,Q9NSD9,-5.6094,3355,7470,0.44912985274431055,3354,5,3349,0.9985092426952892
enzyme,D00021,6140,hsa:10667,O95363,-7.2296,74,7470,0.009906291834002677,73,1,72,0.9863013698630136
enzyme,D00021,6140,hsa:2193,Q9Y285,-6.0015,1964,7470,0.2629183400267738,1963,2,1961,0.9989811512990321
enzyme,D00021,6140,hsa:5053,P00439,-5.9742,2052,7470,0.2746987951807229,2051,3,2048,0.9985372988785958
enzyme,D00021,6140,hsa:6898,P17735,-5.7111,2986,7470,0.3997322623828648,2985,4,2981,0.9986599664991624
enzyme,D00021,6140,hsa:7054,P07101,-7.2957,50,7470,0.006693440428380187,49,0,49,1.0
enzyme,D00027,1174,hsa:31,Q13085,-4.3104,4768,7535,0.6327803583278035,4767,0,4767,1.0
enzyme,D00029,171548,hsa:5091,P11498,-6.2937,1296,7403,0.17506416317709037,1295,0,1295,1.0
enzyme,D00029,171548,hsa:5095,P05165,-4.2792,6853,7403,0.9257057949479941,6852,2,6850,0.9997081144191476
enzyme,D00029,171548,hsa:56922,Q96RQ3,-4.7474,6267,7403,0.8465486964744022,6266,1,6265,0.9998404085541015
enzyme,D00032,6274,hsa:3035,P12081,-5.767,513,7409,0.06924011337562425,512,0,512,1.0
enzyme,D00032,6274,hsa:3067,P19113,-4.9011,3678,7409,0.4964232689971656,3677,1,3676,0.9997280391623606
enzyme,D00035,145742,hsa:2058,P07814,-5.5532,75,7473,0.010036130068245684,74,0,74,1.0
enzyme,D00035,145742,hsa:29920,Q96C36,-4.6498,2201,7473,0.2945269637361167,2200,1,2199,0.9995454545454545
enzyme,D00035,145742,hsa:5831,P32322,-3.8714,5850,7473,0.7828181453231634,5849,2,5847,0.9996580612070439
enzyme,D00036,936,hsa:683,Q10588,-5.4088,1356,7473,0.18145323163388197,1355,0,1355,1.0
enzyme,D00037,311,hsa:100,P00813,-5.5346,2205,7532,0.29275092936802977,2204,6,2198,0.9972776769509982
enzyme,D00037,311,hsa:1360,P15086,-5.8364,1210,7532,0.16064790228359002,1209,3,1206,0.9975186104218362
enzyme,D00037,311,hsa:1431,O75390,-5.4882,2365,7532,0.3139936271906532,2364,8,2356,0.9966159052453468
enzyme,D00037,311,hsa:231,P15121,-6.6748,95,7532,0.012612851832182687,94,0,94,1.0
enzyme,D00037,311,hsa:4191,P40926,-6.3448,311,7532,0.04129049389272438,310,2,308,0.9935483870967742
enzyme,D00037,311,hsa:4282,P14174,-4.6482,5686,7532,0.7549123738714817,5685,9,5676,0.9984168865435357
enzyme,D00037,311,hsa:635,Q93088,-5.761,1409,7532,0.18706850770047795,1408,5,1403,0.9964488636363636
enzyme,D00037,311,hsa:7371,Q9BZX2,-6.374,286,7532,0.03797132235793946,285,1,284,0.9964912280701754
enzyme,D00037,311,hsa:8654,O76074,-5.5019,2316,7532,0.3074880509824748,2315,7,2308,0.9969762419006479
enzyme,D00037,311,hsa:9955,Q9Y663,-5.8232,1238,7532,0.1643653744025491,1237,4,1233,0.9967663702506063
enzyme,D00038,243,hsa:1610,P14920,-6.2145,407,7535,0.05401459854014599,406,0,406,1.0
enzyme,D00038,243,hsa:25824,P30044,-4.9002,4772,7535,0.6333112143331121,4771,1,4770,0.9997904003353595
enzyme,D00039,6287,hsa:27034,Q9UKU7,-4.4815,2951,7473,0.39488826441857355,2950,1,2949,0.9996610169491525
enzyme,D00039,6287,hsa:5095,P05165,-3.2931,6914,7473,0.9251973772246755,6913,2,6911,0.9997106900043397
enzyme,D00039,6287,hsa:586,P54687,-5.2791,165,7473,0.022079486150140507,164,0,164,1.0
enzyme,D00041,6288,hsa:5095,P05165,-3.2,6961,7473,0.9314866854007762,6960,1,6959,0.9998563218390805
enzyme,D00041,6288,hsa:6897,P26639,-4.4908,2663,7473,0.3563495249565101,2662,0,2662,1.0
enzyme,D00043,5936,hsa:10747,O00187,-4.647,2886,7473,0.3861902850260939,2885,21,2864,0.9927209705372617
enzyme,D00043,5936,hsa:11202,O60259,-4.1967,4832,7473,0.6465944065301753,4831,35,4796,0.9927551231629063
enzyme,D00043,5936,hsa:1200,O14773,-4.7136,2574,7473,0.3444399839421919,2573,19,2554,0.9926156237854644
enzyme,D00043,5936,hsa:1215,P23946,-4.3445,4196,7473,0.5614880235514519,4195,30,4165,0.9928486293206198
enzyme,D00043,5936,hsa:1675,P00746,-4.7157,2563,7473,0.3429680181988492,2562,18,2544,0.9929742388758782
enzyme,D00043,5936,hsa:1803,P27487,-4.7467,2423,7473,0.3242339087381239,2422,16,2406,0.9933938893476466
enzyme,D00043,5936,hsa:2098,P10768,-4.7962,2232,7473,0.29867523083099157,2231,15,2216,0.9932765575974899
enzyme,D00043,5936,hsa:2155,P08709,-4.3237,4278,7473,0.5724608590927338,4277,31,4246,0.9927519289221417
enzyme,D00043,5936,hsa:2158,P00740,-3.3811,6942,7473,0.9289441991168206,6941,36,6905,0.9948134274600202
enzyme,D00043,5936,hsa:2159,P00742,-5.1081,1128,7473,0.1509433962264151,1127,9,1118,0.9920141969831411
enzyme,D00043,5936,hsa:2160,P03951,-5.2416,774,7473,0.10357286230429547,773,5,768,0.9935316946959897
enzyme,D00043,5936,hsa:2161,P00748,-4.5833,3146,7473,0.4209822025960123,3145,22,3123,0.9930047694753578
enzyme,D00043,5936,hsa:28972,Q9Y6A9,-4.2346,4668,7473,0.6246487354476113,4667,34,4633,0.9927148060852796
enzyme,D00043,5936,hsa:3001,P12544,-5.1047,1140,7473,0.1525491770373344,1139,10,1129,0.9912203687445127
enzyme,D00043,5936,hsa:3002,P10144,-4.2955,4382,7473,0.5863776261207012,4381,32,4349,0.9926957315681352
enzyme,D00043,5936,hsa:354,P07288,-4.8557,1992,7473,0.26655961461260536,1991,14,1977,0.9929683576092416
enzyme,D00043,5936,hsa:3816,P06870,-4.395,3965,7473,0.5305767429412552,3964,28,3936,0.992936427850656
enzyme,D00043,5936,hsa:3817,P20151,-4.4451,3749,7473,0.5016726883447076,3748,26,3722,0.9930629669156884
enzyme,D00043,5936,hsa:3818,P03952,-5.4237,405,7473,0.0541951023685267,404,2,402,0.995049504950495
enzyme,D00043,5936,hsa:43,P22303,-5.5077,291,7473,0.03894018466479326,290,1,289,0.996551724137931
enzyme,D00043,5936,hsa:5045,P09958,-5.0085,1434,7473,0.1918908069048575,1433,13,1420,0.9909281228192603
enzyme,D00043,5936,hsa:5327,P00750,-5.1239,1091,7473,0.14599223872608055,1090,8,1082,0.9926605504587156
enzyme,D00043,5936,hsa:5328,P00749,-4.657,2833,7473,0.37909808644453363,2832,20,2812,0.9929378531073446
enzyme,D00043,5936,hsa:5340,P00747,-5.2672,715,7473,0.09567777331727552,714,4,710,0.9943977591036415
enzyme,D00043,5936,hsa:5476,P10619,-5.2248,825,7473,0.11039743075070253,824,6,818,0.9927184466019418
enzyme,D00043,5936,hsa:54878,Q6V1X1,-5.7758,82,7473,0.010972835541281948,81,0,81,1.0
enzyme,D00043,5936,hsa:5547,P42785,-5.1788,955,7473,0.12779338953566172,954,7,947,0.9926624737945493
enzyme,D00043,5936,hsa:5550,P48147,-5.0715,1240,7473,0.16593068379499532,1239,11,1228,0.9911218724778047
enzyme,D00043,5936,hsa:5646,P35030,-4.4045,3913,7473,0.5236183594272715,3912,27,3885,0.9930981595092024
enzyme,D00043,5936,hsa:5650,P49862,-4.3696,4071,7473,0.5447611401043757,4070,29,4041,0.9928746928746929
enzyme,D00043,5936,hsa:5651,P98073,-4.4556,3707,7473,0.49605245550649,3706,24,3682,0.9935240151106314
enzyme,D00043,5936,hsa:5657,P24158,-4.7362,2468,7473,0.3302555867790713,2467,17,2450,0.993109039319011
enzyme,D00043,5936,hsa:590,P06276,-5.0509,1298,7473,0.17369195771443866,1297,12,1285,0.9907478797224364
enzyme,D00043,5936,hsa:64499,P20231,-4.4553,3708,7473,0.4961862705740666,3707,25,3682,0.9932560021580793
enzyme,D00043,5936,hsa:6768,Q9Y5Y6,-4.563,3234,7473,0.4327579285427539,3233,23,3210,0.9928858645221157
enzyme,D00043,5936,hsa:8192,Q16740,-4.2777,4463,7473,0.5972166465944065,4462,33,4429,0.9926042133572389
enzyme,D00043,5936,hsa:91039,Q86TI2,-5.3241,597,7473,0.07988759534323565,596,3,593,0.9949664429530202
enzyme,D00049,938,hsa:23475,Q15274,-4.5916,4702,7473,0.6291984477452162,4701,1,4700,0.9997872793022761
enzyme,D00049,938,hsa:4837,P40261,-5.3396,1450,7473,0.19403184798608322,1449,0,1449,1.0
enzyme,D00050,493570,hsa:55312,Q969G6,-11.0514,1,7283,0.0001373060551970342,0,0,0,0.0
enzyme,D00050,493570,hsa:645,P30043,-7.5954,1806,7283,0.24797473568584374,1805,1,1804,0.9994459833795014
enzyme,D00052,6049,hsa:3416,P14735,-6.7529,114,7523,0.01515352917718995,113,0,113,1.0
enzyme,D00052,6049,hsa:4311,P08473,-6.2915,457,7523,0.06074704240329656,456,1,455,0.9978070175438597
enzyme,D00054,135398641,hsa:4860,P00491,-7.3245,1112,7394,0.15039220989991886,1111,0,1111,1.0
enzyme,D00055,967,hsa:1723,Q02127,-7.5378,3,7470,0.00040160642570281126,2,0,2,1.0
enzyme,D00065,6306,hsa:36,P45954,-4.9406,1555,7473,0.2080824300816272,1554,2,1552,0.9987129987129987
enzyme,D00065,6306,hsa:38,P24752,-4.5257,3568,7473,0.4774521611133414,3567,3,3564,0.9991589571068125
enzyme,D00065,6306,hsa:5095,P05165,-3.4917,6856,7473,0.9174361033052322,6855,4,6851,0.999416484318016
enzyme,D00065,6306,hsa:586,P54687,-5.1642,778,7473,0.1041081225746019,777,0,777,1.0
enzyme,D00065,6306,hsa:587,O15382,-4.963,1465,7473,0.19603907399973236,1464,1,1463,0.9993169398907104
enzyme,D00070,135398658,hsa:8836,Q92820,-7.7376,3496,7346,0.4759052545603049,3495,0,3495,1.0
enzyme,D00094,444795,hsa:216,P00352,-9.2901,167,7523,0.02219859098763791,166,0,166,1.0
enzyme,D00094,444795,hsa:8854,O94788,-8.0998,1070,7523,0.14223049315432673,1069,1,1068,0.9990645463049579
enzyme,D00097,338,hsa:239,P18054,-6.2009,810,7535,0.1074983410749834,809,4,805,0.9950556242274413
enzyme,D00097,338,hsa:240,P09917,-6.406,420,7535,0.055739880557398806,419,3,416,0.9928400954653938
enzyme,D00097,338,hsa:247,O15296,-5.6608,2635,7535,0.34970139349701396,2634,6,2628,0.9977220956719818
enzyme,D00097,338,hsa:3551,O14920,-7.2763,9,7535,0.0011944260119442602,8,1,7,0.875
enzyme,D00097,338,hsa:4048,P09960,-6.527,286,7535,0.03795620437956204,285,2,283,0.9929824561403509
enzyme,D00097,338,hsa:4353,P05164,-7.4258,6,7535,0.0007962840079628401,5,0,5,1.0
enzyme,D00097,338,hsa:5742,P23219,-5.9622,1497,7535,0.1986728599867286,1496,5,1491,0.9966577540106952
enzyme,D00103,444305,hsa:51205,Q9NPH0,-5.2925,1291,7573,0.17047405255513007,1290,0,1290,1.0
enzyme,D00103,444305,hsa:52,P24666,-4.9552,2523,7573,0.3331572692460055,2522,2,2520,0.9992069785884219
enzyme,D00103,444305,hsa:54,P13686,-4.4595,4637,7573,0.6123068797042124,4636,3,4633,0.9993528904227783
enzyme,D00103,444305,hsa:55,P15309,-5.2351,1460,7573,0.1927901756239271,1459,1,1458,0.9993145990404386
enzyme,D00109,2244,hsa:5742,P23219,-6.6697,390,7535,0.051758460517584606,389,0,389,1.0
enzyme,D00109,2244,hsa:5743,P35354,-6.3441,949,7535,0.12594558725945587,948,1,947,0.9989451476793249
enzyme,D00118,156391,hsa:239,P18054,-7.672,1083,7529,0.14384380395802895,1082,3,1079,0.9972273567467652
enzyme,D00118,156391,hsa:240,P09917,-7.5616,1271,7529,0.16881391951122326,1270,5,1265,0.9960629921259843
enzyme,D00118,156391,hsa:247,O15296,-7.6186,1162,7529,0.1543365652809138,1161,4,1157,0.9965546942291128
enzyme,D00118,156391,hsa:4048,P09960,-10.0563,2,7529,0.0002656395271616417,1,0,1,1.0
enzyme,D00118,156391,hsa:5742,P23219,-7.7943,922,7529,0.1224598220215168,921,1,920,0.998914223669924
enzyme,D00118,156391,hsa:5743,P35354,-7.7024,1038,7529,0.13786691459689202,1037,2,1035,0.9980713596914176
enzyme,D00120,1548887,hsa:3551,O14920,-8.9466,420,7387,0.05685664004331935,419,0,419,1.0
enzyme,D00120,1548887,hsa:5742,P23219,-8.649,648,7387,0.08772167320969271,647,2,645,0.9969088098918083
enzyme,D00120,1548887,hsa:5743,P35354,-8.6493,647,7387,0.08758630025720861,646,1,645,0.9984520123839009
enzyme,D00125,36462,hsa:7153,P11388,-9.8522,419,7485,0.05597862391449566,418,0,418,1.0
enzyme,D00125,36462,hsa:7155,Q02880,-8.7411,1689,7485,0.2256513026052104,1688,1,1687,0.9994075829383886
enzyme,D00126,3672,hsa:1559,P11712,-6.6196,1932,7532,0.25650557620817843,1931,5,1926,0.9974106680476437
enzyme,D00126,3672,hsa:239,P18054,-7.2809,662,7532,0.08789166224110462,661,2,659,0.9969742813918305
enzyme,D00126,3672,hsa:240,P09917,-6.8192,1461,7532,0.19397238449283058,1460,4,1456,0.9972602739726028
enzyme,D00126,3672,hsa:3906,P00709,-5.0912,6554,7532,0.8701540095592141,6553,6,6547,0.9990843888295438
enzyme,D00126,3672,hsa:4048,P09960,-8.8581,9,7532,0.0011949017525225705,8,0,8,1.0
enzyme,D00126,3672,hsa:5742,P23219,-7.5483,410,7532,0.05443441317047265,409,1,408,0.9975550122249389
enzyme,D00126,3672,hsa:5743,P35354,-7.1697,814,7532,0.10807222517259692,813,3,810,0.996309963099631
enzyme,D00127,54676228,hsa:5742,P23219,-7.9314,1892,7227,0.2617960426179604,1891,1,1890,0.9994711792702274
enzyme,D00127,54676228,hsa:5743,P35354,-9.3774,156,7227,0.021585720215857203,155,0,155,1.0
enzyme,D00130,3059,hsa:5742,P23219,-8.0542,1231,7466,0.16488079292794,1230,1,1229,0.9991869918699187
enzyme,D00130,3059,hsa:5743,P35354,-8.3063,814,7466,0.10902759174926333,813,0,813,1.0
enzyme,D00131,3117,hsa:1571,P05181,-4.9852,358,7533,0.04752422673569627,357,1,356,0.9971988795518207
enzyme,D00131,3117,hsa:1621,P09172,-4.1356,2744,7533,0.36426390548254345,2743,9,2734,0.996718920889537
enzyme,D00131,3117,hsa:216,P00352,-5.0644,269,7533,0.035709544670118144,268,0,268,1.0
enzyme,D00131,3117,hsa:217,P05091,-4.9245,426,7533,0.056551174830744726,425,2,423,0.9952941176470588
enzyme,D00131,3117,hsa:218,P30838,-4.45,1508,7533,0.20018584893136865,1507,8,1499,0.9946914399469144
enzyme,D00131,3117,hsa:219,P30837,-4.6801,860,7533,0.11416434355502456,859,4,855,0.9953434225844005
enzyme,D00131,3117,hsa:223,P49189,-4.8129,591,7533,0.07845479888490642,590,3,587,0.9949152542372881
enzyme,D00131,3117,hsa:224,P51648,-4.5651,1162,7533,0.15425461303597504,1161,5,1156,0.9956933677863911
enzyme,D00131,3117,hsa:444,Q12797,-4.4638,1463,7533,0.19421213328023365,1462,7,1455,0.9952120383036935
enzyme,D00131,3117,hsa:501,P49419,-4.5538,1193,7533,0.1583698393734236,1192,6,1186,0.9949664429530202
enzyme,D00132,3825,hsa:239,P18054,-8.5066,808,7525,0.10737541528239203,807,1,806,0.9987608426270136
enzyme,D00132,3825,hsa:240,P09917,-8.3502,1019,7525,0.13541528239202658,1018,2,1016,0.9980353634577603
enzyme,D00132,3825,hsa:247,O15296,-8.2981,1080,7525,0.14352159468438538,1079,4,1075,0.9962928637627433
enzyme,D00132,3825,hsa:3906,P00709,-5.9095,6685,7525,0.8883720930232558,6684,6,6678,0.9991023339317774
enzyme,D00132,3825,hsa:4048,P09960,-10.1721,25,7525,0.0033222591362126247,24,0,24,1.0
enzyme,D00132,3825,hsa:5742,P23219,-8.3222,1053,7525,0.13993355481727573,1052,3,1049,0.997148288973384
enzyme,D00132,3825,hsa:5743,P35354,-8.2195,1189,7525,0.15800664451827243,1188,5,1183,0.9957912457912458
enzyme,D00136,3559,hsa:10327,P14550,-8.1274,1960,7303,0.2683828563603998,1959,5,1954,0.9974476773864216
enzyme,D00136,3559,hsa:1576,P08684,-9.0746,739,7303,0.10119129125017116,738,4,734,0.994579945799458
enzyme,D00136,3559,hsa:1645,Q04828,-10.3958,83,7303,0.011365192386690402,82,1,81,0.9878048780487805
enzyme,D00136,3559,hsa:231,P15121,-10.3145,95,7303,0.013008352731754073,94,2,92,0.9787234042553191
enzyme,D00136,3559,hsa:51181,Q7Z4W1,-9.7982,263,7303,0.036012597562645486,262,3,259,0.9885496183206107
enzyme,D00136,3559,hsa:57016,O60218,-10.5861,43,7303,0.0058879912364781595,42,0,42,1.0
enzyme,D00139,4114,hsa:10858,Q9Y6A2,-7.031,1621,7573,0.21404991416875743,1620,20,1600,0.9876543209876543
enzyme,D00139,4114,hsa:1544,P05177,-9.5235,3,7573,0.0003961441964875215,2,1,1,0.5
enzyme,D00139,4114,hsa:1545,Q16678,-10.1071,1,7573,0.00013204806549584047,0,0,0,0.0
enzyme,D00139,4114,hsa:1548,P11509,-7.6806,503,7573,0.06642017694440776,502,7,495,0.9860557768924303
enzyme,D00139,4114,hsa:1551,P24462,-7.1649,1311,7573,0.17311501386504688,1310,19,1291,0.9854961832061069
enzyme,D00139,4114,hsa:1553,Q16696,-8.0751,202,7573,0.026673709230159777,201,3,198,0.9850746268656716
enzyme,D00139,4114,hsa:1555,P20813,-7.4523,801,7573,0.10577050046216822,800,10,790,0.9875
enzyme,D00139,4114,hsa:1557,P33261,-7.5067,718,7573,0.09481051102601347,717,8,709,0.9888423988842399
enzyme,D00139,4114,hsa:1558,P10632,-8.2425,134,7573,0.017694440776442624,133,2,131,0.9849624060150376
enzyme,D00139,4114,hsa:1559,P11712,-7.4904,750,7573,0.09903604912188037,749,9,740,0.9879839786381842
enzyme,D00139,4114,hsa:1562,P33260,-3.8557,7391,7573,0.975967252079757,7390,24,7366,0.9967523680649526
enzyme,D00139,4114,hsa:1565,P10635,-7.7277,456,7573,0.060213917866103264,455,6,449,0.9868131868131869
enzyme,D00139,4114,hsa:1571,P05181,-7.7322,451,7573,0.05955367753862406,450,5,445,0.9888888888888889
enzyme,D00139,4114,hsa:1576,P08684,-7.2182,1209,7573,0.15964611118447114,1208,18,1190,0.9850993377483444
enzyme,D00139,4114,hsa:1577,P20815,-6.9225,1870,7573,0.2469298824772217,1869,22,1847,0.9882289994649546
enzyme,D00139,4114,hsa:1581,P22680,-7.0024,1676,7573,0.22131255777102865,1675,21,1654,0.9874626865671642
enzyme,D00139,4114,hsa:1582,Q9UNU6,-7.286,1076,7573,0.14208371847352436,1075,15,1060,0.986046511627907
enzyme,D00139,4114,hsa:1583,P05108,-7.2447,1158,7573,0.15291165984418328,1157,16,1141,0.986171132238548
enzyme,D00139,4114,hsa:1584,P15538,-7.294,1062,7573,0.1402350455565826,1061,14,1047,0.9868049010367578
enzyme,D00139,4114,hsa:1585,P19099,-7.3532,975,7573,0.12874686385844447,974,11,963,0.9887063655030801
enzyme,D00139,4114,hsa:1586,P05093,-7.3102,1036,7573,0.13680179585369073,1035,12,1023,0.9884057971014493
enzyme,D00139,4114,hsa:1588,P11511,-7.2371,1171,7573,0.1546282846956292,1170,17,1153,0.9854700854700855
enzyme,D00139,4114,hsa:1589,P08686,-7.8669,320,7573,0.04225538095866896,319,4,315,0.987460815047022
enzyme,D00139,4114,hsa:1595,Q16850,-7.2996,1056,7573,0.13944275716360754,1055,13,1042,0.9876777251184834
enzyme,D00139,4114,hsa:5740,Q16647,-6.6136,2703,7573,0.35692592103525683,2702,23,2679,0.9914877868245744
enzyme,D00141,3715,hsa:239,P18054,-9.0026,209,7385,0.02830060934326337,208,1,207,0.9951923076923077
enzyme,D00141,3715,hsa:240,P09917,-8.9042,252,7385,0.034123222748815164,251,2,249,0.9920318725099602
enzyme,D00141,3715,hsa:247,O15296,-8.46,545,7385,0.07379823967501693,544,3,541,0.9944852941176471
enzyme,D00141,3715,hsa:4048,P09960,-9.0133,204,7385,0.027623561272850372,203,0,203,1.0
enzyme,D00141,3715,hsa:5742,P23219,-7.8429,1368,7385,0.18524035206499662,1367,5,1362,0.9963423555230432
enzyme,D00141,3715,hsa:5743,P35354,-8.3126,687,7385,0.0930264048747461,686,4,682,0.9941690962099126
enzyme,D00142,126941,hsa:1719,P00374,-9.1985,449,7253,0.06190541844753895,448,0,448,1.0
enzyme,D00145,5578,hsa:1719,P00374,-7.3065,458,7461,0.06138587320734486,457,0,457,1.0
enzyme,D00151,4044,hsa:5742,P23219,-8.0002,947,7466,0.1268416822930619,946,1,945,0.9989429175475687
enzyme,D00151,4044,hsa:5743,P35354,-8.1574,749,7466,0.1003214572729708,748,0,748,1.0
enzyme,D00153,13769,hsa:1588,P11511,-9.2117,704,7572,0.09297411516111992,703,0,703,1.0
enzyme,D00155,439693,hsa:100,P00813,-6.4329,2903,7318,0.39669308554249794,2902,0,2902,1.0
enzyme,D00160,564,hsa:10747,O00187,-4.8253,993,7471,0.1329139338776603,992,9,983,0.9909274193548387
enzyme,D00160,564,hsa:11202,O60259,-4.0591,4554,7471,0.6095569535537412,4553,25,4528,0.9945091148693169
enzyme,D00160,564,hsa:11330,Q99895,-4.3307,3208,7471,0.4293936554678089,3207,19,3188,0.9940754599314
enzyme,D00160,564,hsa:1215,P23946,-4.0717,4475,7471,0.598982733235176,4474,24,4450,0.9946356727760394
enzyme,D00160,564,hsa:1675,P00746,-4.7729,1180,7471,0.15794405032793468,1179,10,1169,0.991518235793045
enzyme,D00160,564,hsa:1991,P08246,-5.0925,331,7471,0.04430464462588676,330,3,327,0.990909090909091
enzyme,D00160,564,hsa:2155,P08709,-4.2787,3453,7471,0.4621871235443716,3452,21,3431,0.9939165701042874
enzyme,D00160,564,hsa:2158,P00740,-3.0692,7073,7471,0.9467273457368491,7072,29,7043,0.9958993212669683
enzyme,D00160,564,hsa:2159,P00742,-5.2337,161,7471,0.021549993307455495,160,0,160,1.0
enzyme,D00160,564,hsa:2160,P03951,-5.016,465,7471,0.06224066390041494,464,4,460,0.9913793103448276
enzyme,D00160,564,hsa:2161,P00748,-4.9724,574,7471,0.07683041092223264,573,5,568,0.9912739965095986
enzyme,D00160,564,hsa:28972,Q9Y6A9,-3.7606,5797,7471,0.7759336099585062,5796,27,5769,0.9953416149068323
enzyme,D00160,564,hsa:3001,P12544,-4.5058,2337,7471,0.3128095301833757,2336,17,2319,0.992722602739726
enzyme,D00160,564,hsa:3002,P10144,-4.0019,4804,7471,0.643019676080846,4803,26,4777,0.9945867166354362
enzyme,D00160,564,hsa:354,P07288,-4.2174,3755,7471,0.5026100923571142,3754,22,3732,0.9941395844432606
enzyme,D00160,564,hsa:3816,P06870,-4.6171,1803,7471,0.24133315486547985,1802,15,1787,0.9916759156492786
enzyme,D00160,564,hsa:3817,P20151,-4.2864,3421,7471,0.4579038950609022,3420,20,3400,0.9941520467836257
enzyme,D00160,564,hsa:3818,P03952,-4.7418,1292,7471,0.17293535002007762,1291,12,1279,0.9907048799380326
enzyme,D00160,564,hsa:5045,P09958,-4.6997,1454,7471,0.19461919421764154,1453,13,1440,0.9910529938059188
enzyme,D00160,564,hsa:5327,P00750,-5.1413,261,7471,0.034935082318297415,260,1,259,0.9961538461538462
enzyme,D00160,564,hsa:5328,P00749,-4.6734,1568,7471,0.20987819569000135,1567,14,1553,0.9910657306955967
enzyme,D00160,564,hsa:5340,P00747,-5.1034,313,7471,0.04189532860393522,312,2,310,0.9935897435897436
enzyme,D00160,564,hsa:5550,P48147,-4.8729,831,7471,0.11123008968009637,830,8,822,0.9903614457831326
enzyme,D00160,564,hsa:5646,P35030,-4.7615,1216,7471,0.16276268237183777,1215,11,1204,0.9909465020576131
enzyme,D00160,564,hsa:5650,P49862,-4.4614,2569,7471,0.34386293668852896,2568,18,2550,0.9929906542056075
enzyme,D00160,564,hsa:5651,P98073,-4.0772,4445,7471,0.5949672065319235,4444,23,4421,0.9948244824482448
enzyme,D00160,564,hsa:5657,P24158,-4.5645,2063,7471,0.2761343862936689,2062,16,2046,0.9922405431619786
enzyme,D00160,564,hsa:64499,P20231,-4.8824,800,7471,0.10708071208673538,799,7,792,0.9912390488110138
enzyme,D00160,564,hsa:6768,Q9Y5Y6,-4.9309,673,7471,0.09008164904296613,672,6,666,0.9910714285714286
enzyme,D00160,564,hsa:8192,Q16740,-3.7336,5881,7471,0.7871770847276134,5880,28,5852,0.9952380952380953
enzyme,D00168,6253,hsa:5423,P06746,-5.9996,2657,7322,0.36287899481016117,2656,0,2656,1.0
enzyme,D00169,23663959,hsa:5742,P23219,-1.2869,2870,7613,0.376986733219493,2869,0,2869,1.0
enzyme,D00169,23663959,hsa:5743,P35354,-1.2523,3753,7613,0.4929725469591488,3752,1,3751,0.9997334754797441
enzyme,D00183,4421,hsa:7153,P11388,-7.8812,244,7403,0.03295961096852627,243,0,243,1.0
enzyme,D00183,4421,hsa:7155,Q02880,-6.9054,1620,7403,0.21883020397136296,1619,1,1618,0.9993823347745522
enzyme,D00186,2764,hsa:7153,P11388,-7.8534,1221,7309,0.16705431659597755,1220,0,1220,1.0
enzyme,D00186,2764,hsa:7155,Q02880,-7.599,1715,7309,0.23464222191818307,1714,1,1713,0.9994165694282381
enzyme,D00196,5983,hsa:43,P22303,-8.2266,195,7466,0.026118403428877578,194,0,194,1.0
enzyme,D00196,5983,hsa:590,P06276,-7.8489,514,7466,0.0688454326279132,513,1,512,0.9980506822612085
enzyme,D00198,5280954,hsa:1636,P12821,-8.6751,1244,7403,0.16803998379035526,1243,0,1243,1.0
enzyme,D00208,5746,hsa:1728,P15559,-7.5117,1148,7451,0.15407327875452959,1147,1,1146,0.999128160418483
enzyme,D00208,5746,hsa:5447,P16435,-8.0688,426,7451,0.057173533753858544,425,0,425,1.0
enzyme,D00216,41774,hsa:2548,P10253,-8.2587,972,7331,0.13258764152230254,971,2,969,0.9979402677651905
enzyme,D00216,41774,hsa:279,P04746,-8.6823,511,7331,0.06970399672623108,510,0,510,1.0
enzyme,D00216,41774,hsa:8972,O43451,-8.3986,799,7331,0.10898922384395035,798,1,797,0.9987468671679198
enzyme,D00217,1983,hsa:10549,Q13162,-4.9006,4983,7470,0.6670682730923695,4982,10,4972,0.9979927739863509
enzyme,D00217,1983,hsa:10935,P30048,-4.8536,5130,7470,0.6867469879518072,5129,11,5118,0.9978553324234744
enzyme,D00217,1983,hsa:1543,P04798,-7.4373,3,7470,0.00040160642570281126,2,0,2,1.0
enzyme,D00217,1983,hsa:1544,P05177,-7.0671,24,7470,0.00321285140562249,23,2,21,0.9130434782608695
enzyme,D00217,1983,hsa:1565,P10635,-6.249,568,7470,0.07603748326639893,567,5,562,0.9911816578483245
enzyme,D00217,1983,hsa:1571,P05181,-5.9585,1275,7470,0.1706827309236948,1274,7,1267,0.9945054945054945
enzyme,D00217,1983,hsa:25824,P30044,-5.1569,4073,7470,0.5452476572958501,4072,9,4063,0.9977897838899804
enzyme,D00217,1983,hsa:4353,P05164,-7.3502,5,7470,0.0006693440428380187,4,1,3,0.75
enzyme,D00217,1983,hsa:5052,Q06830,-5.4768,2944,7470,0.3941097724230254,2943,8,2935,0.9972816853550799
enzyme,D00217,1983,hsa:5742,P23219,-6.6952,121,7470,0.016198125836680052,120,4,116,0.9666666666666667
enzyme,D00217,1983,hsa:5743,P35354,-6.1172,847,7470,0.11338688085676038,846,6,840,0.9929078014184397
enzyme,D00217,1983,hsa:6799,P50226,-6.9384,42,7470,0.005622489959839358,41,3,38,0.926829268292683
enzyme,D00218,1986,hsa:23632,Q9ULX7,-6.1817,1171,7408,0.15807235421166307,1170,3,1167,0.9974358974358974
enzyme,D00218,1986,hsa:377677,Q8N1Q1,-5.5067,3333,7408,0.44991900647948163,3332,10,3322,0.996998799519808
enzyme,D00218,1986,hsa:759,P00915,-6.1866,1156,7408,0.1560475161987041,1155,2,1153,0.9982683982683983
enzyme,D00218,1986,hsa:760,P00918,-5.7589,2435,7408,0.3286987041036717,2434,6,2428,0.9975349219391948
enzyme,D00218,1986,hsa:761,P07451,-5.7526,2459,7408,0.33193844492440605,2458,7,2451,0.9971521562245729
enzyme,D00218,1986,hsa:762,P22748,-5.7883,2326,7408,0.31398488120950324,2325,5,2320,0.9978494623655914
enzyme,D00218,1986,hsa:765,P23280,-5.7196,2563,7408,0.34597732181425483,2562,8,2554,0.9968774395003903
enzyme,D00218,1986,hsa:766,P43166,-6.4708,594,7408,0.08018358531317495,593,0,593,1.0
enzyme,D00218,1986,hsa:767,P35219,-5.6476,2825,7408,0.38134449244060475,2824,9,2815,0.9968130311614731
enzyme,D00218,1986,hsa:768,Q16790,-5.9612,1791,7408,0.24176565874730022,1790,4,1786,0.9977653631284916
enzyme,D00218,1986,hsa:771,O43570,-6.3233,848,7408,0.11447084233261338,847,1,846,0.9988193624557261
enzyme,D00219,1989,hsa:51181,Q7Z4W1,-8.393,791,7462,0.10600375234521577,790,0,790,1.0
enzyme,D00222,135398513,hsa:30,P09110,-5.2931,4616,7400,0.6237837837837837,4615,0,4615,1.0
enzyme,D00224,135401907,hsa:7498,P47989,-6.5303,80,7473,0.01070520540612873,79,0,79,1.0
enzyme,D00225,2118,hsa:10858,Q9Y6A2,-9.2093,405,7465,0.05425318151373074,404,10,394,0.9752475247524752
enzyme,D00225,2118,hsa:1543,P04798,-9.0196,568,7465,0.07608841259209645,567,12,555,0.9788359788359788
enzyme,D00225,2118,hsa:1544,P05177,-9.7057,157,7465,0.02103148024112525,156,3,153,0.9807692307692307
enzyme,D00225,2118,hsa:1545,Q16678,-9.8954,109,7465,0.014601473543201607,108,2,106,0.9814814814814815
enzyme,D00225,2118,hsa:1548,P11509,-10.3911,36,7465,0.0048225050234427325,35,0,35,1.0
enzyme,D00225,2118,hsa:1551,P24462,-7.8541,2429,7465,0.3253851306095111,2428,24,2404,0.9901153212520593
enzyme,D00225,2118,hsa:1553,Q16696,-10.3154,42,7465,0.005626255860683188,41,1,40,0.975609756097561
enzyme,D00225,2118,hsa:1555,P20813,-8.5703,1044,7465,0.13985264567983924,1043,20,1023,0.9808245445829339
enzyme,D00225,2118,hsa:1557,P33261,-9.3121,332,7465,0.04447421299397187,331,8,323,0.9758308157099698
enzyme,D00225,2118,hsa:1558,P10632,-9.2141,400,7465,0.0535833891493637,399,9,390,0.9774436090225563
enzyme,D00225,2118,hsa:1559,P11712,-8.4276,1260,7465,0.16878767582049564,1259,22,1237,0.982525814138205
enzyme,D00225,2118,hsa:1562,P33260,-4.753,7260,7465,0.9725385130609511,7259,25,7234,0.9965559994489599
enzyme,D00225,2118,hsa:1565,P10635,-9.4204,267,7465,0.035766912257200266,266,6,260,0.9774436090225563
enzyme,D00225,2118,hsa:1571,P05181,-9.4582,245,7465,0.03281982585398526,244,4,240,0.9836065573770492
enzyme,D00225,2118,hsa:1576,P08684,-8.9913,590,7465,0.07903549899531145,589,13,576,0.9779286926994907
enzyme,D00225,2118,hsa:1577,P20815,-8.6406,959,7465,0.12846617548559947,958,17,941,0.9822546972860126
enzyme,D00225,2118,hsa:1581,P22680,-8.848,731,7465,0.09792364367046216,730,15,715,0.9794520547945206
enzyme,D00225,2118,hsa:1582,Q9UNU6,-8.5804,1036,7465,0.13878097789685198,1035,19,1016,0.9816425120772947
enzyme,D00225,2118,hsa:1583,P05108,-8.5057,1142,7465,0.15298057602143336,1141,21,1120,0.9815950920245399
enzyme,D00225,2118,hsa:1584,P15538,-9.1985,416,7465,0.055726724715338245,415,11,404,0.9734939759036144
enzyme,D00225,2118,hsa:1585,P19099,-9.3309,322,7465,0.04313462826523778,321,7,314,0.9781931464174455
enzyme,D00225,2118,hsa:1586,P05093,-8.9661,619,7465,0.08292029470864032,618,14,604,0.9773462783171522
enzyme,D00225,2118,hsa:1588,P11511,-9.4419,255,7465,0.03415941058271936,254,5,249,0.9803149606299213
enzyme,D00225,2118,hsa:1589,P08686,-8.7364,834,7465,0.11172136637642331,833,16,817,0.9807923169267707
enzyme,D00225,2118,hsa:1595,Q16850,-7.9507,2174,7465,0.2912257200267917,2173,23,2150,0.9894155545329039
enzyme,D00225,2118,hsa:5740,Q16647,-8.6359,966,7465,0.12940388479571333,965,18,947,0.9813471502590674
enzyme,D00231,3698,hsa:10846,Q9Y233,-6.9664,755,7469,0.1010844825277815,754,5,749,0.993368700265252
enzyme,D00231,3698,hsa:5138,O00408,-6.3919,2085,7469,0.2791538358548668,2084,10,2074,0.9952015355086372
enzyme,D00231,3698,hsa:5140,Q13370,-7.1964,454,7469,0.060784576248493774,453,4,449,0.9911699779249448
enzyme,D00231,3698,hsa:5141,P27815,-6.9146,830,7469,0.11112598741464721,829,6,823,0.9927623642943305
enzyme,D00231,3698,hsa:5142,Q07343,-7.2845,359,7469,0.04806533672513054,358,1,357,0.9972067039106145
enzyme,D00231,3698,hsa:5143,Q08493,-6.1274,2906,7469,0.3890748426830901,2905,11,2894,0.9962134251290877
enzyme,D00231,3698,hsa:5144,Q08499,-7.6631,125,7469,0.01673584147810952,124,0,124,1.0
enzyme,D00231,3698,hsa:5147,O43924,-6.4585,1915,7469,0.25639309144463784,1914,9,1905,0.9952978056426333
enzyme,D00231,3698,hsa:5148,P18545,-3.8178,7240,7469,0.9693399384121033,7239,12,7227,0.9983423124740987
enzyme,D00231,3698,hsa:5150,Q13946,-7.2818,364,7469,0.04873477038425492,363,2,361,0.9944903581267218
enzyme,D00231,3698,hsa:5151,O60658,-7.2797,365,7469,0.048868657116079794,364,3,361,0.9917582417582418
enzyme,D00231,3698,hsa:5152,O76083,-6.7873,1102,7469,0.14754317847101353,1101,7,1094,0.9936421435059037
enzyme,D00231,3698,hsa:8654,O76074,-6.6691,1365,7469,0.18275538894095594,1364,8,1356,0.9941348973607038
enzyme,D00234,2247,hsa:1565,P10635,-9.4413,849,7272,0.11674917491749175,848,1,847,0.9988207547169812
enzyme,D00234,2247,hsa:1576,P08684,-10.0148,415,7272,0.05706820682068207,414,0,414,1.0
enzyme,D00251,44093,hsa:1636,P12821,-5.6761,951,7408,0.12837473002159827,950,0,950,1.0
enzyme,D00252,2554,hsa:1558,P10632,-8.7599,675,7466,0.09040985802303778,674,0,674,1.0
enzyme,D00252,2554,hsa:1576,P08684,-8.2497,1367,7466,0.18309670506295206,1366,1,1365,0.9992679355783309
enzyme,D00270,2726,hsa:2147,P00734,-6.7497,1329,7465,0.17803081044876087,1328,0,1328,1.0
enzyme,D00270,2726,hsa:4017,Q9Y4K0,-6.6067,1616,7465,0.21647689216342933,1615,1,1614,0.9993808049535604
enzyme,D00270,2726,hsa:4128,P21397,-6.2287,2519,7465,0.3374413931681179,2518,3,2515,0.9988085782366958
enzyme,D00270,2726,hsa:4129,P27338,-6.3752,2117,7465,0.28359008707300737,2116,2,2114,0.999054820415879
enzyme,D00274,2769,hsa:1565,P10635,-9.216,137,7271,0.01884197496905515,136,0,136,1.0
enzyme,D00274,2769,hsa:1576,P08684,-8.9915,243,7271,0.03342043735387155,242,1,241,0.9958677685950413
enzyme,D00279,2796,hsa:10269,O75844,-0.001,7519,7533,0.9981415106863135,7518,1,7517,0.9998669859005055
enzyme,D00279,2796,hsa:4023,P06858,-5.87,2271,7533,0.30147351652728,2270,0,2270,1.0
enzyme,D00283,135398737,hsa:1544,P05177,-9.4642,112,7393,0.015149465710807521,111,0,111,1.0
enzyme,D00283,135398737,hsa:1557,P33261,-8.3903,803,7393,0.10861625862302178,802,2,800,0.9975062344139651
enzyme,D00283,135398737,hsa:1565,P10635,-7.9127,1549,7393,0.20952252130393614,1548,3,1545,0.998062015503876
enzyme,D00283,135398737,hsa:1576,P08684,-8.79,401,7393,0.05424049776815907,400,1,399,0.9975
enzyme,D00283,135398737,hsa:22954,Q13049,-6.629,4818,7393,0.6516975517381307,4817,4,4813,0.9991696076396097
enzyme,D00285,358641,hsa:1719,P00374,-11.636,157,7222,0.021739130434782608,156,0,156,1.0
enzyme,D00293,3016,hsa:1557,P33261,-8.3653,565,7401,0.07634103499527091,564,0,564,1.0
enzyme,D00293,3016,hsa:1576,P08684,-7.8081,1241,7401,0.16768004323740035,1240,1,1239,0.9991935483870967
enzyme,D00293,3016,hsa:3906,P00709,-6.0,6000,7401,0.8107012565869477,5999,2,5997,0.9996666111018503
enzyme,D00294,3019,hsa:759,P00915,-6.1271,3040,7335,0.41445126107702795,3039,1,3038,0.9996709443896018
enzyme,D00294,3019,hsa:760,P00918,-6.3963,2208,7335,0.3010224948875256,2207,0,2207,1.0
enzyme,D00294,3019,hsa:762,P22748,-5.838,3978,7335,0.5423312883435583,3977,2,3975,0.9994971083731455
enzyme,D00298,2724385,hsa:476,P05023,-11.1852,398,7415,0.05367498314227916,397,0,397,1.0
enzyme,D00300,3100,hsa:1565,P10635,-7.158,764,7530,0.10146082337317397,763,0,763,1.0
enzyme,D00315,3308,hsa:5742,P23219,-6.6221,3242,7463,0.4344097547902988,3241,1,3240,0.9996914532551682
enzyme,D00315,3308,hsa:5743,P35354,-7.4823,1227,7463,0.16441109473402118,1226,0,1226,1.0
enzyme,D00317,3324,hsa:30,P09110,-6.1063,3227,7388,0.43678938819707636,3226,0,3226,1.0
enzyme,D00322,3365,hsa:1557,P33261,-7.6526,560,7394,0.0757370841222613,559,0,559,1.0
enzyme,D00322,3365,hsa:1559,P11712,-6.9103,1878,7394,0.2539897213957263,1877,1,1876,0.9994672349493873
enzyme,D00325,9642,hsa:5321,P47712,-9.1704,681,7437,0.09156918112141993,680,0,680,1.0
enzyme,D00328,15209,hsa:5321,P47712,-8.4421,1061,7445,0.1425117528542646,1060,0,1060,1.0
enzyme,D00330,3394,hsa:5742,P23219,-8.7363,359,7467,0.048078210794160976,358,0,358,1.0
enzyme,D00330,3394,hsa:5743,P35354,-8.3877,656,7467,0.08785322083835544,655,1,654,0.9984732824427481
enzyme,D00332,3446,hsa:2673,Q06210,-5.5499,1861,7470,0.24912985274431057,1860,2,1858,0.9989247311827957
enzyme,D00332,3446,hsa:2806,P00505,-5.2559,3011,7470,0.4030789825970549,3010,4,3006,0.998671096345515
enzyme,D00332,3446,hsa:29968,Q9Y617,-5.5361,1922,7470,0.2572958500669344,1921,3,1918,0.9984383133784487
enzyme,D00332,3446,hsa:4942,P04181,-5.2484,3041,7470,0.407095046854083,3040,5,3035,0.9983552631578947
enzyme,D00332,3446,hsa:51166,Q8N5Z0,-5.7084,1346,7470,0.18018741633199464,1345,1,1344,0.9992565055762082
enzyme,D00332,3446,hsa:586,P54687,-4.917,4384,7470,0.5868808567603748,4383,9,4374,0.997946611909651
enzyme,D00332,3446,hsa:587,O15382,-6.2765,251,7470,0.03360107095046854,250,0,250,1.0
enzyme,D00332,3446,hsa:64850,Q8TBG4,-5.2018,3253,7470,0.435475234270415,3252,6,3246,0.9981549815498155
enzyme,D00332,3446,hsa:6898,P17735,-5.0142,4007,7470,0.5364123159303882,4006,8,3998,0.9980029955067399
enzyme,D00332,3446,hsa:84706,Q8TD30,-5.1891,3308,7470,0.4428380187416332,3307,7,3300,0.9978832778953735
enzyme,D00333,135398740,hsa:30,P09110,-5.4699,4486,7397,0.6064620792213059,4485,0,4485,1.0
enzyme,D00340,3639,hsa:23632,Q9ULX7,-7.6034,312,7400,0.04216216216216216,311,2,309,0.9935691318327974
enzyme,D00340,3639,hsa:377677,Q8N1Q1,-6.2375,2986,7400,0.4035135135135135,2985,9,2976,0.9969849246231156
enzyme,D00340,3639,hsa:759,P00915,-6.7913,1476,7400,0.19945945945945945,1475,4,1471,0.9972881355932204
enzyme,D00340,3639,hsa:760,P00918,-6.2875,2808,7400,0.37945945945945947,2807,8,2799,0.9971499821873887
enzyme,D00340,3639,hsa:761,P07451,-6.4481,2370,7400,0.3202702702702703,2369,6,2363,0.9974672857745884
enzyme,D00340,3639,hsa:762,P22748,-5.7855,4443,7400,0.6004054054054054,4442,10,4432,0.9977487618190004
enzyme,D00340,3639,hsa:765,P23280,-6.3674,2567,7400,0.3468918918918919,2566,7,2559,0.9972720187061574
enzyme,D00340,3639,hsa:766,P43166,-7.766,206,7400,0.027837837837837838,205,1,204,0.9951219512195122
enzyme,D00340,3639,hsa:767,P35219,-6.7196,1644,7400,0.22216216216216217,1643,5,1638,0.996956786366403
enzyme,D00340,3639,hsa:768,Q16790,-6.848,1373,7400,0.18554054054054053,1372,3,1369,0.9978134110787172
enzyme,D00340,3639,hsa:771,O43570,-8.3231,42,7400,0.005675675675675676,41,0,41,1.0
enzyme,D00342,5905,hsa:30,P09110,-5.7704,3702,7322,0.5055995629609397,3701,0,3701,1.0
enzyme,D00359,53232,hsa:3156,P04035,-7.5156,2225,7518,0.2959563713753658,2224,0,2224,1.0
enzyme,D00364,3957,hsa:1576,P08684,-9.4221,275,7383,0.03724773127454964,274,0,274,1.0
enzyme,D00369,460612,hsa:189,P21549,-5.8391,2370,7322,0.32368205408358375,2369,0,2369,1.0
enzyme,D00371,2153,hsa:10846,Q9Y233,-6.465,427,7470,0.0571619812583668,426,2,424,0.9953051643192489
enzyme,D00371,2153,hsa:5138,O00408,-5.6644,2454,7470,0.3285140562248996,2453,9,2444,0.9963310232368529
enzyme,D00371,2153,hsa:5140,Q13370,-6.3864,537,7470,0.07188755020080322,536,5,531,0.9906716417910447
enzyme,D00371,2153,hsa:5141,P27815,-5.9014,1682,7470,0.2251673360107095,1681,7,1674,0.9958358120166567
enzyme,D00371,2153,hsa:5142,Q07343,-6.5296,357,7470,0.04779116465863454,356,0,356,1.0
enzyme,D00371,2153,hsa:5143,Q08493,-5.3837,3434,7470,0.4597054886211513,3433,10,3423,0.997087095834547
enzyme,D00371,2153,hsa:5144,Q08499,-6.4814,406,7470,0.05435073627844712,405,1,404,0.9975308641975309
enzyme,D00371,2153,hsa:5147,O43924,-5.2383,3976,7470,0.5322623828647925,3975,11,3964,0.9972327044025158
enzyme,D00371,2153,hsa:5148,P18545,-3.3394,7265,7470,0.9725568942436412,7264,12,7252,0.9983480176211453
enzyme,D00371,2153,hsa:5150,Q13946,-6.4267,478,7470,0.06398929049531459,477,3,474,0.9937106918238994
enzyme,D00371,2153,hsa:5151,O60658,-6.418,487,7470,0.06519410977242303,486,4,482,0.9917695473251029
enzyme,D00371,2153,hsa:5152,O76083,-5.7566,2133,7470,0.2855421686746988,2132,8,2124,0.9962476547842402
enzyme,D00371,2153,hsa:8654,O76074,-5.9193,1622,7470,0.21713520749665327,1621,6,1615,0.9962985811227637
enzyme,D00377,4075,hsa:240,P09917,-6.8089,97,7469,0.012987012987012988,96,0,96,1.0
enzyme,D00377,4075,hsa:5742,P23219,-6.1454,1037,7469,0.13884054090239656,1036,3,1033,0.997104247104247
enzyme,D00377,4075,hsa:5743,P35354,-6.2389,790,7469,0.10577051814165216,789,2,787,0.9974651457541192
enzyme,D00377,4075,hsa:7172,P51580,-6.556,270,7469,0.03614941759271656,269,1,268,0.9962825278810409
enzyme,D00380,5505,hsa:10858,Q9Y6A2,-7.4687,774,7466,0.10366997053308331,773,7,766,0.9909443725743855
enzyme,D00380,5505,hsa:1543,P04798,-8.7413,16,7466,0.0021430484864720066,15,0,15,1.0
enzyme,D00380,5505,hsa:1544,P05177,-8.2407,117,7466,0.015671042057326546,116,2,114,0.9827586206896551
enzyme,D00380,5505,hsa:1545,Q16678,-8.4865,43,7466,0.0057594428073935175,42,1,41,0.9761904761904762
enzyme,D00380,5505,hsa:1548,P11509,-7.7393,426,7466,0.05705866595231717,425,3,422,0.9929411764705882
enzyme,D00380,5505,hsa:1551,P24462,-7.1936,1255,7466,0.16809536565764802,1254,19,1235,0.9848484848484849
enzyme,D00380,5505,hsa:1553,Q16696,-7.4612,785,7466,0.10514331636753281,784,8,776,0.9897959183673469
enzyme,D00380,5505,hsa:1555,P20813,-7.2845,1091,7466,0.14612911867130993,1090,17,1073,0.9844036697247707
enzyme,D00380,5505,hsa:1557,P33261,-7.4983,726,7466,0.0972408250736673,725,5,720,0.993103448275862
enzyme,D00380,5505,hsa:1558,P10632,-7.7216,452,7466,0.06054111974283418,451,4,447,0.991130820399113
enzyme,D00380,5505,hsa:1559,P11712,-6.9023,1888,7466,0.25287972140369674,1887,24,1863,0.9872813990461049
enzyme,D00380,5505,hsa:1562,P33260,-4.2613,7250,7466,0.971068845432628,7249,25,7224,0.9965512484480618
enzyme,D00380,5505,hsa:1565,P10635,-7.3145,1034,7466,0.13849450843825342,1033,12,1021,0.9883833494675702
enzyme,D00380,5505,hsa:1571,P05181,-7.4954,733,7466,0.09817840878649879,732,6,726,0.9918032786885246
enzyme,D00380,5505,hsa:1576,P08684,-7.0741,1502,7466,0.2011786766675596,1501,22,1479,0.9853431045969354
enzyme,D00380,5505,hsa:1577,P20815,-7.3174,1024,7466,0.13715510313420842,1023,11,1012,0.989247311827957
enzyme,D00380,5505,hsa:1581,P22680,-7.1258,1406,7466,0.18832038574872756,1405,21,1384,0.9850533807829182
enzyme,D00380,5505,hsa:1582,Q9UNU6,-7.2387,1164,7466,0.15590677739083847,1163,18,1145,0.9845227858985383
enzyme,D00380,5505,hsa:1583,P05108,-7.296,1073,7466,0.14371818912402892,1072,14,1058,0.9869402985074627
enzyme,D00380,5505,hsa:1584,P15538,-7.2852,1090,7466,0.14599517814090543,1089,16,1073,0.9853076216712581
enzyme,D00380,5505,hsa:1585,P19099,-7.1931,1258,7466,0.1684971872488615,1257,20,1237,0.9840891010342084
enzyme,D00380,5505,hsa:1586,P05093,-7.2955,1075,7466,0.14398607018483794,1074,15,1059,0.9860335195530726
enzyme,D00380,5505,hsa:1588,P11511,-7.3681,927,7466,0.12416287168497188,926,9,917,0.990280777537797
enzyme,D00380,5505,hsa:1589,P08686,-7.3435,963,7466,0.12898473077953387,962,10,952,0.9896049896049897
enzyme,D00380,5505,hsa:1595,Q16850,-6.9533,1780,7466,0.23841414412001072,1779,23,1756,0.9870713884204609
enzyme,D00380,5505,hsa:5740,Q16647,-7.2986,1068,7466,0.14304848647200644,1067,13,1054,0.9878163074039362
enzyme,D00383,5484727,hsa:1636,P12821,-8.0649,1064,7373,0.1443103214431032,1063,0,1063,1.0
enzyme,D00387,5556,hsa:1576,P08684,-8.8933,476,7463,0.06378132118451026,475,0,475,1.0
enzyme,D00391,6256,hsa:30,P09110,-6.6255,3003,7320,0.41024590163934427,3002,0,3002,1.0
enzyme,D00394,5584,hsa:10858,Q9Y6A2,-7.8043,769,7569,0.10159862597436914,768,12,756,0.984375
enzyme,D00394,5584,hsa:1543,P04798,-8.2821,357,7569,0.04716607213634562,356,4,352,0.9887640449438202
enzyme,D00394,5584,hsa:1544,P05177,-7.7182,861,7569,0.11375346809353944,860,13,847,0.9848837209302326
enzyme,D00394,5584,hsa:1545,Q16678,-7.8984,663,7569,0.08759413396749902,662,10,652,0.9848942598187311
enzyme,D00394,5584,hsa:1548,P11509,-8.6485,160,7569,0.021138855859426608,159,0,159,1.0
enzyme,D00394,5584,hsa:1551,P24462,-7.5418,1064,7569,0.14057339146518694,1063,17,1046,0.9840075258701787
enzyme,D00394,5584,hsa:1553,Q16696,-8.5475,199,7569,0.026291451975161844,198,3,195,0.9848484848484849
enzyme,D00394,5584,hsa:1555,P20813,-7.3066,1484,7569,0.1960628880961818,1483,21,1462,0.98583951449764
enzyme,D00394,5584,hsa:1557,P33261,-8.5675,195,7569,0.025762980578676178,194,2,192,0.9896907216494846
enzyme,D00394,5584,hsa:1558,P10632,-7.9245,629,7569,0.08310212709737086,628,8,620,0.9872611464968153
enzyme,D00394,5584,hsa:1559,P11712,-7.6121,983,7569,0.12987184568635224,982,16,966,0.9837067209775967
enzyme,D00394,5584,hsa:1562,P33260,-4.0125,7368,7569,0.9734443123265953,7367,25,7342,0.9966064883941903
enzyme,D00394,5584,hsa:1565,P10635,-7.8754,690,7569,0.09116131589377725,689,11,678,0.9840348330914369
enzyme,D00394,5584,hsa:1571,P05181,-7.6421,944,7569,0.12471924957061699,943,15,928,0.9840933191940615
enzyme,D00394,5584,hsa:1576,P08684,-7.6997,891,7569,0.11771700356718193,890,14,876,0.9842696629213483
enzyme,D00394,5584,hsa:1577,P20815,-7.969,584,7569,0.07715682388690712,583,7,576,0.9879931389365352
enzyme,D00394,5584,hsa:1581,P22680,-7.4232,1248,7569,0.16488307570352756,1247,20,1227,0.9839615076182838
enzyme,D00394,5584,hsa:1582,Q9UNU6,-8.0369,526,7569,0.06949398863786498,525,6,519,0.9885714285714285
enzyme,D00394,5584,hsa:1583,P05108,-7.4857,1141,7569,0.150746465847536,1140,18,1122,0.9842105263157894
enzyme,D00394,5584,hsa:1584,P15538,-7.2768,1537,7569,0.20306513409961685,1536,22,1514,0.9856770833333334
enzyme,D00394,5584,hsa:1585,P19099,-8.6081,175,7569,0.023120623596247853,174,1,173,0.9942528735632183
enzyme,D00394,5584,hsa:1586,P05093,-7.4503,1212,7569,0.16012683313515655,1211,19,1192,0.9843104872006606
enzyme,D00394,5584,hsa:1588,P11511,-7.9238,630,7569,0.08323424494649227,629,9,620,0.985691573926868
enzyme,D00394,5584,hsa:1589,P08686,-8.0411,522,7569,0.06896551724137931,521,5,516,0.9904030710172744
enzyme,D00394,5584,hsa:1595,Q16850,-6.9857,2175,7569,0.28735632183908044,2174,24,2150,0.9889604415823368
enzyme,D00394,5584,hsa:5740,Q16647,-7.0414,2038,7569,0.26925617650944644,2037,23,2014,0.9887088856161022
enzyme,D00398,135398741,hsa:30,P09110,-6.6494,2686,7293,0.3682983682983683,2685,0,2685,1.0
enzyme,D00401,1349907,hsa:4353,P05164,-4.4901,30,7536,0.003980891719745223,29,0,29,1.0
enzyme,D00401,1349907,hsa:7453,P23381,-4.2269,201,7536,0.026671974522292995,200,1,199,0.995
enzyme,D00410,4174,hsa:10858,Q9Y6A2,-7.1556,1010,7532,0.13409453000531069,1009,10,999,0.9900891972249752
enzyme,D00410,4174,hsa:1544,P05177,-7.1722,973,7532,0.129182156133829,972,9,963,0.9907407407407407
enzyme,D00410,4174,hsa:1545,Q16678,-7.2308,873,7532,0.11590546999468933,872,7,865,0.9919724770642202
enzyme,D00410,4174,hsa:1548,P11509,-7.8189,267,7532,0.03544875199150292,266,0,266,1.0
enzyme,D00410,4174,hsa:1551,P24462,-6.4476,2606,7532,0.34599044078597985,2605,22,2583,0.9915547024952015
enzyme,D00410,4174,hsa:1553,Q16696,-7.4937,544,7532,0.07222517259691981,543,1,542,0.998158379373849
enzyme,D00410,4174,hsa:1555,P20813,-7.1053,1094,7532,0.145246946362188,1093,11,1082,0.989935956084172
enzyme,D00410,4174,hsa:1557,P33261,-7.0653,1157,7532,0.15361125862984598,1156,13,1143,0.9887543252595156
enzyme,D00410,4174,hsa:1558,P10632,-7.4152,628,7532,0.08337758895379713,627,3,624,0.9952153110047847
enzyme,D00410,4174,hsa:1559,P11712,-7.2249,883,7532,0.1172331386086033,882,8,874,0.9909297052154195
enzyme,D00410,4174,hsa:1562,P33260,-4.1162,7248,7532,0.9622942113648434,7247,24,7223,0.9966882848075066
enzyme,D00410,4174,hsa:1565,P10635,-7.3969,651,7532,0.08643122676579926,650,4,646,0.9938461538461538
enzyme,D00410,4174,hsa:1571,P05181,-6.833,1640,7532,0.2177376526818906,1639,17,1622,0.9896278218425869
enzyme,D00410,4174,hsa:1576,P08684,-6.6388,2087,7532,0.27708443972384494,2086,19,2067,0.9908916586768935
enzyme,D00410,4174,hsa:1577,P20815,-7.2873,794,7532,0.10541688794476899,793,5,788,0.9936948297604036
enzyme,D00410,4174,hsa:1581,P22680,-6.7426,1848,7532,0.24535315985130113,1847,18,1829,0.9902544667027612
enzyme,D00410,4174,hsa:1582,Q9UNU6,-6.4515,2596,7532,0.34466277217206587,2595,21,2574,0.991907514450867
enzyme,D00410,4174,hsa:1584,P15538,-6.4665,2548,7532,0.3382899628252788,2547,20,2527,0.9921476246564586
enzyme,D00410,4174,hsa:1586,P05093,-7.0852,1125,7532,0.1493627190653213,1124,12,1112,0.9893238434163701
enzyme,D00410,4174,hsa:1588,P11511,-6.4212,2672,7532,0.354753053637812,2671,23,2648,0.9913889928865594
enzyme,D00410,4174,hsa:1589,P08686,-7.2871,795,7532,0.10554965480616038,794,6,788,0.9924433249370277
enzyme,D00410,4174,hsa:1595,Q16850,-7.0306,1205,7532,0.15998406797663303,1204,14,1190,0.9883720930232558
enzyme,D00410,4174,hsa:3290,P28845,-6.8836,1513,7532,0.2008762612851832,1512,15,1497,0.9900793650793651
enzyme,D00410,4174,hsa:51181,Q7Z4W1,-7.4451,591,7532,0.07846521508231545,590,2,588,0.9966101694915255
enzyme,D00410,4174,hsa:5740,Q16647,-6.8353,1632,7532,0.21667551779075941,1631,16,1615,0.9901900674432863
enzyme,D00414,60490,hsa:240,P09917,-7.6648,487,7327,0.06646649379009144,486,0,486,1.0
enzyme,D00416,4189,hsa:1557,P33261,-9.0394,126,7390,0.017050067658998646,125,0,125,1.0
enzyme,D00416,4189,hsa:1559,P11712,-8.2788,597,7390,0.08078484438430311,596,1,595,0.9983221476510067
enzyme,D00417,4197,hsa:10846,Q9Y233,-7.097,1430,7469,0.19145802650957292,1429,15,1414,0.9895031490552834
enzyme,D00417,4197,hsa:10924,Q92484,-6.9462,1738,7469,0.23269513991163476,1737,17,1720,0.9902130109383995
enzyme,D00417,4197,hsa:1267,P09543,-7.0286,1559,7469,0.20872941491498193,1558,16,1542,0.9897304236200257
enzyme,D00417,4197,hsa:306,P12429,-6.3416,3345,7469,0.44785111795421073,3344,24,3320,0.992822966507177
enzyme,D00417,4197,hsa:339221,Q6UWV6,-6.4692,2942,7469,0.3938947650287856,2941,23,2918,0.9921795307718463
enzyme,D00417,4197,hsa:51095,Q96Q11,-6.4979,2861,7469,0.3830499397509707,2860,22,2838,0.9923076923076923
enzyme,D00417,4197,hsa:5138,O00408,-6.6505,2441,7469,0.32681751238452267,2440,18,2422,0.9926229508196721
enzyme,D00417,4197,hsa:5140,Q13370,-8.3297,141,7469,0.01887802918730754,140,4,136,0.9714285714285714
enzyme,D00417,4197,hsa:5141,P27815,-7.6673,583,7469,0.0780559646539028,582,9,573,0.9845360824742269
enzyme,D00417,4197,hsa:5142,Q07343,-8.6887,62,7469,0.008300977373142322,61,1,60,0.9836065573770492
enzyme,D00417,4197,hsa:5143,Q08493,-6.6227,2532,7469,0.33900120498058645,2531,19,2512,0.9924930857368629
enzyme,D00417,4197,hsa:5144,Q08499,-9.8783,1,7469,0.00013388673182487614,0,0,0,0.0
enzyme,D00417,4197,hsa:5146,P51160,-7.8251,444,7469,0.05944570893024501,443,6,437,0.9864559819413092
enzyme,D00417,4197,hsa:5147,O43924,-6.5032,2846,7469,0.38104163877359754,2845,21,2824,0.9926186291739895
enzyme,D00417,4197,hsa:5148,P18545,-3.9721,7264,7469,0.9725532199759004,7263,29,7234,0.9960071595759328
enzyme,D00417,4197,hsa:5150,Q13946,-7.7992,463,7469,0.06198955683491766,462,7,455,0.9848484848484849
enzyme,D00417,4197,hsa:5151,O60658,-7.4824,824,7469,0.11032266702369795,823,12,811,0.9854191980558931
enzyme,D00417,4197,hsa:5152,O76083,-7.5567,711,7469,0.09519346632748694,710,10,700,0.9859154929577465
enzyme,D00417,4197,hsa:5168,Q13822,-7.528,751,7469,0.10054893560048199,750,11,739,0.9853333333333333
enzyme,D00417,4197,hsa:5169,O14638,-7.1745,1271,7469,0.1701700361494176,1270,13,1257,0.989763779527559
enzyme,D00417,4197,hsa:5330,Q00722,-8.5318,86,7469,0.011514258936939348,85,2,83,0.9764705882352941
enzyme,D00417,4197,hsa:5331,Q01970,-8.4258,111,7469,0.014861427232561253,110,3,107,0.9727272727272728
enzyme,D00417,4197,hsa:5335,P19174,-5.8798,4767,7469,0.6382380506091846,4766,27,4739,0.9943348720100713
enzyme,D00417,4197,hsa:5336,P16885,-5.4214,6088,7469,0.8151024233498461,6087,28,6059,0.9954000328569081
enzyme,D00417,4197,hsa:5337,Q13393,-6.5452,2741,7469,0.3669835319319855,2740,20,2720,0.9927007299270073
enzyme,D00417,4197,hsa:5338,O14939,-7.1232,1370,7469,0.18342482260008033,1369,14,1355,0.9897735573411249
enzyme,D00417,4197,hsa:55512,Q9NY59,-6.1372,3956,7469,0.5296559110992101,3955,26,3929,0.9934260429835651
enzyme,D00417,4197,hsa:55775,Q9NUW8,-6.2731,3564,7469,0.47717231222385864,3563,25,3538,0.9929834409205726
enzyme,D00417,4197,hsa:6609,P17405,-7.7009,552,7469,0.07390547596733164,551,8,543,0.985480943738657
enzyme,D00417,4197,hsa:8654,O76074,-7.8251,443,7469,0.059311822198420135,442,5,437,0.9886877828054299
enzyme,D00418,4201,hsa:6799,P50226,-8.3476,13,7327,0.0017742595878258497,12,0,12,1.0
enzyme,D00421,5362129,hsa:1636,P12821,-8.692,307,7375,0.0416271186440678,306,0,306,1.0
enzyme,D00423,37542,hsa:132,P55263,-7.4498,343,7400,0.04635135135135135,342,0,342,1.0
enzyme,D00423,37542,hsa:22978,P49902,-7.0082,965,7400,0.1304054054054054,964,2,962,0.9979253112033195
enzyme,D00423,37542,hsa:3614,P20839,-7.374,433,7400,0.05851351351351351,432,1,431,0.9976851851851852
enzyme,D00425,4409,hsa:5742,P23219,-7.9839,641,7573,0.08464280998283376,640,0,640,1.0
enzyme,D00425,4409,hsa:5743,P35354,-7.6904,989,7573,0.13059553677538624,988,1,987,0.9989878542510121
enzyme,D00434,54454,hsa:1576,P08684,-8.1215,987,7514,0.13135480436518499,986,0,986,1.0
enzyme,D00434,54454,hsa:3156,P04035,-7.4443,2197,7514,0.29238754325259514,2196,1,2195,0.9995446265938069
enzyme,D00437,4485,hsa:10858,Q9Y6A2,-7.2822,277,7455,0.03715627095908786,276,5,271,0.9818840579710145
enzyme,D00437,4485,hsa:1543,P04798,-7.1665,386,7455,0.05177733065057009,385,9,376,0.9766233766233766
enzyme,D00437,4485,hsa:1544,P05177,-7.268,294,7455,0.03943661971830986,293,7,286,0.9761092150170648
enzyme,D00437,4485,hsa:1545,Q16678,-7.098,458,7455,0.061435278336686786,457,10,447,0.9781181619256017
enzyme,D00437,4485,hsa:1548,P11509,-7.6685,98,7455,0.013145539906103286,97,3,94,0.9690721649484536
enzyme,D00437,4485,hsa:1551,P24462,-6.8652,739,7455,0.09912810194500335,738,13,725,0.9823848238482384
enzyme,D00437,4485,hsa:1553,Q16696,-7.7686,64,7455,0.008584842387659289,63,1,62,0.9841269841269841
enzyme,D00437,4485,hsa:1555,P20813,-6.2344,2111,7455,0.28316566063044935,2110,22,2088,0.9895734597156398
enzyme,D00437,4485,hsa:1557,P33261,-7.6789,92,7455,0.012340710932260229,91,2,89,0.978021978021978
enzyme,D00437,4485,hsa:1558,P10632,-7.2793,279,7455,0.03742454728370221,278,6,272,0.9784172661870504
enzyme,D00437,4485,hsa:1562,P33260,-3.7524,7198,7455,0.9655264922870557,7197,23,7174,0.9968042239822148
enzyme,D00437,4485,hsa:1565,P10635,-6.7219,954,7455,0.12796780684104628,953,16,937,0.9832109129066107
enzyme,D00437,4485,hsa:1571,P05181,-7.9148,43,7455,0.005767940979208585,42,0,42,1.0
enzyme,D00437,4485,hsa:1576,P08684,-6.4949,1420,7455,0.19047619047619047,1419,20,1399,0.9859055673009162
enzyme,D00437,4485,hsa:1577,P20815,-6.7061,982,7455,0.13172367538564722,981,17,964,0.9826707441386341
enzyme,D00437,4485,hsa:1581,P22680,-6.5798,1241,7455,0.1664654594232059,1240,18,1222,0.9854838709677419
enzyme,D00437,4485,hsa:1582,Q9UNU6,-6.5337,1359,7455,0.1822937625754527,1358,19,1339,0.9860088365243005
enzyme,D00437,4485,hsa:1583,P05108,-6.9637,601,7455,0.08061703554661301,600,11,589,0.9816666666666667
enzyme,D00437,4485,hsa:1584,P15538,-6.2749,1977,7455,0.26519114688128775,1976,21,1955,0.9893724696356275
enzyme,D00437,4485,hsa:1586,P05093,-7.2145,346,7455,0.04641180415828303,345,8,337,0.9768115942028985
enzyme,D00437,4485,hsa:1588,P11511,-7.3469,234,7455,0.031388329979879274,233,4,229,0.9828326180257511
enzyme,D00437,4485,hsa:1589,P08686,-6.8963,690,7455,0.0925553319919517,689,12,677,0.9825834542815675
enzyme,D00437,4485,hsa:1595,Q16850,-6.7825,860,7455,0.1153588195841717,859,15,844,0.9825378346915018
enzyme,D00437,4485,hsa:5740,Q16647,-6.8186,806,7455,0.10811535881958417,805,14,791,0.9826086956521739
enzyme,D00448,5339,hsa:10,P11245,-10.2716,90,7285,0.012354152367879203,89,0,89,1.0
enzyme,D00448,5339,hsa:1147,O15111,-5.7921,6824,7285,0.9367192862045298,6823,7,6816,0.998974058332112
enzyme,D00448,5339,hsa:239,P18054,-8.6375,1398,7285,0.19190116678105695,1397,5,1392,0.9964209019327129
enzyme,D00448,5339,hsa:240,P09917,-9.2165,638,7285,0.08757721345229924,637,3,634,0.9952904238618524
enzyme,D00448,5339,hsa:247,O15296,-9.3753,501,7285,0.06877144818119424,500,2,498,0.996
enzyme,D00448,5339,hsa:3551,O14920,-8.8191,1118,7285,0.15346602608098833,1117,4,1113,0.9964189794091316
enzyme,D00448,5339,hsa:38,P24752,-7.1563,4795,7285,0.6582017844886754,4794,6,4788,0.9987484355444305
enzyme,D00448,5339,hsa:4048,P09960,-9.4563,434,7285,0.059574468085106386,433,1,432,0.9976905311778291
enzyme,D00449,5342,hsa:5743,P35354,-9.7075,245,7451,0.03288149241712522,244,0,244,1.0
enzyme,D00451,5358,hsa:22954,Q13049,-5.994,3287,7398,0.44430927277642607,3286,0,3286,1.0
enzyme,D00452,5359,hsa:5742,P23219,-7.9492,485,7466,0.06496115724618269,484,0,484,1.0
enzyme,D00452,5359,hsa:5743,P35354,-7.6957,752,7466,0.1007232788641843,751,1,750,0.9986684420772304
enzyme,D00454,135398745,hsa:1544,P05177,-8.4493,434,7394,0.0586962401947525,433,0,433,1.0
enzyme,D00454,135398745,hsa:1565,P10635,-7.6179,1529,7394,0.20678928861238843,1528,1,1527,0.9993455497382199
enzyme,D00459,54891,hsa:1636,P12821,-9.0406,531,7267,0.07307004265859364,530,0,530,1.0
enzyme,D00463,4614,hsa:5742,P23219,-7.0163,4161,7463,0.5575505828755192,4160,1,4159,0.9997596153846153
enzyme,D00463,4614,hsa:5743,P35354,-8.9712,443,7463,0.05935950690071017,442,0,442,1.0
enzyme,D00475,4911,hsa:4942,P04181,-5.9622,2797,7401,0.37792190244561547,2796,0,2796,1.0
enzyme,D00487,7550,hsa:43,P22303,-1.0447,3446,7611,0.45276573380633295,3445,0,3445,1.0
enzyme,D00488,4993,hsa:1719,P00374,-7.5055,399,7466,0.05344227163139566,398,0,398,1.0
enzyme,D00494,4927,hsa:2147,P00734,-6.6512,1859,7526,0.24701036407121976,1858,0,1858,1.0
enzyme,D00496,5852,hsa:834,P29466,-4.0042,4024,7411,0.542976656321684,4023,0,4023,1.0
enzyme,D00501,4740,hsa:10846,Q9Y233,-6.5682,1847,7466,0.24738815965711225,1846,20,1826,0.9891657638136512
enzyme,D00501,4740,hsa:10924,Q92484,-6.0976,3105,7466,0.41588534690597373,3104,27,3077,0.9913015463917526
enzyme,D00501,4740,hsa:1267,P09543,-6.8022,1310,7466,0.17546209482989553,1309,14,1295,0.9893048128342246
enzyme,D00501,4740,hsa:22978,P49902,-6.6348,1680,7466,0.22502009107956067,1679,19,1660,0.98868374032162
enzyme,D00501,4740,hsa:306,P12429,-6.237,2701,7466,0.3617733726225556,2700,23,2677,0.9914814814814815
enzyme,D00501,4740,hsa:30833,Q8TCD5,-6.7965,1329,7466,0.17800696490758103,1328,15,1313,0.9887048192771084
enzyme,D00501,4740,hsa:339221,Q6UWV6,-7.1721,702,7466,0.09402625234395928,701,7,694,0.9900142653352354
enzyme,D00501,4740,hsa:3612,P29218,-7.2354,614,7466,0.08223948566836324,613,6,607,0.9902120717781403
enzyme,D00501,4740,hsa:51095,Q96Q11,-6.212,2775,7466,0.3716849718724886,2774,24,2750,0.9913482335976929
enzyme,D00501,4740,hsa:51251,Q9H0P0,-7.5198,292,7466,0.039110634878114114,291,1,290,0.9965635738831615
enzyme,D00501,4740,hsa:5138,O00408,-5.8698,3777,7466,0.505893383337798,3776,30,3746,0.9920550847457628
enzyme,D00501,4740,hsa:5140,Q13370,-7.082,822,7466,0.11009911599249933,821,8,813,0.9902557856272838
enzyme,D00501,4740,hsa:5141,P27815,-6.8745,1195,7466,0.160058933833378,1194,13,1181,0.9891122278056952
enzyme,D00501,4740,hsa:5142,Q07343,-8.333,17,7466,0.002276989016876507,16,0,16,1.0
enzyme,D00501,4740,hsa:5143,Q08493,-6.0686,3197,7466,0.4282078757031878,3196,28,3168,0.9912390488110138
enzyme,D00501,4740,hsa:5144,Q08499,-7.3612,443,7466,0.05933565496919368,442,3,439,0.9932126696832579
enzyme,D00501,4740,hsa:5146,P51160,-7.0248,913,7466,0.12228770425930886,912,11,901,0.9879385964912281
enzyme,D00501,4740,hsa:5147,O43924,-6.7437,1429,7466,0.19140101794803108,1428,17,1411,0.9880952380952381
enzyme,D00501,4740,hsa:5148,P18545,-3.8495,7242,7466,0.9699973211893919,7241,32,7209,0.995580720894904
enzyme,D00501,4740,hsa:5151,O60658,-7.3127,504,7466,0.0675060273238682,503,5,498,0.9900596421471173
enzyme,D00501,4740,hsa:5152,O76083,-6.9206,1109,7466,0.14854004821859096,1108,12,1096,0.9891696750902527
enzyme,D00501,4740,hsa:5168,Q13822,-7.0319,901,7466,0.12068041789445486,900,9,891,0.99
enzyme,D00501,4740,hsa:5169,O14638,-6.6691,1605,7466,0.21497455129922313,1604,18,1586,0.9887780548628429
enzyme,D00501,4740,hsa:5330,Q00722,-7.4151,383,7466,0.051299223144923654,382,2,380,0.9947643979057592
enzyme,D00501,4740,hsa:5331,Q01970,-7.3297,483,7466,0.0646932761853737,482,4,478,0.991701244813278
enzyme,D00501,4740,hsa:5335,P19174,-6.2011,2802,7466,0.37530136619341015,2801,25,2776,0.991074616208497
enzyme,D00501,4740,hsa:5336,P16885,-5.3302,5550,7466,0.7433699437449772,5549,31,5518,0.994413407821229
enzyme,D00501,4740,hsa:5337,Q13393,-6.412,2233,7466,0.2990892043932494,2232,21,2211,0.9905913978494624
enzyme,D00501,4740,hsa:5338,O14939,-6.79,1342,7466,0.17974819180283955,1341,16,1325,0.9880686055182699
enzyme,D00501,4740,hsa:55512,Q9NY59,-5.8961,3691,7466,0.494374497723011,3690,29,3661,0.9921409214092141
enzyme,D00501,4740,hsa:55775,Q9NUW8,-6.4052,2250,7466,0.3013661934101259,2249,22,2227,0.9902178746109382
enzyme,D00501,4740,hsa:6609,P17405,-6.1243,3016,7466,0.4039646396999732,3015,26,2989,0.9913764510779436
enzyme,D00501,4740,hsa:8654,O76074,-7.0248,912,7466,0.12215376372890437,911,10,901,0.9890230515916575
enzyme,D00503,4748,hsa:1565,P10635,-8.2241,461,7379,0.06247459005285269,460,0,460,1.0
enzyme,D00503,4748,hsa:1576,P08684,-7.9732,693,7379,0.09391516465645751,692,1,691,0.9985549132947977
enzyme,D00505,61100,hsa:4128,P21397,-8.3008,383,6629,0.05777643686830593,382,0,382,1.0
enzyme,D00505,61100,hsa:4129,P27338,-8.2595,424,6629,0.06396138180721074,423,1,422,0.9976359338061466
enzyme,D00510,4781,hsa:239,P18054,-8.5832,215,7523,0.0285790243254021,214,0,214,1.0
enzyme,D00510,4781,hsa:240,P09917,-6.766,2917,7523,0.3877442509637113,2916,6,2910,0.9979423868312757
enzyme,D00510,4781,hsa:247,O15296,-8.4855,263,7523,0.03495945766316629,262,2,260,0.9923664122137404
enzyme,D00510,4781,hsa:3906,P00709,-5.5439,6290,7523,0.8361026186361824,6289,7,6282,0.9988869454603275
enzyme,D00510,4781,hsa:4048,P09960,-7.9224,700,7523,0.09304798617572776,699,3,696,0.9957081545064378
enzyme,D00510,4781,hsa:5740,Q16647,-7.8605,763,7523,0.10142230493154326,762,4,758,0.994750656167979
enzyme,D00510,4781,hsa:5742,P23219,-7.2487,1753,7523,0.23301874252292967,1752,5,1747,0.9971461187214612
enzyme,D00510,4781,hsa:5743,P35354,-8.5073,249,7523,0.033098497939651736,248,1,247,0.9959677419354839
enzyme,D00512,1775,hsa:1557,P33261,-8.388,778,7525,0.10338870431893687,777,0,777,1.0
enzyme,D00512,1775,hsa:1559,P11712,-7.9087,1514,7525,0.20119601328903655,1513,1,1512,0.9993390614672836
enzyme,D00513,4828,hsa:22954,Q13049,-5.5599,4811,7466,0.6443878917760514,4810,0,4810,1.0
enzyme,D00518,3038,hsa:23632,Q9ULX7,-7.44,92,7401,0.012430752600999864,91,1,90,0.989010989010989
enzyme,D00518,3038,hsa:377677,Q8N1Q1,-5.8135,3014,7401,0.4072422645588434,3013,8,3005,0.9973448390308662
enzyme,D00518,3038,hsa:759,P00915,-5.7043,3388,7401,0.4577759762194298,3387,9,3378,0.9973427812223207
enzyme,D00518,3038,hsa:760,P00918,-6.4722,1129,7401,0.152546953114444,1128,3,1125,0.9973404255319149
enzyme,D00518,3038,hsa:761,P07451,-5.9617,2515,7401,0.3398189433860289,2514,7,2507,0.9972155926809865
enzyme,D00518,3038,hsa:762,P22748,-5.5503,3965,7401,0.5357384137278746,3964,10,3954,0.9974772956609486
enzyme,D00518,3038,hsa:765,P23280,-6.0803,2161,7401,0.291987569247399,2160,6,2154,0.9972222222222222
enzyme,D00518,3038,hsa:766,P43166,-7.3154,149,7401,0.02013241453857587,148,2,146,0.9864864864864865
enzyme,D00518,3038,hsa:767,P35219,-6.4535,1181,7401,0.15957303067153086,1180,5,1175,0.9957627118644068
enzyme,D00518,3038,hsa:768,Q16790,-6.4608,1158,7401,0.15646534252128091,1157,4,1153,0.996542783059637
enzyme,D00518,3038,hsa:771,O43570,-7.9269,16,7401,0.002161870017565194,15,0,15,1.0
enzyme,D00519,2720,hsa:23632,Q9ULX7,-7.6514,316,7322,0.0431576072111445,315,1,314,0.9968253968253968
enzyme,D00519,2720,hsa:377677,Q8N1Q1,-6.1308,3302,7322,0.4509696804151871,3301,9,3292,0.9972735534686459
enzyme,D00519,2720,hsa:759,P00915,-6.9969,1122,7322,0.15323682054083584,1121,3,1118,0.9973238180196253
enzyme,D00519,2720,hsa:760,P00918,-6.5327,2133,7322,0.29131384867522536,2132,7,2125,0.9967166979362101
enzyme,D00519,2720,hsa:761,P07451,-6.5527,2078,7322,0.2838022398251844,2077,6,2071,0.9971112181030333
enzyme,D00519,2720,hsa:762,P22748,-5.9568,3842,7322,0.524720021851953,3841,10,3831,0.9973965113251757
enzyme,D00519,2720,hsa:765,P23280,-6.4132,2484,7322,0.3392515706091232,2483,8,2475,0.9967780910189287
enzyme,D00519,2720,hsa:766,P43166,-7.0491,1022,7322,0.13957934990439771,1021,2,1019,0.9980411361410382
enzyme,D00519,2720,hsa:767,P35219,-6.7768,1553,7322,0.21210051898388418,1552,4,1548,0.9974226804123711
enzyme,D00519,2720,hsa:768,Q16790,-6.7381,1628,7322,0.2223436219612128,1627,5,1622,0.9969268592501537
enzyme,D00519,2720,hsa:771,O43570,-8.2464,56,7322,0.0076481835564053535,55,0,55,1.0
enzyme,D00521,5405,hsa:1565,P10635,-9.9483,378,7506,0.050359712230215826,377,0,377,1.0
enzyme,D00521,5405,hsa:1576,P08684,-8.2346,2272,7506,0.3026911803890221,2271,1,2270,0.9995596653456627
enzyme,D00528,2519,hsa:10846,Q9Y233,-6.1758,786,7535,0.10431320504313205,785,15,770,0.9808917197452229
enzyme,D00528,2519,hsa:10858,Q9Y6A2,-5.9929,1209,7535,0.16045122760451228,1208,25,1183,0.9793046357615894
enzyme,D00528,2519,hsa:10924,Q92484,-5.928,1374,7535,0.18234903782349038,1373,30,1343,0.9781500364166059
enzyme,D00528,2519,hsa:1267,P09543,-5.8336,1642,7535,0.2179163901791639,1641,32,1609,0.9804996953077392
enzyme,D00528,2519,hsa:1543,P04798,-7.414,9,7535,0.0011944260119442602,8,1,7,0.875
enzyme,D00528,2519,hsa:1544,P05177,-7.3846,10,7535,0.0013271400132714001,9,2,7,0.7777777777777778
enzyme,D00528,2519,hsa:1545,Q16678,-7.9814,1,7535,0.00013271400132714,0,0,0,0.0
enzyme,D00528,2519,hsa:1548,P11509,-6.1788,781,7535,0.10364963503649635,780,14,766,0.982051282051282
enzyme,D00528,2519,hsa:1551,P24462,-6.0626,1058,7535,0.14041141340411414,1057,21,1036,0.9801324503311258
enzyme,D00528,2519,hsa:1553,Q16696,-6.1795,777,7535,0.1031187790311878,776,13,763,0.9832474226804123
enzyme,D00528,2519,hsa:1555,P20813,-5.7943,1748,7535,0.23198407431984075,1747,34,1713,0.9805380652547224
enzyme,D00528,2519,hsa:1557,P33261,-6.6329,202,7535,0.026808228268082282,201,4,197,0.9800995024875622
enzyme,D00528,2519,hsa:1558,P10632,-6.0451,1089,7535,0.14452554744525548,1088,22,1066,0.9797794117647058
enzyme,D00528,2519,hsa:1559,P11712,-5.8719,1543,7535,0.20477770404777704,1542,31,1511,0.9798962386511024
enzyme,D00528,2519,hsa:1562,P33260,-3.2496,7312,7535,0.9704047777040478,7311,53,7258,0.9927506497059225
enzyme,D00528,2519,hsa:1565,P10635,-6.5923,235,7535,0.031187790311877902,234,7,227,0.9700854700854701
enzyme,D00528,2519,hsa:1571,P05181,-6.5002,317,7535,0.04207033842070339,316,8,308,0.9746835443037974
enzyme,D00528,2519,hsa:1576,P08684,-5.7045,1961,7535,0.26025215660252154,1960,36,1924,0.9816326530612245
enzyme,D00528,2519,hsa:1577,P20815,-5.5441,2466,7535,0.32727272727272727,2465,40,2425,0.9837728194726166
enzyme,D00528,2519,hsa:1581,P22680,-5.9685,1260,7535,0.1672196416721964,1259,26,1233,0.9793486894360603
enzyme,D00528,2519,hsa:1582,Q9UNU6,-6.0649,1048,7535,0.13908427339084273,1047,20,1027,0.9808978032473734
enzyme,D00528,2519,hsa:1583,P05108,-5.999,1194,7535,0.15846051758460517,1193,24,1169,0.9798826487845766
enzyme,D00528,2519,hsa:1584,P15538,-6.1236,887,7535,0.1177173191771732,886,17,869,0.9808126410835214
enzyme,D00528,2519,hsa:1585,P19099,-6.095,964,7535,0.12793629727936298,963,19,944,0.980269989615784
enzyme,D00528,2519,hsa:1586,P05093,-5.9457,1316,7535,0.17465162574651627,1315,27,1288,0.979467680608365
enzyme,D00528,2519,hsa:1588,P11511,-5.8264,1656,7535,0.21977438619774387,1655,33,1622,0.980060422960725
enzyme,D00528,2519,hsa:1589,P08686,-6.2164,709,7535,0.09409422694094227,708,11,697,0.9844632768361582
enzyme,D00528,2519,hsa:1595,Q16850,-6.1079,930,7535,0.1234240212342402,929,18,911,0.9806243272335845
enzyme,D00528,2519,hsa:306,P12429,-5.1968,3668,7535,0.48679495686794955,3667,50,3617,0.9863648759203709
enzyme,D00528,2519,hsa:339221,Q6UWV6,-5.7614,1815,7535,0.24087591240875914,1814,35,1779,0.9807056229327453
enzyme,D00528,2519,hsa:51095,Q96Q11,-5.568,2389,7535,0.31705374917053747,2388,39,2349,0.9836683417085427
enzyme,D00528,2519,hsa:5138,O00408,-5.2249,3560,7535,0.47246184472461844,3559,49,3510,0.9862320876650744
enzyme,D00528,2519,hsa:5140,Q13370,-6.1672,807,7535,0.10710019907100199,806,16,790,0.9801488833746899
enzyme,D00528,2519,hsa:5141,P27815,-5.6601,2098,7535,0.27843397478433973,2097,38,2059,0.9818788745827373
enzyme,D00528,2519,hsa:5142,Q07343,-6.6406,197,7535,0.026144658261446584,196,3,193,0.9846938775510204
enzyme,D00528,2519,hsa:5143,Q08493,-5.1113,3970,7535,0.5268745852687459,3969,51,3918,0.9871504157218443
enzyme,D00528,2519,hsa:5144,Q08499,-6.6095,220,7535,0.029197080291970802,219,6,213,0.9726027397260274
enzyme,D00528,2519,hsa:5146,P51160,-5.9344,1356,7535,0.17996018579960185,1355,29,1326,0.9785977859778597
enzyme,D00528,2519,hsa:5147,O43924,-5.3643,3050,7535,0.404777704047777,3049,47,3002,0.9845851098720892
enzyme,D00528,2519,hsa:5148,P18545,-2.9953,7396,7535,0.9815527538155275,7395,54,7341,0.9926977687626775
enzyme,D00528,2519,hsa:5151,O60658,-6.6322,203,7535,0.026940942269409424,202,5,197,0.9752475247524752
enzyme,D00528,2519,hsa:5152,O76083,-5.3942,2940,7535,0.39017916390179164,2939,45,2894,0.9846886696155155
enzyme,D00528,2519,hsa:5168,Q13822,-6.0385,1101,7535,0.14611811546118114,1100,23,1077,0.9790909090909091
enzyme,D00528,2519,hsa:5169,O14638,-6.2012,738,7535,0.09794293297942933,737,12,725,0.9837177747625508
enzyme,D00528,2519,hsa:5330,Q00722,-6.4085,431,7535,0.05719973457199735,430,9,421,0.9790697674418605
enzyme,D00528,2519,hsa:5331,Q01970,-6.2367,673,7535,0.08931652289316523,672,10,662,0.9851190476190477
enzyme,D00528,2519,hsa:5335,P19174,-5.2507,3457,7535,0.45879230258792303,3456,48,3408,0.9861111111111112
enzyme,D00528,2519,hsa:5336,P16885,-4.7247,5301,7535,0.7035169210351692,5300,52,5248,0.990188679245283
enzyme,D00528,2519,hsa:5337,Q13393,-5.4346,2806,7535,0.37239548772395487,2805,44,2761,0.984313725490196
enzyme,D00528,2519,hsa:5338,O14939,-5.4436,2782,7535,0.36921035169210353,2781,43,2738,0.9845379359942467
enzyme,D00528,2519,hsa:55512,Q9NY59,-5.3902,2954,7535,0.3920371599203716,2953,46,2907,0.9844226210633255
enzyme,D00528,2519,hsa:55775,Q9NUW8,-5.4722,2691,7535,0.3571333775713338,2690,42,2648,0.9843866171003718
enzyme,D00528,2519,hsa:5740,Q16647,-5.5414,2471,7535,0.32793629727936296,2470,41,2429,0.9834008097165992
enzyme,D00528,2519,hsa:6609,P17405,-5.6975,1984,7535,0.2633045786330458,1983,37,1946,0.9813414019162885
enzyme,D00528,2519,hsa:8654,O76074,-5.9344,1355,7535,0.1798274717982747,1354,28,1326,0.9793205317577548
enzyme,D00533,34312,hsa:1557,P33261,-9.1469,328,7465,0.043938379102478234,327,0,327,1.0
enzyme,D00536,3331,hsa:1557,P33261,-6.6339,1881,7525,0.24996677740863787,1880,0,1880,1.0
enzyme,D00537,5284627,hsa:760,P00918,-7.8634,338,7462,0.04529616724738676,337,0,337,1.0
enzyme,D00537,5284627,hsa:762,P22748,-6.5967,2678,7462,0.3588850174216028,2677,1,2676,0.9996264475158759
enzyme,D00538,5734,hsa:23632,Q9ULX7,-6.79,1048,7408,0.14146868250539957,1047,3,1044,0.997134670487106
enzyme,D00538,5734,hsa:377677,Q8N1Q1,-6.0628,2999,7408,0.40483261339092874,2998,7,2991,0.9976651100733822
enzyme,D00538,5734,hsa:759,P00915,-6.0214,3145,7408,0.4245410367170626,3144,8,3136,0.9974554707379135
enzyme,D00538,5734,hsa:760,P00918,-7.0244,641,7408,0.0865280777537797,640,0,640,1.0
enzyme,D00538,5734,hsa:761,P07451,-6.7571,1111,7408,0.1499730021598272,1110,4,1106,0.9963963963963964
enzyme,D00538,5734,hsa:762,P22748,-5.6586,4306,7408,0.5812634989200864,4305,10,4295,0.9976771196283392
enzyme,D00538,5734,hsa:765,P23280,-5.8834,3561,7408,0.48069654427645786,3560,9,3551,0.9974719101123596
enzyme,D00538,5734,hsa:766,P43166,-6.7126,1210,7408,0.16333693304535638,1209,5,1204,0.9958643507030603
enzyme,D00538,5734,hsa:767,P35219,-6.559,1551,7408,0.2093682505399568,1550,6,1544,0.9961290322580645
enzyme,D00538,5734,hsa:768,Q16790,-6.8013,1019,7408,0.13755399568034557,1018,2,1016,0.9980353634577603
enzyme,D00538,5734,hsa:771,O43570,-6.8219,975,7408,0.1316144708423326,974,1,973,0.9989733059548255
enzyme,D00542,3562,hsa:10858,Q9Y6A2,-4.3098,1668,7536,0.2213375796178344,1667,16,1651,0.9904019196160768
enzyme,D00542,3562,hsa:1543,P04798,-4.9757,134,7536,0.01778131634819533,133,1,132,0.9924812030075187
enzyme,D00542,3562,hsa:1544,P05177,-4.9265,166,7536,0.0220276008492569,165,2,163,0.9878787878787879
enzyme,D00542,3562,hsa:1545,Q16678,-4.8825,214,7536,0.028397027600849258,213,4,209,0.9812206572769953
enzyme,D00542,3562,hsa:1548,P11509,-4.5976,690,7536,0.09156050955414012,689,7,682,0.9898403483309144
enzyme,D00542,3562,hsa:1551,P24462,-4.3721,1399,7536,0.18564225053078556,1398,14,1384,0.9899856938483548
enzyme,D00542,3562,hsa:1553,Q16696,-4.6974,484,7536,0.06422505307855626,483,6,477,0.9875776397515528
enzyme,D00542,3562,hsa:1555,P20813,-4.8928,199,7536,0.026406581740976647,198,3,195,0.9848484848484849
enzyme,D00542,3562,hsa:1557,P33261,-4.1868,2271,7536,0.3013535031847134,2270,18,2252,0.9920704845814978
enzyme,D00542,3562,hsa:1558,P10632,-4.4514,1120,7536,0.14861995753715498,1119,12,1107,0.9892761394101877
enzyme,D00542,3562,hsa:1559,P11712,-3.9159,3820,7536,0.5069002123142251,3819,23,3796,0.9939774810159727
enzyme,D00542,3562,hsa:1562,P33260,-2.2981,7334,7536,0.9731953290870489,7333,24,7309,0.99672712396018
enzyme,D00542,3562,hsa:1565,P10635,-4.3901,1331,7536,0.17661889596602973,1330,13,1317,0.9902255639097745
enzyme,D00542,3562,hsa:1576,P08684,-4.779,327,7536,0.04339171974522293,326,5,321,0.9846625766871165
enzyme,D00542,3562,hsa:1577,P20815,-4.5873,710,7536,0.09421443736730362,709,8,701,0.9887165021156559
enzyme,D00542,3562,hsa:1581,P22680,-4.2703,1862,7536,0.24708067940552017,1861,17,1844,0.9908651262761956
enzyme,D00542,3562,hsa:1582,Q9UNU6,-4.1227,2621,7536,0.34779723991507433,2620,20,2600,0.9923664122137404
enzyme,D00542,3562,hsa:1583,P05108,-4.3197,1629,7536,0.2161624203821656,1628,15,1613,0.9907862407862408
enzyme,D00542,3562,hsa:1584,P15538,-4.1799,2312,7536,0.3067940552016985,2311,19,2292,0.9917784508870618
enzyme,D00542,3562,hsa:1585,P19099,-5.0618,76,7536,0.010084925690021231,75,0,75,1.0
enzyme,D00542,3562,hsa:1586,P05093,-3.961,3531,7536,0.46855095541401276,3530,22,3508,0.9937677053824363
enzyme,D00542,3562,hsa:1588,P11511,-4.5752,750,7536,0.09952229299363058,749,9,740,0.9879839786381842
enzyme,D00542,3562,hsa:1589,P08686,-4.5099,912,7536,0.12101910828025478,911,10,901,0.9890230515916575
enzyme,D00542,3562,hsa:1595,Q16850,-4.497,943,7536,0.1251326963906582,942,11,931,0.9883227176220807
enzyme,D00542,3562,hsa:5740,Q16647,-4.0503,3029,7536,0.40193736730360935,3028,21,3007,0.9930647291941875
enzyme,D00543,3226,hsa:1571,P05181,-5.5639,483,7534,0.06410937085213698,482,0,482,1.0
enzyme,D00544,4116,hsa:1571,P05181,-4.7032,535,7536,0.07099256900212314,534,0,534,1.0
enzyme,D00547,5206,hsa:1571,P05181,-5.9093,365,7573,0.04819754390598178,364,0,364,1.0
enzyme,D00550,4192,hsa:1576,P08684,-10.2016,27,7397,0.0036501284304447748,26,0,26,1.0
enzyme,D00560,16362,hsa:2147,P00734,-9.5276,1488,7366,0.2020092316046701,1487,0,1487,1.0
enzyme,D00562,657298,hsa:4353,P05164,-5.8945,486,7471,0.06505153259269174,485,0,485,1.0
enzyme,D00562,657298,hsa:7453,P23381,-5.6705,945,7471,0.12648909115245616,944,1,943,0.9989406779661016
enzyme,D00563,4205,hsa:1544,P05177,-8.4624,760,7526,0.10098325803879883,759,1,758,0.9986824769433466
enzyme,D00563,4205,hsa:1565,P10635,-8.5859,627,7526,0.08331118788200903,626,0,626,1.0
enzyme,D00563,4205,hsa:1576,P08684,-8.0704,1341,7526,0.1781823013553016,1340,2,1338,0.9985074626865672
enzyme,D00566,16760658,hsa:5742,P23219,-1.2869,2868,7613,0.37672402469460137,2867,0,2867,1.0
enzyme,D00566,16760658,hsa:5743,P35354,-1.2522,3755,7613,0.49323525548404046,3754,1,3753,0.9997336174746937
enzyme,D00567,2662,hsa:1559,P11712,-9.3783,242,7216,0.03353658536585366,241,0,241,1.0
enzyme,D00567,2662,hsa:5742,P23219,-7.9361,2025,7216,0.28062638580931265,2024,2,2022,0.9990118577075099
enzyme,D00567,2662,hsa:5743,P35354,-8.7918,671,7216,0.09298780487804878,670,1,669,0.9985074626865672
enzyme,D00568,5090,hsa:5742,P23219,-7.4939,2305,7525,0.306312292358804,2304,1,2303,0.9995659722222222
enzyme,D00568,5090,hsa:5743,P35354,-7.7732,1676,7525,0.22272425249169436,1675,0,1675,1.0
enzyme,D00569,4754,hsa:1543,P04798,-7.4598,5,7535,0.0006635700066357001,4,0,4,1.0
enzyme,D00569,4754,hsa:1544,P05177,-6.542,365,7535,0.04844061048440611,364,1,363,0.9972527472527473
enzyme,D00574,2145,hsa:10858,Q9Y6A2,-7.9463,229,7527,0.030423807625880164,228,1,227,0.9956140350877193
enzyme,D00574,2145,hsa:1543,P04798,-7.0071,1386,7527,0.18413710641689918,1385,8,1377,0.9942238267148015
enzyme,D00574,2145,hsa:1544,P05177,-6.9967,1409,7527,0.18719277268500067,1408,10,1398,0.9928977272727273
enzyme,D00574,2145,hsa:1545,Q16678,-7.0935,1200,7527,0.15942606616181745,1199,7,1192,0.994161801501251
enzyme,D00574,2145,hsa:1548,P11509,-7.3049,830,7527,0.11026969576192375,829,5,824,0.9939686369119421
enzyme,D00574,2145,hsa:1551,P24462,-6.4015,2848,7527,0.37837119702404676,2847,21,2826,0.9926238145416227
enzyme,D00574,2145,hsa:1553,Q16696,-7.7201,369,7527,0.04902351534475887,368,3,365,0.9918478260869565
enzyme,D00574,2145,hsa:1555,P20813,-6.9973,1408,7527,0.18705991762986582,1407,9,1398,0.9936034115138592
enzyme,D00574,2145,hsa:1557,P33261,-6.9821,1436,7527,0.19077985917364157,1435,12,1423,0.9916376306620209
enzyme,D00574,2145,hsa:1558,P10632,-8.052,186,7527,0.024711040255081706,185,0,185,1.0
enzyme,D00574,2145,hsa:1559,P11712,-7.7532,347,7527,0.046100704131792215,346,2,344,0.9942196531791907
enzyme,D00574,2145,hsa:1562,P33260,-3.8969,7296,7527,0.9693104822638502,7295,24,7271,0.9967100753941055
enzyme,D00574,2145,hsa:1565,P10635,-6.792,1835,7527,0.24378902617244586,1834,15,1819,0.9918211559432933
enzyme,D00574,2145,hsa:1571,P05181,-7.1658,1081,7527,0.14361631460077057,1080,6,1074,0.9944444444444445
enzyme,D00574,2145,hsa:1576,P08684,-6.6623,2155,7527,0.28630264381559717,2154,17,2137,0.9921077065923862
enzyme,D00574,2145,hsa:1577,P20815,-6.549,2439,7527,0.324033479473894,2438,20,2418,0.9917965545529123
enzyme,D00574,2145,hsa:1581,P22680,-6.6371,2222,7527,0.295203932509632,2221,18,2203,0.9918955425484016
enzyme,D00574,2145,hsa:1582,Q9UNU6,-6.571,2391,7527,0.3176564368274213,2390,19,2371,0.992050209205021
enzyme,D00574,2145,hsa:1583,P05108,-7.6687,394,7527,0.05234489172313007,393,4,389,0.989821882951654
enzyme,D00574,2145,hsa:1584,P15538,-6.378,2912,7527,0.38687392055267705,2911,22,2889,0.992442459635864
enzyme,D00574,2145,hsa:1585,P19099,-6.6803,2105,7527,0.2796598910588548,2104,16,2088,0.9923954372623575
enzyme,D00574,2145,hsa:1586,P05093,-6.8916,1621,7527,0.2153580443735884,1620,13,1607,0.9919753086419754
enzyme,D00574,2145,hsa:1588,P11511,-6.9835,1432,7527,0.19024843895310217,1431,11,1420,0.9923130677847659
enzyme,D00574,2145,hsa:1595,Q16850,-6.8181,1775,7527,0.23581772286435498,1774,14,1760,0.992108229988726
enzyme,D00574,2145,hsa:5740,Q16647,-6.1869,3505,7527,0.4656569682476418,3504,23,3481,0.9934360730593608
enzyme,D00577,448537,hsa:10549,Q13162,-5.6119,5037,7572,0.6652139461172741,5036,3,5033,0.9994042891183479
enzyme,D00577,448537,hsa:10935,P30048,-5.5529,5218,7572,0.6891178024300053,5217,6,5211,0.9988499137435307
enzyme,D00577,448537,hsa:25824,P30044,-5.3857,5729,7572,0.7566032752245113,5728,7,5721,0.9987779329608939
enzyme,D00577,448537,hsa:2876,P07203,-4.9784,6668,7572,0.8806127839408346,6667,10,6657,0.9985000749962502
enzyme,D00577,448537,hsa:2877,P18283,-5.5975,5081,7572,0.6710248283148441,5080,4,5076,0.9992125984251968
enzyme,D00577,448537,hsa:2878,P22352,-5.2819,6020,7572,0.7950343370311674,6019,9,6010,0.9985047350058149
enzyme,D00577,448537,hsa:2879,P36969,-5.3672,5780,7572,0.7633386159535129,5779,8,5771,0.9986156774528465
enzyme,D00577,448537,hsa:2880,O75715,-5.7726,4539,7572,0.599445324881141,4538,2,4536,0.999559277214632
enzyme,D00577,448537,hsa:2882,Q96SL4,-5.8352,4335,7572,0.5725039619651348,4334,1,4333,0.9997692662667282
enzyme,D00577,448537,hsa:4353,P05164,-7.0185,1259,7572,0.166270470153196,1258,0,1258,1.0
enzyme,D00577,448537,hsa:5052,Q06830,-5.5651,5175,7572,0.6834389857369255,5174,5,5169,0.999033629686896
enzyme,D00584,3385,hsa:151531,O95045,-5.3434,1510,7535,0.20039814200398143,1509,1,1508,0.9993373094764745
enzyme,D00584,3385,hsa:7083,P04183,-5.8241,305,7535,0.0404777704047777,304,0,304,1.0
enzyme,D00584,3385,hsa:7298,P04818,-4.9579,3124,7535,0.4145985401459854,3123,3,3120,0.9990393852065321
enzyme,D00584,3385,hsa:7372,P11172,-5.2946,1686,7535,0.22375580623755806,1685,2,1683,0.998813056379822
enzyme,D00584,3385,hsa:7378,Q16831,-4.9172,3314,7535,0.439814200398142,3313,4,3309,0.9987926350739511
enzyme,D00593,3476,hsa:1559,P11712,-10.9289,174,7354,0.023660592874626053,173,0,173,1.0
enzyme,D00596,5281055,hsa:1558,P10632,-10.1675,806,7179,0.11227190416492548,805,0,805,1.0
enzyme,D00620,5362123,hsa:1636,P12821,-8.4739,925,7373,0.1254577512545775,924,0,924,1.0
enzyme,D00624,441313,hsa:1636,P12821,-8.2368,264,5819,0.045368620037807186,263,0,263,1.0
enzyme,D00625,441314,hsa:2548,P10253,-5.3216,2318,7573,0.3060874158193582,2317,2,2315,0.9991368148467846
enzyme,D00625,441314,hsa:279,P04746,-5.5816,1405,7573,0.1855275320216559,1404,1,1403,0.9992877492877493
enzyme,D00625,441314,hsa:8972,O43451,-5.648,1179,7573,0.15568466921959592,1178,0,1178,1.0
enzyme,D00650,2315,hsa:759,P00915,-7.52,3482,7376,0.4720715835140998,3481,1,3480,0.9997127262280954
enzyme,D00650,2315,hsa:760,P00918,-8.1073,2120,7376,0.2874186550976139,2119,0,2119,1.0
enzyme,D00650,2315,hsa:762,P22748,-7.0855,4647,7376,0.6300162689804772,4646,2,4644,0.9995695221696083
enzyme,D00651,2343,hsa:759,P00915,-8.0472,1486,7295,0.20370116518163126,1485,0,1485,1.0
enzyme,D00651,2343,hsa:760,P00918,-7.5834,2394,7295,0.3281699794379712,2393,1,2392,0.9995821145006268
enzyme,D00651,2343,hsa:762,P22748,-7.0446,3817,7295,0.5232350925291296,3816,2,3814,0.999475890985325
enzyme,D00652,68844,hsa:23632,Q9ULX7,-7.223,290,7388,0.039252842447211694,289,0,289,1.0
enzyme,D00652,68844,hsa:377677,Q8N1Q1,-5.802,3265,7388,0.4419328641039523,3264,9,3255,0.9972426470588235
enzyme,D00652,68844,hsa:759,P00915,-6.6977,956,7388,0.12939902544667028,955,3,952,0.9968586387434555
enzyme,D00652,68844,hsa:760,P00918,-6.3666,1683,7388,0.22780184082295615,1682,5,1677,0.9970273483947681
enzyme,D00652,68844,hsa:761,P07451,-5.9456,2809,7388,0.38021115322144017,2808,8,2800,0.9971509971509972
enzyme,D00652,68844,hsa:762,P22748,-6.34,1745,7388,0.23619382782891174,1744,6,1738,0.9965596330275229
enzyme,D00652,68844,hsa:765,P23280,-5.5551,4204,7388,0.5690308608554413,4203,10,4193,0.9976207470854151
enzyme,D00652,68844,hsa:766,P43166,-6.9101,629,7388,0.08513806172171089,628,2,626,0.9968152866242038
enzyme,D00652,68844,hsa:767,P35219,-6.0655,2454,7388,0.33216025988088793,2453,7,2446,0.9971463514064411
enzyme,D00652,68844,hsa:768,Q16790,-6.368,1679,7388,0.2272604223064429,1678,4,1674,0.9976162097735399
enzyme,D00652,68844,hsa:771,O43570,-7.0188,491,7388,0.06645912290200325,490,1,489,0.9979591836734694
enzyme,D00653,6918132,hsa:23632,Q9ULX7,-7.1219,711,6927,0.10264183629276744,710,1,709,0.9985915492957746
enzyme,D00653,6918132,hsa:377677,Q8N1Q1,-5.9378,3685,6927,0.5319763245272123,3684,10,3674,0.99728555917481
enzyme,D00653,6918132,hsa:759,P00915,-5.9962,3487,6927,0.5033925220153025,3486,9,3477,0.9974182444061962
enzyme,D00653,6918132,hsa:760,P00918,-6.3889,2292,6927,0.33087916847119964,2291,5,2286,0.9978175469227412
enzyme,D00653,6918132,hsa:761,P07451,-6.223,2775,6927,0.40060632308358596,2774,6,2768,0.9978370583994232
enzyme,D00653,6918132,hsa:762,P22748,-6.1145,3122,6927,0.45070015879890285,3121,7,3114,0.9977571291252804
enzyme,D00653,6918132,hsa:765,P23280,-7.1109,727,6927,0.10495163851595207,726,2,724,0.9972451790633609
enzyme,D00653,6918132,hsa:766,P43166,-7.0436,817,6927,0.11794427602136567,816,3,813,0.9963235294117647
enzyme,D00653,6918132,hsa:767,P35219,-6.0569,3293,6927,0.4753861700591887,3292,8,3284,0.9975698663426489
enzyme,D00653,6918132,hsa:768,Q16790,-6.6179,1683,6927,0.2429623213512343,1682,4,1678,0.9976218787158145
enzyme,D00653,6918132,hsa:771,O43570,-7.2056,599,6927,0.08647322073047495,598,0,598,1.0
enzyme,D00654,3647,hsa:759,P00915,-7.2058,1767,7310,0.24172366621067032,1766,0,1766,1.0
enzyme,D00654,3647,hsa:760,P00918,-6.9223,2435,7310,0.3331053351573187,2434,1,2433,0.9995891536565324
enzyme,D00654,3647,hsa:762,P22748,-6.271,4366,7310,0.5972640218878249,4365,2,4363,0.9995418098510882
enzyme,D00655,4100,hsa:23632,Q9ULX7,-6.1881,1183,7333,0.16132551479612708,1182,4,1178,0.9966159052453468
enzyme,D00655,4100,hsa:377677,Q8N1Q1,-5.7188,2531,7333,0.34515205236601665,2530,8,2522,0.9968379446640316
enzyme,D00655,4100,hsa:759,P00915,-6.6755,363,7333,0.04950225010227738,362,0,362,1.0
enzyme,D00655,4100,hsa:760,P00918,-6.0394,1559,7333,0.21260057275330696,1558,5,1553,0.996790757381258
enzyme,D00655,4100,hsa:761,P07451,-5.7909,2274,7333,0.3101050047729442,2273,6,2267,0.9973603167619886
enzyme,D00655,4100,hsa:762,P22748,-5.6864,2642,7333,0.3602891040501841,2641,9,2632,0.9965921999242711
enzyme,D00655,4100,hsa:765,P23280,-5.5526,3139,7333,0.4280649120414564,3138,10,3128,0.9968132568514978
enzyme,D00655,4100,hsa:766,P43166,-6.5371,541,7333,0.07377608073094231,540,1,539,0.9981481481481481
enzyme,D00655,4100,hsa:767,P35219,-5.786,2296,7333,0.3131051411427792,2295,7,2288,0.9969498910675382
enzyme,D00655,4100,hsa:768,Q16790,-6.2184,1120,7333,0.15273421519159963,1119,3,1116,0.9973190348525469
enzyme,D00655,4100,hsa:771,O43570,-6.3866,764,7333,0.10418655393426975,763,2,761,0.9973787680209698
enzyme,D00656,4121,hsa:759,P00915,-7.273,751,7319,0.10260964612652002,750,0,750,1.0
enzyme,D00656,4121,hsa:760,P00918,-6.8408,1492,7319,0.20385298538051647,1491,1,1490,0.9993293091884641
enzyme,D00656,4121,hsa:762,P22748,-6.1134,3560,7319,0.48640524661839046,3559,2,3557,0.9994380443944928
enzyme,D00658,5560,hsa:759,P00915,-7.0255,1942,7312,0.26559080962800874,1941,0,1941,1.0
enzyme,D00658,5560,hsa:760,P00918,-6.9353,2160,7312,0.29540481400437635,2159,1,2158,0.999536822603057
enzyme,D00658,5560,hsa:762,P22748,-6.5356,3252,7312,0.4447483588621444,3251,2,3249,0.9993848046754845
enzyme,D00667,5965,hsa:43,P22303,-6.6949,2372,7503,0.3161402105824337,2371,1,2370,0.9995782370307887
enzyme,D00667,5965,hsa:590,P06276,-8.5028,222,7503,0.02958816473410636,221,0,221,1.0
enzyme,D00670,5741,hsa:43,P22303,-7.8202,2384,7446,0.32017190437818965,2383,1,2382,0.9995803608896349
enzyme,D00670,5741,hsa:590,P06276,-10.9087,15,7446,0.00201450443190975,14,0,14,1.0
enzyme,D00691,3182,hsa:10846,Q9Y233,-6.6255,1087,7466,0.14559335654969194,1086,5,1081,0.9953959484346224
enzyme,D00691,3182,hsa:5138,O00408,-6.2467,2039,7466,0.2731047414947763,2038,6,2032,0.9970559371933267
enzyme,D00691,3182,hsa:5140,Q13370,-6.8709,667,7466,0.08933833377980177,666,4,662,0.993993993993994
enzyme,D00691,3182,hsa:5141,P27815,-7.0245,444,7466,0.059469595499598175,443,3,440,0.9932279909706546
enzyme,D00691,3182,hsa:5142,Q07343,-7.4524,125,7466,0.01674256630056255,124,0,124,1.0
enzyme,D00691,3182,hsa:5143,Q08493,-5.9558,2967,7466,0.3974015537101527,2966,8,2958,0.9973027646662171
enzyme,D00691,3182,hsa:5144,Q08499,-7.0691,389,7466,0.05210286632735066,388,2,386,0.9948453608247423
enzyme,D00691,3182,hsa:5147,O43924,-6.0363,2700,7466,0.3616394320921511,2699,7,2692,0.9974064468321601
enzyme,D00691,3182,hsa:5148,P18545,-3.8446,7189,7466,0.9628984730779534,7188,9,7179,0.9987479131886478
enzyme,D00691,3182,hsa:5151,O60658,-7.1278,324,7466,0.04339673185105813,323,1,322,0.9969040247678018
enzyme,D00703,3284,hsa:759,P00915,-5.3738,3538,7535,0.4695421366954214,3537,1,3536,0.9997172745264349
enzyme,D00703,3284,hsa:760,P00918,-5.9607,1501,7535,0.19920371599203715,1500,0,1500,1.0
enzyme,D00709,5284583,hsa:759,P00915,-5.6109,1366,7470,0.18286479250334672,1365,0,1365,1.0
enzyme,D00726,4168,hsa:22954,Q13049,-5.15,4456,7397,0.6024063809652562,4455,0,4455,1.0
enzyme,D00733,3025,hsa:2147,P00734,-7.2066,1100,7387,0.14891024773250305,1099,1,1098,0.9990900818926297
enzyme,D00733,3025,hsa:590,P06276,-8.3351,108,7387,0.014620278868282117,107,0,107,1.0
enzyme,D00749,3899,hsa:1723,Q02127,-9.065,143,7400,0.019324324324324325,142,0,142,1.0
enzyme,D00752,5281078,hsa:3614,P20839,-8.3777,617,7446,0.08286328229922106,616,0,616,1.0
enzyme,D00752,5281078,hsa:3615,P12268,-8.2847,707,7446,0.09495030889067956,706,1,705,0.9985835694050992
enzyme,D00762,441350,hsa:7054,P07101,-7.0323,242,7469,0.03240058910162003,241,0,241,1.0
enzyme,D00771,2733,hsa:1543,P04798,-7.4157,15,7473,0.002007226013649137,14,0,14,1.0
enzyme,D00771,2733,hsa:1544,P05177,-7.3587,22,7473,0.0029439314866854006,21,1,20,0.9523809523809523
enzyme,D00771,2733,hsa:1571,P05181,-6.4934,578,7473,0.07734510905928008,577,2,575,0.9965337954939342
enzyme,D00781,5281081,hsa:1312,P21964,-6.4161,3006,7394,0.4065458479848526,3005,0,3005,1.0
enzyme,D00785,26758,hsa:4128,P21397,-6.9778,330,7572,0.043581616481774964,329,1,328,0.9969604863221885
enzyme,D00785,26758,hsa:4129,P27338,-7.7488,39,7572,0.005150554675118859,38,0,38,1.0
enzyme,D00786,4659569,hsa:1312,P21964,-9.1014,292,7464,0.03912111468381565,291,0,291,1.0
enzyme,D00805,5853,hsa:43,P22303,-5.7643,28,7470,0.003748326639892905,27,0,27,1.0
enzyme,D00805,5853,hsa:590,P06276,-4.8916,1127,7470,0.15087014725568942,1126,1,1125,0.9991119005328597
enzyme,D00810,54686350,hsa:5742,P23219,-9.4252,189,7466,0.025314760246450577,188,0,188,1.0
enzyme,D00810,54686350,hsa:5743,P35354,-8.9453,615,7466,0.08237342619876775,614,1,613,0.998371335504886
enzyme,D00813,84003,hsa:5742,P23219,-11.4214,10,7371,0.00135666802333469,9,0,9,1.0
enzyme,D00813,84003,hsa:5743,P35354,-10.5952,83,7371,0.011260344593677927,82,1,81,0.9878048780487805
enzyme,D00882,68553,hsa:1557,P33261,-10.2363,335,6963,0.04811144621571162,334,0,334,1.0
enzyme,D00882,68553,hsa:1559,P11712,-10.0956,442,6963,0.06347838575326727,441,1,440,0.9977324263038548
enzyme,D00889,23663992,hsa:3156,P04035,-6.6914,2491,7268,0.34273527793065495,2490,0,2490,1.0
enzyme,D00892,23679527,hsa:3156,P04035,-1.2653,3292,7334,0.4488682847013908,3291,0,3291,1.0
enzyme,D00893,16759173,hsa:3156,P04035,-1.2674,2975,6859,0.43373669631141565,2974,0,2974,1.0
enzyme,D00900,78000,hsa:4759,Q9Y3R4,-7.2047,1421,7372,0.1927563754747694,1420,0,1420,1.0
enzyme,D00902,60855,hsa:4759,Q9Y3R4,-7.2756,664,7372,0.09007053716766142,663,0,663,1.0
enzyme,D00947,441401,hsa:4128,P21397,-10.4058,4,7390,0.0005412719891745603,3,0,3,1.0
enzyme,D00960,2187,hsa:1543,P04798,-8.2976,371,7523,0.04931543267313572,370,6,364,0.9837837837837838
enzyme,D00960,2187,hsa:1544,P05177,-8.6245,187,7523,0.02485710487837299,186,2,184,0.989247311827957
enzyme,D00960,2187,hsa:1545,Q16678,-8.1962,434,7523,0.05768975142895122,433,8,425,0.9815242494226328
enzyme,D00960,2187,hsa:1548,P11509,-8.7598,142,7523,0.01887544862421906,141,0,141,1.0
enzyme,D00960,2187,hsa:1551,P24462,-7.6219,999,7523,0.1327927688422172,998,12,986,0.9879759519038076
enzyme,D00960,2187,hsa:1553,Q16696,-8.6604,168,7523,0.022331516682174663,167,1,166,0.9940119760479041
enzyme,D00960,2187,hsa:1555,P20813,-8.2223,421,7523,0.05596171739997342,420,7,413,0.9833333333333333
enzyme,D00960,2187,hsa:1557,P33261,-8.4227,292,7523,0.03881430280473216,291,4,287,0.9862542955326461
enzyme,D00960,2187,hsa:1558,P10632,-8.3472,340,7523,0.04519473614249635,339,5,334,0.9852507374631269
enzyme,D00960,2187,hsa:1559,P11712,-7.8909,685,7523,0.09105410075767646,684,9,675,0.9868421052631579
enzyme,D00960,2187,hsa:1562,P33260,-4.4143,7306,7523,0.9711551242855244,7305,15,7290,0.997946611909651
enzyme,D00960,2187,hsa:1565,P10635,-7.3248,1533,7523,0.20377508972484382,1532,14,1518,0.9908616187989556
enzyme,D00960,2187,hsa:1571,P05181,-8.5247,235,7523,0.03123753821613718,234,3,231,0.9871794871794872
enzyme,D00960,2187,hsa:1576,P08684,-7.7546,843,7523,0.11205636049448359,842,11,831,0.9869358669833729
enzyme,D00960,2187,hsa:1577,P20815,-7.4382,1319,7523,0.17532899109397845,1318,13,1305,0.9901365705614568
enzyme,D00960,2187,hsa:1588,P11511,-7.8511,721,7523,0.0958394257609996,720,10,710,0.9861111111111112
enzyme,D00963,60198,hsa:1588,P11511,-10.7292,37,7572,0.004886423666138405,36,0,36,1.0
enzyme,D00964,3902,hsa:1543,P04798,-8.7402,380,7525,0.0504983388704319,379,6,373,0.9841688654353562
enzyme,D00964,3902,hsa:1544,P05177,-9.2802,118,7525,0.015681063122923587,117,1,116,0.9914529914529915
enzyme,D00964,3902,hsa:1545,Q16678,-9.0319,188,7525,0.024983388704318935,187,4,183,0.9786096256684492
enzyme,D00964,3902,hsa:1548,P11509,-9.355,103,7525,0.013687707641196013,102,0,102,1.0
enzyme,D00964,3902,hsa:1551,P24462,-8.1612,916,7525,0.12172757475083057,915,12,903,0.9868852459016394
enzyme,D00964,3902,hsa:1553,Q16696,-9.0971,167,7525,0.022192691029900333,166,2,164,0.9879518072289156
enzyme,D00964,3902,hsa:1555,P20813,-7.8689,1338,7525,0.17780730897009966,1337,14,1323,0.9895287958115183
enzyme,D00964,3902,hsa:1557,P33261,-8.9363,244,7525,0.03242524916943522,243,5,238,0.9794238683127572
enzyme,D00964,3902,hsa:1558,P10632,-8.2458,826,7525,0.10976744186046512,825,10,815,0.9878787878787879
enzyme,D00964,3902,hsa:1559,P11712,-8.4158,632,7525,0.08398671096345516,631,7,624,0.9889064976228209
enzyme,D00964,3902,hsa:1562,P33260,-4.5735,7300,7525,0.9700996677740864,7299,15,7284,0.9979449239621866
enzyme,D00964,3902,hsa:1565,P10635,-9.0885,171,7525,0.022724252491694352,170,3,167,0.9823529411764705
enzyme,D00964,3902,hsa:1571,P05181,-8.4147,635,7525,0.08438538205980066,634,8,626,0.9873817034700315
enzyme,D00964,3902,hsa:1576,P08684,-8.1967,874,7525,0.11614617940199336,873,11,862,0.9873997709049256
enzyme,D00964,3902,hsa:1577,P20815,-8.1355,951,7525,0.12637873754152823,950,13,937,0.9863157894736843
enzyme,D00964,3902,hsa:1588,P11511,-8.3086,749,7525,0.09953488372093024,748,9,739,0.9879679144385026
enzyme,D00965,4493,hsa:5447,P16435,-8.229,732,7394,0.09899918853124155,731,0,731,1.0
enzyme,D00969,54677470,hsa:5742,P23219,-7.9741,1267,7227,0.17531479175314793,1266,1,1265,0.9992101105845181
enzyme,D00969,54677470,hsa:5743,P35354,-9.2908,93,7227,0.012868410128684102,92,0,92,1.0
enzyme,D00970,23681059,hsa:5742,P23219,-1.2869,2868,7612,0.3767735155018392,2867,0,2867,1.0
enzyme,D00970,23681059,hsa:5743,P35354,-1.2522,3756,7612,0.4934314240672622,3755,1,3754,0.9997336884154461
enzyme,D00994,8307,hsa:43,P22303,-1.3301,226,7372,0.030656538252848618,225,0,225,1.0
enzyme,D01001,8288,hsa:43,P22303,-7.5601,923,7352,0.12554406964091402,922,0,922,1.0
enzyme,D01064,135400182,hsa:7298,P04818,-8.6352,1237,7180,0.17228412256267409,1236,0,1236,1.0
enzyme,D01071,3608,hsa:10858,Q9Y6A2,-7.2406,999,7466,0.1338065898740959,998,9,989,0.9909819639278558
enzyme,D01071,3608,hsa:1543,P04798,-7.1823,1097,7466,0.14693276185373694,1096,12,1084,0.9890510948905109
enzyme,D01071,3608,hsa:1544,P05177,-7.1873,1089,7466,0.14586123761050093,1088,11,1077,0.9898897058823529
enzyme,D01071,3608,hsa:1545,Q16678,-7.1147,1244,7466,0.1666220198231985,1243,13,1230,0.9895414320193081
enzyme,D01071,3608,hsa:1548,P11509,-7.426,719,7466,0.09630324136083579,718,4,714,0.9944289693593314
enzyme,D01071,3608,hsa:1551,P24462,-6.6787,2321,7466,0.31087597106884546,2320,24,2296,0.9896551724137931
enzyme,D01071,3608,hsa:1553,Q16696,-7.1947,1076,7466,0.14412001071524244,1075,10,1065,0.9906976744186047
enzyme,D01071,3608,hsa:1555,P20813,-6.9267,1644,7466,0.22019823198499866,1643,17,1626,0.9896530736457699
enzyme,D01071,3608,hsa:1557,P33261,-7.383,781,7466,0.10460755424591481,780,5,775,0.9935897435897436
enzyme,D01071,3608,hsa:1558,P10632,-7.0218,1452,7466,0.1944816501473346,1451,15,1436,0.9896623018607856
enzyme,D01071,3608,hsa:1559,P11712,-6.8505,1829,7466,0.24497723010983125,1828,20,1808,0.9890590809628009
enzyme,D01071,3608,hsa:1562,P33260,-3.8282,7291,7466,0.9765604071792124,7290,25,7265,0.9965706447187929
enzyme,D01071,3608,hsa:1565,P10635,-8.0996,141,7466,0.018885614787034558,140,0,140,1.0
enzyme,D01071,3608,hsa:1571,P05181,-7.3071,894,7466,0.11974283418162336,893,8,885,0.9910414333706606
enzyme,D01071,3608,hsa:1576,P08684,-6.8004,1965,7466,0.2631931422448433,1964,21,1943,0.9893075356415478
enzyme,D01071,3608,hsa:1577,P20815,-6.9959,1510,7466,0.2022502009107956,1509,16,1493,0.9893969516235918
enzyme,D01071,3608,hsa:1581,P22680,-7.3083,893,7466,0.11960889365121886,892,7,885,0.992152466367713
enzyme,D01071,3608,hsa:1582,Q9UNU6,-6.8509,1828,7466,0.24484328957942675,1827,19,1808,0.9896004378762999
enzyme,D01071,3608,hsa:1583,P05108,-7.5203,591,7466,0.07915885346905974,590,3,587,0.9949152542372881
enzyme,D01071,3608,hsa:1584,P15538,-6.7191,2194,7466,0.2938655237074739,2193,23,2170,0.9895120839033288
enzyme,D01071,3608,hsa:1585,P19099,-7.044,1399,7466,0.18738280203589605,1398,14,1384,0.9899856938483548
enzyme,D01071,3608,hsa:1586,P05093,-7.3197,874,7466,0.11706402357353335,873,6,867,0.993127147766323
enzyme,D01071,3608,hsa:1588,P11511,-6.9242,1653,7466,0.22140369675863916,1652,18,1634,0.9891041162227603
enzyme,D01071,3608,hsa:1589,P08686,-7.9811,198,7466,0.02652022502009108,197,1,196,0.9949238578680203
enzyme,D01071,3608,hsa:1595,Q16850,-7.6356,453,7466,0.060675060273238685,452,2,450,0.995575221238938
enzyme,D01071,3608,hsa:5740,Q16647,-6.7557,2089,7466,0.27980176801500134,2088,22,2066,0.9894636015325671
enzyme,D01097,163727,hsa:4128,P21397,-7.1179,63,7402,0.008511213185625506,62,1,61,0.9838709677419355
enzyme,D01097,163727,hsa:4129,P27338,-7.1701,50,7402,0.006754931099702783,49,0,49,1.0
enzyme,D01118,122824,hsa:590,P06276,-8.244,112,7221,0.01551031713059133,111,0,111,1.0
enzyme,D01119,443873,hsa:1636,P12821,-8.3166,436,7273,0.05994775195930153,435,0,435,1.0
enzyme,D01122,3673,hsa:5742,P23219,-8.2403,601,7523,0.07988834241658913,600,0,600,1.0
enzyme,D01122,3673,hsa:5743,P35354,-8.0529,784,7523,0.1042137445168151,783,1,782,0.9987228607918263
enzyme,D01133,4823,hsa:10846,Q9Y233,-9.5066,847,7454,0.11363026562919239,846,9,837,0.9893617021276596
enzyme,D01133,4823,hsa:5138,O00408,-8.4163,2576,7454,0.34558626240944457,2575,11,2564,0.9957281553398059
enzyme,D01133,4823,hsa:5140,Q13370,-10.0169,417,7454,0.05594311778910652,416,4,412,0.9903846153846154
enzyme,D01133,4823,hsa:5141,P27815,-9.7904,586,7454,0.07861550845183794,585,7,578,0.9880341880341881
enzyme,D01133,4823,hsa:5142,Q07343,-10.9161,89,7454,0.011939898041320096,88,1,87,0.9886363636363636
enzyme,D01133,4823,hsa:5143,Q08493,-8.5664,2293,7454,0.30762006976120204,2292,10,2282,0.9956369982547993
enzyme,D01133,4823,hsa:5144,Q08499,-10.3363,248,7454,0.0332707271263751,247,3,244,0.9878542510121457
enzyme,D01133,4823,hsa:5147,O43924,-9.7611,615,7454,0.08250603702709955,614,8,606,0.9869706840390879
enzyme,D01133,4823,hsa:5148,P18545,-5.3279,7192,7454,0.964851086664878,7191,12,7179,0.9983312473925741
enzyme,D01133,4823,hsa:5150,Q13946,-11.1023,57,7454,0.007646900992755568,56,0,56,1.0
enzyme,D01133,4823,hsa:5151,O60658,-10.4919,188,7454,0.02522135766031661,187,2,185,0.9893048128342246
enzyme,D01133,4823,hsa:5152,O76083,-9.8368,555,7454,0.07445666756104105,554,6,548,0.9891696750902527
enzyme,D01133,4823,hsa:8654,O76074,-9.979,445,7454,0.05969949020660048,444,5,439,0.9887387387387387
enzyme,D01136,5526,hsa:5328,P00749,-5.8413,1310,7470,0.1753681392235609,1309,0,1309,1.0
enzyme,D01136,5526,hsa:5340,P00747,-5.7935,1444,7470,0.19330655957161982,1443,1,1442,0.9993069993069993
enzyme,D01164,60795,hsa:1565,P10635,-9.303,581,7376,0.07876898047722343,580,0,580,1.0
enzyme,D01183,610479,hsa:5742,P23219,-8.1635,549,7401,0.07417916497770571,548,0,548,1.0
enzyme,D01183,610479,hsa:5743,P35354,-8.0538,665,7401,0.08985272260505336,664,1,663,0.9984939759036144
enzyme,D01196,13290219,hsa:23632,Q9ULX7,-1.4956,373,7614,0.04898870501707381,372,1,371,0.9973118279569892
enzyme,D01196,13290219,hsa:377677,Q8N1Q1,-1.4532,549,7614,0.07210401891252956,548,7,541,0.9872262773722628
enzyme,D01196,13290219,hsa:759,P00915,-1.4779,447,7614,0.058707643814026794,446,3,443,0.9932735426008968
enzyme,D01196,13290219,hsa:760,P00918,-1.323,2112,7614,0.2773837667454689,2111,10,2101,0.9952629085741355
enzyme,D01196,13290219,hsa:761,P07451,-1.4778,449,7614,0.05897031783556606,448,4,444,0.9910714285714286
enzyme,D01196,13290219,hsa:762,P22748,-1.4158,857,7614,0.1125558182295771,856,9,847,0.9894859813084113
enzyme,D01196,13290219,hsa:765,P23280,-1.5305,289,7614,0.03795639611242448,288,0,288,1.0
enzyme,D01196,13290219,hsa:766,P43166,-1.4542,544,7614,0.07144733385868138,543,6,537,0.988950276243094
enzyme,D01196,13290219,hsa:767,P35219,-1.4742,468,7614,0.061465721040189124,467,5,462,0.9892933618843683
enzyme,D01196,13290219,hsa:768,Q16790,-1.4267,762,7614,0.10007880220646179,761,8,753,0.9894875164257556
enzyme,D01196,13290219,hsa:771,O43570,-1.4788,445,7614,0.058444969792487526,444,2,442,0.9954954954954955
enzyme,D01198,60790,hsa:10846,Q9Y233,-8.4787,709,7447,0.09520612327111588,708,4,704,0.9943502824858758
enzyme,D01198,60790,hsa:5138,O00408,-7.4769,1993,7447,0.2676245467973681,1992,9,1983,0.9954819277108434
enzyme,D01198,60790,hsa:5140,Q13370,-8.4229,754,7447,0.10124882503021351,753,6,747,0.9920318725099602
enzyme,D01198,60790,hsa:5141,P27815,-8.328,836,7447,0.11225997045790251,835,8,827,0.9904191616766467
enzyme,D01198,60790,hsa:5142,Q07343,-9.7299,56,7447,0.007519806633543709,55,0,55,1.0
enzyme,D01198,60790,hsa:5143,Q08493,-6.7812,3410,7447,0.45790251107828656,3409,11,3398,0.9967732472865943
enzyme,D01198,60790,hsa:5144,Q08499,-9.2661,174,7447,0.02336511346851081,173,1,172,0.9942196531791907
enzyme,D01198,60790,hsa:5147,O43924,-7.2558,2396,7447,0.32174029810662014,2395,10,2385,0.9958246346555324
enzyme,D01198,60790,hsa:5148,P18545,-4.6296,7024,7447,0.9431986034644824,7023,12,7011,0.9982913284920973
enzyme,D01198,60790,hsa:5150,Q13946,-8.5773,607,7447,0.08150933261716127,606,3,603,0.995049504950495
enzyme,D01198,60790,hsa:5151,O60658,-8.6602,518,7447,0.0695582113602793,517,2,515,0.9961315280464217
enzyme,D01198,60790,hsa:5152,O76083,-8.4635,718,7447,0.09641466362293541,717,5,712,0.99302649930265
enzyme,D01198,60790,hsa:8654,O76074,-8.4057,767,7447,0.10299449442728616,766,7,759,0.9908616187989556
enzyme,D01211,9051,hsa:7298,P04818,-9.1276,526,7572,0.06946645536185948,525,0,525,1.0
enzyme,D01223,185462,hsa:1056,P19835,-1.8483,1285,7614,0.16876805883898083,1284,7,1277,0.9945482866043613
enzyme,D01223,185462,hsa:11343,Q99685,-2.2259,31,7614,0.004071447333858682,30,0,30,1.0
enzyme,D01223,185462,hsa:1178,Q05315,-1.6429,3973,7614,0.5218019437877593,3972,16,3956,0.9959718026183283
enzyme,D01223,185462,hsa:1890,P19971,-1.7243,2777,7614,0.36472287890727606,2776,14,2762,0.9949567723342939
enzyme,D01223,185462,hsa:2098,P10768,-1.8199,1576,7614,0.20698712897294458,1575,10,1565,0.9936507936507937
enzyme,D01223,185462,hsa:30814,Q9NZK7,-1.5645,4930,7614,0.6474914630943,4929,18,4911,0.9963481436396835
enzyme,D01223,185462,hsa:313,P28039,-1.5518,5081,7614,0.6673233517205148,5080,20,5060,0.9960629921259843
enzyme,D01223,185462,hsa:4023,P06858,-1.8,1811,7614,0.23785132650380877,1810,11,1799,0.9939226519337017
enzyme,D01223,185462,hsa:43,P22303,-1.8427,1337,7614,0.17559758339900183,1336,9,1327,0.9932634730538922
enzyme,D01223,185462,hsa:5049,P68402,-1.6063,4423,7614,0.5809035986340951,4422,17,4405,0.9961555857078245
enzyme,D01223,185462,hsa:5319,P04054,-1.7309,2695,7614,0.353953244024166,2694,13,2681,0.9951744617668894
enzyme,D01223,185462,hsa:5320,P14555,-1.8736,1094,7614,0.14368268978198057,1093,6,1087,0.9945105215004575
enzyme,D01223,185462,hsa:5321,P47712,-1.7991,1822,7614,0.23929603362227475,1821,12,1809,0.9934102141680395
enzyme,D01223,185462,hsa:5406,P16233,-1.989,390,7614,0.0512214342001576,389,4,385,0.9897172236503856
enzyme,D01223,185462,hsa:5407,P54315,-2.0239,255,7614,0.033490937746256895,254,3,251,0.9881889763779528
enzyme,D01223,185462,hsa:5408,P54317,-2.057,167,7614,0.021933280798529027,166,1,165,0.9939759036144579
enzyme,D01223,185462,hsa:590,P06276,-2.0365,214,7614,0.028106120304701866,213,2,211,0.9906103286384976
enzyme,D01223,185462,hsa:670,Q86WA6,-1.8445,1317,7614,0.17297084318360914,1316,8,1308,0.993920972644377
enzyme,D01223,185462,hsa:7298,P04818,-1.5635,4938,7614,0.6485421591804571,4937,19,4918,0.996151509013571
enzyme,D01223,185462,hsa:8399,O15496,-1.6853,3357,7614,0.44089834515366433,3356,15,3341,0.9955303933253874
enzyme,D01223,185462,hsa:8513,P07098,-1.9416,627,7614,0.08234830575256107,626,5,621,0.9920127795527156
enzyme,D01228,216322,hsa:43,P22303,-12.4424,298,7248,0.04111479028697572,297,0,297,1.0
enzyme,D01256,62770,hsa:759,P00915,-9.4566,914,7414,0.12328028055031022,913,0,913,1.0
enzyme,D01256,62770,hsa:760,P00918,-7.418,5134,7414,0.6924736984084165,5133,2,5131,0.9996103643093708
enzyme,D01256,62770,hsa:762,P22748,-8.6529,2110,7414,0.28459670892905314,2109,1,2108,0.9995258416311048
enzyme,D01264,216457,hsa:7153,P11388,-10.6871,1441,7434,0.19383911756793112,1440,0,1440,1.0
enzyme,D01264,216457,hsa:7155,Q02880,-10.5674,1606,7434,0.21603443637341943,1605,1,1604,0.9993769470404984
enzyme,D01325,5282408,hsa:5742,P23219,-10.297,548,7374,0.07431516137781394,547,0,547,1.0
enzyme,D01325,5282408,hsa:5743,P35354,-8.9167,2547,7374,0.3454027664768104,2546,1,2545,0.9996072270227808
enzyme,D01332,2329,hsa:239,P18054,-9.121,1098,7441,0.147560811718855,1097,3,1094,0.9972652689152234
enzyme,D01332,2329,hsa:240,P09917,-8.5378,2100,7441,0.28222013170272814,2099,4,2095,0.9980943306336351
enzyme,D01332,2329,hsa:247,O15296,-10.7533,51,7441,0.006853917484209111,50,0,50,1.0
enzyme,D01332,2329,hsa:4048,P09960,-9.4357,697,7441,0.09367020561752452,696,2,694,0.9971264367816092
enzyme,D01332,2329,hsa:5150,Q13946,-9.9878,292,7441,0.03924203736056982,291,1,290,0.9965635738831615
enzyme,D01364,9878,hsa:5742,P23219,-8.2951,1653,7451,0.22184941618574688,1652,1,1651,0.9993946731234867
enzyme,D01364,9878,hsa:5743,P35354,-9.566,265,7451,0.035565695879747686,264,0,264,1.0
enzyme,D01367,20279,hsa:5321,P47712,-7.3087,781,7237,0.10791764543319055,780,0,780,1.0
enzyme,D01370,65326,hsa:4860,P00491,-5.2981,3691,7248,0.5092439293598234,3690,0,3690,1.0
enzyme,D01397,92727,hsa:5742,P23219,-7.4533,3693,7277,0.507489350006871,3692,1,3691,0.9997291440953413
enzyme,D01397,92727,hsa:5743,P35354,-9.0903,991,7277,0.13618249278548852,990,0,990,1.0
enzyme,D01425,151114,hsa:1543,P04798,-14.6101,15,6809,0.0022029666617711854,14,0,14,1.0
enzyme,D01425,151114,hsa:1544,P05177,-10.8535,1761,6809,0.25862828609193717,1760,12,1748,0.9931818181818182
enzyme,D01425,151114,hsa:1545,Q16678,-14.5107,16,6809,0.002349831105889264,15,1,14,0.9333333333333333
enzyme,D01425,151114,hsa:1551,P24462,-10.9048,1692,6809,0.24849463944778968,1691,11,1680,0.9934949733885275
enzyme,D01425,151114,hsa:1553,Q16696,-11.7592,726,6809,0.10662358642972536,725,4,721,0.9944827586206897
enzyme,D01425,151114,hsa:1555,P20813,-10.6957,2048,6809,0.3007783815538258,2047,13,2034,0.9936492427943332
enzyme,D01425,151114,hsa:1557,P33261,-11.8619,657,6809,0.0964899397855779,656,3,653,0.9954268292682927
enzyme,D01425,151114,hsa:1558,P10632,-11.4155,1012,6809,0.14862681744749595,1011,7,1004,0.9930761622156281
enzyme,D01425,151114,hsa:1559,P11712,-11.5706,876,6809,0.12865325304743722,875,6,869,0.9931428571428571
enzyme,D01425,151114,hsa:1562,P33260,-6.888,6618,6809,0.971948891173447,6617,14,6603,0.9978842375698957
enzyme,D01425,151114,hsa:1565,P10635,-11.1894,1295,6809,0.19018945513291233,1294,8,1286,0.9938176197836167
enzyme,D01425,151114,hsa:1571,P05181,-11.7159,760,6809,0.11161697752974005,759,5,754,0.9934123847167325
enzyme,D01425,151114,hsa:1576,P08684,-12.4175,339,6809,0.04978704655602879,338,2,336,0.9940828402366864
enzyme,D01425,151114,hsa:1577,P20815,-11.011,1532,6809,0.22499632838889705,1531,9,1522,0.9941214892227302
enzyme,D01425,151114,hsa:1588,P11511,-10.9279,1658,6809,0.243501248347775,1657,10,1647,0.9939649969824985
enzyme,D01432,123596,hsa:7150,P11387,-10.2071,1171,6266,0.18688158314714332,1170,0,1170,1.0
enzyme,D01432,123596,hsa:7156,Q13472,-9.9857,1405,6266,0.22422598148739228,1404,2,1402,0.9985754985754985
enzyme,D01432,123596,hsa:8940,O95985,-10.0892,1285,6266,0.2050750079795723,1284,1,1283,0.9992211838006231
enzyme,D01475,2097,hsa:5742,P23219,-7.281,544,7469,0.07283438211273263,543,0,543,1.0
enzyme,D01475,2097,hsa:5743,P35354,-6.9821,950,7469,0.12719239523363235,949,1,948,0.9989462592202318
enzyme,D01513,5720,hsa:5742,P23219,-7.5204,2592,7465,0.34722036168787673,2591,1,2590,0.9996140486298727
enzyme,D01513,5720,hsa:5743,P35354,-8.1511,1196,7465,0.16021433355659745,1195,0,1195,1.0
enzyme,D01547,5485193,hsa:5742,P23219,-8.0218,864,6569,0.13152686862536156,863,1,862,0.9988412514484357
enzyme,D01547,5485193,hsa:5743,P35354,-8.4142,471,6569,0.07170041102146446,470,0,470,1.0
enzyme,D01549,5282183,hsa:1636,P12821,-8.7087,808,7419,0.10890955654400862,807,0,807,1.0
enzyme,D01565,10649,hsa:5742,P23219,-7.5373,2184,7505,0.2910059960026649,2183,1,2182,0.9995419147961521
enzyme,D01565,10649,hsa:5743,P35354,-8.4279,967,7505,0.12884743504330445,966,0,966,1.0
enzyme,D01578,1981,hsa:5742,P23219,-8.3038,901,7376,0.1221529284164859,900,1,899,0.9988888888888889
enzyme,D01578,1981,hsa:5743,P35354,-8.9969,253,7376,0.034300433839479394,252,0,252,1.0
enzyme,D01582,3475,hsa:5742,P23219,-7.9768,1543,7393,0.20871094278371433,1542,1,1541,0.9993514915693904
enzyme,D01582,3475,hsa:5743,P35354,-8.4079,877,7393,0.11862572703909104,876,0,876,1.0
enzyme,D01665,5362115,hsa:2548,P10253,-7.9288,1234,7363,0.16759473040880077,1233,1,1232,0.9991889699918897
enzyme,D01665,5362115,hsa:8972,O43451,-8.1787,949,7363,0.12888768165150075,948,0,948,1.0
enzyme,D01667,1549120,hsa:1636,P12821,-8.4803,199,7398,0.026899161935658285,198,0,198,1.0
enzyme,D01688,444025,hsa:231,P15121,-7.8019,702,7444,0.09430413756045138,701,0,701,1.0
enzyme,D01690,71764,hsa:10846,Q9Y233,-8.4402,718,7276,0.09868059373282023,717,8,709,0.9888423988842399
enzyme,D01690,71764,hsa:5140,Q13370,-8.5542,615,7276,0.08452446399120396,614,7,607,0.988599348534202
enzyme,D01690,71764,hsa:5141,P27815,-7.9956,1304,7276,0.17921935129191863,1303,9,1294,0.9930928626247122
enzyme,D01690,71764,hsa:5142,Q07343,-9.108,211,7276,0.028999450247388675,210,3,207,0.9857142857142858
enzyme,D01690,71764,hsa:5143,Q08493,-7.1456,2963,7276,0.4072292468389225,2962,10,2952,0.9966239027683997
enzyme,D01690,71764,hsa:5144,Q08499,-9.1379,198,7276,0.027212754260582738,197,2,195,0.9898477157360406
enzyme,D01690,71764,hsa:5147,O43924,-8.5663,604,7276,0.08301264431006047,603,6,597,0.9900497512437811
enzyme,D01690,71764,hsa:5148,P18545,-4.9726,6878,7276,0.9452996151731721,6877,11,6866,0.9984004653191799
enzyme,D01690,71764,hsa:5150,Q13946,-9.3798,113,7276,0.015530511269928533,112,0,112,1.0
enzyme,D01690,71764,hsa:5151,O60658,-9.2213,166,7276,0.022814733369983506,165,1,164,0.9939393939393939
enzyme,D01690,71764,hsa:5152,O76083,-8.6023,570,7276,0.07833974711379879,569,5,564,0.9912126537785588
enzyme,D01690,71764,hsa:8654,O76074,-8.7701,417,7276,0.05731170973062122,416,4,412,0.9903846153846154
enzyme,D01709,23675769,hsa:5742,P23219,-1.2869,2872,7613,0.37724944174438463,2871,0,2871,1.0
enzyme,D01709,23675769,hsa:5743,P35354,-1.2524,3748,7613,0.49231577564691975,3747,1,3746,0.9997331198291967
enzyme,D01712,157313,hsa:10846,Q9Y233,-8.8554,766,7164,0.10692350642099385,765,6,759,0.9921568627450981
enzyme,D01712,157313,hsa:5138,O00408,-7.7997,2430,7164,0.3391959798994975,2429,11,2418,0.9954713874022232
enzyme,D01712,157313,hsa:5140,Q13370,-9.9084,126,7164,0.017587939698492462,125,0,125,1.0
enzyme,D01712,157313,hsa:5141,P27815,-8.9958,631,7164,0.08807928531546622,630,5,625,0.9920634920634921
enzyme,D01712,157313,hsa:5142,Q07343,-9.223,478,7164,0.06672250139586823,477,3,474,0.9937106918238994
enzyme,D01712,157313,hsa:5143,Q08493,-8.0387,1963,7164,0.2740089335566723,1962,10,1952,0.9949031600407747
enzyme,D01712,157313,hsa:5144,Q08499,-9.1232,550,7164,0.07677275265214964,549,4,545,0.9927140255009107
enzyme,D01712,157313,hsa:5147,O43924,-8.4298,1293,7164,0.1804857621440536,1292,9,1283,0.9930340557275542
enzyme,D01712,157313,hsa:5148,P18545,-5.072,6876,7164,0.9597989949748744,6875,12,6863,0.9982545454545455
enzyme,D01712,157313,hsa:5150,Q13946,-9.5117,310,7164,0.04327191513121161,309,1,308,0.9967637540453075
enzyme,D01712,157313,hsa:5151,O60658,-8.5926,1071,7164,0.14949748743718594,1070,7,1063,0.9934579439252337
enzyme,D01712,157313,hsa:5152,O76083,-8.4999,1199,7164,0.16736460078168622,1198,8,1190,0.993322203672788
enzyme,D01712,157313,hsa:8654,O76074,-9.3661,386,7164,0.053880513679508656,385,2,383,0.9948051948051948
enzyme,D01715,133264,hsa:231,P15121,-8.0044,132,7463,0.01768725713520032,131,0,131,1.0
enzyme,D01718,4237,hsa:5742,P23219,-7.2099,2496,7457,0.3347190559206115,2495,1,2494,0.9995991983967936
enzyme,D01718,4237,hsa:5743,P35354,-8.9109,178,7457,0.02387018908408207,177,0,177,1.0
enzyme,D01747,636362,hsa:7153,P11388,-9.953,478,6511,0.07341422208570113,477,0,477,1.0
enzyme,D01747,636362,hsa:7155,Q02880,-9.0431,1337,6511,0.20534480110582093,1336,1,1335,0.999251497005988
enzyme,D01767,54677971,hsa:5742,P23219,-8.4875,259,7228,0.035832872163807414,258,1,257,0.9961240310077519
enzyme,D01767,54677971,hsa:5743,P35354,-8.8023,106,7228,0.01466519092418373,105,0,105,1.0
enzyme,D01811,5147,hsa:5742,P23219,-6.1264,1116,7471,0.14937759336099585,1115,1,1114,0.9991031390134529
enzyme,D01811,5147,hsa:5743,P35354,-6.1285,1110,7471,0.14857448802034534,1109,0,1109,1.0
enzyme,D01825,6215,hsa:5321,P47712,-8.8308,868,7441,0.11665098777046096,867,0,867,1.0
enzyme,D01842,160024,hsa:231,P15121,-8.2775,1171,7462,0.1569284374162423,1170,0,1170,1.0
enzyme,D01866,54690031,hsa:5742,P23219,-6.931,2753,7146,0.38525048978449483,2752,1,2751,0.9996366279069767
enzyme,D01866,54690031,hsa:5743,P35354,-8.5026,250,7146,0.03498460677301987,249,0,249,1.0
enzyme,D01888,636399,hsa:4128,P21397,-7.8192,121,7528,0.016073326248671627,120,1,119,0.9916666666666667
enzyme,D01888,636399,hsa:4129,P27338,-7.9114,84,7528,0.011158342189160468,83,0,83,1.0
enzyme,D01900,71992,hsa:1636,P12821,-7.9953,805,7294,0.11036468330134357,804,0,804,1.0
enzyme,D01907,30751,hsa:6240,P23921,-7.8988,853,7203,0.11842287935582396,852,0,852,1.0
enzyme,D01966,150311,hsa:6646,P35610,-8.8748,1275,7375,0.17288135593220338,1274,1,1273,0.9992150706436421
enzyme,D01966,150311,hsa:8435,O75908,-11.3218,13,7375,0.0017627118644067796,12,0,12,1.0
enzyme,D01968,121586,hsa:2224,P14324,-7.6867,124,7393,0.016772622751251184,123,0,123,1.0
enzyme,D01973,656631,hsa:1576,P08684,-8.5373,1250,6748,0.18524007113218732,1249,0,1249,1.0
enzyme,D01974,159271,hsa:5742,P23219,-7.471,2723,7309,0.3725543850047886,2722,1,2721,0.9996326230712711
enzyme,D01974,159271,hsa:5743,P35354,-8.9765,416,7309,0.056916130797646736,415,0,415,1.0
enzyme,D01977,123631,hsa:10461,Q12866,-7.4138,2613,7197,0.3630679449770738,2612,26,2586,0.9900459418070444
enzyme,D01977,123631,hsa:1436,P07333,-9.486,138,7197,0.01917465610671113,137,2,135,0.9854014598540146
enzyme,D01977,123631,hsa:1956,P00533,-7.0482,3474,7197,0.4827011254689454,3473,32,3441,0.9907860639216816
enzyme,D01977,123631,hsa:2041,P21709,-5.63,6540,7197,0.9087119633180492,6539,41,6498,0.9937299281235663
enzyme,D01977,123631,hsa:2042,P29320,-7.8565,1762,7197,0.2448242323190218,1761,15,1746,0.9914821124361158
enzyme,D01977,123631,hsa:2043,P54764,-6.7111,4387,7197,0.6095595386966792,4386,38,4348,0.9913360693114455
enzyme,D01977,123631,hsa:2044,P54756,-8.0006,1504,7197,0.2089759622064749,1503,12,1491,0.9920159680638723
enzyme,D01977,123631,hsa:2045,Q15375,-7.6442,2179,7197,0.30276504098930107,2178,20,2158,0.9908172635445363
enzyme,D01977,123631,hsa:2046,P29322,-8.0734,1396,7197,0.19396970960122273,1395,9,1386,0.9935483870967742
enzyme,D01977,123631,hsa:2047,P54762,-8.8743,476,7197,0.0661386688898152,475,6,469,0.9873684210526316
enzyme,D01977,123631,hsa:2048,P29323,-7.6702,2129,7197,0.29581770182020284,2128,19,2109,0.9910714285714286
enzyme,D01977,123631,hsa:2049,P54753,-8.6672,650,7197,0.09031540919827706,649,8,641,0.987673343605547
enzyme,D01977,123631,hsa:2050,P54760,-7.7937,1886,7197,0.26205363345838545,1885,18,1867,0.9904509283819629
enzyme,D01977,123631,hsa:2064,P04626,-7.9026,1681,7197,0.23356954286508266,1680,13,1667,0.9922619047619048
enzyme,D01977,123631,hsa:2065,P21860,-7.0466,3479,7197,0.4833958593858552,3478,33,3445,0.9905117883841288
enzyme,D01977,123631,hsa:2066,Q15303,-7.5891,2277,7197,0.31638182576073365,2276,24,2252,0.9894551845342706
enzyme,D01977,123631,hsa:2260,P11362,-7.6436,2181,7197,0.303042934556065,2180,21,2159,0.9903669724770642
enzyme,D01977,123631,hsa:2261,P22607,-7.8047,1860,7197,0.25844101709045436,1859,17,1842,0.9908552985476062
enzyme,D01977,123631,hsa:2263,P21802,-9.979,39,7197,0.005418924551896623,38,1,37,0.9736842105263158
enzyme,D01977,123631,hsa:2264,P22455,-7.6226,2222,7197,0.3087397526747256,2221,22,2199,0.990094552003602
enzyme,D01977,123631,hsa:2322,P36888,-7.2555,2975,7197,0.413366680561345,2974,29,2945,0.9902488231338265
enzyme,D01977,123631,hsa:2324,P35916,-6.0616,5992,7197,0.8325691260247325,5991,40,5951,0.9933233183107996
enzyme,D01977,123631,hsa:238,Q9UM73,-7.2906,2882,7197,0.40044462970682226,2881,28,2853,0.9902811523776467
enzyme,D01977,123631,hsa:3791,P35968,-10.0564,31,7197,0.004307350284840906,30,0,30,1.0
enzyme,D01977,123631,hsa:3815,P10721,-7.9019,1683,7197,0.2338474364318466,1682,14,1668,0.9916765755053508
enzyme,D01977,123631,hsa:4058,P29376,-7.0147,3576,7197,0.4968736973739058,3575,34,3541,0.9904895104895105
enzyme,D01977,123631,hsa:4486,Q04912,-7.2518,2983,7197,0.4144782548284007,2982,30,2952,0.9899396378269618
enzyme,D01977,123631,hsa:4914,P04629,-6.9445,3776,7197,0.5246630540502988,3775,35,3740,0.990728476821192
enzyme,D01977,123631,hsa:4915,Q16620,-8.8445,493,7197,0.0685007642073086,492,7,485,0.9857723577235772
enzyme,D01977,123631,hsa:4916,Q16288,-8.9555,414,7197,0.05752396832013339,413,5,408,0.9878934624697336
enzyme,D01977,123631,hsa:4919,Q01973,-9.1467,296,7197,0.04112824788106156,295,3,292,0.9898305084745763
enzyme,D01977,123631,hsa:4920,Q01974,-6.8186,4133,7197,0.5742670557176601,4132,36,4096,0.9912875121006777
enzyme,D01977,123631,hsa:4921,Q16832,-9.0159,380,7197,0.05279977768514659,379,4,375,0.9894459102902374
enzyme,D01977,123631,hsa:5156,P16234,-8.0455,1446,7197,0.20091704877032096,1445,11,1434,0.9923875432525952
enzyme,D01977,123631,hsa:5159,P09619,-7.1695,3161,7197,0.43921078227039045,3160,31,3129,0.9901898734177215
enzyme,D01977,123631,hsa:558,P30530,-7.6097,2239,7197,0.31110184799221896,2238,23,2215,0.9897229669347631
enzyme,D01977,123631,hsa:5754,Q13308,-8.0463,1445,7197,0.200778101986939,1444,10,1434,0.9930747922437673
enzyme,D01977,123631,hsa:6098,P08922,-7.8343,1804,7197,0.25065999722106436,1803,16,1787,0.9911259012756517
enzyme,D01977,123631,hsa:6259,P34925,-6.7197,4365,7197,0.6065027094622759,4364,37,4327,0.9915215398716773
enzyme,D01977,123631,hsa:7010,Q02763,-7.3084,2836,7197,0.3940530776712519,2835,27,2808,0.9904761904761905
enzyme,D01977,123631,hsa:7075,P35590,-5.3462,6737,7197,0.9360844796442962,6736,42,6694,0.9937648456057007
enzyme,D01977,123631,hsa:7301,Q06418,-6.4457,5091,7197,0.7073780741975824,5090,39,5051,0.9923379174852652
enzyme,D01977,123631,hsa:780,Q08345,-7.5787,2296,7197,0.31902181464499096,2295,25,2270,0.9891067538126361
enzyme,D01981,9574101,hsa:2147,P00734,-7.9819,1554,7257,0.21413807358412568,1553,0,1553,1.0
enzyme,D02008,110635,hsa:10846,Q9Y233,-10.6138,175,7447,0.02349939572982409,174,1,173,0.9942528735632183
enzyme,D02008,110635,hsa:5138,O00408,-8.6914,2512,7447,0.33731704041896066,2511,10,2501,0.9960175228992433
enzyme,D02008,110635,hsa:5140,Q13370,-9.2257,1418,7447,0.19041224654223177,1417,8,1409,0.9943542695836274
enzyme,D02008,110635,hsa:5141,P27815,-9.4877,1042,7447,0.1399221162884383,1041,7,1034,0.9932756964457252
enzyme,D02008,110635,hsa:5142,Q07343,-10.3438,274,7447,0.03679333959983886,273,2,271,0.9926739926739927
enzyme,D02008,110635,hsa:5143,Q08493,-9.9881,491,7447,0.06593259030482074,490,4,486,0.9918367346938776
enzyme,D02008,110635,hsa:5144,Q08499,-10.6911,153,7447,0.02054518598093192,152,0,152,1.0
enzyme,D02008,110635,hsa:5147,O43924,-8.5939,2732,7447,0.3668591379078824,2731,11,2720,0.9959721713658001
enzyme,D02008,110635,hsa:5148,P18545,-5.9623,7106,7447,0.9542097488921714,7105,12,7093,0.998311048557354
enzyme,D02008,110635,hsa:5150,Q13946,-9.5535,945,7447,0.12689673694105008,944,5,939,0.9947033898305084
enzyme,D02008,110635,hsa:5151,O60658,-8.7799,2300,7447,0.3088492010205452,2299,9,2290,0.9960852544584602
enzyme,D02008,110635,hsa:5152,O76083,-9.5206,990,7447,0.1329394387001477,989,6,983,0.993933265925177
enzyme,D02008,110635,hsa:8654,O76074,-10.2014,350,7447,0.04699879145964818,349,3,346,0.9914040114613181
enzyme,D02017,656652,hsa:10846,Q9Y233,-7.9588,2742,7399,0.3705906203541019,2741,7,2734,0.9974461875228019
enzyme,D02017,656652,hsa:5138,O00408,-7.8922,2894,7399,0.391133937018516,2893,9,2884,0.996889042516419
enzyme,D02017,656652,hsa:5140,Q13370,-8.1653,2293,7399,0.3099067441546155,2292,6,2286,0.9973821989528796
enzyme,D02017,656652,hsa:5141,P27815,-7.7947,3133,7399,0.42343559940532505,3132,10,3122,0.9968071519795658
enzyme,D02017,656652,hsa:5142,Q07343,-9.1678,559,7399,0.07555075010136506,558,0,558,1.0
enzyme,D02017,656652,hsa:5143,Q08493,-7.6131,3573,7399,0.48290309501283957,3572,11,3561,0.9969204927211646
enzyme,D02017,656652,hsa:5144,Q08499,-8.332,1892,7399,0.25571023111231245,1891,2,1889,0.9989423585404548
enzyme,D02017,656652,hsa:5147,O43924,-8.2962,1980,7399,0.2676037302338154,1979,3,1976,0.9984840828701365
enzyme,D02017,656652,hsa:5148,P18545,-4.3792,7238,7399,0.978240302743614,7237,12,7225,0.9983418543595413
enzyme,D02017,656652,hsa:5150,Q13946,-8.2836,2013,7399,0.27206379240437895,2012,4,2008,0.9980119284294234
enzyme,D02017,656652,hsa:5151,O60658,-8.2255,2159,7399,0.29179618867414514,2158,5,2153,0.9976830398517146
enzyme,D02017,656652,hsa:5152,O76083,-7.9363,2798,7399,0.3781592107041492,2797,8,2789,0.997139792634966
enzyme,D02017,656652,hsa:8654,O76074,-8.3723,1816,7399,0.24543857278010542,1815,1,1814,0.9994490358126722
enzyme,D02042,6918034,hsa:10846,Q9Y233,-1.6925,2900,6770,0.42836041358936483,2899,8,2891,0.9972404277337013
enzyme,D02042,6918034,hsa:5138,O00408,-1.9253,642,6770,0.0948301329394387,641,3,638,0.9953198127925117
enzyme,D02042,6918034,hsa:5141,P27815,-1.8823,907,6770,0.13397341211225997,906,5,901,0.9944812362030905
enzyme,D02042,6918034,hsa:5142,Q07343,-1.9186,691,6770,0.10206794682422451,690,4,686,0.9942028985507246
enzyme,D02042,6918034,hsa:5143,Q08493,-1.9748,400,6770,0.059084194977843424,399,1,398,0.9974937343358395
enzyme,D02042,6918034,hsa:5144,Q08499,-1.837,1237,6770,0.1827178729689808,1236,6,1230,0.9951456310679612
enzyme,D02042,6918034,hsa:5147,O43924,-1.6054,3964,6770,0.5855243722304284,3963,10,3953,0.997476659096644
enzyme,D02042,6918034,hsa:5148,P18545,-1.1863,6284,6770,0.9282127031019203,6283,11,6272,0.9982492439917237
enzyme,D02042,6918034,hsa:5150,Q13946,-1.99,340,6770,0.050221565731166914,339,0,339,1.0
enzyme,D02042,6918034,hsa:5151,O60658,-1.7948,1669,6770,0.2465288035450517,1668,7,1661,0.9958033573141487
enzyme,D02042,6918034,hsa:5152,O76083,-1.9287,620,6770,0.0915805022156573,619,2,617,0.9967689822294022
enzyme,D02042,6918034,hsa:8654,O76074,-1.6806,3068,6770,0.4531757754800591,3067,9,3058,0.997065536354744
enzyme,D02115,23678981,hsa:1719,P00374,-9.9032,317,6554,0.04836740921574611,316,0,316,1.0
enzyme,D02168,60699,hsa:7150,P11387,-8.3657,1554,7372,0.21079761258817145,1553,2,1551,0.9987121699935608
enzyme,D02168,60699,hsa:7156,Q13472,-9.0842,625,7372,0.0847802495930548,624,0,624,1.0
enzyme,D02168,60699,hsa:8940,O95985,-8.4809,1385,7372,0.18787303309820944,1384,1,1383,0.9992774566473989
enzyme,D02173,121587,hsa:43,P22303,-7.3043,2245,7392,0.30370670995670995,2244,0,2244,1.0
enzyme,D02176,10917,hsa:1374,P50416,-3.4757,6641,7473,0.8886658637762612,6640,0,6640,1.0
enzyme,D02193,10547,hsa:43,P22303,-1.0664,2292,7327,0.31281561348437287,2291,1,2290,0.9995635093845482
enzyme,D02193,10547,hsa:590,P06276,-1.1846,834,7327,0.11382557663436604,833,0,833,1.0
enzyme,D02214,65348,hsa:7153,P11388,-9.6885,481,6943,0.06927840990926112,480,0,480,1.0
enzyme,D02214,65348,hsa:7155,Q02880,-8.4667,1969,6943,0.28359498775745356,1968,1,1967,0.9994918699186992
enzyme,D02229,135413523,hsa:10846,Q9Y233,-9.8947,886,7085,0.1250529287226535,885,1,884,0.9988700564971752
enzyme,D02229,135413523,hsa:5140,Q13370,-8.8086,2941,7085,0.4151023288637968,2940,6,2934,0.9979591836734694
enzyme,D02229,135413523,hsa:5141,P27815,-9.5695,1326,7085,0.1871559633027523,1325,3,1322,0.9977358490566037
enzyme,D02229,135413523,hsa:5142,Q07343,-8.7404,3103,7085,0.4379675370501059,3102,7,3095,0.9977433913604127
enzyme,D02229,135413523,hsa:5143,Q08493,-8.6891,3242,7085,0.45758645024700073,3241,9,3232,0.9972230792965134
enzyme,D02229,135413523,hsa:5144,Q08499,-8.4605,3896,7085,0.549894142554693,3895,10,3885,0.9974326059050064
enzyme,D02229,135413523,hsa:5147,O43924,-11.7976,38,7085,0.005363443895553988,37,0,37,1.0
enzyme,D02229,135413523,hsa:5148,P18545,-5.8407,6851,7085,0.9669724770642202,6850,11,6839,0.9983941605839416
enzyme,D02229,135413523,hsa:5150,Q13946,-8.7114,3184,7085,0.44940014114326043,3183,8,3175,0.9974866478165253
enzyme,D02229,135413523,hsa:5151,O60658,-9.69,1140,7085,0.16090331686661963,1139,2,1137,0.9982440737489026
enzyme,D02229,135413523,hsa:5152,O76083,-9.5576,1354,7085,0.19110797459421314,1353,4,1349,0.9970436067997044
enzyme,D02229,135413523,hsa:8654,O76074,-8.9884,2484,7085,0.3505998588567396,2483,5,2478,0.9979863068868304
enzyme,D02289,247839,hsa:5321,P47712,-8.8759,784,7523,0.1042137445168151,783,0,783,1.0
enzyme,D02304,5962,hsa:3735,Q15046,-5.1093,772,7470,0.1033467202141901,771,0,771,1.0
enzyme,D02308,444972,hsa:4200,P23368,-4.7658,1522,7536,0.201963906581741,1521,0,1521,1.0
enzyme,D02315,445639,hsa:2638,P02774,-4.9161,3772,7525,0.5012624584717608,3771,0,3771,1.0
enzyme,D02321,2179,hsa:7153,P11388,-9.1846,692,7376,0.0938177874186551,691,0,691,1.0
enzyme,D02321,2179,hsa:7155,Q02880,-8.3476,1810,7376,0.24539045553145336,1809,1,1808,0.9994472084024323
enzyme,D02323,53359,hsa:10327,P14550,-6.7112,3281,7310,0.44883720930232557,3280,1,3279,0.9996951219512196
enzyme,D02323,53359,hsa:231,P15121,-7.38,1596,7310,0.21833105335157318,1595,0,1595,1.0
enzyme,D02328,1613,hsa:231,P15121,-10.4007,156,7208,0.021642619311875694,155,0,155,1.0
enzyme,D02335,4055,hsa:10901,Q9BTZ2,-8.0632,196,7573,0.025881420837184737,195,1,194,0.9948717948717949
enzyme,D02335,4055,hsa:2147,P00734,-7.0123,1459,7573,0.19265812755843126,1458,3,1455,0.9979423868312757
enzyme,D02335,4055,hsa:2155,P08709,-6.0242,4160,7573,0.5493199524626964,4159,5,4154,0.9987977879297908
enzyme,D02335,4055,hsa:2158,P00740,-4.3376,7230,7573,0.9547075135349267,7229,6,7223,0.9991700096832203
enzyme,D02335,4055,hsa:2159,P00742,-7.2135,1079,7573,0.1424798626700119,1078,2,1076,0.9981447124304267
enzyme,D02335,4055,hsa:5624,P04070,-6.8433,1851,7573,0.24442096923280074,1850,4,1846,0.9978378378378379
enzyme,D02335,4055,hsa:79001,Q9BQB6,-8.0851,184,7573,0.02429684405123465,183,0,183,1.0
enzyme,D02341,4037,hsa:5742,P23219,-6.9438,2498,7400,0.33756756756756756,2497,1,2496,0.9995995194233079
enzyme,D02341,4037,hsa:5743,P35354,-8.5982,167,7400,0.022567567567567566,166,0,166,1.0
enzyme,D02342,2405,hsa:1565,P10635,-6.7832,712,7462,0.09541677834360761,711,0,711,1.0
enzyme,D02350,3342,hsa:5742,P23219,-8.065,736,7525,0.09780730897009966,735,1,734,0.998639455782313
enzyme,D02350,3342,hsa:5743,P35354,-8.1118,674,7525,0.08956810631229235,673,0,673,1.0
enzyme,D02355,5509,hsa:5742,P23219,-7.0087,2506,7466,0.335654969193678,2505,1,2504,0.9996007984031936
enzyme,D02355,5509,hsa:5743,P35354,-7.9136,720,7466,0.09643718189124029,719,0,719,1.0
enzyme,D02356,2520,hsa:1558,P10632,-8.9414,32,7445,0.0042981867024848896,31,0,31,1.0
enzyme,D02356,2520,hsa:1576,P08684,-7.4208,748,7445,0.10047011417058428,747,1,746,0.998661311914324
enzyme,D02356,2520,hsa:759,P00915,-6.5738,2256,7445,0.3030221625251847,2255,2,2253,0.9991130820399113
enzyme,D02368,60750,hsa:1633,P27707,-6.2077,2894,7240,0.39972375690607737,2893,2,2891,0.9993086761147598
enzyme,D02368,60750,hsa:51727,P30085,-5.3903,5364,7240,0.7408839779005525,5363,3,5360,0.9994406115979863
enzyme,D02368,60750,hsa:6240,P23921,-7.1059,727,7240,0.10041436464088398,726,0,726,1.0
enzyme,D02368,60750,hsa:7298,P04818,-6.4218,2248,7240,0.3104972375690608,2247,1,2246,0.9995549621717846
enzyme,D02375,1549008,hsa:6713,Q14534,-9.2305,168,7572,0.022187004754358162,167,0,167,1.0
enzyme,D02418,657348,hsa:43,P22303,-10.2393,261,7040,0.037073863636363634,260,0,260,1.0
enzyme,D02441,3295,hsa:759,P00915,-6.8774,676,7403,0.0913143320275564,675,0,675,1.0
enzyme,D02451,59694,hsa:1543,P04798,-7.3098,1523,7532,0.2022039298990972,1522,10,1512,0.9934296977660972
enzyme,D02451,59694,hsa:1544,P05177,-7.5064,1180,7532,0.1566648964418481,1179,7,1172,0.9940627650551315
enzyme,D02451,59694,hsa:1545,Q16678,-7.7039,856,7532,0.11364843335103558,855,5,850,0.9941520467836257
enzyme,D02451,59694,hsa:1548,P11509,-7.8732,663,7532,0.08802442910249601,662,3,659,0.9954682779456193
enzyme,D02451,59694,hsa:1551,P24462,-7.244,1673,7532,0.22211895910780668,1672,12,1660,0.992822966507177
enzyme,D02451,59694,hsa:1553,Q16696,-8.0865,465,7532,0.06173659054699947,464,1,463,0.9978448275862069
enzyme,D02451,59694,hsa:1555,P20813,-8.0966,460,7532,0.061072756240042485,459,0,459,1.0
enzyme,D02451,59694,hsa:1557,P33261,-7.9402,582,7532,0.07727031332979288,581,2,579,0.9965576592082617
enzyme,D02451,59694,hsa:1558,P10632,-7.8269,728,7532,0.09665427509293681,727,4,723,0.9944979367262724
enzyme,D02451,59694,hsa:1559,P11712,-7.1336,1908,7532,0.2533191715347849,1907,13,1894,0.9931830099632931
enzyme,D02451,59694,hsa:1562,P33260,-4.0323,7338,7532,0.9742432288900691,7337,15,7322,0.9979555676707101
enzyme,D02451,59694,hsa:1565,P10635,-7.4146,1322,7532,0.17551779075942645,1321,9,1312,0.9931869795609387
enzyme,D02451,59694,hsa:1571,P05181,-7.4953,1199,7532,0.15918746680828466,1198,8,1190,0.993322203672788
enzyme,D02451,59694,hsa:1576,P08684,-7.1061,1976,7532,0.2623473181093999,1975,14,1961,0.9929113924050633
enzyme,D02451,59694,hsa:1577,P20815,-7.2986,1546,7532,0.20525756771109932,1545,11,1534,0.9928802588996763
enzyme,D02451,59694,hsa:1588,P11511,-7.5237,1153,7532,0.1530801911842804,1152,6,1146,0.9947916666666666
enzyme,D02487,9570076,hsa:1719,P00374,-7.5504,430,6802,0.06321670097030285,429,0,429,1.0
enzyme,D02556,467825,hsa:1595,Q16850,-8.4743,895,7283,0.1228889194013456,894,0,894,1.0
enzyme,D02558,6918078,hsa:43,P22303,-6.704,2600,7445,0.34922766957689727,2599,0,2599,1.0
enzyme,D02559,34521,hsa:4128,P21397,-7.4115,441,7469,0.059044048734770385,440,1,439,0.9977272727272727
enzyme,D02559,34521,hsa:4129,P27338,-8.2287,35,7469,0.004686035613870665,34,0,34,1.0
enzyme,D02560,44571,hsa:4128,P21397,-8.7793,37,7467,0.004955135931431633,36,1,35,0.9722222222222222
enzyme,D02560,44571,hsa:4129,P27338,-8.991,19,7467,0.002544529262086514,18,0,18,1.0
enzyme,D02561,4235,hsa:4128,P21397,-8.9079,4,7402,0.0005403944879762226,3,1,2,0.6666666666666666
enzyme,D02561,4235,hsa:4129,P27338,-8.9473,1,7402,0.00013509862199405565,0,0,0,0.0
enzyme,D02562,3052775,hsa:4128,P21397,-9.038,350,7400,0.0472972972972973,349,0,349,1.0
enzyme,D02562,3052775,hsa:4129,P27338,-8.9322,426,7400,0.05756756756756757,425,1,424,0.9976470588235294
enzyme,D02563,60824,hsa:4128,P21397,-9.1257,8,7391,0.0010823975104857259,7,1,6,0.8571428571428571
enzyme,D02563,60824,hsa:4129,P27338,-9.3747,3,7391,0.0004058990664321472,2,0,2,1.0
enzyme,D02564,9373,hsa:4128,P21397,-6.7362,191,7568,0.02523784355179704,190,1,189,0.9947368421052631
enzyme,D02564,9373,hsa:4129,P27338,-6.7502,183,7568,0.02418076109936575,182,0,182,1.0
enzyme,D02566,4011,hsa:50484,Q7LG56,-7.205,2694,7572,0.35578446909667194,2693,0,2693,1.0
enzyme,D02579,3748,hsa:4128,P21397,-6.9909,114,7408,0.015388768898488121,113,1,112,0.9911504424778761
enzyme,D02579,3748,hsa:4129,P27338,-7.1206,60,7408,0.008099352051835854,59,0,59,1.0
enzyme,D02580,3759,hsa:4128,P21397,-9.2234,28,7401,0.0037832725307390892,27,1,26,0.9629629629629629
enzyme,D02580,3759,hsa:4129,P27338,-9.2767,22,7401,0.0029725712741521418,21,0,21,1.0
enzyme,D02581,52542,hsa:4128,P21397,-9.6791,66,7462,0.008844813722862504,65,1,64,0.9846153846153847
enzyme,D02581,52542,hsa:4129,P27338,-10.5043,5,7462,0.0006700616456714018,4,0,4,1.0
enzyme,D02655,37274,hsa:10846,Q9Y233,-7.0941,2082,7023,0.2964545066211021,2081,9,2072,0.9956751561749159
enzyme,D02655,37274,hsa:5140,Q13370,-7.682,1003,7023,0.1428164602021928,1002,5,997,0.9950099800399201
enzyme,D02655,37274,hsa:5141,P27815,-8.2581,326,7023,0.04641890929802079,325,0,325,1.0
enzyme,D02655,37274,hsa:5142,Q07343,-8.2326,348,7023,0.049551473729175566,347,1,346,0.9971181556195965
enzyme,D02655,37274,hsa:5143,Q08493,-7.188,1878,7023,0.2674070909867578,1877,7,1870,0.9962706446457112
enzyme,D02655,37274,hsa:5144,Q08499,-8.0011,555,7023,0.07902605724049551,554,2,552,0.9963898916967509
enzyme,D02655,37274,hsa:5147,O43924,-7.1788,1905,7023,0.2712516018795387,1904,8,1896,0.9957983193277311
enzyme,D02655,37274,hsa:5148,P18545,-4.472,6728,7023,0.9579951587640609,6727,10,6717,0.9985134532481047
enzyme,D02655,37274,hsa:5150,Q13946,-7.7048,965,7023,0.13740566709383453,964,4,960,0.995850622406639
enzyme,D02655,37274,hsa:5152,O76083,-7.4206,1423,7023,0.20261996297878399,1422,6,1416,0.9957805907172996
enzyme,D02655,37274,hsa:8654,O76074,-7.928,629,7023,0.08956286487256158,628,3,625,0.9952229299363057
enzyme,D02671,4078,hsa:1565,P10635,-8.2217,843,7457,0.11304814268472577,842,0,842,1.0
enzyme,D02709,119607,hsa:5742,P23219,-7.885,1459,7394,0.19732215309710577,1458,1,1457,0.9993141289437586
enzyme,D02709,119607,hsa:5743,P35354,-8.2573,936,7394,0.12658912631863672,935,0,935,1.0
enzyme,D02729,129791,hsa:43,P22303,-8.1198,269,7451,0.03610253657227218,268,0,268,1.0
enzyme,D02729,129791,hsa:590,P06276,-7.5603,818,7451,0.1097839216212589,817,1,816,0.9987760097919217
enzyme,D02769,6083,hsa:132,P55263,-8.1427,508,7295,0.06963673749143248,507,2,505,0.9960552268244576
enzyme,D02769,6083,hsa:353,P07741,-7.1308,2148,7295,0.2944482522275531,2147,4,2143,0.9981369352585002
enzyme,D02769,6083,hsa:5562,Q13131,-6.9437,2589,7295,0.3549006168608636,2588,5,2583,0.9980680061823802
enzyme,D02769,6083,hsa:5834,P11216,-8.0864,562,7295,0.077039067854695,561,3,558,0.9946524064171123
enzyme,D02769,6083,hsa:5836,P06737,-8.7988,127,7295,0.01740918437285812,126,0,126,1.0
enzyme,D02769,6083,hsa:5837,P11217,-8.6413,167,7295,0.02289239204934887,166,1,165,0.9939759036144579
enzyme,D02769,6083,hsa:84532,Q9NUB1,-3.72,7196,7295,0.9864290610006854,7195,6,7189,0.9991660875608062
enzyme,D02835,23683779,hsa:231,P15121,-1.3513,1623,7614,0.21315996847911742,1622,0,1622,1.0
enzyme,D03012,166558,hsa:6646,P35610,-8.9529,244,7439,0.0328001075413362,243,1,242,0.9958847736625515
enzyme,D03012,166558,hsa:8435,O75908,-10.5743,5,7439,0.0006721333512568893,4,0,4,1.0
enzyme,D03034,2266,hsa:6716,P31213,-5.524,1420,7535,0.18845388188453882,1419,0,1419,1.0
enzyme,D03034,2266,hsa:7299,P14679,-2.639,7454,7535,0.9892501658925017,7453,1,7452,0.9998658258419428
enzyme,D03077,5463984,hsa:1636,P12821,-7.5491,2426,7374,0.32899376186601575,2425,0,2425,1.0
enzyme,D03208,5493444,hsa:5972,P00797,-7.4931,1037,7322,0.14162797049986342,1036,0,1036,1.0
enzyme,D03217,6450551,hsa:10846,Q9Y233,-9.2417,919,7377,0.12457638606479599,918,7,911,0.9923747276688453
enzyme,D03217,6450551,hsa:5138,O00408,-8.1037,2968,7377,0.4023315710993629,2967,11,2956,0.9962925513987192
enzyme,D03217,6450551,hsa:5140,Q13370,-9.4736,666,7377,0.09028060187067914,665,4,661,0.9939849624060151
enzyme,D03217,6450551,hsa:5141,P27815,-9.5431,601,7377,0.08146943201843568,600,3,597,0.995
enzyme,D03217,6450551,hsa:5142,Q07343,-10.827,54,7377,0.0073200488003253355,53,0,53,1.0
enzyme,D03217,6450551,hsa:5143,Q08493,-8.8597,1464,7377,0.19845465636437576,1463,9,1454,0.9938482570061518
enzyme,D03217,6450551,hsa:5144,Q08499,-10.4819,108,7377,0.014640097600650671,107,1,106,0.9906542056074766
enzyme,D03217,6450551,hsa:5147,O43924,-9.3178,800,7377,0.10844516741222719,799,6,793,0.9924906132665833
enzyme,D03217,6450551,hsa:5148,P18545,-5.5625,7079,7377,0.9596041751389454,7078,12,7066,0.9983046058208533
enzyme,D03217,6450551,hsa:5150,Q13946,-8.6856,1746,7377,0.23668157787718586,1745,10,1735,0.994269340974212
enzyme,D03217,6450551,hsa:5151,O60658,-9.7491,466,7377,0.06316931001762234,465,2,463,0.9956989247311828
enzyme,D03217,6450551,hsa:5152,O76083,-9.401,728,7377,0.09868510234512674,727,5,722,0.9931224209078404
enzyme,D03217,6450551,hsa:8654,O76074,-9.1006,1102,7377,0.14938321811034297,1101,8,1093,0.9927338782924614
enzyme,D03218,5328940,hsa:10461,Q12866,-7.7378,1903,7262,0.26204902230790417,1902,21,1881,0.9889589905362776
enzyme,D03218,5328940,hsa:1436,P07333,-8.6509,637,7262,0.08771688240154228,636,5,631,0.9921383647798742
enzyme,D03218,5328940,hsa:1956,P00533,-6.0049,6007,7262,0.8271825943266318,6006,42,5964,0.993006993006993
enzyme,D03218,5328940,hsa:2041,P21709,-5.6838,6456,7262,0.8890112916551914,6455,43,6412,0.9933384972889233
enzyme,D03218,5328940,hsa:2042,P29320,-8.3721,936,7262,0.12889011291655192,935,9,926,0.9903743315508021
enzyme,D03218,5328940,hsa:2043,P54764,-6.9709,3654,7262,0.5031671715780777,3653,30,3623,0.9917875718587462
enzyme,D03218,5328940,hsa:2044,P54756,-7.705,1972,7262,0.27155053704213716,1971,23,1948,0.9883307965499746
enzyme,D03218,5328940,hsa:2045,Q15375,-8.1389,1218,7262,0.1677223905260259,1217,15,1202,0.9876746096959738
enzyme,D03218,5328940,hsa:2046,P29322,-6.8928,3868,7262,0.532635637565409,3867,33,3834,0.991466252909232
enzyme,D03218,5328940,hsa:2047,P54762,-8.2424,1085,7262,0.14940787661801155,1084,12,1072,0.988929889298893
enzyme,D03218,5328940,hsa:2048,P29323,-8.2519,1075,7262,0.14803084549710824,1074,11,1063,0.9897579143389199
enzyme,D03218,5328940,hsa:2049,P54753,-9.2896,197,7262,0.02712751308179565,196,1,195,0.9948979591836735
enzyme,D03218,5328940,hsa:2050,P54760,-7.956,1513,7262,0.2083448085926742,1512,16,1496,0.9894179894179894
enzyme,D03218,5328940,hsa:2064,P04626,-7.8503,1692,7262,0.23299366565684385,1691,17,1674,0.989946777054997
enzyme,D03218,5328940,hsa:2065,P21860,-7.5126,2355,7262,0.32429082897273476,2354,25,2329,0.9893797790994052
enzyme,D03218,5328940,hsa:2066,Q15303,-7.1737,3154,7262,0.43431561553291104,3153,26,3127,0.9917538851887092
enzyme,D03218,5328940,hsa:2260,P11362,-8.1963,1132,7262,0.15587992288625724,1131,13,1118,0.9885057471264368
enzyme,D03218,5328940,hsa:2261,P22607,-7.8035,1773,7262,0.24414761773616084,1772,19,1753,0.9892776523702032
enzyme,D03218,5328940,hsa:2263,P21802,-8.7083,590,7262,0.08124483613329661,589,3,586,0.9949066213921901
enzyme,D03218,5328940,hsa:2264,P22455,-8.1763,1157,7262,0.15932250068851556,1156,14,1142,0.9878892733564014
enzyme,D03218,5328940,hsa:2322,P36888,-6.9603,3684,7262,0.5072982649407877,3683,31,3652,0.9915829486831388
enzyme,D03218,5328940,hsa:2324,P35916,-6.7207,4338,7262,0.5973561002478656,4337,36,4301,0.9916993313350242
enzyme,D03218,5328940,hsa:238,Q9UM73,-6.7613,4242,7262,0.5841366014871936,4241,35,4206,0.991747229427022
enzyme,D03218,5328940,hsa:3791,P35968,-7.7143,1957,7262,0.26948499036078216,1956,22,1934,0.9887525562372188
enzyme,D03218,5328940,hsa:3815,P10721,-8.5879,703,7262,0.09680528779950427,702,7,695,0.99002849002849
enzyme,D03218,5328940,hsa:4058,P29376,-6.8003,4126,7262,0.568163040484715,4125,34,4091,0.9917575757575757
enzyme,D03218,5328940,hsa:4233,P08581,-7.7492,1875,7262,0.2581933351693748,1874,20,1854,0.9893276414087513
enzyme,D03218,5328940,hsa:4486,Q04912,-7.1142,3317,7262,0.45676122280363535,3316,28,3288,0.991556091676719
enzyme,D03218,5328940,hsa:4914,P04629,-6.4252,5124,7262,0.7055907463508675,5123,39,5084,0.9923872730821784
enzyme,D03218,5328940,hsa:4915,Q16620,-8.7764,513,7262,0.07064169650234095,512,2,510,0.99609375
enzyme,D03218,5328940,hsa:4916,Q16288,-8.7038,593,7262,0.08165794546956762,592,4,588,0.9932432432432432
enzyme,D03218,5328940,hsa:4919,Q01973,-8.3076,1011,7262,0.1392178463233269,1010,10,1000,0.9900990099009901
enzyme,D03218,5328940,hsa:4920,Q01974,-6.6069,4649,7262,0.6401817681079592,4648,38,4610,0.9918244406196214
enzyme,D03218,5328940,hsa:4921,Q16832,-9.6511,91,7262,0.012530983200220325,90,0,90,1.0
enzyme,D03218,5328940,hsa:5156,P16234,-8.5125,770,7262,0.1060313963095566,769,8,761,0.9895968790637191
enzyme,D03218,5328940,hsa:5159,P09619,-6.9116,3811,7262,0.52478656017626,3810,32,3778,0.9916010498687664
enzyme,D03218,5328940,hsa:558,P30530,-7.552,2272,7262,0.31286147066923714,2271,24,2247,0.9894319682959049
enzyme,D03218,5328940,hsa:5754,Q13308,-8.6424,646,7262,0.08895621041035527,645,6,639,0.9906976744186047
enzyme,D03218,5328940,hsa:6098,P08922,-7.8117,1758,7262,0.24208207105480584,1757,18,1739,0.9897552646556631
enzyme,D03218,5328940,hsa:6259,P34925,-7.071,3425,7262,0.47163315890939134,3424,29,3395,0.9915303738317757
enzyme,D03218,5328940,hsa:7010,Q02763,-7.1666,3178,7262,0.43762049022307903,3177,27,3150,0.9915014164305949
enzyme,D03218,5328940,hsa:7075,P35590,-6.164,5726,7262,0.7884880198292481,5725,40,5685,0.9930131004366812
enzyme,D03218,5328940,hsa:7301,Q06418,-6.0263,5977,7262,0.8230515009639218,5976,41,5935,0.9931392235609103
enzyme,D03218,5328940,hsa:780,Q08345,-6.7151,4352,7262,0.5992839438171302,4351,37,4314,0.9914962077683291
enzyme,D03260,6431825,hsa:10846,Q9Y233,-11.6578,751,7251,0.10357192111432906,750,1,749,0.9986666666666667
enzyme,D03260,6431825,hsa:5140,Q13370,-10.6368,1946,7251,0.2683767756171562,1945,6,1939,0.9969151670951156
enzyme,D03260,6431825,hsa:5141,P27815,-11.4249,950,7251,0.1310164115294442,949,2,947,0.9978925184404637
enzyme,D03260,6431825,hsa:5142,Q07343,-10.3278,2484,7251,0.34257343814646257,2483,7,2476,0.9971808296415626
enzyme,D03260,6431825,hsa:5143,Q08493,-9.9688,3207,7251,0.4422838229209764,3206,9,3197,0.9971927635683094
enzyme,D03260,6431825,hsa:5144,Q08499,-9.5432,4146,7251,0.5717832023169218,4145,10,4135,0.9975874547647768
enzyme,D03260,6431825,hsa:5147,O43924,-11.2283,1157,7251,0.15956419804164942,1156,4,1152,0.9965397923875432
enzyme,D03260,6431825,hsa:5148,P18545,-5.8367,7083,7251,0.9768307819611088,7082,11,7071,0.9984467664501553
enzyme,D03260,6431825,hsa:5150,Q13946,-12.5448,259,7251,0.03571921114329058,258,0,258,1.0
enzyme,D03260,6431825,hsa:5151,O60658,-10.2717,2578,7251,0.3555371672872707,2577,8,2569,0.996895615056267
enzyme,D03260,6431825,hsa:5152,O76083,-10.7046,1848,7251,0.2548613984278031,1847,5,1842,0.9972929074174337
enzyme,D03260,6431825,hsa:8654,O76074,-11.3252,1049,7251,0.14466970073093366,1048,3,1045,0.9971374045801527
enzyme,D03350,89594,hsa:10461,Q12866,-5.4921,2494,7535,0.3309887193098872,2493,20,2473,0.9919775371038909
enzyme,D03350,89594,hsa:1436,P07333,-6.4202,341,7535,0.04525547445255475,340,1,339,0.9970588235294118
enzyme,D03350,89594,hsa:1956,P00533,-5.0015,4279,7535,0.5678832116788322,4278,38,4240,0.9911173445535297
enzyme,D03350,89594,hsa:1969,P29317,-4.7625,5137,7535,0.6817518248175183,5136,43,5093,0.9916277258566978
enzyme,D03350,89594,hsa:2041,P21709,-4.1805,6663,7535,0.8842733908427339,6662,48,6614,0.9927949564695286
enzyme,D03350,89594,hsa:2042,P29320,-4.9924,4322,7535,0.5735899137358992,4321,39,4282,0.9909743115019671
enzyme,D03350,89594,hsa:2043,P54764,-5.2801,3246,7535,0.43078964830789646,3245,24,3221,0.9926040061633282
enzyme,D03350,89594,hsa:2044,P54756,-4.9313,4563,7535,0.6055739880557399,4562,42,4520,0.9907935116177116
enzyme,D03350,89594,hsa:2045,Q15375,-5.1068,3874,7535,0.5141340411413404,3873,33,3840,0.9914794732765299
enzyme,D03350,89594,hsa:2046,P29322,-5.5047,2445,7535,0.32448573324485736,2444,19,2425,0.9922258592471358
enzyme,D03350,89594,hsa:2047,P54762,-6.0581,871,7535,0.11559389515593896,870,3,867,0.996551724137931
enzyme,D03350,89594,hsa:2048,P29323,-5.0696,4029,7535,0.5347047113470471,4028,35,3993,0.9913108242303873
enzyme,D03350,89594,hsa:2049,P54753,-5.6123,2095,7535,0.2780358327803583,2094,14,2080,0.9933142311365807
enzyme,D03350,89594,hsa:2050,P54760,-5.072,4014,7535,0.53271400132714,4013,34,3979,0.9915275355095938
enzyme,D03350,89594,hsa:2064,P04626,-5.3721,2933,7535,0.38925016589250166,2932,23,2909,0.9921555252387448
enzyme,D03350,89594,hsa:2065,P21860,-5.058,4066,7535,0.5396151293961513,4065,36,4029,0.9911439114391144
enzyme,D03350,89594,hsa:2066,Q15303,-4.9598,4448,7535,0.5903118779031188,4447,41,4406,0.9907803013267371
enzyme,D03350,89594,hsa:2260,P11362,-5.6916,1834,7535,0.24339747843397477,1833,10,1823,0.994544462629569
enzyme,D03350,89594,hsa:2261,P22607,-5.6711,1903,7535,0.25255474452554744,1902,12,1890,0.9936908517350158
enzyme,D03350,89594,hsa:2263,P21802,-6.0222,951,7535,0.12621101526211015,950,5,945,0.9947368421052631
enzyme,D03350,89594,hsa:2264,P22455,-5.9976,1008,7535,0.13377571333775715,1007,6,1001,0.9940417080436942
enzyme,D03350,89594,hsa:2322,P36888,-5.572,2235,7535,0.2966157929661579,2234,18,2216,0.9919427036705462
enzyme,D03350,89594,hsa:2324,P35916,-4.5291,5863,7535,0.7781021897810219,5862,44,5818,0.9924940293415216
enzyme,D03350,89594,hsa:238,Q9UM73,-5.1644,3658,7535,0.48546781685467816,3657,30,3627,0.9917965545529123
enzyme,D03350,89594,hsa:3480,P08069,-5.2464,3365,7535,0.44658261446582614,3364,28,3336,0.9916765755053508
enzyme,D03350,89594,hsa:3643,P06213,-5.2731,3268,7535,0.43370935633709357,3267,25,3242,0.9923477196204469
enzyme,D03350,89594,hsa:3645,P14616,-5.4666,2592,7535,0.34399469143994693,2591,21,2570,0.9918950212273253
enzyme,D03350,89594,hsa:3791,P35968,-6.058,872,7535,0.1157266091572661,871,4,867,0.9954075774971297
enzyme,D03350,89594,hsa:3815,P10721,-6.4344,327,7535,0.04339747843397478,326,0,326,1.0
enzyme,D03350,89594,hsa:4058,P29376,-5.0414,4134,7535,0.5486396814863969,4133,37,4096,0.991047665134285
enzyme,D03350,89594,hsa:4233,P08581,-5.1087,3865,7535,0.5129396151293961,3864,32,3832,0.9917184265010351
enzyme,D03350,89594,hsa:4486,Q04912,-5.4106,2802,7535,0.3718646317186463,2801,22,2779,0.9921456622634773
enzyme,D03350,89594,hsa:4914,P04629,-5.257,3325,7535,0.44127405441274054,3324,27,3297,0.9918772563176895
enzyme,D03350,89594,hsa:4915,Q16620,-6.2241,568,7535,0.07538155275381553,567,2,565,0.9964726631393298
enzyme,D03350,89594,hsa:4916,Q16288,-5.8534,1365,7535,0.18115461181154613,1364,8,1356,0.9941348973607038
enzyme,D03350,89594,hsa:4919,Q01973,-5.6166,2082,7535,0.2763105507631055,2081,13,2068,0.9937530033637674
enzyme,D03350,89594,hsa:4920,Q01974,-5.1637,3659,7535,0.4856005308560053,3658,31,3627,0.9915254237288136
enzyme,D03350,89594,hsa:4921,Q16832,-5.6082,2106,7535,0.27949568679495684,2105,15,2090,0.9928741092636579
enzyme,D03350,89594,hsa:5156,P16234,-5.6005,2134,7535,0.2832116788321168,2133,16,2117,0.992498827941866
enzyme,D03350,89594,hsa:5159,P09619,-4.4406,6126,7535,0.8130059721300598,6125,45,6080,0.9926530612244898
enzyme,D03350,89594,hsa:558,P30530,-5.2694,3279,7535,0.4351692103516921,3278,26,3252,0.9920683343502136
enzyme,D03350,89594,hsa:5754,Q13308,-5.6907,1837,7535,0.24379562043795622,1836,11,1825,0.9940087145969498
enzyme,D03350,89594,hsa:5979,P07949,-5.9859,1039,7535,0.13788984737889848,1038,7,1031,0.9932562620423893
enzyme,D03350,89594,hsa:6098,P08922,-5.1761,3613,7535,0.47949568679495685,3612,29,3583,0.9919712070874862
enzyme,D03350,89594,hsa:6259,P34925,-5.7135,1761,7535,0.23370935633709355,1760,9,1751,0.9948863636363636
enzyme,D03350,89594,hsa:7010,Q02763,-5.5971,2148,7535,0.28506967485069673,2147,17,2130,0.992081974848626
enzyme,D03350,89594,hsa:7075,P35590,-4.2942,6465,7535,0.8579960185799602,6464,46,6418,0.9928836633663366
enzyme,D03350,89594,hsa:7301,Q06418,-4.2891,6476,7535,0.8594558725945587,6475,47,6428,0.9927413127413127
enzyme,D03350,89594,hsa:780,Q08345,-4.9692,4421,7535,0.586728599867286,4420,40,4380,0.9909502262443439
enzyme,D03433,189729,hsa:2548,P10253,-6.3083,3414,7274,0.46934286499862526,3413,1,3412,0.9997070026369763
enzyme,D03433,189729,hsa:8972,O43451,-7.274,1294,7274,0.1778938685729997,1293,0,1293,1.0
enzyme,D03601,6726,hsa:3156,P04035,-6.6671,3089,7572,0.40795034337031166,3088,0,3088,1.0
enzyme,D03643,444031,hsa:3156,P04035,-7.1426,5287,7443,0.7103318554346366,5286,0,5286,1.0
enzyme,D03670,3058754,hsa:10549,Q13162,-6.5744,4681,7210,0.6492371705963939,4680,31,4649,0.9933760683760684
enzyme,D03670,3058754,hsa:10858,Q9Y6A2,-8.3817,595,7210,0.0825242718446602,594,18,576,0.9696969696969697
enzyme,D03670,3058754,hsa:10935,P30048,-5.952,6154,7210,0.8535367545076283,6153,34,6119,0.9944742402080287
enzyme,D03670,3058754,hsa:1537,P08574,-7.4166,2290,7210,0.31761442441054094,2289,29,2260,0.9873307121013543
enzyme,D03670,3058754,hsa:1543,P04798,-9.1062,137,7210,0.019001386962552012,136,4,132,0.9705882352941176
enzyme,D03670,3058754,hsa:1544,P05177,-8.6988,338,7210,0.04687933425797503,337,11,326,0.9673590504451038
enzyme,D03670,3058754,hsa:1545,Q16678,-8.9786,199,7210,0.027600554785020805,198,7,191,0.9646464646464646
enzyme,D03670,3058754,hsa:1548,P11509,-9.2277,101,7210,0.014008321775312067,100,2,98,0.98
enzyme,D03670,3058754,hsa:1551,P24462,-8.0917,957,7210,0.13273231622746187,956,24,932,0.9748953974895398
enzyme,D03670,3058754,hsa:1553,Q16696,-9.699,37,7210,0.005131761442441054,36,0,36,1.0
enzyme,D03670,3058754,hsa:1555,P20813,-7.9978,1100,7210,0.15256588072122051,1099,26,1073,0.9763421292083713
enzyme,D03670,3058754,hsa:1557,P33261,-9.0153,179,7210,0.024826629680998615,178,6,172,0.9662921348314607
enzyme,D03670,3058754,hsa:1558,P10632,-8.5582,440,7210,0.06102635228848821,439,13,426,0.9703872437357631
enzyme,D03670,3058754,hsa:1559,P11712,-7.9486,1178,7210,0.16338418862690707,1177,27,1150,0.9770603228547153
enzyme,D03670,3058754,hsa:1562,P33260,-4.4815,6995,7210,0.9701803051317615,6994,35,6959,0.9949957106090935
enzyme,D03670,3058754,hsa:1565,P10635,-8.2375,752,7210,0.1042995839112344,751,21,730,0.9720372836218375
enzyme,D03670,3058754,hsa:1571,P05181,-9.1261,133,7210,0.018446601941747572,132,3,129,0.9772727272727273
enzyme,D03670,3058754,hsa:1576,P08684,-8.5038,489,7210,0.06782246879334258,488,15,473,0.9692622950819673
enzyme,D03670,3058754,hsa:1577,P20815,-8.4531,535,7210,0.07420249653259361,534,16,518,0.9700374531835206
enzyme,D03670,3058754,hsa:1581,P22680,-8.5173,474,7210,0.06574202496532594,473,14,459,0.9704016913319239
enzyme,D03670,3058754,hsa:1582,Q9UNU6,-8.3405,640,7210,0.08876560332871013,639,19,620,0.9702660406885759
enzyme,D03670,3058754,hsa:1583,P05108,-8.9647,203,7210,0.02815533980582524,202,9,193,0.9554455445544554
enzyme,D03670,3058754,hsa:1584,P15538,-8.2121,791,7210,0.10970873786407767,790,22,768,0.9721518987341772
enzyme,D03670,3058754,hsa:1585,P19099,-8.567,433,7210,0.06005547850208044,432,12,420,0.9722222222222222
enzyme,D03670,3058754,hsa:1586,P05093,-8.9133,226,7210,0.031345353675450764,225,10,215,0.9555555555555556
enzyme,D03670,3058754,hsa:1588,P11511,-9.26,93,7210,0.01289875173370319,92,1,91,0.9891304347826086
enzyme,D03670,3058754,hsa:1589,P08686,-8.9683,201,7210,0.027877947295423023,200,8,192,0.96
enzyme,D03670,3058754,hsa:1595,Q16850,-8.4445,543,7210,0.0753120665742025,542,17,525,0.9686346863468634
enzyme,D03670,3058754,hsa:2235,P22830,-8.1092,935,7210,0.12968099861303745,934,23,911,0.9753747323340471
enzyme,D03670,3058754,hsa:25824,P30044,-6.5252,4830,7210,0.6699029126213593,4829,32,4797,0.9933733692275833
enzyme,D03670,3058754,hsa:50484,Q7LG56,-9.0467,161,7210,0.02233009708737864,160,5,155,0.96875
enzyme,D03670,3058754,hsa:5052,Q06830,-6.2492,5570,7210,0.7725381414701803,5569,33,5536,0.9940743400969654
enzyme,D03670,3058754,hsa:5294,P48736,-8.3317,651,7210,0.09029126213592233,650,20,630,0.9692307692307692
enzyme,D03670,3058754,hsa:5740,Q16647,-8.0662,996,7210,0.13814147018030512,995,25,970,0.9748743718592965
enzyme,D03670,3058754,hsa:6240,P23921,-7.6954,1644,7210,0.22801664355062412,1643,28,1615,0.9829580036518564
enzyme,D03670,3058754,hsa:6241,P31350,-7.2686,2696,7210,0.3739251040221914,2695,30,2665,0.9888682745825603
enzyme,D03689,123619,hsa:5742,P23219,-7.3015,2476,7391,0.33500202949533214,2475,1,2474,0.9995959595959596
enzyme,D03689,123619,hsa:5743,P35354,-7.7235,1489,7391,0.20146123663915572,1488,0,1488,1.0
enzyme,D03710,208910,hsa:5742,P23219,-6.8295,2011,7523,0.2673135717134122,2010,0,2010,1.0
enzyme,D03710,208910,hsa:5743,P35354,-6.5991,2590,7523,0.34427754885019274,2589,1,2588,0.9996137504828119
enzyme,D03712,151166,hsa:5742,P23219,-7.8141,1121,7322,0.15310024583447146,1120,1,1119,0.9991071428571429
enzyme,D03712,151166,hsa:5743,P35354,-8.0967,741,7322,0.10120185741600655,740,0,740,1.0
enzyme,D03714,119828,hsa:5742,P23219,-8.1076,2218,7384,0.3003791982665222,2217,1,2216,0.9995489400090212
enzyme,D03714,119828,hsa:5743,P35354,-9.2515,565,7384,0.07651679306608884,564,0,564,1.0
enzyme,D03716,15895902,hsa:5743,P35354,-1.2523,3746,7608,0.4923764458464774,3745,0,3745,1.0
enzyme,D03717,159324,hsa:5742,P23219,-8.8452,1704,7268,0.2344523940561365,1703,1,1702,0.9994128009395185
enzyme,D03717,159324,hsa:5743,P35354,-9.9376,490,7268,0.06741882223445239,489,0,489,1.0
enzyme,D03720,60781,hsa:2339,P49354,-8.2305,2068,7143,0.28951420971580566,2067,1,2066,0.9995162070633768
enzyme,D03720,60781,hsa:2342,P49356,-8.3823,1786,7143,0.250034999300014,1785,0,1785,1.0
enzyme,D03722,11954363,hsa:2147,P00734,-1.8632,1170,7612,0.15370467682606412,1169,0,1169,1.0
enzyme,D03728,26757,hsa:2147,P00734,-5.7929,2272,7573,0.3000132048065496,2271,0,2271,1.0
enzyme,D03733,170321,hsa:4128,P21397,-6.8399,2272,7302,0.311147630786086,2271,0,2271,1.0
enzyme,D03733,170321,hsa:4129,P27338,-6.3988,3365,7302,0.4608326485894276,3364,1,3363,0.9997027348394768
enzyme,D03734,71355,hsa:6646,P35610,-9.3786,380,7136,0.053251121076233185,379,1,378,0.9973614775725593
enzyme,D03734,71355,hsa:8435,O75908,-10.4124,63,7136,0.00882847533632287,62,0,62,1.0
enzyme,D03735,156422,hsa:6646,P35610,-10.8869,156,7339,0.021256301948494344,155,0,155,1.0
enzyme,D03735,156422,hsa:8435,O75908,-10.618,254,7339,0.03460961983921515,253,1,252,0.9960474308300395
enzyme,D03741,5464201,hsa:5972,P00797,-6.5522,4328,6865,0.6304442825928623,4327,0,4327,1.0
enzyme,D03743,64922,hsa:5972,P00797,-6.9827,3835,7198,0.5327868852459017,3834,0,3834,1.0
enzyme,D03745,3086651,hsa:5972,P00797,-6.7908,4722,6967,0.6777666140376059,4721,0,4721,1.0
enzyme,D03751,135462830,hsa:43,P22303,-10.1984,1354,6644,0.20379289584587598,1353,0,1353,1.0
enzyme,D03752,54892,hsa:1636,P12821,-7.5507,1792,7371,0.24311490978157646,1791,0,1791,1.0
enzyme,D03753,107807,hsa:1636,P12821,-6.9124,1092,7379,0.14798753218593305,1091,0,1091,1.0
enzyme,D03756,10457278,hsa:1636,P12821,-8.2279,975,6761,0.1442094364738944,974,0,974,1.0
enzyme,D03758,71320,hsa:1636,P12821,-7.0675,1414,7372,0.1918068366793272,1413,0,1413,1.0
enzyme,D03760,6917815,hsa:1636,P12821,-7.3264,1130,7462,0.1514339319217368,1129,0,1129,1.0
enzyme,D03763,6917956,hsa:1636,P12821,-6.2759,2002,7397,0.27065026362038663,2001,0,2001,1.0
enzyme,D03765,6850814,hsa:1636,P12821,-7.9982,778,7275,0.10694158075601375,777,0,777,1.0
enzyme,D03772,62956,hsa:1636,P12821,-7.9493,1788,7375,0.2424406779661017,1787,0,1787,1.0
enzyme,D03773,107994,hsa:1636,P12821,-9.257,404,7371,0.054809388142721474,403,0,403,1.0
enzyme,D03775,3033702,hsa:1636,P12821,-8.3725,595,7277,0.08176446337776556,594,0,594,1.0
enzyme,D03787,11954368,hsa:1621,P09172,-2.5049,671,6520,0.10291411042944786,670,0,670,1.0
enzyme,D03788,107706,hsa:1991,P08246,-7.1759,3538,7372,0.47992403689636465,3537,0,3537,1.0
enzyme,D03798,54676038,hsa:1429,Q08257,-8.9481,1021,7521,0.13575322430527856,1020,1,1019,0.9990196078431373
enzyme,D03798,54676038,hsa:1728,P15559,-8.3299,1980,7521,0.26326286398085363,1979,3,1976,0.9984840828701365
enzyme,D03798,54676038,hsa:2766,P36959,-8.6875,1374,7521,0.18268847227762267,1373,2,1371,0.9985433357611071
enzyme,D03798,54676038,hsa:4835,P16083,-7.5381,3748,7521,0.49833798696981785,3747,5,3742,0.9986655991459834
enzyme,D03798,54676038,hsa:51292,Q9P2T1,-7.0496,4982,7521,0.6624119133094003,4981,6,4975,0.9987954226059025
enzyme,D03798,54676038,hsa:79001,Q9BQB6,-11.1484,31,7521,0.004121792314851749,30,0,30,1.0
enzyme,D03798,54676038,hsa:9601,P13667,-8.0149,2630,7521,0.3496875415503258,2629,4,2625,0.99847850893876
enzyme,D03803,157838,hsa:231,P15121,-9.552,702,7202,0.09747292418772563,701,0,701,1.0
enzyme,D03805,190816,hsa:231,P15121,-8.9244,1423,7294,0.19509185632026324,1422,0,1422,1.0
enzyme,D03806,5278,hsa:231,P15121,-8.0173,1804,7227,0.2496194824961948,1803,0,1803,1.0
enzyme,D03807,5724,hsa:231,P15121,-7.8148,1467,7220,0.20318559556786703,1466,0,1466,1.0
enzyme,D03822,77991,hsa:43,P22303,-7.201,272,7531,0.03611738148984198,271,0,271,1.0
enzyme,D03822,77991,hsa:590,P06276,-7.0129,412,7531,0.05470721019784889,411,1,410,0.9975669099756691
enzyme,D03823,132228,hsa:43,P22303,-9.8484,660,7522,0.08774262164318,659,0,659,1.0
enzyme,D03828,135413520,hsa:7298,P04818,-9.1862,727,5682,0.12794790566701866,726,0,726,1.0
enzyme,D03845,60692,hsa:23632,Q9ULX7,-7.5427,386,7370,0.05237449118046133,385,1,384,0.9974025974025974
enzyme,D03845,60692,hsa:377677,Q8N1Q1,-6.3737,2595,7370,0.3521031207598372,2594,9,2585,0.9965304548959136
enzyme,D03845,60692,hsa:759,P00915,-6.697,1753,7370,0.2378561736770692,1752,5,1747,0.9971461187214612
enzyme,D03845,60692,hsa:760,P00918,-6.1713,3258,7370,0.44206241519674355,3257,10,3247,0.9969296898986798
enzyme,D03845,60692,hsa:761,P07451,-6.431,2435,7370,0.330393487109905,2434,7,2427,0.9971240755957272
enzyme,D03845,60692,hsa:762,P22748,-6.7001,1746,7370,0.23690637720488467,1745,4,1741,0.9977077363896848
enzyme,D03845,60692,hsa:765,P23280,-6.4359,2423,7370,0.3287652645861601,2422,6,2416,0.9975227085053675
enzyme,D03845,60692,hsa:766,P43166,-7.0594,989,7370,0.13419267299864315,988,2,986,0.9979757085020243
enzyme,D03845,60692,hsa:767,P35219,-6.3882,2542,7370,0.3449118046132971,2541,8,2533,0.9968516332152696
enzyme,D03845,60692,hsa:768,Q16790,-6.9016,1300,7370,0.17639077340569878,1299,3,1296,0.9976905311778291
enzyme,D03845,60692,hsa:771,O43570,-7.564,368,7370,0.04993215739484396,367,0,367,1.0
enzyme,D03882,1967,hsa:240,P09917,-7.2248,1390,7522,0.18479127891518213,1389,0,1389,1.0
enzyme,D03899,31703,hsa:7153,P11388,-8.5951,1356,7409,0.18302065056012956,1355,1,1354,0.9992619926199262
enzyme,D03899,31703,hsa:7155,Q02880,-9.2567,583,7409,0.0786880820623566,582,0,582,1.0
enzyme,D04023,176871,hsa:10461,Q12866,-6.74,2869,6959,0.41227187814341143,2868,30,2838,0.9895397489539749
enzyme,D04023,176871,hsa:1436,P07333,-8.8662,127,6959,0.018249748527087224,126,0,126,1.0
enzyme,D04023,176871,hsa:1956,P00533,-6.6209,3197,6959,0.45940508693777843,3196,33,3163,0.9896745932415519
enzyme,D04023,176871,hsa:1969,P29317,-5.5501,5999,6959,0.8620491449920966,5998,44,5954,0.9926642214071357
enzyme,D04023,176871,hsa:2042,P29320,-7.1726,1879,6959,0.270010058916511,1878,19,1859,0.9898828541001065
enzyme,D04023,176871,hsa:2043,P54764,-6.347,3951,6959,0.5677539876419025,3950,38,3912,0.990379746835443
enzyme,D04023,176871,hsa:2044,P54756,-7.172,1883,6959,0.2705848541457106,1882,20,1862,0.9893730074388948
enzyme,D04023,176871,hsa:2045,Q15375,-7.1195,1982,6959,0.28481103606840064,1981,21,1960,0.9893992932862191
enzyme,D04023,176871,hsa:2046,P29322,-6.897,2481,6959,0.35651674091105046,2480,24,2456,0.9903225806451613
enzyme,D04023,176871,hsa:2047,P54762,-7.6144,1121,6959,0.16108636298318724,1120,12,1108,0.9892857142857143
enzyme,D04023,176871,hsa:2048,P29323,-6.9802,2287,6959,0.32863917229486994,2286,23,2263,0.989938757655293
enzyme,D04023,176871,hsa:2049,P54753,-8.059,553,6959,0.07946544043684438,552,5,547,0.9909420289855072
enzyme,D04023,176871,hsa:2050,P54760,-7.642,1083,6959,0.15562580830579106,1082,11,1071,0.9898336414048059
enzyme,D04023,176871,hsa:2064,P04626,-7.8696,748,6959,0.10748670786032476,747,9,738,0.9879518072289156
enzyme,D04023,176871,hsa:2065,P21860,-6.875,2526,6959,0.3629831872395459,2525,26,2499,0.9897029702970297
enzyme,D04023,176871,hsa:2066,Q15303,-6.4387,3682,6959,0.5290990084782297,3681,34,3647,0.9907633795164358
enzyme,D04023,176871,hsa:2260,P11362,-8.0572,555,6959,0.07975283805144417,554,6,548,0.9891696750902527
enzyme,D04023,176871,hsa:2261,P22607,-7.5155,1286,6959,0.18479666618767066,1285,14,1271,0.9891050583657588
enzyme,D04023,176871,hsa:2263,P21802,-8.2251,436,6959,0.06265267998275614,435,4,431,0.9908045977011494
enzyme,D04023,176871,hsa:2264,P22455,-7.8926,723,6959,0.10389423767782728,722,8,714,0.9889196675900277
enzyme,D04023,176871,hsa:2322,P36888,-7.3323,1575,6959,0.22632562149734156,1574,16,1558,0.9898348157560356
enzyme,D04023,176871,hsa:2324,P35916,-6.4333,3698,6959,0.531398189395028,3697,35,3662,0.9905328644847173
enzyme,D04023,176871,hsa:238,Q9UM73,-6.2411,4262,6959,0.6124443167121713,4261,39,4222,0.9908472189626848
enzyme,D04023,176871,hsa:3480,P08069,-6.9973,2253,6959,0.32375341284667336,2252,22,2230,0.9902309058614565
enzyme,D04023,176871,hsa:3791,P35968,-6.7066,2954,6959,0.4244862767639029,2953,31,2922,0.9895022011513714
enzyme,D04023,176871,hsa:3815,P10721,-7.5907,1164,6959,0.16726541169708292,1163,13,1150,0.9888220120378332
enzyme,D04023,176871,hsa:4058,P29376,-6.7782,2756,6959,0.3960339129185228,2755,29,2726,0.9894736842105263
enzyme,D04023,176871,hsa:4233,P08581,-6.8842,2508,6959,0.3603966087081477,2507,25,2482,0.9900279218189071
enzyme,D04023,176871,hsa:4486,Q04912,-7.1893,1850,6959,0.26584279350481393,1849,18,1831,0.9902650081124933
enzyme,D04023,176871,hsa:4914,P04629,-6.8544,2572,6959,0.3695933323753413,2571,27,2544,0.9894982497082847
enzyme,D04023,176871,hsa:4915,Q16620,-8.5872,237,6959,0.03405661733007616,236,1,235,0.9957627118644068
enzyme,D04023,176871,hsa:4916,Q16288,-8.5595,246,6959,0.035349906595775256,245,2,243,0.9918367346938776
enzyme,D04023,176871,hsa:4919,Q01973,-6.6713,3060,6959,0.4397183503376922,3059,32,3027,0.9895390650539392
enzyme,D04023,176871,hsa:4920,Q01974,-5.8961,5248,6959,0.7541313407098721,5247,42,5205,0.9919954259576901
enzyme,D04023,176871,hsa:4921,Q16832,-8.4399,306,6959,0.04397183503376922,305,3,302,0.9901639344262295
enzyme,D04023,176871,hsa:5156,P16234,-7.2408,1744,6959,0.2506107199310246,1743,17,1726,0.9902467010900746
enzyme,D04023,176871,hsa:5159,P09619,-6.2405,4265,6959,0.612875413134071,4264,40,4224,0.9906191369606003
enzyme,D04023,176871,hsa:558,P30530,-6.797,2705,6959,0.38870527374622793,2704,28,2676,0.9896449704142012
enzyme,D04023,176871,hsa:5754,Q13308,-7.3862,1487,6959,0.21368012645495044,1486,15,1471,0.9899057873485868
enzyme,D04023,176871,hsa:5979,P07949,-6.1047,4675,6959,0.6717919241270297,4674,41,4633,0.9912280701754386
enzyme,D04023,176871,hsa:6098,P08922,-7.8095,831,6959,0.11941370886621641,830,10,820,0.9879518072289156
enzyme,D04023,176871,hsa:6259,P34925,-6.3616,3904,6959,0.5610001436988074,3903,37,3866,0.9905201127337945
enzyme,D04023,176871,hsa:7010,Q02763,-8.0142,591,6959,0.08492599511424055,590,7,583,0.988135593220339
enzyme,D04023,176871,hsa:7075,P35590,-5.1939,6410,6959,0.9211093547923552,6409,45,6364,0.9929786238102668
enzyme,D04023,176871,hsa:7301,Q06418,-5.7779,5541,6959,0.7962350912487426,5540,43,5497,0.9922382671480144
enzyme,D04023,176871,hsa:780,Q08345,-6.4104,3754,6959,0.5394453226038224,3753,36,3717,0.9904076738609112
enzyme,D04025,6444692,hsa:10461,Q12866,-8.8123,1447,7372,0.19628323385784047,1446,11,1435,0.9923928077455049
enzyme,D04025,6444692,hsa:1436,P07333,-9.3846,789,7372,0.10702658708627238,788,6,782,0.9923857868020305
enzyme,D04025,6444692,hsa:1956,P00533,-7.4435,4603,7372,0.6243895822029301,4602,38,4564,0.9917427205562799
enzyme,D04025,6444692,hsa:1969,P29317,-7.0802,5561,7372,0.7543407487791645,5560,43,5517,0.9922661870503597
enzyme,D04025,6444692,hsa:2041,P21709,-6.3781,6694,7372,0.9080303852414542,6693,46,6647,0.993127147766323
enzyme,D04025,6444692,hsa:2042,P29320,-7.7024,3868,7372,0.5246880086814976,3867,32,3835,0.9917248513059219
enzyme,D04025,6444692,hsa:2043,P54764,-7.5431,4304,7372,0.5838307107976126,4303,37,4266,0.9914013478968162
enzyme,D04025,6444692,hsa:2044,P54756,-8.7784,1491,7372,0.20225176342919154,1490,12,1478,0.9919463087248322
enzyme,D04025,6444692,hsa:2045,Q15375,-8.7256,1583,7372,0.2147314161692892,1582,13,1569,0.9917825537294563
enzyme,D04025,6444692,hsa:2046,P29322,-7.8063,3582,7372,0.48589256646771567,3581,31,3550,0.9913432002234013
enzyme,D04025,6444692,hsa:2047,P54762,-8.2141,2597,7372,0.3522788931090613,2596,25,2571,0.9903697996918336
enzyme,D04025,6444692,hsa:2048,P29323,-8.0059,3064,7372,0.4156266956049919,3063,29,3034,0.9905321580150179
enzyme,D04025,6444692,hsa:2049,P54753,-9.2766,894,7372,0.12126966901790559,893,7,886,0.9921612541993281
enzyme,D04025,6444692,hsa:2050,P54760,-8.5121,1949,7372,0.2643787303309821,1948,17,1931,0.9912731006160165
enzyme,D04025,6444692,hsa:2064,P04626,-8.636,1728,7372,0.23440043407487793,1727,15,1712,0.9913144180660104
enzyme,D04025,6444692,hsa:2065,P21860,-8.14,2762,7372,0.37466087900162776,2761,27,2734,0.990220934444042
enzyme,D04025,6444692,hsa:2066,Q15303,-8.3455,2309,7372,0.31321215409658165,2308,22,2286,0.9904679376083189
enzyme,D04025,6444692,hsa:2260,P11362,-8.6892,1629,7372,0.22097124253933803,1628,14,1614,0.9914004914004914
enzyme,D04025,6444692,hsa:2261,P22607,-7.6882,3915,7372,0.5310634834508953,3914,33,3881,0.9915687276443536
enzyme,D04025,6444692,hsa:2263,P21802,-9.5451,643,7372,0.08722192078133478,642,5,637,0.9922118380062306
enzyme,D04025,6444692,hsa:2264,P22455,-8.3763,2235,7372,0.303174172544764,2234,21,2213,0.9905998209489705
enzyme,D04025,6444692,hsa:2322,P36888,-9.1982,977,7372,0.13252848616386326,976,8,968,0.9918032786885246
enzyme,D04025,6444692,hsa:2324,P35916,-7.4382,4620,7372,0.626695604991861,4619,39,4580,0.9915566139857112
enzyme,D04025,6444692,hsa:238,Q9UM73,-7.627,4079,7372,0.5533098209441129,4078,35,4043,0.991417361451692
enzyme,D04025,6444692,hsa:3480,P08069,-8.4245,2139,7372,0.29015192620727076,2138,19,2119,0.9911131898971001
enzyme,D04025,6444692,hsa:3791,P35968,-10.2795,207,7372,0.02807921866521975,206,2,204,0.9902912621359223
enzyme,D04025,6444692,hsa:3815,P10721,-9.0579,1126,7372,0.15274009766684754,1125,10,1115,0.9911111111111112
enzyme,D04025,6444692,hsa:4058,P29376,-7.6602,3994,7372,0.5417797069994574,3993,34,3959,0.9914850989231154
enzyme,D04025,6444692,hsa:4233,P08581,-8.0728,2911,7372,0.39487249050461204,2910,28,2882,0.9903780068728523
enzyme,D04025,6444692,hsa:4486,Q04912,-9.0888,1094,7372,0.14839934888768314,1093,9,1084,0.9917657822506862
enzyme,D04025,6444692,hsa:4914,P04629,-7.6088,4132,7372,0.5604991861096039,4131,36,4095,0.9912854030501089
enzyme,D04025,6444692,hsa:4915,Q16620,-10.1113,276,7372,0.037438958220293,275,3,272,0.9890909090909091
enzyme,D04025,6444692,hsa:4916,Q16288,-10.5188,139,7372,0.01885512750949539,138,0,138,1.0
enzyme,D04025,6444692,hsa:4919,Q01973,-9.866,407,7372,0.05520889853499729,406,4,402,0.9901477832512315
enzyme,D04025,6444692,hsa:4920,Q01974,-8.6281,1743,7372,0.23643516006511123,1742,16,1726,0.9908151549942594
enzyme,D04025,6444692,hsa:4921,Q16832,-10.3414,191,7372,0.025908844275637548,190,1,189,0.9947368421052631
enzyme,D04025,6444692,hsa:5156,P16234,-8.1783,2680,7372,0.36353771025501896,2679,26,2653,0.990294886151549
enzyme,D04025,6444692,hsa:5159,P09619,-7.4025,4723,7372,0.6406673901247966,4722,41,4681,0.9913172384582803
enzyme,D04025,6444692,hsa:558,P30530,-8.2926,2423,7372,0.32867607162235485,2422,23,2399,0.990503715937242
enzyme,D04025,6444692,hsa:5754,Q13308,-8.4972,1977,7372,0.26817688551275093,1976,18,1958,0.9908906882591093
enzyme,D04025,6444692,hsa:5979,P07949,-8.4039,2175,7372,0.2950352685838307,2174,20,2154,0.9908003679852806
enzyme,D04025,6444692,hsa:6098,P08922,-8.2396,2521,7372,0.34196961475854587,2520,24,2496,0.9904761904761905
enzyme,D04025,6444692,hsa:6259,P34925,-7.4239,4672,7372,0.6337493217580032,4671,40,4631,0.9914365232284308
enzyme,D04025,6444692,hsa:7010,Q02763,-7.9041,3323,7372,0.45075963103635375,3322,30,3292,0.9909692956050572
enzyme,D04025,6444692,hsa:7075,P35590,-6.5191,6562,7372,0.890124796527401,6561,45,6516,0.9931412894375857
enzyme,D04025,6444692,hsa:7301,Q06418,-6.7297,6279,7372,0.8517362995116657,6278,44,6234,0.9929913985345652
enzyme,D04025,6444692,hsa:780,Q08345,-7.2714,5062,7372,0.6866521975040695,5061,42,5019,0.991701244813278
enzyme,D04029,204101,hsa:2159,P00742,-9.629,1107,7144,0.1549552071668533,1106,0,1106,1.0
enzyme,D04031,472335,hsa:7150,P11387,-8.8478,1425,7377,0.1931679544530297,1424,2,1422,0.9985955056179775
enzyme,D04031,472335,hsa:7156,Q13472,-10.193,233,7377,0.03158465500881117,232,0,232,1.0
enzyme,D04031,472335,hsa:8940,O95985,-8.897,1348,7377,0.18273010708960283,1347,1,1346,0.9992576095025983
enzyme,D04092,8366,hsa:4128,P21397,-9.3584,414,7196,0.0575319622012229,413,1,412,0.9975786924939467
enzyme,D04092,8366,hsa:4129,P27338,-10.0172,106,7196,0.014730405780989438,105,0,105,1.0
enzyme,D04197,5790,hsa:7298,P04818,-6.6633,1799,7322,0.245697896749522,1798,0,1798,1.0
enzyme,D04292,9651,hsa:43,P22303,-7.136,2201,7464,0.29488210075026794,2200,0,2200,1.0
enzyme,D04983,876,hsa:4143,Q00266,-3.8599,4726,7411,0.6377007151531507,4725,2,4723,0.9995767195767196
enzyme,D04983,876,hsa:4548,Q99707,-4.4725,1364,7411,0.18405073539333422,1363,0,1363,1.0
enzyme,D04983,876,hsa:4552,Q9UBK8,-4.2509,2514,7411,0.3392254756443125,2513,1,2512,0.9996020692399522
enzyme,D05341,985,hsa:1558,P10632,-6.6864,146,7528,0.019394261424017,145,0,145,1.0
enzyme,D05341,985,hsa:5538,P50897,-4.9789,2877,7528,0.38217321997874604,2876,1,2875,0.9996522948539638
enzyme,D05353,4679,hsa:1557,P33261,-8.4187,465,7306,0.06364631809471667,464,1,463,0.9978448275862069
enzyme,D05353,4679,hsa:1559,P11712,-8.281,632,7306,0.08650424308787298,631,2,629,0.9968304278922345
enzyme,D05353,4679,hsa:1576,P08684,-8.574,349,7306,0.04776895702162606,348,0,348,1.0
enzyme,D05407,135398748,hsa:30,P09110,-5.7833,3428,7318,0.4684339983602077,3427,0,3427,1.0
enzyme,D05458,4771,hsa:4129,P27338,-6.3735,413,7573,0.05453585104978212,412,0,412,1.0
enzyme,D06238,5583,hsa:1719,P00374,-8.4859,462,7446,0.062046736502820304,461,0,461,1.0
gpcr,D00059,6047,hsa:1812,P21728,-6.883,576,7466,0.07714974551299224,575,1,574,0.9982608695652174
gpcr,D00059,6047,hsa:1813,P14416,-7.2769,169,7466,0.022635949638360568,168,0,168,1.0
gpcr,D00095,5816,hsa:153,P08588,-6.3894,689,7532,0.09147636749867233,688,1,687,0.998546511627907
gpcr,D00095,5816,hsa:154,P07550,-6.5466,420,7532,0.055762081784386616,419,0,419,1.0
gpcr,D00110,122142,hsa:1812,P21728,-7.2278,1639,7525,0.21780730897009967,1638,2,1636,0.9987789987789988
gpcr,D00110,122142,hsa:1814,P35462,-7.8257,646,7525,0.08584717607973422,645,0,645,1.0
gpcr,D00110,122142,hsa:4986,P41145,-7.728,788,7525,0.10471760797342193,787,1,786,0.9987293519695044
gpcr,D00113,174174,hsa:1128,P11229,-8.7431,77,7463,0.010317566662200187,76,1,75,0.9868421052631579
gpcr,D00113,174174,hsa:1129,P08172,-9.5836,3,7463,0.00040198311670909824,2,0,2,1.0
gpcr,D00113,174174,hsa:1131,P20309,-7.0238,2030,7463,0.2720085756398231,2029,4,2025,0.9980285855101035
gpcr,D00113,174174,hsa:1132,P08173,-8.6437,110,7463,0.014739380946000268,109,2,107,0.981651376146789
gpcr,D00113,174174,hsa:1133,P08912,-8.5806,133,7463,0.017821251507436686,132,3,129,0.9772727272727273
gpcr,D00136,3559,hsa:150,P08913,-9.1026,712,7303,0.0974941804737779,711,2,709,0.9971870604781997
gpcr,D00136,3559,hsa:151,P18089,-8.076,2037,7303,0.2789264685745584,2036,3,2033,0.9985265225933202
gpcr,D00136,3559,hsa:1813,P14416,-10.9739,17,7303,0.0023278104888402027,16,0,16,1.0
gpcr,D00136,3559,hsa:1814,P35462,-9.7243,294,7303,0.040257428454059975,293,1,292,0.9965870307167235
gpcr,D00139,4114,hsa:3577,P25024,-7.8731,314,7573,0.041463092565693915,313,0,313,1.0
gpcr,D00180,5280723,hsa:5732,P43116,-7.4824,385,7522,0.05118319595852167,384,0,384,1.0
gpcr,D00225,2118,hsa:3577,P25024,-8.2125,1660,7465,0.22237106496985934,1659,0,1659,1.0
gpcr,D00232,657201,hsa:1128,P11229,-1.2973,322,7611,0.04230718696623308,321,0,321,1.0
gpcr,D00232,657201,hsa:1129,P08172,-1.1812,1251,7611,0.16436736302719748,1250,2,1248,0.9984
gpcr,D00232,657201,hsa:1131,P20309,-1.201,1031,7611,0.1354618315595848,1030,1,1029,0.9990291262135922
gpcr,D00234,2247,hsa:11255,Q9Y5N1,-9.3616,941,7272,0.1294004400440044,940,0,940,1.0
gpcr,D00234,2247,hsa:3269,P35367,-8.5971,1903,7272,0.2616886688668867,1902,1,1901,0.9994742376445847
gpcr,D00235,2249,hsa:153,P08588,-7.7855,124,7461,0.01661975606487066,123,1,122,0.991869918699187
gpcr,D00235,2249,hsa:154,P07550,-7.8884,84,7461,0.011258544431041415,83,0,83,1.0
gpcr,D00241,2284,hsa:2550,Q9UBS5,-6.2219,1652,7407,0.2230322667746726,1651,0,1651,1.0
gpcr,D00255,2585,hsa:150,P08913,-8.5293,795,7445,0.10678307588985897,794,1,793,0.9987405541561712
gpcr,D00255,2585,hsa:151,P18089,-7.9688,1435,7445,0.19274680993955676,1434,3,1431,0.997907949790795
gpcr,D00255,2585,hsa:153,P08588,-10.1014,33,7445,0.004432505036937542,32,0,32,1.0
gpcr,D00255,2585,hsa:154,P07550,-8.2272,1091,7445,0.1465413028878442,1090,2,1088,0.998165137614679
gpcr,D00270,2726,hsa:150,P08913,-7.043,857,7465,0.11480241125251173,856,2,854,0.9976635514018691
gpcr,D00270,2726,hsa:151,P18089,-6.4741,1889,7465,0.25304755525787004,1888,3,1885,0.9984110169491526
gpcr,D00270,2726,hsa:1812,P21728,-6.2517,2456,7465,0.3290020093770931,2455,5,2450,0.9979633401221996
gpcr,D00270,2726,hsa:1813,P14416,-7.2675,572,7465,0.07662424648359009,571,0,571,1.0
gpcr,D00270,2726,hsa:1814,P35462,-6.4209,2013,7465,0.2696584058941728,2012,4,2008,0.9980119284294234
gpcr,D00270,2726,hsa:3356,P28223,-7.2188,623,7465,0.08345612860013396,622,1,621,0.9983922829581994
gpcr,D00274,2769,hsa:1128,P11229,-7.1018,2977,7271,0.40943474075092834,2976,2,2974,0.9993279569892473
gpcr,D00274,2769,hsa:1129,P08172,-7.3781,2339,7271,0.3216889011140146,2338,1,2337,0.9995722840034217
gpcr,D00274,2769,hsa:3360,Q13639,-8.9831,248,7271,0.034108100673910055,247,0,247,1.0
gpcr,D00281,2803,hsa:150,P08913,-6.1284,1438,7468,0.1925549009105517,1437,2,1435,0.9986082115518441
gpcr,D00281,2803,hsa:151,P18089,-7.069,89,7468,0.011917514729512586,88,0,88,1.0
gpcr,D00281,2803,hsa:152,P18825,-6.3552,884,7468,0.11837171933583289,883,1,882,0.9988674971687429
gpcr,D00283,135398737,hsa:1128,P11229,-8.0302,1328,7393,0.17962937914243204,1327,13,1314,0.9902034664657121
gpcr,D00283,135398737,hsa:1129,P08172,-8.9046,338,7393,0.04571892330582984,337,4,333,0.9881305637982196
gpcr,D00283,135398737,hsa:150,P08913,-8.243,978,7393,0.13228729879615853,977,11,966,0.9887410440122825
gpcr,D00283,135398737,hsa:151,P18089,-7.5715,2301,7393,0.31124036250507237,2300,18,2282,0.9921739130434782
gpcr,D00283,135398737,hsa:1812,P21728,-8.3206,884,7393,0.11957256864601651,883,10,873,0.9886749716874292
gpcr,D00283,135398737,hsa:1813,P14416,-8.5696,600,7393,0.08115785202218315,599,7,592,0.988313856427379
gpcr,D00283,135398737,hsa:1815,P21917,-9.1319,208,7393,0.028134722034356824,207,3,204,0.9855072463768116
gpcr,D00283,135398737,hsa:3269,P35367,-7.5577,2329,7393,0.31502772893277425,2328,19,2309,0.9918384879725086
gpcr,D00283,135398737,hsa:3350,P08908,-8.095,1226,7393,0.1658325442986609,1225,12,1213,0.990204081632653
gpcr,D00283,135398737,hsa:3351,P28222,-9.2333,177,7393,0.023941566346544027,176,1,175,0.9943181818181818
gpcr,D00283,135398737,hsa:3352,P28221,-7.612,2195,7393,0.29690247531448666,2194,17,2177,0.9922515952597994
gpcr,D00283,135398737,hsa:3354,P28566,-8.3902,804,7393,0.10875152170972542,803,9,794,0.9887920298879203
gpcr,D00283,135398737,hsa:3355,P30939,-9.1768,192,7393,0.02597051264709861,191,2,189,0.9895287958115183
gpcr,D00283,135398737,hsa:3356,P28223,-8.535,637,7393,0.08616258623021777,636,8,628,0.9874213836477987
gpcr,D00283,135398737,hsa:3357,P41595,-8.6256,547,7393,0.0739889084268903,546,6,540,0.989010989010989
gpcr,D00283,135398737,hsa:3358,P28335,-8.759,433,7393,0.0585689165426755,432,5,427,0.9884259259259259
gpcr,D00283,135398737,hsa:3360,Q13639,-9.9614,39,7393,0.0052752603814419045,38,0,38,1.0
gpcr,D00283,135398737,hsa:3361,P47898,-7.6591,2078,7393,0.28107669417016096,2077,16,2061,0.9922965816080885
gpcr,D00283,135398737,hsa:3362,P50406,-7.952,1469,7393,0.19870147436764507,1468,14,1454,0.9904632152588556
gpcr,D00283,135398737,hsa:3363,P34969,-7.7401,1902,7393,0.25727039091032056,1901,15,1886,0.9921094160967912
gpcr,D00295,2756,hsa:3274,P25021,-6.1826,1042,7466,0.13956603268148943,1041,0,1041,1.0
gpcr,D00300,3100,hsa:11255,Q9Y5N1,-7.6381,276,7530,0.036653386454183264,275,0,275,1.0
gpcr,D00300,3100,hsa:3269,P35367,-6.5585,1825,7530,0.24236387782204516,1824,1,1823,0.9994517543859649
gpcr,D00301,23724775,hsa:4988,P35372,-10.3647,345,7057,0.04888762930423693,344,0,344,1.0
gpcr,D00306,16078,hsa:1268,P21554,-11.1799,1,7523,0.00013292569453675395,0,0,0,0.0
gpcr,D00318,5702160,hsa:11255,Q9Y5N1,-7.4128,196,7020,0.02792022792022792,195,0,195,1.0
gpcr,D00318,5702160,hsa:3274,P25021,-5.9926,2378,7020,0.3387464387464387,2377,1,2376,0.9995793016407236
gpcr,D00332,3446,hsa:134,P30542,-5.3043,2829,7470,0.378714859437751,2828,1,2827,0.9996463932107497
gpcr,D00332,3446,hsa:150,P08913,-5.6005,1697,7470,0.22717536813922357,1696,0,1696,1.0
gpcr,D00364,3957,hsa:3269,P35367,-8.4059,1304,7383,0.1766219693891372,1303,0,1303,1.0
gpcr,D00380,5505,hsa:3577,P25024,-9.0748,2,7466,0.0002678810608090008,1,0,1,1.0
gpcr,D00394,5584,hsa:3577,P25024,-7.7648,811,7569,0.10714757563746863,810,0,810,1.0
gpcr,D00397,5593,hsa:1128,P11229,-6.5155,1957,7400,0.2644594594594595,1956,2,1954,0.9989775051124744
gpcr,D00397,5593,hsa:1129,P08172,-7.7993,183,7400,0.02472972972972973,182,1,181,0.9945054945054945
gpcr,D00397,5593,hsa:1132,P08173,-8.7085,13,7400,0.0017567567567567568,12,0,12,1.0
gpcr,D00400,60846,hsa:185,P30556,-9.7482,52,7274,0.0071487489689304375,51,0,51,1.0
gpcr,D00410,4174,hsa:3577,P25024,-7.706,356,7532,0.04726500265533723,355,0,355,1.0
gpcr,D00411,5717,hsa:10800,Q9Y271,-9.9034,1103,7333,0.15041592799672712,1102,1,1101,0.9990925589836661
gpcr,D00411,5717,hsa:1241,Q15722,-10.7025,378,7333,0.05154779762716487,377,0,377,1.0
gpcr,D00415,60857,hsa:3351,P28222,-8.9666,81,7463,0.010853544151145651,80,0,80,1.0
gpcr,D00415,60857,hsa:3352,P28221,-7.6111,1154,7463,0.15462950556076646,1153,1,1152,0.9991326973113617
gpcr,D00419,5282381,hsa:5732,P43116,-8.0667,95,7519,0.012634658864210667,94,0,94,1.0
gpcr,D00419,5282381,hsa:5733,P43115,-7.7456,222,7519,0.029525202819523873,221,1,220,0.995475113122172
gpcr,D00422,3001055,hsa:3274,P25021,-5.5341,2007,7398,0.2712895377128954,2006,0,2006,1.0
gpcr,D00426,5073,hsa:3356,P28223,-11.708,74,7377,0.010031177985631015,73,0,73,1.0
gpcr,D00432,39147,hsa:153,P08588,-8.9923,13,7455,0.001743796109993293,12,0,12,1.0
gpcr,D00432,39147,hsa:154,P07550,-7.7884,511,7455,0.06854460093896714,510,1,509,0.9980392156862745
gpcr,D00437,4485,hsa:150,P08913,-7.0242,532,7455,0.07136150234741784,531,0,531,1.0
gpcr,D00437,4485,hsa:151,P18089,-6.1198,2481,7455,0.3327967806841046,2480,3,2477,0.9987903225806452
gpcr,D00437,4485,hsa:153,P08588,-6.3253,1837,7455,0.24641180415828304,1836,2,1834,0.9989106753812637
gpcr,D00437,4485,hsa:154,P07550,-5.8655,3340,7455,0.44802146210596916,3339,4,3335,0.9988020365378856
gpcr,D00437,4485,hsa:3577,P25024,-6.3516,1775,7455,0.23809523809523808,1774,1,1773,0.9994363021420518
gpcr,D00440,3033637,hsa:3274,P25021,-5.328,1870,7297,0.25626969987666165,1869,0,1869,1.0
gpcr,D00443,5833,hsa:185,P30556,-9.273,405,7518,0.0538707102952913,404,0,404,1.0
gpcr,D00451,5358,hsa:3350,P08908,-6.9305,986,7398,0.13327926466612597,985,7,978,0.9928934010152284
gpcr,D00451,5358,hsa:3351,P28222,-7.7718,184,7398,0.024871586915382535,183,1,182,0.994535519125683
gpcr,D00451,5358,hsa:3352,P28221,-6.8991,1044,7398,0.1411192214111922,1043,8,1035,0.9923298178331735
gpcr,D00451,5358,hsa:3354,P28566,-7.1853,617,7398,0.08340091916734252,616,6,610,0.9902597402597403
gpcr,D00451,5358,hsa:3355,P30939,-7.5082,341,7398,0.046093538794268724,340,3,337,0.9911764705882353
gpcr,D00451,5358,hsa:3356,P28223,-7.6412,250,7398,0.033792917004595836,249,2,247,0.9919678714859438
gpcr,D00451,5358,hsa:3357,P41595,-7.3325,476,7398,0.06434171397675047,475,5,470,0.9894736842105263
gpcr,D00451,5358,hsa:3358,P28335,-7.4309,395,7398,0.05339280886726142,394,4,390,0.9898477157360406
gpcr,D00451,5358,hsa:3360,Q13639,-7.9199,122,7398,0.016490943498242767,121,0,121,1.0
gpcr,D00451,5358,hsa:3361,P47898,-6.0302,3162,7398,0.42741281427412814,3161,10,3151,0.9968364441632395
gpcr,D00451,5358,hsa:3362,P50406,-6.7687,1282,7398,0.17329007839956745,1281,9,1272,0.9929742388758782
gpcr,D00454,135398745,hsa:1128,P11229,-7.6959,1386,7394,0.1874492832025967,1385,9,1376,0.9935018050541516
gpcr,D00454,135398745,hsa:1129,P08172,-8.4542,430,7394,0.05815526102245064,429,1,428,0.9976689976689976
gpcr,D00454,135398745,hsa:1131,P20309,-6.409,4597,7394,0.6217203137679199,4596,16,4580,0.9965187119234117
gpcr,D00454,135398745,hsa:1132,P08173,-8.2333,601,7394,0.08128212063835542,600,2,598,0.9966666666666667
gpcr,D00454,135398745,hsa:1133,P08912,-7.9388,993,7394,0.13429807952393832,992,6,986,0.9939516129032258
gpcr,D00454,135398745,hsa:150,P08913,-7.6258,1513,7394,0.20462537192318095,1512,11,1501,0.9927248677248677
gpcr,D00454,135398745,hsa:151,P18089,-7.5433,1671,7394,0.22599404922910468,1670,13,1657,0.9922155688622755
gpcr,D00454,135398745,hsa:153,P08588,-8.0962,768,7394,0.10386800108195834,767,3,764,0.9960886571056062
gpcr,D00454,135398745,hsa:154,P07550,-7.3727,2023,7394,0.2736002163916689,2022,14,2008,0.9930761622156281
gpcr,D00454,135398745,hsa:1812,P21728,-8.0285,864,7394,0.11685150121720314,863,5,858,0.9942062572421785
gpcr,D00454,135398745,hsa:1813,P14416,-7.6147,1536,7394,0.2077360021639167,1535,12,1523,0.9921824104234528
gpcr,D00454,135398745,hsa:1814,P35462,-7.6302,1502,7394,0.20313767919935083,1501,10,1491,0.9933377748167888
gpcr,D00454,135398745,hsa:1815,P21917,-9.1676,106,7394,0.014335948065999459,105,0,105,1.0
gpcr,D00454,135398745,hsa:3269,P35367,-7.0217,2883,7394,0.3899107384365702,2882,15,2867,0.9947952810548231
gpcr,D00454,135398745,hsa:3356,P28223,-8.0605,822,7394,0.11117121990803354,821,4,817,0.9951278928136419
gpcr,D00454,135398745,hsa:3358,P28335,-7.8323,1155,7394,0.15620773600216392,1154,7,1147,0.9939341421143848
gpcr,D00454,135398745,hsa:3362,P50406,-7.7536,1278,7394,0.1728428455504463,1277,8,1269,0.9937353171495693
gpcr,D00465,4634,hsa:1128,P11229,-8.1944,204,7455,0.027364185110663984,203,1,202,0.9950738916256158
gpcr,D00465,4634,hsa:1129,P08172,-8.6634,65,7455,0.008718980549966466,64,0,64,1.0
gpcr,D00480,6014,hsa:3269,P35367,-6.3242,2787,6849,0.4069207183530442,2786,0,2786,1.0
gpcr,D00483,62882,hsa:153,P08588,-8.9805,339,7118,0.047625737566732225,338,0,338,1.0
gpcr,D00483,62882,hsa:154,P07550,-8.5364,708,7118,0.0994661421747682,707,1,706,0.9985855728429985
gpcr,D00493,4917,hsa:1812,P21728,-8.443,353,7462,0.04730635218440096,352,0,352,1.0
gpcr,D00493,4917,hsa:1813,P14416,-8.2243,504,7462,0.0675422138836773,503,2,501,0.9960238568588469
gpcr,D00493,4917,hsa:1814,P35462,-8.3285,421,7462,0.05641919056553203,420,1,419,0.9976190476190476
gpcr,D00493,4917,hsa:3269,P35367,-6.603,3383,7462,0.4533637094612704,3382,4,3378,0.9988172678888232
gpcr,D00493,4917,hsa:3356,P28223,-7.6797,1059,7462,0.1419190565532029,1058,3,1055,0.997164461247637
gpcr,D00494,4927,hsa:11255,Q9Y5N1,-6.969,1191,7526,0.15825139516343342,1190,4,1186,0.9966386554621849
gpcr,D00494,4927,hsa:1128,P11229,-6.7995,1505,7526,0.19997342545841085,1504,6,1498,0.9960106382978723
gpcr,D00494,4927,hsa:1129,P08172,-8.6,25,7526,0.0033218176986446984,24,0,24,1.0
gpcr,D00494,4927,hsa:1131,P20309,-6.4093,2430,7526,0.32288068030826467,2429,7,2422,0.9971181556195965
gpcr,D00494,4927,hsa:1132,P08173,-7.6336,431,7526,0.0572681371246346,430,2,428,0.9953488372093023
gpcr,D00494,4927,hsa:1133,P08912,-8.5002,45,7526,0.005979271857560457,44,1,43,0.9772727272727273
gpcr,D00494,4927,hsa:1813,P14416,-6.9428,1235,7526,0.1640977943130481,1234,5,1229,0.9959481361426256
gpcr,D00494,4927,hsa:3269,P35367,-6.3066,2682,7526,0.3563646027106032,2681,8,2673,0.9970160387914957
gpcr,D00494,4927,hsa:3356,P28223,-7.5078,541,7526,0.07188413499867127,540,3,537,0.9944444444444445
gpcr,D00498,441278,hsa:4988,P35372,-8.6449,327,7524,0.04346092503987241,326,0,326,1.0
gpcr,D00503,4748,hsa:1812,P21728,-8.0029,664,7379,0.0899850928310069,663,2,661,0.9969834087481146
gpcr,D00503,4748,hsa:1813,P14416,-8.1348,536,7379,0.07263856891177667,535,0,535,1.0
gpcr,D00503,4748,hsa:1814,P35462,-8.0325,633,7379,0.08578398156931834,632,1,631,0.9984177215189873
gpcr,D00509,91430,hsa:150,P08913,-9.2902,1444,6365,0.22686567164179106,1443,2,1441,0.9986139986139986
gpcr,D00509,91430,hsa:151,P18089,-9.7251,853,6365,0.13401413982717988,852,0,852,1.0
gpcr,D00509,91430,hsa:152,P18825,-9.7048,875,6365,0.13747054202670855,874,1,873,0.9988558352402745
gpcr,D00513,4828,hsa:150,P08913,-7.3903,356,7466,0.04768282882400214,355,3,352,0.9915492957746479
gpcr,D00513,4828,hsa:151,P18089,-7.6811,160,7466,0.021430484864720063,159,1,158,0.9937106918238994
gpcr,D00513,4828,hsa:153,P08588,-8.0935,36,7466,0.004821859094562015,35,0,35,1.0
gpcr,D00513,4828,hsa:154,P07550,-7.3389,404,7466,0.054111974283418164,403,4,399,0.9900744416873449
gpcr,D00513,4828,hsa:3350,P08908,-6.6198,1663,7466,0.22274310206268416,1662,12,1650,0.9927797833935018
gpcr,D00513,4828,hsa:3351,P28222,-7.0016,876,7466,0.11733190463434236,875,7,868,0.992
gpcr,D00513,4828,hsa:3352,P28221,-7.045,803,7466,0.10755424591481383,802,6,796,0.9925187032418953
gpcr,D00513,4828,hsa:3354,P28566,-6.9693,941,7466,0.12603803911063488,940,9,931,0.9904255319148936
gpcr,D00513,4828,hsa:3355,P30939,-6.8487,1185,7466,0.15871952852933296,1184,11,1173,0.9907094594594594
gpcr,D00513,4828,hsa:3356,P28223,-7.1767,607,7466,0.08130190195553175,606,5,601,0.9917491749174917
gpcr,D00513,4828,hsa:3357,P41595,-7.5557,221,7466,0.029600857219394587,220,2,218,0.990909090909091
gpcr,D00513,4828,hsa:3358,P28335,-6.9913,891,7466,0.11934101259040986,890,8,882,0.9910112359550561
gpcr,D00513,4828,hsa:3360,Q13639,-6.8959,1095,7466,0.14666488079292794,1094,10,1084,0.9908592321755028
gpcr,D00513,4828,hsa:3361,P47898,-6.4617,2066,7466,0.27672113581569785,2065,14,2051,0.9932203389830508
gpcr,D00513,4828,hsa:3362,P50406,-6.5492,1824,7466,0.24430752745780873,1823,13,1810,0.9928688974218322
gpcr,D00514,5311068,hsa:150,P08913,-8.3776,128,7533,0.016991902296561796,127,0,127,1.0
gpcr,D00520,10660,hsa:3269,P35367,-9.5642,3539,7272,0.48666116611661164,3538,0,3538,1.0
gpcr,D00521,5405,hsa:3269,P35367,-8.9211,1234,7506,0.16440181188382627,1233,0,1233,1.0
gpcr,D00522,2541,hsa:185,P30556,-10.217,118,7272,0.016226622662266228,117,0,117,1.0
gpcr,D00523,3749,hsa:185,P30556,-9.9925,224,7372,0.030385241454150842,223,0,223,1.0
gpcr,D00524,5831,hsa:1128,P11229,-1.2128,1226,7614,0.16101917520357237,1225,0,1225,1.0
gpcr,D00524,5831,hsa:1129,P08172,-1.1531,2287,7614,0.300367743630155,2286,1,2285,0.9995625546806649
gpcr,D00525,5910,hsa:1128,P11229,-6.4546,599,7470,0.08018741633199465,598,0,598,1.0
gpcr,D00528,2519,hsa:134,P30542,-5.3213,3205,7535,0.42534837425348376,3204,4,3200,0.9987515605493134
gpcr,D00528,2519,hsa:135,P29274,-6.0048,1177,7535,0.1562043795620438,1176,3,1173,0.9974489795918368
gpcr,D00528,2519,hsa:3577,P25024,-6.1165,899,7535,0.11930988719309887,898,1,897,0.9988864142538976
gpcr,D00528,2519,hsa:5028,P47900,-6.4203,417,7535,0.05534173855341738,416,0,416,1.0
gpcr,D00528,2519,hsa:64805,Q9H244,-6.0159,1151,7535,0.15275381552753817,1150,2,1148,0.9982608695652174
gpcr,D00540,11693,hsa:1128,P11229,-1.2973,323,7564,0.04270227392913802,322,0,322,1.0
gpcr,D00540,11693,hsa:1129,P08172,-1.1812,1243,7564,0.16433104177683766,1242,1,1241,0.999194847020934
gpcr,D00542,3562,hsa:3577,P25024,-5.0203,101,7536,0.013402335456475584,100,0,100,1.0
gpcr,D00560,16362,hsa:1812,P21728,-10.7937,353,7366,0.047922888949226174,352,1,351,0.9971590909090909
gpcr,D00560,16362,hsa:1813,P14416,-11.4761,141,7366,0.01914200380124898,140,0,140,1.0
gpcr,D00560,16362,hsa:1814,P35462,-10.5325,513,7366,0.06964431170241651,512,2,510,0.99609375
gpcr,D00560,16362,hsa:4985,P41143,-10.3099,669,7366,0.09082269888677709,668,3,665,0.9955089820359282
gpcr,D00563,4205,hsa:150,P08913,-8.0016,1467,7526,0.1949242625564709,1466,1,1465,0.9993178717598908
gpcr,D00563,4205,hsa:151,P18089,-7.3003,3125,7526,0.4152272123305873,3124,3,3121,0.9990396927016645
gpcr,D00563,4205,hsa:3356,P28223,-8.2891,998,7526,0.13260696252989637,997,0,997,1.0
gpcr,D00563,4205,hsa:3358,P28335,-7.8868,1715,7526,0.2278766941270263,1714,2,1712,0.9988331388564761
gpcr,D00574,2145,hsa:3577,P25024,-8.3276,77,7527,0.010229839245383288,76,0,76,1.0
gpcr,D00598,107952,hsa:153,P08588,-7.6242,208,7463,0.027870829425164143,207,1,206,0.9951690821256038
gpcr,D00598,107952,hsa:154,P07550,-8.5435,13,7463,0.001741926839072759,12,0,12,1.0
gpcr,D00604,20179,hsa:150,P08913,-6.1275,1299,7469,0.17391886464051412,1298,2,1296,0.9984591679506933
gpcr,D00604,20179,hsa:151,P18089,-6.9902,90,7469,0.012049805864238854,89,0,89,1.0
gpcr,D00604,20179,hsa:152,P18825,-6.38,713,7469,0.0954612397911367,712,1,711,0.9985955056179775
gpcr,D00609,68546,hsa:150,P08913,-8.5138,277,6837,0.040514845692555215,276,0,276,1.0
gpcr,D00609,68546,hsa:151,P18089,-7.3285,1852,6837,0.2708790405148457,1851,2,1849,0.9989195029713668
gpcr,D00609,68546,hsa:152,P18825,-8.1473,583,6837,0.08527131782945736,582,1,581,0.9982817869415808
gpcr,D00627,65999,hsa:185,P30556,-10.8755,205,7342,0.027921547262326343,204,0,204,1.0
gpcr,D00632,65324,hsa:153,P08588,-9.0132,176,7521,0.023401143464964764,175,1,174,0.9942857142857143
gpcr,D00632,65324,hsa:154,P07550,-9.1061,126,7521,0.016753091344236137,125,0,125,1.0
gpcr,D00645,6100,hsa:153,P08588,-9.0541,799,7392,0.10808982683982683,798,1,797,0.9987468671679198
gpcr,D00645,6100,hsa:154,P07550,-10.1388,111,7392,0.015016233766233766,110,0,110,1.0
gpcr,D00646,443879,hsa:1128,P11229,-6.8277,2359,7521,0.3136550990559766,2358,1,2357,0.9995759117896522
gpcr,D00646,443879,hsa:1129,P08172,-7.1741,1596,7521,0.21220582369365776,1595,0,1595,1.0
gpcr,D00665,5281068,hsa:3269,P35367,-8.1398,3674,7295,0.5036326250856751,3673,0,3673,1.0
gpcr,D00666,23724780,hsa:3269,P35367,-9.0862,2467,7372,0.3346446011937059,2466,0,2466,1.0
gpcr,D00673,3033332,hsa:3274,P25021,-5.8255,1844,7228,0.25511898173768677,1843,0,1843,1.0
gpcr,D00674,60875,hsa:3355,P30939,-8.7322,428,7221,0.059271569034759726,427,0,427,1.0
gpcr,D00676,59772,hsa:3351,P28222,-9.8196,129,7280,0.01771978021978022,128,0,128,1.0
gpcr,D00676,59772,hsa:3352,P28221,-7.8049,2523,7280,0.34656593406593406,2522,2,2520,0.9992069785884219
gpcr,D00676,59772,hsa:3355,P30939,-9.5924,190,7280,0.0260989010989011,189,1,188,0.9947089947089947
gpcr,D00684,35329,hsa:154,P07550,-7.8746,4802,7335,0.6546693933197001,4801,0,4801,1.0
gpcr,D00726,4168,hsa:1128,P11229,-5.5658,2894,7397,0.3912396917669325,2893,13,2880,0.9955063947459385
gpcr,D00726,4168,hsa:1813,P14416,-6.6721,479,7397,0.06475598215492767,478,2,476,0.99581589958159
gpcr,D00726,4168,hsa:1814,P35462,-5.8985,1941,7397,0.2624036771664188,1940,10,1930,0.9948453608247423
gpcr,D00726,4168,hsa:3350,P08908,-5.6629,2597,7397,0.35108827903204004,2596,11,2585,0.9957627118644068
gpcr,D00726,4168,hsa:3351,P28222,-6.5684,603,7397,0.08151953494659997,602,6,596,0.9900332225913622
gpcr,D00726,4168,hsa:3352,P28221,-6.2193,1224,7397,0.1654724888468298,1223,8,1215,0.9934587080948487
gpcr,D00726,4168,hsa:3354,P28566,-6.6371,531,7397,0.07178585913208058,530,3,527,0.9943396226415094
gpcr,D00726,4168,hsa:3355,P30939,-6.3046,1042,7397,0.14086791942679464,1041,7,1034,0.9932756964457252
gpcr,D00726,4168,hsa:3356,P28223,-6.8976,259,7397,0.035014194943896175,258,0,258,1.0
gpcr,D00726,4168,hsa:3357,P41595,-6.574,601,7397,0.08124915506286333,600,5,595,0.9916666666666667
gpcr,D00726,4168,hsa:3358,P28335,-6.579,597,7397,0.08070839529539002,596,4,592,0.9932885906040269
gpcr,D00726,4168,hsa:3360,Q13639,-6.7067,440,7397,0.059483574422063,439,1,438,0.9977220956719818
gpcr,D00726,4168,hsa:3361,P47898,-6.1292,1404,7397,0.18980667838312829,1403,9,1394,0.9935851746258019
gpcr,D00726,4168,hsa:3362,P50406,-5.6568,2614,7397,0.35338650804380156,2613,12,2601,0.9954075774971297
gpcr,D00765,441351,hsa:1129,P08172,-1.1812,1253,7613,0.1645868908446079,1252,0,1252,1.0
gpcr,D00769,115366,hsa:64805,Q9H244,-7.2004,2233,7302,0.30580662832100797,2232,0,2232,1.0
gpcr,D00775,5070,hsa:2911,Q13255,-6.7969,1319,7331,0.17992088391761016,1318,1,1317,0.9992412746585736
gpcr,D00775,5070,hsa:2912,Q14416,-6.3437,2490,7331,0.3396535261219479,2489,3,2486,0.9987946966653274
gpcr,D00775,5070,hsa:2913,Q14832,-7.0268,844,7331,0.11512754058109398,843,0,843,1.0
gpcr,D00775,5070,hsa:2915,P41594,-6.2913,2626,7331,0.358204883371982,2625,4,2621,0.9984761904761905
gpcr,D00775,5070,hsa:2918,O00222,-6.7343,1475,7331,0.2012003819397081,1474,2,1472,0.9986431478968792
gpcr,D00779,2381,hsa:1128,P11229,-8.9718,174,7523,0.023129070849395188,173,1,172,0.9942196531791907
gpcr,D00779,2381,hsa:1129,P08172,-9.9545,13,7523,0.0017280340289778013,12,0,12,1.0
gpcr,D00780,31100,hsa:1813,P14416,-11.0334,197,7081,0.027820929247281457,196,0,196,1.0
gpcr,D00790,667467,hsa:1812,P21728,-7.7392,833,7466,0.11157246182694884,832,1,831,0.9987980769230769
gpcr,D00790,667467,hsa:1813,P14416,-7.9574,592,7466,0.07929279399946423,591,0,591,1.0
gpcr,D00838,3033053,hsa:4986,P41145,-9.1544,26,7525,0.0034551495016611295,25,0,25,1.0
gpcr,D00838,3033053,hsa:4988,P35372,-7.7564,735,7525,0.09767441860465116,734,1,733,0.9986376021798365
gpcr,D00845,65494,hsa:4988,P35372,-10.6473,495,7326,0.06756756756756757,494,0,494,1.0
gpcr,D00987,54746,hsa:1813,P14416,-8.3608,582,7440,0.07822580645161291,581,0,581,1.0
gpcr,D00996,441411,hsa:151,P18089,-7.3152,81,7198,0.01125312586829675,80,0,80,1.0
gpcr,D00996,441411,hsa:153,P08588,-6.8435,447,7198,0.06210058349541539,446,2,444,0.9955156950672646
gpcr,D00996,441411,hsa:154,P07550,-6.9384,327,7198,0.04542928591275354,326,1,325,0.9969325153374233
gpcr,D01022,66259,hsa:150,P08913,-6.8921,1454,7393,0.19667252806709049,1453,1,1452,0.9993117687543015
gpcr,D01022,66259,hsa:151,P18089,-6.6499,2040,7393,0.2759366968754227,2039,2,2037,0.9990191270230505
gpcr,D01022,66259,hsa:152,P18825,-7.3832,623,7393,0.08426890301636683,622,0,622,1.0
gpcr,D01051,5265,hsa:3350,P08908,-8.8879,1312,7376,0.17787418655097614,1311,2,1309,0.9984744469870328
gpcr,D01051,5265,hsa:3356,P28223,-10.5858,119,7376,0.016133405639913233,118,0,118,1.0
gpcr,D01051,5265,hsa:3363,P34969,-9.0294,1136,7376,0.1540130151843818,1135,1,1134,0.9991189427312775
gpcr,D01071,3608,hsa:3577,P25024,-7.2014,1062,7466,0.14224484328957943,1061,0,1061,1.0
gpcr,D01103,107979,hsa:1128,P11229,-1.2134,1224,7609,0.1608621369430937,1223,0,1223,1.0
gpcr,D01118,122824,hsa:1128,P11229,-6.9398,1080,7221,0.14956377233070212,1079,0,1079,1.0
gpcr,D01164,60795,hsa:1813,P14416,-9.8461,272,7376,0.0368763557483731,271,1,270,0.996309963099631
gpcr,D01164,60795,hsa:1814,P35462,-9.3078,577,7376,0.07822668112798264,576,4,572,0.9930555555555556
gpcr,D01164,60795,hsa:3350,P08908,-7.9953,2191,7376,0.29704446854663774,2190,5,2185,0.997716894977169
gpcr,D01164,60795,hsa:3356,P28223,-9.7679,304,7376,0.04121475054229935,303,2,301,0.9933993399339934
gpcr,D01164,60795,hsa:3357,P41595,-9.852,270,7376,0.036605206073752714,269,0,269,1.0
gpcr,D01164,60795,hsa:3358,P28335,-9.3539,545,7376,0.0738882863340564,544,3,541,0.9944852941176471
gpcr,D01227,27522,hsa:1910,P24530,-7.6228,620,7516,0.08249068653539117,619,0,619,1.0
gpcr,D01236,28620,hsa:552,P37288,4.2522,7238,7267,0.996009357368928,7237,1,7236,0.9998618211966285
gpcr,D01236,28620,hsa:554,P30518,-8.0291,3778,7267,0.5198844089720654,3777,0,3777,1.0
gpcr,D01269,443939,hsa:1128,P11229,-9.634,573,6505,0.08808608762490391,572,0,572,1.0
gpcr,D01297,4066,hsa:1128,P11229,-8.5074,600,7523,0.07975541672205237,599,0,599,1.0
gpcr,D01324,5468,hsa:3269,P35367,-6.7518,3022,7466,0.4047682828824002,3021,0,3021,1.0
gpcr,D01332,2329,hsa:3269,P35367,-8.7737,1650,7441,0.22174438919500067,1649,0,1649,1.0
gpcr,D01386,443958,hsa:154,P07550,-7.9729,3637,7436,0.4891070467993545,3636,0,3636,1.0
gpcr,D01390,2176,hsa:153,P08588,-7.203,1944,7278,0.2671063478977741,1943,0,1943,1.0
gpcr,D01390,2176,hsa:154,P07550,-6.7554,3031,7278,0.41646056608958504,3030,1,3029,0.9996699669966996
gpcr,D01454,5282421,hsa:153,P08588,-9.8047,761,7353,0.1034951720386237,760,0,760,1.0
gpcr,D01454,5282421,hsa:154,P07550,-8.4656,3015,7353,0.41003671970624234,3014,1,3013,0.9996682149966821
gpcr,D01462,3395,hsa:1813,P14416,-9.5967,130,7521,0.01728493551389443,129,0,129,1.0
gpcr,D01603,65889,hsa:150,P08913,-9.0126,1146,7285,0.1573095401509952,1145,1,1144,0.9991266375545852
gpcr,D01603,65889,hsa:151,P18089,-8.862,1361,7285,0.1868222374742622,1360,2,1358,0.9985294117647059
gpcr,D01603,65889,hsa:152,P18825,-9.7265,430,7285,0.059025394646533974,429,0,429,1.0
gpcr,D01699,151170,hsa:1131,P20309,-7.7095,1674,7458,0.2244569589702333,1673,0,1673,1.0
gpcr,D01712,157313,hsa:134,P30542,-8.8043,830,7164,0.11585706309324399,829,1,828,0.9987937273823885
gpcr,D01712,157313,hsa:135,P29274,-9.9976,102,7164,0.01423785594639866,101,0,101,1.0
gpcr,D01717,54384,hsa:3269,P35367,-8.2954,2252,7277,0.3094681874398791,2251,0,2251,1.0
gpcr,D01745,3151,hsa:1813,P14416,-10.4906,278,7375,0.037694915254237286,277,0,277,1.0
gpcr,D01782,5284472,hsa:3269,P35367,-7.2888,2572,7462,0.34467971053336904,2571,0,2571,1.0
gpcr,D01828,2161,hsa:10800,Q9Y271,-9.2859,402,7388,0.05441256090958311,401,0,401,1.0
gpcr,D01871,71177,hsa:1128,P11229,-9.2131,365,6458,0.056519046144317124,364,2,362,0.9945054945054945
gpcr,D01871,71177,hsa:1129,P08172,-8.9608,543,6458,0.08408175905853206,542,3,539,0.9944649446494465
gpcr,D01871,71177,hsa:1131,P20309,-8.4794,1058,6458,0.16382781046763703,1057,4,1053,0.9962157048249763
gpcr,D01871,71177,hsa:1132,P08173,-9.2308,354,6458,0.05481573242489935,353,1,352,0.9971671388101983
gpcr,D01871,71177,hsa:1133,P08912,-10.0075,76,6458,0.011768349334159182,75,0,75,1.0
gpcr,D01891,5311225,hsa:5733,P43115,-8.4102,212,7514,0.028214000532339634,211,0,211,1.0
gpcr,D01973,656631,hsa:3350,P08908,-9.6323,367,6748,0.0543864848844102,366,3,363,0.9918032786885246
gpcr,D01973,656631,hsa:3351,P28222,-9.5903,391,6748,0.057943094250148194,390,4,386,0.9897435897435898
gpcr,D01973,656631,hsa:3352,P28221,-8.9038,870,6748,0.12892708950800238,869,5,864,0.9942462600690449
gpcr,D01973,656631,hsa:3354,P28566,-9.7688,309,6748,0.0457913455838767,308,2,306,0.9935064935064936
gpcr,D01973,656631,hsa:3355,P30939,-10.3818,108,6748,0.016004742145820983,107,1,106,0.9906542056074766
gpcr,D01973,656631,hsa:3357,P41595,-10.4359,100,6748,0.014819205690574985,99,0,99,1.0
gpcr,D01973,656631,hsa:3363,P34969,-8.8976,872,6748,0.12922347362181388,871,6,865,0.9931113662456946
gpcr,D02007,5282469,hsa:7201,P34981,-9.5673,716,7193,0.09954122063116919,715,0,715,1.0
gpcr,D02070,10429215,hsa:1128,P11229,-1.2973,324,7614,0.0425531914893617,323,0,323,1.0
gpcr,D02070,10429215,hsa:1129,P08172,-1.1812,1248,7614,0.16390858944050432,1247,2,1245,0.9983961507618284
gpcr,D02070,10429215,hsa:1131,P20309,-1.201,1033,7614,0.13567113212503285,1032,1,1031,0.999031007751938
gpcr,D02070,10429215,hsa:1132,P08173,-1.0827,2778,7614,0.36485421591804573,2777,4,2773,0.9985595966870724
gpcr,D02070,10429215,hsa:1133,P08912,-1.0993,2451,7614,0.3219070133963751,2450,3,2447,0.9987755102040816
gpcr,D02076,54405,hsa:150,P08913,-10.147,175,7276,0.024051676745464542,174,0,174,1.0
gpcr,D02076,54405,hsa:151,P18089,-8.5792,2021,7276,0.2777625068719076,2020,1,2019,0.9995049504950495
gpcr,D02076,54405,hsa:152,P18825,-8.4631,2268,7276,0.3117097306212204,2267,2,2265,0.9991177767975298
gpcr,D02082,5282474,hsa:185,P30556,-9.9144,109,6756,0.016133806986382476,108,0,108,1.0
gpcr,D02147,2083,hsa:154,P07550,-7.604,94,7525,0.012491694352159468,93,0,93,1.0
gpcr,D02149,5815,hsa:150,P08913,-7.7868,1214,7218,0.16819063452479913,1213,3,1210,0.9975267930750206
gpcr,D02149,5815,hsa:151,P18089,-7.0341,3058,7218,0.42366306456082015,3057,4,3053,0.9986915276414786
gpcr,D02149,5815,hsa:152,P18825,-8.0402,786,7218,0.10889443059019119,785,2,783,0.9974522292993631
gpcr,D02149,5815,hsa:153,P08588,-8.1755,611,7218,0.08464948739262954,610,1,609,0.9983606557377049
gpcr,D02149,5815,hsa:154,P07550,-8.2071,579,7218,0.08021612635078969,578,0,578,1.0
gpcr,D02150,656783,hsa:153,P08588,-7.211,195,7464,0.02612540192926045,194,0,194,1.0
gpcr,D02150,656783,hsa:154,P07550,-6.6764,885,7464,0.11856913183279742,884,1,883,0.998868778280543
gpcr,D02327,11224,hsa:1128,P11229,-7.2833,2544,7375,0.3449491525423729,2543,0,2543,1.0
gpcr,D02327,11224,hsa:3269,P35367,-7.2002,2767,7375,0.3751864406779661,2766,1,2765,0.9996384671005062
gpcr,D02338,1978,hsa:153,P08588,-8.341,38,7452,0.005099302200751476,37,0,37,1.0
gpcr,D02338,1978,hsa:154,P07550,-7.737,313,7452,0.04200214707461084,312,1,311,0.9967948717948718
gpcr,D02340,3964,hsa:1813,P14416,-8.6237,519,7397,0.07016357982966068,518,1,517,0.9980694980694981
gpcr,D02340,3964,hsa:1814,P35462,-7.8189,1592,7397,0.2152223874543734,1591,2,1589,0.9987429289754871
gpcr,D02340,3964,hsa:3356,P28223,-10.7321,3,7397,0.000405569825604975,2,0,2,1.0
gpcr,D02342,2405,hsa:153,P08588,-7.7351,54,7462,0.007236665773251139,53,0,53,1.0
gpcr,D02342,2405,hsa:154,P07550,-6.6093,999,7462,0.13387831680514609,998,1,997,0.998997995991984
gpcr,D02349,3105,hsa:150,P08913,-7.187,830,7455,0.11133467471495641,829,0,829,1.0
gpcr,D02354,5440,hsa:1128,P11229,-7.1945,1651,7522,0.21948949747407603,1650,8,1642,0.9951515151515151
gpcr,D02354,5440,hsa:1129,P08172,-7.4972,1148,7522,0.1526189843126828,1147,7,1140,0.993897122929381
gpcr,D02354,5440,hsa:1131,P20309,-7.1163,1817,7522,0.24155809625099708,1816,9,1807,0.9950440528634361
gpcr,D02354,5440,hsa:1132,P08173,-8.3005,293,7522,0.03895240627492688,292,1,291,0.9965753424657534
gpcr,D02354,5440,hsa:1133,P08912,-7.9697,541,7522,0.0719223610741824,540,3,537,0.9944444444444445
gpcr,D02354,5440,hsa:1812,P21728,-7.8994,620,7522,0.0824248869981388,619,5,614,0.9919224555735057
gpcr,D02354,5440,hsa:1813,P14416,-7.9465,565,7522,0.07511300186120713,564,4,560,0.9929078014184397
gpcr,D02354,5440,hsa:1815,P21917,-8.9488,53,7522,0.007045998404679606,52,0,52,1.0
gpcr,D02354,5440,hsa:3269,P35367,-6.5851,3091,7522,0.4109279446955597,3090,10,3080,0.9967637540453075
gpcr,D02354,5440,hsa:3356,P28223,-7.8225,710,7522,0.09438978994948152,709,6,703,0.9915373765867419
gpcr,D02354,5440,hsa:3358,P28335,-8.2217,349,7522,0.04639723477798458,348,2,346,0.9942528735632183
gpcr,D02356,2520,hsa:1128,P11229,-6.4008,2705,7445,0.3633310946944258,2704,3,2701,0.9988905325443787
gpcr,D02356,2520,hsa:1129,P08172,-7.1657,1067,7445,0.14331766286098052,1066,0,1066,1.0
gpcr,D02356,2520,hsa:150,P08913,-6.9827,1379,7445,0.1852249832102082,1378,1,1377,0.9992743105950653
gpcr,D02356,2520,hsa:151,P18089,-6.665,2034,7445,0.27320349227669577,2033,2,2031,0.9990162321692081
gpcr,D02357,9681,hsa:3356,P28223,-8.4658,905,7379,0.12264534489768261,904,0,904,1.0
gpcr,D02358,4171,hsa:153,P08588,-6.9607,392,7466,0.05250468791856416,391,0,391,1.0
gpcr,D02359,33572,hsa:154,P07550,-8.7683,145,7523,0.019274225707829322,144,0,144,1.0
gpcr,D02361,4940,hsa:1128,P11229,-6.9746,1890,7463,0.2532493635267319,1889,7,1882,0.9962943356273161
gpcr,D02361,4940,hsa:1129,P08172,-8.6225,123,7463,0.016481307785073028,122,1,121,0.9918032786885246
gpcr,D02361,4940,hsa:1131,P20309,-6.6798,2574,7463,0.3449015141364063,2573,8,2565,0.9968907889623008
gpcr,D02361,4940,hsa:1132,P08173,-8.4696,186,7463,0.02492295323596409,185,2,183,0.9891891891891892
gpcr,D02361,4940,hsa:1133,P08912,-8.393,210,7463,0.028138818169636877,209,3,206,0.9856459330143541
gpcr,D02361,4940,hsa:1812,P21728,-7.7801,626,7463,0.08388047701996516,625,6,619,0.9904
gpcr,D02361,4940,hsa:1813,P14416,-8.6453,119,7463,0.015945330296127564,118,0,118,1.0
gpcr,D02361,4940,hsa:1815,P21917,-8.2301,282,7463,0.037786412970655235,281,4,277,0.9857651245551602
gpcr,D02361,4940,hsa:3269,P35367,-6.3345,3514,7463,0.4708562240385904,3513,10,3503,0.9971534301167093
gpcr,D02361,4940,hsa:3356,P28223,-6.5945,2786,7463,0.37330832105051587,2785,9,2776,0.9967684021543985
gpcr,D02361,4940,hsa:3358,P28335,-7.7967,608,7463,0.08146857831971058,607,5,602,0.9917627677100495
gpcr,D02374,31477,hsa:153,P08588,-8.2439,37,7463,0.004957791772745545,36,0,36,1.0
gpcr,D02374,31477,hsa:154,P07550,-7.9588,109,7463,0.014605386573763902,108,1,107,0.9907407407407407
gpcr,D02566,4011,hsa:11255,Q9Y5N1,-7.1127,2945,7572,0.38893291072371894,2944,0,2944,1.0
gpcr,D02566,4011,hsa:3269,P35367,-7.0052,3260,7572,0.43053354463814053,3259,1,3258,0.9996931574102486
gpcr,D02578,82148,hsa:3358,P28335,-8.1835,532,7529,0.07066011422499668,531,1,530,0.9981167608286252
gpcr,D02578,82148,hsa:4543,P48039,-8.2333,485,7529,0.0644175853366981,484,0,484,1.0
gpcr,D02588,6917793,hsa:7201,P34981,-8.5525,464,7276,0.06377130291368883,463,0,463,1.0
gpcr,D02614,5311064,hsa:153,P08588,-8.7208,86,7458,0.011531241619737195,85,0,85,1.0
gpcr,D02671,4078,hsa:1812,P21728,-8.4355,613,7457,0.08220463993563096,612,1,611,0.9983660130718954
gpcr,D02671,4078,hsa:1813,P14416,-9.0328,201,7457,0.02695453935899155,200,0,200,1.0
gpcr,D02671,4078,hsa:1814,P35462,-8.1747,899,7457,0.12055786509320102,898,2,896,0.9977728285077951
gpcr,D02671,4078,hsa:3356,P28223,-7.0867,2921,7457,0.3917124849135041,2920,3,2917,0.998972602739726
gpcr,D02725,5312153,hsa:5733,P43115,-8.0578,1116,7363,0.1515686540812169,1115,0,1115,1.0
gpcr,D02884,21850,hsa:134,P30542,-7.9036,2376,7319,0.32463451291159995,2375,1,2374,0.999578947368421
gpcr,D02884,21850,hsa:135,P29274,-8.301,1486,7319,0.20303320125700233,1485,0,1485,1.0
gpcr,D02910,2157,hsa:153,P08588,-7.5723,627,7446,0.08420628525382756,626,0,626,1.0
gpcr,D03165,31101,hsa:1813,P14416,-10.3919,336,7217,0.04655674102812803,335,0,335,1.0
gpcr,D03187,5311035,hsa:5732,P43116,-8.2469,130,7515,0.017298735861610112,129,0,129,1.0
gpcr,D03210,9869929,hsa:1234,P51681,-7.9901,2059,7174,0.28700864231948703,2058,0,2058,1.0
gpcr,D03415,3033824,hsa:153,P08588,-6.3829,2063,7433,0.2775460782994753,2062,1,2061,0.9995150339476236
gpcr,D03415,3033824,hsa:154,P07550,-7.0075,615,7433,0.0827391362841383,614,0,614,1.0
gpcr,D03442,66383,hsa:886,P32238,-10.6031,223,7339,0.03038561111868102,222,1,221,0.9954954954954955
gpcr,D03442,66383,hsa:887,P32239,-10.8649,144,7339,0.019621201798610165,143,0,143,1.0
gpcr,D03490,50963,hsa:153,P08588,-6.8058,782,7400,0.10567567567567568,781,1,780,0.998719590268886
gpcr,D03490,50963,hsa:154,P07550,-7.4107,161,7400,0.021756756756756757,160,0,160,1.0
gpcr,D03621,54343,hsa:1128,P11229,-6.6883,3094,7310,0.4232558139534884,3093,2,3091,0.9993533785968316
gpcr,D03621,54343,hsa:1129,P08172,-8.8884,280,7310,0.038303693570451436,279,0,279,1.0
gpcr,D03621,54343,hsa:1131,P20309,-7.8208,1211,7310,0.16566347469220247,1210,1,1209,0.9991735537190083
gpcr,D03621,54343,hsa:3269,P35367,-6.2729,3924,7310,0.5367989056087551,3923,3,3920,0.99923527912312
gpcr,D03654,2973,hsa:1131,P20309,-5.5277,4656,7310,0.6369357045143639,4655,0,4655,1.0
gpcr,D03858,3055,hsa:1128,P11229,-8.1242,738,7523,0.09809916256812441,737,1,736,0.9986431478968792
gpcr,D03858,3055,hsa:1129,P08172,-8.6335,339,7523,0.045061810447959594,338,0,338,1.0
gpcr,D03858,3055,hsa:1131,P20309,-8.1004,772,7523,0.10261863618237406,771,2,769,0.9974059662775616
gpcr,D03879,36811,hsa:153,P08588,-9.7146,21,7523,0.002791439585271833,20,0,20,1.0
gpcr,D03879,36811,hsa:154,P07550,-9.1589,124,7523,0.01648278612255749,123,1,122,0.991869918699187
gpcr,D03880,3038222,hsa:153,P08588,-8.0303,1905,7323,0.2601392871773863,1904,0,1904,1.0
gpcr,D03880,3038222,hsa:154,P07550,-7.6891,2693,7323,0.3677454595111293,2692,1,2691,0.99962852897474
gpcr,D03881,208850,hsa:153,P08588,-10.2639,748,7418,0.10083580479913723,747,0,747,1.0
gpcr,D03881,208850,hsa:154,P07550,-8.8085,3197,7418,0.4309787004583446,3196,1,3195,0.9996871088861077
gpcr,D03966,156665,hsa:2912,Q14416,-1.7837,1880,7275,0.2584192439862543,1879,2,1877,0.9989356040447046
gpcr,D03966,156665,hsa:2913,Q14832,-1.868,1082,7275,0.14872852233676975,1081,0,1081,1.0
gpcr,D03966,156665,hsa:2918,O00222,-1.8229,1455,7275,0.2,1454,1,1453,0.9993122420907841
gpcr,D04034,23724898,hsa:150,P08913,-11.9098,603,7197,0.08378491037932471,602,0,602,1.0
gpcr,D04034,23724898,hsa:151,P18089,-10.3677,2358,7197,0.3276365152146728,2357,2,2355,0.9991514637250742
gpcr,D04034,23724898,hsa:152,P18825,-11.6467,783,7197,0.10879533138807837,782,1,781,0.9987212276214834
gpcr,D04040,5281037,hsa:185,P30556,-7.8479,951,7262,0.13095565959790692,950,0,950,1.0
gpcr,D04375,5702063,hsa:150,P08913,-6.4033,1714,7466,0.22957406911331368,1713,0,1713,1.0
gpcr,D04625,3762,hsa:153,P08588,-7.1688,318,7525,0.04225913621262459,317,0,317,1.0
gpcr,D04716,15130,hsa:4988,P35372,-6.6002,1084,7523,0.14409145287784128,1083,0,1083,1.0
gpcr,D04979,14677,hsa:3269,P35367,-6.8946,2650,7525,0.3521594684385382,2649,0,2649,1.0
gpcr,D05113,5360515,hsa:4988,P35372,-8.4882,715,7452,0.09594739667203435,714,0,714,1.0
gpcr,D05129,50294,hsa:10800,Q9Y271,-8.4104,482,7451,0.06468930344920144,481,0,481,1.0
gpcr,D05129,50294,hsa:3269,P35367,-6.7594,3549,7451,0.4763119044423567,3548,1,3547,0.9997181510710259
gpcr,D05246,158781,hsa:185,P30556,-9.4936,192,7266,0.026424442609413706,191,0,191,1.0
gpcr,D05312,5284603,hsa:4985,P41143,-8.3481,540,7463,0.07235696100763768,539,1,538,0.9981447124304267
gpcr,D05312,5284603,hsa:4986,P41145,-9.0023,132,7463,0.01768725713520032,131,0,131,1.0
gpcr,D05312,5284603,hsa:4988,P35372,-7.9916,974,7463,0.13051051855822055,973,2,971,0.9979445015416238
gpcr,D05341,985,hsa:6010,P08100,-4.7177,3861,7528,0.51288522848034,3860,0,3860,1.0
gpcr,D05938,41693,hsa:4988,P35372,-8.1637,207,7452,0.027777777777777776,206,0,206,1.0
gpcr,D06056,135409453,hsa:3360,Q13639,-7.8027,793,7455,0.10637156270959088,792,0,792,1.0
ion_channel,D00110,122142,hsa:6331,Q14524,-7.0715,1975,7525,0.26245847176079734,1974,3,1971,0.9984802431610942
ion_channel,D00110,122142,hsa:6336,Q9Y5Y9,-7.3069,1479,7525,0.19654485049833886,1478,2,1476,0.9986468200270636
ion_channel,D00110,122142,hsa:6529,P30531,-8.0959,401,7525,0.053289036544850496,400,1,399,0.9975
ion_channel,D00110,122142,hsa:6532,P31645,-8.6261,101,7525,0.013421926910299004,100,0,100,1.0
ion_channel,D00136,3559,hsa:2904,Q13224,-7.8271,2543,7303,0.34821306312474326,2542,0,2542,1.0
ion_channel,D00195,5362471,hsa:1135,Q15822,-6.4892,4013,5998,0.6690563521173725,4012,3,4009,0.9992522432701895
ion_channel,D00195,5362471,hsa:1136,P32297,-6.4327,4151,5998,0.6920640213404469,4150,4,4146,0.9990361445783132
ion_channel,D00195,5362471,hsa:1137,P43681,-7.169,2334,5998,0.3891297099033011,2333,0,2333,1.0
ion_channel,D00195,5362471,hsa:1139,P36544,-6.7887,3250,5998,0.5418472824274758,3249,2,3247,0.9993844259772238
ion_channel,D00195,5362471,hsa:55584,Q9UGM1,-6.9951,2734,5998,0.4558186062020674,2733,1,2732,0.9996341017197219
ion_channel,D00225,2118,hsa:2554,P14867,-7.1659,4302,7465,0.5762893503014066,4301,6,4295,0.9986049755870727
ion_channel,D00225,2118,hsa:2557,P48169,-7.5083,3312,7465,0.4436704621567314,3311,4,3307,0.99879190576865
ion_channel,D00225,2118,hsa:2558,P31644,-7.7369,2728,7465,0.3654387139986604,2727,3,2724,0.9988998899889989
ion_channel,D00225,2118,hsa:2561,P47870,-7.8666,2397,7465,0.32109845947756194,2396,1,2395,0.9995826377295493
ion_channel,D00225,2118,hsa:2562,P28472,-7.7369,2727,7465,0.365304755525787,2726,2,2724,0.9992663242846662
ion_channel,D00225,2118,hsa:2563,O14764,-7.3805,3692,7465,0.4945746818486269,3691,5,3686,0.9986453535627201
ion_channel,D00225,2118,hsa:2566,P18507,-8.5974,1011,7465,0.13543201607501673,1010,0,1010,1.0
ion_channel,D00228,2170,hsa:6532,P31645,-8.6128,448,7317,0.061227278939456065,447,0,447,1.0
ion_channel,D00234,2247,hsa:3757,Q12809,-8.2373,2580,7272,0.3547854785478548,2579,0,2579,1.0
ion_channel,D00252,2554,hsa:55800,Q9NY72,-7.0039,4415,7466,0.5913474417358693,4414,4,4410,0.9990937924784775
ion_channel,D00252,2554,hsa:6324,Q07699,-7.288,3619,7466,0.48473077953388694,3618,3,3615,0.9991708126036484
ion_channel,D00252,2554,hsa:6330,Q8IWT1,-6.6145,5459,7466,0.7311813554781676,5458,6,5452,0.9989006962257237
ion_channel,D00252,2554,hsa:6332,Q01118,-9.1851,321,7466,0.04299491025984463,320,1,319,0.996875
ion_channel,D00252,2554,hsa:6337,P37088,-9.0931,384,7466,0.05143316367532815,383,2,381,0.9947780678851175
ion_channel,D00252,2554,hsa:6338,P51168,-6.9604,4524,7466,0.6059469595499598,4523,5,4518,0.9988945390227725
ion_channel,D00252,2554,hsa:6340,P51170,-9.2834,249,7466,0.0333511920707206,248,0,248,1.0
ion_channel,D00274,2769,hsa:3757,Q12809,-7.7652,1572,7271,0.21620134782010728,1571,0,1571,1.0
ion_channel,D00293,3016,hsa:2554,P14867,-6.8811,3522,7401,0.4758816376165383,3521,6,3515,0.9982959386537915
ion_channel,D00293,3016,hsa:2557,P48169,-6.8625,3569,7401,0.48223213079313604,3568,7,3561,0.9980381165919282
ion_channel,D00293,3016,hsa:2558,P31644,-7.1753,2705,7401,0.3654911498446156,2704,5,2699,0.9981508875739645
ion_channel,D00293,3016,hsa:2561,P47870,-7.3005,2395,7401,0.32360491825428994,2394,1,2393,0.9995822890559732
ion_channel,D00293,3016,hsa:2562,P28472,-7.1753,2704,7401,0.36535603296851776,2703,4,2699,0.998520162782094
ion_channel,D00293,3016,hsa:2563,O14764,-6.7262,3995,7401,0.5397919200108093,3994,8,3986,0.9979969954932398
ion_channel,D00293,3016,hsa:2566,P18507,-7.2501,2505,7401,0.3384677746250507,2504,3,2501,0.9988019169329073
ion_channel,D00293,3016,hsa:2741,P23415,-6.6902,4096,7401,0.5534387244966896,4095,9,4086,0.9978021978021978
ion_channel,D00293,3016,hsa:2742,P23416,-7.7158,1432,7401,0.19348736657208485,1431,0,1431,1.0
ion_channel,D00293,3016,hsa:2743,P48167,-7.2566,2489,7401,0.3363059046074855,2488,2,2486,0.9991961414790996
ion_channel,D00294,3019,hsa:10008,Q9Y6H6,-4.7652,6630,7335,0.9038854805725971,6629,22,6607,0.996681249057173
ion_channel,D00294,3019,hsa:27345,Q86W47,-5.433,5307,7335,0.7235173824130879,5306,17,5289,0.9967960799095363
ion_channel,D00294,3019,hsa:2890,P42261,-4.0092,7073,7335,0.9642808452624404,7072,25,7047,0.9964649321266968
ion_channel,D00294,3019,hsa:2891,P42262,-5.6783,4511,7335,0.6149965916837082,4510,14,4496,0.9968957871396896
ion_channel,D00294,3019,hsa:3738,P22001,-6.6163,1619,7335,0.2207225630538514,1618,4,1614,0.9975278121137207
ion_channel,D00294,3019,hsa:3745,Q14721,-5.5821,4831,7335,0.6586230402181322,4830,16,4814,0.9966873706004141
ion_channel,D00294,3019,hsa:3746,P48547,-5.727,4345,7335,0.5923653715064758,4344,13,4331,0.9970073664825047
ion_channel,D00294,3019,hsa:3749,Q03721,-4.5717,6780,7335,0.9243353783231084,6779,24,6755,0.9964596548163446
ion_channel,D00294,3019,hsa:3751,Q9NZV8,-6.1864,2841,7335,0.38732106339468303,2840,9,2831,0.9968309859154929
ion_channel,D00294,3019,hsa:3752,Q9UK17,-6.4993,1915,7335,0.2610770279481936,1914,5,1909,0.9973876698014629
ion_channel,D00294,3019,hsa:3753,P15382,-5.6625,4557,7335,0.6212678936605317,4556,15,4541,0.9967076382791923
ion_channel,D00294,3019,hsa:3756,O95259,-5.3788,5470,7335,0.7457396046353102,5469,18,5451,0.9967087218869994
ion_channel,D00294,3019,hsa:3757,Q12809,-6.692,1430,7335,0.19495569188820722,1429,3,1426,0.9979006298110566
ion_channel,D00294,3019,hsa:3759,P63252,-2.7857,7297,7335,0.9948193592365372,7296,29,7267,0.9960252192982456
ion_channel,D00294,3019,hsa:3761,P48050,-3.5608,7198,7335,0.9813224267211997,7197,26,7171,0.9963873836320689
ion_channel,D00294,3019,hsa:3765,Q92806,-2.8945,7294,7335,0.9944103612815269,7293,28,7265,0.996160702043055
ion_channel,D00294,3019,hsa:3775,O00180,-6.1785,2864,7335,0.39045671438309476,2863,10,2853,0.9965071603213412
ion_channel,D00294,3019,hsa:3778,Q12791,-7.1683,539,7335,0.07348329925017041,538,0,538,1.0
ion_channel,D00294,3019,hsa:3781,Q9H2S1,-4.8114,6587,7335,0.8980231765507839,6586,21,6565,0.9968114181597327
ion_channel,D00294,3019,hsa:3783,O15554,-5.7579,4230,7335,0.5766871165644172,4229,12,4217,0.9971624497517143
ion_channel,D00294,3019,hsa:3784,P51787,-5.9319,3640,7335,0.49625085207907293,3639,11,3628,0.9969771915361363
ion_channel,D00294,3019,hsa:3785,O43526,-6.9336,922,7335,0.12569870483980913,921,1,920,0.998914223669924
ion_channel,D00294,3019,hsa:3786,O43525,-5.0144,6332,7335,0.8632583503749148,6331,20,6311,0.996840941399463
ion_channel,D00294,3019,hsa:50801,Q9NYG8,-6.3972,2203,7335,0.3003408316291752,2202,7,2195,0.9968210717529519
ion_channel,D00294,3019,hsa:51305,Q9NPC2,-3.4271,7233,7335,0.9860940695296524,7232,27,7205,0.996266592920354
ion_channel,D00294,3019,hsa:54207,P57789,-6.3549,2331,7335,0.3177914110429448,2330,8,2322,0.9965665236051502
ion_channel,D00294,3019,hsa:56479,Q9NR82,-5.2989,5704,7335,0.7776414451261077,5703,19,5684,0.9966684201297563
ion_channel,D00294,3019,hsa:8514,Q13303,-6.8492,1096,7335,0.1494205862304022,1095,2,1093,0.9981735159817352
ion_channel,D00294,3019,hsa:9132,P56696,-6.4147,2139,7335,0.2916155419222904,2138,6,2132,0.9971936389148737
ion_channel,D00294,3019,hsa:9992,Q9Y6J6,-4.6423,6732,7335,0.9177914110429448,6731,23,6708,0.9965829742980241
ion_channel,D00303,3114,hsa:55800,Q9NY72,-5.9794,3981,7377,0.5396502643350956,3980,4,3976,0.9989949748743718
ion_channel,D00303,3114,hsa:6324,Q07699,-5.653,5005,7377,0.6784600786227464,5004,5,4999,0.9990007993605116
ion_channel,D00303,3114,hsa:6330,Q8IWT1,-6.3145,2903,7377,0.3935204012471194,2902,3,2899,0.9989662301860786
ion_channel,D00303,3114,hsa:6337,P37088,-7.65,383,7377,0.05191812389860377,382,0,382,1.0
ion_channel,D00303,3114,hsa:6338,P51168,-6.8031,1633,7377,0.22136369798020875,1632,2,1630,0.9987745098039216
ion_channel,D00303,3114,hsa:6340,P51170,-7.5866,428,7377,0.05801816456554155,427,1,426,0.9976580796252927
ion_channel,D00319,3333,hsa:773,O00555,-4.0949,7090,7455,0.9510395707578806,7089,2,7087,0.9997178727606151
ion_channel,D00319,3333,hsa:776,Q01668,-7.3382,280,7455,0.03755868544600939,279,0,279,1.0
ion_channel,D00319,3333,hsa:779,Q13698,-4.1888,7040,7455,0.9443326626425218,7039,1,7038,0.9998579343656769
ion_channel,D00326,3386,hsa:3781,Q9H2S1,-5.8047,5940,7463,0.7959265710840144,5939,0,5939,1.0
ion_channel,D00329,3393,hsa:2554,P14867,-6.5484,3234,7304,0.4427710843373494,3233,5,3228,0.9984534488091555
ion_channel,D00329,3393,hsa:2557,P48169,-6.5978,3087,7304,0.422645125958379,3086,4,3082,0.998703823720026
ion_channel,D00329,3393,hsa:2558,P31644,-6.7321,2695,7304,0.3689759036144578,2694,3,2691,0.9988864142538976
ion_channel,D00329,3393,hsa:2561,P47870,-6.8203,2448,7304,0.33515881708652795,2447,1,2446,0.9995913363302003
ion_channel,D00329,3393,hsa:2562,P28472,-6.7321,2694,7304,0.36883899233296824,2693,2,2691,0.9992573338284441
ion_channel,D00329,3393,hsa:2563,O14764,-6.4845,3419,7304,0.4680996714129244,3418,6,3412,0.9982445874780573
ion_channel,D00329,3393,hsa:2566,P18507,-6.8892,2263,7304,0.3098302300109529,2262,0,2262,1.0
ion_channel,D00331,3440,hsa:2554,P14867,-6.1606,4027,7310,0.5508891928864569,4026,2,4024,0.9995032290114257
ion_channel,D00331,3440,hsa:2557,P48169,-6.5964,2659,7310,0.36374829001367986,2658,0,2658,1.0
ion_channel,D00331,3440,hsa:2558,P31644,-6.3061,3558,7310,0.48673050615595076,3557,1,3556,0.9997188642114141
ion_channel,D00332,3446,hsa:5310,P98161,-5.6866,1392,7470,0.18634538152610441,1391,7,1384,0.9949676491732566
ion_channel,D00332,3446,hsa:55503,Q9H1D0,-5.6365,1575,7470,0.21084337349397592,1574,9,1565,0.9942820838627701
ion_channel,D00332,3446,hsa:55800,Q9NY72,-5.1568,3417,7470,0.457429718875502,3416,15,3401,0.9956088992974239
ion_channel,D00332,3446,hsa:6261,P21817,-5.7203,1316,7470,0.17617135207496654,1315,6,1309,0.9954372623574145
ion_channel,D00332,3446,hsa:6262,Q92736,-5.4223,2350,7470,0.31459170013386883,2349,13,2336,0.9944657300979141
ion_channel,D00332,3446,hsa:6263,Q15413,-4.7352,5096,7470,0.6821954484605087,5095,20,5075,0.9960745829244357
ion_channel,D00332,3446,hsa:6324,Q07699,-5.0909,3692,7470,0.49424364123159303,3691,16,3675,0.9956651314007045
ion_channel,D00332,3446,hsa:6330,Q8IWT1,-4.5967,5561,7470,0.7444444444444445,5560,21,5539,0.9962230215827338
ion_channel,D00332,3446,hsa:6332,Q01118,-5.8537,968,7470,0.12958500669344042,967,5,962,0.9948293691830403
ion_channel,D00332,3446,hsa:6337,P37088,-5.677,1422,7470,0.19036144578313252,1421,8,1413,0.9943701618578465
ion_channel,D00332,3446,hsa:6338,P51168,-5.4338,2309,7470,0.30910307898259703,2308,12,2296,0.9948006932409013
ion_channel,D00332,3446,hsa:6340,P51170,-6.1029,452,7470,0.060508701472556894,451,1,450,0.9977827050997783
ion_channel,D00332,3446,hsa:773,O00555,-3.44,7195,7470,0.963186077643909,7194,23,7171,0.9968028912983041
ion_channel,D00332,3446,hsa:774,Q00975,-5.5842,1749,7470,0.23413654618473895,1748,10,1738,0.994279176201373
ion_channel,D00332,3446,hsa:776,Q01668,-5.8682,933,7470,0.1248995983935743,932,4,928,0.9957081545064378
ion_channel,D00332,3446,hsa:777,Q15878,-5.9316,784,7470,0.10495314591700133,783,3,780,0.9961685823754789
ion_channel,D00332,3446,hsa:779,Q13698,-3.7934,6980,7470,0.9344042838018741,6979,22,6957,0.9968476859148875
ion_channel,D00332,3446,hsa:781,P54289,-7.2111,2,7470,0.0002677376171352075,1,0,1,1.0
ion_channel,D00332,3446,hsa:782,Q02641,-4.9895,4119,7470,0.5514056224899598,4118,17,4101,0.9958717824186498
ion_channel,D00332,3446,hsa:784,P54284,-5.411,2391,7470,0.3200803212851406,2390,14,2376,0.994142259414226
ion_channel,D00332,3446,hsa:785,O00305,-4.9713,4187,7470,0.5605087014725569,4186,19,4167,0.995461060678452
ion_channel,D00332,3446,hsa:8911,Q9P0X4,-5.5361,1921,7470,0.2571619812583668,1920,11,1909,0.9942708333333333
ion_channel,D00332,3446,hsa:8913,O43497,-6.0997,458,7470,0.06131191432396252,457,2,455,0.9956236323851203
ion_channel,D00332,3446,hsa:8989,O75762,-4.9796,4152,7470,0.5558232931726907,4151,18,4133,0.9956636954950614
ion_channel,D00335,3478,hsa:3767,Q14654,-7.4375,5022,7372,0.6812262615301139,5021,0,5021,1.0
ion_channel,D00336,3488,hsa:1080,P13569,-9.8117,537,7361,0.07295204455916315,536,0,536,1.0
ion_channel,D00338,31640,hsa:2554,P14867,-7.4936,2131,7310,0.29151846785225716,2130,0,2130,1.0
ion_channel,D00340,3639,hsa:3778,Q12791,-7.1265,856,7400,0.11567567567567567,855,0,855,1.0
ion_channel,D00345,3702,hsa:3753,P15382,-6.8489,4764,7303,0.6523346569902779,4763,1,4762,0.9997900482888935
ion_channel,D00345,3702,hsa:3784,P51787,-6.873,4699,7303,0.6434342051211831,4698,0,4698,1.0
ion_channel,D00349,3784,hsa:776,Q01668,-7.6979,642,7451,0.08616293115018119,641,1,640,0.9984399375975039
ion_channel,D00349,3784,hsa:779,Q13698,-4.7008,7011,7451,0.9409475238223057,7010,3,7007,0.9995720399429386
ion_channel,D00349,3784,hsa:781,P54289,-7.9346,403,7451,0.0540866997718427,402,0,402,1.0
ion_channel,D00349,3784,hsa:8913,O43497,-7.2489,1345,7451,0.18051268286136088,1344,2,1342,0.9985119047619048
ion_channel,D00351,47576,hsa:3757,Q12809,-8.5502,1974,7359,0.2682429677945373,1973,0,1973,1.0
ion_channel,D00351,47576,hsa:3783,O15554,-8.4546,2173,7359,0.29528468541921454,2172,1,2171,0.9995395948434622
ion_channel,D00379,5503,hsa:3767,Q14654,-6.7255,4396,7397,0.5942949844531566,4395,0,4395,1.0
ion_channel,D00392,5576,hsa:8913,O43497,-4.9392,2687,7496,0.3584578441835646,2686,0,2686,1.0
ion_channel,D00394,5584,hsa:6532,P31645,-8.2123,398,7569,0.05258290395032369,397,0,397,1.0
ion_channel,D00437,4485,hsa:5310,P98161,-7.0026,557,7455,0.07471495640509725,556,1,555,0.9982014388489209
ion_channel,D00437,4485,hsa:55503,Q9H1D0,-6.5992,1193,7455,0.16002682763246143,1192,7,1185,0.9941275167785235
ion_channel,D00437,4485,hsa:6261,P21817,-6.6724,1042,7455,0.1397719651240778,1041,6,1035,0.9942363112391931
ion_channel,D00437,4485,hsa:6262,Q92736,-7.0368,515,7455,0.06908115358819585,514,0,514,1.0
ion_channel,D00437,4485,hsa:6263,Q15413,-6.3457,1785,7455,0.23943661971830985,1784,9,1775,0.9949551569506726
ion_channel,D00437,4485,hsa:773,O00555,-3.6884,7217,7455,0.968075117370892,7216,14,7202,0.998059866962306
ion_channel,D00437,4485,hsa:776,Q01668,-6.9448,624,7455,0.08370221327967807,623,3,620,0.9951845906902087
ion_channel,D00437,4485,hsa:777,Q15878,-7.0018,558,7455,0.07484909456740442,557,2,555,0.9964093357271095
ion_channel,D00437,4485,hsa:779,Q13698,-3.9047,7152,7455,0.9593561368209256,7151,13,7138,0.9981820724374213
ion_channel,D00437,4485,hsa:781,P54289,-6.7847,857,7455,0.11495640509725016,856,4,852,0.9953271028037384
ion_channel,D00437,4485,hsa:782,Q02641,-4.8379,6495,7455,0.8712273641851107,6494,12,6482,0.9981521404373268
ion_channel,D00437,4485,hsa:784,P54284,-5.7023,3921,7455,0.5259557344064386,3920,10,3910,0.9974489795918368
ion_channel,D00437,4485,hsa:785,O00305,-5.6927,3959,7455,0.5310529845741113,3958,11,3947,0.9972208185952501
ion_channel,D00437,4485,hsa:8913,O43497,-6.7639,882,7455,0.11830985915492957,881,5,876,0.9943246311010215
ion_channel,D00437,4485,hsa:8989,O75762,-6.3912,1672,7455,0.22427900737759893,1671,8,1663,0.995212447636146
ion_channel,D00438,4497,hsa:776,Q01668,-7.1787,789,7446,0.10596293311845285,788,0,788,1.0
ion_channel,D00464,4616,hsa:2554,P14867,-7.3748,2703,7320,0.36926229508196723,2702,0,2702,1.0
ion_channel,D00474,4909,hsa:2554,P14867,-5.9183,4182,7530,0.5553784860557769,4181,0,4181,1.0
ion_channel,D00495,8280,hsa:8911,Q9P0X4,-5.4843,1405,7534,0.18648792142288292,1404,0,1404,1.0
ion_channel,D00499,4737,hsa:1135,Q15822,-5.4896,3962,7531,0.5260921524365954,3961,6,3955,0.9984852310022722
ion_channel,D00499,4737,hsa:1136,P32297,-4.8889,6040,7531,0.8020183242597264,6039,11,6028,0.9981785063752276
ion_channel,D00499,4737,hsa:1137,P43681,-5.5747,3606,7531,0.47882087372194926,3605,0,3605,1.0
ion_channel,D00499,4737,hsa:1141,P17787,-5.5722,3619,7531,0.4805470721019785,3618,1,3617,0.9997236042012161
ion_channel,D00499,4737,hsa:2554,P14867,-5.3365,4558,7531,0.6052317089363962,4557,7,4550,0.9984639016897081
ion_channel,D00499,4737,hsa:2557,P48169,-5.5696,3632,7531,0.4822732704820077,3631,2,3629,0.9994491875516387
ion_channel,D00499,4737,hsa:2558,P31644,-5.2357,4940,7531,0.6559553844111008,4939,10,4929,0.9979752986434501
ion_channel,D00499,4737,hsa:2561,P47870,-5.3171,4624,7531,0.6139954853273137,4623,8,4615,0.9982695219554402
ion_channel,D00499,4737,hsa:2562,P28472,-5.5437,3743,7531,0.49701234895764174,3742,4,3738,0.9989310529128808
ion_channel,D00499,4737,hsa:2563,O14764,-5.2366,4934,7531,0.6551586774664719,4933,9,4924,0.9981755524021894
ion_channel,D00499,4737,hsa:2566,P18507,-5.5007,3900,7531,0.5178595140087637,3899,5,3894,0.9987176199025392
ion_channel,D00499,4737,hsa:55584,Q9UGM1,-5.5642,3656,7531,0.48546009826052317,3655,3,3652,0.9991792065663475
ion_channel,D00512,1775,hsa:5310,P98161,-7.9349,1466,7525,0.19481727574750832,1465,13,1452,0.9911262798634812
ion_channel,D00512,1775,hsa:55503,Q9H1D0,-8.8803,304,7525,0.04039867109634551,303,3,300,0.9900990099009901
ion_channel,D00512,1775,hsa:55800,Q9NY72,-6.576,5180,7525,0.6883720930232559,5179,23,5156,0.9955589882216644
ion_channel,D00512,1775,hsa:6261,P21817,-7.4656,2590,7525,0.34418604651162793,2589,19,2570,0.9926612591734261
ion_channel,D00512,1775,hsa:6262,Q92736,-7.7324,1916,7525,0.25461794019933554,1915,17,1898,0.9911227154046998
ion_channel,D00512,1775,hsa:6263,Q15413,-7.9,1533,7525,0.20372093023255813,1532,15,1517,0.9902088772845953
ion_channel,D00512,1775,hsa:6324,Q07699,-7.0491,3776,7525,0.5017940199335548,3775,20,3755,0.9947019867549669
ion_channel,D00512,1775,hsa:6328,Q9NY46,-8.1786,1039,7525,0.1380730897009967,1038,10,1028,0.9903660886319846
ion_channel,D00512,1775,hsa:6329,P35499,-8.3462,830,7525,0.11029900332225914,829,8,821,0.9903498190591074
ion_channel,D00512,1775,hsa:6330,Q8IWT1,-6.5252,5298,7525,0.7040531561461794,5297,24,5273,0.9954691334717765
ion_channel,D00512,1775,hsa:6331,Q14524,-7.9458,1444,7525,0.1918936877076412,1443,12,1431,0.9916839916839917
ion_channel,D00512,1775,hsa:6332,Q01118,-8.9013,288,7525,0.038272425249169434,287,2,285,0.9930313588850174
ion_channel,D00512,1775,hsa:6336,Q9Y5Y9,-8.5131,614,7525,0.08159468438538206,613,7,606,0.9885807504078303
ion_channel,D00512,1775,hsa:6337,P37088,-8.263,935,7525,0.12425249169435217,934,9,925,0.9903640256959315
ion_channel,D00512,1775,hsa:6338,P51168,-6.9039,4201,7525,0.5582724252491694,4200,21,4179,0.995
ion_channel,D00512,1775,hsa:6340,P51170,-8.5977,532,7525,0.07069767441860465,531,6,525,0.9887005649717514
ion_channel,D00512,1775,hsa:773,O00555,-5.67,6865,7525,0.9122923588039867,6864,26,6838,0.9962121212121212
ion_channel,D00512,1775,hsa:774,Q00975,-8.8252,339,7525,0.045049833887043186,338,5,333,0.985207100591716
ion_channel,D00512,1775,hsa:776,Q01668,-8.0909,1184,7525,0.1573421926910299,1183,11,1172,0.9907016060862215
ion_channel,D00512,1775,hsa:777,Q15878,-10.1078,11,7525,0.0014617940199335548,10,0,10,1.0
ion_channel,D00512,1775,hsa:779,Q13698,-5.587,6927,7525,0.920531561461794,6926,27,6899,0.9961016459717008
ion_channel,D00512,1775,hsa:781,P54289,-9.0041,251,7525,0.03335548172757475,250,1,249,0.996
ion_channel,D00512,1775,hsa:782,Q02641,-6.1754,6130,7525,0.8146179401993355,6129,25,6104,0.9959210311633219
ion_channel,D00512,1775,hsa:784,P54284,-7.8017,1752,7525,0.23282392026578072,1751,16,1735,0.9908623643632211
ion_channel,D00512,1775,hsa:785,O00305,-6.765,4649,7525,0.6178073089700997,4648,22,4626,0.9952667814113597
ion_channel,D00512,1775,hsa:8911,Q9P0X4,-8.856,319,7525,0.04239202657807309,318,4,314,0.9874213836477987
ion_channel,D00512,1775,hsa:8913,O43497,-7.6037,2258,7525,0.30006644518272424,2257,18,2239,0.9920248116969429
ion_channel,D00512,1775,hsa:8989,O75762,-7.9074,1519,7525,0.20186046511627906,1518,14,1504,0.9907773386034255
ion_channel,D00519,2720,hsa:3778,Q12791,-7.0835,970,7322,0.13247746517344988,969,0,969,1.0
ion_channel,D00521,5405,hsa:3757,Q12809,-9.1075,1022,7506,0.13615774047428725,1021,0,1021,1.0
ion_channel,D00524,5831,hsa:1135,Q15822,-1.1218,2873,7614,0.377331231941161,2872,3,2869,0.9989554317548747
ion_channel,D00524,5831,hsa:1136,P32297,-1.2722,539,7614,0.0707906488048332,538,0,538,1.0
ion_channel,D00524,5831,hsa:1137,P43681,-1.2282,1014,7614,0.13317572892040977,1013,1,1012,0.9990128331688055
ion_channel,D00524,5831,hsa:1141,P17787,-1.1637,2072,7614,0.2721302863146835,2071,2,2069,0.9990342829550941
ion_channel,D00524,5831,hsa:55584,Q9UGM1,-0.967,5504,7614,0.7228789072760704,5503,4,5499,0.9992731237506814
ion_channel,D00528,2519,hsa:5024,P56373,-5.2355,3513,7535,0.46622428666224286,3512,2,3510,0.9994305239179955
ion_channel,D00528,2519,hsa:6261,P21817,-5.3057,3259,7535,0.4325149303251493,3258,1,3257,0.9996930632289748
ion_channel,D00528,2519,hsa:6262,Q92736,-5.8623,1569,7535,0.20822826808228267,1568,0,1568,1.0
ion_channel,D00528,2519,hsa:6263,Q15413,-5.1892,3698,7535,0.49077637690776377,3697,3,3694,0.9991885312415472
ion_channel,D00530,5719,hsa:2554,P14867,-7.0402,3683,7462,0.49356740820155454,3682,4,3678,0.9989136338946225
ion_channel,D00530,5719,hsa:2557,P48169,-7.5201,2536,7462,0.339855266684535,2535,2,2533,0.9992110453648915
ion_channel,D00530,5719,hsa:2558,P31644,-6.8325,4232,7462,0.5671401768962745,4231,6,4225,0.9985818955329709
ion_channel,D00530,5719,hsa:2561,P47870,-7.2356,3204,7462,0.42937550254623424,3203,3,3200,0.9990633780830471
ion_channel,D00530,5719,hsa:2562,P28472,-7.6357,2278,7462,0.3052800857678906,2277,1,2276,0.9995608256477821
ion_channel,D00530,5719,hsa:2563,O14764,-6.9326,3965,7462,0.5313588850174216,3964,5,3959,0.9987386478304743
ion_channel,D00530,5719,hsa:2566,P18507,-7.6918,2163,7462,0.2898686679174484,2162,0,2162,1.0
ion_channel,D00536,3331,hsa:2741,P23415,-5.5075,5321,7525,0.707109634551495,5320,2,5318,0.999624060150376
ion_channel,D00536,3331,hsa:2742,P23416,-6.6361,1877,7525,0.24943521594684384,1876,0,1876,1.0
ion_channel,D00536,3331,hsa:2743,P48167,-6.0526,3617,7525,0.48066445182724254,3616,1,3615,0.9997234513274337
ion_channel,D00537,5284627,hsa:2554,P14867,-6.1185,4152,7462,0.556419190565532,4151,1,4150,0.9997590941941701
ion_channel,D00537,5284627,hsa:2897,P39086,-6.2799,3631,7462,0.48659876708657196,3630,0,3630,1.0
ion_channel,D00538,5734,hsa:55800,Q9NY72,-5.4286,5030,7408,0.6789956803455723,5029,5,5024,0.9990057665539869
ion_channel,D00538,5734,hsa:6324,Q07699,-6.1271,2790,7408,0.37661987041036715,2789,2,2787,0.9992828970957333
ion_channel,D00538,5734,hsa:6330,Q8IWT1,-5.8152,3789,7408,0.5114740820734341,3788,4,3784,0.9989440337909187
ion_channel,D00538,5734,hsa:6337,P37088,-6.3816,2027,7408,0.2736231101511879,2026,1,2025,0.9995064165844028
ion_channel,D00538,5734,hsa:6338,P51168,-6.0659,2986,7408,0.4030777537796976,2985,3,2982,0.9989949748743718
ion_channel,D00538,5734,hsa:6340,P51170,-6.622,1416,7408,0.19114470842332612,1415,0,1415,1.0
ion_channel,D00539,3291,hsa:8911,Q9P0X4,-5.8063,770,7535,0.10218978102189781,769,0,769,1.0
ion_channel,D00539,3291,hsa:8913,O43497,-5.3244,2237,7535,0.2968812209688122,2236,1,2235,0.9995527728085868
ion_channel,D00542,3562,hsa:10369,Q9Y698,-4.6789,512,7536,0.06794055201698514,511,2,509,0.9960861056751468
ion_channel,D00542,3562,hsa:2554,P14867,-4.1592,2424,7536,0.321656050955414,2423,10,2413,0.9958728848534875
ion_channel,D00542,3562,hsa:2741,P23415,-3.8711,4045,7536,0.5367569002123143,4044,15,4029,0.9962908011869436
ion_channel,D00542,3562,hsa:2890,P42261,-2.6367,7206,7536,0.9562101910828026,7205,19,7186,0.9973629424011103
ion_channel,D00542,3562,hsa:3778,Q12791,-4.2429,1998,7536,0.26512738853503187,1997,7,1990,0.9964947421131698
ion_channel,D00542,3562,hsa:3783,O15554,-3.9784,3429,7536,0.455015923566879,3428,14,3414,0.9959159859976663
ion_channel,D00542,3562,hsa:5310,P98161,-4.3856,1346,7536,0.17860934182590232,1345,5,1340,0.9962825278810409
ion_channel,D00542,3562,hsa:55503,Q9H1D0,-4.4178,1233,7536,0.16361464968152867,1232,4,1228,0.9967532467532467
ion_channel,D00542,3562,hsa:773,O00555,-2.6927,7179,7536,0.9526273885350318,7178,18,7160,0.9974923376985233
ion_channel,D00542,3562,hsa:774,Q00975,-4.5472,819,7536,0.10867834394904459,818,3,815,0.9963325183374083
ion_channel,D00542,3562,hsa:776,Q01668,-4.2567,1929,7536,0.2559713375796178,1928,6,1922,0.9968879668049793
ion_channel,D00542,3562,hsa:777,Q15878,-4.7295,416,7536,0.055201698513800426,415,1,414,0.9975903614457832
ion_channel,D00542,3562,hsa:779,Q13698,-2.883,7022,7536,0.9317940552016986,7021,17,7004,0.9975786924939467
ion_channel,D00542,3562,hsa:781,P54289,-5.3084,15,7536,0.0019904458598726115,14,0,14,1.0
ion_channel,D00542,3562,hsa:782,Q02641,-4.1762,2333,7536,0.30958067940552014,2332,9,2323,0.9961406518010292
ion_channel,D00542,3562,hsa:784,P54284,-4.1535,2462,7536,0.32669851380042464,2461,12,2449,0.9951239333604226
ion_channel,D00542,3562,hsa:785,O00305,-3.6404,5188,7536,0.6884288747346072,5187,16,5171,0.996915365336418
ion_channel,D00542,3562,hsa:8911,Q9P0X4,-4.23,2055,7536,0.2726910828025478,2054,8,2046,0.9961051606621227
ion_channel,D00542,3562,hsa:8913,O43497,-4.1591,2425,7536,0.3217887473460722,2424,11,2413,0.9954620462046204
ion_channel,D00542,3562,hsa:8989,O75762,-4.0266,3147,7536,0.41759554140127386,3146,13,3133,0.9958677685950413
ion_channel,D00543,3226,hsa:2554,P14867,-4.7555,3408,7534,0.45234934961507833,3407,0,3407,1.0
ion_channel,D00543,3226,hsa:2741,P23415,-4.6457,3905,7534,0.5183169631006106,3904,1,3903,0.9997438524590164
ion_channel,D00543,3226,hsa:2890,P42261,-2.9488,7291,7534,0.9677462171489248,7290,2,7288,0.9997256515775035
ion_channel,D00544,4116,hsa:2554,P14867,-4.1777,2819,7536,0.37407112526539277,2818,0,2818,1.0
ion_channel,D00544,4116,hsa:2741,P23415,-3.9266,4200,7536,0.5573248407643312,4199,1,4198,0.9997618480590617
ion_channel,D00544,4116,hsa:2890,P42261,-2.6219,7273,7536,0.9651008492569002,7272,2,7270,0.9997249724972497
ion_channel,D00545,3763,hsa:2554,P14867,-4.7986,2847,7535,0.3778367617783676,2846,1,2845,0.999648629655657
ion_channel,D00545,3763,hsa:2557,P48169,-4.4072,4615,7535,0.6124751161247511,4614,4,4610,0.99913307325531
ion_channel,D00545,3763,hsa:2558,P31644,-4.4857,4321,7535,0.573457199734572,4320,3,4317,0.9993055555555556
ion_channel,D00545,3763,hsa:2561,P47870,-5.2046,1163,7535,0.15434638354346383,1162,0,1162,1.0
ion_channel,D00545,3763,hsa:2562,P28472,-4.4857,4320,7535,0.5733244857332449,4319,2,4317,0.9995369298448715
ion_channel,D00545,3763,hsa:2563,O14764,-4.3164,4957,7535,0.6578633045786331,4956,6,4950,0.9987893462469734
ion_channel,D00545,3763,hsa:2566,P18507,-4.2414,5258,7535,0.6978102189781021,5257,7,5250,0.9986684420772304
ion_channel,D00545,3763,hsa:2741,P23415,-4.3658,4770,7535,0.6330457863304578,4769,5,4764,0.9989515621723631
ion_channel,D00545,3763,hsa:2890,P42261,-2.9147,7282,7535,0.9664233576642336,7281,8,7273,0.9989012498283203
ion_channel,D00546,42113,hsa:2554,P14867,-4.8649,3075,7519,0.40896395797313473,3074,0,3074,1.0
ion_channel,D00546,42113,hsa:2741,P23415,-4.4182,4949,7519,0.6581992286208272,4948,1,4947,0.9997978981406629
ion_channel,D00546,42113,hsa:2890,P42261,-2.941,7266,7519,0.9663519084984705,7265,2,7263,0.9997247075017206
ion_channel,D00547,5206,hsa:2554,P14867,-5.1615,2565,7573,0.33870328799683086,2564,2,2562,0.999219968798752
ion_channel,D00547,5206,hsa:2557,P48169,-4.771,4107,7573,0.5423214049914169,4106,5,4101,0.9987822698490014
ion_channel,D00547,5206,hsa:2558,P31644,-4.4762,5168,7573,0.6824244024825036,5167,8,5159,0.998451712792723
ion_channel,D00547,5206,hsa:2561,P47870,-5.3018,1955,7573,0.25815396804436813,1954,0,1954,1.0
ion_channel,D00547,5206,hsa:2562,P28472,-4.9118,3549,7573,0.4686385844447379,3548,3,3545,0.9991544532130778
ion_channel,D00547,5206,hsa:2563,O14764,-4.4523,5241,7573,0.6920639112637,5240,9,5231,0.9982824427480916
ion_channel,D00547,5206,hsa:2566,P18507,-4.8485,3815,7573,0.5037633698666315,3814,4,3810,0.9989512323020451
ion_channel,D00547,5206,hsa:2741,P23415,-4.4968,5098,7573,0.6731810378977948,5097,7,5090,0.9986266431234059
ion_channel,D00547,5206,hsa:2742,P23416,-5.2556,2161,7573,0.28535586953651126,2160,1,2159,0.999537037037037
ion_channel,D00547,5206,hsa:2743,P48167,-4.7252,4284,7573,0.5656939125841807,4283,6,4277,0.9985991127714219
ion_channel,D00547,5206,hsa:2890,P42261,-3.088,7280,7573,0.9613099168097188,7279,10,7269,0.9986261849155104
ion_channel,D00548,667484,hsa:2554,P14867,-5.7101,3898,7466,0.5221001875167426,3897,6,3891,0.9984603541185527
ion_channel,D00548,667484,hsa:2557,P48169,-6.0918,2660,7466,0.35628181087597105,2659,0,2659,1.0
ion_channel,D00548,667484,hsa:2558,P31644,-5.9148,3218,7466,0.4310206268416823,3217,3,3214,0.999067454149829
ion_channel,D00548,667484,hsa:2561,P47870,-5.962,3050,7466,0.4085186177337262,3049,1,3048,0.9996720236142997
ion_channel,D00548,667484,hsa:2562,P28472,-5.9148,3217,7466,0.4308866863112778,3216,2,3214,0.9993781094527363
ion_channel,D00548,667484,hsa:2563,O14764,-5.7307,3835,7466,0.513661934101259,3834,5,3829,0.9986958789775692
ion_channel,D00548,667484,hsa:2566,P18507,-5.8191,3526,7466,0.4722743102062684,3525,4,3521,0.9988652482269503
ion_channel,D00549,4943,hsa:2554,P14867,-5.4668,3888,7573,0.5134028786478279,3887,5,3882,0.9987136609210188
ion_channel,D00549,4943,hsa:2557,P48169,-5.445,3966,7573,0.5237026277565033,3965,7,3958,0.998234552332913
ion_channel,D00549,4943,hsa:2558,P31644,-5.6885,3111,7573,0.41080153175755973,3110,3,3107,0.9990353697749196
ion_channel,D00549,4943,hsa:2561,P47870,-5.759,2887,7573,0.3812227650864915,2886,1,2885,0.9996534996534997
ion_channel,D00549,4943,hsa:2562,P28472,-5.6885,3110,7573,0.4106694836920639,3109,2,3107,0.9993567063364426
ion_channel,D00549,4943,hsa:2563,O14764,-5.4079,4115,7573,0.5433777895153836,4114,8,4106,0.9980554205153136
ion_channel,D00549,4943,hsa:2566,P18507,-5.4481,3956,7573,0.522382147101545,3955,6,3949,0.9984829329962074
ion_channel,D00549,4943,hsa:2741,P23415,-5.1543,5009,7573,0.661428760068665,5008,9,4999,0.998202875399361
ion_channel,D00549,4943,hsa:2742,P23416,-6.0853,1911,7573,0.25234385316255115,1910,0,1910,1.0
ion_channel,D00549,4943,hsa:2743,P48167,-5.6362,3294,7573,0.4349663277432986,3293,4,3289,0.9987853021560886
ion_channel,D00550,4192,hsa:2554,P14867,-7.268,3535,7397,0.47789644450452884,3534,4,3530,0.9988681380871534
ion_channel,D00550,4192,hsa:2557,P48169,-6.8952,4616,7397,0.6240367716641881,4615,6,4609,0.9986998916576382
ion_channel,D00550,4192,hsa:2558,P31644,-7.5576,2725,7397,0.3683925915911856,2724,3,2721,0.998898678414097
ion_channel,D00550,4192,hsa:2561,P47870,-7.9257,1796,7397,0.2428011355955117,1795,1,1794,0.9994428969359331
ion_channel,D00550,4192,hsa:2562,P28472,-7.5576,2724,7397,0.3682574016493173,2723,2,2721,0.9992655159750276
ion_channel,D00550,4192,hsa:2563,O14764,-7.1248,3963,7397,0.535757739624172,3962,5,3957,0.9987380111055023
ion_channel,D00550,4192,hsa:2566,P18507,-7.9942,1663,7397,0.22482087332702447,1662,0,1662,1.0
ion_channel,D00552,2337,hsa:55800,Q9NY72,-5.1761,3760,7535,0.49900464499004643,3759,8,3751,0.9978717744080873
ion_channel,D00552,2337,hsa:6324,Q07699,-5.2036,3669,7535,0.4869276708692767,3668,7,3661,0.9980916030534351
ion_channel,D00552,2337,hsa:6328,Q9NY46,-6.1249,740,7535,0.0982083609820836,739,0,739,1.0
ion_channel,D00552,2337,hsa:6329,P35499,-5.4252,2866,7535,0.38035832780358325,2865,5,2860,0.9982547993019197
ion_channel,D00552,2337,hsa:6330,Q8IWT1,-4.9679,4513,7535,0.5989382879893829,4512,9,4503,0.9980053191489362
ion_channel,D00552,2337,hsa:6332,Q01118,-5.7546,1683,7535,0.22335766423357664,1682,1,1681,0.9994054696789536
ion_channel,D00552,2337,hsa:6336,Q9Y5Y9,-5.7027,1853,7535,0.24591904445919044,1852,3,1849,0.9983801295896328
ion_channel,D00552,2337,hsa:6337,P37088,-5.6493,2066,7535,0.2741871267418713,2065,4,2061,0.9980629539951574
ion_channel,D00552,2337,hsa:6338,P51168,-5.2156,3622,7535,0.4806901128069011,3621,6,3615,0.9983429991714996
ion_channel,D00552,2337,hsa:6340,P51170,-5.7524,1688,7535,0.22402123424021234,1687,2,1685,0.998814463544754
ion_channel,D00553,4906,hsa:6331,Q14524,-6.4591,1612,7531,0.21404859912362237,1611,0,1611,1.0
ion_channel,D00560,16362,hsa:5310,P98161,-10.0709,882,7366,0.11973934292696171,881,1,880,0.9988649262202043
ion_channel,D00560,16362,hsa:55503,Q9H1D0,-11.6763,100,7366,0.013575889220743959,99,0,99,1.0
ion_channel,D00560,16362,hsa:6261,P21817,-9.9164,1039,7366,0.14105348900352974,1038,2,1036,0.9980732177263969
ion_channel,D00560,16362,hsa:6262,Q92736,-9.4787,1556,7366,0.211240836274776,1555,5,1550,0.9967845659163987
ion_channel,D00560,16362,hsa:6263,Q15413,-9.6009,1399,7366,0.189926690198208,1398,3,1395,0.9978540772532188
ion_channel,D00560,16362,hsa:773,O00555,-6.1755,6921,7366,0.9395872929676894,6920,11,6909,0.9984104046242774
ion_channel,D00560,16362,hsa:779,Q13698,-6.6239,6674,7366,0.9060548465924518,6673,10,6663,0.9985014236475348
ion_channel,D00560,16362,hsa:781,P54289,-9.5113,1511,7366,0.20513168612544122,1510,4,1506,0.9973509933774835
ion_channel,D00560,16362,hsa:782,Q02641,-7.9968,4361,7366,0.592044528916644,4360,8,4352,0.998165137614679
ion_channel,D00560,16362,hsa:784,P54284,-9.1747,2019,7366,0.27409720336682053,2018,6,2012,0.9970267591674926
ion_channel,D00560,16362,hsa:785,O00305,-7.6908,5021,7366,0.6816453977735542,5020,9,5011,0.998207171314741
ion_channel,D00560,16362,hsa:8989,O75762,-9.1632,2035,7366,0.27626934564213956,2034,7,2027,0.9965585054080629
ion_channel,D00574,2145,hsa:1141,P17787,-6.1636,3575,7527,0.4749568221070812,3574,0,3574,1.0
ion_channel,D00611,13221,hsa:1135,Q15822,-4.3748,5694,7364,0.7732210755024443,5693,4,5689,0.9992973827507465
ion_channel,D00611,13221,hsa:1136,P32297,-4.9136,3757,7364,0.5101846822379141,3756,1,3755,0.9997337593184239
ion_channel,D00611,13221,hsa:1137,P43681,-5.4355,1841,7364,0.25,1840,0,1840,1.0
ion_channel,D00611,13221,hsa:1139,P36544,-4.752,4388,7364,0.5958718087995655,4387,2,4385,0.9995441075906086
ion_channel,D00611,13221,hsa:55584,Q9UGM1,-4.5156,5220,7364,0.7088538837588267,5219,3,5216,0.9994251772370186
ion_channel,D00618,4499,hsa:5310,P98161,-7.0162,795,7451,0.10669708763924306,794,4,790,0.9949622166246851
ion_channel,D00618,4499,hsa:55503,Q9H1D0,-7.2773,488,7451,0.06549456448798818,487,3,484,0.9938398357289527
ion_channel,D00618,4499,hsa:6261,P21817,-6.5933,1526,7451,0.20480472419809423,1525,7,1518,0.9954098360655738
ion_channel,D00618,4499,hsa:6262,Q92736,-6.887,999,7451,0.1340759629579922,998,5,993,0.9949899799599199
ion_channel,D00618,4499,hsa:6263,Q15413,-6.8441,1075,7451,0.1442759361159576,1074,6,1068,0.994413407821229
ion_channel,D00618,4499,hsa:773,O00555,-4.3292,6929,7451,0.9299422896255536,6928,14,6914,0.9979792147806005
ion_channel,D00618,4499,hsa:776,Q01668,-7.365,402,7451,0.05395248959871158,401,1,400,0.9975062344139651
ion_channel,D00618,4499,hsa:777,Q15878,-7.5782,256,7451,0.03435780432156758,255,0,255,1.0
ion_channel,D00618,4499,hsa:779,Q13698,-4.3991,6896,7451,0.9255133539122266,6895,13,6882,0.9981145757795504
ion_channel,D00618,4499,hsa:781,P54289,-7.2792,484,7451,0.06495772379546369,483,2,481,0.9958592132505176
ion_channel,D00618,4499,hsa:782,Q02641,-5.0905,6068,7451,0.8143873305596564,6067,12,6055,0.9980220866985331
ion_channel,D00618,4499,hsa:784,P54284,-6.0542,3055,7451,0.4100120789155818,3054,9,3045,0.9970530451866405
ion_channel,D00618,4499,hsa:785,O00305,-5.4756,4997,7451,0.6706482351362233,4996,11,4985,0.9977982385908727
ion_channel,D00618,4499,hsa:8913,O43497,-6.5343,1672,7451,0.22439940947523823,1671,8,1663,0.995212447636146
ion_channel,D00618,4499,hsa:8989,O75762,-6.0532,3064,7451,0.4112199704737619,3063,10,3053,0.9967352269017303
ion_channel,D00619,62969,hsa:3738,P22001,-5.5168,4933,7366,0.6696986152592995,4932,0,4932,1.0
ion_channel,D00619,62969,hsa:779,Q13698,-4.2768,6963,7366,0.9452891664404018,6962,1,6961,0.9998563631140477
ion_channel,D00629,4507,hsa:5310,P98161,-6.7624,1570,7452,0.21068169618894256,1569,7,1562,0.9955385595920969
ion_channel,D00629,4507,hsa:55503,Q9H1D0,-6.7135,1704,7452,0.2286634460547504,1703,8,1695,0.995302407516148
ion_channel,D00629,4507,hsa:6261,P21817,-6.8383,1399,7452,0.18773483628556092,1398,5,1393,0.9964234620886981
ion_channel,D00629,4507,hsa:6262,Q92736,-7.4191,466,7452,0.06253354804079442,465,1,464,0.9978494623655914
ion_channel,D00629,4507,hsa:6263,Q15413,-6.9835,1101,7452,0.14774557165861513,1100,3,1097,0.9972727272727273
ion_channel,D00629,4507,hsa:773,O00555,-4.3764,7054,7452,0.9465915190552872,7053,14,7039,0.9980150290656459
ion_channel,D00629,4507,hsa:776,Q01668,-7.4085,475,7452,0.06374127750939346,474,2,472,0.9957805907172996
ion_channel,D00629,4507,hsa:777,Q15878,-6.7982,1486,7452,0.19940955448201825,1485,6,1479,0.9959595959595959
ion_channel,D00629,4507,hsa:779,Q13698,-4.392,7041,7452,0.9448470209339774,7040,13,7027,0.9981534090909091
ion_channel,D00629,4507,hsa:781,P54289,-8.1231,109,7452,0.014626945786366077,108,0,108,1.0
ion_channel,D00629,4507,hsa:782,Q02641,-5.404,5718,7452,0.7673107890499195,5717,12,5705,0.9979009970264124
ion_channel,D00629,4507,hsa:784,P54284,-6.6664,1807,7452,0.24248523886205045,1806,9,1797,0.9950166112956811
ion_channel,D00629,4507,hsa:785,O00305,-6.2598,2996,7452,0.4020397208803006,2995,11,2984,0.9963272120200334
ion_channel,D00629,4507,hsa:8913,O43497,-6.84,1395,7452,0.18719806763285024,1394,4,1390,0.9971305595408895
ion_channel,D00629,4507,hsa:8989,O75762,-6.3333,2749,7452,0.36889425657541597,2748,10,2738,0.9963609898107715
ion_channel,D00631,91725,hsa:9132,P56696,-2.3825,1929,7597,0.2539160194813742,1928,0,1928,1.0
ion_channel,D00638,41022,hsa:3746,P48547,-7.6502,3224,7365,0.4377460964019009,3223,0,3223,1.0
ion_channel,D00639,21467,hsa:6328,Q9NY46,-6.3559,718,7282,0.09859928591046416,717,0,717,1.0
ion_channel,D00639,21467,hsa:6329,P35499,-6.2029,1007,7282,0.13828618511397966,1006,1,1005,0.9990059642147118
ion_channel,D00639,21467,hsa:6331,Q14524,-5.9123,1653,7282,0.22699807745124967,1652,2,1650,0.9987893462469734
ion_channel,D00642,64642,hsa:3756,O95259,-8.1923,4791,5853,0.8185545873910814,4790,2,4788,0.9995824634655532
ion_channel,D00642,64642,hsa:3776,O95069,-10.2586,1453,5853,0.24824876131898171,1452,1,1451,0.9993112947658402
ion_channel,D00642,64642,hsa:54207,P57789,-10.2639,1443,5853,0.24654023577652487,1442,0,1442,1.0
ion_channel,D00647,71329,hsa:3757,Q12809,-6.9569,1796,7376,0.24349240780911063,1795,0,1795,1.0
ion_channel,D00647,71329,hsa:3776,O95069,-6.7948,2120,7376,0.2874186550976139,2119,1,2118,0.9995280792826805
ion_channel,D00650,2315,hsa:3778,Q12791,-8.0168,2305,7376,0.3125,2304,0,2304,1.0
ion_channel,D00651,2343,hsa:3778,Q12791,-7.7538,2019,7295,0.27676490747087046,2018,0,2018,1.0
ion_channel,D00654,3647,hsa:3778,Q12791,-7.7394,777,7310,0.10629274965800274,776,0,776,1.0
ion_channel,D00656,4121,hsa:3778,Q12791,-7.2691,755,7319,0.10315616887552945,754,0,754,1.0
ion_channel,D00658,5560,hsa:3778,Q12791,-6.8942,2276,7312,0.3112691466083151,2275,0,2275,1.0
ion_channel,D00694,23706210,hsa:2554,P14867,-7.3251,3098,7397,0.4188184399080708,3097,0,3097,1.0
ion_channel,D00697,3373,hsa:2554,P14867,-6.1588,4857,7398,0.6565287915652879,4856,0,4856,1.0
ion_channel,D00704,5281077,hsa:2554,P14867,-4.3516,4332,7536,0.5748407643312102,4331,0,4331,1.0
ion_channel,D00709,5284583,hsa:8913,O43497,-5.2247,2744,7470,0.36733601070950467,2743,0,2743,1.0
ion_channel,D00711,15851,hsa:2554,P14867,-5.5594,3966,7465,0.5312793034159411,3965,4,3961,0.9989911727616646
ion_channel,D00711,15851,hsa:2557,P48169,-5.651,3651,7465,0.48908238446081714,3650,3,3647,0.9991780821917808
ion_channel,D00711,15851,hsa:2558,P31644,-5.307,4804,7465,0.643536503683858,4803,5,4798,0.9989589839683531
ion_channel,D00711,15851,hsa:2902,Q05586,-5.9954,2509,7465,0.3361018084393838,2508,2,2506,0.9992025518341308
ion_channel,D00711,15851,hsa:2903,Q12879,-6.9637,518,7465,0.06939048894842599,517,0,517,1.0
ion_channel,D00711,15851,hsa:2904,Q13224,-6.7557,770,7465,0.10314802411252512,769,1,768,0.9986996098829649
ion_channel,D00726,4168,hsa:1134,P02708,-5.3154,3814,7397,0.5156144382857916,3813,3,3810,0.999213217938631
ion_channel,D00726,4168,hsa:1135,Q15822,-5.4663,3254,7397,0.43990807083952954,3253,1,3252,0.9996925914540424
ion_channel,D00726,4168,hsa:1137,P43681,-4.8456,5547,7397,0.7498986075435987,5546,5,5541,0.9990984493328525
ion_channel,D00726,4168,hsa:1139,P36544,-5.2968,3888,7397,0.5256184939840476,3887,4,3883,0.998970928736815
ion_channel,D00726,4168,hsa:1141,P17787,-5.823,2142,7397,0.28957685548195217,2141,0,2141,1.0
ion_channel,D00726,4168,hsa:55584,Q9UGM1,-5.4135,3452,7397,0.4666756793294579,3451,2,3449,0.9994204578383077
ion_channel,D00735,68304,hsa:6328,Q9NY46,-7.5665,572,7079,0.080802373216556,571,1,570,0.9982486865148862
ion_channel,D00735,68304,hsa:6329,P35499,-7.2151,963,7079,0.13603616329990112,962,3,959,0.9968814968814969
ion_channel,D00735,68304,hsa:6331,Q14524,-7.8624,311,7079,0.043932758864246364,310,0,310,1.0
ion_channel,D00735,68304,hsa:6336,Q9Y5Y9,-7.4238,702,7079,0.09916654894759147,701,2,699,0.9971469329529244
ion_channel,D00740,5795,hsa:6261,P21817,-5.834,1852,7094,0.26106568931491403,1851,0,1851,1.0
ion_channel,D00740,5795,hsa:6262,Q92736,-5.4709,2829,7094,0.39878770792218776,2828,1,2827,0.9996463932107497
ion_channel,D00740,5795,hsa:6263,Q15413,-5.4401,2924,7094,0.41217930645616013,2923,2,2921,0.9993157714676703
ion_channel,D00761,24244,hsa:1135,Q15822,-8.5659,2419,7046,0.34331535623048537,2418,0,2418,1.0
ion_channel,D00765,441351,hsa:1135,Q15822,-1.0938,2565,7613,0.336923683173519,2564,0,2564,1.0
ion_channel,D00771,2733,hsa:3778,Q12791,-6.2051,1232,7473,0.16486016325438244,1231,0,1231,1.0
ion_channel,D00775,5070,hsa:2890,P42261,-3.9342,7058,7331,0.9627608784613286,7057,9,7048,0.9987246705398894
ion_channel,D00775,5070,hsa:2891,P42262,-5.8839,3835,7331,0.523120993043241,3834,5,3829,0.9986958789775692
ion_channel,D00775,5070,hsa:2895,O43424,-7.0755,762,7331,0.10394216341563224,761,1,760,0.9986859395532195
ion_channel,D00775,5070,hsa:2897,P39086,-7.0997,721,7331,0.09834947483290138,720,0,720,1.0
ion_channel,D00775,5070,hsa:55800,Q9NY72,-5.7453,4291,7331,0.5853226026462965,4290,7,4283,0.9983682983682983
ion_channel,D00775,5070,hsa:6324,Q07699,-5.9645,3596,7331,0.4905197108170782,3595,4,3591,0.9988873435326843
ion_channel,D00775,5070,hsa:6330,Q8IWT1,-5.7083,4415,7331,0.6022370754330924,4414,8,4406,0.9981875849569551
ion_channel,D00775,5070,hsa:6337,P37088,-7.0446,816,7331,0.11130814350020461,815,2,813,0.9975460122699387
ion_channel,D00775,5070,hsa:6338,P51168,-5.819,4051,7331,0.5525849133815305,4050,6,4044,0.9985185185185185
ion_channel,D00775,5070,hsa:6340,P51170,-6.4554,2179,7331,0.29723093711635523,2178,3,2175,0.9986225895316805
ion_channel,D00779,2381,hsa:1135,Q15822,-6.4038,4567,7523,0.6070716469493553,4566,0,4566,1.0
ion_channel,D00809,11065,hsa:3781,Q9H2S1,-6.0059,6498,7570,0.8583883751651255,6497,0,6497,1.0
ion_channel,D00823,62857,hsa:3781,Q9H2S1,-5.7697,6127,7390,0.8290933694181326,6126,0,6126,1.0
ion_channel,D00960,2187,hsa:1141,P17787,-7.1484,1948,7523,0.2589392529575967,1947,0,1947,1.0
ion_channel,D00963,60198,hsa:1141,P17787,-8.8232,1106,7572,0.14606444796619122,1105,0,1105,1.0
ion_channel,D00964,3902,hsa:1141,P17787,-7.4247,2287,7525,0.3039202657807309,2286,0,2286,1.0
ion_channel,D01071,3608,hsa:2554,P14867,-6.7579,2083,7466,0.27899812483257436,2082,0,2082,1.0
ion_channel,D01253,2910,hsa:2554,P14867,-7.0867,3880,7300,0.5315068493150685,3879,0,3879,1.0
ion_channel,D01256,62770,hsa:2891,P42262,-7.7435,4255,7414,0.5739142163474508,4254,1,4253,0.9997649271274095
ion_channel,D01256,62770,hsa:3778,Q12791,-9.7846,589,7414,0.07944429457782573,588,0,588,1.0
ion_channel,D01275,158550,hsa:6261,P21817,-9.397,489,7056,0.06930272108843537,488,1,487,0.9979508196721312
ion_channel,D01275,158550,hsa:6262,Q92736,-10.0338,147,7056,0.020833333333333332,146,0,146,1.0
ion_channel,D01275,158550,hsa:6263,Q15413,-9.3014,559,7056,0.0792233560090703,558,2,556,0.996415770609319
ion_channel,D01287,9270,hsa:6323,P35498,-9.8649,164,7569,0.021667327255912274,163,1,162,0.9938650306748467
ion_channel,D01287,9270,hsa:6326,Q99250,-9.5164,301,7569,0.039767472585546304,300,2,298,0.9933333333333333
ion_channel,D01287,9270,hsa:6328,Q9NY46,-10.4309,46,7569,0.00607742105958515,45,0,45,1.0
ion_channel,D01287,9270,hsa:6329,P35499,-9.118,543,7569,0.07173999207292905,542,4,538,0.992619926199262
ion_channel,D01287,9270,hsa:6331,Q14524,-8.8393,795,7569,0.10503369005152596,794,5,789,0.9937027707808564
ion_channel,D01287,9270,hsa:6335,Q15858,-8.8388,797,7569,0.10529792574976879,796,6,790,0.992462311557789
ion_channel,D01287,9270,hsa:6336,Q9Y5Y9,-9.4067,347,7569,0.04584489364513146,346,3,343,0.9913294797687862
ion_channel,D01350,5282415,hsa:6261,P21817,-8.2796,1250,7418,0.16850903208411971,1249,1,1248,0.9991993594875901
ion_channel,D01350,5282415,hsa:6262,Q92736,-8.9372,468,7418,0.06308978161229442,467,0,467,1.0
ion_channel,D01350,5282415,hsa:6263,Q15413,-7.8254,2128,7418,0.28686977622000537,2127,2,2125,0.999059708509638
ion_channel,D01450,64119,hsa:3752,Q9UK17,-1.6376,4046,7614,0.5313895455739427,4045,7,4038,0.9982694684796044
ion_channel,D01450,64119,hsa:6323,P35498,-1.929,698,7614,0.09167323351720515,697,2,695,0.9971305595408895
ion_channel,D01450,64119,hsa:6326,Q99250,-1.7986,1824,7614,0.23955870764381404,1823,3,1820,0.9983543609434997
ion_channel,D01450,64119,hsa:6328,Q9NY46,-2.0618,155,7614,0.020357236669293406,154,0,154,1.0
ion_channel,D01450,64119,hsa:6329,P35499,-1.6876,3321,7614,0.43617021276595747,3320,6,3314,0.9981927710843373
ion_channel,D01450,64119,hsa:6331,Q14524,-1.7304,2700,7614,0.3546099290780142,2699,5,2694,0.9981474620229714
ion_channel,D01450,64119,hsa:6335,Q15858,-1.7781,2047,7614,0.2688468610454426,2046,4,2042,0.9980449657869013
ion_channel,D01450,64119,hsa:6336,Q9Y5Y9,-2.0135,288,7614,0.037825059101654845,287,1,286,0.9965156794425087
ion_channel,D01453,27072,hsa:1080,P13569,-7.3061,798,7398,0.10786699107866991,797,0,797,1.0
ion_channel,D01453,27072,hsa:3783,O15554,-6.4948,2438,7398,0.3295485266288186,2437,3,2434,0.9987689782519491
ion_channel,D01453,27072,hsa:6261,P21817,-6.5467,2314,7398,0.31278723979453904,2313,2,2311,0.9991353220925205
ion_channel,D01453,27072,hsa:6262,Q92736,-6.6631,2038,7398,0.27547985942146525,2037,1,2036,0.9995090819833088
ion_channel,D01453,27072,hsa:6263,Q15413,-6.4374,2590,7398,0.3500946201676129,2589,4,2585,0.9984550019312476
ion_channel,D01712,157313,hsa:1080,P13569,-9.2333,471,7164,0.06574539363484087,470,0,470,1.0
ion_channel,D01712,157313,hsa:3783,O15554,-7.3416,3478,7164,0.48548297040759353,3477,4,3473,0.998849582973828
ion_channel,D01712,157313,hsa:6261,P21817,-7.6666,2726,7164,0.3805136795086544,2725,2,2723,0.9992660550458715
ion_channel,D01712,157313,hsa:6262,Q92736,-7.8001,2429,7164,0.3390563930764936,2428,1,2427,0.9995881383855024
ion_channel,D01712,157313,hsa:6263,Q15413,-7.6001,2884,7164,0.4025683975432719,2883,3,2880,0.9989594172736732
ion_channel,D01799,71793,hsa:3767,Q14654,-6.2748,4208,7322,0.5747063643813166,4207,0,4207,1.0
ion_channel,D01969,119442,hsa:779,Q13698,-4.115,6566,6838,0.9602222872184849,6565,0,6565,1.0
ion_channel,D02041,656664,hsa:2741,P23415,-6.8078,3441,7392,0.4655032467532468,3440,0,3440,1.0
ion_channel,D02041,656664,hsa:2742,P23416,-6.466,4447,7392,0.6015963203463204,4446,2,4444,0.9995501574448943
ion_channel,D02041,656664,hsa:8001,O75311,-6.5988,4051,7392,0.5480248917748918,4050,1,4049,0.9997530864197531
ion_channel,D02088,108173,hsa:6328,Q9NY46,-6.7372,647,7531,0.0859115655291462,646,0,646,1.0
ion_channel,D02088,108173,hsa:6329,P35499,-6.4455,1221,7531,0.1621298632319745,1220,1,1219,0.9991803278688525
ion_channel,D02088,108173,hsa:6331,Q14524,-6.0202,2360,7531,0.3133713982206878,2359,2,2357,0.9991521831284442
ion_channel,D02173,121587,hsa:1134,P02708,-7.0375,2941,7392,0.3978625541125541,2940,1,2939,0.9996598639455783
ion_channel,D02173,121587,hsa:1135,Q15822,-6.385,4902,7392,0.6631493506493507,4901,4,4897,0.9991838400326464
ion_channel,D02173,121587,hsa:1137,P43681,-7.3549,2109,7392,0.28530844155844154,2108,0,2108,1.0
ion_channel,D02173,121587,hsa:1139,P36544,-6.8324,3551,7392,0.4803841991341991,3550,3,3547,0.9991549295774648
ion_channel,D02173,121587,hsa:55584,Q9UGM1,-6.8332,3548,7392,0.479978354978355,3547,2,3545,0.9994361432196223
ion_channel,D02347,6914273,hsa:6261,P21817,-7.9902,2260,7393,0.3056945759502232,2259,0,2259,1.0
ion_channel,D02356,2520,hsa:10008,Q9Y6H6,-4.6038,6809,7445,0.9145735392881128,6808,40,6768,0.9941245593419507
ion_channel,D02356,2520,hsa:27345,Q86W47,-5.7763,4484,7445,0.6022834116856951,4483,30,4453,0.9933080526433192
ion_channel,D02356,2520,hsa:3738,P22001,-7.6965,472,7445,0.06339825386165211,471,0,471,1.0
ion_channel,D02356,2520,hsa:3745,Q14721,-5.8212,4349,7445,0.584150436534587,4348,28,4320,0.9935602575896965
ion_channel,D02356,2520,hsa:3746,P48547,-5.4397,5397,7445,0.7249160510409671,5396,34,5362,0.9936990363232023
ion_channel,D02356,2520,hsa:3749,Q03721,-3.9197,7186,7445,0.965211551376763,7185,44,7141,0.9938761308281141
ion_channel,D02356,2520,hsa:3751,Q9NZV8,-7.2071,997,7445,0.13391537944929482,996,5,991,0.9949799196787149
ion_channel,D02356,2520,hsa:3752,Q9UK17,-6.7685,1810,7445,0.24311618535930155,1809,11,1798,0.9939192924267551
ion_channel,D02356,2520,hsa:3753,P15382,-5.757,4539,7445,0.609670920080591,4538,31,4507,0.9931687968267959
ion_channel,D02356,2520,hsa:3756,O95259,-4.5171,6880,7445,0.9241101410342512,6879,42,6837,0.9938944614042738
ion_channel,D02356,2520,hsa:3757,Q12809,-6.4579,2550,7445,0.3425117528542646,2549,18,2531,0.9929384072185171
ion_channel,D02356,2520,hsa:3759,P63252,-3.5661,7282,7445,0.9781061114842176,7281,45,7236,0.9938195302843016
ion_channel,D02356,2520,hsa:3761,P48050,-3.5648,7283,7445,0.9782404298186702,7282,46,7236,0.9936830541060149
ion_channel,D02356,2520,hsa:3765,Q92806,-3.535,7289,7445,0.9790463398253861,7288,47,7241,0.9935510428100988
ion_channel,D02356,2520,hsa:3775,O00180,-6.1383,3438,7445,0.46178643384822027,3437,24,3413,0.9930171661332557
ion_channel,D02356,2520,hsa:3778,Q12791,-6.7342,1865,7445,0.25050369375419745,1864,12,1852,0.9935622317596566
ion_channel,D02356,2520,hsa:3781,Q9H2S1,-6.1882,3302,7445,0.4435191403626595,3301,22,3279,0.9933353529233565
ion_channel,D02356,2520,hsa:3783,O15554,-6.5466,2321,7445,0.31175285426460714,2320,14,2306,0.9939655172413793
ion_channel,D02356,2520,hsa:3784,P51787,-5.9688,3888,7445,0.5222296843519141,3887,25,3862,0.9935683046050939
ion_channel,D02356,2520,hsa:3785,O43526,-6.5104,2414,7445,0.32424445936870383,2413,16,2397,0.9933692498963945
ion_channel,D02356,2520,hsa:3786,O43525,-6.2321,3177,7445,0.4267293485560779,3176,21,3155,0.9933879093198993
ion_channel,D02356,2520,hsa:50801,Q9NYG8,-6.3062,2965,7445,0.3982538616521155,2964,20,2944,0.9932523616734144
ion_channel,D02356,2520,hsa:51305,Q9NPC2,-2.6483,7401,7445,0.9940899932840833,7400,48,7352,0.9935135135135135
ion_channel,D02356,2520,hsa:5310,P98161,-7.2125,985,7445,0.132303559435863,984,4,980,0.9959349593495935
ion_channel,D02356,2520,hsa:54207,P57789,-5.5517,5101,7445,0.6851578240429819,5100,33,5067,0.9935294117647059
ion_channel,D02356,2520,hsa:55503,Q9H1D0,-6.9957,1359,7445,0.18253861652115513,1358,9,1349,0.9933726067746687
ion_channel,D02356,2520,hsa:55800,Q9NY72,-5.4073,5473,7445,0.7351242444593687,5472,35,5437,0.9936038011695907
ion_channel,D02356,2520,hsa:56479,Q9NR82,-4.5384,6867,7445,0.9223640026863666,6866,41,6825,0.9940285464608214
ion_channel,D02356,2520,hsa:6261,P21817,-7.0534,1243,7445,0.16695768972464742,1242,7,1235,0.9943639291465378
ion_channel,D02356,2520,hsa:6262,Q92736,-7.013,1322,7445,0.17756883814640698,1321,8,1313,0.9939439818319455
ion_channel,D02356,2520,hsa:6263,Q15413,-6.5748,2255,7445,0.30288784419073206,2254,13,2241,0.9942324755989352
ion_channel,D02356,2520,hsa:6324,Q07699,-4.9628,6398,7445,0.8593687038280725,6397,37,6360,0.9942160387681725
ion_channel,D02356,2520,hsa:6330,Q8IWT1,-6.16,3378,7445,0.4537273337810611,3377,23,3354,0.9931892212022505
ion_channel,D02356,2520,hsa:6337,P37088,-7.6041,559,7445,0.0750839489590329,558,2,556,0.996415770609319
ion_channel,D02356,2520,hsa:6338,P51168,-4.8034,6593,7445,0.8855607790463398,6592,39,6553,0.9940837378640777
ion_channel,D02356,2520,hsa:6340,P51170,-7.0583,1231,7445,0.1653458697112156,1230,6,1224,0.9951219512195122
ion_channel,D02356,2520,hsa:773,O00555,-4.9486,6424,7445,0.8628609805238415,6423,38,6385,0.9940837614821735
ion_channel,D02356,2520,hsa:776,Q01668,-7.5499,612,7445,0.0822028206850235,611,3,608,0.9950900163666121
ion_channel,D02356,2520,hsa:777,Q15878,-7.6807,488,7445,0.06554734721289456,487,1,486,0.997946611909651
ion_channel,D02356,2520,hsa:779,Q13698,-4.0314,7141,7445,0.9591672263263935,7140,43,7097,0.9939775910364146
ion_channel,D02356,2520,hsa:781,P54289,-5.7827,4470,7445,0.6004029550033579,4469,29,4440,0.993510852539718
ion_channel,D02356,2520,hsa:782,Q02641,-6.4298,2626,7445,0.35271994627266623,2625,19,2606,0.9927619047619047
ion_channel,D02356,2520,hsa:784,P54284,-6.5219,2386,7445,0.32048354600402956,2385,15,2370,0.9937106918238994
ion_channel,D02356,2520,hsa:785,O00305,-5.0002,6333,7445,0.8506380120886501,6332,36,6296,0.9943145925457991
ion_channel,D02356,2520,hsa:8514,Q13303,-5.9328,3995,7445,0.5366017461383479,3994,26,3968,0.9934902353530295
ion_channel,D02356,2520,hsa:8913,O43497,-6.9819,1382,7445,0.18562793821356616,1381,10,1371,0.9927588703837799
ion_channel,D02356,2520,hsa:8989,O75762,-6.5,2441,7445,0.32787105439892544,2440,17,2423,0.9930327868852459
ion_channel,D02356,2520,hsa:9132,P56696,-5.8781,4165,7445,0.5594358629952989,4164,27,4137,0.9935158501440923
ion_channel,D02356,2520,hsa:9992,Q9Y6J6,-5.5623,5065,7445,0.6803223640026864,5064,32,5032,0.9936808846761453
ion_channel,D02360,68617,hsa:6532,P31645,-10.0571,37,7525,0.004916943521594684,36,0,36,1.0
ion_channel,D02362,43815,hsa:6532,P31645,-10.6863,21,7460,0.002815013404825737,20,0,20,1.0
ion_channel,D02409,23669229,hsa:1080,P13569,-1.2496,3825,7613,0.5024300538552476,3824,3,3821,0.9992154811715481
ion_channel,D02409,23669229,hsa:3783,O15554,-1.2559,3647,7613,0.4790489951398923,3646,2,3644,0.9994514536478333
ion_channel,D02409,23669229,hsa:6261,P21817,-1.2034,4805,7613,0.6311572310521476,4804,4,4800,0.9991673605328892
ion_channel,D02409,23669229,hsa:6262,Q92736,-1.3512,1628,7613,0.21384473926178904,1627,0,1627,1.0
ion_channel,D02409,23669229,hsa:6263,Q15413,-1.3025,2543,7613,0.334033889399711,2542,1,2541,0.9996066089693155
ion_channel,D02461,22502,hsa:2554,P14867,-7.7239,3380,7204,0.4691837867851194,3379,2,3377,0.999408108907961
ion_channel,D02461,22502,hsa:2557,P48169,-8.2467,2124,7204,0.29483620210993894,2123,1,2122,0.9995289684408856
ion_channel,D02461,22502,hsa:2558,P31644,-8.2988,2021,7204,0.2805385896724042,2020,0,2020,1.0
ion_channel,D02546,11954253,hsa:2897,P39086,-1.587,4662,7613,0.6123735715223959,4661,1,4660,0.9997854537652864
ion_channel,D02546,11954253,hsa:2898,Q13002,-1.6614,3706,7613,0.48679889662419545,3705,0,3705,1.0
ion_channel,D03180,2479,hsa:2554,P14867,-5.6387,3201,7532,0.42498672331386084,3200,0,3200,1.0
ion_channel,D03580,9859832,hsa:1134,P02708,-5.876,5368,7525,0.7133554817275748,5367,5,5362,0.9990683808459102
ion_channel,D03580,9859832,hsa:1135,Q15822,-6.1992,4431,7525,0.5888372093023255,4430,2,4428,0.999548532731377
ion_channel,D03580,9859832,hsa:1136,P32297,-5.9149,5245,7525,0.6970099667774087,5244,4,5240,0.9992372234935164
ion_channel,D03580,9859832,hsa:1137,P43681,-6.9903,2183,7525,0.29009966777408636,2182,0,2182,1.0
ion_channel,D03580,9859832,hsa:1139,P36544,-6.4674,3578,7525,0.4754817275747508,3577,1,3576,0.9997204361196533
ion_channel,D03580,9859832,hsa:55584,Q9UGM1,-6.0172,4932,7525,0.6554152823920266,4931,3,4928,0.9993916041370918
ion_channel,D03742,5360696,hsa:1135,Q15822,-6.0136,5726,7525,0.7609302325581395,5725,1,5724,0.999825327510917
ion_channel,D03742,5360696,hsa:6532,P31645,-8.9765,73,7525,0.009700996677740863,72,0,72,1.0
ion_channel,D03878,6420042,hsa:2902,Q05586,-9.5958,3488,7519,0.4638914749301769,3487,2,3485,0.9994264410668197
ion_channel,D03878,6420042,hsa:2903,Q12879,-11.2968,661,7519,0.08791062641308685,660,0,660,1.0
ion_channel,D03878,6420042,hsa:2904,Q13224,-10.2516,2104,7519,0.279824444739992,2103,1,2102,0.9995244888254874
ion_channel,D04034,23724898,hsa:3781,Q9H2S1,-8.6325,5833,7197,0.8104765874670001,5832,0,5832,1.0
ion_channel,D04985,9034,hsa:2554,P14867,-5.5703,4014,7466,0.5376372890436646,4013,0,4013,1.0
ion_channel,D05453,9795678,hsa:1136,P32297,-6.1577,3796,6531,0.5812279895881182,3795,3,3792,0.9992094861660079
ion_channel,D05453,9795678,hsa:1137,P43681,-7.3377,1158,6531,0.1773082223242995,1157,0,1157,1.0
ion_channel,D05453,9795678,hsa:1139,P36544,-6.4759,2967,6531,0.45429490124023886,2966,2,2964,0.9993256911665542
ion_channel,D05453,9795678,hsa:55584,Q9UGM1,-6.8911,1999,6531,0.3060787015770939,1998,1,1997,0.9994994994994995
ion_channel,D06106,3032285,hsa:2554,P14867,-5.2846,3754,7466,0.5028127511384946,3753,0,3753,1.0
ion_channel,D06172,38945,hsa:6331,Q14524,-6.0254,2341,7532,0.3108072225172597,2340,0,2340,1.0
nuclear_receptor,D00040,5997,hsa:6095,P35398,-11.4303,6,7568,0.0007928118393234672,5,0,5,1.0
nuclear_receptor,D00066,5994,hsa:2099,P03372,-10.1335,89,7572,0.011753829899630216,88,1,87,0.9886363636363636
nuclear_receptor,D00066,5994,hsa:5241,P06401,-11.2707,7,7572,0.0009244585314315901,6,0,6,1.0
nuclear_receptor,D00067,5870,hsa:2099,P03372,-10.2266,104,7525,0.013820598006644518,103,0,103,1.0
nuclear_receptor,D00075,6013,hsa:367,P10275,-7.8647,2281,7523,0.3032035092383358,2280,0,2280,1.0
nuclear_receptor,D00088,5754,hsa:2908,P04150,-7.6605,2285,7519,0.30389679478654075,2284,0,2284,1.0
nuclear_receptor,D00094,444795,hsa:190,P51843,-5.5634,6958,7523,0.924896982586734,6957,7,6950,0.9989938191749317
nuclear_receptor,D00094,444795,hsa:5914,P10276,-11.0287,3,7523,0.00039877708361026184,2,0,2,1.0
nuclear_receptor,D00094,444795,hsa:5915,P10826,-10.132,24,7523,0.0031902166688820947,23,2,21,0.9130434782608695
nuclear_receptor,D00094,444795,hsa:5916,P13631,-10.324,12,7523,0.0015951083344410474,11,1,10,0.9090909090909091
nuclear_receptor,D00094,444795,hsa:6097,P51449,-8.5572,569,7523,0.075634720191413,568,3,565,0.9947183098591549
nuclear_receptor,D00094,444795,hsa:6256,P19793,-6.6745,4518,7523,0.6005582879170543,4517,6,4511,0.9986716847465131
nuclear_receptor,D00094,444795,hsa:6257,P28702,-7.4254,2337,7523,0.310647348132394,2336,5,2331,0.9978595890410958
nuclear_receptor,D00094,444795,hsa:6258,P48443,-8.0344,1162,7523,0.15445965705170808,1161,4,1157,0.9965546942291128
nuclear_receptor,D00105,5757,hsa:2099,P03372,-10.1508,90,7572,0.011885895404120444,89,0,89,1.0
nuclear_receptor,D00105,5757,hsa:2100,Q92731,-9.8433,168,7572,0.022187004754358162,167,1,166,0.9940119760479041
nuclear_receptor,D00129,5280453,hsa:7421,P11473,-9.367,309,7566,0.0408406026962728,308,0,308,1.0
nuclear_receptor,D00143,8955,hsa:8856,O75469,-8.8714,623,7523,0.08281270769639772,622,0,622,1.0
nuclear_receptor,D00163,10133,hsa:9971,Q96RI1,-7.4558,3034,7514,0.40377961139206814,3033,0,3033,1.0
nuclear_receptor,D00182,6230,hsa:5241,P06401,-10.3546,51,7331,0.006956758968762788,50,0,50,1.0
nuclear_receptor,D00187,5280793,hsa:7421,P11473,-12.0797,5,7567,0.0006607638430025109,4,0,4,1.0
nuclear_receptor,D00188,5280795,hsa:7421,P11473,-11.9154,3,7566,0.0003965107057890563,2,0,2,1.0
nuclear_receptor,D00211,135398735,hsa:8856,O75469,-8.0929,2328,7031,0.331105105959323,2327,0,2327,1.0
nuclear_receptor,D00246,5281004,hsa:2908,P04150,-7.3361,3008,7512,0.40042598509052185,3007,0,3007,1.0
nuclear_receptor,D00279,2796,hsa:5465,Q07869,-6.7493,427,7533,0.056683924067436615,426,0,426,1.0
nuclear_receptor,D00299,5311071,hsa:7421,P11473,-10.9637,54,7567,0.007136249504427118,53,0,53,1.0
nuclear_receptor,D00312,23667301,hsa:2099,P03372,-1.1632,5375,7384,0.7279252437703142,5374,0,5374,1.0
nuclear_receptor,D00316,5282375,hsa:5914,P10276,-6.4178,4949,7572,0.6535921817221342,4948,4,4944,0.9991915925626516
nuclear_receptor,D00316,5282375,hsa:5915,P10826,-6.8336,3625,7572,0.47873745377707344,3624,2,3622,0.9994481236203091
nuclear_receptor,D00316,5282375,hsa:5916,P13631,-9.6355,51,7572,0.006735340729001585,50,0,50,1.0
nuclear_receptor,D00316,5282375,hsa:6256,P19793,-6.1209,5944,7572,0.7849973586899102,5943,5,5938,0.9991586740703349
nuclear_receptor,D00316,5282375,hsa:6257,P28702,-6.5939,4381,7572,0.5785789751716851,4380,3,4377,0.9993150684931507
nuclear_receptor,D00316,5282375,hsa:6258,P48443,-6.8474,3582,7572,0.47305863708399365,3581,1,3580,0.9997207483943032
nuclear_receptor,D00327,6446,hsa:2099,P03372,-10.4264,35,7455,0.004694835680751174,34,0,34,1.0
nuclear_receptor,D00327,6446,hsa:367,P10275,-7.5098,3132,7455,0.42012072434607645,3131,1,3130,0.9996806132226126
nuclear_receptor,D00348,5282379,hsa:5914,P10276,-10.047,20,7523,0.002658513890735079,19,0,19,1.0
nuclear_receptor,D00443,5833,hsa:4306,P08235,-7.3741,3853,7518,0.5125033253524873,3852,0,3852,1.0
nuclear_receptor,D00462,5878,hsa:367,P10275,-7.2782,3731,7523,0.495945766316629,3730,0,3730,1.0
nuclear_receptor,D00506,4763,hsa:9970,Q14994,-9.0952,8,7529,0.0010625581086465667,7,0,7,1.0
nuclear_receptor,D00554,5991,hsa:2099,P03372,-10.7505,32,7572,0.004226096143687269,31,0,31,1.0
nuclear_receptor,D00565,3339,hsa:5465,Q07869,-8.8332,364,7523,0.04838495281137844,363,0,363,1.0
nuclear_receptor,D00577,448537,hsa:2099,P03372,-7.8619,340,7572,0.04490227152667723,339,1,338,0.9970501474926253
nuclear_receptor,D00577,448537,hsa:2100,Q92731,-8.9151,28,7572,0.0036978341257263604,27,0,27,1.0
nuclear_receptor,D00577,448537,hsa:2101,P11474,-5.6483,4927,7572,0.6506867406233492,4926,3,4923,0.9993909866017052
nuclear_receptor,D00577,448537,hsa:2104,P62508,-6.2386,3089,7572,0.40795034337031166,3088,2,3086,0.9993523316062176
nuclear_receptor,D00585,55245,hsa:2908,P04150,-7.836,2321,7445,0.31175285426460714,2320,2,2318,0.9991379310344828
nuclear_receptor,D00585,55245,hsa:367,P10275,-7.9107,2125,7445,0.28542646071188715,2124,1,2123,0.9995291902071564
nuclear_receptor,D00585,55245,hsa:4306,P08235,-7.9645,1983,7445,0.26635325721961045,1982,0,1982,1.0
nuclear_receptor,D00585,55245,hsa:5241,P06401,-7.2621,4088,7445,0.5490933512424446,4087,3,4084,0.9992659652556888
nuclear_receptor,D00586,3397,hsa:367,P10275,-8.2143,208,7401,0.028104310228347522,207,0,207,1.0
nuclear_receptor,D00596,5281055,hsa:5468,P37231,-10.6579,404,7179,0.05627524724892046,403,0,403,1.0
nuclear_receptor,D00627,65999,hsa:5468,P37231,-11.4317,88,7342,0.011985834922364479,87,0,87,1.0
nuclear_receptor,D00690,441336,hsa:5241,P06401,-6.9885,4215,7439,0.5666084151095577,4214,0,4214,1.0
nuclear_receptor,D00730,2482,hsa:8856,O75469,-6.1332,1304,7532,0.1731279872543813,1303,0,1303,1.0
nuclear_receptor,D00898,667476,hsa:2099,P03372,-8.7512,168,7572,0.022187004754358162,167,0,167,1.0
nuclear_receptor,D00930,5281104,hsa:7421,P11473,-11.6053,2,7566,0.0002643404705260375,1,0,1,1.0
nuclear_receptor,D00950,13109,hsa:2099,P03372,-8.6396,738,7523,0.09809916256812441,737,1,736,0.9986431478968792
nuclear_receptor,D00950,13109,hsa:5241,P06401,-9.8698,111,7523,0.014754752093579689,110,0,110,1.0
nuclear_receptor,D00951,6279,hsa:5241,P06401,-6.8848,4567,7569,0.6033822169375083,4566,0,4566,1.0
nuclear_receptor,D00954,13109,hsa:2099,P03372,-8.6396,738,7523,0.09809916256812441,737,1,736,0.9986431478968792
nuclear_receptor,D00954,13109,hsa:5241,P06401,-9.8698,111,7523,0.014754752093579689,110,0,110,1.0
nuclear_receptor,D00956,229455,hsa:367,P10275,-9.0045,1592,7567,0.21038720761199947,1591,0,1591,1.0
nuclear_receptor,D00961,2375,hsa:367,P10275,-8.2222,1815,7202,0.25201332963065814,1814,0,1814,1.0
nuclear_receptor,D00962,6420009,hsa:2099,P03372,-6.9114,4562,6810,0.6698972099853158,4561,0,4561,1.0
nuclear_receptor,D00965,4493,hsa:367,P10275,-8.9864,158,7394,0.021368677305923723,157,0,157,1.0
nuclear_receptor,D01115,443872,hsa:4306,P08235,-7.7822,3279,7567,0.43332892824104663,3278,0,3278,1.0
nuclear_receptor,D01132,5381,hsa:5914,P10276,-6.4547,5455,7459,0.7313312776511597,5454,5,5449,0.9990832416574991
nuclear_receptor,D01132,5381,hsa:5915,P10826,-6.7743,4481,7459,0.6007507708808151,4480,4,4476,0.9991071428571429
nuclear_receptor,D01132,5381,hsa:5916,P13631,-10.5368,9,7459,0.0012065960584528757,8,0,8,1.0
nuclear_receptor,D01132,5381,hsa:6256,P19793,-6.931,3989,7459,0.5347901863520579,3988,3,3985,0.9992477432296891
nuclear_receptor,D01132,5381,hsa:6257,P28702,-7.0366,3658,7459,0.4904142646467355,3657,2,3655,0.9994531036368608
nuclear_receptor,D01132,5381,hsa:6258,P48443,-7.5733,2170,7459,0.29092371631586006,2169,1,2168,0.9995389580451821
nuclear_receptor,D01161,104741,hsa:2099,P03372,-9.6119,180,7335,0.024539877300613498,179,0,179,1.0
nuclear_receptor,D01161,104741,hsa:2100,Q92731,-8.273,997,7335,0.13592365371506476,996,1,995,0.998995983935743
nuclear_receptor,D01217,60953,hsa:5241,P06401,-8.0801,440,7217,0.06096716087016766,439,0,439,1.0
nuclear_receptor,D01294,1547484,hsa:2099,P03372,-11.0952,35,7569,0.004624124719249571,34,0,34,1.0
nuclear_receptor,D01294,1547484,hsa:5241,P06401,-8.3818,2132,7569,0.2816752543268596,2131,1,2130,0.999530736743313
nuclear_receptor,D01387,5807,hsa:2908,P04150,-6.9535,422,7464,0.05653804930332262,421,0,421,1.0
nuclear_receptor,D01689,5663,hsa:2908,P04150,-8.6631,1340,7450,0.17986577181208055,1339,0,1339,1.0
nuclear_receptor,D02217,54900,hsa:2099,P03372,-8.5677,2151,7261,0.2962401873020245,2150,1,2149,0.9995348837209302
nuclear_receptor,D02217,54900,hsa:2100,Q92731,-9.3674,966,7261,0.13303952623605564,965,0,965,1.0
nuclear_receptor,D02367,40973,hsa:2099,P03372,-9.1424,387,7572,0.051109350237717906,386,1,385,0.9974093264248705
nuclear_receptor,D02367,40973,hsa:5241,P06401,-9.4752,235,7572,0.03103539355520338,234,0,234,1.0
nuclear_receptor,D04066,259331,hsa:2099,P03372,-8.1694,1162,7377,0.15751660566626,1161,0,1161,1.0
nuclear_receptor,D04066,259331,hsa:2100,Q92731,-7.0762,3529,7377,0.4783787447471872,3528,1,3527,0.9997165532879818
nuclear_receptor,D05341,985,hsa:3174,Q14541,-6.2531,398,7528,0.052869287991498405,397,0,397,1.0
