row_index,outcome,label,prediction,score,category,kegg_drug,pubchem_cid,ligand_title,kegg_target,uniprot_id,ligand_yamanishi_degree,ligand_yamanishi_degree_bin,target_yamanishi_degree,target_yamanishi_degree_bin,affinity,rank,inverted_rank,proportion
4074,FP,0,1,0.5433333333333333,enzyme,D01973,656631,Eletriptan Hydrobromide,hsa:1583,P05108,1.0,1,10.0,4-10,-9.0995,6040.0,708.0,0.8950800237107291
2559,TP,1,1,0.85,ion_channel,D02356,2520,Verapamil,hsa:3751,Q9NZV8,121.0,>30,2.0,2-3,-7.2071,6449.0,996.0,0.8662189388851578
2088,FN,1,0,0.31666666666666665,gpcr,D05129,50294,Nedocromil,hsa:10800,Q9Y271,4.0,4-10,3.0,2-3,-8.4104,6969.0,482.0,0.9353106965507986
0,TP,1,1,0.9833333333333333,enzyme,D00002,5893,Nadide (JAN/USAN/INN),hsa:10,P11245,37.0,>30,2.0,2-3,-10.3354,6797.0,254.0,0.9639767408878174
2151,FN,1,0,0.47333333333333333,ion_channel,D00294,3019,Diazoxide,hsa:3778,Q12791,80.0,>30,12.0,11-30,-7.1683,6796.0,539.0,0.9265167007498296
2021,TP,1,1,0.8933333333333333,gpcr,D02356,2520,Verapamil,hsa:150,P08913,7.0,4-10,29.0,11-30,-6.9827,6066.0,1379.0,0.8147750167897918
1854,TP,1,1,0.71,gpcr,D00524,5831,Carbachol,hsa:1129,P08172,3.0,2-3,21.0,11-30,-1.1531,5327.0,2287.0,0.699632256369845
4471,TN,0,0,0.16666666666666666,gpcr,D02327,11224,Donormil,hsa:1814,P35462,2.0,2-3,13.0,11-30,-7.969,6375.0,1000.0,0.864406779661017
1053,FN,1,0,0.09,enzyme,D01370,65326,Ephedrine Hydrochloride,hsa:4860,P00491,1.0,1,2.0,2-3,-5.2981,3557.0,3691.0,0.4907560706401766
4925,TN,0,0,0.37333333333333335,ion_channel,D00709,5284583,Levetiracetam,hsa:57192,Q9GZU1,2.0,2-3,1.0,1,-5.2172,4696.0,2774.0,0.6286479250334672
1249,TP,1,1,0.75,enzyme,D02321,2179,Amsacrine,hsa:7153,P11388,2.0,2-3,15.0,11-30,-9.1846,6684.0,692.0,0.9061822125813449
4355,TN,0,0,0.30333333333333334,enzyme,D00185,5756,Estriol,hsa:3712,P26440,1.0,1,1.0,1,-9.0044,6921.0,651.0,0.9140253565768621
3958,TN,0,0,0.36333333333333334,enzyme,D00049,938,Nicotinic Acid,hsa:84532,Q9NUB1,2.0,2-3,1.0,1,-2.6908,97.0,7376.0,0.012980061554931085
3882,TN,0,0,0.21333333333333335,enzyme,D01547,5485193,Imidapril Hydrochloride,hsa:30814,Q9NZK7,2.0,2-3,1.0,1,-7.6132,5114.0,1455.0,0.7785050997107626
4248,TN,0,0,0.2633333333333333,enzyme,D00183,4421,Nalidixic Acid,hsa:51645,Q9Y3C6,2.0,2-3,1.0,1,-6.7468,5381.0,2022.0,0.7268674861542618
906,TP,1,1,0.99,enzyme,D00960,2187,Anastrozole,hsa:1555,P20813,24.0,11-30,18.0,11-30,-8.2223,7102.0,421.0,0.9440382826000265
4249,TN,0,0,0.14,enzyme,D00893,16759173,Pravastatin Sodium,hsa:11202,O60259,1.0,1,2.0,2-3,-1.56,6641.0,218.0,0.9682169412450795
854,TP,1,1,0.5866666666666667,enzyme,D00658,5560,Trichlormethiazide,hsa:762,P22748,4.0,4-10,18.0,11-30,-6.5356,4060.0,3252.0,0.5552516411378556
2839,TN,0,0,0.16666666666666666,enzyme,D00947,441401,Linezolid,hsa:3480,P08069,1.0,1,8.0,4-10,-7.0958,4597.0,2793.0,0.6220568335588633
1774,TP,1,1,0.7866666666666666,gpcr,D00437,4485,Nifedipine,hsa:153,P08588,9.0,4-10,31.0,>30,-6.3253,5618.0,1837.0,0.753588195841717
2564,TP,1,1,0.9233333333333333,ion_channel,D02356,2520,Verapamil,hsa:3759,P63252,121.0,>30,2.0,2-3,-3.5661,163.0,7282.0,0.021893888515782403
2454,TP,1,1,0.6333333333333333,ion_channel,D00642,64642,Quinaglute (TN),hsa:54207,P57789,17.0,11-30,4.0,4-10,-10.2639,4410.0,1443.0,0.7534597642234752
4619,TN,0,0,0.44333333333333336,gpcr,D00095,5816,Epinephrine,hsa:151,P18089,3.0,2-3,25.0,11-30,-6.694,7285.0,247.0,0.967206585236325
1110,FN,1,0,0.4533333333333333,enzyme,D01712,157313,Epinastine Hydrochloride,hsa:5143,Q08493,19.0,11-30,20.0,11-30,-8.0387,5201.0,1963.0,0.7259910664433278
1067,TP,1,1,0.9133333333333333,enzyme,D01425,151114,Exatecan Mesylate,hsa:1571,P05181,24.0,11-30,23.0,11-30,-11.7159,6049.0,760.0,0.8883830224702599
5293,TN,0,0,0.42333333333333334,ion_channel,D00274,2769,Cisapride (USP/INN),hsa:55584,Q9UGM1,1.0,1,14.0,11-30,-7.3153,4788.0,2483.0,0.6585063952688763
4212,TN,0,0,0.3233333333333333,enzyme,D00054,135398641,Inosine,hsa:3716,P23458,1.0,1,1.0,1,-7.4517,6494.0,900.0,0.8782796862320801
1336,FN,1,0,0.34,enzyme,D02769,6083,Adenosine Monophosphate,hsa:5836,P06737,11.0,11-30,1.0,1,-8.7988,7168.0,127.0,0.9825908156271419
1731,TP,1,1,0.8866666666666667,gpcr,D00283,135398737,Clozapine,hsa:1815,P21917,25.0,11-30,4.0,4-10,-9.1319,7185.0,208.0,0.9718652779656431
2562,TP,1,1,0.97,ion_channel,D02356,2520,Verapamil,hsa:3756,O95259,121.0,>30,4.0,4-10,-4.5171,565.0,6880.0,0.07588985896574882
4576,TN,0,0,0.4066666666666667,gpcr,D02588,6917793,Montirelin,hsa:2550,Q9UBS5,1.0,1,1.0,1,-8.3069,6556.0,720.0,0.9010445299615173
4541,TN,0,0,0.44,gpcr,D02359,33572,Ritodrine,hsa:10800,Q9Y271,1.0,1,3.0,2-3,-8.4333,7160.0,363.0,0.9517479728831583
2043,FN,1,0,0.33666666666666667,gpcr,D02588,6917793,Montirelin,hsa:7201,P34981,1.0,1,3.0,2-3,-8.5525,6812.0,464.0,0.9362286970863112
3328,TN,0,0,0.20333333333333334,enzyme,D00035,145742,L-Proline,hsa:3055,P08631,4.0,4-10,1.0,1,-4.7597,5768.0,1705.0,0.7718453097818815
3123,TN,0,0,0.15666666666666668,enzyme,D00593,3476,"1H-Pyrrole-1-carboxamide, 3-ethyl-2,5-dihydro-4-methyl-N-2-4-(trans-4-methylcyclohexyl)aminocarbonylaminosulfonylphenylethyl-2-oxo-",hsa:5327,P00750,1.0,1,2.0,2-3,-8.9109,5183.0,2171.0,0.7047865107424531
4519,FP,0,1,0.5366666666666666,gpcr,D00726,4168,Metoclopramide,hsa:6010,P08100,15.0,11-30,1.0,1,-5.765,5093.0,2304.0,0.6885223739353792
4583,TN,0,0,0.36333333333333334,gpcr,D03210,9869929,Avanafil,hsa:1268,P21554,1.0,1,1.0,1,-8.7837,6363.0,811.0,0.8869528854195706
4002,TN,0,0,0.09666666666666666,enzyme,D00425,4409,Nabumetone,hsa:759,P00915,2.0,2-3,21.0,11-30,-6.8757,4930.0,2643.0,0.6509969628944936
2069,TP,1,1,0.69,gpcr,D03858,3055,Diphenidol,hsa:1131,P20309,3.0,2-3,12.0,11-30,-8.1004,6751.0,772.0,0.8973813638176259
2269,TP,1,1,0.83,ion_channel,D00512,1775,Phenytoin,hsa:6340,P51170,45.0,>30,9.0,4-10,-8.5977,6993.0,532.0,0.9293023255813954
3306,FP,0,1,0.73,enzyme,D00451,5358,Sumatriptan,hsa:645,P30043,1.0,1,1.0,1,-7.0505,6586.0,812.0,0.8902406055690727
2926,TN,0,0,0.21333333333333335,enzyme,D00964,3902,Letrozole,hsa:1890,P19971,24.0,11-30,1.0,1,-6.9118,3791.0,3734.0,0.5037873754152824
2555,TP,1,1,0.7533333333333333,ion_channel,D02356,2520,Verapamil,hsa:3738,P22001,121.0,>30,7.0,4-10,-7.6965,6973.0,472.0,0.9366017461383479
4861,TN,0,0,0.35333333333333333,ion_channel,D00512,1775,Phenytoin,hsa:3756,O95259,45.0,>30,4.0,4-10,-6.1209,1289.0,6236.0,0.17129568106312293
423,TP,1,1,0.9633333333333334,enzyme,D00380,5505,Tolbutamide,hsa:1586,P05093,44.0,>30,13.0,11-30,-7.2955,6390.0,1076.0,0.8558799892847576
5011,FP,0,1,0.74,ion_channel,D00528,2519,Caffeine,hsa:3784,P51787,10.0,4-10,5.0,4-10,-5.0352,3322.0,4213.0,0.4408759124087591
2290,TP,1,1,0.9166666666666666,ion_channel,D00528,2519,Caffeine,hsa:6261,P21817,10.0,4-10,17.0,11-30,-5.3057,4275.0,3260.0,0.5673523556735236
361,TP,1,1,0.6766666666666666,enzyme,D00332,3446,Gabapentin,hsa:29968,Q9Y617,14.0,11-30,1.0,1,-5.5361,5551.0,1919.0,0.7431057563587684
264,FN,1,0,0.49666666666666665,enzyme,D00217,1983,Acetaminophen,hsa:25824,P30044,17.0,11-30,4.0,4-10,-5.1569,3397.0,4073.0,0.45475234270414994
4381,FP,0,1,0.88,enzyme,D00494,4927,Promethazine,hsa:1581,P22680,1.0,1,11.0,11-30,-6.9477,6301.0,1225.0,0.8372309327664098
1011,TP,1,1,0.8066666666666666,enzyme,D01198,60790,Toborinone,hsa:5150,Q13946,19.0,11-30,18.0,11-30,-8.5773,6840.0,607.0,0.9184906673828387
3132,TN,0,0,0.3933333333333333,enzyme,D01709,23675769,"sodium;1,3-dimethyl-7H-purine-2,6-dione;acetate",hsa:1803,P27487,2.0,2-3,1.0,1,-1.3328,5684.0,1929.0,0.7466176277420202
3861,TN,0,0,0.3333333333333333,enzyme,D00032,6274,L-Histidine,hsa:7525,P07947,3.0,2-3,1.0,1,-4.598,2431.0,4978.0,0.3281144553920907
3535,TN,0,0,0.11666666666666667,enzyme,D00885,9556529,Oxiconazole Nitrate,hsa:53938,Q9H2H8,1.0,1,1.0,1,-7.3686,2947.0,4255.0,0.40919189114134963
5367,TN,0,0,0.4033333333333333,nuclear_receptor,D00965,4493,Nilutamide,hsa:5915,P10826,1.0,1,3.0,2-3,-7.8493,6130.0,1264.0,0.8290505815526102
493,TP,1,1,0.74,enzyme,D00417,4197,Milrinone,hsa:51095,Q96Q11,47.0,>30,3.0,2-3,-6.4979,4608.0,2861.0,0.6169500602490293
3616,TN,0,0,0.17333333333333334,enzyme,D03752,54892,Quinapril,hsa:36,P45954,1.0,1,1.0,1,-9.1222,7071.0,300.0,0.9592999592999593
370,TP,1,1,0.91,enzyme,D00340,3639,Hydrochlorothiazide,hsa:23632,Q9ULX7,13.0,11-30,10.0,4-10,-7.6034,7088.0,312.0,0.9578378378378378
3839,TN,0,0,0.47,enzyme,D02304,5962,L-Lysine,hsa:2050,P54760,1.0,1,8.0,4-10,-4.6691,4960.0,2510.0,0.6639892904953146
4220,TN,0,0,0.4866666666666667,enzyme,D02355,5509,Tolmetin,hsa:217,P05091,2.0,2-3,2.0,2-3,-7.6809,6398.0,1068.0,0.8569515135279936
4427,TN,0,0,0.35,gpcr,D01386,443958,Amcinonide,hsa:3356,P28223,1.0,1,19.0,11-30,-9.5838,6774.0,662.0,0.9109736417428725
4501,FP,0,1,0.5266666666666666,gpcr,D02076,54405,Brimonidine Tartrate,hsa:153,P08588,3.0,2-3,31.0,>30,-9.3126,6439.0,837.0,0.8849642660802639
340,FN,1,0,0.31666666666666665,enzyme,D00283,135398737,Clozapine,hsa:22954,Q13049,5.0,4-10,4.0,4-10,-6.629,2575.0,4818.0,0.34830244826186935
4239,TN,0,0,0.23333333333333334,enzyme,D04197,5790,Floxuridine,hsa:5624,P04070,1.0,1,1.0,1,-5.8451,3168.0,4154.0,0.43266866976236
4262,TN,0,0,0.33,enzyme,D03208,5493444,Aliskiren,hsa:4759,Q9Y3R4,1.0,1,3.0,2-3,-6.8904,5233.0,2089.0,0.7146954384048074
3932,FP,0,1,0.5733333333333334,enzyme,D00186,2764,Ciprofloxacin,hsa:2065,P21860,2.0,2-3,8.0,4-10,-7.1613,4630.0,2679.0,0.6334655903680394
4859,TN,0,0,0.44,ion_channel,D00480,6014,Promethazine Hydrochloride,hsa:2557,P48169,1.0,1,16.0,11-30,-6.5603,4619.0,2230.0,0.6744050226310411
5038,TN,0,0,0.4666666666666667,ion_channel,D02409,23669229,Sodium caffeine benzoate,hsa:6336,Q9Y5Y9,5.0,4-10,24.0,11-30,-1.3231,5501.0,2112.0,0.7225797977144358
3515,TN,0,0,0.28,enzyme,D00294,3019,Diazoxide,hsa:5169,O14638,3.0,2-3,3.0,2-3,-7.0398,6612.0,723.0,0.9014314928425358
987,FN,1,0,0.46,enzyme,D01136,5526,4-(Aminomethyl)cyclohexanecarboxylic acid,hsa:5340,P00747,2.0,2-3,3.0,2-3,-5.7935,6026.0,1444.0,0.8066934404283802
1762,TP,1,1,0.5066666666666667,gpcr,D00411,5717,Zafirlukast,hsa:10800,Q9Y271,4.0,4-10,3.0,2-3,-9.9034,6230.0,1103.0,0.8495840720032729
3266,TN,0,0,0.31333333333333335,enzyme,D01122,3673,Ibuprofen Piconol,hsa:5479,P23284,2.0,2-3,1.0,1,-5.6247,2187.0,5336.0,0.2907084939518809
1277,FN,1,0,0.4266666666666667,enzyme,D02441,3295,Ethoxzolamide,hsa:759,P00915,1.0,1,21.0,11-30,-6.8774,6727.0,676.0,0.9086856679724437
2090,TP,1,1,0.5333333333333333,gpcr,D05246,158781,Olmesartan,hsa:185,P30556,1.0,1,8.0,4-10,-9.4936,7074.0,192.0,0.9735755573905863
894,FN,1,0,0.18,enzyme,D00889,23663992,Cerivastatin Sodium,hsa:3156,P04035,1.0,1,12.0,11-30,-6.6914,4777.0,2491.0,0.657264722069345
1089,FN,1,0,0.2733333333333333,enzyme,D01667,1549120,Epalrestat,hsa:1636,P12821,1.0,1,31.0,>30,-8.4803,7199.0,199.0,0.9731008380643417
1478,TP,1,1,0.9766666666666667,enzyme,D03670,3058754,Deracoxib,hsa:1555,P20813,55.0,>30,18.0,11-30,-7.9978,6110.0,1100.0,0.8474341192787794
2809,TN,0,0,0.34,enzyme,D00293,3016,Diazepam,hsa:231,P15121,4.0,4-10,12.0,11-30,-7.4566,5390.0,2011.0,0.7282799621672746
3580,TN,0,0,0.10666666666666667,enzyme,D00487,7550,Pyridostigmine Bromide,hsa:5501,P36873,1.0,1,2.0,2-3,-1.092,5025.0,2586.0,0.6602286164761529
3194,TN,0,0,0.3566666666666667,enzyme,D00127,54676228,Piroxicam,hsa:1571,P05181,2.0,2-3,23.0,11-30,-7.9717,5415.0,1812.0,0.7492735574927356
1585,TP,1,1,0.9766666666666667,enzyme,D04023,176871,Erlotinib Hydrochloride,hsa:2066,Q15303,53.0,>30,8.0,4-10,-6.4387,3277.0,3682.0,0.4709009915217704
3771,TN,0,0,0.35,enzyme,D02323,53359,Tolrestat,hsa:64850,Q8TBG4,2.0,2-3,1.0,1,-7.5164,5965.0,1345.0,0.8160054719562243
5044,TN,0,0,0.2733333333333333,ion_channel,D00771,2733,Chlorzoxazone,hsa:6338,P51168,1.0,1,9.0,4-10,-5.3289,3364.0,4109.0,0.4501538873277131
4350,FP,0,1,0.5666666666666667,enzyme,D00032,6274,L-Histidine,hsa:5142,Q07343,3.0,2-3,20.0,11-30,-5.4706,6104.0,1305.0,0.8238628694830611
3401,TN,0,0,0.23,enzyme,D00709,5284583,Levetiracetam,hsa:5532,P16298,1.0,1,2.0,2-3,-4.7451,2839.0,4631.0,0.380053547523427
1904,FN,1,0,0.42333333333333334,gpcr,D00726,4168,Metoclopramide,hsa:3356,P28223,15.0,11-30,19.0,11-30,-6.8976,7138.0,259.0,0.9649858050561039
1442,TP,1,1,0.88,enzyme,D03350,89594,Nicotine,hsa:3791,P35968,53.0,>30,8.0,4-10,-6.058,6662.0,873.0,0.8841406768414067
446,TP,1,1,0.9933333333333333,enzyme,D00394,5584,Trimipramine,hsa:1577,P20815,44.0,>30,18.0,11-30,-7.969,6985.0,584.0,0.9228431761130929
4651,TN,0,0,0.26,gpcr,D04006,1676,Enprofylline,hsa:3362,P50406,1.0,1,5.0,4-10,-6.1706,5954.0,1452.0,0.8039427491223332
1386,TP,1,1,0.98,enzyme,D03218,5328940,Bosutinib,hsa:4486,Q04912,53.0,>30,8.0,4-10,-7.1142,3945.0,3317.0,0.5432387771963646
1935,FN,1,0,0.25,gpcr,D01071,3608,Hexobarbital,hsa:3577,P25024,1.0,1,10.0,4-10,-7.2014,6404.0,1062.0,0.8577551567104206
1811,FN,1,0,0.31666666666666665,gpcr,D00483,62882,Propranolol Hydrochloride,hsa:154,P07550,3.0,2-3,35.0,>30,-8.5364,6409.0,709.0,0.900393368923855
4855,TN,0,0,0.24333333333333335,ion_channel,D01768,6420040,Oxybuprocaine Hydrochloride,hsa:2558,P31644,1.0,1,16.0,11-30,-5.7408,4542.0,2920.0,0.6086839989279014
5278,TN,0,0,0.23333333333333334,ion_channel,D00354,3878,Lamotrigine,hsa:3751,Q9NZV8,7.0,4-10,2.0,2-3,-6.6034,5293.0,2173.0,0.7089472274310207
4108,TN,0,0,0.09666666666666666,enzyme,D00459,54891,Quinapril Hydrochloride,hsa:51166,Q8N5Z0,1.0,1,1.0,1,-7.4961,4473.0,2794.0,0.615522223751204
1628,TP,1,1,0.9433333333333334,enzyme,D04025,6444692,Mubritinib,hsa:2049,P54753,53.0,>30,8.0,4-10,-9.2766,6478.0,894.0,0.8787303309820944
5014,FP,0,1,0.5666666666666667,ion_channel,D01575,4888,Pranoprofen,hsa:3752,Q9UK17,1.0,1,4.0,4-10,-8.0915,6000.0,1466.0,0.8036431824270024
2515,TP,1,1,0.7333333333333333,ion_channel,D01287,9270,Ethynodiol Diacetate,hsa:6331,Q14524,9.0,4-10,36.0,>30,-8.8393,6774.0,795.0,0.894966309948474
5064,FP,0,1,0.5633333333333334,ion_channel,D00524,5831,Carbachol,hsa:6261,P21817,8.0,4-10,17.0,11-30,-1.0826,3981.0,3633.0,0.5228526398739165
2712,TP,1,1,0.5333333333333333,nuclear_receptor,D01689,5663,Vesnarinone,hsa:2908,P04150,1.0,1,5.0,4-10,-8.6631,6110.0,1340.0,0.8201342281879195
2917,TN,0,0,0.24,enzyme,D00546,42113,Desflurane,hsa:5143,Q08493,2.0,2-3,20.0,11-30,-4.9457,4814.0,2705.0,0.6402447133927384
1953,FN,1,0,0.34,gpcr,D01390,2176,Ampiroxicam,hsa:154,P07550,3.0,2-3,35.0,>30,-6.7554,4246.0,3032.0,0.5834020335256939
3596,TN,0,0,0.31,enzyme,D00889,23663992,Cerivastatin Sodium,hsa:2047,P54762,1.0,1,8.0,4-10,-7.2708,6026.0,1242.0,0.8291139240506329
3545,TN,0,0,0.16,enzyme,D03716,15895902,Parecoxib Sodium,hsa:8192,Q16740,2.0,2-3,2.0,2-3,-1.2811,4601.0,3007.0,0.604758149316509
1213,FN,1,0,0.4166666666666667,enzyme,D02042,6918034,Olprinone Hydrochloride Hydrate,hsa:5141,P27815,19.0,11-30,20.0,11-30,-1.8823,5863.0,907.0,0.86602658788774
39,FN,1,0,0.21333333333333335,enzyme,D00029,171548,Biotin,hsa:5091,P11498,9.0,4-10,1.0,1,-6.2937,6107.0,1296.0,0.8249358368229096
3361,TN,0,0,0.21333333333333335,enzyme,D00050,493570,Riboflavin,hsa:3735,Q15046,2.0,2-3,1.0,1,-8.9405,7092.0,191.0,0.9737745434573665
2537,TP,1,1,0.77,ion_channel,D01712,157313,Epinastine Hydrochloride,hsa:6262,Q92736,5.0,4-10,16.0,11-30,-7.8001,4735.0,2429.0,0.6609436069235064
1177,TP,1,1,0.9866666666666667,enzyme,D01977,123631,Gefitinib,hsa:5754,Q13308,53.0,>30,8.0,4-10,-8.0463,5752.0,1445.0,0.799221898013061
723,TP,1,1,0.96,enzyme,D00542,3562,Halothane,hsa:1557,P33261,45.0,>30,27.0,11-30,-4.1868,5264.0,2272.0,0.6985138004246284
4129,TN,0,0,0.21333333333333335,enzyme,D01119,443873,Temocapril Hydrochloride,hsa:3028,Q99714,1.0,1,1.0,1,-7.5921,5924.0,1349.0,0.8145194555204179
4701,TN,0,0,0.20666666666666667,gpcr,D01103,107979,"Spiro(8-azoniabicyclo(3.2.1)octane-8,1'-pyrrolidinium), 3-hydroxy-, chloride, benzilate",hsa:3274,P25021,1.0,1,7.0,4-10,-1.1816,5868.0,1741.0,0.7711920094624787
5370,TN,0,0,0.39,nuclear_receptor,D00965,4493,Nilutamide,hsa:5468,P37231,1.0,1,2.0,2-3,-7.7978,6039.0,1355.0,0.8167433053827428
1889,FN,1,0,0.3433333333333333,gpcr,D00666,23724780,Clemastinefumarate,hsa:3269,P35367,1.0,1,26.0,11-30,-9.0862,4905.0,2467.0,0.6653553988062941
4902,TN,0,0,0.25,ion_channel,D02041,656664,Tropisetron hydrochloride,hsa:6324,Q07699,8.0,4-10,8.0,4-10,-6.9884,4403.0,2989.0,0.5956439393939394
1649,TP,1,1,0.8933333333333333,enzyme,D04025,6444692,Mubritinib,hsa:4919,Q01973,53.0,>30,8.0,4-10,-9.866,6965.0,407.0,0.9447911014650027
3207,TN,0,0,0.33,enzyme,D00653,6918132,Dorzolamide Hydrochloride,hsa:6898,P17735,13.0,11-30,2.0,2-3,-5.7821,2770.0,4157.0,0.3998845098888408
5323,TN,0,0,0.2866666666666667,ion_channel,D00539,3291,Ethosuximide,hsa:8001,O75311,3.0,2-3,1.0,1,-4.5909,2289.0,5246.0,0.3037823490378235
2243,TP,1,1,0.6233333333333333,ion_channel,D00499,4737,Pentobarbital,hsa:1136,P32297,23.0,11-30,14.0,11-30,-4.8889,1491.0,6040.0,0.19798167574027353
4802,TN,0,0,0.33666666666666667,gpcr,D01051,5265,Spiperone,hsa:134,P30542,6.0,4-10,5.0,4-10,-9.3559,6582.0,794.0,0.892353579175705
1399,TP,1,1,0.9933333333333333,enzyme,D03218,5328940,Bosutinib,hsa:7010,Q02763,53.0,>30,8.0,4-10,-7.1666,4084.0,3178.0,0.562379509776921
4547,TN,0,0,0.45666666666666667,gpcr,D02070,10429215,Arkitropin,hsa:2918,O00222,5.0,4-10,3.0,2-3,-0.943,2365.0,5249.0,0.3106120304701865
2657,FN,1,0,0.23333333333333334,nuclear_receptor,D00246,5281004,Budesonide,hsa:2908,P04150,1.0,1,5.0,4-10,-7.3361,4504.0,3008.0,0.5995740149094781
4165,TN,0,0,0.37333333333333335,enzyme,D05353,4679,Pantoprazole,hsa:2260,P11362,4.0,4-10,8.0,4-10,-7.118,4457.0,2849.0,0.6100465370928004
4726,TN,0,0,0.30666666666666664,gpcr,D00523,3749,Irbesartan,hsa:1910,P24530,1.0,1,1.0,1,-8.5585,5838.0,1534.0,0.7919153553988063
3846,TN,0,0,0.30666666666666664,enzyme,D00488,4993,Pyrimethamine,hsa:683,Q10588,1.0,1,1.0,1,-8.3445,7427.0,39.0,0.9947763193142245
558,TP,1,1,0.7066666666666667,enzyme,D00448,5339,Sulfasalazine,hsa:4048,P09960,11.0,11-30,8.0,4-10,-9.4563,6851.0,434.0,0.9404255319148936
2120,TP,1,1,0.61,ion_channel,D00252,2554,Carbamazepine,hsa:6337,P37088,15.0,11-30,9.0,4-10,-9.0931,7082.0,384.0,0.9485668363246719
3448,TN,0,0,0.15,enzyme,D00513,4828,Pindolol,hsa:5091,P11498,1.0,1,1.0,1,-6.548,5640.0,1826.0,0.7554245914813823
1915,TP,1,1,0.6933333333333334,gpcr,D00775,5070,Riluzole,hsa:2915,P41594,8.0,4-10,1.0,1,-6.2913,4705.0,2626.0,0.641795116628018
1185,TP,1,1,0.8533333333333334,enzyme,D02008,110635,Tadalafil,hsa:10846,Q9Y233,19.0,11-30,20.0,11-30,-10.6138,7272.0,175.0,0.9765006042701759
3553,TN,0,0,0.36333333333333334,enzyme,D00279,2796,Clofibrate,hsa:2160,P03951,2.0,2-3,2.0,2-3,-6.3839,6556.0,977.0,0.8703039957520244
2736,TN,0,0,0.3933333333333333,enzyme,D05458,4771,Phentermine,hsa:1584,P15538,1.0,1,11.0,11-30,-5.6668,5696.0,1877.0,0.7521457810643074
2007,TP,1,1,0.57,gpcr,D02349,3105,Dipivefrin,hsa:150,P08913,1.0,1,29.0,11-30,-7.187,6625.0,830.0,0.8886653252850436
3786,FP,0,1,0.9666666666666667,enzyme,D00960,2187,Anastrozole,hsa:1585,P19099,24.0,11-30,9.0,4-10,-8.0871,7012.0,511.0,0.9320749700917187
48,TP,1,1,0.7366666666666667,enzyme,D00037,311,Citric Acid,hsa:100,P00813,11.0,11-30,2.0,2-3,-5.5346,5327.0,2205.0,0.7072490706319703
5349,TN,0,0,0.38666666666666666,ion_channel,D00474,4909,Primidone,hsa:3784,P51787,1.0,1,5.0,4-10,-6.9122,6342.0,1188.0,0.8422310756972111
4356,TN,0,0,0.22,enzyme,D03763,6917956,Pivopril,hsa:3906,P00709,1.0,1,4.0,4-10,-5.1477,1850.0,5547.0,0.25010139245640123
1104,TP,1,1,0.7,enzyme,D01709,23675769,"sodium;1,3-dimethyl-7H-purine-2,6-dione;acetate",hsa:5743,P35354,2.0,2-3,61.0,>30,-1.2524,3865.0,3748.0,0.5076842243530802
197,TP,1,1,0.9966666666666667,enzyme,D00139,4114,8-Methoxypsoralen,hsa:1588,P11511,43.0,>30,20.0,11-30,-7.2371,6402.0,1171.0,0.8453717153043708
3543,TN,0,0,0.18666666666666668,enzyme,D00225,2118,Alprazolam,hsa:558,P30530,44.0,>30,8.0,4-10,-7.6929,4613.0,2852.0,0.6179504353650368
358,TP,1,1,0.8666666666666667,enzyme,D00330,3394,Flurbiprofen,hsa:5743,P35354,2.0,2-3,61.0,>30,-8.3877,6811.0,656.0,0.9121467791616445
4011,FP,0,1,0.7066666666666667,enzyme,D00423,37542,Ribavirin,hsa:94,P37023,4.0,4-10,1.0,1,-7.2951,6891.0,509.0,0.9312162162162162
2203,TP,1,1,0.6133333333333333,ion_channel,D00332,3446,Gabapentin,hsa:784,P54284,46.0,>30,9.0,4-10,-5.411,5079.0,2391.0,0.6799196787148595
261,TP,1,1,0.9,enzyme,D00217,1983,Acetaminophen,hsa:1544,P05177,17.0,11-30,24.0,11-30,-7.0671,7446.0,24.0,0.9967871485943776
5285,TN,0,0,0.37,ion_channel,D00563,4205,Mirtazapine,hsa:3751,Q9NZV8,1.0,1,2.0,2-3,-8.0202,6103.0,1423.0,0.8109221365931437
3675,TN,0,0,0.43333333333333335,enzyme,D03751,135462830,Icopezil Maleate,hsa:4311,P08473,1.0,1,1.0,1,-10.486,5610.0,1034.0,0.8443708609271523
269,TP,1,1,0.5866666666666667,enzyme,D00217,1983,Acetaminophen,hsa:6799,P50226,17.0,11-30,2.0,2-3,-6.9384,7428.0,42.0,0.9943775100401606
1792,FN,1,0,0.25333333333333335,gpcr,D00454,135398745,Olanzapine,hsa:1131,P20309,22.0,11-30,12.0,11-30,-6.409,2797.0,4597.0,0.3782796862320801
3873,TN,0,0,0.4666666666666667,enzyme,D00126,3672,"Ibuprofen, (+-)-",hsa:4023,P06858,8.0,4-10,2.0,2-3,-6.9349,6295.0,1237.0,0.8357673924588422
306,TP,1,1,0.98,enzyme,D00225,2118,Alprazolam,hsa:1588,P11511,44.0,>30,20.0,11-30,-9.4419,7210.0,255.0,0.9658405894172807
141,TP,1,1,0.5766666666666667,enzyme,D00125,36462,Etoposide,hsa:7155,Q02880,2.0,2-3,15.0,11-30,-8.7411,5796.0,1689.0,0.7743486973947896
2266,TP,1,1,0.93,ion_channel,D00512,1775,Phenytoin,hsa:6336,Q9Y5Y9,45.0,>30,24.0,11-30,-8.5131,6911.0,614.0,0.9184053156146179
4089,TN,0,0,0.44,enzyme,D04983,876,(+-)-Methionine,hsa:1581,P22680,4.0,4-10,11.0,11-30,-4.1579,4326.0,3085.0,0.5837268924571583
5381,TN,0,0,0.37,nuclear_receptor,D00327,6446,Fluoxymesterone,hsa:8856,O75469,2.0,2-3,3.0,2-3,-8.6181,6512.0,943.0,0.8735077129443327
2238,FN,1,0,0.4533333333333333,ion_channel,D00438,4497,Nimodipine,hsa:776,Q01668,6.0,4-10,15.0,11-30,-7.1787,6657.0,789.0,0.8940370668815472
526,FN,1,0,0.2833333333333333,enzyme,D00434,54454,Simvastatin,hsa:3156,P04035,2.0,2-3,12.0,11-30,-7.4443,5317.0,2197.0,0.7076124567474048
2248,TP,1,1,0.87,ion_channel,D00499,4737,Pentobarbital,hsa:2558,P31644,23.0,11-30,16.0,11-30,-5.2357,2590.0,4941.0,0.34391183109812773
76,TP,1,1,0.94,enzyme,D00043,5936,Diisopropyl Fluorophosphate,hsa:2161,P00748,51.0,>30,2.0,2-3,-4.5833,4327.0,3146.0,0.5790177974039877
5387,TN,0,0,0.37,nuclear_receptor,D00129,5280453,Calcitriol,hsa:2099,P03372,1.0,1,16.0,11-30,-9.9779,7468.0,98.0,0.9870473169442242
3741,TN,0,0,0.19333333333333333,enzyme,D03760,6917815,Pentopril,hsa:240,P09917,1.0,1,11.0,11-30,-6.5187,4536.0,2926.0,0.6078799249530957
2922,FP,0,1,0.7733333333333333,enzyme,D03260,6431825,Chlorpromazine Hibenzate,hsa:2161,P00748,19.0,11-30,2.0,2-3,-9.5033,3022.0,4229.0,0.41677010067576886
2513,TP,1,1,0.83,ion_channel,D01287,9270,Ethynodiol Diacetate,hsa:6328,Q9NY46,9.0,4-10,31.0,>30,-10.4309,7523.0,46.0,0.9939225789404148
1080,FN,1,0,0.2866666666666667,enzyme,D01549,5282183,Indomethacin farnesil,hsa:1636,P12821,1.0,1,31.0,>30,-8.7087,6611.0,808.0,0.8910904434559914
3021,TN,0,0,0.4666666666666667,enzyme,D01064,135400182,Raltitrexed,hsa:765,P23280,1.0,1,10.0,4-10,-8.1418,5094.0,2086.0,0.7094707520891365
4128,TN,0,0,0.39666666666666667,enzyme,D00752,5281078,Mycophenolate Mofetil,hsa:4919,Q01973,2.0,2-3,8.0,4-10,-7.5539,5676.0,1770.0,0.7622884770346495
4358,TN,0,0,0.44666666666666666,enzyme,D00771,2733,Chlorzoxazone,hsa:5148,P18545,4.0,4-10,20.0,11-30,-3.3837,193.0,7280.0,0.02582630804228556
424,TP,1,1,0.9533333333333334,enzyme,D00380,5505,Tolbutamide,hsa:1588,P11511,44.0,>30,20.0,11-30,-7.3681,6539.0,927.0,0.8758371283150281
3874,TN,0,0,0.09666666666666666,enzyme,D03433,189729,Ceronapril,hsa:2878,P22352,3.0,2-3,1.0,1,-5.7691,2319.0,4955.0,0.31880670882595546
3112,FP,0,1,0.73,enzyme,D00658,5560,Trichlormethiazide,hsa:7298,P04818,4.0,4-10,7.0,4-10,-7.5814,6472.0,840.0,0.8851203501094091
1850,TP,1,1,0.6566666666666666,gpcr,D00521,5405,Terfenadine,hsa:3269,P35367,1.0,1,26.0,11-30,-8.9211,6272.0,1234.0,0.8355981881161737
1704,TP,1,1,0.53,gpcr,D00234,2247,Astemizole,hsa:11255,Q9Y5N1,3.0,2-3,5.0,4-10,-9.3616,6331.0,941.0,0.8705995599559956
2675,TP,1,1,0.5566666666666666,nuclear_receptor,D00577,448537,Diethylstilbestrol,hsa:2099,P03372,5.0,4-10,16.0,11-30,-7.8619,7232.0,340.0,0.9550977284733227
4479,TN,0,0,0.21,gpcr,D00400,60846,Valsartan,hsa:6752,P30874,1.0,1,2.0,2-3,-7.583,5578.0,1696.0,0.7668408028594996
935,TP,1,1,0.7066666666666667,enzyme,D00969,54677470,Meloxicam,hsa:5743,P35354,2.0,2-3,61.0,>30,-9.2908,7134.0,93.0,0.9871315898713159
4396,TN,0,0,0.15,enzyme,D03751,135462830,Icopezil Maleate,hsa:3945,P07195,1.0,1,1.0,1,-10.3249,5434.0,1210.0,0.8178807947019867
3615,TN,0,0,0.19333333333333333,enzyme,D01825,6215,Fluocinolone Acetonide,hsa:4200,P23368,1.0,1,2.0,2-3,-7.78,4553.0,2888.0,0.6118801236392958
1810,TP,1,1,0.6066666666666667,gpcr,D00483,62882,Propranolol Hydrochloride,hsa:153,P08588,3.0,2-3,31.0,>30,-8.9805,6779.0,339.0,0.9523742624332677
855,FN,1,0,0.4633333333333333,enzyme,D00667,5965,Demecarium Bromide,hsa:43,P22303,2.0,2-3,23.0,11-30,-6.6949,5131.0,2372.0,0.6838597894175663
4920,TN,0,0,0.16,ion_channel,D00658,5560,Trichlormethiazide,hsa:3759,P63252,1.0,1,2.0,2-3,-2.7093,35.0,7277.0,0.004786652078774617
528,TP,1,1,0.9,enzyme,D00437,4485,Nifedipine,hsa:1543,P04798,42.0,>30,19.0,11-30,-7.1665,7069.0,386.0,0.9482226693494299
3345,TN,0,0,0.37,enzyme,D01747,636362,Idarubicin Hydrochloride,hsa:5743,P35354,2.0,2-3,61.0,>30,-9.5204,5679.0,832.0,0.8722162494240516
574,TP,1,1,0.8133333333333334,enzyme,D00501,4740,Pentoxifylline,hsa:10924,Q92484,52.0,>30,3.0,2-3,-6.0976,4361.0,3105.0,0.5841146530940262
2079,FN,1,0,0.47333333333333333,gpcr,D04034,23724898,Chlorpromazine phenolphthalinate,hsa:150,P08913,3.0,2-3,29.0,11-30,-11.9098,6594.0,603.0,0.9162150896206753
3372,FP,0,1,0.5633333333333334,enzyme,D00139,4114,8-Methoxypsoralen,hsa:5407,P54315,43.0,>30,2.0,2-3,-6.3584,4122.0,3451.0,0.5443021259738545
2485,FN,1,0,0.41,ion_channel,D00761,24244,Metocurine Iodide,hsa:1135,Q15822,1.0,1,20.0,11-30,-8.5659,4626.0,2420.0,0.6565427192733466
5201,TN,0,0,0.49333333333333335,ion_channel,D01453,27072,"2-Propanol, 1-(2-chloro-5-methylphenoxy)-3-((1,1-dimethylethyl)amino)-, hydrochloride (1:1)",hsa:5310,P98161,5.0,4-10,10.0,4-10,-6.2857,4372.0,3026.0,0.590970532576372
1967,TP,1,1,0.85,gpcr,D01871,71177,"Piperidine, 1-methyl-3-(9H-thioxanthen-9-ylmethyl)-, hydrochloride, hydrate (1:1:1)",hsa:1128,P11229,5.0,4-10,27.0,11-30,-9.2131,6093.0,365.0,0.9434809538556829
2438,TP,1,1,0.98,ion_channel,D00629,4507,Nitrendipine,hsa:776,Q01668,30.0,11-30,15.0,11-30,-7.4085,6977.0,475.0,0.9362587224906066
965,TP,1,1,0.9566666666666667,enzyme,D01071,3608,Hexobarbital,hsa:1595,Q16850,44.0,>30,12.0,11-30,-7.6356,7013.0,453.0,0.9393249397267613
5020,FP,0,1,0.82,ion_channel,D00552,2337,Benzocaine,hsa:2891,P42262,14.0,11-30,3.0,2-3,-5.456,4790.0,2745.0,0.6357000663570007
4975,TN,0,0,0.17333333333333334,ion_channel,D00335,3478,Glipizide,hsa:40,Q16515,2.0,2-3,1.0,1,-9.1245,6154.0,1218.0,0.8347802495930549
4406,TN,0,0,0.4766666666666667,gpcr,D03621,54343,Daltroban,hsa:151,P18089,4.0,4-10,25.0,11-30,-6.0912,2986.0,4324.0,0.4084815321477428
4154,TN,0,0,0.12333333333333334,enzyme,D01133,4823,Pimobendan,hsa:1728,P15559,19.0,11-30,3.0,2-3,-7.8741,3568.0,3886.0,0.478669170914945
946,TP,1,1,0.9233333333333333,enzyme,D01071,3608,Hexobarbital,hsa:1551,P24462,44.0,>30,18.0,11-30,-6.6787,5145.0,2321.0,0.6891240289311545
2446,TP,1,1,0.5266666666666666,ion_channel,D00629,4507,Nitrendipine,hsa:8989,O75762,30.0,11-30,9.0,4-10,-6.3333,4703.0,2749.0,0.631105743424584
434,TP,1,1,0.8933333333333333,enzyme,D00394,5584,Trimipramine,hsa:1545,Q16678,44.0,>30,18.0,11-30,-7.8984,6906.0,663.0,0.912405866032501
2984,TN,0,0,0.42333333333333334,enzyme,D00709,5284583,Levetiracetam,hsa:5547,P42785,1.0,1,1.0,1,-5.5096,5791.0,1679.0,0.7752342704149933
5422,TN,0,0,0.21333333333333335,nuclear_receptor,D01161,104741,Fulvestrant,hsa:5916,P13631,2.0,2-3,3.0,2-3,-6.7299,3828.0,3507.0,0.5218813905930471
1012,TP,1,1,0.86,enzyme,D01198,60790,Toborinone,hsa:5151,O60658,19.0,11-30,20.0,11-30,-8.6602,6929.0,518.0,0.9304417886397207
5340,FP,0,1,0.5666666666666667,ion_channel,D00474,4909,Primidone,hsa:6529,P30531,1.0,1,1.0,1,-6.8005,6097.0,1433.0,0.8096945551128818
1387,TP,1,1,0.9633333333333334,enzyme,D03218,5328940,Bosutinib,hsa:4914,P04629,53.0,>30,8.0,4-10,-6.4252,2138.0,5124.0,0.29440925364913245
1325,TP,1,1,0.57,enzyme,D02655,37274,Etazolate Hydrochloride,hsa:5152,O76083,19.0,11-30,19.0,11-30,-7.4206,5600.0,1423.0,0.797380037021216
3486,TN,0,0,0.08333333333333333,enzyme,D00892,23679527,Fluvastatin Sodium,hsa:5657,P24158,1.0,1,2.0,2-3,-1.2241,3077.0,4257.0,0.41955276793018814
4675,TN,0,0,0.16333333333333333,gpcr,D02338,1978,Acebutolol,hsa:4986,P41145,3.0,2-3,4.0,4-10,-7.0913,6344.0,1108.0,0.8513150831991412
3695,TN,0,0,0.2866666666666667,enzyme,D00893,16759173,Pravastatin Sodium,hsa:5141,P27815,1.0,1,20.0,11-30,-1.4342,6234.0,625.0,0.9088788453127278
1320,FN,1,0,0.46,enzyme,D02655,37274,Etazolate Hydrochloride,hsa:5143,Q08493,19.0,11-30,20.0,11-30,-7.188,5145.0,1878.0,0.7325929090132423
5152,TN,0,0,0.26,ion_channel,D00733,3025,Dibucaine,hsa:2743,P48167,2.0,2-3,4.0,4-10,-6.3109,4299.0,3088.0,0.5819683227291187
1178,TP,1,1,0.9633333333333334,enzyme,D01977,123631,Gefitinib,hsa:6098,P08922,53.0,>30,8.0,4-10,-7.8343,5393.0,1804.0,0.7493400027789356
2492,TP,1,1,0.7566666666666667,ion_channel,D00775,5070,Riluzole,hsa:55800,Q9NY72,25.0,11-30,8.0,4-10,-5.7453,3040.0,4291.0,0.41467739735370346
3925,TN,0,0,0.31,enzyme,D01968,121586,Zoledronic acid monohydrate,hsa:1577,P20815,1.0,1,18.0,11-30,-6.4743,5661.0,1732.0,0.7657243338292979
4403,TN,0,0,0.36,gpcr,D01891,5311225,Syngard,hsa:3356,P28223,1.0,1,19.0,11-30,-8.4192,7306.0,208.0,0.972318339100346
1098,TP,1,1,0.58,enzyme,D01690,71764,Alfuzosin Hydrochloride,hsa:5148,P18545,19.0,11-30,20.0,11-30,-4.9726,398.0,6878.0,0.05470038482682793
1150,TP,1,1,0.7,enzyme,D01977,123631,Gefitinib,hsa:2047,P54762,53.0,>30,8.0,4-10,-8.8743,6721.0,476.0,0.9338613311101848
1241,TP,1,1,0.63,enzyme,D02229,135413523,Sildenafil Citrate,hsa:5150,Q13946,19.0,11-30,18.0,11-30,-8.7114,3902.0,3183.0,0.5507410021171489
985,TP,1,1,0.9433333333333334,enzyme,D01133,4823,Pimobendan,hsa:8654,O76074,19.0,11-30,20.0,11-30,-9.979,7008.0,446.0,0.9401663536356318
3366,TN,0,0,0.25333333333333335,enzyme,D00369,460612,Melphalan,hsa:3615,P12268,1.0,1,2.0,2-3,-6.5606,6615.0,707.0,0.9034416826003824
5021,FP,0,1,0.5533333333333333,ion_channel,D00560,16362,Pimozide,hsa:2563,O14764,30.0,11-30,10.0,4-10,-8.4234,3929.0,3437.0,0.5333966874830302
5231,TN,0,0,0.27666666666666667,ion_channel,D06172,38945,Tocainide,hsa:2554,P14867,1.0,1,32.0,>30,-5.5713,3737.0,3795.0,0.49614976101964947
2423,TP,1,1,0.89,ion_channel,D00618,4499,Nisoldipine,hsa:779,Q13698,30.0,11-30,18.0,11-30,-4.3991,555.0,6896.0,0.07448664608777346
4204,TN,0,0,0.21,enzyme,D02655,37274,Etazolate Hydrochloride,hsa:5594,P28482,19.0,11-30,3.0,2-3,-7.2723,5301.0,1722.0,0.754805638615976
3076,TN,0,0,0.15666666666666668,enzyme,D05458,4771,Phentermine,hsa:2047,P54762,1.0,1,8.0,4-10,-5.504,5171.0,2402.0,0.6828205466789912
4020,TN,0,0,0.31333333333333335,enzyme,D03218,5328940,Bosutinib,hsa:100,P00813,53.0,>30,2.0,2-3,-7.7955,5477.0,1785.0,0.7541999449187552
5151,TN,0,0,0.3233333333333333,ion_channel,D00812,65327,Desipramine Hydrochloride,hsa:2558,P31644,1.0,1,16.0,11-30,-6.434,3200.0,4263.0,0.42878199115637144
4919,TN,0,0,0.37333333333333335,ion_channel,D00960,2187,Anastrozole,hsa:3781,Q9H2S1,1.0,1,11.0,11-30,-5.869,1497.0,6026.0,0.19898976472152066
2342,TP,1,1,0.5733333333333334,ion_channel,D00545,3763,Isoflurane,hsa:2561,P47870,18.0,11-30,10.0,4-10,-5.2046,6372.0,1163.0,0.8456536164565361
4418,TN,0,0,0.3433333333333333,gpcr,D00540,11693,Glycopyrrolate,hsa:3351,P28222,2.0,2-3,10.0,4-10,-1.2749,7135.0,429.0,0.9432839767318879
2710,FN,1,0,0.27666666666666667,nuclear_receptor,D01294,1547484,Cinnarizine,hsa:5241,P06401,2.0,2-3,10.0,4-10,-8.3818,5437.0,2132.0,0.7183247456731404
1952,FN,1,0,0.26,gpcr,D01390,2176,Ampiroxicam,hsa:153,P08588,3.0,2-3,31.0,>30,-7.203,5334.0,1944.0,0.7328936521022259
781,TP,1,1,0.9766666666666667,enzyme,D00574,2145,Aminoglutethimide,hsa:1588,P11511,43.0,>30,20.0,11-30,-6.9835,6095.0,1432.0,0.8097515610468978
572,FN,1,0,0.21,enzyme,D00496,5852,Penicillamine,hsa:834,P29466,1.0,1,1.0,1,-4.0042,3387.0,4024.0,0.45702334367831604
3963,TN,0,0,0.38,enzyme,D00488,4993,Pyrimethamine,hsa:90,Q04771,1.0,1,1.0,1,-7.8005,7276.0,190.0,0.9745512992231449
5416,FP,0,1,0.5933333333333334,nuclear_receptor,D00565,3339,Fenofibrate,hsa:6097,P51449,1.0,1,1.0,1,-8.87,7189.0,334.0,0.9556028180247241
3904,FP,0,1,0.8366666666666667,enzyme,D00518,3038,Dichlorphenamide,hsa:1537,P08574,13.0,11-30,1.0,1,-6.2129,5619.0,1782.0,0.7592217267936765
4623,TN,0,0,0.4266666666666667,gpcr,D00415,60857,Zolmitriptan,hsa:10800,Q9Y271,2.0,2-3,3.0,2-3,-8.4753,7202.0,261.0,0.9650274688463084
4363,TN,0,0,0.13,enzyme,D02563,60824,Befloxatone,hsa:9955,Q9Y663,2.0,2-3,1.0,1,-6.9926,5369.0,2022.0,0.7264240292247328
1495,TP,1,1,0.9566666666666667,enzyme,D03670,3058754,Deracoxib,hsa:1595,Q16850,55.0,>30,12.0,11-30,-8.4445,6667.0,543.0,0.9246879334257975
2417,TP,1,1,0.91,ion_channel,D00618,4499,Nisoldipine,hsa:6261,P21817,30.0,11-30,17.0,11-30,-6.5933,5924.0,1527.0,0.7950610656287747
2866,TN,0,0,0.31666666666666665,enzyme,D00186,2764,Ciprofloxacin,hsa:767,P35219,2.0,2-3,10.0,4-10,-7.3993,5159.0,2150.0,0.7058421124640853
2815,TN,0,0,0.37,enzyme,D04092,8366,Etryptamine Acetate,hsa:22954,Q13049,2.0,2-3,4.0,4-10,-8.5493,5784.0,1412.0,0.8037798777098388
4788,FP,0,1,0.5266666666666666,gpcr,D03442,66383,Cetiedil Citrate,hsa:10800,Q9Y271,2.0,2-3,3.0,2-3,-9.4495,6118.0,1221.0,0.8336285597492846
4424,FP,0,1,0.52,gpcr,D00440,3033637,Nizax,hsa:3352,P28221,1.0,1,10.0,4-10,-4.886,3876.0,3421.0,0.5311771961079896
3433,TN,0,0,0.12333333333333334,enzyme,D00094,444795,Retinoic Acid,hsa:3716,P23458,2.0,2-3,1.0,1,-8.3998,6824.0,699.0,0.907084939518809
4026,FP,0,1,0.5733333333333334,enzyme,D03828,135413520,Pemetrexed Disodium,hsa:55811,Q96PN6,1.0,1,1.0,1,-9.2165,4988.0,694.0,0.8778599084829285
3937,TN,0,0,0.10666666666666667,enzyme,D00153,13769,Testolactone,hsa:2098,P10768,1.0,1,2.0,2-3,-7.0086,1983.0,5589.0,0.26188589540412044
3098,TN,0,0,0.38,enzyme,D00544,4116,Methoxyflurane,hsa:50484,Q7LG56,3.0,2-3,2.0,2-3,-4.8421,7268.0,268.0,0.9644373673036093
4782,TN,0,0,0.13666666666666666,gpcr,D00397,5593,Tropicamide,hsa:5028,P47900,3.0,2-3,1.0,1,-6.8965,6235.0,1165.0,0.8425675675675676
929,TP,1,1,0.9833333333333333,enzyme,D00964,3902,Letrozole,hsa:1571,P05181,24.0,11-30,23.0,11-30,-8.4147,6890.0,635.0,0.9156146179401994
3418,TN,0,0,0.06,enzyme,D00155,439693,Pentostatin,hsa:56922,Q96RQ3,1.0,1,1.0,1,-5.3996,1403.0,5915.0,0.19171904892047006
2988,FP,0,1,0.7166666666666667,enzyme,D00518,3038,Dichlorphenamide,hsa:3988,P38571,13.0,11-30,1.0,1,-5.5392,3396.0,4005.0,0.4588569112282124
3758,FP,0,1,0.51,enzyme,D00567,2662,Celecoxib,hsa:768,Q16790,3.0,2-3,10.0,4-10,-7.8922,5105.0,2111.0,0.7074556541019955
1781,TP,1,1,0.7666666666666667,gpcr,D00451,5358,Sumatriptan,hsa:3352,P28221,11.0,11-30,10.0,4-10,-6.8991,6354.0,1044.0,0.8588807785888077
847,TP,1,1,0.7133333333333334,enzyme,D00655,4100,Methazolamide,hsa:768,Q16790,13.0,11-30,10.0,4-10,-6.2184,6213.0,1120.0,0.8472657848084004
5081,FP,0,1,0.5166666666666667,ion_channel,D00741,8695,Tetracaine Hydrochloride,hsa:6261,P21817,9.0,4-10,17.0,11-30,-6.3678,4822.0,2577.0,0.6517096904987161
4202,FP,0,1,0.68,enzyme,D00545,3763,Isoflurane,hsa:2155,P08709,2.0,2-3,3.0,2-3,-4.8772,5061.0,2474.0,0.6716655607166556
967,TP,1,1,0.75,enzyme,D01097,163727,Lazabemide Hydrochloride,hsa:4128,P21397,2.0,2-3,19.0,11-30,-7.1179,7339.0,63.0,0.9914887868143745
3875,TN,0,0,0.35333333333333333,enzyme,D00109,2244,Aspirin,hsa:2950,P09211,2.0,2-3,1.0,1,-5.6837,4559.0,2976.0,0.6050431320504314
980,TP,1,1,0.5033333333333333,enzyme,D01133,4823,Pimobendan,hsa:5147,O43924,19.0,11-30,20.0,11-30,-9.7611,6839.0,615.0,0.9174939629729004
2343,TP,1,1,0.84,ion_channel,D00545,3763,Isoflurane,hsa:2562,P28472,18.0,11-30,10.0,4-10,-4.4857,3215.0,4320.0,0.42667551426675515
3691,TN,0,0,0.39666666666666667,enzyme,D00151,4044,Mefenamic Acid,hsa:4953,P11926,2.0,2-3,1.0,1,-7.3263,5260.0,2206.0,0.7045271899276722
4135,TN,0,0,0.49333333333333335,enzyme,D05353,4679,Pantoprazole,hsa:3480,P08069,4.0,4-10,8.0,4-10,-7.6548,5634.0,1672.0,0.7711470024637285
3929,TN,0,0,0.32666666666666666,enzyme,D00454,135398745,Olanzapine,hsa:3717,O60674,2.0,2-3,1.0,1,-8.2742,6825.0,569.0,0.9230457127400595
5174,TN,0,0,0.26666666666666666,ion_channel,D00677,6918003,Granisetron hydrochloride (JAN/USP),hsa:50801,Q9NYG8,5.0,4-10,2.0,2-3,-8.3318,6070.0,1123.0,0.8438759905463645
4305,FP,0,1,0.5266666666666666,enzyme,D00332,3446,Gabapentin,hsa:150290,Q8NEJ0,14.0,11-30,2.0,2-3,-4.5279,1675.0,5795.0,0.2242302543507363
4522,FP,0,1,0.66,gpcr,D00300,3100,Diphenhydramine,hsa:3356,P28223,3.0,2-3,19.0,11-30,-7.895,7385.0,145.0,0.9807436918990704
904,TP,1,1,0.9466666666666667,enzyme,D00960,2187,Anastrozole,hsa:1551,P24462,24.0,11-30,18.0,11-30,-7.6219,6524.0,999.0,0.8672072311577828
1938,TP,1,1,0.7233333333333334,gpcr,D01164,60795,Aripiprazole,hsa:1813,P14416,6.0,4-10,22.0,11-30,-9.8461,7104.0,272.0,0.9631236442516269
5162,TN,0,0,0.03666666666666667,ion_channel,D01828,2161,Amlexanox,hsa:3775,O00180,1.0,1,3.0,2-3,-7.138,3195.0,4193.0,0.43245804006497024
3473,TN,0,0,0.36666666666666664,enzyme,D00709,5284583,Levetiracetam,hsa:4486,Q04912,1.0,1,8.0,4-10,-5.2563,4848.0,2622.0,0.648995983935743
3935,TN,0,0,0.35,enzyme,D00567,2662,Celecoxib,hsa:5169,O14638,3.0,2-3,3.0,2-3,-8.177,5682.0,1534.0,0.7874168514412417
1819,TP,1,1,0.65,gpcr,D00494,4927,Promethazine,hsa:1129,P08172,11.0,11-30,21.0,11-30,-8.6,7501.0,25.0,0.9966781823013553
1715,TP,1,1,0.6333333333333333,gpcr,D00270,2726,Chlorpromazine,hsa:1812,P21728,7.0,4-10,14.0,11-30,-6.2517,5009.0,2456.0,0.6709979906229069
4016,TN,0,0,0.31333333333333335,enzyme,D03433,189729,Ceronapril,hsa:4594,P22033,3.0,2-3,1.0,1,-8.1474,6944.0,330.0,0.9546329392356337
910,TP,1,1,0.7366666666666667,enzyme,D00960,2187,Anastrozole,hsa:1562,P33260,24.0,11-30,18.0,11-30,-4.4143,217.0,7306.0,0.02884487571447561
282,FN,1,0,0.34,enzyme,D00222,135398513,Acyclovir,hsa:30,P09110,2.0,2-3,7.0,4-10,-5.2931,2784.0,4616.0,0.3762162162162162
2434,TP,1,1,0.99,ion_channel,D00629,4507,Nitrendipine,hsa:6261,P21817,30.0,11-30,17.0,11-30,-6.8383,6052.0,1400.0,0.8121309715512615
4761,TN,0,0,0.26,gpcr,D03187,5311035,Butaprost,hsa:152,P18825,1.0,1,15.0,11-30,-7.874,7226.0,289.0,0.9615435795076513
1289,TP,1,1,0.9366666666666666,enzyme,D02451,59694,"Benzonitrile, 4-(5,6,7,8-tetrahydroimidazo(1,5-a)pyridin-5-yl)-, hydrochloride (1:1)",hsa:1565,P10635,24.0,11-30,30.0,11-30,-7.4146,6210.0,1322.0,0.8244822092405736
285,TP,1,1,0.9266666666666666,enzyme,D00225,2118,Alprazolam,hsa:1543,P04798,44.0,>30,19.0,11-30,-9.0196,6897.0,568.0,0.9239115874079036
770,TP,1,1,0.7066666666666667,enzyme,D00574,2145,Aminoglutethimide,hsa:1562,P33260,43.0,>30,18.0,11-30,-3.8969,231.0,7296.0,0.03068951773614986
2664,TP,1,1,0.8833333333333333,nuclear_receptor,D00316,5282375,Etretinate,hsa:6256,P19793,6.0,4-10,3.0,2-3,-6.1209,1628.0,5944.0,0.2150026413100898
592,TP,1,1,0.94,enzyme,D00501,4740,Pentoxifylline,hsa:5151,O60658,52.0,>30,20.0,11-30,-7.3127,6962.0,504.0,0.9324939726761318
5145,FP,0,1,0.7266666666666667,ion_channel,D00530,5719,Zaleplon,hsa:55584,Q9UGM1,16.0,11-30,14.0,11-30,-7.0109,3710.0,3752.0,0.4971857410881801
1327,FN,1,0,0.4,enzyme,D02671,4078,Mesoridazine,hsa:1565,P10635,1.0,1,30.0,11-30,-8.2217,6614.0,843.0,0.8869518573152743
317,FN,1,0,0.27,enzyme,D00231,3698,Amrinone,hsa:5147,O43924,19.0,11-30,20.0,11-30,-6.4585,5554.0,1915.0,0.7436069085553622
2965,TN,0,0,0.2866666666666667,enzyme,D03751,135462830,Icopezil Maleate,hsa:5597,Q16659,1.0,1,3.0,2-3,-9.1512,3606.0,3038.0,0.5427453341360626
3343,TN,0,0,0.15666666666666668,enzyme,D01582,3475,Gliclazide,hsa:5049,P68402,2.0,2-3,1.0,1,-6.7737,2803.0,4590.0,0.3791424320302989
2174,TP,1,1,0.9,ion_channel,D00329,3393,Flurazepam,hsa:2554,P14867,15.0,11-30,32.0,>30,-6.5484,4070.0,3234.0,0.5572289156626506
1236,TP,1,1,0.8666666666666667,enzyme,D02229,135413523,Sildenafil Citrate,hsa:5142,Q07343,19.0,11-30,20.0,11-30,-8.7404,3982.0,3103.0,0.5620324629498942
5054,TN,0,0,0.14333333333333334,ion_channel,D01575,4888,Pranoprofen,hsa:3756,O95259,1.0,1,4.0,4-10,-7.1835,3989.0,3477.0,0.534288775783552
3870,TN,0,0,0.4033333333333333,enzyme,D01709,23675769,"sodium;1,3-dimethyl-7H-purine-2,6-dione;acetate",hsa:4311,P08473,2.0,2-3,1.0,1,-1.3163,5374.0,2239.0,0.7058978063838172
288,TP,1,1,0.9666666666666667,enzyme,D00225,2118,Alprazolam,hsa:1548,P11509,44.0,>30,18.0,11-30,-10.3911,7429.0,36.0,0.9951774949765573
1201,TP,1,1,0.6966666666666667,enzyme,D02017,656652,Oxtriphylline,hsa:5141,P27815,19.0,11-30,20.0,11-30,-7.7947,4266.0,3133.0,0.576564400594675
1105,TP,1,1,0.74,enzyme,D01712,157313,Epinastine Hydrochloride,hsa:10846,Q9Y233,19.0,11-30,20.0,11-30,-8.8554,6398.0,766.0,0.8930764935790061
1563,TP,1,1,0.8366666666666667,enzyme,D03845,60692,Sezolamide Hydrochloride,hsa:766,P43166,13.0,11-30,10.0,4-10,-7.0594,6381.0,989.0,0.8658073270013569
930,TP,1,1,0.9533333333333334,enzyme,D00964,3902,Letrozole,hsa:1576,P08684,24.0,11-30,34.0,>30,-8.1967,6651.0,874.0,0.8838538205980067
3856,TN,0,0,0.3466666666666667,enzyme,D01667,1549120,Epalrestat,hsa:10269,O75844,1.0,1,1.0,1,-0.0004,4.0,7394.0,0.0005406866720735334
2326,TP,1,1,0.54,ion_channel,D00542,3562,Halothane,hsa:781,P54289,34.0,>30,12.0,11-30,-5.3084,7521.0,15.0,0.9980095541401274
4747,TN,0,0,0.19666666666666666,gpcr,D00235,2249,Atenolol,hsa:2911,Q13255,2.0,2-3,1.0,1,-5.4073,2104.0,5357.0,0.2819997319394183
1968,TP,1,1,0.74,gpcr,D01871,71177,"Piperidine, 1-methyl-3-(9H-thioxanthen-9-ylmethyl)-, hydrochloride, hydrate (1:1:1)",hsa:1129,P08172,5.0,4-10,21.0,11-30,-8.9608,5915.0,543.0,0.9159182409414679
4880,TN,0,0,0.2966666666666667,ion_channel,D00340,3639,Hydrochlorothiazide,hsa:784,P54284,1.0,1,9.0,4-10,-6.0093,3697.0,3703.0,0.4995945945945946
908,TP,1,1,0.93,enzyme,D00960,2187,Anastrozole,hsa:1558,P10632,24.0,11-30,22.0,11-30,-8.3472,7184.0,339.0,0.9549381895520405
3715,TN,0,0,0.3,enzyme,D00691,3182,Diprophylline,hsa:1675,P00746,15.0,11-30,2.0,2-3,-6.1843,5221.0,2245.0,0.6993035092418965
593,TP,1,1,0.8066666666666666,enzyme,D00501,4740,Pentoxifylline,hsa:5152,O76083,52.0,>30,19.0,11-30,-6.9206,6357.0,1109.0,0.8514599517814091
550,TP,1,1,0.97,enzyme,D00437,4485,Nifedipine,hsa:5740,Q16647,42.0,>30,12.0,11-30,-6.8186,6649.0,806.0,0.8918846411804159
4829,TN,0,0,0.17666666666666667,ion_channel,D00593,3476,"1H-Pyrrole-1-carboxamide, 3-ethyl-2,5-dihydro-4-methyl-N-2-4-(trans-4-methylcyclohexyl)aminocarbonylaminosulfonylphenylethyl-2-oxo-",hsa:5024,P56373,1.0,1,1.0,1,-8.1898,3527.0,3827.0,0.4796029371770465
2354,TP,1,1,0.5533333333333333,ion_channel,D00547,5206,Sevoflurane,hsa:2561,P47870,20.0,11-30,10.0,4-10,-5.3018,5618.0,1955.0,0.7418460319556318
1753,TP,1,1,0.7233333333333334,gpcr,D00332,3446,Gabapentin,hsa:150,P08913,2.0,2-3,29.0,11-30,-5.6005,5773.0,1697.0,0.7728246318607764
4805,FP,0,1,0.6266666666666667,gpcr,D01051,5265,Spiperone,hsa:1128,P11229,6.0,4-10,27.0,11-30,-8.3635,5267.0,2109.0,0.7140726681127982
125,TP,1,1,0.73,enzyme,D00103,444305,L-Tartaric acid,hsa:51205,Q9NPH0,6.0,4-10,1.0,1,-5.2925,6283.0,1290.0,0.8296579955103658
3680,TN,0,0,0.33,enzyme,D00545,3763,Isoflurane,hsa:29920,Q96C36,2.0,2-3,1.0,1,-5.1427,6159.0,1376.0,0.8173855341738553
995,TP,1,1,0.9766666666666667,enzyme,D01196,13290219,Acetazolamide Sodium,hsa:761,P07451,13.0,11-30,10.0,4-10,-1.4778,7162.0,452.0,0.940635671132125
4794,FP,0,1,0.5733333333333334,gpcr,D02578,82148,Agomelatine,hsa:1129,P08172,2.0,2-3,21.0,11-30,-8.2852,7092.0,437.0,0.9419577633151813
1283,TP,1,1,0.9666666666666667,enzyme,D02451,59694,"Benzonitrile, 4-(5,6,7,8-tetrahydroimidazo(1,5-a)pyridin-5-yl)-, hydrochloride (1:1)",hsa:1553,Q16696,24.0,11-30,19.0,11-30,-8.0865,7067.0,465.0,0.9382634094530006
1449,TP,1,1,0.9233333333333333,enzyme,D03350,89594,Nicotine,hsa:4916,Q16288,53.0,>30,8.0,4-10,-5.8534,6170.0,1365.0,0.8188453881884539
1712,FN,1,0,0.26666666666666666,gpcr,D00255,2585,Carvedilol,hsa:154,P07550,8.0,4-10,35.0,>30,-8.2272,6353.0,1092.0,0.8533243787777032
4507,TN,0,0,0.29333333333333333,gpcr,D02910,2157,Amiodarone,hsa:886,P32238,2.0,2-3,1.0,1,-8.3255,7281.0,165.0,0.9778404512489928
1821,TP,1,1,0.63,gpcr,D00494,4927,Promethazine,hsa:1132,P08173,11.0,11-30,8.0,4-10,-7.6336,7095.0,431.0,0.9427318628753654
909,TP,1,1,0.9833333333333333,enzyme,D00960,2187,Anastrozole,hsa:1559,P11712,24.0,11-30,25.0,11-30,-7.8909,6837.0,686.0,0.9088129735477868
455,TP,1,1,0.85,enzyme,D00394,5584,Trimipramine,hsa:1595,Q16850,44.0,>30,12.0,11-30,-6.9857,5394.0,2175.0,0.7126436781609196
3378,FP,0,1,0.8633333333333333,enzyme,D00043,5936,Diisopropyl Fluorophosphate,hsa:2041,P21709,51.0,>30,8.0,4-10,-3.4836,638.0,6835.0,0.08537401311387663
820,TP,1,1,0.9033333333333333,enzyme,D00652,68844,Brinzolamide,hsa:766,P43166,13.0,11-30,10.0,4-10,-6.9101,6759.0,629.0,0.9148619382782891
3748,TN,0,0,0.21666666666666667,enzyme,D00620,5362123,Benazepril Hydrochloride,hsa:7015,O14746,1.0,1,2.0,2-3,-7.7983,5421.0,1952.0,0.7352502373525024
4539,TN,0,0,0.2733333333333333,gpcr,D03621,54343,Daltroban,hsa:154,P07550,4.0,4-10,35.0,>30,-7.827,6107.0,1203.0,0.8354309165526675
1528,FN,1,0,0.45,enzyme,D03751,135462830,Icopezil Maleate,hsa:43,P22303,1.0,1,23.0,11-30,-10.1984,5290.0,1354.0,0.796207104154124
636,TP,1,1,0.96,enzyme,D00519,2720,Chlorothiazide,hsa:761,P07451,13.0,11-30,10.0,4-10,-6.5527,5243.0,2079.0,0.7160611854684512
5072,TN,0,0,0.25,ion_channel,D00636,441325,Amiodarone Hydrochloride,hsa:782,Q02641,1.0,1,10.0,4-10,-6.4708,4680.0,2693.0,0.6347484063474841
4998,TN,0,0,0.12666666666666668,ion_channel,D02362,43815,Paroxetine,hsa:2561,P47870,1.0,1,10.0,4-10,-7.5922,4961.0,2499.0,0.6650134048257372
700,TP,1,1,0.68,enzyme,D00533,34312,Oxcarbazepine,hsa:1557,P33261,1.0,1,27.0,11-30,-9.1469,7137.0,328.0,0.9560616208975218
1502,TP,1,1,0.52,enzyme,D03670,3058754,Deracoxib,hsa:6240,P23921,55.0,>30,3.0,2-3,-7.6954,5566.0,1644.0,0.7719833564493759
5334,TN,0,0,0.3433333333333333,ion_channel,D00563,4205,Mirtazapine,hsa:782,Q02641,1.0,1,10.0,4-10,-6.86,3153.0,4373.0,0.41894764815306934
3780,FP,0,1,0.84,enzyme,D00043,5936,Diisopropyl Fluorophosphate,hsa:2638,P02774,51.0,>30,1.0,1,-5.4062,7042.0,431.0,0.9423257058744815
3903,TN,0,0,0.3233333333333333,enzyme,D03218,5328940,Bosutinib,hsa:4190,P40925,53.0,>30,1.0,1,-7.7893,5461.0,1801.0,0.7519966951253099
4526,FP,0,1,0.7966666666666666,gpcr,D00454,135398745,Olanzapine,hsa:4988,P35372,22.0,11-30,9.0,4-10,-7.6606,5953.0,1441.0,0.8051122531782526
4543,TN,0,0,0.25666666666666665,gpcr,D01891,5311225,Syngard,hsa:135,P29274,1.0,1,4.0,4-10,-7.7718,6875.0,639.0,0.9149587436784669
1852,FN,1,0,0.30333333333333334,gpcr,D00523,3749,Irbesartan,hsa:185,P30556,1.0,1,8.0,4-10,-9.9925,7148.0,224.0,0.9696147585458491
1152,TP,1,1,0.86,enzyme,D01977,123631,Gefitinib,hsa:2049,P54753,53.0,>30,8.0,4-10,-8.6672,6547.0,650.0,0.9096845908017229
4561,TN,0,0,0.3566666666666667,gpcr,D00306,16078,Tetrahydrocannabinol,hsa:7201,P34981,1.0,1,3.0,2-3,-8.5541,6756.0,767.0,0.8980459922903097
2739,TN,0,0,0.49666666666666665,enzyme,D03882,1967,Docebenone,hsa:5053,P00439,1.0,1,1.0,1,-6.0864,3773.0,3749.0,0.5015953203935124
5204,FP,0,1,0.5666666666666667,ion_channel,D00437,4485,Nifedipine,hsa:2903,Q12879,30.0,11-30,3.0,2-3,-7.3093,7197.0,258.0,0.9653923541247484
895,FN,1,0,0.30333333333333334,enzyme,D00892,23679527,Fluvastatin Sodium,hsa:3156,P04035,1.0,1,12.0,11-30,-1.2653,4040.0,3294.0,0.5508590128170167
5239,TN,0,0,0.056666666666666664,ion_channel,D00336,3488,Glibenclamide,hsa:2557,P48169,3.0,2-3,16.0,11-30,-8.2056,4409.0,2952.0,0.5989675315853824
3802,FP,0,1,0.6366666666666667,enzyme,D02564,9373,Pargyline Hydrochloride,hsa:1577,P20815,2.0,2-3,18.0,11-30,-6.0154,6663.0,905.0,0.8804175475687104
2881,FP,0,1,0.53,enzyme,D01767,54677971,Tenoxicam,hsa:10,P11245,2.0,2-3,2.0,2-3,-8.2177,6749.0,479.0,0.9337299391256226
2156,TP,1,1,0.9333333333333333,ion_channel,D00294,3019,Diazoxide,hsa:3786,O43525,80.0,>30,2.0,2-3,-5.0144,1003.0,6332.0,0.1367416496250852
2834,TN,0,0,0.26666666666666666,enzyme,D00394,5584,Trimipramine,hsa:91039,Q86TI2,44.0,>30,1.0,1,-7.9541,6968.0,601.0,0.9205971726780288
2503,TP,1,1,0.5666666666666667,ion_channel,D00964,3902,Letrozole,hsa:1141,P17787,1.0,1,8.0,4-10,-7.4247,5238.0,2287.0,0.696079734219269
5373,TN,0,0,0.45,nuclear_receptor,D00316,5282375,Etretinate,hsa:2908,P04150,6.0,4-10,5.0,4-10,-8.9018,7358.0,214.0,0.9717379820390913
362,TP,1,1,0.8166666666666667,enzyme,D00332,3446,Gabapentin,hsa:4942,P04181,14.0,11-30,2.0,2-3,-5.2484,4429.0,3041.0,0.592904953145917
3677,FP,0,1,0.7333333333333333,enzyme,D00656,4121,Methyclothiazide,hsa:683,Q10588,4.0,4-10,1.0,1,-7.3156,6638.0,681.0,0.9069545019811449
3785,TN,0,0,0.10333333333333333,enzyme,D01718,4237,Mofezolac,hsa:11343,Q99685,2.0,2-3,1.0,1,-7.7212,6131.0,1326.0,0.8221805015421751
131,TP,1,1,0.65,enzyme,D00118,156391,Naproxen,hsa:239,P18054,8.0,4-10,8.0,4-10,-7.672,6446.0,1083.0,0.856156196041971
519,TP,1,1,0.6166666666666667,enzyme,D00421,5362129,Ramipril,hsa:1636,P12821,1.0,1,31.0,>30,-8.692,7068.0,307.0,0.9583728813559322
4236,TN,0,0,0.1,enzyme,D02193,10547,Echothiophate Iodide,hsa:128853,Q9H1R2,2.0,2-3,2.0,2-3,-0.9582,3056.0,4271.0,0.4170874846458305
1531,TP,1,1,0.5633333333333334,enzyme,D03756,10457278,Indolapril Hydrochloride,hsa:1636,P12821,1.0,1,31.0,>30,-8.2279,5786.0,975.0,0.8557905635261056
2608,TP,1,1,0.6466666666666666,ion_channel,D02409,23669229,Sodium caffeine benzoate,hsa:6263,Q15413,5.0,4-10,16.0,11-30,-1.3025,5070.0,2543.0,0.665966110600289
556,TP,1,1,0.66,enzyme,D00448,5339,Sulfasalazine,hsa:3551,O14920,11.0,11-30,3.0,2-3,-8.8191,6167.0,1118.0,0.8465339739190116
1127,FN,1,0,0.45,enzyme,D01825,6215,Fluocinolone Acetonide,hsa:5321,P47712,1.0,1,7.0,4-10,-8.8308,6573.0,868.0,0.883349012229539
1944,FN,1,0,0.42,gpcr,D01227,27522,Distigmine Bromide,hsa:1910,P24530,2.0,2-3,1.0,1,-7.6228,6896.0,620.0,0.9175093134646088
1085,FN,1,0,0.46,enzyme,D01582,3475,Gliclazide,hsa:5742,P23219,2.0,2-3,61.0,>30,-7.9768,5850.0,1543.0,0.7912890572162857
5111,FP,0,1,0.5166666666666667,ion_channel,D00351,47576,Ketoconazole,hsa:2897,P39086,3.0,2-3,3.0,2-3,-7.4635,2857.0,4502.0,0.3882320967522761
1298,TP,1,1,0.7766666666666666,enzyme,D02559,34521,Toloxatone,hsa:4129,P27338,2.0,2-3,20.0,11-30,-8.2287,7434.0,35.0,0.9953139643861293
4017,TN,0,0,0.39666666666666667,enzyme,D00513,4828,Pindolol,hsa:247,O15296,1.0,1,7.0,4-10,-7.0617,6685.0,781.0,0.8953924457540852
3422,TN,0,0,0.41333333333333333,enzyme,D02335,4055,Menadione,hsa:7301,Q06418,8.0,4-10,8.0,4-10,-5.5176,1914.0,5659.0,0.2527399973590387
1337,FN,1,0,0.33666666666666667,enzyme,D02769,6083,Adenosine Monophosphate,hsa:5837,P11217,11.0,11-30,1.0,1,-8.6413,7128.0,167.0,0.9771076079506511
1031,TP,1,1,0.8566666666666667,enzyme,D01223,185462,Bosentan Monohydrate,hsa:5408,P54317,37.0,>30,2.0,2-3,-2.057,7446.0,168.0,0.9779353821907013
2331,TP,1,1,0.82,ion_channel,D00542,3562,Halothane,hsa:8913,O43497,34.0,>30,17.0,11-30,-4.1591,5111.0,2425.0,0.6782112526539278
1943,TP,1,1,0.74,gpcr,D01164,60795,Aripiprazole,hsa:3358,P28335,6.0,4-10,10.0,4-10,-9.3539,6831.0,545.0,0.9261117136659436
3404,FP,0,1,0.6666666666666666,enzyme,D03217,6450551,Axitinib,hsa:55811,Q96PN6,19.0,11-30,1.0,1,-8.7257,5706.0,1671.0,0.7734851565677104
5432,TN,0,0,0.33,nuclear_receptor,D00129,5280453,Calcitriol,hsa:5465,Q07869,1.0,1,2.0,2-3,-9.7922,7418.0,148.0,0.9804388051810732
1896,TP,1,1,0.6433333333333333,gpcr,D00726,4168,Metoclopramide,hsa:1128,P11229,15.0,11-30,27.0,11-30,-5.5658,4503.0,2894.0,0.6087603082330675
1490,TP,1,1,0.9733333333333334,enzyme,D03670,3058754,Deracoxib,hsa:1584,P15538,55.0,>30,11.0,11-30,-8.2121,6419.0,791.0,0.8902912621359224
2221,FN,1,0,0.35,ion_channel,D00392,5576,Trimethadione,hsa:8913,O43497,1.0,1,17.0,11-30,-4.9392,4808.0,2688.0,0.6414087513340448
5051,TN,0,0,0.2733333333333333,ion_channel,D00553,4906,Prilocaine,hsa:2557,P48169,1.0,1,16.0,11-30,-5.4565,2867.0,4664.0,0.3806931350418271
2315,FN,1,0,0.47333333333333333,ion_channel,D00542,3562,Halothane,hsa:2741,P23415,34.0,>30,10.0,4-10,-3.8711,3491.0,4045.0,0.4632430997876858
3598,TN,0,0,0.14333333333333334,enzyme,D00359,53232,Lovastatin,hsa:64850,Q8TBG4,1.0,1,1.0,1,-6.775,3419.0,4099.0,0.45477520617185424
475,TP,1,1,0.9333333333333333,enzyme,D00410,4174,Metyrapone,hsa:1581,P22680,44.0,>30,11.0,11-30,-6.7426,5684.0,1848.0,0.7546468401486989
2123,FN,1,0,0.38666666666666666,ion_channel,D00274,2769,Cisapride (USP/INN),hsa:3757,Q12809,1.0,1,10.0,4-10,-7.7652,5699.0,1572.0,0.7837986521798928
1171,TP,1,1,0.8733333333333333,enzyme,D01977,123631,Gefitinib,hsa:4919,Q01973,53.0,>30,8.0,4-10,-9.1467,6901.0,296.0,0.9588717521189385
3189,TN,0,0,0.4866666666666667,enzyme,D00624,441313,Perindopril Erbumine,hsa:54878,Q6V1X1,1.0,1,1.0,1,-8.0398,5424.0,395.0,0.9321189207767657
4120,TN,0,0,0.34,enzyme,D01475,2097,Alminoprofen,hsa:10667,O95363,2.0,2-3,1.0,1,-6.634,5812.0,1657.0,0.7781496853661802
5047,FP,0,1,0.85,ion_channel,D00550,4192,Midazolam,hsa:54207,P57789,15.0,11-30,4.0,4-10,-7.9001,5545.0,1852.0,0.7496282276598621
1787,TP,1,1,0.8233333333333334,gpcr,D00451,5358,Sumatriptan,hsa:3360,Q13639,11.0,11-30,8.0,4-10,-7.9199,7276.0,122.0,0.9835090565017572
2622,FN,1,0,0.45666666666666667,ion_channel,D03742,5360696,Dextromethorphan,hsa:6532,P31645,3.0,2-3,6.0,4-10,-8.9765,7452.0,73.0,0.9902990033222592
1226,FN,1,0,0.43666666666666665,enzyme,D02168,60699,Topotecan Hydrochloride,hsa:8940,O95985,4.0,4-10,6.0,4-10,-8.4809,5987.0,1385.0,0.8121269669017905
3315,TN,0,0,0.4,enzyme,D00519,2720,Chlorothiazide,hsa:5476,P10619,13.0,11-30,1.0,1,-7.1447,6441.0,881.0,0.87967768369298
2037,TP,1,1,0.76,gpcr,D02374,31477,Metipranolol,hsa:153,P08588,3.0,2-3,31.0,>30,-8.2439,7426.0,37.0,0.9950422082272544
2936,TN,0,0,0.12666666666666668,enzyme,D00425,4409,Nabumetone,hsa:142679,Q8WTR2,2.0,2-3,2.0,2-3,-5.6652,1326.0,6247.0,0.17509573484748447
5304,TN,0,0,0.15333333333333332,ion_channel,D00678,59774,Zofran,hsa:1139,P36544,5.0,4-10,11.0,11-30,-8.0735,3564.0,3813.0,0.48312322082147213
3423,TN,0,0,0.2866666666666667,enzyme,D00513,4828,Pindolol,hsa:25,P00519,1.0,1,1.0,1,-7.3825,7100.0,366.0,0.9509777658719528
4383,TN,0,0,0.14333333333333334,enzyme,D00656,4121,Methyclothiazide,hsa:1846,Q13115,4.0,4-10,2.0,2-3,-5.4477,1618.0,5701.0,0.22106845197431343
178,TP,1,1,0.9266666666666666,enzyme,D00139,4114,8-Methoxypsoralen,hsa:1545,Q16678,43.0,>30,18.0,11-30,-10.1071,7572.0,1.0,0.9998679519345042
4650,TN,0,0,0.29,gpcr,D00514,5311068,Dexmedetomidine,hsa:2915,P41594,1.0,1,1.0,1,-6.9796,6177.0,1356.0,0.8199920350457985
2721,FP,0,1,0.6733333333333333,enzyme,D00234,2247,Astemizole,hsa:1585,P19099,2.0,2-3,9.0,4-10,-10.4565,7058.0,214.0,0.9705720572057206
2982,TN,0,0,0.27,enzyme,D02342,2405,Bisoprolol,hsa:5604,Q02750,1.0,1,1.0,1,-6.0772,5303.0,2159.0,0.7106673813990887
981,TP,1,1,0.7466666666666667,enzyme,D01133,4823,Pimobendan,hsa:5148,P18545,19.0,11-30,20.0,11-30,-5.3279,262.0,7192.0,0.03514891333512208
2122,TP,1,1,0.5066666666666667,ion_channel,D00252,2554,Carbamazepine,hsa:6340,P51170,15.0,11-30,9.0,4-10,-9.2834,7217.0,249.0,0.9666488079292794
4985,TN,0,0,0.21333333333333335,ion_channel,D00283,135398737,Clozapine,hsa:2904,Q13224,3.0,2-3,3.0,2-3,-8.3007,6492.0,901.0,0.8781279588800216
839,TP,1,1,0.9566666666666667,enzyme,D00655,4100,Methazolamide,hsa:377677,Q8N1Q1,13.0,11-30,10.0,4-10,-5.7188,4802.0,2531.0,0.6548479476339834
4516,TN,0,0,0.25666666666666665,gpcr,D01745,3151,Domperidone,hsa:4985,P41143,1.0,1,2.0,2-3,-9.5289,6358.0,1017.0,0.8621016949152542
3359,TN,0,0,0.35,enzyme,D03798,54676038,Dicoumarol,hsa:1890,P19971,7.0,4-10,1.0,1,-7.4098,3463.0,4058.0,0.4604440898816647
4785,TN,0,0,0.35333333333333333,gpcr,D02279,69568,L-Lysine monohydrochloride,hsa:3351,P28222,1.0,1,10.0,4-10,-5.595,6703.0,765.0,0.8975629351901446
554,TP,1,1,0.73,enzyme,D00448,5339,Sulfasalazine,hsa:240,P09917,11.0,11-30,11.0,11-30,-9.2165,6647.0,638.0,0.9124227865477007
1678,TP,1,1,0.8033333333333333,enzyme,D05353,4679,Pantoprazole,hsa:1576,P08684,4.0,4-10,34.0,>30,-8.574,6957.0,349.0,0.9522310429783739
959,TP,1,1,0.88,enzyme,D01071,3608,Hexobarbital,hsa:1583,P05108,44.0,>30,10.0,4-10,-7.5203,6875.0,591.0,0.9208411465309403
4866,TN,0,0,0.38,ion_channel,D01071,3608,Hexobarbital,hsa:2558,P31644,1.0,1,16.0,11-30,-5.9664,2888.0,4578.0,0.3868202518081972
4369,FP,0,1,0.58,enzyme,D01767,54677971,Tenoxicam,hsa:1555,P20813,2.0,2-3,18.0,11-30,-8.6797,7066.0,162.0,0.9775871610403984
5315,TN,0,0,0.3466666666666667,ion_channel,D02409,23669229,Sodium caffeine benzoate,hsa:2743,P48167,5.0,4-10,4.0,4-10,-1.3238,5508.0,2105.0,0.7234992775515565
2439,TP,1,1,0.9533333333333334,ion_channel,D00629,4507,Nitrendipine,hsa:777,Q15878,30.0,11-30,10.0,4-10,-6.7982,5966.0,1486.0,0.8005904455179818
3740,TN,0,0,0.12,enzyme,D00630,27661,Isosorbide Mononitrate,hsa:5495,O75688,1.0,1,2.0,2-3,-5.378,4653.0,2880.0,0.6176821983273596
4694,TN,0,0,0.4,gpcr,D01692,444030,Darifenacin Hydrobromide,hsa:1815,P21917,1.0,1,4.0,4-10,-9.5939,6785.0,655.0,0.9119623655913979
209,TP,1,1,0.7733333333333333,enzyme,D00151,4044,Mefenamic Acid,hsa:5742,P23219,2.0,2-3,61.0,>30,-8.0002,6519.0,947.0,0.8731583177069381
176,TP,1,1,0.9733333333333334,enzyme,D00139,4114,8-Methoxypsoralen,hsa:10858,Q9Y6A2,43.0,>30,11.0,11-30,-7.031,5952.0,1621.0,0.7859500858312426
1682,FN,1,0,0.5,gpcr,D00059,6047,Levodopa,hsa:1812,P21728,2.0,2-3,14.0,11-30,-6.883,6890.0,576.0,0.9228502544870077
532,TP,1,1,0.98,enzyme,D00437,4485,Nifedipine,hsa:1551,P24462,42.0,>30,18.0,11-30,-6.8652,6716.0,739.0,0.9008718980549967
3947,TN,0,0,0.29333333333333333,enzyme,D00120,1548887,Sulindac,hsa:2673,Q06210,4.0,4-10,1.0,1,-7.7907,5380.0,2007.0,0.728306484364424
2426,TP,1,1,0.5733333333333334,ion_channel,D00618,4499,Nisoldipine,hsa:784,P54284,30.0,11-30,9.0,4-10,-6.0542,4396.0,3055.0,0.5899879210844182
4158,TN,0,0,0.11,enzyme,D01183,610479,Tolfenamic Acid,hsa:2324,P35916,2.0,2-3,8.0,4-10,-6.4477,3151.0,4250.0,0.4257532765842454
4110,TN,0,0,0.27,enzyme,D01196,13290219,Acetazolamide Sodium,hsa:7498,P47989,13.0,11-30,2.0,2-3,-1.407,6668.0,946.0,0.8757551878119254
3355,TN,0,0,0.42,enzyme,D00624,441313,Perindopril Erbumine,hsa:9601,P13667,1.0,1,1.0,1,-7.7285,5129.0,690.0,0.8814229249011858
246,FN,1,0,0.42333333333333334,enzyme,D00183,4421,Nalidixic Acid,hsa:7153,P11388,2.0,2-3,15.0,11-30,-7.8812,7159.0,244.0,0.9670403890314737
4215,TN,0,0,0.20333333333333334,enzyme,D00733,3025,Dibucaine,hsa:4860,P00491,2.0,2-3,2.0,2-3,-6.2585,4127.0,3260.0,0.5586841749018546
3934,TN,0,0,0.46,enzyme,D01064,135400182,Raltitrexed,hsa:55312,Q969G6,1.0,1,1.0,1,-9.6016,6892.0,288.0,0.9598885793871866
4368,TN,0,0,0.16,enzyme,D00813,84003,Ketorolac Tromethamine,hsa:64850,Q8TBG4,2.0,2-3,1.0,1,-8.2016,4524.0,2847.0,0.6137566137566137
258,TP,1,1,0.6666666666666666,enzyme,D00217,1983,Acetaminophen,hsa:10549,Q13162,17.0,11-30,3.0,2-3,-4.9006,2487.0,4983.0,0.3329317269076305
1899,TP,1,1,0.63,gpcr,D00726,4168,Metoclopramide,hsa:3350,P08908,15.0,11-30,7.0,4-10,-5.6629,4800.0,2597.0,0.64891172096796
3653,TN,0,0,0.48333333333333334,enzyme,D00155,439693,Pentostatin,hsa:5168,Q13822,1.0,1,3.0,2-3,-7.4077,6653.0,665.0,0.9091281770975677
382,FN,1,0,0.22666666666666666,enzyme,D00359,53232,Lovastatin,hsa:3156,P04035,1.0,1,12.0,11-30,-7.5156,5293.0,2225.0,0.7040436286246342
1136,TP,1,1,0.5866666666666667,enzyme,D01966,150311,Ezetimibe,hsa:8435,O75908,2.0,2-3,4.0,4-10,-11.3218,7362.0,13.0,0.9982372881355932
2754,TN,0,0,0.26666666666666666,enzyme,D05341,985,Palmitic Acid,hsa:1621,P09172,2.0,2-3,2.0,2-3,-5.2422,5494.0,2034.0,0.7298087141339001
5392,FP,0,1,0.53,nuclear_receptor,D00279,2796,Clofibrate,hsa:9971,Q96RI1,1.0,1,1.0,1,-6.3568,6489.0,1044.0,0.8614097968936678
2178,TP,1,1,0.8933333333333333,ion_channel,D00329,3393,Flurazepam,hsa:2562,P28472,15.0,11-30,10.0,4-10,-6.7321,4610.0,2694.0,0.6311610076670318
4716,TN,0,0,0.2633333333333333,gpcr,D01024,5362376,Tamsulosin Hydrochloride,hsa:5732,P43116,3.0,2-3,3.0,2-3,-8.5755,7243.0,132.0,0.9821016949152542
4821,TN,0,0,0.22,ion_channel,D00546,42113,Desflurane,hsa:1080,P13569,4.0,4-10,5.0,4-10,-4.9733,4956.0,2563.0,0.6591302034845059
891,TP,1,1,0.75,enzyme,D00813,84003,Ketorolac Tromethamine,hsa:5743,P35354,2.0,2-3,61.0,>30,-10.5952,7288.0,83.0,0.988739655406322
5245,TN,0,0,0.19,ion_channel,D00656,4121,Methyclothiazide,hsa:2562,P28472,1.0,1,10.0,4-10,-6.166,3940.0,3379.0,0.5383249077742861
2880,TN,0,0,0.25333333333333335,enzyme,D00549,4943,Propofol,hsa:5168,Q13822,1.0,1,3.0,2-3,-6.941,7168.0,405.0,0.9465205334741846
4678,TN,0,0,0.11,gpcr,D01126,66250,"L-Arginine, monohydrochloride",hsa:6010,P08100,1.0,1,1.0,1,-5.1072,4274.0,3047.0,0.5838000273186723
1683,FN,1,0,0.47,gpcr,D00059,6047,Levodopa,hsa:1813,P14416,2.0,2-3,22.0,11-30,-7.2769,7297.0,169.0,0.9773640503616394
4247,TN,0,0,0.3233333333333333,enzyme,D03714,119828,Parecoxib,hsa:10549,Q13162,2.0,2-3,3.0,2-3,-7.0691,2372.0,5012.0,0.32123510292524377
97,TP,1,1,0.9,enzyme,D00043,5936,Diisopropyl Fluorophosphate,hsa:590,P06276,51.0,>30,11.0,11-30,-5.0509,6175.0,1298.0,0.8263080422855613
1179,TP,1,1,0.8366666666666667,enzyme,D01977,123631,Gefitinib,hsa:6259,P34925,53.0,>30,8.0,4-10,-6.7197,2832.0,4365.0,0.39349729053772403
2538,TP,1,1,0.7166666666666667,ion_channel,D01712,157313,Epinastine Hydrochloride,hsa:6263,Q15413,5.0,4-10,16.0,11-30,-7.6001,4280.0,2884.0,0.5974316024567281
3524,TN,0,0,0.09333333333333334,enzyme,D03765,6850814,Spirapril Hydrochloride,hsa:5624,P04070,1.0,1,1.0,1,-6.8181,4062.0,3213.0,0.5583505154639176
997,TP,1,1,0.85,enzyme,D01196,13290219,Acetazolamide Sodium,hsa:765,P23280,13.0,11-30,10.0,4-10,-1.5305,7325.0,289.0,0.9620436038875755
1455,TP,1,1,0.97,enzyme,D03350,89594,Nicotine,hsa:558,P30530,53.0,>30,8.0,4-10,-5.2694,4256.0,3279.0,0.5648307896483079
1574,TP,1,1,0.99,enzyme,D04023,176871,Erlotinib Hydrochloride,hsa:2042,P29320,53.0,>30,8.0,4-10,-7.1726,5080.0,1879.0,0.729989941083489
3735,TN,0,0,0.4,enzyme,D00749,3899,Leflunomide,hsa:5144,Q08499,1.0,1,20.0,11-30,-7.8629,6084.0,1316.0,0.8221621621621622
3013,TN,0,0,0.31,enzyme,D05341,985,Palmitic Acid,hsa:7535,P43403,2.0,2-3,1.0,1,-5.5819,6231.0,1297.0,0.8277098831030818
1515,FN,1,0,0.33666666666666667,enzyme,D03720,60781,"L-Prolinamide, N-methyl-D-phenylalanyl-N-((1S)-4-((aminoiminomethyl)amino)-1-formylbutyl)-, sulfate (1:1)",hsa:2339,P49354,2.0,2-3,1.0,1,-8.2305,5075.0,2068.0,0.7104857902841943
3557,TN,0,0,0.30666666666666664,enzyme,D01275,158550,Atazanavir Sulfate,hsa:1571,P05181,2.0,2-3,23.0,11-30,-8.204,5058.0,1998.0,0.7168367346938775
4354,TN,0,0,0.11333333333333333,enzyme,D00658,5560,Trichlormethiazide,hsa:56922,Q96RQ3,4.0,4-10,1.0,1,-6.2491,3195.0,4117.0,0.43695295404814005
597,TP,1,1,0.9533333333333334,enzyme,D00501,4740,Pentoxifylline,hsa:5331,Q01970,52.0,>30,3.0,2-3,-7.3297,6983.0,483.0,0.9353067238146263
2169,TP,1,1,0.7433333333333333,ion_channel,D00303,3114,Disopyramide,hsa:6340,P51170,15.0,11-30,9.0,4-10,-7.5866,6949.0,428.0,0.9419818354344585
226,TP,1,1,0.9633333333333334,enzyme,D00160,564,6-Aminohexanoic Acid,hsa:3002,P10144,42.0,>30,2.0,2-3,-4.0019,2666.0,4805.0,0.35684647302904565
4968,TN,0,0,0.10333333333333333,ion_channel,D00678,59774,Zofran,hsa:6324,Q07699,5.0,4-10,8.0,4-10,-7.8353,2947.0,4430.0,0.39948488545479194
3674,TN,0,0,0.15666666666666668,enzyme,D03741,5464201,Ditekiren,hsa:84532,Q9NUB1,1.0,1,1.0,1,-3.6744,98.0,6767.0,0.014275309541150765
396,TP,1,1,0.7166666666666667,enzyme,D00371,2153,Theophylline,hsa:5152,O76083,19.0,11-30,19.0,11-30,-5.7566,5337.0,2133.0,0.7144578313253012
4407,TN,0,0,0.3333333333333333,gpcr,D00684,35329,Bitolterol Mesylate,hsa:3355,P30939,1.0,1,7.0,4-10,-9.3878,5595.0,1740.0,0.7627811860940695
2892,TN,0,0,0.39,enzyme,D02308,444972,Fumaric Acid,hsa:7299,P14679,1.0,1,1.0,1,-2.5121,107.0,7429.0,0.014198513800424629
3849,TN,0,0,0.32666666666666666,enzyme,D00398,135398741,Valacyclovir Hydrochloride,hsa:587,O15382,1.0,1,2.0,2-3,-7.3705,6126.0,1167.0,0.8399835458658989
5031,TN,0,0,0.4166666666666667,ion_channel,D00594,65981,Repaglinide,hsa:2903,Q12879,1.0,1,3.0,2-3,-7.7845,5823.0,1543.0,0.7905240293239207
2615,TP,1,1,0.75,ion_channel,D03580,9859832,"1R-cis-3,3,5-trimethylcyclohexyl ester5-oxo-L-proline",hsa:1134,P02708,9.0,4-10,11.0,11-30,-5.876,2157.0,5368.0,0.28664451827242526
1621,TP,1,1,0.99,enzyme,D04025,6444692,Mubritinib,hsa:2042,P29320,53.0,>30,8.0,4-10,-7.7024,3504.0,3868.0,0.47531199131850244
504,TP,1,1,0.9533333333333334,enzyme,D00417,4197,Milrinone,hsa:5151,O60658,47.0,>30,20.0,11-30,-7.4824,6644.0,825.0,0.8895434462444771
2246,TP,1,1,0.9166666666666666,ion_channel,D00499,4737,Pentobarbital,hsa:2554,P14867,23.0,11-30,32.0,>30,-5.3365,2973.0,4558.0,0.3947682910636038
4911,FP,0,1,0.55,ion_channel,D00618,4499,Nisoldipine,hsa:8001,O75311,30.0,11-30,1.0,1,-5.778,3466.0,3985.0,0.4651724600724735
3614,TN,0,0,0.23,enzyme,D02835,23683779,Alrestatin Sodium,hsa:238,Q9UM73,1.0,1,8.0,4-10,-1.5407,7349.0,265.0,0.9651956921460467
979,TP,1,1,0.8933333333333333,enzyme,D01133,4823,Pimobendan,hsa:5144,Q08499,19.0,11-30,20.0,11-30,-10.3363,7206.0,248.0,0.9667292728736249
3383,FP,0,1,0.5166666666666667,enzyme,D00726,4168,Metoclopramide,hsa:51095,Q96Q11,2.0,2-3,3.0,2-3,-5.5328,4372.0,3025.0,0.5910504258483169
3222,TN,0,0,0.4533333333333333,enzyme,D03752,54892,Quinapril,hsa:7155,Q02880,1.0,1,15.0,11-30,-7.1167,4848.0,2523.0,0.6577126577126577
2219,FN,1,0,0.28,ion_channel,D00351,47576,Ketoconazole,hsa:3783,O15554,3.0,2-3,9.0,4-10,-8.4546,5186.0,2173.0,0.7047153145807854
1644,TP,1,1,0.9566666666666667,enzyme,D04025,6444692,Mubritinib,hsa:4233,P08581,53.0,>30,8.0,4-10,-8.0728,4461.0,2911.0,0.605127509495388
5265,TN,0,0,0.31666666666666665,ion_channel,D00964,3902,Letrozole,hsa:3749,Q03721,1.0,1,2.0,2-3,-5.3065,429.0,7096.0,0.05700996677740864
5190,TN,0,0,0.2966666666666667,ion_channel,D00823,62857,Reconcile,hsa:9132,P56696,4.0,4-10,3.0,2-3,-7.3393,5350.0,2040.0,0.7239512855209743
4159,TN,0,0,0.07333333333333333,enzyme,D01688,444025,Loteprednol Etabonate,hsa:3816,P06870,1.0,1,2.0,2-3,-6.758,4505.0,2939.0,0.6051853842020419
4160,TN,0,0,0.13333333333333333,enzyme,D00893,16759173,Pravastatin Sodium,hsa:128853,Q9H1R2,1.0,1,2.0,2-3,-1.1776,2134.0,4725.0,0.3111240705642222
4405,TN,0,0,0.056666666666666664,gpcr,D01692,444030,Darifenacin Hydrobromide,hsa:552,P37288,1.0,1,1.0,1,-3.4099,50.0,7390.0,0.006720430107526882
1627,TP,1,1,0.9633333333333334,enzyme,D04025,6444692,Mubritinib,hsa:2048,P29323,53.0,>30,8.0,4-10,-8.0059,4308.0,3064.0,0.5843733043950081
4505,TN,0,0,0.38333333333333336,gpcr,D01964,5282226,Travoprost,hsa:1813,P14416,1.0,1,22.0,11-30,-9.4395,7256.0,176.0,0.976318622174381
1910,FN,1,0,0.35,gpcr,D00765,441351,Rocuronium Bromide,hsa:1129,P08172,1.0,1,21.0,11-30,-1.1812,6361.0,1252.0,0.835544463417838
4251,FP,0,1,0.9166666666666666,enzyme,D00002,5893,Nadide (JAN/USAN/INN),hsa:1571,P05181,37.0,>30,23.0,11-30,-9.3449,6111.0,940.0,0.8666855765139696
3376,TN,0,0,0.13,enzyme,D00885,9556529,Oxiconazole Nitrate,hsa:5052,Q06830,1.0,1,3.0,2-3,-7.019,2072.0,5130.0,0.28769786170508194
3779,TN,0,0,0.30666666666666664,enzyme,D01275,158550,Atazanavir Sulfate,hsa:218,P30838,2.0,2-3,1.0,1,-8.4797,5531.0,1525.0,0.7838718820861678
4235,FP,0,1,0.9033333333333333,enzyme,D04023,176871,Erlotinib Hydrochloride,hsa:7006,P42680,53.0,>30,1.0,1,-6.6406,3820.0,3139.0,0.5489294438856157
299,TP,1,1,0.9866666666666667,enzyme,D00225,2118,Alprazolam,hsa:1577,P20815,44.0,>30,18.0,11-30,-8.6406,6506.0,959.0,0.8715338245144005
1830,TP,1,1,0.6066666666666667,gpcr,D00509,91430,Phentolamine Methanesulfonate,hsa:150,P08913,6.0,4-10,29.0,11-30,-9.2902,4921.0,1444.0,0.7731343283582089
2874,FP,0,1,0.7633333333333333,enzyme,D03218,5328940,Bosutinib,hsa:3818,P03952,53.0,>30,2.0,2-3,-9.3931,7099.0,163.0,0.9775543927292757
3483,TN,0,0,0.07,enzyme,D00045,60961,Adenosine,hsa:7294,P42681,1.0,1,1.0,1,-5.6247,2178.0,5213.0,0.29468272222973885
5407,FP,0,1,0.5733333333333334,nuclear_receptor,D00506,4763,Phenobarbital,hsa:5915,P10826,1.0,1,3.0,2-3,-7.013,6049.0,1480.0,0.8034267499003852
2741,TN,0,0,0.39,enzyme,D02769,6083,Adenosine Monophosphate,hsa:9955,Q9Y663,11.0,11-30,1.0,1,-8.4689,7024.0,271.0,0.9628512679917752
3289,TN,0,0,0.32666666666666666,enzyme,D00752,5281078,Mycophenolate Mofetil,hsa:9601,P13667,2.0,2-3,1.0,1,-7.1355,4746.0,2700.0,0.637389202256245
3499,TN,0,0,0.06333333333333334,enzyme,D03773,107994,Quinaprilat,hsa:339221,Q6UWV6,1.0,1,3.0,2-3,-7.2381,4658.0,2713.0,0.6319359652692986
3279,TN,0,0,0.49333333333333335,enzyme,D00126,3672,"Ibuprofen, (+-)-",hsa:444,Q12797,8.0,4-10,1.0,1,-6.5883,5527.0,2005.0,0.7338024429102497
1814,FN,1,0,0.48,gpcr,D00493,4917,Prochlorperazine,hsa:1814,P35462,6.0,4-10,13.0,11-30,-8.3285,7041.0,421.0,0.943580809434468
2172,TP,1,1,0.63,ion_channel,D00319,3333,Felodipine,hsa:779,Q13698,5.0,4-10,18.0,11-30,-4.1888,415.0,7040.0,0.055667337357478204
3850,TN,0,0,0.5,enzyme,D02168,60699,Topotecan Hydrochloride,hsa:5754,Q13308,4.0,4-10,8.0,4-10,-8.7834,6423.0,949.0,0.8712696690179056
3489,FP,0,1,0.5933333333333334,enzyme,D00567,2662,Celecoxib,hsa:223,P49189,3.0,2-3,1.0,1,-8.6865,6431.0,785.0,0.8912139689578714
4863,TN,0,0,0.16,ion_channel,D00524,5831,Carbachol,hsa:8514,Q13303,8.0,4-10,2.0,2-3,-0.9885,2380.0,5234.0,0.312582085631731
3120,TN,0,0,0.3466666666666667,enzyme,D00054,135398641,Inosine,hsa:4017,Q9Y4K0,1.0,1,1.0,1,-7.3161,6272.0,1122.0,0.8482553421693265
3868,FP,0,1,0.8366666666666667,enzyme,D00563,4205,Mirtazapine,hsa:1543,P04798,3.0,2-3,19.0,11-30,-8.6685,6979.0,547.0,0.927318628753654
933,FN,1,0,0.18666666666666668,enzyme,D00965,4493,Nilutamide,hsa:5447,P16435,1.0,1,2.0,2-3,-8.229,6662.0,732.0,0.9010008114687584
2324,TP,1,1,0.7533333333333333,ion_channel,D00542,3562,Halothane,hsa:777,Q15878,34.0,>30,10.0,4-10,-4.7295,7120.0,416.0,0.9447983014861996
1930,TP,1,1,0.5166666666666667,gpcr,D01022,66259,Oxymetazoline Hydrochloride,hsa:151,P18089,6.0,4-10,25.0,11-30,-6.6499,5352.0,2041.0,0.7239280400378737
1936,TP,1,1,0.6966666666666667,gpcr,D01103,107979,"Spiro(8-azoniabicyclo(3.2.1)octane-8,1'-pyrrolidinium), 3-hydroxy-, chloride, benzilate",hsa:1128,P11229,1.0,1,27.0,11-30,-1.2134,6384.0,1225.0,0.8390064397424103
5105,TN,0,0,0.12333333333333334,ion_channel,D00593,3476,"1H-Pyrrole-1-carboxamide, 3-ethyl-2,5-dihydro-4-methyl-N-2-4-(trans-4-methylcyclohexyl)aminocarbonylaminosulfonylphenylethyl-2-oxo-",hsa:56479,Q9NR82,1.0,1,2.0,2-3,-7.0254,995.0,6359.0,0.1353005167255915
268,TP,1,1,0.7833333333333333,enzyme,D00217,1983,Acetaminophen,hsa:5743,P35354,17.0,11-30,61.0,>30,-6.1172,6623.0,847.0,0.8866131191432396
852,TP,1,1,0.7466666666666667,enzyme,D00658,5560,Trichlormethiazide,hsa:759,P00915,4.0,4-10,21.0,11-30,-7.0255,5370.0,1942.0,0.7344091903719913
1517,FN,1,0,0.3466666666666667,enzyme,D03722,11954363,Napsagatran,hsa:2147,P00734,1.0,1,8.0,4-10,-1.8632,6442.0,1170.0,0.8462953231739359
1014,TP,1,1,0.95,enzyme,D01198,60790,Toborinone,hsa:8654,O76074,19.0,11-30,20.0,11-30,-8.4057,6680.0,767.0,0.8970055055727139
2758,TN,0,0,0.4266666666666667,enzyme,D02042,6918034,Olprinone Hydrochloride Hydrate,hsa:5533,P48454,19.0,11-30,2.0,2-3,-1.7741,4889.0,1881.0,0.7221565731166912
3859,TN,0,0,0.09666666666666666,enzyme,D05341,985,Palmitic Acid,hsa:7156,Q13472,2.0,2-3,6.0,4-10,-4.5625,3146.0,4382.0,0.41790648246546225
583,TP,1,1,0.7833333333333333,enzyme,D00501,4740,Pentoxifylline,hsa:5138,O00408,52.0,>30,20.0,11-30,-5.8698,3689.0,3777.0,0.49410661666220196
3679,TN,0,0,0.21666666666666667,enzyme,D00145,5578,Trimethoprim,hsa:8513,P07098,1.0,1,2.0,2-3,-6.2142,4661.0,2800.0,0.6247151856319528
193,TP,1,1,0.9666666666666667,enzyme,D00139,4114,8-Methoxypsoralen,hsa:1583,P05108,43.0,>30,10.0,4-10,-7.2447,6415.0,1158.0,0.8470883401558167
182,TP,1,1,1.0,enzyme,D00139,4114,8-Methoxypsoralen,hsa:1555,P20813,43.0,>30,18.0,11-30,-7.4523,6771.0,802.0,0.8940974514723359
1633,TP,1,1,0.9666666666666667,enzyme,D04025,6444692,Mubritinib,hsa:2260,P11362,53.0,>30,8.0,4-10,-8.6892,5743.0,1629.0,0.7790287574606619
1681,FN,1,0,0.3566666666666667,enzyme,D06238,5583,Trimetrexate,hsa:1719,P00374,1.0,1,7.0,4-10,-8.4859,6984.0,462.0,0.9379532634971797
1547,FN,1,0,0.38,enzyme,D03798,54676038,Dicoumarol,hsa:9601,P13667,7.0,4-10,1.0,1,-8.0149,4891.0,2630.0,0.6503124584496742
5036,FP,0,1,0.5066666666666667,ion_channel,D00331,3440,Furosemide,hsa:3767,Q14654,6.0,4-10,6.0,4-10,-6.2596,3605.0,3705.0,0.49316005471956226
1522,FN,1,0,0.43666666666666665,enzyme,D03734,71355,Lecimibide,hsa:8435,O75908,2.0,2-3,4.0,4-10,-10.4124,7073.0,63.0,0.9911715246636771
5056,TN,0,0,0.32666666666666666,ion_channel,D00740,5795,Procaine Hydrochloride,hsa:40,Q16515,12.0,11-30,1.0,1,-5.7573,5046.0,2048.0,0.7113053284465746
4477,TN,0,0,0.32,gpcr,D00524,5831,Carbachol,hsa:2914,Q14833,3.0,2-3,1.0,1,-1.217,6444.0,1170.0,0.8463356973995272
1130,TP,1,1,0.5533333333333333,enzyme,D01866,54690031,Lornoxicam,hsa:5743,P35354,2.0,2-3,61.0,>30,-8.5026,6896.0,250.0,0.9650153932269802
2551,TP,1,1,0.79,ion_channel,D02173,121587,Galantamine Hydrobromide,hsa:55584,Q9UGM1,9.0,4-10,14.0,11-30,-6.8332,3844.0,3548.0,0.520021645021645
5318,TN,0,0,0.22666666666666666,ion_channel,D00338,31640,Halazepam,hsa:3746,P48547,1.0,1,5.0,4-10,-7.0614,3984.0,3326.0,0.5450068399452804
4087,TN,0,0,0.23333333333333334,enzyme,D00566,16760658,Sodium Salicylate,hsa:354,P07288,2.0,2-3,2.0,2-3,-1.3551,6058.0,1555.0,0.7957441218967556
4442,TN,0,0,0.19666666666666666,gpcr,D01745,3151,Domperidone,hsa:6010,P08100,1.0,1,1.0,1,-8.9455,5569.0,1806.0,0.7551186440677966
4299,TN,0,0,0.13,enzyme,D00454,135398745,Olanzapine,hsa:58190,Q9GZU7,2.0,2-3,2.0,2-3,-6.8901,4152.0,3242.0,0.5615363808493373
392,FN,1,0,0.3933333333333333,enzyme,D00371,2153,Theophylline,hsa:5147,O43924,19.0,11-30,20.0,11-30,-5.2383,3494.0,3976.0,0.4677376171352075
58,FN,1,0,0.35,enzyme,D00038,243,Benzoic Acid,hsa:1610,P14920,2.0,2-3,2.0,2-3,-6.2145,7128.0,407.0,0.945985401459854
785,TP,1,1,0.96,enzyme,D00577,448537,Diethylstilbestrol,hsa:10935,P30048,16.0,11-30,3.0,2-3,-5.5529,2354.0,5218.0,0.31088219756999474
1674,FN,1,0,0.25333333333333335,enzyme,D05341,985,Palmitic Acid,hsa:1558,P10632,2.0,2-3,22.0,11-30,-6.6864,7382.0,146.0,0.980605738575983
2731,TN,0,0,0.24333333333333335,enzyme,D00753,5497196,Rapamycin (TN),hsa:1543,P04798,1.0,1,19.0,11-30,-8.7119,6116.0,1117.0,0.8455689202267386
173,TP,1,1,0.7366666666666667,enzyme,D00136,3559,Haloperidol,hsa:231,P15121,6.0,4-10,12.0,11-30,-10.3145,7208.0,95.0,0.986991647268246
2140,FN,1,0,0.42333333333333334,ion_channel,D00294,3019,Diazoxide,hsa:3746,P48547,80.0,>30,5.0,4-10,-5.727,2990.0,4345.0,0.4076346284935242
1979,TP,1,1,0.5066666666666667,gpcr,D01973,656631,Eletriptan Hydrobromide,hsa:3363,P34969,7.0,4-10,3.0,2-3,-8.8976,5876.0,872.0,0.8707765263781861
5004,TN,0,0,0.24,ion_channel,D02086,6314,Lidocaine Hydrochloride,hsa:3761,P48050,9.0,4-10,2.0,2-3,-3.0143,84.0,7381.0,0.011252511721366376
2961,TN,0,0,0.13,enzyme,D00185,5756,Estriol,hsa:5423,P06746,1.0,1,1.0,1,-7.1906,3410.0,4162.0,0.4503433703116746
5390,TN,0,0,0.14666666666666667,nuclear_receptor,D01387,5807,(+-)-Isoproterenol hydrochloride,hsa:190,P51843,1.0,1,1.0,1,-4.373,551.0,6913.0,0.07382100750267953
587,TP,1,1,0.85,enzyme,D00501,4740,Pentoxifylline,hsa:5143,Q08493,52.0,>30,20.0,11-30,-6.0686,4269.0,3197.0,0.5717921242968123
4291,TN,0,0,0.46,enzyme,D00537,5284627,Topiramate,hsa:5336,P16885,2.0,2-3,3.0,2-3,-6.2304,3674.0,3788.0,0.492361297239346
4425,TN,0,0,0.23,gpcr,D02327,11224,Donormil,hsa:3352,P28221,2.0,2-3,10.0,4-10,-7.1114,4355.0,3020.0,0.5905084745762712
2644,FN,1,0,0.22,nuclear_receptor,D00094,444795,Retinoic Acid,hsa:6097,P51449,9.0,4-10,1.0,1,-8.5572,6954.0,569.0,0.924365279808587
1659,TP,1,1,0.95,enzyme,D04025,6444692,Mubritinib,hsa:7010,Q02763,53.0,>30,8.0,4-10,-7.9041,4049.0,3323.0,0.5492403689636463
570,FN,1,0,0.21333333333333335,enzyme,D00488,4993,Pyrimethamine,hsa:1719,P00374,1.0,1,7.0,4-10,-7.5055,7067.0,399.0,0.9465577283686043
5153,TN,0,0,0.23,ion_channel,D00495,8280,Paramethadione,hsa:1080,P13569,1.0,1,5.0,4-10,-5.4122,5892.0,1642.0,0.7820546854260685
4702,TN,0,0,0.2833333333333333,gpcr,D00540,11693,Glycopyrrolate,hsa:3350,P08908,2.0,2-3,7.0,4-10,-1.1625,6093.0,1471.0,0.8055261766261237
4604,TN,0,0,0.31666666666666665,gpcr,D03881,208850,Dobutamine Tartrate,hsa:2912,Q14416,2.0,2-3,2.0,2-3,-8.7338,4040.0,3378.0,0.5446211916958749
3732,FP,0,1,0.6533333333333333,enzyme,D03716,15895902,Parecoxib Sodium,hsa:590,P06276,2.0,2-3,11.0,11-30,-1.3896,6485.0,1123.0,0.8523922187171399
331,TP,1,1,0.7,enzyme,D00270,2726,Chlorpromazine,hsa:4129,P27338,6.0,4-10,20.0,11-30,-6.3752,5347.0,2118.0,0.7162759544541192
3282,TN,0,0,0.3,enzyme,D00279,2796,Clofibrate,hsa:4552,Q9UBK8,2.0,2-3,2.0,2-3,-6.2081,6159.0,1374.0,0.8176025487853444
4260,TN,0,0,0.21,enzyme,D04197,5790,Floxuridine,hsa:5146,P51160,1.0,1,3.0,2-3,-6.6044,5390.0,1932.0,0.7361376673040153
2601,TP,1,1,0.9433333333333334,ion_channel,D02356,2520,Verapamil,hsa:9992,Q9Y6J6,121.0,>30,2.0,2-3,-5.5623,2380.0,5065.0,0.31967763599731364
3294,TN,0,0,0.25,enzyme,D00563,4205,Mirtazapine,hsa:2260,P11362,3.0,2-3,8.0,4-10,-8.0967,6233.0,1293.0,0.8281955886260962
4502,TN,0,0,0.4266666666666667,gpcr,D00422,3001055,Ranitidine,hsa:134,P30542,1.0,1,5.0,4-10,-5.1914,4258.0,3140.0,0.5755609624222763
4032,TN,0,0,0.16333333333333333,enzyme,D00624,441313,Perindopril Erbumine,hsa:765,P23280,1.0,1,10.0,4-10,-7.0868,4220.0,1599.0,0.7252105172710087
3099,TN,0,0,0.2733333333333333,enzyme,D00749,3899,Leflunomide,hsa:5408,P54317,1.0,1,2.0,2-3,-7.0952,4513.0,2887.0,0.6098648648648649
3872,FP,0,1,0.75,enzyme,D02321,2179,Amsacrine,hsa:9601,P13667,2.0,2-3,1.0,1,-8.8344,6282.0,1094.0,0.8516811279826464
5180,FP,0,1,0.5066666666666667,ion_channel,D00283,135398737,Clozapine,hsa:2561,P47870,3.0,2-3,10.0,4-10,-7.0321,3681.0,3712.0,0.4979034221560936
3336,TN,0,0,0.4,enzyme,D02042,6918034,Olprinone Hydrochloride Hydrate,hsa:64802,Q9HAN9,19.0,11-30,1.0,1,-1.7345,4386.0,2384.0,0.6478581979320531
3172,TN,0,0,0.13666666666666666,enzyme,D02341,4037,Meclofenamic Acid,hsa:10935,P30048,2.0,2-3,3.0,2-3,-6.0183,2196.0,5204.0,0.2967567567567568
4769,FP,0,1,0.54,gpcr,D03881,208850,Dobutamine Tartrate,hsa:1813,P14416,2.0,2-3,22.0,11-30,-9.2592,5198.0,2220.0,0.7007279590186034
5365,TN,0,0,0.06333333333333334,nuclear_receptor,D00930,5281104,Paricalcitol,hsa:6256,P19793,1.0,1,3.0,2-3,-6.9363,2200.0,5366.0,0.2907745175786413
779,TP,1,1,0.95,enzyme,D00574,2145,Aminoglutethimide,hsa:1585,P19099,43.0,>30,9.0,4-10,-6.6803,5423.0,2104.0,0.72047296399628
3057,TN,0,0,0.35333333333333333,enzyme,D01122,3673,Ibuprofen Piconol,hsa:5321,P47712,2.0,2-3,7.0,4-10,-7.1927,5599.0,1924.0,0.7442509637112854
687,TP,1,1,0.9533333333333334,enzyme,D00528,2519,Caffeine,hsa:5168,Q13822,89.0,>30,3.0,2-3,-6.0385,6434.0,1101.0,0.8538818845388189
2044,TP,1,1,0.6466666666666666,gpcr,D02614,5311064,Denopamine,hsa:153,P08588,1.0,1,31.0,>30,-8.7208,7372.0,86.0,0.9884687583802628
3216,TN,0,0,0.4033333333333333,enzyme,D00252,2554,Carbamazepine,hsa:7150,P11387,2.0,2-3,6.0,4-10,-7.786,5155.0,2311.0,0.6904634342351996
3789,TN,0,0,0.08,enzyme,D00994,8307,Edrophonium Chloride,hsa:1728,P15559,1.0,1,3.0,2-3,-1.002,2498.0,4874.0,0.33884970157352146
2070,TP,1,1,0.7833333333333333,gpcr,D03879,36811,Dobutamine,hsa:153,P08588,3.0,2-3,31.0,>30,-9.7146,7502.0,21.0,0.9972085604147282
2208,FN,1,0,0.19,ion_channel,D00335,3478,Glipizide,hsa:3767,Q14654,2.0,2-3,6.0,4-10,-7.4375,2350.0,5022.0,0.31877373846988605
82,TP,1,1,0.99,enzyme,D00043,5936,Diisopropyl Fluorophosphate,hsa:3817,P20151,51.0,>30,2.0,2-3,-4.4451,3724.0,3749.0,0.49832731165529237
2441,TP,1,1,0.6166666666666667,ion_channel,D00629,4507,Nitrendipine,hsa:781,P54289,30.0,11-30,12.0,11-30,-8.1231,7343.0,109.0,0.985373054213634
832,TP,1,1,0.6766666666666666,enzyme,D00653,6918132,Dorzolamide Hydrochloride,hsa:767,P35219,13.0,11-30,10.0,4-10,-6.0569,3634.0,3293.0,0.5246138299408113
1823,TP,1,1,0.7633333333333333,gpcr,D00494,4927,Promethazine,hsa:1813,P14416,11.0,11-30,22.0,11-30,-6.9428,6291.0,1235.0,0.835902205686952
835,FN,1,0,0.4066666666666667,enzyme,D00654,3647,Hydroflumethiazide,hsa:759,P00915,4.0,4-10,21.0,11-30,-7.2058,5543.0,1767.0,0.7582763337893297
1880,TP,1,1,0.7633333333333333,gpcr,D00609,68546,Prazosin Hydrochloride,hsa:152,P18825,6.0,4-10,15.0,11-30,-8.1473,6254.0,583.0,0.9147286821705426
1356,TP,1,1,0.9033333333333333,enzyme,D03217,6450551,Axitinib,hsa:5151,O60658,19.0,11-30,20.0,11-30,-9.7491,6911.0,466.0,0.9368306899823776
2629,FN,1,0,0.4166666666666667,ion_channel,D05453,9795678,Phencyclidine Hydrochloride,hsa:1137,P43681,10.0,4-10,13.0,11-30,-7.3377,5373.0,1158.0,0.8226917776757005
2285,TP,1,1,0.64,ion_channel,D00524,5831,Carbachol,hsa:1136,P32297,8.0,4-10,14.0,11-30,-1.2722,7075.0,539.0,0.9292093511951668
943,TP,1,1,0.9166666666666666,enzyme,D01071,3608,Hexobarbital,hsa:1544,P05177,44.0,>30,24.0,11-30,-7.1873,6377.0,1089.0,0.854138762389499
4400,TN,0,0,0.25666666666666665,enzyme,D00512,1775,Phenytoin,hsa:8836,Q92820,2.0,2-3,1.0,1,-7.3282,4576.0,2949.0,0.6081063122923588
726,TP,1,1,0.8133333333333334,enzyme,D00542,3562,Halothane,hsa:1562,P33260,45.0,>30,18.0,11-30,-2.2981,202.0,7334.0,0.02680467091295117
948,TP,1,1,0.97,enzyme,D01071,3608,Hexobarbital,hsa:1555,P20813,44.0,>30,18.0,11-30,-6.9267,5822.0,1644.0,0.7798017680150013
397,TP,1,1,0.8566666666666667,enzyme,D00371,2153,Theophylline,hsa:8654,O76074,19.0,11-30,20.0,11-30,-5.9193,5848.0,1622.0,0.7828647925033467
4601,TN,0,0,0.19,gpcr,D00674,60875,Naratriptan Hydrochloride,hsa:2911,Q13255,1.0,1,1.0,1,-6.71,2972.0,4249.0,0.4115773438581914
4776,FP,0,1,0.6666666666666666,gpcr,D00451,5358,Sumatriptan,hsa:1128,P11229,11.0,11-30,27.0,11-30,-6.7777,6149.0,1249.0,0.8311705866450392
4876,TN,0,0,0.09666666666666666,ion_channel,D00678,59774,Zofran,hsa:27345,Q86W47,5.0,4-10,2.0,2-3,-7.7933,2826.0,4551.0,0.38308255388369256
4216,TN,0,0,0.33666666666666667,enzyme,D00342,5905,Idoxuridine,hsa:1675,P00746,1.0,1,2.0,2-3,-5.7189,3430.0,3892.0,0.4684512428298279
4083,TN,0,0,0.0033333333333333335,enzyme,D00620,5362123,Benazepril Hydrochloride,hsa:2877,P18283,1.0,1,1.0,1,-6.714,2863.0,4510.0,0.3883086938830869
4254,TN,0,0,0.11,enzyme,D03823,132228,Quilostigmine,hsa:128853,Q9H1R2,1.0,1,2.0,2-3,-7.5597,2385.0,5137.0,0.3170699282105823
3716,TN,0,0,0.36333333333333334,enzyme,D02008,110635,Tadalafil,hsa:6652,Q00796,19.0,11-30,1.0,1,-9.0298,5645.0,1802.0,0.7580233651134685
3917,TN,0,0,0.2966666666666667,enzyme,D04023,176871,Erlotinib Hydrochloride,hsa:1022,P50613,53.0,>30,1.0,1,-7.842,6178.0,781.0,0.8877712314987786
3812,TN,0,0,0.12,enzyme,D03717,159324,Tipifarnib,hsa:349565,Q96T66,2.0,2-3,1.0,1,-8.2126,4237.0,3031.0,0.5829664281783159
778,TP,1,1,0.8933333333333333,enzyme,D00574,2145,Aminoglutethimide,hsa:1584,P15538,43.0,>30,11.0,11-30,-6.378,4615.0,2912.0,0.613126079447323
2211,FN,1,0,0.22,ion_channel,D00340,3639,Hydrochlorothiazide,hsa:3778,Q12791,1.0,1,12.0,11-30,-7.1265,6544.0,856.0,0.8843243243243243
5083,TN,0,0,0.29333333333333333,ion_channel,D05453,9795678,Phencyclidine Hydrochloride,hsa:3786,O43525,10.0,4-10,2.0,2-3,-5.7098,1642.0,4889.0,0.251416322155872
2073,FN,1,0,0.25666666666666665,gpcr,D03880,3038222,Dobutamine Lactobionate,hsa:154,P07550,2.0,2-3,35.0,>30,-7.6891,4630.0,2693.0,0.6322545404888706
403,TP,1,1,0.7933333333333333,enzyme,D00380,5505,Tolbutamide,hsa:1543,P04798,44.0,>30,19.0,11-30,-8.7413,7450.0,16.0,0.997856951513528
3111,TN,0,0,0.14333333333333334,enzyme,D00185,5756,Estriol,hsa:2876,P07203,1.0,1,1.0,1,-6.3755,1341.0,6231.0,0.1770998415213946
3815,TN,0,0,0.06666666666666667,enzyme,D04092,8366,Etryptamine Acetate,hsa:134510,Q8WVY7,2.0,2-3,2.0,2-3,-6.2976,1035.0,6161.0,0.14382990550305724
4413,TN,0,0,0.20333333333333334,gpcr,D00400,60846,Valsartan,hsa:3363,P34969,1.0,1,3.0,2-3,-6.8602,3868.0,3406.0,0.5317569425350563
1900,TP,1,1,0.87,gpcr,D00726,4168,Metoclopramide,hsa:3351,P28222,15.0,11-30,10.0,4-10,-6.5684,6794.0,603.0,0.9184804650534
2823,FP,0,1,0.5233333333333333,enzyme,D00568,5090,Rofecoxib,hsa:1436,P07333,2.0,2-3,8.0,4-10,-10.9657,7522.0,3.0,0.9996013289036545
4066,TN,0,0,0.13666666666666666,enzyme,D00505,61100,Phenelzine Sulfate,hsa:4190,P40925,2.0,2-3,1.0,1,-7.2059,4205.0,2424.0,0.6343339870267009
1698,TP,1,1,0.52,gpcr,D00139,4114,8-Methoxypsoralen,hsa:3577,P25024,1.0,1,10.0,4-10,-7.8731,7260.0,313.0,0.9586689554998019
4136,TN,0,0,0.21333333333333335,enzyme,D00510,4781,Phenylbutazone,hsa:3816,P06870,10.0,4-10,2.0,2-3,-6.8086,4715.0,2808.0,0.6267446497407949
2361,TP,1,1,0.6733333333333333,ion_channel,D00547,5206,Sevoflurane,hsa:2890,P42261,20.0,11-30,8.0,4-10,-3.088,293.0,7280.0,0.03869008319028126
3244,TN,0,0,0.38666666666666666,enzyme,D00036,936,Nicotinamide,hsa:4282,P14174,1.0,1,1.0,1,-4.1334,1259.0,6214.0,0.16847317007895088
2282,FN,1,0,0.15,ion_channel,D00519,2720,Chlorothiazide,hsa:3778,Q12791,1.0,1,12.0,11-30,-7.0835,6352.0,970.0,0.8675225348265502
4478,TN,0,0,0.31,gpcr,D03621,54343,Daltroban,hsa:886,P32238,4.0,4-10,1.0,1,-8.972,7058.0,252.0,0.9655266757865937
5183,TN,0,0,0.33,ion_channel,D01242,92163,Prilocaine Hydrochloride,hsa:3752,Q9UK17,1.0,1,4.0,4-10,-6.2427,4905.0,2065.0,0.7037302725968436
4242,TN,0,0,0.01,enzyme,D00620,5362123,Benazepril Hydrochloride,hsa:349565,Q96T66,1.0,1,1.0,1,-7.465,4745.0,2628.0,0.6435643564356436
5419,FP,0,1,0.5366666666666666,nuclear_receptor,D00299,5311071,Dihydrotachysterol,hsa:6097,P51449,1.0,1,1.0,1,-11.037,7526.0,41.0,0.9945817364873795
5063,TN,0,0,0.21666666666666667,ion_channel,D00650,2315,Bendroflumethiazide,hsa:2742,P23416,1.0,1,5.0,4-10,-6.9892,2481.0,4895.0,0.3363611713665944
4199,TN,0,0,0.33,enzyme,D00203,5280965,Amphotericin B,hsa:36,P45954,1.0,1,1.0,1,-7.9493,3630.0,3414.0,0.5153321976149915
5380,TN,0,0,0.32,nuclear_receptor,D05341,985,Palmitic Acid,hsa:9970,Q14994,1.0,1,1.0,1,-6.5739,7330.0,198.0,0.9736981934112646
1141,TP,1,1,0.9633333333333334,enzyme,D01977,123631,Gefitinib,hsa:10461,Q12866,53.0,>30,8.0,4-10,-7.4138,4584.0,2613.0,0.6369320550229263
3326,TN,0,0,0.17,enzyme,D02729,129791,Itopride Hydrochloride,hsa:1969,P29317,2.0,2-3,8.0,4-10,-5.506,1121.0,6330.0,0.15044960407998925
3429,TN,0,0,0.41,enzyme,D05353,4679,Pantoprazole,hsa:4145,P42679,4.0,4-10,1.0,1,-6.1784,1914.0,5392.0,0.2619764577059951
976,TP,1,1,0.91,enzyme,D01133,4823,Pimobendan,hsa:5141,P27815,19.0,11-30,20.0,11-30,-9.7904,6868.0,586.0,0.921384491548162
4345,TN,0,0,0.2,enzyme,D00131,3117,Disulfiram,hsa:128853,Q9H1R2,10.0,4-10,2.0,2-3,-3.5922,2042.0,5491.0,0.27107394132483736
2366,TP,1,1,0.8766666666666667,ion_channel,D00548,667484,Etomidate,hsa:2562,P28472,15.0,11-30,10.0,4-10,-5.9148,4250.0,3216.0,0.5692472542191267
342,TP,1,1,0.7733333333333333,enzyme,D00293,3016,Diazepam,hsa:1557,P33261,4.0,4-10,27.0,11-30,-8.3653,6836.0,565.0,0.9236589650047291
3676,FP,0,1,0.6933333333333334,enzyme,D00519,2720,Chlorothiazide,hsa:5478,P62937,13.0,11-30,1.0,1,-6.8723,5970.0,1352.0,0.8153509969953565
3511,FP,0,1,0.7,enzyme,D00451,5358,Sumatriptan,hsa:1267,P09543,1.0,1,3.0,2-3,-6.8103,6210.0,1188.0,0.8394160583941606
1856,TP,1,1,0.75,gpcr,D00528,2519,Caffeine,hsa:134,P30542,14.0,11-30,5.0,4-10,-5.3213,4330.0,3205.0,0.5746516257465163
2909,TN,0,0,0.42333333333333334,enzyme,D01715,133264,Risarestat,hsa:1545,Q16678,1.0,1,18.0,11-30,-7.2688,6653.0,810.0,0.8914645584885434
343,TP,1,1,0.8366666666666667,enzyme,D00293,3016,Diazepam,hsa:1576,P08684,4.0,4-10,34.0,>30,-7.8081,6160.0,1241.0,0.8323199567625996
1530,TP,1,1,0.6133333333333333,enzyme,D03753,107807,Perindopril,hsa:1636,P12821,1.0,1,31.0,>30,-6.9124,6287.0,1092.0,0.8520124678140669
2921,FP,0,1,0.6666666666666666,enzyme,D00041,6288,L-Threonine,hsa:5142,Q07343,3.0,2-3,20.0,11-30,-4.5514,5137.0,2336.0,0.687408002141041
2724,FP,0,1,0.58,enzyme,D00039,6287,L-Valine,hsa:7046,P36897,7.0,4-10,1.0,1,-5.5787,7447.0,26.0,0.9965208082430081
4781,TN,0,0,0.13666666666666666,gpcr,D03642,6436002,Dalvastatin,hsa:4985,P41143,1.0,1,2.0,2-3,-8.6222,6053.0,1398.0,0.8123741779626896
2818,TN,0,0,0.2633333333333333,enzyme,D01966,150311,Ezetimibe,hsa:765,P23280,2.0,2-3,10.0,4-10,-9.1785,6430.0,945.0,0.871864406779661
4790,TN,0,0,0.49333333333333335,gpcr,D00241,2284,Baclofen,hsa:154,P07550,1.0,1,35.0,>30,-6.9915,7116.0,291.0,0.9607128392061564
201,TP,1,1,0.7866666666666666,enzyme,D00141,3715,Indomethacin,hsa:239,P18054,8.0,4-10,8.0,4-10,-9.0026,7176.0,209.0,0.9716993906567366
3939,TN,0,0,0.19666666666666666,enzyme,D00054,135398641,Inosine,hsa:25824,P30044,1.0,1,4.0,4-10,-6.2593,3639.0,3755.0,0.49215580200162296
244,TP,1,1,0.5166666666666667,enzyme,D00169,23663959,Sodium meclofenamate monohydrate,hsa:5742,P23219,2.0,2-3,61.0,>30,-1.2869,4742.0,2871.0,0.6228819125180612
678,TP,1,1,0.82,enzyme,D00528,2519,Caffeine,hsa:5141,P27815,89.0,>30,20.0,11-30,-5.6601,5437.0,2098.0,0.7215660252156603
2413,TP,1,1,0.61,ion_channel,D00611,13221,Mecamylamine Hydrochloride,hsa:1139,P36544,9.0,4-10,11.0,11-30,-4.752,2976.0,4388.0,0.40412819120043453
3517,TN,0,0,0.2833333333333333,enzyme,D00577,448537,Diethylstilbestrol,hsa:3615,P12268,16.0,11-30,2.0,2-3,-7.3619,6804.0,768.0,0.8985736925515055
3876,FP,0,1,0.6,enzyme,D00198,5280954,Rescinnamine,hsa:54878,Q6V1X1,1.0,1,1.0,1,-9.4327,7010.0,393.0,0.9469134134810212
1064,TP,1,1,0.8133333333333334,enzyme,D01425,151114,Exatecan Mesylate,hsa:1559,P11712,24.0,11-30,25.0,11-30,-11.5706,5933.0,876.0,0.8713467469525628
4044,FP,0,1,0.53,enzyme,D00963,60198,Exemestane,hsa:1558,P10632,1.0,1,22.0,11-30,-9.5825,7212.0,360.0,0.9524564183835182
4934,TN,0,0,0.35333333333333333,ion_channel,D04985,9034,Methohexital,hsa:6262,Q92736,1.0,1,16.0,11-30,-6.4983,6272.0,1194.0,0.8400750066970265
3115,TN,0,0,0.23333333333333334,enzyme,D03752,54892,Quinapril,hsa:279,P04746,1.0,1,3.0,2-3,-7.8287,5996.0,1375.0,0.8134581467914801
2847,FP,0,1,0.5266666666666666,enzyme,D00562,657298,Propylthiouracil,hsa:5053,P00439,8.0,4-10,1.0,1,-5.2932,5272.0,2199.0,0.7056618926515862
4416,FP,0,1,0.54,gpcr,D03415,3033824,Celgosivir Hydrochloride,hsa:4986,P41145,3.0,2-3,4.0,4-10,-6.8761,6575.0,858.0,0.8845688147450559
866,FN,1,0,0.36333333333333334,enzyme,D00691,3182,Diprophylline,hsa:5147,O43924,15.0,11-30,20.0,11-30,-6.0363,4766.0,2700.0,0.6383605679078489
2795,TN,0,0,0.19333333333333333,enzyme,D00488,4993,Pyrimethamine,hsa:2322,P36888,1.0,1,8.0,4-10,-6.6198,5381.0,2085.0,0.7207339941066166
3550,TN,0,0,0.13333333333333333,enzyme,D03765,6850814,Spirapril Hydrochloride,hsa:1548,P11509,1.0,1,18.0,11-30,-8.4919,6974.0,301.0,0.9586254295532646
3379,TN,0,0,0.16666666666666666,enzyme,D04031,472335,Rubitecan,hsa:834,P29466,4.0,4-10,1.0,1,-7.7085,3527.0,3850.0,0.4781076318286566
5053,TN,0,0,0.13,ion_channel,D00593,3476,"1H-Pyrrole-1-carboxamide, 3-ethyl-2,5-dihydro-4-methyl-N-2-4-(trans-4-methylcyclohexyl)aminocarbonylaminosulfonylphenylethyl-2-oxo-",hsa:2743,P48167,1.0,1,4.0,4-10,-8.5791,4491.0,2863.0,0.6106880609192277
386,TP,1,1,0.7,enzyme,D00371,2153,Theophylline,hsa:5138,O00408,19.0,11-30,20.0,11-30,-5.6644,5016.0,2454.0,0.6714859437751004
2501,TP,1,1,0.79,ion_channel,D00960,2187,Anastrozole,hsa:1141,P17787,1.0,1,8.0,4-10,-7.1484,5575.0,1948.0,0.7410607470424033
786,TP,1,1,0.96,enzyme,D00577,448537,Diethylstilbestrol,hsa:25824,P30044,16.0,11-30,4.0,4-10,-5.3857,1843.0,5729.0,0.24339672477548865
1556,TP,1,1,0.8266666666666667,enzyme,D03845,60692,Sezolamide Hydrochloride,hsa:23632,Q9ULX7,13.0,11-30,10.0,4-10,-7.5427,6984.0,386.0,0.9476255088195387
4047,FP,0,1,0.7166666666666667,enzyme,D00543,3226,Enflurane,hsa:1548,P11509,3.0,2-3,18.0,11-30,-5.3939,6706.0,828.0,0.8900982213963367
4612,TN,0,0,0.18,gpcr,D00765,441351,Rocuronium Bromide,hsa:3352,P28221,1.0,1,10.0,4-10,-1.3015,7301.0,312.0,0.9590174701169053
1701,FN,1,0,0.4666666666666667,gpcr,D00232,657201,Anisotropine methylbromide,hsa:1128,P11229,3.0,2-3,27.0,11-30,-1.2973,7289.0,322.0,0.957692813033767
153,TP,1,1,0.78,enzyme,D00131,3117,Disulfiram,hsa:1571,P05181,10.0,4-10,23.0,11-30,-4.9852,7175.0,358.0,0.9524757732643038
3493,FP,0,1,0.61,enzyme,D02176,10917,(-)-Carnitine,hsa:5597,Q16659,4.0,4-10,3.0,2-3,-4.4156,4605.0,2868.0,0.616218386190285
4610,TN,0,0,0.45,gpcr,D00426,5073,Risperidone,hsa:887,P32239,4.0,4-10,1.0,1,-10.9631,7129.0,248.0,0.9663819981022096
5271,FP,0,1,0.6233333333333333,ion_channel,D00738,66070,Mepivacaine Hydrochloride,hsa:2558,P31644,9.0,4-10,16.0,11-30,-5.8599,3206.0,3872.0,0.45295281152868044
4963,TN,0,0,0.17,ion_channel,D00735,68304,Dyclonine Hydrochloride,hsa:2897,P39086,9.0,4-10,3.0,2-3,-6.2045,4144.0,2935.0,0.5853934171493149
3700,TN,0,0,0.17,enzyme,D00270,2726,Chlorpromazine,hsa:134510,Q8WVY7,6.0,4-10,2.0,2-3,-4.7519,743.0,6722.0,0.09953114534494306
2036,TP,1,1,0.8666666666666667,gpcr,D02361,4940,Propiomazine,hsa:3358,P28335,14.0,11-30,10.0,4-10,-7.7967,6855.0,608.0,0.9185314216802895
467,TP,1,1,0.99,enzyme,D00410,4174,Metyrapone,hsa:1557,P33261,44.0,>30,27.0,11-30,-7.0653,6375.0,1157.0,0.846388741370154
575,TP,1,1,0.6333333333333333,enzyme,D00501,4740,Pentoxifylline,hsa:1267,P09543,52.0,>30,3.0,2-3,-6.8022,6156.0,1310.0,0.8245379051701045
1829,FN,1,0,0.38666666666666666,gpcr,D00503,4748,Perphenazine,hsa:1814,P35462,4.0,4-10,13.0,11-30,-8.0325,6746.0,633.0,0.9142160184306817
1783,TP,1,1,0.7866666666666666,gpcr,D00451,5358,Sumatriptan,hsa:3355,P30939,11.0,11-30,7.0,4-10,-7.5082,7057.0,341.0,0.9539064612057313
3270,TN,0,0,0.2866666666666667,enzyme,D01198,60790,Toborinone,hsa:5657,P24158,19.0,11-30,2.0,2-3,-6.8692,4243.0,3204.0,0.5697596347522492
3175,FP,0,1,0.6733333333333333,enzyme,D00963,60198,Exemestane,hsa:1595,Q16850,1.0,1,12.0,11-30,-9.0053,6708.0,864.0,0.8858954041204438
610,TP,1,1,0.5166666666666667,enzyme,D00510,4781,Phenylbutazone,hsa:239,P18054,10.0,4-10,8.0,4-10,-8.5832,7308.0,215.0,0.971420975674598
1091,TP,1,1,0.7833333333333333,enzyme,D01690,71764,Alfuzosin Hydrochloride,hsa:10846,Q9Y233,19.0,11-30,20.0,11-30,-8.4402,6558.0,718.0,0.9013194062671798
6,TP,1,1,0.5533333333333333,enzyme,D00002,5893,Nadide (JAN/USAN/INN),hsa:1725,P49366,37.0,>30,1.0,1,-8.1453,4448.0,2603.0,0.6308325060275138
1447,TP,1,1,0.98,enzyme,D03350,89594,Nicotine,hsa:4914,P04629,53.0,>30,8.0,4-10,-5.257,4210.0,3325.0,0.5587259455872594
2592,TP,1,1,0.9366666666666666,ion_channel,D02356,2520,Verapamil,hsa:779,Q13698,121.0,>30,18.0,11-30,-4.0314,304.0,7141.0,0.040832773673606444
4198,TN,0,0,0.18666666666666668,enzyme,D02168,60699,Topotecan Hydrochloride,hsa:1956,P00533,4.0,4-10,8.0,4-10,-7.035,2465.0,4907.0,0.3343733043950081
5274,TN,0,0,0.4666666666666667,ion_channel,D00563,4205,Mirtazapine,hsa:2741,P23415,1.0,1,10.0,4-10,-6.4733,2034.0,5492.0,0.27026308796173265
3692,TN,0,0,0.3,enzyme,D02042,6918034,Olprinone Hydrochloride Hydrate,hsa:771,O43570,19.0,11-30,10.0,4-10,-1.9607,6312.0,458.0,0.9323485967503693
3037,TN,0,0,0.38,enzyme,D00039,6287,L-Valine,hsa:1571,P05181,7.0,4-10,23.0,11-30,-5.1146,7056.0,417.0,0.944199116820554
1838,TP,1,1,0.9066666666666666,gpcr,D00513,4828,Pindolol,hsa:3351,P28222,19.0,11-30,10.0,4-10,-7.0016,6590.0,876.0,0.8826680953656576
3179,FP,0,1,0.79,enzyme,D00218,1986,Acetazolamide,hsa:34,P11310,13.0,11-30,1.0,1,-6.1699,6206.0,1202.0,0.837742980561555
578,TP,1,1,0.69,enzyme,D00501,4740,Pentoxifylline,hsa:30833,Q8TCD5,52.0,>30,1.0,1,-6.7965,6137.0,1329.0,0.8219930350924189
3212,TN,0,0,0.41333333333333333,enzyme,D00041,6288,L-Threonine,hsa:2260,P11362,3.0,2-3,8.0,4-10,-4.0433,2478.0,4995.0,0.3315937374548374
405,TP,1,1,0.78,enzyme,D00380,5505,Tolbutamide,hsa:1545,Q16678,44.0,>30,18.0,11-30,-8.4865,7423.0,43.0,0.9942405571926065
2533,TP,1,1,0.6766666666666666,ion_channel,D01453,27072,"2-Propanol, 1-(2-chloro-5-methylphenoxy)-3-((1,1-dimethylethyl)amino)-, hydrochloride (1:1)",hsa:6263,Q15413,5.0,4-10,16.0,11-30,-6.4374,4808.0,2590.0,0.6499053798323872
2900,TN,0,0,0.023333333333333334,enzyme,D01097,163727,Lazabemide Hydrochloride,hsa:1852,Q99956,2.0,2-3,2.0,2-3,-5.3787,3567.0,3835.0,0.48189678465279656
459,TP,1,1,0.54,enzyme,D00401,1349907,Methimazole,hsa:7453,P23381,8.0,4-10,2.0,2-3,-4.2269,7335.0,201.0,0.973328025477707
2560,TP,1,1,0.8066666666666666,ion_channel,D02356,2520,Verapamil,hsa:3752,Q9UK17,121.0,>30,4.0,4-10,-6.7685,5635.0,1810.0,0.7568838146406984
2379,TP,1,1,0.8466666666666667,ion_channel,D00550,4192,Midazolam,hsa:2554,P14867,15.0,11-30,32.0,>30,-7.268,3862.0,3535.0,0.5221035554954712
2585,TP,1,1,0.9266666666666666,ion_channel,D02356,2520,Verapamil,hsa:6330,Q8IWT1,121.0,>30,8.0,4-10,-6.16,4067.0,3378.0,0.5462726662189389
1402,TP,1,1,0.9633333333333334,enzyme,D03218,5328940,Bosutinib,hsa:780,Q08345,53.0,>30,8.0,4-10,-6.7151,2910.0,4352.0,0.4007160561828697
5408,TN,0,0,0.32,nuclear_receptor,D01217,60953,Capecitabine,hsa:5914,P10276,1.0,1,4.0,4-10,-8.4751,7034.0,183.0,0.9746432035471803
3878,TN,0,0,0.22666666666666666,enzyme,D00208,5746,Mitomycin C,hsa:10269,O75844,2.0,2-3,1.0,1,-0.0005,12.0,7439.0,0.00161052207757348
267,TP,1,1,0.81,enzyme,D00217,1983,Acetaminophen,hsa:5742,P23219,17.0,11-30,61.0,>30,-6.6952,7349.0,121.0,0.98380187416332
104,FN,1,0,0.49,enzyme,D00050,493570,Riboflavin,hsa:55312,Q969G6,2.0,2-3,1.0,1,-11.0514,7282.0,1.0,0.999862693944803
4917,TN,0,0,0.36,ion_channel,D00379,5503,Tolazamide,hsa:2563,O14764,2.0,2-3,10.0,4-10,-6.9363,3604.0,3793.0,0.48722455049344326
1233,TP,1,1,0.65,enzyme,D02229,135413523,Sildenafil Citrate,hsa:10846,Q9Y233,19.0,11-30,20.0,11-30,-9.8947,6199.0,886.0,0.8749470712773465
482,FN,1,0,0.4,enzyme,D00410,4174,Metyrapone,hsa:3290,P28845,44.0,>30,1.0,1,-6.8836,6019.0,1513.0,0.7991237387148168
1602,TP,1,1,0.9833333333333333,enzyme,D04023,176871,Erlotinib Hydrochloride,hsa:4919,Q01973,53.0,>30,8.0,4-10,-6.6713,3899.0,3060.0,0.5602816496623078
500,TP,1,1,0.9833333333333333,enzyme,D00417,4197,Milrinone,hsa:5146,P51160,47.0,>30,3.0,2-3,-7.8251,7025.0,444.0,0.940554291069755
2314,TP,1,1,0.7966666666666666,ion_channel,D00542,3562,Halothane,hsa:2554,P14867,34.0,>30,32.0,>30,-4.1592,5112.0,2424.0,0.678343949044586
601,TP,1,1,0.88,enzyme,D00501,4740,Pentoxifylline,hsa:5338,O14939,52.0,>30,3.0,2-3,-6.79,6124.0,1342.0,0.8202518081971605
3116,TN,0,0,0.21333333333333335,enzyme,D02168,60699,Topotecan Hydrochloride,hsa:4942,P04181,4.0,4-10,2.0,2-3,-8.0798,5270.0,2102.0,0.7148670645686381
3574,FP,0,1,0.8633333333333333,enzyme,D01712,157313,Epinastine Hydrochloride,hsa:5146,P51160,19.0,11-30,3.0,2-3,-9.3661,6777.0,387.0,0.9459798994974874
1591,TP,1,1,0.9733333333333334,enzyme,D04023,176871,Erlotinib Hydrochloride,hsa:2324,P35916,53.0,>30,8.0,4-10,-6.4333,3261.0,3698.0,0.46860181060497197
1677,TP,1,1,0.8766666666666667,enzyme,D05353,4679,Pantoprazole,hsa:1559,P11712,4.0,4-10,25.0,11-30,-8.281,6674.0,632.0,0.913495756912127
4351,TN,0,0,0.48,enzyme,D02335,4055,Menadione,hsa:8513,P07098,8.0,4-10,2.0,2-3,-6.9651,6008.0,1565.0,0.7933447774990097
4955,TN,0,0,0.35333333333333333,ion_channel,D00654,3647,Hydroflumethiazide,hsa:773,O00555,1.0,1,14.0,11-30,-4.5174,331.0,6979.0,0.04528043775649795
2126,TP,1,1,0.9566666666666667,ion_channel,D00293,3016,Diazepam,hsa:2558,P31644,19.0,11-30,16.0,11-30,-7.1753,4696.0,2705.0,0.6345088501553844
2048,FN,1,0,0.24,gpcr,D02671,4078,Mesoridazine,hsa:3356,P28223,5.0,4-10,19.0,11-30,-7.0867,4536.0,2921.0,0.6082875150864959
2046,TP,1,1,0.5233333333333333,gpcr,D02671,4078,Mesoridazine,hsa:1813,P14416,5.0,4-10,22.0,11-30,-9.0328,7256.0,201.0,0.9730454606410085
1380,TP,1,1,0.9733333333333334,enzyme,D03218,5328940,Bosutinib,hsa:2324,P35916,53.0,>30,8.0,4-10,-6.7207,2924.0,4338.0,0.4026438997521344
442,FN,1,0,0.4766666666666667,enzyme,D00394,5584,Trimipramine,hsa:1562,P33260,44.0,>30,18.0,11-30,-4.0125,201.0,7368.0,0.026555687673404677
3460,TN,0,0,0.30333333333333334,enzyme,D01367,20279,Cladribine,hsa:11330,Q99895,1.0,1,2.0,2-3,-6.4112,4470.0,2767.0,0.6176592510708857
419,TP,1,1,0.9833333333333333,enzyme,D00380,5505,Tolbutamide,hsa:1582,Q9UNU6,44.0,>30,11.0,11-30,-7.2387,6302.0,1164.0,0.8440932226091615
4918,TN,0,0,0.3466666666666667,ion_channel,D00738,66070,Mepivacaine Hydrochloride,hsa:2563,O14764,9.0,4-10,10.0,4-10,-5.9256,3418.0,3660.0,0.48290477536027127
3583,TN,0,0,0.4,enzyme,D00459,54891,Quinapril Hydrochloride,hsa:240,P09917,1.0,1,11.0,11-30,-8.4444,6117.0,1150.0,0.8417503784230081
3590,TN,0,0,0.2733333333333333,enzyme,D00252,2554,Carbamazepine,hsa:5979,P07949,2.0,2-3,8.0,4-10,-7.3977,4142.0,3324.0,0.5547816769354407
3117,TN,0,0,0.09333333333333334,enzyme,D00421,5362129,Ramipril,hsa:93,Q13705,1.0,1,1.0,1,-7.5033,5697.0,1678.0,0.7724745762711864
632,TP,1,1,0.9033333333333333,enzyme,D00519,2720,Chlorothiazide,hsa:23632,Q9ULX7,13.0,11-30,10.0,4-10,-7.6514,7006.0,316.0,0.9568423927888555
645,TP,1,1,0.95,enzyme,D00528,2519,Caffeine,hsa:10846,Q9Y233,89.0,>30,20.0,11-30,-6.1758,6749.0,786.0,0.895686794956868
1594,TP,1,1,0.9766666666666667,enzyme,D04023,176871,Erlotinib Hydrochloride,hsa:3791,P35968,53.0,>30,8.0,4-10,-6.7066,4004.0,2955.0,0.5753700244287973
3570,TN,0,0,0.3,enzyme,D03433,189729,Ceronapril,hsa:983,P06493,3.0,2-3,1.0,1,-8.3311,7048.0,226.0,0.9689304371734946
2440,TP,1,1,0.9133333333333333,ion_channel,D00629,4507,Nitrendipine,hsa:779,Q13698,30.0,11-30,18.0,11-30,-4.392,411.0,7041.0,0.055152979066022546
4240,TN,0,0,0.2966666666666667,enzyme,D00317,3324,Famciclovir,hsa:150290,Q8NEJ0,2.0,2-3,2.0,2-3,-5.3807,1951.0,5437.0,0.2640768814293449
562,TP,1,1,0.8466666666666667,enzyme,D00452,5359,Suprofen,hsa:5743,P35354,2.0,2-3,61.0,>30,-7.6957,6714.0,752.0,0.8992767211358157
1996,FN,1,0,0.47,gpcr,D02150,656783,Levisoprenaline hydrochloride,hsa:153,P08588,3.0,2-3,31.0,>30,-7.211,7269.0,195.0,0.9738745980707395
1710,TP,1,1,0.5166666666666667,gpcr,D00255,2585,Carvedilol,hsa:151,P18089,8.0,4-10,25.0,11-30,-7.9688,6009.0,1436.0,0.8071188717259906
4268,TN,0,0,0.08333333333333333,enzyme,D01688,444025,Loteprednol Etabonate,hsa:1215,P23946,1.0,1,2.0,2-3,-6.7973,4653.0,2791.0,0.6250671681891456
1903,TP,1,1,0.7466666666666667,gpcr,D00726,4168,Metoclopramide,hsa:3355,P30939,15.0,11-30,7.0,4-10,-6.3046,6355.0,1042.0,0.8591320805732053
5249,FP,0,1,0.62,ion_channel,D00542,3562,Halothane,hsa:6338,P51168,34.0,>30,9.0,4-10,-4.0274,4393.0,3143.0,0.5829352441613588
1314,TP,1,1,0.7266666666666667,enzyme,D02581,52542,Cimoxatone,hsa:4128,P21397,2.0,2-3,19.0,11-30,-9.6791,7396.0,66.0,0.9911551862771375
5170,TN,0,0,0.23,ion_channel,D03991,48040,Encainide Hydrochloride,hsa:1136,P32297,7.0,4-10,14.0,11-30,-6.1679,1279.0,5741.0,0.1821937321937322
222,TP,1,1,0.9233333333333333,enzyme,D00160,564,6-Aminohexanoic Acid,hsa:2160,P03951,42.0,>30,2.0,2-3,-5.016,7006.0,465.0,0.9377593360995851
1134,TP,1,1,0.57,enzyme,D01907,30751,Fludarabine Phosphate,hsa:6240,P23921,2.0,2-3,3.0,2-3,-7.8988,6350.0,853.0,0.881577120644176
1529,TP,1,1,0.58,enzyme,D03752,54892,Quinapril,hsa:1636,P12821,1.0,1,31.0,>30,-7.5507,5579.0,1792.0,0.7568850902184235
1303,TP,1,1,0.7633333333333333,enzyme,D02562,3052775,Rasagiline Mesylate,hsa:4128,P21397,2.0,2-3,19.0,11-30,-9.038,7050.0,350.0,0.9527027027027027
5057,TN,0,0,0.48333333333333334,ion_channel,D00611,13221,Mecamylamine Hydrochloride,hsa:6263,Q15413,9.0,4-10,16.0,11-30,-4.5658,2312.0,5052.0,0.31395980445410104
1799,TP,1,1,0.8766666666666667,gpcr,D00454,135398745,Olanzapine,hsa:1812,P21728,22.0,11-30,14.0,11-30,-8.0285,6530.0,864.0,0.8831484987827969
3571,TN,0,0,0.3233333333333333,enzyme,D00753,5497196,Rapamycin (TN),hsa:51205,Q9NPH0,1.0,1,1.0,1,-10.3659,7148.0,85.0,0.9882483063735656
4317,TN,0,0,0.19,enzyme,D00131,3117,Disulfiram,hsa:4143,Q00266,10.0,4-10,1.0,1,-3.8566,3372.0,4161.0,0.4476304261250498
5333,TN,0,0,0.18666666666666668,ion_channel,D05077,34633,Moricizine,hsa:5024,P56373,1.0,1,1.0,1,-7.1106,4107.0,3269.0,0.5568058568329718
1846,FN,1,0,0.18,gpcr,D00513,4828,Pindolol,hsa:3361,P47898,19.0,11-30,4.0,4-10,-6.4617,5400.0,2066.0,0.7232788641843022
4454,TN,0,0,0.38,gpcr,D04716,15130,Levomethadyl Acetate,hsa:151,P18089,1.0,1,25.0,11-30,-6.377,5992.0,1531.0,0.7964907616642297
5276,TN,0,0,0.35,ion_channel,D02347,6914273,Dantrolene,hsa:779,Q13698,1.0,1,18.0,11-30,-5.4404,394.0,6999.0,0.0532936561612336
4999,FP,0,1,0.69,ion_channel,D00524,5831,Carbachol,hsa:2566,P18507,8.0,4-10,10.0,4-10,-1.2387,6715.0,899.0,0.8819280273180983
280,TP,1,1,0.9166666666666666,enzyme,D00218,1986,Acetazolamide,hsa:771,O43570,13.0,11-30,10.0,4-10,-6.3233,6560.0,848.0,0.8855291576673866
1474,TP,1,1,0.97,enzyme,D03670,3058754,Deracoxib,hsa:1545,Q16678,55.0,>30,18.0,11-30,-8.9786,7011.0,199.0,0.9723994452149792
5291,TN,0,0,0.05,ion_channel,D00521,5405,Terfenadine,hsa:51305,Q9NPC2,1.0,1,2.0,2-3,-3.7358,85.0,7421.0,0.011324273914201972
5266,TN,0,0,0.19666666666666666,ion_channel,D00809,11065,Amitriptyline Hydrochloride,hsa:9132,P56696,2.0,2-3,3.0,2-3,-7.6801,5391.0,2179.0,0.7121532364597094
2280,TP,1,1,0.6533333333333333,ion_channel,D00512,1775,Phenytoin,hsa:8913,O43497,45.0,>30,17.0,11-30,-7.6037,5267.0,2258.0,0.6999335548172757
958,TP,1,1,0.9733333333333334,enzyme,D01071,3608,Hexobarbital,hsa:1582,Q9UNU6,44.0,>30,11.0,11-30,-6.8509,5638.0,1828.0,0.7551567104205733
3995,TN,0,0,0.32,enzyme,D04029,204101,Razaxaban Hydrochloride,hsa:6259,P34925,1.0,1,8.0,4-10,-8.081,3282.0,3862.0,0.45940649496080627
573,TP,1,1,0.8433333333333334,enzyme,D00501,4740,Pentoxifylline,hsa:10846,Q9Y233,52.0,>30,20.0,11-30,-6.5682,5619.0,1847.0,0.7526118403428878
1299,TP,1,1,0.62,enzyme,D02560,44571,Brofaromine,hsa:4128,P21397,2.0,2-3,19.0,11-30,-8.7793,7430.0,37.0,0.9950448640685684
5288,TN,0,0,0.09,ion_channel,D00367,4020,Mazindol,hsa:3745,Q14721,2.0,2-3,2.0,2-3,-6.4667,2297.0,5103.0,0.3104054054054054
2906,TN,0,0,0.36333333333333334,enzyme,D00455,4594,Prilosec,hsa:34,P11310,1.0,1,1.0,1,-8.8624,7190.0,199.0,0.9730680741642983
1003,TP,1,1,0.6033333333333334,enzyme,D01198,60790,Toborinone,hsa:5138,O00408,19.0,11-30,20.0,11-30,-7.4769,5454.0,1993.0,0.732375453202632
3711,TN,0,0,0.4533333333333333,enzyme,D03643,444031,Darifenacin,hsa:91,P36896,1.0,1,1.0,1,-7.0872,2054.0,5389.0,0.2759639930135698
2410,TP,1,1,0.7066666666666667,ion_channel,D00611,13221,Mecamylamine Hydrochloride,hsa:1135,Q15822,9.0,4-10,20.0,11-30,-4.3748,1670.0,5694.0,0.22677892449755568
2910,FP,0,1,0.7566666666666667,enzyme,D00231,3698,Amrinone,hsa:2049,P54753,19.0,11-30,8.0,4-10,-6.5105,5698.0,1771.0,0.7628865979381443
4384,TN,0,0,0.38666666666666666,enzyme,D00169,23663959,Sodium meclofenamate monohydrate,hsa:3614,P20839,2.0,2-3,2.0,2-3,-1.2155,3048.0,4565.0,0.4003677919348483
3219,FP,0,1,0.7,enzyme,D00417,4197,Milrinone,hsa:51207,Q6B8I1,47.0,>30,2.0,2-3,-6.8705,5531.0,1938.0,0.74052751372339
5252,TN,0,0,0.26666666666666666,ion_channel,D02566,4011,Maprotiline,hsa:3767,Q14654,1.0,1,6.0,4-10,-6.8425,3783.0,3789.0,0.49960380348652933
3548,TN,0,0,0.41,enzyme,D01183,610479,Tolfenamic Acid,hsa:64850,Q8TBG4,2.0,2-3,1.0,1,-7.0195,4758.0,2643.0,0.6428860964734495
5379,TN,0,0,0.07666666666666666,nuclear_receptor,D00299,5311071,Dihydrotachysterol,hsa:3174,Q14541,1.0,1,1.0,1,-7.2998,3114.0,4453.0,0.4115237214219638
2400,TP,1,1,0.9066666666666666,ion_channel,D00560,16362,Pimozide,hsa:6262,Q92736,30.0,11-30,16.0,11-30,-9.4787,5810.0,1556.0,0.788759163725224
2068,TP,1,1,0.7133333333333334,gpcr,D03858,3055,Diphenidol,hsa:1129,P08172,3.0,2-3,21.0,11-30,-8.6335,7184.0,339.0,0.9549381895520405
2863,FP,0,1,0.81,enzyme,D01432,123596,Imatinib Mesylate,hsa:5156,P16234,4.0,4-10,8.0,4-10,-10.2367,5127.0,1139.0,0.8182253431216087
2319,TP,1,1,0.69,ion_channel,D00542,3562,Halothane,hsa:5310,P98161,34.0,>30,10.0,4-10,-4.3856,6190.0,1346.0,0.8213906581740976
3640,TN,0,0,0.24666666666666667,enzyme,D01240,63030,Promethazine Teoclate,hsa:5601,P45984,1.0,1,3.0,2-3,-9.7113,4559.0,2146.0,0.6799403430275913
883,FN,1,0,0.4066666666666667,enzyme,D00785,26758,Selegiline Hydrochloride,hsa:4128,P21397,2.0,2-3,19.0,11-30,-6.9778,7242.0,330.0,0.9564183835182251
2352,TP,1,1,0.73,ion_channel,D00547,5206,Sevoflurane,hsa:2557,P48169,20.0,11-30,16.0,11-30,-4.771,3466.0,4107.0,0.4576785950085831
2381,TP,1,1,0.8966666666666666,ion_channel,D00550,4192,Midazolam,hsa:2558,P31644,15.0,11-30,16.0,11-30,-7.5576,4673.0,2724.0,0.6317425983506827
5037,TN,0,0,0.36666666666666664,ion_channel,D01111,5311309,Nateglinide,hsa:1136,P32297,1.0,1,14.0,11-30,-6.7566,2781.0,4678.0,0.3728381820619386
1398,TP,1,1,0.8233333333333334,enzyme,D03218,5328940,Bosutinib,hsa:6259,P34925,53.0,>30,8.0,4-10,-7.071,3837.0,3425.0,0.5283668410906086
2075,FN,1,0,0.36666666666666664,gpcr,D03881,208850,Dobutamine Tartrate,hsa:154,P07550,2.0,2-3,35.0,>30,-8.8085,4220.0,3198.0,0.5688864923159881
3886,TN,0,0,0.4866666666666667,enzyme,D03743,64922,Terlakiren,hsa:10924,Q92484,1.0,1,3.0,2-3,-7.6806,5045.0,2153.0,0.7008891358710753
671,TP,1,1,0.9933333333333333,enzyme,D00528,2519,Caffeine,hsa:1589,P08686,89.0,>30,10.0,4-10,-6.2164,6826.0,709.0,0.9059057730590577
1367,TP,1,1,0.9733333333333334,enzyme,D03218,5328940,Bosutinib,hsa:2046,P29322,53.0,>30,8.0,4-10,-6.8928,3394.0,3868.0,0.467364362434591
1347,FN,1,0,0.19666666666666666,enzyme,D03217,6450551,Axitinib,hsa:5138,O00408,19.0,11-30,20.0,11-30,-8.1037,4409.0,2968.0,0.5976684289006371
3842,TN,0,0,0.17,enzyme,D00234,2247,Astemizole,hsa:1803,P27487,2.0,2-3,1.0,1,-7.7218,3657.0,3615.0,0.5028877887788779
337,TP,1,1,0.8833333333333333,enzyme,D00283,135398737,Clozapine,hsa:1557,P33261,5.0,4-10,27.0,11-30,-8.3903,6590.0,803.0,0.8913837413769782
2484,TP,1,1,0.7166666666666667,ion_channel,D00740,5795,Procaine Hydrochloride,hsa:6263,Q15413,12.0,11-30,16.0,11-30,-5.4401,4170.0,2924.0,0.5878206935438398
1415,TP,1,1,0.9833333333333333,enzyme,D03350,89594,Nicotine,hsa:10461,Q12866,53.0,>30,8.0,4-10,-5.4921,5042.0,2493.0,0.6691439946914399
3592,TN,0,0,0.3333333333333333,enzyme,D00547,5206,Sevoflurane,hsa:34,P11310,3.0,2-3,1.0,1,-5.4187,6058.0,1515.0,0.7999471807738017
5209,TN,0,0,0.17666666666666667,ion_channel,D00765,441351,Rocuronium Bromide,hsa:50801,Q9NYG8,1.0,1,2.0,2-3,-1.1392,5832.0,1781.0,0.766058058584001
2658,FN,1,0,0.4166666666666667,nuclear_receptor,D00279,2796,Clofibrate,hsa:5465,Q07869,1.0,1,2.0,2-3,-6.7493,7106.0,427.0,0.9433160759325634
374,TP,1,1,0.9366666666666666,enzyme,D00340,3639,Hydrochlorothiazide,hsa:761,P07451,13.0,11-30,10.0,4-10,-6.4481,5030.0,2370.0,0.6797297297297298
189,TP,1,1,0.9633333333333334,enzyme,D00139,4114,8-Methoxypsoralen,hsa:1576,P08684,43.0,>30,34.0,>30,-7.2182,6364.0,1209.0,0.8403538888155289
4536,TN,0,0,0.3233333333333333,gpcr,D00563,4205,Mirtazapine,hsa:3355,P30939,4.0,4-10,7.0,4-10,-8.6854,6991.0,535.0,0.9289131012490035
3300,TN,0,0,0.18333333333333332,enzyme,D03882,1967,Docebenone,hsa:6300,P53778,1.0,1,3.0,2-3,-7.3016,6254.0,1268.0,0.8314278117521936
5330,TN,0,0,0.47,ion_channel,D00639,21467,Mexiletine Hydrochloride,hsa:3785,O43526,7.0,4-10,2.0,2-3,-6.4682,6732.0,550.0,0.9244712990936556
123,TP,1,1,0.89,enzyme,D00097,338,Salicylic Acid,hsa:4353,P05164,11.0,11-30,5.0,4-10,-7.4258,7529.0,6.0,0.9992037159920372
595,TP,1,1,0.8566666666666667,enzyme,D00501,4740,Pentoxifylline,hsa:5169,O14638,52.0,>30,3.0,2-3,-6.6691,5861.0,1605.0,0.7850254487007768
1991,TP,1,1,0.63,gpcr,D02149,5815,Epinephrine Bitartrate,hsa:150,P08913,9.0,4-10,29.0,11-30,-7.7868,6004.0,1214.0,0.8318093654752009
4530,TN,0,0,0.14,gpcr,D00682,5281074,Carboprost Tromethamine,hsa:151,P18089,1.0,1,25.0,11-30,-7.1127,4086.0,3331.0,0.550896588917352
1758,TP,1,1,0.7633333333333333,gpcr,D00397,5593,Tropicamide,hsa:1129,P08172,3.0,2-3,21.0,11-30,-7.7993,7217.0,183.0,0.9752702702702702
2973,TN,0,0,0.4066666666666667,enzyme,D00342,5905,Idoxuridine,hsa:5601,P45984,1.0,1,3.0,2-3,-6.7532,6421.0,901.0,0.8769461895656925
3089,FP,0,1,0.77,enzyme,D00762,441350,Metyrosine,hsa:4129,P27338,1.0,1,20.0,11-30,-7.4758,7403.0,66.0,0.9911634756995582
1439,TP,1,1,0.99,enzyme,D03350,89594,Nicotine,hsa:3480,P08069,53.0,>30,8.0,4-10,-5.2464,4170.0,3365.0,0.5534173855341739
3887,TN,0,0,0.45666666666666667,enzyme,D00622,23667962,Dynacil,hsa:5406,P16233,1.0,1,3.0,2-3,-8.2597,5572.0,1115.0,0.8332585613877673
1560,TP,1,1,0.8933333333333333,enzyme,D03845,60692,Sezolamide Hydrochloride,hsa:761,P07451,13.0,11-30,10.0,4-10,-6.431,4935.0,2435.0,0.669606512890095
1460,TP,1,1,0.98,enzyme,D03350,89594,Nicotine,hsa:7010,Q02763,53.0,>30,8.0,4-10,-5.5971,5387.0,2148.0,0.7149303251493032
2136,TP,1,1,0.9166666666666666,ion_channel,D00294,3019,Diazoxide,hsa:2890,P42261,80.0,>30,8.0,4-10,-4.0092,262.0,7073.0,0.03571915473755965
4808,FP,0,1,0.5066666666666667,gpcr,D03880,3038222,Dobutamine Lactobionate,hsa:152,P18825,2.0,2-3,15.0,11-30,-8.4555,6217.0,1106.0,0.8489690017752287
761,TP,1,1,0.9166666666666666,enzyme,D00574,2145,Aminoglutethimide,hsa:1544,P05177,43.0,>30,24.0,11-30,-6.9967,6118.0,1409.0,0.8128072273149993
612,TP,1,1,0.51,enzyme,D00510,4781,Phenylbutazone,hsa:247,O15296,10.0,4-10,7.0,4-10,-8.4855,7260.0,263.0,0.9650405423368337
2444,TP,1,1,0.5666666666666667,ion_channel,D00629,4507,Nitrendipine,hsa:785,O00305,30.0,11-30,9.0,4-10,-6.2598,4456.0,2996.0,0.5979602791196994
3283,TN,0,0,0.18666666666666668,enzyme,D00141,3715,Indomethacin,hsa:7371,Q9BZX2,8.0,4-10,1.0,1,-7.1689,4543.0,2842.0,0.6151658767772512
4987,FP,0,1,0.5866666666666667,ion_channel,D00480,6014,Promethazine Hydrochloride,hsa:6529,P30531,1.0,1,1.0,1,-7.6194,6350.0,499.0,0.9271426485618338
4399,TN,0,0,0.17666666666666667,enzyme,D00141,3715,Indomethacin,hsa:354,P07288,8.0,4-10,2.0,2-3,-8.0497,6364.0,1021.0,0.8617467840216655
1154,TP,1,1,0.9433333333333334,enzyme,D01977,123631,Gefitinib,hsa:2064,P04626,53.0,>30,8.0,4-10,-7.9026,5515.0,1682.0,0.7662915103515353
4615,TN,0,0,0.38333333333333336,gpcr,D02358,4171,Metoprolol,hsa:2550,Q9UBS5,1.0,1,1.0,1,-6.8936,7011.0,455.0,0.9390570586659523
4398,TN,0,0,0.42333333333333334,enzyme,D00186,2764,Ciprofloxacin,hsa:2235,P22830,2.0,2-3,1.0,1,-7.8357,6070.0,1239.0,0.8304829662060473
5113,FP,0,1,0.6366666666666667,ion_channel,D05077,34633,Moricizine,hsa:6261,P21817,1.0,1,17.0,11-30,-8.4401,6602.0,774.0,0.8950650759219089
1687,FN,1,0,0.48333333333333334,gpcr,D00110,122142,Cocaine (USP),hsa:1814,P35462,3.0,2-3,13.0,11-30,-7.8257,6878.0,647.0,0.9140199335548173
3452,TN,0,0,0.48,enzyme,D00131,3117,Disulfiram,hsa:5138,O00408,10.0,4-10,20.0,11-30,-4.1163,4700.0,2833.0,0.6239214124518784
1431,TP,1,1,0.8433333333333334,enzyme,D03350,89594,Nicotine,hsa:2066,Q15303,53.0,>30,8.0,4-10,-4.9598,3086.0,4449.0,0.4095554080955541
923,TP,1,1,0.85,enzyme,D00964,3902,Letrozole,hsa:1555,P20813,24.0,11-30,18.0,11-30,-7.8689,6187.0,1338.0,0.8221926910299003
4973,TN,0,0,0.23666666666666666,ion_channel,D02347,6914273,Dantrolene,hsa:3746,P48547,1.0,1,5.0,4-10,-6.8638,2329.0,5064.0,0.31502772893277425
1793,TP,1,1,0.8,gpcr,D00454,135398745,Olanzapine,hsa:1132,P08173,22.0,11-30,8.0,4-10,-8.2333,6793.0,601.0,0.9187178793616446
1466,FN,1,0,0.1,enzyme,D03601,6726,Cyclizine,hsa:3156,P04035,1.0,1,12.0,11-30,-6.6671,4483.0,3089.0,0.5920496566296883
660,TP,1,1,0.9933333333333333,enzyme,D00528,2519,Caffeine,hsa:1565,P10635,89.0,>30,30.0,11-30,-6.5923,7300.0,235.0,0.9688122096881221
3138,TN,0,0,0.2866666666666667,enzyme,D00125,36462,Etoposide,hsa:9150,Q9Y5B0,2.0,2-3,2.0,2-3,-4.5895,158.0,7327.0,0.021108884435537743
2261,TP,1,1,0.9133333333333333,ion_channel,D00512,1775,Phenytoin,hsa:6328,Q9NY46,45.0,>30,31.0,>30,-8.1786,6486.0,1039.0,0.8619269102990034
2636,TP,1,1,0.7266666666666667,nuclear_receptor,D00066,5994,Progesterone,hsa:5241,P06401,2.0,2-3,10.0,4-10,-11.2707,7565.0,7.0,0.9990755414685684
5028,TN,0,0,0.11666666666666667,ion_channel,D00732,441348,Chloroprocaine Hydrochloride,hsa:56479,Q9NR82,9.0,4-10,2.0,2-3,-4.9037,2530.0,4870.0,0.3418918918918919
3765,TN,0,0,0.37666666666666665,enzyme,D00567,2662,Celecoxib,hsa:1728,P15559,3.0,2-3,3.0,2-3,-7.8685,5042.0,2174.0,0.6987250554323725
1377,TP,1,1,0.96,enzyme,D03218,5328940,Bosutinib,hsa:2263,P21802,53.0,>30,8.0,4-10,-8.7083,6672.0,590.0,0.9187551638667034
3782,FP,0,1,0.76,enzyme,D01712,157313,Epinastine Hydrochloride,hsa:3702,Q08881,19.0,11-30,1.0,1,-9.025,6558.0,606.0,0.9154103852596315
1898,TP,1,1,0.6233333333333333,gpcr,D00726,4168,Metoclopramide,hsa:1814,P35462,15.0,11-30,13.0,11-30,-5.8985,5455.0,1942.0,0.7374611328917129
1750,FN,1,0,0.49666666666666665,gpcr,D00318,5702160,Famotidine,hsa:11255,Q9Y5N1,3.0,2-3,5.0,4-10,-7.4128,6824.0,196.0,0.972079772079772
4679,TN,0,0,0.31666666666666665,gpcr,D00235,2249,Atenolol,hsa:3350,P08908,2.0,2-3,7.0,4-10,-6.5887,5720.0,1741.0,0.7666532636375821
2954,TN,0,0,0.20666666666666667,enzyme,D04092,8366,Etryptamine Acetate,hsa:79001,Q9BQB6,2.0,2-3,2.0,2-3,-9.283,6714.0,482.0,0.9330183435241801
531,TP,1,1,0.9833333333333333,enzyme,D00437,4485,Nifedipine,hsa:1548,P11509,42.0,>30,18.0,11-30,-7.6685,7357.0,98.0,0.9868544600938968
1422,TP,1,1,0.82,enzyme,D03350,89594,Nicotine,hsa:2044,P54756,53.0,>30,8.0,4-10,-4.9313,2972.0,4563.0,0.39442601194426014
3353,TN,0,0,0.33666666666666667,enzyme,D03643,444031,Darifenacin,hsa:4548,Q99707,1.0,1,2.0,2-3,-8.1992,4494.0,2949.0,0.60378879484079
2113,TP,1,1,0.92,ion_channel,D00225,2118,Alprazolam,hsa:2566,P18507,15.0,11-30,10.0,4-10,-8.5974,6454.0,1011.0,0.8645679839249832
3977,TN,0,0,0.10333333333333333,enzyme,D02418,657348,(-)-Physostigmine salicylate,hsa:2880,O75715,1.0,1,1.0,1,-7.7542,2281.0,4759.0,0.32400568181818185
4415,TN,0,0,0.43666666666666665,gpcr,D02338,1978,Acebutolol,hsa:150,P08913,3.0,2-3,29.0,11-30,-6.9635,6114.0,1338.0,0.820450885668277
4643,TN,0,0,0.12333333333333334,gpcr,D01227,27522,Distigmine Bromide,hsa:7201,P34981,2.0,2-3,3.0,2-3,-7.2652,6449.0,1067.0,0.8580361894624801
1301,TP,1,1,0.8,enzyme,D02561,4235,Moclobemide,hsa:4128,P21397,2.0,2-3,19.0,11-30,-8.9079,7398.0,4.0,0.9994596055120237
3900,TN,0,0,0.49333333333333335,enzyme,D00333,135398740,Ganciclovir,hsa:11202,O60259,1.0,1,2.0,2-3,-6.8564,6767.0,630.0,0.9148303366229552
5292,FP,0,1,0.6566666666666666,ion_channel,D00738,66070,Mepivacaine Hydrochloride,hsa:6529,P30531,9.0,4-10,1.0,1,-7.7472,6854.0,224.0,0.9683526419892625
5065,TN,0,0,0.43333333333333335,ion_channel,D02546,11954253,Kainic acid monohydrate,hsa:1136,P32297,5.0,4-10,14.0,11-30,-1.5982,3090.0,4523.0,0.4058846709575726
4796,TN,0,0,0.2733333333333333,gpcr,D01603,65889,Apafant,hsa:3355,P30939,6.0,4-10,7.0,4-10,-9.5117,6679.0,606.0,0.91681537405628
1693,TP,1,1,0.8366666666666667,gpcr,D00113,174174,Npc209773,hsa:1133,P08912,5.0,4-10,7.0,4-10,-8.5806,7330.0,133.0,0.9821787484925633
3712,TN,0,0,0.06333333333333334,enzyme,D03758,71320,Libenzapril,hsa:28972,Q9Y6A9,1.0,1,2.0,2-3,-5.5941,1796.0,5576.0,0.24362452523060227
796,TP,1,1,0.6,enzyme,D00584,3385,5-Fluorouracil,hsa:7083,P04183,7.0,4-10,1.0,1,-5.8241,7230.0,305.0,0.9595222295952223
2001,TP,1,1,0.5133333333333333,gpcr,D02338,1978,Acebutolol,hsa:154,P07550,3.0,2-3,35.0,>30,-7.737,7138.0,314.0,0.9578636607622115
4758,TN,0,0,0.23,gpcr,D01462,3395,Flurbiprofen Axetil,hsa:134,P30542,1.0,1,5.0,4-10,-8.5921,6755.0,766.0,0.8981518415104375
2258,TP,1,1,0.7533333333333333,ion_channel,D00512,1775,Phenytoin,hsa:6262,Q92736,45.0,>30,16.0,11-30,-7.7324,5609.0,1916.0,0.7453820598006644
1565,TP,1,1,0.5233333333333333,enzyme,D03845,60692,Sezolamide Hydrochloride,hsa:768,Q16790,13.0,11-30,10.0,4-10,-6.9016,6070.0,1300.0,0.8236092265943012
5332,TN,0,0,0.38,ion_channel,D00536,3331,Felbamate,hsa:6329,P35499,4.0,4-10,31.0,>30,-7.0482,6643.0,882.0,0.8827906976744186
1800,TP,1,1,0.85,gpcr,D00454,135398745,Olanzapine,hsa:1813,P14416,22.0,11-30,22.0,11-30,-7.6147,5858.0,1536.0,0.7922639978360833
2433,TP,1,1,0.63,ion_channel,D00629,4507,Nitrendipine,hsa:55503,Q9H1D0,30.0,11-30,9.0,4-10,-6.7135,5748.0,1704.0,0.7713365539452496
3437,TN,0,0,0.15333333333333332,enzyme,D01164,60795,Aripiprazole,hsa:5646,P35030,1.0,1,2.0,2-3,-7.8275,4876.0,2500.0,0.661062906724512
5329,TN,0,0,0.16666666666666666,ion_channel,D00513,4828,Pindolol,hsa:5024,P56373,3.0,2-3,1.0,1,-5.5794,2723.0,4743.0,0.3647200642914546
4639,TN,0,0,0.12,gpcr,D00480,6014,Promethazine Hydrochloride,hsa:3350,P08908,1.0,1,7.0,4-10,-6.9032,5374.0,1475.0,0.7846400934442984
1278,TP,1,1,0.8333333333333334,enzyme,D02451,59694,"Benzonitrile, 4-(5,6,7,8-tetrahydroimidazo(1,5-a)pyridin-5-yl)-, hydrochloride (1:1)",hsa:1543,P04798,24.0,11-30,19.0,11-30,-7.3098,6009.0,1523.0,0.7977960701009028
2504,TP,1,1,0.8166666666666667,ion_channel,D01071,3608,Hexobarbital,hsa:2554,P14867,1.0,1,32.0,>30,-6.7579,5383.0,2083.0,0.7210018751674256
2267,TP,1,1,0.7833333333333333,ion_channel,D00512,1775,Phenytoin,hsa:6337,P37088,45.0,>30,9.0,4-10,-8.263,6590.0,935.0,0.8757475083056478
4205,TN,0,0,0.5,enzyme,D02560,44571,Brofaromine,hsa:1562,P33260,2.0,2-3,18.0,11-30,-4.1952,231.0,7236.0,0.030936118923262354
1461,TP,1,1,0.97,enzyme,D03350,89594,Nicotine,hsa:7075,P35590,53.0,>30,8.0,4-10,-4.2942,1070.0,6465.0,0.1420039814200398
1138,FN,1,0,0.37333333333333335,enzyme,D01973,656631,Eletriptan Hydrobromide,hsa:1576,P08684,1.0,1,34.0,>30,-8.5373,5498.0,1250.0,0.8147599288678127
1366,TP,1,1,0.9833333333333333,enzyme,D03218,5328940,Bosutinib,hsa:2045,Q15375,53.0,>30,8.0,4-10,-8.1389,6044.0,1218.0,0.8322776094739741
1655,TP,1,1,0.9966666666666667,enzyme,D04025,6444692,Mubritinib,hsa:5754,Q13308,53.0,>30,8.0,4-10,-8.4972,5395.0,1977.0,0.731823114487249
1058,TP,1,1,0.77,enzyme,D01425,151114,Exatecan Mesylate,hsa:1545,Q16678,24.0,11-30,18.0,11-30,-14.5107,6793.0,16.0,0.9976501688941107
2295,TP,1,1,0.7433333333333333,ion_channel,D00530,5719,Zaleplon,hsa:2558,P31644,16.0,11-30,16.0,11-30,-6.8325,3230.0,4232.0,0.43285982310372556
1159,TP,1,1,0.7933333333333333,enzyme,D01977,123631,Gefitinib,hsa:2263,P21802,53.0,>30,8.0,4-10,-9.979,7158.0,39.0,0.9945810754481034
4626,FP,0,1,0.5733333333333334,gpcr,D02374,31477,Metipranolol,hsa:1129,P08172,3.0,2-3,21.0,11-30,-7.7551,7254.0,209.0,0.9719951762025995
2770,TN,0,0,0.18,enzyme,D03734,71355,Lecimibide,hsa:64499,P20231,2.0,2-3,2.0,2-3,-8.4364,6061.0,1075.0,0.8493553811659192
2242,TP,1,1,0.8933333333333333,ion_channel,D00499,4737,Pentobarbital,hsa:1135,Q15822,23.0,11-30,20.0,11-30,-5.4896,3569.0,3962.0,0.4739078475634046
3368,TN,0,0,0.24333333333333335,enzyme,D05458,4771,Phentermine,hsa:4486,Q04912,1.0,1,8.0,4-10,-5.0791,3575.0,3998.0,0.4720718341476297
4944,TN,0,0,0.4266666666666667,ion_channel,D00639,21467,Mexiletine Hydrochloride,hsa:1141,P17787,7.0,4-10,8.0,4-10,-5.8794,5539.0,1743.0,0.7606426805822576
2784,TN,0,0,0.16333333333333333,enzyme,D02559,34521,Toloxatone,hsa:5599,P45983,2.0,2-3,3.0,2-3,-6.4036,5009.0,2460.0,0.6706386397108046
4493,TN,0,0,0.25,gpcr,D01390,2176,Ampiroxicam,hsa:2911,Q13255,3.0,2-3,1.0,1,-6.5663,3738.0,3540.0,0.5136026380873866
4997,TN,0,0,0.19666666666666666,ion_channel,D00274,2769,Cisapride (USP/INN),hsa:2563,O14764,1.0,1,10.0,4-10,-6.119,1853.0,5418.0,0.25484802640627147
3728,TN,0,0,0.37666666666666665,enzyme,D03741,5464201,Ditekiren,hsa:29968,Q9Y617,1.0,1,1.0,1,-7.5812,4787.0,2078.0,0.697305171158048
2850,TN,0,0,0.3233333333333333,enzyme,D02558,6918078,Rivastigmine Tartrate,hsa:1586,P05093,1.0,1,13.0,11-30,-8.0768,7118.0,327.0,0.9560779046339826
1749,TP,1,1,0.6633333333333333,gpcr,D00306,16078,Tetrahydrocannabinol,hsa:1268,P21554,1.0,1,1.0,1,-11.1799,7521.0,2.0,0.9997341486109265
2096,FN,1,0,0.33,gpcr,D06056,135409453,Tegaserod,hsa:3360,Q13639,1.0,1,8.0,4-10,-7.8027,6662.0,793.0,0.8936284372904091
1635,TP,1,1,0.9033333333333333,enzyme,D04025,6444692,Mubritinib,hsa:2263,P21802,53.0,>30,8.0,4-10,-9.5451,6729.0,643.0,0.9127780792186653
773,TP,1,1,0.85,enzyme,D00574,2145,Aminoglutethimide,hsa:1576,P08684,43.0,>30,34.0,>30,-6.6623,5372.0,2155.0,0.7136973561844028
1107,TP,1,1,0.6966666666666667,enzyme,D01712,157313,Epinastine Hydrochloride,hsa:5140,Q13370,19.0,11-30,20.0,11-30,-9.9084,7038.0,126.0,0.9824120603015075
5384,TN,0,0,0.44666666666666666,nuclear_receptor,D00075,6013,Testosterone,hsa:5465,Q07869,1.0,1,2.0,2-3,-8.7936,6795.0,728.0,0.9032300943772431
1523,TP,1,1,0.73,enzyme,D03735,156422,Doramapimod,hsa:6646,P35610,2.0,2-3,4.0,4-10,-10.8869,7183.0,156.0,0.9787436980515056
1395,TP,1,1,0.9766666666666667,enzyme,D03218,5328940,Bosutinib,hsa:558,P30530,53.0,>30,8.0,4-10,-7.552,4990.0,2272.0,0.6871385293307629
5261,TN,0,0,0.24,ion_channel,D01111,5311309,Nateglinide,hsa:3783,O15554,1.0,1,9.0,4-10,-7.2808,4263.0,3196.0,0.5715243330205121
4957,TN,0,0,0.37666666666666665,ion_channel,D00358,3676,Lidocaine,hsa:784,P54284,9.0,4-10,9.0,4-10,-5.5296,4001.0,3467.0,0.5357525441885378
639,TP,1,1,0.94,enzyme,D00519,2720,Chlorothiazide,hsa:766,P43166,13.0,11-30,10.0,4-10,-7.0491,6300.0,1022.0,0.8604206500956023
4402,TN,0,0,0.43333333333333335,gpcr,D02150,656783,Levisoprenaline hydrochloride,hsa:1128,P11229,3.0,2-3,27.0,11-30,-6.7365,6693.0,771.0,0.8967041800643086
2189,TP,1,1,0.7466666666666667,ion_channel,D00332,3446,Gabapentin,hsa:6263,Q15413,46.0,>30,16.0,11-30,-4.7352,2374.0,5096.0,0.3178045515394913
1573,TP,1,1,0.98,enzyme,D04023,176871,Erlotinib Hydrochloride,hsa:1969,P29317,53.0,>30,8.0,4-10,-5.5501,960.0,5999.0,0.13795085500790344
1418,TP,1,1,0.8633333333333333,enzyme,D03350,89594,Nicotine,hsa:1969,P29317,53.0,>30,8.0,4-10,-4.7625,2398.0,5137.0,0.3182481751824818
3232,TN,0,0,0.35,enzyme,D00394,5584,Trimipramine,hsa:3906,P00709,44.0,>30,4.0,4-10,-5.7281,1793.0,5776.0,0.23688730347469944
4767,TN,0,0,0.43333333333333335,gpcr,D00419,5282381,Misoprostol,hsa:3360,Q13639,2.0,2-3,8.0,4-10,-7.2437,6946.0,573.0,0.9237930575874451
155,TP,1,1,0.66,enzyme,D00131,3117,Disulfiram,hsa:216,P00352,10.0,4-10,3.0,2-3,-5.0644,7264.0,269.0,0.9642904553298819
5302,TN,0,0,0.13666666666666666,ion_channel,D00765,441351,Rocuronium Bromide,hsa:27345,Q86W47,1.0,1,2.0,2-3,-1.014,3597.0,4016.0,0.4724812820176015
4323,TN,0,0,0.27,enzyme,D00416,4189,Miconazole,hsa:4486,Q04912,2.0,2-3,8.0,4-10,-7.7061,6047.0,1343.0,0.8182679296346415
3119,TN,0,0,0.13666666666666666,enzyme,D02304,5962,L-Lysine,hsa:983,P06493,1.0,1,1.0,1,-4.6631,4932.0,2538.0,0.6602409638554216
5230,FP,0,1,0.5033333333333333,ion_channel,D02630,33630,Penfluridol,hsa:3781,Q9H2S1,3.0,2-3,11.0,11-30,-7.3685,1941.0,5415.0,0.26386623164763456
3395,FP,0,1,0.6133333333333333,enzyme,D01811,5147,Salicylamide,hsa:6609,P17405,2.0,2-3,3.0,2-3,-6.2941,6765.0,706.0,0.9055012715834561
1847,FN,1,0,0.4,gpcr,D00513,4828,Pindolol,hsa:3362,P50406,19.0,11-30,5.0,4-10,-6.5492,5642.0,1824.0,0.7556924725421913
2836,TN,0,0,0.29333333333333333,enzyme,D01397,92727,Lopinavir,hsa:5602,P53779,2.0,2-3,3.0,2-3,-9.7713,6834.0,443.0,0.9391232650817645
1866,FN,1,0,0.49,gpcr,D00560,16362,Pimozide,hsa:1814,P35462,5.0,4-10,13.0,11-30,-10.5325,6853.0,513.0,0.9303556882975835
669,TP,1,1,0.9766666666666667,enzyme,D00528,2519,Caffeine,hsa:1586,P05093,89.0,>30,13.0,11-30,-5.9457,6219.0,1316.0,0.8253483742534837
359,TP,1,1,0.75,enzyme,D00332,3446,Gabapentin,hsa:2673,Q06210,14.0,11-30,1.0,1,-5.5499,5608.0,1862.0,0.7507362784471219
1317,FN,1,0,0.33,enzyme,D02655,37274,Etazolate Hydrochloride,hsa:5140,Q13370,19.0,11-30,20.0,11-30,-7.682,6019.0,1004.0,0.857041150505482
816,TP,1,1,0.9233333333333333,enzyme,D00652,68844,Brinzolamide,hsa:760,P00918,13.0,11-30,19.0,11-30,-6.3666,5705.0,1683.0,0.7721981591770438
2220,FN,1,0,0.16666666666666666,ion_channel,D00379,5503,Tolazamide,hsa:3767,Q14654,2.0,2-3,6.0,4-10,-6.7255,3001.0,4396.0,0.4057050155468433
703,FN,1,0,0.23666666666666666,enzyme,D00537,5284627,Topiramate,hsa:762,P22748,2.0,2-3,18.0,11-30,-6.5967,4784.0,2678.0,0.6411149825783972
3050,TN,0,0,0.39,enzyme,D00050,493570,Riboflavin,hsa:5494,P35813,2.0,2-3,2.0,2-3,-7.2947,4799.0,2484.0,0.6589317588905671
3648,TN,0,0,0.21666666666666667,enzyme,D00459,54891,Quinapril Hydrochloride,hsa:2322,P36888,1.0,1,8.0,4-10,-7.9742,5428.0,1839.0,0.7469382138434016
1440,TP,1,1,0.99,enzyme,D03350,89594,Nicotine,hsa:3643,P06213,53.0,>30,9.0,4-10,-5.2731,4267.0,3268.0,0.5662906436629065
3257,TN,0,0,0.12666666666666668,enzyme,D03728,26757,Selegiline,hsa:7083,P04183,1.0,1,1.0,1,-5.5798,4626.0,2947.0,0.6108543509837581
2920,TN,0,0,0.19333333333333333,enzyme,D00970,23681059,Naproxen Sodium,hsa:5599,P45983,2.0,2-3,3.0,2-3,-1.348,5931.0,1681.0,0.7791644771413557
727,TP,1,1,0.97,enzyme,D00542,3562,Halothane,hsa:1565,P10635,45.0,>30,30.0,11-30,-4.3901,6205.0,1331.0,0.8233811040339702
1958,TP,1,1,0.5733333333333334,gpcr,D01603,65889,Apafant,hsa:151,P18089,6.0,4-10,25.0,11-30,-8.862,5923.0,1362.0,0.8130404941660947
2105,TP,1,1,0.7533333333333333,ion_channel,D00195,5362471,"Morphinan-6-ol, 7,8-didehydro-4,5-epoxy-3-methoxy-17-methyl-, monohydrate, (5alpha,6alpha)-",hsa:1139,P36544,9.0,4-10,11.0,11-30,-6.7887,2748.0,3250.0,0.4581527175725242
2307,TP,1,1,0.55,ion_channel,D00538,5734,Zonisamide,hsa:6330,Q8IWT1,18.0,11-30,8.0,4-10,-5.8152,3619.0,3789.0,0.48852591792656586
3604,TN,0,0,0.32666666666666666,enzyme,D00463,4614,Oxaprozin,hsa:3035,P12081,2.0,2-3,1.0,1,-7.6349,5002.0,2461.0,0.6702398499263031
1842,TP,1,1,0.7966666666666666,gpcr,D00513,4828,Pindolol,hsa:3356,P28223,19.0,11-30,19.0,11-30,-7.1767,6859.0,607.0,0.9186980980444682
4014,TN,0,0,0.49,enzyme,D00574,2145,Aminoglutethimide,hsa:218,P30838,43.0,>30,1.0,1,-6.913,5948.0,1579.0,0.7902218679420752
4315,TN,0,0,0.25333333333333335,enzyme,D02214,65348,Epirubicin Hydrochloride,hsa:3906,P00709,2.0,2-3,4.0,4-10,-6.8263,1203.0,5740.0,0.17326803975226848
3208,FP,0,1,0.5166666666666667,enzyme,D00709,5284583,Levetiracetam,hsa:1719,P00374,1.0,1,7.0,4-10,-5.7546,6472.0,998.0,0.8663989290495314
4104,TN,0,0,0.19666666666666666,enzyme,D00667,5965,Demecarium Bromide,hsa:2342,P49356,2.0,2-3,1.0,1,-7.1496,6004.0,1499.0,0.8002132480341196
4068,TN,0,0,0.14,enzyme,D01825,6215,Fluocinolone Acetonide,hsa:43,P22303,1.0,1,23.0,11-30,-8.1639,5463.0,1978.0,0.7341755140438113
913,TP,1,1,0.9433333333333334,enzyme,D00960,2187,Anastrozole,hsa:1576,P08684,24.0,11-30,34.0,>30,-7.7546,6680.0,843.0,0.8879436395055165
844,TP,1,1,0.8433333333333334,enzyme,D00655,4100,Methazolamide,hsa:765,P23280,13.0,11-30,10.0,4-10,-5.5526,4193.0,3140.0,0.5717987181235511
1457,TP,1,1,0.8666666666666667,enzyme,D03350,89594,Nicotine,hsa:5979,P07949,53.0,>30,8.0,4-10,-5.9859,6496.0,1039.0,0.8621101526211016
5088,TN,0,0,0.2733333333333333,ion_channel,D02546,11954253,Kainic acid monohydrate,hsa:6263,Q15413,5.0,4-10,16.0,11-30,-1.605,3170.0,4443.0,0.41639301195323786
138,TP,1,1,0.8233333333333334,enzyme,D00120,1548887,Sulindac,hsa:5742,P23219,4.0,4-10,61.0,>30,-8.649,6739.0,648.0,0.9122783267903073
3938,TN,0,0,0.15333333333333332,enzyme,D03787,11954368,Nepicastat Hydrochloride,hsa:3939,P00338,1.0,1,1.0,1,-2.2333,3170.0,3350.0,0.48619631901840493
5155,TN,0,0,0.34,ion_channel,D01071,3608,Hexobarbital,hsa:773,O00555,1.0,1,14.0,11-30,-4.6754,489.0,6977.0,0.0654969193678007
3673,TN,0,0,0.3566666666666667,enzyme,D00970,23681059,Naproxen Sodium,hsa:2806,P00505,2.0,2-3,1.0,1,-1.5065,7277.0,335.0,0.9559905412506569
2041,TP,1,1,0.57,gpcr,D02578,82148,Agomelatine,hsa:3358,P28335,2.0,2-3,10.0,4-10,-8.1835,6997.0,532.0,0.9293398857750034
819,TP,1,1,0.6033333333333334,enzyme,D00652,68844,Brinzolamide,hsa:765,P23280,13.0,11-30,10.0,4-10,-5.5551,3184.0,4204.0,0.43096913914455875
2599,TP,1,1,0.8566666666666667,ion_channel,D02356,2520,Verapamil,hsa:8989,O75762,121.0,>30,9.0,4-10,-6.5,5004.0,2441.0,0.6721289456010745
4085,TN,0,0,0.11333333333333333,enzyme,D00516,6883,Isosorbide Dinitrate,hsa:51166,Q8N5Z0,1.0,1,1.0,1,-6.1097,5849.0,1724.0,0.772349135085171
3504,TN,0,0,0.45666666666666667,enzyme,D03716,15895902,Parecoxib Sodium,hsa:55811,Q96PN6,2.0,2-3,1.0,1,-1.2679,4286.0,3322.0,0.56335436382755
1348,TP,1,1,0.8966666666666666,enzyme,D03217,6450551,Axitinib,hsa:5140,Q13370,19.0,11-30,20.0,11-30,-9.4736,6711.0,666.0,0.9097193981293209
2698,FN,1,0,0.25333333333333335,nuclear_receptor,D00965,4493,Nilutamide,hsa:367,P10275,1.0,1,8.0,4-10,-8.9864,7236.0,158.0,0.9786313226940763
3867,FP,0,1,0.69,enzyme,D00530,5719,Zaleplon,hsa:1551,P24462,1.0,1,18.0,11-30,-8.6923,6803.0,659.0,0.9116858751005092
1054,FN,1,0,0.10666666666666667,enzyme,D01397,92727,Lopinavir,hsa:5742,P23219,2.0,2-3,61.0,>30,-7.4533,3584.0,3693.0,0.49251064999312905
383,TP,1,1,0.5566666666666666,enzyme,D00364,3957,Loratadine,hsa:1576,P08684,1.0,1,34.0,>30,-9.4221,7108.0,275.0,0.9627522687254504
4718,FP,0,1,0.5533333333333333,gpcr,D00987,54746,Cabergoline,hsa:2912,Q14416,1.0,1,2.0,2-3,-7.847,6219.0,1221.0,0.8358870967741936
40,TP,1,1,0.6033333333333334,enzyme,D00029,171548,Biotin,hsa:5095,P05165,9.0,4-10,4.0,4-10,-4.2792,550.0,6853.0,0.07429420505200594
1537,TP,1,1,0.6466666666666666,enzyme,D03773,107994,Quinaprilat,hsa:1636,P12821,1.0,1,31.0,>30,-9.257,6967.0,404.0,0.9451906118572785
1403,FN,1,0,0.43333333333333335,enzyme,D03260,6431825,Chlorpromazine Hibenzate,hsa:10846,Q9Y233,19.0,11-30,20.0,11-30,-11.6578,6500.0,751.0,0.8964280788856709
2336,TP,1,1,0.8,ion_channel,D00544,4116,Methoxyflurane,hsa:2554,P14867,4.0,4-10,32.0,>30,-4.1777,4717.0,2819.0,0.6259288747346072
1429,TP,1,1,0.9833333333333333,enzyme,D03350,89594,Nicotine,hsa:2064,P04626,53.0,>30,8.0,4-10,-5.3721,4602.0,2933.0,0.6107498341074984
3470,TN,0,0,0.14,enzyme,D03012,166558,Avasimibe,hsa:7075,P35590,2.0,2-3,8.0,4-10,-5.1161,812.0,6627.0,0.10915445624411883
5294,FP,0,1,0.5866666666666667,ion_channel,D00638,41022,Flecainide Acetate,hsa:41,P78348,12.0,11-30,1.0,1,-8.9746,6540.0,825.0,0.8879837067209776
2470,FN,1,0,0.4866666666666667,ion_channel,D00711,15851,Ketamine Hydrochloride,hsa:2903,Q12879,13.0,11-30,3.0,2-3,-6.9637,6947.0,518.0,0.930609511051574
2648,TP,1,1,0.7066666666666667,nuclear_receptor,D00105,5757,Estradiol,hsa:2099,P03372,2.0,2-3,16.0,11-30,-10.1508,7482.0,90.0,0.9881141045958796
1143,TP,1,1,0.99,enzyme,D01977,123631,Gefitinib,hsa:1956,P00533,53.0,>30,8.0,4-10,-7.0482,3723.0,3474.0,0.5172988745310546
3360,TN,0,0,0.15666666666666668,enzyme,D00125,36462,Etoposide,hsa:5499,P62136,2.0,2-3,2.0,2-3,-8.2129,4745.0,2740.0,0.633934535738143
3835,TN,0,0,0.09333333333333334,enzyme,D03751,135462830,Icopezil Maleate,hsa:1852,Q99956,1.0,1,2.0,2-3,-8.6875,2661.0,3983.0,0.4005117399157134
1492,TP,1,1,0.9633333333333334,enzyme,D03670,3058754,Deracoxib,hsa:1586,P05093,55.0,>30,13.0,11-30,-8.9133,6984.0,226.0,0.9686546463245492
2708,FN,1,0,0.3566666666666667,nuclear_receptor,D01217,60953,Capecitabine,hsa:5241,P06401,1.0,1,10.0,4-10,-8.0801,6777.0,440.0,0.9390328391298324
989,TP,1,1,0.75,enzyme,D01183,610479,Tolfenamic Acid,hsa:5742,P23219,2.0,2-3,61.0,>30,-8.1635,6852.0,549.0,0.9258208350222943
1577,TP,1,1,0.98,enzyme,D04023,176871,Erlotinib Hydrochloride,hsa:2045,Q15375,53.0,>30,8.0,4-10,-7.1195,4977.0,1982.0,0.7151889639315994
3224,TN,0,0,0.39666666666666667,enzyme,D00097,338,Salicylic Acid,hsa:2065,P21860,11.0,11-30,8.0,4-10,-6.2564,6839.0,696.0,0.9076310550763106
4163,TN,0,0,0.17666666666666667,enzyme,D01900,71992,Alacepril,hsa:5499,P62136,1.0,1,2.0,2-3,-7.1574,5012.0,2282.0,0.6871401151631478
3911,TN,0,0,0.30333333333333334,enzyme,D01866,54690031,Lornoxicam,hsa:3939,P00338,2.0,2-3,1.0,1,-6.813,4043.0,3103.0,0.5657710607332773
2351,TP,1,1,0.7966666666666666,ion_channel,D00547,5206,Sevoflurane,hsa:2554,P14867,20.0,11-30,32.0,>30,-5.1615,5008.0,2565.0,0.6612967120031692
2810,TN,0,0,0.18333333333333332,enzyme,D00545,3763,Isoflurane,hsa:2597,P04406,2.0,2-3,1.0,1,-4.5131,3349.0,4186.0,0.4444591904445919
2374,TP,1,1,0.9333333333333333,ion_channel,D00549,4943,Propofol,hsa:2563,O14764,19.0,11-30,10.0,4-10,-5.4079,3458.0,4115.0,0.4566222104846164
3736,FP,0,1,0.7566666666666667,enzyme,D01133,4823,Pimobendan,hsa:7535,P43403,19.0,11-30,1.0,1,-9.2493,6286.0,1168.0,0.8433056077273947
440,TP,1,1,0.9533333333333334,enzyme,D00394,5584,Trimipramine,hsa:1558,P10632,44.0,>30,22.0,11-30,-7.9245,6940.0,629.0,0.9168978729026291
771,TP,1,1,0.9366666666666666,enzyme,D00574,2145,Aminoglutethimide,hsa:1565,P10635,43.0,>30,30.0,11-30,-6.792,5692.0,1835.0,0.7562109738275541
2150,TP,1,1,0.5333333333333333,ion_channel,D00294,3019,Diazoxide,hsa:3775,O00180,80.0,>30,3.0,2-3,-6.1785,4471.0,2864.0,0.6095432856169053
3597,TN,0,0,0.33,enzyme,D00547,5206,Sevoflurane,hsa:51207,Q6B8I1,3.0,2-3,2.0,2-3,-4.6037,2848.0,4725.0,0.3760728905321537
2755,TN,0,0,0.14333333333333334,enzyme,D00285,358641,Sulfamethoxazole-trimethoprim mixt.,hsa:8854,O94788,1.0,1,1.0,1,-9.9263,5622.0,1600.0,0.7784547216837441
3573,TN,0,0,0.17666666666666667,enzyme,D00225,2118,Alprazolam,hsa:4916,Q16288,44.0,>30,8.0,4-10,-9.3266,7140.0,325.0,0.956463496316142
628,TP,1,1,0.95,enzyme,D00518,3038,Dichlorphenamide,hsa:766,P43166,13.0,11-30,10.0,4-10,-7.3154,7252.0,149.0,0.9798675854614242
1070,TP,1,1,0.9366666666666666,enzyme,D01425,151114,Exatecan Mesylate,hsa:1588,P11511,24.0,11-30,20.0,11-30,-10.9279,5151.0,1658.0,0.756498751652225
2945,TN,0,0,0.16,enzyme,D03753,107807,Perindopril,hsa:216,P00352,1.0,1,3.0,2-3,-7.7952,7192.0,187.0,0.9746578127117496
2620,TP,1,1,0.7,ion_channel,D03580,9859832,"1R-cis-3,3,5-trimethylcyclohexyl ester5-oxo-L-proline",hsa:55584,Q9UGM1,9.0,4-10,14.0,11-30,-6.0172,2593.0,4932.0,0.34458471760797343
2274,TP,1,1,0.63,ion_channel,D00512,1775,Phenytoin,hsa:779,Q13698,45.0,>30,18.0,11-30,-5.587,598.0,6927.0,0.07946843853820598
3801,TN,0,0,0.17666666666666667,enzyme,D00515,4510,Nitroglycerin,hsa:5836,P06737,1.0,1,1.0,1,-5.9046,6623.0,935.0,0.8762900238158243
858,TP,1,1,0.81,enzyme,D00670,5741,Donepezil Hydrochloride,hsa:590,P06276,2.0,2-3,11.0,11-30,-10.9087,7431.0,15.0,0.9979854955680902
4706,TN,0,0,0.14333333333333334,gpcr,D04716,15130,Levomethadyl Acetate,hsa:7201,P34981,1.0,1,3.0,2-3,-5.6909,3876.0,3647.0,0.5152199920244583
2011,TP,1,1,0.9,gpcr,D02354,5440,Thiethylperazine,hsa:1132,P08173,11.0,11-30,8.0,4-10,-8.3005,7229.0,293.0,0.9610475937250731
1998,TP,1,1,0.67,gpcr,D02327,11224,Donormil,hsa:1128,P11229,2.0,2-3,27.0,11-30,-7.2833,4831.0,2544.0,0.6550508474576271
2539,FN,1,0,0.23,ion_channel,D01799,71793,Glyclopyramide,hsa:3767,Q14654,1.0,1,6.0,4-10,-6.2748,3114.0,4208.0,0.42529363561868344
7,TP,1,1,0.79,enzyme,D00002,5893,Nadide (JAN/USAN/INN),hsa:191,P23526,37.0,>30,1.0,1,-12.2837,7041.0,10.0,0.9985817614522763
1125,TP,1,1,0.7066666666666667,enzyme,D01811,5147,Salicylamide,hsa:5742,P23219,2.0,2-3,61.0,>30,-6.1264,6355.0,1116.0,0.8506224066390041
364,TP,1,1,0.6066666666666667,enzyme,D00332,3446,Gabapentin,hsa:586,P54687,14.0,11-30,3.0,2-3,-4.917,3086.0,4384.0,0.4131191432396252
4514,TN,0,0,0.08666666666666667,gpcr,D00524,5831,Carbachol,hsa:7201,P34981,3.0,2-3,3.0,2-3,-1.1824,5894.0,1720.0,0.774100341476228
4288,TN,0,0,0.2,enzyme,D03734,71355,Lecimibide,hsa:4942,P04181,2.0,2-3,2.0,2-3,-8.3895,6002.0,1134.0,0.8410874439461884
1982,TP,1,1,0.7933333333333333,gpcr,D02070,10429215,Arkitropin,hsa:1129,P08172,5.0,4-10,21.0,11-30,-1.1812,6367.0,1247.0,0.8362227475702653
3467,TN,0,0,0.18666666666666668,enzyme,D03689,123619,Etoricoxib,hsa:3817,P20151,2.0,2-3,2.0,2-3,-7.2681,4820.0,2571.0,0.6521445000676498
5418,FP,0,1,0.71,nuclear_receptor,D01689,5663,Vesnarinone,hsa:5468,P37231,1.0,1,2.0,2-3,-9.3278,6859.0,591.0,0.9206711409395973
2367,TP,1,1,0.7333333333333333,ion_channel,D00548,667484,Etomidate,hsa:2563,O14764,15.0,11-30,10.0,4-10,-5.7307,3631.0,3835.0,0.48633806589874096
2521,TP,1,1,0.5133333333333333,ion_channel,D01450,64119,Caffeine Monohydrate,hsa:3752,Q9UK17,12.0,11-30,4.0,4-10,-1.6376,3568.0,4046.0,0.46861045442605725
67,TP,1,1,0.87,enzyme,D00043,5936,Diisopropyl Fluorophosphate,hsa:1200,O14773,51.0,>30,1.0,1,-4.7136,4898.0,2575.0,0.6554262009902315
1727,TP,1,1,0.8966666666666666,gpcr,D00283,135398737,Clozapine,hsa:150,P08913,25.0,11-30,29.0,11-30,-8.243,6415.0,978.0,0.8677127012038415
3320,TN,0,0,0.36,enzyme,D00900,78000,Tamiflu,hsa:128,P11766,4.0,4-10,1.0,1,-6.9009,5246.0,2126.0,0.7116115029842648
2320,FN,1,0,0.4666666666666667,ion_channel,D00542,3562,Halothane,hsa:55503,Q9H1D0,34.0,>30,9.0,4-10,-4.4178,6303.0,1233.0,0.8363853503184714
2190,TP,1,1,0.82,ion_channel,D00332,3446,Gabapentin,hsa:6324,Q07699,46.0,>30,8.0,4-10,-5.0909,3778.0,3692.0,0.505756358768407
3419,TN,0,0,0.4066666666666667,enzyme,D02008,110635,Tadalafil,hsa:7366,P54855,19.0,11-30,1.0,1,-7.7181,2461.0,4986.0,0.33046864509198337
3797,TN,0,0,0.19333333333333333,enzyme,D01900,71992,Alacepril,hsa:4921,Q16832,1.0,1,8.0,4-10,-7.4996,5740.0,1554.0,0.7869481765834933
4224,TN,0,0,0.28,enzyme,D05353,4679,Pantoprazole,hsa:1848,Q16828,4.0,4-10,2.0,2-3,-6.8831,3846.0,3460.0,0.5264166438543663
1132,TP,1,1,0.7666666666666667,enzyme,D01888,636399,Safrazine Hydrochloride,hsa:4129,P27338,2.0,2-3,20.0,11-30,-7.9114,7444.0,84.0,0.9888416578108395
2873,TN,0,0,0.29,enzyme,D02289,247839,Medrysone,hsa:4058,P29376,1.0,1,8.0,4-10,-7.539,4033.0,3490.0,0.5360893260667287
1648,TP,1,1,0.9633333333333334,enzyme,D04025,6444692,Mubritinib,hsa:4916,Q16288,53.0,>30,8.0,4-10,-10.5188,7233.0,139.0,0.9811448724905046
4889,TN,0,0,0.19666666666666666,ion_channel,D00697,3373,Flumazenil,hsa:6330,Q8IWT1,1.0,1,8.0,4-10,-7.0263,5069.0,2329.0,0.6851851851851852
3137,FP,0,1,0.7133333333333334,enzyme,D00423,37542,Ribavirin,hsa:9955,Q9Y663,4.0,4-10,1.0,1,-7.1132,6617.0,783.0,0.8941891891891892
1572,TP,1,1,0.9666666666666667,enzyme,D04023,176871,Erlotinib Hydrochloride,hsa:1956,P00533,53.0,>30,8.0,4-10,-6.6209,3762.0,3197.0,0.5405949130622216
1790,TP,1,1,0.9333333333333333,gpcr,D00454,135398745,Olanzapine,hsa:1128,P11229,22.0,11-30,27.0,11-30,-7.6959,6008.0,1386.0,0.8125507167974033
552,FN,1,0,0.18333333333333332,enzyme,D00448,5339,Sulfasalazine,hsa:1147,O15111,11.0,11-30,1.0,1,-5.7921,461.0,6824.0,0.06328071379547015
4290,TN,0,0,0.25,enzyme,D02562,3052775,Rasagiline Mesylate,hsa:645,P30043,2.0,2-3,1.0,1,-8.5024,6456.0,944.0,0.8724324324324324
4959,TN,0,0,0.18666666666666668,ion_channel,D00329,3393,Flurazepam,hsa:51305,Q9NPC2,15.0,11-30,2.0,2-3,-3.0629,46.0,7258.0,0.006297918948521358
2430,TP,1,1,0.51,ion_channel,D00619,62969,Verapamil Hydrochloride,hsa:3738,P22001,7.0,4-10,7.0,4-10,-5.5168,2433.0,4933.0,0.33030138474070053
2279,TP,1,1,0.9533333333333334,ion_channel,D00512,1775,Phenytoin,hsa:8911,Q9P0X4,45.0,>30,15.0,11-30,-8.856,7206.0,319.0,0.9576079734219269
5267,TN,0,0,0.37333333333333335,ion_channel,D00294,3019,Diazoxide,hsa:2743,P48167,80.0,>30,4.0,4-10,-5.9649,3796.0,3539.0,0.5175187457396047
4689,TN,0,0,0.25666666666666665,gpcr,D02338,1978,Acebutolol,hsa:152,P18825,3.0,2-3,15.0,11-30,-6.6433,5420.0,2032.0,0.7273215244229737
1450,TP,1,1,0.9833333333333333,enzyme,D03350,89594,Nicotine,hsa:4919,Q01973,53.0,>30,8.0,4-10,-5.6166,5453.0,2082.0,0.7236894492368945
4563,TN,0,0,0.36333333333333334,gpcr,D00301,23724775,Atropine sulfate and diphenoxylate hydrochloride,hsa:3363,P34969,1.0,1,3.0,2-3,-10.0215,6512.0,545.0,0.9227717160266402
1812,TP,1,1,0.8766666666666667,gpcr,D00493,4917,Prochlorperazine,hsa:1812,P21728,6.0,4-10,14.0,11-30,-8.443,7109.0,353.0,0.9526936478155991
3235,TN,0,0,0.24666666666666667,enzyme,D00330,3394,Flurbiprofen,hsa:1847,Q16690,2.0,2-3,2.0,2-3,-5.8824,1167.0,6300.0,0.15628766572920852
880,TP,1,1,0.85,enzyme,D00771,2733,Chlorzoxazone,hsa:1544,P05177,4.0,4-10,24.0,11-30,-7.3587,7451.0,22.0,0.9970560685133146
1473,TP,1,1,0.9533333333333334,enzyme,D03670,3058754,Deracoxib,hsa:1544,P05177,55.0,>30,24.0,11-30,-8.6988,6872.0,338.0,0.9531206657420249
4453,FP,0,1,0.6833333333333333,gpcr,D02358,4171,Metoprolol,hsa:3358,P28335,1.0,1,10.0,4-10,-6.7516,6835.0,631.0,0.9154835253147603
3495,TN,0,0,0.38666666666666666,enzyme,D00530,5719,Zaleplon,hsa:7006,P42680,1.0,1,1.0,1,-7.5804,5066.0,2396.0,0.6789064593942643
2756,TN,0,0,0.38666666666666666,enzyme,D00298,2724385,Digoxin,hsa:5336,P16885,1.0,1,3.0,2-3,-8.2028,1938.0,5477.0,0.26136210384356034
4573,TN,0,0,0.2966666666666667,gpcr,D00673,3033332,Ranitidine Hydrochloride,hsa:185,P30556,1.0,1,8.0,4-10,-6.2721,6287.0,941.0,0.8698118428334256
3186,TN,0,0,0.23333333333333334,enzyme,D04197,5790,Floxuridine,hsa:6768,Q9Y5Y6,1.0,1,2.0,2-3,-6.8129,5923.0,1399.0,0.8089319857962305
3055,TN,0,0,0.09666666666666666,enzyme,D03823,132228,Quilostigmine,hsa:100,P00813,1.0,1,2.0,2-3,-8.2657,4333.0,3189.0,0.5760436054240894
4190,FP,0,1,0.6433333333333333,enzyme,D02451,59694,"Benzonitrile, 4-(5,6,7,8-tetrahydroimidazo(1,5-a)pyridin-5-yl)-, hydrochloride (1:1)",hsa:1595,Q16850,24.0,11-30,12.0,11-30,-6.8678,4971.0,2561.0,0.659984067976633
1928,TP,1,1,0.5566666666666666,gpcr,D00996,441411,(-)-Epinephrine hydrochloride,hsa:154,P07550,9.0,4-10,35.0,>30,-6.9384,6870.0,328.0,0.9544317866073909
3347,TN,0,0,0.19,enzyme,D01828,2161,Amlexanox,hsa:10667,O95363,1.0,1,1.0,1,-8.5436,6217.0,1171.0,0.8414997292907418
5369,TN,0,0,0.2633333333333333,nuclear_receptor,D02367,40973,Desogestrel,hsa:9971,Q96RI1,2.0,2-3,1.0,1,-7.3132,4039.0,3533.0,0.5334125726360275
2257,TP,1,1,0.6,ion_channel,D00512,1775,Phenytoin,hsa:6261,P21817,45.0,>30,17.0,11-30,-7.4656,4934.0,2591.0,0.6556810631229236
1901,TP,1,1,0.73,gpcr,D00726,4168,Metoclopramide,hsa:3352,P28221,15.0,11-30,10.0,4-10,-6.2193,6173.0,1224.0,0.8345275111531703
1463,TP,1,1,0.7966666666666666,enzyme,D03350,89594,Nicotine,hsa:780,Q08345,53.0,>30,8.0,4-10,-4.9692,3114.0,4421.0,0.413271400132714
1939,FN,1,0,0.2966666666666667,gpcr,D01164,60795,Aripiprazole,hsa:1814,P35462,6.0,4-10,13.0,11-30,-9.3078,6799.0,577.0,0.9217733188720173
2019,TP,1,1,0.77,gpcr,D02356,2520,Verapamil,hsa:1128,P11229,7.0,4-10,27.0,11-30,-6.4008,4740.0,2705.0,0.6366689053055742
3796,FP,0,1,0.58,enzyme,D03803,157838,Lidorestat monohydrate,hsa:240,P09917,1.0,1,11.0,11-30,-9.8222,6712.0,490.0,0.9319633435156901
2627,FN,1,0,0.4,ion_channel,D04985,9034,Methohexital,hsa:2554,P14867,1.0,1,32.0,>30,-5.5703,3451.0,4015.0,0.4622287704259309
541,TP,1,1,0.97,enzyme,D00437,4485,Nifedipine,hsa:1577,P20815,42.0,>30,18.0,11-30,-6.7061,6473.0,982.0,0.8682763246143528
5242,TN,0,0,0.15,ion_channel,D01768,6420040,Oxybuprocaine Hydrochloride,hsa:781,P54289,1.0,1,12.0,11-30,-6.5257,6430.0,1032.0,0.8616992763334227
4488,TN,0,0,0.32,gpcr,D04625,3762,Isoetharine,hsa:150,P08913,1.0,1,29.0,11-30,-6.4457,5833.0,1692.0,0.7751495016611296
481,TP,1,1,0.9433333333333334,enzyme,D00410,4174,Metyrapone,hsa:1595,Q16850,44.0,>30,12.0,11-30,-7.0306,6327.0,1205.0,0.840015932023367
3403,TN,0,0,0.33,enzyme,D00563,4205,Mirtazapine,hsa:5151,O60658,3.0,2-3,20.0,11-30,-8.2486,6464.0,1062.0,0.8588891841615732
3004,TN,0,0,0.38333333333333336,enzyme,D00131,3117,Disulfiram,hsa:7301,Q06418,10.0,4-10,8.0,4-10,-3.6116,2130.0,5403.0,0.2827558741537236
2692,FN,1,0,0.15,nuclear_receptor,D00951,6279,Medroxyprogesterone Acetate,hsa:5241,P06401,1.0,1,10.0,4-10,-6.8848,3002.0,4567.0,0.39661778306249174
1841,TP,1,1,0.51,gpcr,D00513,4828,Pindolol,hsa:3355,P30939,19.0,11-30,7.0,4-10,-6.8487,6281.0,1185.0,0.841280471470667
1257,TP,1,1,0.5566666666666666,enzyme,D02335,4055,Menadione,hsa:2158,P00740,8.0,4-10,3.0,2-3,-4.3376,343.0,7230.0,0.045292486465073285
4435,FP,0,1,0.5366666666666666,gpcr,D02340,3964,Loxapine,hsa:185,P30556,3.0,2-3,8.0,4-10,-8.6002,6866.0,531.0,0.9282141408679194
5169,TN,0,0,0.12666666666666668,ion_channel,D01243,2789,Clobazam,hsa:3756,O95259,9.0,4-10,4.0,4-10,-6.0719,1796.0,5669.0,0.240589417280643
4927,TN,0,0,0.45,ion_channel,D00798,66062,Thioridazine Hydrochloride,hsa:782,Q02641,1.0,1,10.0,4-10,-7.5814,5237.0,2217.0,0.7025757982291387
1931,TP,1,1,0.6933333333333334,gpcr,D01022,66259,Oxymetazoline Hydrochloride,hsa:152,P18825,6.0,4-10,15.0,11-30,-7.3832,6770.0,623.0,0.9157310969836332
1875,TP,1,1,0.5833333333333334,gpcr,D00604,20179,Clonidine Hydrochloride,hsa:150,P08913,4.0,4-10,29.0,11-30,-6.1275,6170.0,1299.0,0.8260811353594859
3260,TN,0,0,0.12333333333333334,enzyme,D05407,135398748,Penciclovir,hsa:8854,O94788,1.0,1,1.0,1,-6.0776,4836.0,2482.0,0.6608362940694179
2618,FN,1,0,0.4866666666666667,ion_channel,D03580,9859832,"1R-cis-3,3,5-trimethylcyclohexyl ester5-oxo-L-proline",hsa:1137,P43681,9.0,4-10,13.0,11-30,-6.9903,5342.0,2183.0,0.7099003322259136
3555,TN,0,0,0.39666666666666667,enzyme,D02566,4011,Maprotiline,hsa:239,P18054,1.0,1,8.0,4-10,-8.4843,7129.0,443.0,0.9414949815108293
484,TP,1,1,0.9433333333333334,enzyme,D00410,4174,Metyrapone,hsa:5740,Q16647,44.0,>30,12.0,11-30,-6.8353,5900.0,1632.0,0.7833244822092406
164,TP,1,1,0.7166666666666667,enzyme,D00132,3825,Ketoprofen,hsa:240,P09917,9.0,4-10,11.0,11-30,-8.3502,6506.0,1019.0,0.8645847176079734
3987,TN,0,0,0.3233333333333333,enzyme,D00052,6049,Ethylenediaminetetraacetic Acid,hsa:1565,P10635,3.0,2-3,30.0,11-30,-5.6569,5768.0,1755.0,0.7667154060879968
658,TP,1,1,0.9266666666666666,enzyme,D00528,2519,Caffeine,hsa:1559,P11712,89.0,>30,25.0,11-30,-5.8719,5992.0,1543.0,0.7952222959522229
2766,TN,0,0,0.29,enzyme,D00035,145742,L-Proline,hsa:1636,P12821,4.0,4-10,31.0,>30,-4.5951,4986.0,2487.0,0.6672019269369731
2842,TN,0,0,0.056666666666666664,enzyme,D01825,6215,Fluocinolone Acetonide,hsa:53938,Q9H2H8,1.0,1,1.0,1,-7.2015,2899.0,4542.0,0.3895981722886709
1986,FN,1,0,0.4,gpcr,D02076,54405,Brimonidine Tartrate,hsa:150,P08913,3.0,2-3,29.0,11-30,-10.147,7101.0,175.0,0.9759483232545355
694,TP,1,1,0.5466666666666666,enzyme,D00528,2519,Caffeine,hsa:5338,O14939,89.0,>30,3.0,2-3,-5.4436,4753.0,2782.0,0.6307896483078965
5311,FP,0,1,0.6533333333333333,ion_channel,D05453,9795678,Phencyclidine Hydrochloride,hsa:3746,P48547,10.0,4-10,5.0,4-10,-6.5463,3714.0,2817.0,0.5686724850711989
18,TP,1,1,0.7866666666666666,enzyme,D00002,5893,Nadide (JAN/USAN/INN),hsa:349565,Q96T66,37.0,>30,1.0,1,-9.5349,6308.0,743.0,0.8946248759041271
942,TP,1,1,0.8,enzyme,D01071,3608,Hexobarbital,hsa:1543,P04798,44.0,>30,19.0,11-30,-7.1823,6369.0,1097.0,0.8530672381462631
4309,TN,0,0,0.17666666666666667,enzyme,D00513,4828,Pindolol,hsa:1848,Q16828,1.0,1,2.0,2-3,-6.0756,4349.0,3117.0,0.5825073667291722
3600,TN,0,0,0.44666666666666666,enzyme,D00547,5206,Sevoflurane,hsa:2042,P29320,3.0,2-3,8.0,4-10,-4.6684,3089.0,4484.0,0.40789647431665127
729,TP,1,1,0.9966666666666667,enzyme,D00542,3562,Halothane,hsa:1577,P20815,45.0,>30,18.0,11-30,-4.5873,6826.0,710.0,0.9057855626326964
3697,FP,0,1,0.5333333333333333,enzyme,D01565,10649,Dequalinium Chloride,hsa:2185,Q14289,2.0,2-3,1.0,1,-9.4693,7204.0,301.0,0.9598934043970686
5363,FP,0,1,0.8166666666666667,nuclear_receptor,D00565,3339,Fenofibrate,hsa:5915,P10826,1.0,1,3.0,2-3,-8.9742,7251.0,272.0,0.9638442110860029
3230,TN,0,0,0.22666666666666666,enzyme,D01264,216457,Solifenacin Succinate,hsa:6300,P53778,2.0,2-3,3.0,2-3,-10.7812,6104.0,1330.0,0.8210922787193974
2609,FN,1,0,0.21333333333333335,ion_channel,D02461,22502,"4-Thia-1-azabicyclo(3.2.0)heptane-2-carboxylic acid, 3,3-dimethyl-7-oxo-6-((phenylacetyl)amino)-(2S,5R,6R)-, compd. with 2-(diethylamino)ethyl 4-aminobenzoate, hydrate (1:1:1)",hsa:2554,P14867,6.0,4-10,32.0,>30,-7.7239,3824.0,3380.0,0.5308162132148806
1384,TP,1,1,0.9666666666666667,enzyme,D03218,5328940,Bosutinib,hsa:4058,P29376,53.0,>30,8.0,4-10,-6.8003,3136.0,4126.0,0.43183695951528506
661,TP,1,1,1.0,enzyme,D00528,2519,Caffeine,hsa:1571,P05181,89.0,>30,23.0,11-30,-6.5002,7218.0,317.0,0.9579296615792966
4984,TN,0,0,0.36,ion_channel,D00418,4201,Minoxidil,hsa:51305,Q9NPC2,1.0,1,2.0,2-3,-3.5408,110.0,7217.0,0.015012965743141805
441,TP,1,1,0.9733333333333334,enzyme,D00394,5584,Trimipramine,hsa:1559,P11712,44.0,>30,25.0,11-30,-7.6121,6586.0,983.0,0.8701281543136478
2260,FN,1,0,0.2833333333333333,ion_channel,D00512,1775,Phenytoin,hsa:6324,Q07699,45.0,>30,8.0,4-10,-7.0491,3749.0,3776.0,0.4982059800664452
1932,FN,1,0,0.32,gpcr,D01051,5265,Spiperone,hsa:3350,P08908,6.0,4-10,7.0,4-10,-8.8879,6064.0,1312.0,0.8221258134490239
