pubchem_cid,uniprot_id,in_old_bindingdb_positive,in_yamanishi_all,in_yamanishi_feature_complete
1005,P12955,1,0,0
1005,Q92959,1,0,0
10089677,P03956,1,0,0
10089677,P08253,1,0,0
10089677,P11309,1,0,0
10089677,P14780,1,0,0
10089677,P22894,1,0,0
10089677,P39900,1,0,0
10089677,P45452,1,0,0
10089677,P50281,1,0,0
10133,Q96RI1,0,1,1
10207,P02766,1,0,0
10207,P21397,1,0,0
10207,P22303,1,0,0
10207,P27338,1,0,0
10207,P34913,1,0,0
10207,Q9H244,1,0,0
10208,P02766,1,0,0
10208,P08246,1,0,0
10329,P05177,1,0,0
10341,P00915,1,0,0
10341,P00918,1,0,0
10341,Q16790,1,0,0
10364,O75762,1,0,0
10364,P22303,1,0,0
10364,P23219,1,0,0
104152,Q5T6X5,0,1,0
10429215,A4D1Q0,0,1,0
10429215,P08172,0,1,1
10429215,P08173,0,1,1
10429215,P08912,0,1,1
10429215,P11229,0,1,1
10429215,P20309,0,1,1
10429215,Q53XZ3,0,1,0
10429215,Q6SL56,0,1,0
10429215,Q86SJ1,0,1,0
10457278,B4DKH4,0,1,0
10457278,P12821,0,1,1
104741,G4XH65,0,1,0
104741,P03372,0,1,1
104741,Q7LCB3,0,1,0
104741,Q92731,0,1,1
10547,P06276,0,1,1
10547,P22303,0,1,1
10621,O60341,1,0,0
10621,P0DP23,1,0,0
10621,P49841,1,0,0
10621,Q00975,1,0,0
10621,Q9GZU7,1,0,0
10621,Q9Y251,1,0,0
10649,P23219,0,1,1
10649,P35354,0,1,1
10660,P35367,0,1,1
107706,P08246,0,1,1
107735,P00918,1,0,0
107735,P22748,1,0,0
107735,Q16790,1,0,0
107807,B4DKH4,0,1,0
107807,P12821,0,1,1
107952,P07550,0,1,1
107952,P08588,0,1,1
107952,X5DQM5,0,1,0
107979,P11229,0,1,1
107979,Q53XZ3,0,1,0
107985,P35354,1,0,0
107985,P55085,1,0,0
107985,Q9H773,1,0,0
107994,B4DKH4,0,1,0
107994,P12821,0,1,1
108173,P35498,0,1,0
108173,P35499,0,1,1
108173,Q14524,0,1,1
108173,Q15858,0,1,0
108173,Q6B4S4,0,1,0
108173,Q99250,0,1,0
108173,Q9C007,0,1,0
108173,Q9NY46,0,1,1
108173,Q9UQD0,0,1,0
10917,A0A140VK13,0,1,0
10917,P23786,0,1,0
10917,P50416,0,1,1
10917,Q9UKG9,0,1,0
1103,O43570,1,0,0
1103,P00488,1,0,0
1103,P00915,1,0,0
1103,P00918,1,0,0
1103,P07451,1,0,0
1103,P11388,1,0,0
1103,P22748,1,0,0
1103,P23280,1,0,0
1103,P42575,1,0,0
1103,P43166,1,0,0
1103,P61088,1,0,0
1103,Q13224,1,0,0
1103,Q16790,1,0,0
1103,Q9ULX7,1,0,0
110635,A0A0S2Z4T6,0,1,0
110635,A0A140VJR0,0,1,0
110635,A7E2E5,0,1,0
110635,B3KN77,0,1,0
110635,F6R4I1,0,1,0
110635,O00408,0,1,1
110635,O43849,0,1,0
110635,O43924,0,1,1
110635,O60658,0,1,1
110635,O76074,0,1,1
110635,O76083,0,1,1
110635,O95263,0,1,0
110635,P18545,0,1,1
110635,P27815,0,1,1
110635,P54750,0,1,0
110635,Q07343,0,1,1
110635,Q08493,0,1,1
110635,Q08499,0,1,1
110635,Q13370,0,1,1
110635,Q13946,0,1,1
110635,Q13956,0,1,0
110635,Q14123,0,1,0
110635,Q32MM7,0,1,0
110635,Q6IB24,0,1,0
110635,Q8IW54,0,1,0
110635,Q9HCR9,0,1,0
110635,Q9NP56,0,1,0
110635,Q9Y233,0,1,1
110635,X5DNX5,0,1,0
11065,Q9H2S1,0,1,1
11065,Q9UGI6,0,1,0
11224,P11229,0,1,1
11224,P35367,0,1,1
11224,Q53XZ3,0,1,0
1140,P22303,1,0,0
114627,P14618,1,0,0
115366,A8K7T1,0,1,0
115366,Q9H244,0,1,1
11557040,A0A087WX63,0,1,0
11557040,A0A140VJJ0,0,1,0
11557040,A0A384MU00,0,1,0
11557040,B6D4Y2,0,1,0
11557040,B7ZKJ3,0,1,0
11557040,F2YGG7,0,1,0
11557040,F6QWY5,0,1,0
11557040,F6RDZ0,0,1,0
11557040,F6TUL7,0,1,0
11557040,O15146,0,1,0
11557040,P00533,0,1,0
11557040,P04626,0,1,0
11557040,P04629,0,1,0
11557040,P06213,0,1,0
11557040,P07333,0,1,0
11557040,P07949,0,1,0
11557040,P08069,0,1,0
11557040,P08581,0,1,0
11557040,P08922,0,1,0
11557040,P09619,0,1,0
11557040,P10721,0,1,0
11557040,P11362,0,1,0
11557040,P14616,0,1,0
11557040,P16234,0,1,0
11557040,P17948,0,1,0
11557040,P21709,0,1,0
11557040,P21802,0,1,0
11557040,P21860,0,1,0
11557040,P22455,0,1,0
11557040,P22607,0,1,0
11557040,P29317,0,1,0
11557040,P29320,0,1,0
11557040,P29322,0,1,0
11557040,P29323,0,1,0
11557040,P29376,0,1,0
11557040,P30530,0,1,0
11557040,P34925,0,1,0
11557040,P35590,0,1,0
11557040,P35916,0,1,0
11557040,P35968,0,1,0
11557040,P36888,0,1,0
11557040,P54753,0,1,0
11557040,P54756,0,1,0
11557040,P54760,0,1,0
11557040,P54762,0,1,0
11557040,P54764,0,1,0
11557040,Q01973,0,1,0
11557040,Q01974,0,1,0
11557040,Q02763,0,1,0
11557040,Q04912,0,1,0
11557040,Q06418,0,1,0
11557040,Q08345,0,1,0
11557040,Q0IJ44,0,1,0
11557040,Q12866,0,1,0
11557040,Q13308,0,1,0
11557040,Q15303,0,1,0
11557040,Q15375,0,1,0
11557040,Q16288,0,1,0
11557040,Q16620,0,1,0
11557040,Q16832,0,1,0
11557040,Q4LE53,0,1,0
11557040,Q504U8,0,1,0
11557040,Q548C2,0,1,0
11557040,Q59F04,0,1,0
11557040,Q59FQ5,0,1,0
11557040,Q59FT4,0,1,0
11557040,Q59HG2,0,1,0
11557040,Q5VWE5,0,1,0
11557040,Q6NVW1,0,1,0
11557040,Q6P4R6,0,1,0
11557040,Q8WTZ8,0,1,0
11557040,Q96L35,0,1,0
11557040,Q9UF33,0,1,0
11557040,Q9UM73,0,1,0
11557040,X5D2R1,0,1,0
11557040,X5DNK3,0,1,0
11693,A4D1Q0,0,1,0
11693,P08172,0,1,1
11693,P11229,0,1,1
11693,Q53XZ3,0,1,0
11693,Q6SL56,0,1,0
11693,Q86SJ1,0,1,0
1174,Q12882,0,1,0
1174,Q13085,0,1,1
117965,O60656,0,1,0
117965,O75310,0,1,0
117965,O75795,0,1,0
117965,P06133,0,1,0
117965,P0DTE4,0,1,0
117965,P16662,0,1,0
117965,P19224,0,1,0
117965,P22309,0,1,0
117965,P22310,0,1,0
117965,P35503,0,1,0
117965,P35504,0,1,0
117965,P36537,0,1,0
117965,P54855,0,1,0
117965,Q5DSZ5,0,1,0
117965,Q5DSZ6,0,1,0
117965,Q5DSZ7,0,1,0
117965,Q5DSZ8,0,1,0
117965,Q5DSZ9,0,1,0
117965,Q5DT01,0,1,0
117965,Q5DT02,0,1,0
117965,Q5DT03,0,1,0
117965,Q6UWM9,0,1,0
117965,Q9BY64,0,1,0
117965,Q9HAW7,0,1,0
117965,Q9HAW8,0,1,0
117965,Q9HAW9,0,1,0
11828024,O75908,1,0,0
11828024,P35610,1,0,0
119031,O14672,1,0,0
119031,O60882,1,0,0
119031,O75173,1,0,0
119031,P01375,1,0,0
119031,P03956,1,0,0
119031,P08253,1,0,0
119031,P08254,1,0,0
119031,P09237,1,0,0
119031,P09238,1,0,0
119031,P14780,1,0,0
119031,P22894,1,0,0
119031,P39900,1,0,0
119031,P45452,1,0,0
119031,P50281,1,0,0
119031,P51512,1,0,0
119031,P78536,1,0,0
119031,Q9UNA0,1,0,0
119442,Q13698,0,1,1
119442,Q13936,0,1,0
11953898,A0A024RD82,0,1,0
11953898,B2R6K1,0,1,0
11953898,P22033,0,1,0
11953898,Q96EY8,0,1,0
11953898,Q99707,0,1,0
11953898,Q9UBK8,0,1,0
11954221,P47712,0,1,0
11954233,P25100,0,1,0
11954233,P35348,0,1,0
11954233,P35368,0,1,0
11954233,Q9H2S1,0,1,0
11954253,A0A8D9PH75,0,1,0
11954253,A0A8D9PH79,0,1,0
11954253,A8K0H7,0,1,0
11954253,B2RAP6,0,1,0
11954253,P39086,0,1,1
11954253,Q13002,0,1,1
11954253,Q13003,0,1,0
11954253,Q16099,0,1,0
11954253,Q16478,0,1,0
11954253,Q8IY40,0,1,0
11954344,A0A024R8Z4,0,1,0
11954344,B4E398,0,1,0
11954344,P17787,0,1,0
11954344,P20853,0,1,0
11954344,P31513,0,1,0
11954344,P32297,0,1,0
11954344,P46098,0,1,0
11954344,P49019,0,1,0
11954344,Q04844,0,1,0
11954344,Q15822,0,1,0
11954344,Q15825,0,1,0
11954344,Q16696,0,1,0
11954344,Q53FW5,0,1,0
11954344,Q5SXY3,0,1,0
11954344,Q9GZZ6,0,1,0
11954344,Q9UGM1,0,1,0
11954363,P00734,0,1,1
11954366,B4DKH4,0,1,0
11954366,P12821,0,1,0
11954367,A0N0X8,0,1,0
11954367,C1ID52,0,1,0
11954367,P04798,0,1,0
11954367,P05177,0,1,0
11954367,P05181,0,1,0
11954367,P08684,0,1,0
11954367,P10632,0,1,0
11954367,P10635,0,1,0
11954367,P11509,0,1,0
11954367,P11511,0,1,0
11954367,P11712,0,1,0
11954367,P13584,0,1,0
11954367,P20813,0,1,0
11954367,P20815,0,1,0
11954367,P20853,0,1,0
11954367,P24462,0,1,0
11954367,P24903,0,1,0
11954367,P33260,0,1,0
11954367,P33261,0,1,0
11954367,P51589,0,1,0
11954367,Q16678,0,1,0
11954367,Q16696,0,1,0
11954367,Q53TK1,0,1,0
11954367,Q5Y7H2,0,1,0
11954367,Q6GRK0,0,1,0
11954367,Q7Z348,0,1,0
11954367,Q86W10,0,1,0
11954367,Q8IYG4,0,1,0
11954367,Q8N118,0,1,0
11954367,Q8TCA4,0,1,0
11954367,Q96SQ9,0,1,0
11954367,Q9HB55,0,1,0
11954368,P09172,0,1,1
11954370,P04035,0,1,0
11954371,B3KR54,0,1,0
11954371,Q5JQI0,0,1,0
11954371,Q8WWR8,0,1,0
11954371,Q99519,0,1,0
11954371,Q9UQ49,0,1,0
11954371,Q9Y3R4,0,1,0
119607,P23219,0,1,1
119607,P35354,0,1,1
119828,P23219,0,1,1
119828,P35354,0,1,1
11983193,A0N0X8,0,1,0
11983193,C1ID52,0,1,0
11983193,P04798,0,1,0
11983193,P05093,0,1,0
11983193,P05177,0,1,0
11983193,P05181,0,1,0
11983193,P08684,0,1,0
11983193,P10632,0,1,0
11983193,P10635,0,1,0
11983193,P11509,0,1,0
11983193,P11511,0,1,0
11983193,P11712,0,1,0
11983193,P13584,0,1,0
11983193,P20813,0,1,0
11983193,P20815,0,1,0
11983193,P20853,0,1,0
11983193,P24462,0,1,0
11983193,P24903,0,1,0
11983193,P33260,0,1,0
11983193,P33261,0,1,0
11983193,P51589,0,1,0
11983193,Q16678,0,1,0
11983193,Q16696,0,1,0
11983193,Q1HB44,0,1,0
11983193,Q53TK1,0,1,0
11983193,Q5Y7H2,0,1,0
11983193,Q6GRK0,0,1,0
11983193,Q7Z348,0,1,0
11983193,Q86W10,0,1,0
11983193,Q8IYG4,0,1,0
11983193,Q8N118,0,1,0
11983193,Q8TCA4,0,1,0
11983193,Q96SQ9,0,1,0
11983193,Q9HB55,0,1,0
121586,P14324,0,1,1
121587,B4DK78,0,1,0
121587,P02708,0,1,1
121587,P22303,0,1,1
121587,P30532,0,1,0
121587,P32297,0,1,0
121587,P36544,0,1,1
121587,P43681,0,1,1
121587,Q15822,0,1,1
121587,Q15825,0,1,0
121587,Q53SH4,0,1,0
121587,Q59FV0,0,1,0
121587,Q6EWN4,0,1,0
121587,Q9GZZ6,0,1,0
121587,Q9UGM1,0,1,1
122142,A8K8E4,0,1,0
122142,B2R7Y7,0,1,0
122142,P21728,0,1,1
122142,P23975,0,1,0
122142,P30531,0,1,1
122142,P31645,0,1,1
122142,P35462,0,1,1
122142,P41145,0,1,1
122142,Q01959,0,1,0
122142,Q14524,0,1,1
122142,Q9UI33,0,1,0
122142,Q9Y5Y9,0,1,1
122142,X5D2G4,0,1,0
122327,P35610,1,0,0
122824,P06276,0,1,1
122824,P11229,0,1,1
122824,Q53XZ3,0,1,0
122824,Q8TCU5,0,1,0
123596,E5KMK7,0,1,0
123596,O95985,0,1,1
123596,P11387,0,1,1
123596,Q13472,0,1,1
123596,Q969P6,0,1,0
123596,Q9BVT2,0,1,0
123619,P23219,0,1,1
123619,P35354,0,1,1
123631,A0A087WX63,0,1,0
123631,A0A140VJJ0,0,1,0
123631,A0A384MU00,0,1,0
123631,B6D4Y2,0,1,0
123631,B7ZKJ3,0,1,0
123631,F2YGG7,0,1,0
123631,F6QWY5,0,1,0
123631,F6RDZ0,0,1,0
123631,F6TUL7,0,1,0
123631,O15146,0,1,0
123631,P00533,0,1,1
123631,P04626,0,1,1
123631,P04629,0,1,1
123631,P06213,0,1,0
123631,P07333,0,1,1
123631,P07949,0,1,0
123631,P08069,0,1,0
123631,P08581,0,1,0
123631,P08922,0,1,1
123631,P09619,0,1,1
123631,P10721,0,1,1
123631,P11362,0,1,1
123631,P14616,0,1,0
123631,P16234,0,1,1
123631,P17948,0,1,0
123631,P21709,0,1,1
123631,P21802,0,1,1
123631,P21860,0,1,1
123631,P22455,0,1,1
123631,P22607,0,1,1
123631,P29317,0,1,0
123631,P29320,0,1,1
123631,P29322,0,1,1
123631,P29323,0,1,1
123631,P29376,0,1,1
123631,P30530,0,1,1
123631,P34925,0,1,1
123631,P35590,0,1,1
123631,P35916,0,1,1
123631,P35968,0,1,1
123631,P36888,0,1,1
123631,P54753,0,1,1
123631,P54756,0,1,1
123631,P54760,0,1,1
123631,P54762,0,1,1
123631,P54764,0,1,1
123631,Q01973,0,1,1
123631,Q01974,0,1,1
123631,Q02763,0,1,1
123631,Q04912,0,1,1
123631,Q06418,0,1,1
123631,Q08345,0,1,1
123631,Q0IJ44,0,1,0
123631,Q12866,0,1,1
123631,Q13308,0,1,1
123631,Q15303,0,1,1
123631,Q15375,0,1,1
123631,Q16288,0,1,1
123631,Q16620,0,1,1
123631,Q16832,0,1,1
123631,Q4LE53,0,1,0
123631,Q504U8,0,1,0
123631,Q548C2,0,1,0
123631,Q59F04,0,1,0
123631,Q59FQ5,0,1,0
123631,Q59FT4,0,1,0
123631,Q59HG2,0,1,0
123631,Q5VWE5,0,1,0
123631,Q6NVW1,0,1,0
123631,Q6P4R6,0,1,0
123631,Q8WTZ8,0,1,0
123631,Q96L35,0,1,0
123631,Q9UF33,0,1,0
123631,Q9UM73,0,1,1
123631,X5D2R1,0,1,0
123631,X5DNK3,0,1,0
124886,P00390,0,1,1
124886,P09211,0,1,1
124886,V9HW90,0,1,0
124886,V9HWE9,0,1,0
126941,B0YJ76,0,1,0
126941,O00206,1,0,0
126941,O43521,1,0,0
126941,P00374,1,1,1
126941,P04818,1,0,0
126941,P09429,1,0,0
126941,P11413,1,0,0
126941,P14207,1,0,0
126941,P15328,1,0,0
126941,P22102,1,0,0
126941,P31939,1,0,0
126941,P34896,1,0,0
126941,P34897,1,0,0
126941,P41440,1,0,0
126941,P52209,1,0,0
126941,P52292,1,0,0
126941,Q15788,1,0,0
126941,Q99707,1,0,0
126941,Q9UM07,1,0,0
126941,Q9Y6Q9,1,0,0
129791,P06276,0,1,1
129791,P22303,0,1,1
130275496,Q9UHD2,1,0,0
13109,G4XH65,0,1,0
13109,P03372,0,1,1
13109,P06401,0,1,1
13109,P35348,0,1,0
131679,O75908,1,0,0
131679,P35610,1,0,0
13221,B4DK78,0,1,0
13221,P02708,0,1,0
13221,P30532,0,1,0
13221,P32297,0,1,1
13221,P36544,0,1,1
13221,P43681,0,1,1
13221,Q15822,0,1,1
13221,Q15825,0,1,0
13221,Q53SH4,0,1,0
13221,Q59FV0,0,1,0
13221,Q6EWN4,0,1,0
13221,Q9GZZ6,0,1,0
13221,Q9UGM1,0,1,1
132228,P22303,0,1,1
132519,O14672,1,0,0
132519,O75173,1,0,0
132519,P03956,1,0,0
132519,P08253,1,0,0
132519,P08254,1,0,0
132519,P09237,1,0,0
132519,P14780,1,0,0
132519,P22894,1,0,0
132519,P39900,1,0,0
132519,P45452,1,0,0
132519,P50281,1,0,0
132519,P51512,1,0,0
132519,P78536,1,0,0
132519,Q9UNA0,1,0,0
13290219,A0A0S2Z3D0,0,1,0
13290219,A8K3J4,0,1,0
13290219,B4DUH8,0,1,0
13290219,O43570,0,1,1
13290219,P00915,0,1,1
13290219,P00918,0,1,1
13290219,P07451,0,1,1
13290219,P22748,0,1,1
13290219,P23280,0,1,1
13290219,P35218,0,1,0
13290219,P35219,0,1,1
13290219,P43166,0,1,1
13290219,Q16790,0,1,1
13290219,Q8N1Q1,0,1,1
13290219,Q9ULX7,0,1,1
13290219,Q9Y2D0,0,1,0
13290219,V9HW21,0,1,0
13290219,V9HWA3,0,1,0
13290219,V9HWE3,0,1,0
133264,P15121,0,1,1
1349907,A0A024R6K8,0,1,0
1349907,A0A024R8Z4,0,1,0
1349907,A8K415,0,1,0
1349907,B2RCG5,0,1,0
1349907,P05164,0,1,1
1349907,P07202,0,1,0
1349907,P23381,0,1,1
1349907,P31513,0,1,0
1349907,P49895,0,1,0
1349907,P55073,0,1,0
1349907,Q01740,0,1,0
1349907,Q502Y3,0,1,0
1349907,Q53FW5,0,1,0
1349907,Q6P534,0,1,0
1349907,Q86TU3,0,1,0
1349907,Q92813,0,1,0
135398513,A0A024R2M6,0,1,0
135398513,P09110,0,1,1
135398641,P00491,0,1,1
135398641,V9HWH6,0,1,0
135398658,Q05932,0,1,0
135398658,Q92820,0,1,1
135398735,O75469,0,1,1
135398737,A0A2D3FAF9,0,1,0
135398737,A4D1Q0,0,1,0
135398737,A4D2N2,0,1,0
135398737,A5X5Y0,0,1,0
135398737,A8K215,0,1,0
135398737,A8K5W4,0,1,0
135398737,B4E398,0,1,0
135398737,C1ID52,0,1,0
135398737,O95264,0,1,0
135398737,P05177,0,1,1
135398737,P08172,0,1,1
135398737,P08684,0,1,1
135398737,P08908,0,1,1
135398737,P08913,0,1,1
135398737,P10635,0,1,1
135398737,P11229,0,1,1
135398737,P14416,0,1,1
135398737,P18089,0,1,1
135398737,P21728,0,1,1
135398737,P21917,0,1,1
135398737,P21918,0,1,0
135398737,P25100,0,1,0
135398737,P28221,0,1,1
135398737,P28222,0,1,1
135398737,P28223,0,1,1
135398737,P28335,0,1,1
135398737,P28566,0,1,1
135398737,P30939,0,1,1
135398737,P33261,0,1,1
135398737,P34969,0,1,1
135398737,P35348,0,1,0
135398737,P35367,0,1,1
135398737,P35368,0,1,0
135398737,P41595,0,1,1
135398737,P46098,0,1,0
135398737,P47898,0,1,1
135398737,P50406,0,1,1
135398737,Q13049,0,1,1
135398737,Q13639,0,1,1
135398737,Q53XZ3,0,1,0
135398737,Q5Y7H2,0,1,0
135398737,Q5ZGX3,0,1,0
135398737,Q6GRK0,0,1,0
135398737,Q6SL56,0,1,0
135398737,Q86SJ1,0,1,0
135398737,Q9H3N8,0,1,0
135398737,X5D7I5,0,1,0
135398740,A0A024R2M6,0,1,0
135398740,P09110,0,1,1
135398741,A0A024R2M6,0,1,0
135398741,P09110,0,1,1
135398745,A4D1Q0,0,1,0
135398745,A8K8E4,0,1,0
135398745,A8KAG8,0,1,0
135398745,C1ID52,0,1,0
135398745,P05177,0,1,1
135398745,P07550,0,1,1
135398745,P08172,0,1,1
135398745,P08173,0,1,1
135398745,P08588,0,1,1
135398745,P08912,0,1,1
135398745,P08913,0,1,1
135398745,P10635,0,1,1
135398745,P11229,0,1,1
135398745,P13945,0,1,0
135398745,P14416,0,1,1
135398745,P18089,0,1,1
135398745,P20309,0,1,1
135398745,P21728,0,1,1
135398745,P21917,0,1,1
135398745,P21918,0,1,0
135398745,P25100,0,1,0
135398745,P28223,0,1,1
135398745,P28335,0,1,1
135398745,P35348,0,1,0
135398745,P35367,0,1,1
135398745,P35368,0,1,0
135398745,P35462,0,1,1
135398745,P50406,0,1,1
135398745,Q53XZ3,0,1,0
135398745,Q5Y7H2,0,1,0
135398745,Q6SL56,0,1,0
135398745,Q86SJ1,0,1,0
135398745,X5D2G4,0,1,0
135398745,X5DQM5,0,1,0
135398748,A0A024R2M6,0,1,0
135398748,P09110,0,1,1
135400182,P04818,0,1,1
135400182,Q53Y97,0,1,0
135401907,P47989,0,1,1
135409453,A0A2D3FAF9,0,1,0
135409453,Q13639,0,1,1
135413520,P04818,0,1,1
135413520,Q53Y97,0,1,0
135413523,A0A0S2Z4T6,0,1,0
135413523,A0A140VJR0,0,1,0
135413523,A7E2E5,0,1,0
135413523,B3KN77,0,1,0
135413523,F6R4I1,0,1,0
135413523,O00408,0,1,0
135413523,O43849,0,1,0
135413523,O43924,0,1,1
135413523,O60658,0,1,1
135413523,O76074,0,1,1
135413523,O76083,0,1,1
135413523,O95263,0,1,0
135413523,P18545,0,1,1
135413523,P27815,0,1,1
135413523,P54750,0,1,0
135413523,Q07343,0,1,1
135413523,Q08493,0,1,1
135413523,Q08499,0,1,1
135413523,Q13370,0,1,1
135413523,Q13946,0,1,1
135413523,Q13956,0,1,0
135413523,Q14123,0,1,0
135413523,Q32MM7,0,1,0
135413523,Q6IB24,0,1,0
135413523,Q8IW54,0,1,0
135413523,Q9HCR9,0,1,0
135413523,Q9NP56,0,1,0
135413523,Q9Y233,0,1,1
135413523,X5DNX5,0,1,0
135413545,A0A087WX63,0,1,0
135413545,A0A140VJJ0,0,1,0
135413545,A0A384MU00,0,1,0
135413545,B6D4Y2,0,1,0
135413545,B7ZKJ3,0,1,0
135413545,F2YGG7,0,1,0
135413545,F6QWY5,0,1,0
135413545,F6RDZ0,0,1,0
135413545,F6TUL7,0,1,0
135413545,O15146,0,1,0
135413545,P00533,0,1,0
135413545,P04626,0,1,0
135413545,P04629,0,1,0
135413545,P06213,0,1,0
135413545,P07333,0,1,0
135413545,P07949,0,1,0
135413545,P08069,0,1,0
135413545,P08581,0,1,0
135413545,P08922,0,1,0
135413545,P09619,0,1,0
135413545,P10721,0,1,0
135413545,P11362,0,1,0
135413545,P14616,0,1,0
135413545,P16234,0,1,0
135413545,P17948,0,1,0
135413545,P21709,0,1,0
135413545,P21802,0,1,0
135413545,P21860,0,1,0
135413545,P22455,0,1,0
135413545,P22607,0,1,0
135413545,P29317,0,1,0
135413545,P29320,0,1,0
135413545,P29322,0,1,0
135413545,P29323,0,1,0
135413545,P29376,0,1,0
135413545,P30530,0,1,0
135413545,P34925,0,1,0
135413545,P35590,0,1,0
135413545,P35916,0,1,0
135413545,P35968,0,1,0
135413545,P36888,0,1,0
135413545,P54753,0,1,0
135413545,P54756,0,1,0
135413545,P54760,0,1,0
135413545,P54762,0,1,0
135413545,P54764,0,1,0
135413545,Q01973,0,1,0
135413545,Q01974,0,1,0
135413545,Q02763,0,1,0
135413545,Q04912,0,1,0
135413545,Q06418,0,1,0
135413545,Q08345,0,1,0
135413545,Q0IJ44,0,1,0
135413545,Q12866,0,1,0
135413545,Q13308,0,1,0
135413545,Q15303,0,1,0
135413545,Q15375,0,1,0
135413545,Q16288,0,1,0
135413545,Q16620,0,1,0
135413545,Q16832,0,1,0
135413545,Q4LE53,0,1,0
135413545,Q504U8,0,1,0
135413545,Q548C2,0,1,0
135413545,Q59F04,0,1,0
135413545,Q59FQ5,0,1,0
135413545,Q59FT4,0,1,0
135413545,Q59HG2,0,1,0
135413545,Q5VWE5,0,1,0
135413545,Q6NVW1,0,1,0
135413545,Q6P4R6,0,1,0
135413545,Q8WTZ8,0,1,0
135413545,Q96L35,0,1,0
135413545,Q9UF33,0,1,0
135413545,Q9UM73,0,1,0
135413545,X5D2R1,0,1,0
135413545,X5DNK3,0,1,0
135414253,A0A0S2Z4T6,0,1,0
135414253,A0A140VJR0,0,1,0
135414253,A7E2E5,0,1,0
135414253,B3KN77,0,1,0
135414253,F6R4I1,0,1,0
135414253,O00408,0,1,0
135414253,O43849,0,1,0
135414253,O43924,0,1,0
135414253,O60658,0,1,0
135414253,O76074,0,1,0
135414253,O76083,0,1,0
135414253,O95263,0,1,0
135414253,P18545,0,1,0
135414253,P27815,0,1,0
135414253,P54750,0,1,0
135414253,Q07343,0,1,0
135414253,Q08493,0,1,0
135414253,Q08499,0,1,0
135414253,Q13370,0,1,0
135414253,Q13946,0,1,0
135414253,Q13956,0,1,0
135414253,Q14123,0,1,0
135414253,Q32MM7,0,1,0
135414253,Q6IB24,0,1,0
135414253,Q8IW54,0,1,0
135414253,Q9HCR9,0,1,0
135414253,Q9NP56,0,1,0
135414253,Q9Y233,0,1,0
135414253,X5DNX5,0,1,0
135462830,P22303,0,1,1
137319706,P43220,1,0,0
13769,P11511,0,1,1
13769,Q8IYG4,0,1,0
13769,Q8TCA4,0,1,0
145742,A0A0S2Z5U6,0,1,0
145742,B2R8J1,0,1,0
145742,O43272,0,1,0
145742,P07814,0,1,1
145742,P32322,0,1,1
145742,Q96C36,0,1,1
145742,Q99884,0,1,0
145742,Q9UN76,0,1,0
14677,P35367,0,1,1
150311,O75908,0,1,1
150311,P35610,0,1,1
150311,Q14973,1,0,0
150311,Q9UHC9,1,0,0
151114,A0N0X8,0,1,0
151114,C1ID52,0,1,0
151114,P04798,0,1,1
151114,P05177,0,1,1
151114,P05181,0,1,1
151114,P08684,0,1,1
151114,P10632,0,1,1
151114,P10635,0,1,1
151114,P11509,0,1,0
151114,P11511,0,1,1
151114,P11712,0,1,1
151114,P13584,0,1,0
151114,P20813,0,1,1
151114,P20815,0,1,1
151114,P20853,0,1,0
151114,P24462,0,1,1
151114,P24903,0,1,0
151114,P33260,0,1,1
151114,P33261,0,1,1
151114,P51589,0,1,0
151114,Q16678,0,1,1
151114,Q16696,0,1,1
151114,Q53TK1,0,1,0
151114,Q5Y7H2,0,1,0
151114,Q6GRK0,0,1,0
151114,Q7Z348,0,1,0
151114,Q86W10,0,1,0
151114,Q8IYG4,0,1,0
151114,Q8N118,0,1,0
151114,Q8TCA4,0,1,0
151114,Q96SQ9,0,1,0
151114,Q9HB55,0,1,0
151166,P23219,0,1,1
151166,P35354,0,1,1
151170,P20309,0,1,1
15130,G8XRH5,0,1,0
15130,P35372,0,1,1
15209,P47712,0,1,1
153751,E5KMK7,0,1,0
153751,O95985,0,1,0
153751,P11387,0,1,0
153751,P11388,0,1,0
153751,Q02880,0,1,0
153751,Q13472,0,1,0
153751,Q969P6,0,1,0
153751,Q9BVT2,0,1,0
1547484,G4XH65,0,1,0
1547484,P03372,0,1,1
1547484,P06401,0,1,1
1548887,A0A024R8Z4,0,1,0
1548887,O14920,0,1,1
1548887,P23219,0,1,1
1548887,P31513,0,1,0
1548887,P35354,0,1,1
1548887,Q53FW5,0,1,0
1549008,Q14534,0,1,1
1549008,Q5HYI4,0,1,0
1549120,B4DKH4,0,1,0
1549120,P12821,0,1,1
156391,A0A140VK27,0,1,0
156391,O15296,0,1,1
156391,O75342,0,1,0
156391,O95342,1,0,0
156391,P00374,1,0,0
156391,P09917,0,1,1
156391,P09960,0,1,1
156391,P16050,0,1,0
156391,P17516,1,0,0
156391,P18054,0,1,1
156391,P23219,1,1,1
156391,P29466,1,0,0
156391,P35354,1,1,1
156391,P42330,1,0,0
156391,P42574,1,0,0
156391,P49662,1,0,0
156391,P52895,1,0,0
156391,P55211,1,0,0
156391,Q04828,1,0,0
156413,P08913,0,1,0
156413,P18089,0,1,0
156413,P18825,0,1,0
156413,Q4W594,0,1,0
156413,Q9H2S1,0,1,0
156413,Q9UGI6,0,1,0
156422,O75908,0,1,1
156422,P35610,0,1,1
15664,P32246,1,0,0
15664,P51681,1,0,0
156665,A4D1D0,0,1,0
156665,O00222,0,1,1
156665,O15303,0,1,0
156665,Q14416,0,1,1
156665,Q14832,0,1,1
157313,A0A0S2Z4T6,0,1,0
157313,A0A140VJR0,0,1,0
157313,A7E2E5,0,1,0
157313,B3KN77,0,1,0
157313,B3KVQ4,0,1,0
157313,F6R4I1,0,1,0
157313,O00408,0,1,1
157313,O15554,0,1,1
157313,O43849,0,1,0
157313,O43924,0,1,1
157313,O60658,0,1,1
157313,O76074,0,1,1
157313,O76083,0,1,1
157313,O95263,0,1,0
157313,P13569,0,1,1
157313,P18545,0,1,1
157313,P21817,0,1,1
157313,P27815,0,1,1
157313,P29274,0,1,1
157313,P30542,0,1,1
157313,P54750,0,1,0
157313,Q07343,0,1,1
157313,Q08493,0,1,1
157313,Q08499,0,1,1
157313,Q13370,0,1,1
157313,Q13946,0,1,1
157313,Q13956,0,1,0
157313,Q14123,0,1,0
157313,Q15413,0,1,1
157313,Q32MM7,0,1,0
157313,Q6IB24,0,1,0
157313,Q8IW54,0,1,0
157313,Q92736,0,1,1
157313,Q9HCR9,0,1,0
157313,Q9NP56,0,1,0
157313,Q9Y233,0,1,1
157313,X5DNB4,0,1,0
157313,X5DNX5,0,1,0
157838,P15121,0,1,1
157920,P51788,0,1,0
15851,A0A8D9PH81,0,1,0
15851,A0A8D9PHB2,0,1,0
15851,A8K177,0,1,0
15851,O15398,0,1,0
15851,O15399,0,1,0
15851,O60391,0,1,0
15851,P14867,0,1,1
15851,P31644,0,1,1
15851,P34903,0,1,0
15851,P47869,0,1,0
15851,P48169,0,1,1
15851,Q05586,0,1,1
15851,Q12879,0,1,1
15851,Q13224,0,1,1
15851,Q14957,0,1,0
15851,Q16445,0,1,0
15851,Q547U9,0,1,0
15851,Q59G17,0,1,0
15851,Q5F0I5,0,1,0
15851,Q8TCU5,0,1,0
15851,X5D7F5,0,1,0
158550,P11388,0,1,0
158550,P21817,0,1,1
158550,Q02880,0,1,0
158550,Q15413,0,1,1
158550,Q92736,0,1,1
158781,P30556,0,1,1
158781,Q53YY0,0,1,0
15895902,P23219,0,1,0
15895902,P35354,0,1,1
159271,P23219,0,1,1
159271,P35354,0,1,1
159324,P23219,0,1,1
159324,P35354,0,1,1
160024,P15121,0,1,1
16078,P21554,0,1,1
16129675,B4DKH4,0,1,0
16129675,P12821,0,1,0
1613,P15121,0,1,1
16362,A6H8K3,0,1,0
16362,A8K8E4,0,1,0
16362,B3KQH9,0,1,0
16362,O00305,0,1,1
16362,O00555,0,1,1
16362,O43497,0,1,0
16362,O60840,0,1,0
16362,O75762,0,1,1
16362,O95180,0,1,0
16362,P00734,0,1,1
16362,P14416,0,1,1
16362,P21728,0,1,1
16362,P21817,0,1,1
16362,P21918,0,1,0
16362,P35462,0,1,1
16362,P41143,0,1,1
16362,P54284,0,1,1
16362,P54289,0,1,1
16362,P62955,0,1,0
16362,P98161,0,1,1
16362,Q00975,0,1,0
16362,Q01668,0,1,0
16362,Q02641,0,1,1
16362,Q06432,0,1,0
16362,Q08289,0,1,0
16362,Q13698,0,1,1
16362,Q13936,0,1,0
16362,Q14573,0,1,0
16362,Q14643,0,1,0
16362,Q15413,0,1,1
16362,Q15878,0,1,0
16362,Q59ES2,0,1,0
16362,Q59FG1,0,1,0
16362,Q59GD8,0,1,0
16362,Q7Z3S7,0,1,0
16362,Q8IZS8,0,1,0
16362,Q92736,0,1,1
16362,Q9H1D0,0,1,1
16362,Q9NY47,0,1,0
16362,Q9P0X4,0,1,0
16362,Q9UBN1,0,1,0
16362,Q9Y698,0,1,0
16362,X5D2G4,0,1,0
163727,P21397,0,1,1
163727,P27338,0,1,1
163727,Q49A63,0,1,0
163727,Q53YE7,0,1,0
163751,A0A024RD04,0,1,0
163751,L7RXH5,0,1,0
163751,O15264,0,1,0
163751,P27361,0,1,0
163751,P28482,0,1,0
163751,P31152,0,1,0
163751,P45983,0,1,0
163751,P45984,0,1,0
163751,P53778,0,1,0
163751,P53779,0,1,0
163751,Q13164,0,1,0
163751,Q15759,0,1,0
163751,Q16539,0,1,0
163751,Q16659,0,1,0
163751,Q499G7,0,1,0
163751,Q8TD08,0,1,0
166558,O75908,1,1,1
166558,P35610,1,1,1
166589,A8K8E4,0,1,0
166589,P35462,0,1,0
166589,X5D2G4,0,1,0
167446,O15554,0,1,0
16759173,P04035,0,1,1
1676,P29275,0,1,0
16760658,P23219,0,1,1
16760658,P35354,0,1,1
169569,O14746,0,1,0
170321,P21397,0,1,1
170321,P27338,0,1,1
170321,Q49A63,0,1,0
170321,Q53YE7,0,1,0
171548,A0A0S2Z693,0,1,0
171548,A0A140VK29,0,1,0
171548,O00763,0,1,0
171548,P05165,0,1,1
171548,P05166,0,1,0
171548,P11498,0,1,1
171548,P43251,0,1,0
171548,P50747,0,1,0
171548,Q13085,0,1,0
171548,Q96RQ3,0,1,1
171548,Q9HCC0,0,1,0
174174,A4D1Q0,0,1,0
174174,P08172,0,1,1
174174,P08173,0,1,1
174174,P08912,0,1,1
174174,P11229,0,1,1
174174,P20309,0,1,1
174174,Q53XZ3,0,1,0
174174,Q6SL56,0,1,0
174174,Q86SJ1,0,1,0
176871,A0A087WX63,0,1,0
176871,A0A140VJJ0,0,1,0
176871,A0A384MU00,0,1,0
176871,B6D4Y2,0,1,0
176871,B7ZKJ3,0,1,0
176871,F2YGG7,0,1,0
176871,F6QWY5,0,1,0
176871,F6RDZ0,0,1,0
176871,F6TUL7,0,1,0
176871,O15146,0,1,0
176871,P00533,0,1,1
176871,P04626,0,1,1
176871,P04629,0,1,1
176871,P06213,0,1,0
176871,P07333,0,1,1
176871,P07949,0,1,1
176871,P08069,0,1,1
176871,P08581,0,1,1
176871,P08922,0,1,1
176871,P09619,0,1,1
176871,P10721,0,1,1
176871,P11362,0,1,1
176871,P14616,0,1,0
176871,P16234,0,1,1
176871,P17948,0,1,0
176871,P21709,0,1,0
176871,P21802,0,1,1
176871,P21860,0,1,1
176871,P22455,0,1,1
176871,P22607,0,1,1
176871,P29317,0,1,1
176871,P29320,0,1,1
176871,P29322,0,1,1
176871,P29323,0,1,1
176871,P29376,0,1,1
176871,P30530,0,1,1
176871,P34925,0,1,1
176871,P35590,0,1,1
176871,P35916,0,1,1
176871,P35968,0,1,1
176871,P36888,0,1,1
176871,P54753,0,1,1
176871,P54756,0,1,1
176871,P54760,0,1,1
176871,P54762,0,1,1
176871,P54764,0,1,1
176871,Q01973,0,1,1
176871,Q01974,0,1,1
176871,Q02763,0,1,1
176871,Q04912,0,1,1
176871,Q06418,0,1,1
176871,Q08345,0,1,1
176871,Q0IJ44,0,1,0
176871,Q12866,0,1,1
176871,Q13308,0,1,1
176871,Q15303,0,1,1
176871,Q15375,0,1,1
176871,Q16288,0,1,1
176871,Q16620,0,1,1
176871,Q16832,0,1,1
176871,Q4LE53,0,1,0
176871,Q504U8,0,1,0
176871,Q548C2,0,1,0
176871,Q59F04,0,1,0
176871,Q59FQ5,0,1,0
176871,Q59FT4,0,1,0
176871,Q59HG2,0,1,0
176871,Q5VWE5,0,1,0
176871,Q6NVW1,0,1,0
176871,Q6P4R6,0,1,0
176871,Q8WTZ8,0,1,0
176871,Q96L35,0,1,0
176871,Q9UF33,0,1,0
176871,Q9UM73,0,1,1
176871,X5D2R1,0,1,0
176871,X5DNK3,0,1,0
1775,A0A8I5KPF5,0,1,0
1775,A5X2V1,0,1,0
1775,A6H8K3,0,1,0
1775,B0YJ93,0,1,0
1775,B2R812,0,1,0
1775,B3KQH9,0,1,0
1775,O00305,0,1,1
1775,O00555,0,1,1
1775,O43497,0,1,1
1775,O60840,0,1,0
1775,O75762,0,1,1
1775,O95180,0,1,0
1775,P11712,0,1,1
1775,P21817,0,1,1
1775,P33261,0,1,1
1775,P35499,0,1,1
1775,P37088,0,1,1
1775,P51168,0,1,1
1775,P51170,0,1,1
1775,P51172,0,1,0
1775,P54284,0,1,1
1775,P54289,0,1,1
1775,P62955,0,1,0
1775,P98161,0,1,1
1775,Q00975,0,1,1
1775,Q01118,0,1,1
1775,Q01668,0,1,1
1775,Q02641,0,1,1
1775,Q06432,0,1,0
1775,Q07699,0,1,1
1775,Q08289,0,1,0
1775,Q13698,0,1,1
1775,Q13936,0,1,0
1775,Q14524,0,1,1
1775,Q14573,0,1,0
1775,Q14643,0,1,0
1775,Q15413,0,1,1
1775,Q15878,0,1,1
1775,Q59ES2,0,1,0
1775,Q59FG1,0,1,0
1775,Q59GD8,0,1,0
1775,Q7Z3S7,0,1,0
1775,Q8IWT1,0,1,1
1775,Q8IZS8,0,1,0
1775,Q92736,0,1,1
1775,Q9C007,0,1,0
1775,Q9H1D0,0,1,1
1775,Q9NY37,0,1,0
1775,Q9NY46,0,1,1
1775,Q9NY47,0,1,0
1775,Q9NY72,0,1,1
1775,Q9P0X4,0,1,1
1775,Q9UBN1,0,1,0
1775,Q9UHC3,0,1,0
1775,Q9Y5Y9,0,1,1
1775,Q9Y698,0,1,0
1794427,O60218,1,0,0
1794427,P05067,1,0,0
1794427,P15121,1,0,0
1794427,P17706,1,0,0
1794427,P18031,1,0,0
1794427,Q13547,1,0,0
185462,A0A024R0L6,0,1,0
185462,A0A0K0K1K7,0,1,0
185462,A0A140VJJ2,0,1,0
185462,A0AAG2UV77,0,1,0
185462,A6H8L5,0,1,0
185462,A8K8W7,0,1,0
185462,B2RBL3,0,1,0
185462,B4DSX9,0,1,0
185462,E5KRG5,0,1,0
185462,F6VCN3,0,1,0
185462,O15496,0,1,1
185462,O60733,0,1,0
185462,O75612,0,1,0
185462,O95336,0,1,0
185462,O95479,0,1,0
185462,P04054,0,1,1
185462,P04818,0,1,1
185462,P06276,0,1,1
185462,P06858,0,1,1
185462,P07098,0,1,1
185462,P10768,0,1,1
185462,P11150,0,1,0
185462,P14555,0,1,1
185462,P16233,0,1,1
185462,P19835,0,1,1
185462,P19971,0,1,1
185462,P22303,0,1,1
185462,P22760,0,1,0
185462,P28039,0,1,1
185462,P39877,0,1,0
185462,P47712,0,1,1
185462,P54315,0,1,1
185462,P54317,0,1,1
185462,P68402,0,1,1
185462,Q05315,0,1,1
185462,Q05469,0,1,0
185462,Q15102,0,1,0
185462,Q49AI2,0,1,0
185462,Q53H76,0,1,0
185462,Q53Y97,0,1,0
185462,Q542Y6,0,1,0
185462,Q86SR3,0,1,0
185462,Q86WA6,0,1,1
185462,Q99487,0,1,0
185462,Q99685,0,1,1
185462,Q9BZM1,0,1,0
185462,Q9BZM2,0,1,0
185462,Q9NST1,0,1,0
185462,Q9NZ20,0,1,0
185462,Q9NZK7,0,1,1
185462,Q9UNK4,0,1,0
185462,Q9Y5X9,0,1,0
185462,V9HW44,0,1,0
189729,O43451,0,1,1
189729,P10253,0,1,1
189729,Q8TET4,0,1,0
190816,P15121,0,1,1
19610426,A8K215,0,1,0
19610426,P28221,0,1,0
19610426,P28222,0,1,0
19610426,X5D7I5,0,1,0
19648,O00222,0,1,0
19648,P04746,0,1,0
19648,P16233,0,1,0
19648,P17538,0,1,0
19648,Q53F26,0,1,0
19648,Q99895,0,1,0
1967,P09917,0,1,1
1978,A8KAG8,0,1,0
1978,P07550,0,1,1
1978,P08588,0,1,1
1978,P13945,0,1,0
1978,X5DQM5,0,1,0
1981,P23219,0,1,1
1981,P35354,0,1,1
1983,A0A384MTR2,0,1,0
1983,A0A384NPQ2,0,1,0
1983,A0N0X8,0,1,0
1983,A8K415,0,1,0
1983,C1ID52,0,1,0
1983,P04798,0,1,1
1983,P05164,0,1,1
1983,P05177,0,1,1
1983,P05181,0,1,1
1983,P10635,0,1,1
1983,P11678,0,1,0
1983,P22079,0,1,0
1983,P23219,0,1,1
1983,P30044,0,1,1
1983,P30048,0,1,1
1983,P35354,0,1,1
1983,P49895,0,1,0
1983,P50226,0,1,1
1983,P55073,0,1,0
1983,Q06830,0,1,1
1983,Q13162,0,1,1
1983,Q5Y7H2,0,1,0
1983,Q86TU3,0,1,0
1983,Q92813,0,1,0
1983,V9HW63,0,1,0
1986,A0A0S2Z3D0,0,1,0
1986,A8K3J4,0,1,0
1986,B4DUH8,0,1,0
1986,O43570,0,1,1
1986,P00915,0,1,1
1986,P00918,0,1,1
1986,P07451,0,1,1
1986,P22748,0,1,1
1986,P23280,0,1,1
1986,P35218,0,1,0
1986,P35219,0,1,1
1986,P43166,0,1,1
1986,Q16790,0,1,1
1986,Q8N1Q1,0,1,1
1986,Q9ULX7,0,1,1
1986,Q9Y2D0,0,1,0
1986,V9HW21,0,1,0
1986,V9HWA3,0,1,0
1986,V9HWE3,0,1,0
1989,A0A384NY14,0,1,0
1989,A8K432,0,1,0
1989,P48048,0,1,0
1989,Q7Z4W1,0,1,1
20179,P08913,0,1,1
20179,P18089,0,1,1
20179,P18825,0,1,1
20179,P25100,0,1,0
20179,Q4W594,0,1,0
20279,P47712,0,1,1
204101,P00742,0,1,1
204101,Q5JVE7,0,1,0
2083,P07550,0,1,1
2083,X5DQM5,0,1,0
208850,P07550,0,1,1
208850,P08588,0,1,1
208850,X5DQM5,0,1,0
208910,P23219,0,1,1
208910,P35354,0,1,1
2097,P23219,0,1,1
2097,P35354,0,1,1
21121303,A0A384MR29,0,1,0
21121303,P20648,0,1,0
21121303,Q658V6,0,1,0
21155870,P25021,0,1,0
2116,P49768,1,0,0
2118,A0A0S2Z3R3,0,1,0
2118,A0N0X8,0,1,0
2118,A8K177,0,1,0
2118,A8K496,0,1,0
2118,C1ID52,0,1,0
2118,O14764,0,1,1
2118,O15528,0,1,0
2118,O75881,0,1,0
2118,O95992,0,1,0
2118,P04798,0,1,1
2118,P05093,0,1,1
2118,P05108,0,1,1
2118,P05177,0,1,1
2118,P05181,0,1,1
2118,P08684,0,1,1
2118,P08686,0,1,1
2118,P10632,0,1,1
2118,P10635,0,1,1
2118,P11509,0,1,1
2118,P11511,0,1,1
2118,P11712,0,1,1
2118,P13584,0,1,0
2118,P14867,0,1,1
2118,P15538,0,1,1
2118,P18505,0,1,0
2118,P18507,0,1,1
2118,P19099,0,1,1
2118,P20813,0,1,1
2118,P20815,0,1,1
2118,P20853,0,1,0
2118,P22680,0,1,1
2118,P24046,0,1,0
2118,P24462,0,1,1
2118,P24903,0,1,0
2118,P25024,0,1,1
2118,P28472,0,1,1
2118,P31644,0,1,1
2118,P33260,0,1,1
2118,P33261,0,1,1
2118,P34903,0,1,0
2118,P47869,0,1,0
2118,P47870,0,1,1
2118,P48169,0,1,1
2118,P51589,0,1,0
2118,P78329,0,1,0
2118,P78334,0,1,0
2118,Q02318,0,1,0
2118,Q02928,0,1,0
2118,Q05C57,0,1,0
2118,Q08477,0,1,0
2118,Q08AG9,0,1,0
2118,Q16445,0,1,0
2118,Q16647,0,1,1
2118,Q16678,0,1,1
2118,Q16696,0,1,1
2118,Q16850,0,1,1
2118,Q1HB44,0,1,0
2118,Q53TK1,0,1,0
2118,Q5TCH4,0,1,0
2118,Q5Y7H2,0,1,0
2118,Q6GRK0,0,1,0
2118,Q7Z348,0,1,0
2118,Q86W10,0,1,0
2118,Q8IYG4,0,1,0
2118,Q8N118,0,1,0
2118,Q8TCA4,0,1,0
2118,Q8TDD0,0,1,0
2118,Q96SQ9,0,1,0
2118,Q99928,0,1,0
2118,Q9HB55,0,1,0
2118,Q9NYL5,0,1,0
2118,Q9UN88,0,1,0
2118,Q9UNU6,0,1,1
2118,Q9Y2Z9,0,1,0
2118,Q9Y6A2,0,1,1
2118,X5D7F5,0,1,0
2118,X5DNL6,0,1,0
2145,A0A0S2Z3R3,0,1,0
2145,A0N0X8,0,1,0
2145,C1ID52,0,1,0
2145,O15528,0,1,0
2145,O75881,0,1,0
2145,O95992,0,1,0
2145,P04798,0,1,1
2145,P05093,0,1,1
2145,P05108,0,1,1
2145,P05177,0,1,1
2145,P05181,0,1,1
2145,P08684,0,1,1
2145,P10632,0,1,1
2145,P10635,0,1,1
2145,P11509,0,1,1
2145,P11511,0,1,1
2145,P11712,0,1,1
2145,P13584,0,1,0
2145,P15538,0,1,1
2145,P17787,0,1,1
2145,P19099,0,1,1
2145,P20813,0,1,1
2145,P20815,0,1,1
2145,P20853,0,1,0
2145,P22680,0,1,1
2145,P24462,0,1,1
2145,P24903,0,1,0
2145,P25024,0,1,1
2145,P33260,0,1,1
2145,P33261,0,1,1
2145,P51589,0,1,0
2145,P78329,0,1,0
2145,Q02318,0,1,0
2145,Q02928,0,1,0
2145,Q05C57,0,1,0
2145,Q08477,0,1,0
2145,Q16647,0,1,1
2145,Q16678,0,1,1
2145,Q16696,0,1,1
2145,Q16850,0,1,1
2145,Q1HB44,0,1,0
2145,Q53TK1,0,1,0
2145,Q5SXY3,0,1,0
2145,Q5TCH4,0,1,0
2145,Q5Y7H2,0,1,0
2145,Q6GRK0,0,1,0
2145,Q7Z348,0,1,0
2145,Q86W10,0,1,0
2145,Q8IYG4,0,1,0
2145,Q8N118,0,1,0
2145,Q8TCA4,0,1,0
2145,Q8TDD0,0,1,0
2145,Q96SQ9,0,1,0
2145,Q9HB55,0,1,0
2145,Q9NYL5,0,1,0
2145,Q9UNU6,0,1,1
2145,Q9Y2Z9,0,1,0
2145,Q9Y6A2,0,1,1
21467,P35498,0,1,0
21467,P35499,0,1,1
21467,Q14524,0,1,1
21467,Q15858,0,1,0
21467,Q6B4S4,0,1,0
21467,Q99250,0,1,0
21467,Q9C007,0,1,0
21467,Q9NY46,0,1,1
21467,Q9UQD0,0,1,0
2153,A0A0S2Z4T6,0,1,0
2153,A0A140VJR0,0,1,0
2153,A7E2E5,0,1,0
2153,B3KN77,0,1,0
2153,F6R4I1,0,1,0
2153,O00408,0,1,1
2153,O43849,0,1,0
2153,O43924,0,1,1
2153,O60658,0,1,1
2153,O76074,0,1,1
2153,O76083,0,1,1
2153,O95263,0,1,0
2153,P18545,0,1,1
2153,P27815,0,1,1
2153,P29275,0,1,0
2153,P54750,0,1,0
2153,Q07343,0,1,1
2153,Q08493,0,1,1
2153,Q08499,0,1,1
2153,Q13370,0,1,1
2153,Q13946,0,1,1
2153,Q13956,0,1,0
2153,Q14123,0,1,0
2153,Q32MM7,0,1,0
2153,Q6IB24,0,1,0
2153,Q8IW54,0,1,0
2153,Q9HCR9,0,1,0
2153,Q9NP56,0,1,0
2153,Q9Y233,0,1,1
2153,X5DNX5,0,1,0
2157,P08588,0,1,1
2157,P35348,0,1,0
2161,Q09428,0,1,0
2161,Q38Q88,0,1,0
2161,Q38Q91,0,1,0
2161,Q9UBQ6,0,1,0
2161,Q9Y271,0,1,1
216322,P22303,0,1,1
216457,P11388,0,1,1
216457,Q02880,0,1,1
2170,B2R7Y7,0,1,0
2170,P23975,0,1,0
2170,P31645,0,1,1
2176,A8KAG8,0,1,0
2176,P07550,0,1,1
2176,P08588,0,1,1
2176,P13945,0,1,0
2176,X5DQM5,0,1,0
2179,P11388,0,1,1
2179,Q02880,0,1,1
21850,B3KVQ4,0,1,0
21850,P29274,0,1,1
21850,P30542,0,1,1
21850,X5DNB4,0,1,0
2187,A0N0X8,0,1,0
2187,C1ID52,0,1,0
2187,P04798,0,1,1
2187,P05177,0,1,1
2187,P05181,0,1,1
2187,P08684,0,1,1
2187,P10632,0,1,1
2187,P10635,0,1,1
2187,P11509,0,1,1
2187,P11511,0,1,1
2187,P11712,0,1,1
2187,P13584,0,1,0
2187,P17787,0,1,1
2187,P20813,0,1,1
2187,P20815,0,1,1
2187,P20853,0,1,0
2187,P24462,0,1,1
2187,P24903,0,1,0
2187,P33260,0,1,1
2187,P33261,0,1,1
2187,P51589,0,1,0
2187,Q16678,0,1,1
2187,Q16696,0,1,1
2187,Q53TK1,0,1,0
2187,Q5SXY3,0,1,0
2187,Q5Y7H2,0,1,0
2187,Q6GRK0,0,1,0
2187,Q7Z348,0,1,0
2187,Q86W10,0,1,0
2187,Q8IYG4,0,1,0
2187,Q8N118,0,1,0
2187,Q8TCA4,0,1,0
2187,Q96SQ9,0,1,0
2187,Q9HB55,0,1,0
2244,O95342,1,0,0
2244,P00533,1,0,0
2244,P00915,1,0,0
2244,P00918,1,0,0
2244,P05164,1,0,0
2244,P08514,1,0,0
2244,P19440,1,0,0
2244,P23219,1,1,1
2244,P35354,1,1,1
2244,P60953,1,0,0
2247,C1ID52,0,1,0
2247,P08684,0,1,1
2247,P10635,0,1,1
2247,P35367,0,1,1
2247,Q12809,0,1,1
2247,Q15BH2,0,1,0
2247,Q5Y7H2,0,1,0
2247,Q6GRK0,0,1,0
2247,Q9H3N8,0,1,0
2247,Q9Y5N1,0,1,1
2249,P07550,0,1,1
2249,P08588,0,1,1
2249,X5DQM5,0,1,0
22502,A8K177,0,1,0
22502,P14867,0,1,1
22502,P31644,0,1,1
22502,P34903,0,1,0
22502,P47869,0,1,0
22502,P48169,0,1,1
22502,Q16445,0,1,0
22502,X5D7F5,0,1,0
2266,L8B082,0,1,0
2266,P14679,0,1,1
2266,P31213,0,1,1
2284,Q59HG8,0,1,0
2284,Q9UBS5,0,1,1
229455,P10275,0,1,1
229455,Q9NUA2,0,1,0
2315,P00915,0,1,1
2315,P00918,0,1,1
2315,P22748,0,1,1
2315,Q12791,0,1,1
2315,V9HW21,0,1,0
2315,V9HWE3,0,1,0
2329,A0A140VK27,0,1,0
2329,O15296,0,1,1
2329,O75342,0,1,0
2329,P09917,0,1,1
2329,P09960,0,1,1
2329,P16050,0,1,0
2329,P18054,0,1,1
2329,P35367,0,1,1
2329,Q13946,0,1,1
2329,Q9NP56,0,1,0
2336,P35869,1,0,0
2337,A0A8I5KPF5,0,1,0
2337,A5X2V1,0,1,0
2337,B0YJ93,0,1,0
2337,B2R812,0,1,0
2337,P35499,0,1,1
2337,P37088,0,1,1
2337,P51168,0,1,1
2337,P51170,0,1,1
2337,P51172,0,1,0
2337,Q01118,0,1,1
2337,Q07699,0,1,1
2337,Q8IWT1,0,1,1
2337,Q9C007,0,1,0
2337,Q9NY37,0,1,0
2337,Q9NY46,0,1,1
2337,Q9NY72,0,1,1
2337,Q9UHC3,0,1,0
2337,Q9Y5Y9,0,1,1
23422,A8K177,0,1,0
23422,B4DK78,0,1,0
23422,P02708,0,1,0
23422,P14867,0,1,0
23422,P30532,0,1,0
23422,P31644,0,1,0
23422,P32297,0,1,0
23422,P34903,0,1,0
23422,P36544,0,1,0
23422,P43681,0,1,0
23422,P47869,0,1,0
23422,P48169,0,1,0
23422,Q15822,0,1,0
23422,Q15825,0,1,0
23422,Q16445,0,1,0
23422,Q53SH4,0,1,0
23422,Q59FV0,0,1,0
23422,Q6EWN4,0,1,0
23422,Q92952,0,1,0
23422,Q9GZZ6,0,1,0
23422,Q9H2S1,0,1,0
23422,Q9UGM1,0,1,0
23422,X5D7F5,0,1,0
2343,P00915,0,1,1
2343,P00918,0,1,1
2343,P22748,0,1,1
2343,Q12791,0,1,1
2343,V9HW21,0,1,0
2343,V9HWE3,0,1,0
23663403,A0A140VJI3,0,1,0
23663403,P16444,0,1,0
23663959,P23219,0,1,1
23663959,P35354,0,1,1
23663985,P08246,0,1,0
23663992,P04035,0,1,1
23667301,G4XH65,0,1,0
23667301,P03372,0,1,1
23667642,P23219,0,1,0
23667642,P35354,0,1,0
23667962,B4DKH4,0,1,0
23667962,P12821,0,1,0
23669229,O15554,0,1,1
23669229,P13569,0,1,1
23669229,P21817,0,1,1
23669229,Q15413,0,1,1
23669229,Q92736,0,1,1
23674731,P23219,0,1,0
23674731,P35354,0,1,0
23674745,A0A0S2Z4T6,0,1,0
23674745,A0A140VJR0,0,1,0
23674745,A7E2E5,0,1,0
23674745,B3KN77,0,1,0
23674745,F6R4I1,0,1,0
23674745,O00408,0,1,0
23674745,O43849,0,1,0
23674745,O43924,0,1,0
23674745,O60658,0,1,0
23674745,O76074,0,1,0
23674745,O76083,0,1,0
23674745,O95263,0,1,0
23674745,P18545,0,1,0
23674745,P27815,0,1,0
23674745,P54750,0,1,0
23674745,Q07343,0,1,0
23674745,Q08493,0,1,0
23674745,Q08499,0,1,0
23674745,Q13370,0,1,0
23674745,Q13946,0,1,0
23674745,Q13956,0,1,0
23674745,Q14123,0,1,0
23674745,Q32MM7,0,1,0
23674745,Q6IB24,0,1,0
23674745,Q8IW54,0,1,0
23674745,Q9HCR9,0,1,0
23674745,Q9NP56,0,1,0
23674745,Q9Y233,0,1,0
23674745,X5DNX5,0,1,0
23675769,P23219,0,1,1
23675769,P35354,0,1,1
23677829,P23219,0,1,0
23677829,P35354,0,1,0
23678981,B0YJ76,0,1,0
23678981,P00374,0,1,1
23679527,P04035,0,1,1
23681059,P23219,0,1,1
23681059,P35354,0,1,1
23683779,P15121,0,1,1
23706210,A8K177,0,1,0
23706210,P14867,0,1,1
23706216,P23219,0,1,0
23706216,P35354,0,1,0
23724511,P11388,0,1,0
23724511,Q02880,0,1,0
23724775,G8XRH5,0,1,0
23724775,P35372,0,1,1
23724780,P35367,0,1,1
23724781,P11229,0,1,0
23724781,Q53XZ3,0,1,0
23724784,P21397,0,1,0
23724784,P27338,0,1,0
23724784,Q49A63,0,1,0
23724784,Q53YE7,0,1,0
23724856,A0A024RD04,0,1,0
23724856,L7RXH5,0,1,0
23724856,O15264,0,1,0
23724856,P27361,0,1,0
23724856,P28482,0,1,0
23724856,P31152,0,1,0
23724856,P45983,0,1,0
23724856,P45984,0,1,0
23724856,P53778,0,1,0
23724856,P53779,0,1,0
23724856,Q13164,0,1,0
23724856,Q15759,0,1,0
23724856,Q16539,0,1,0
23724856,Q16659,0,1,0
23724856,Q499G7,0,1,0
23724856,Q8TD08,0,1,0
23724898,P08913,0,1,1
23724898,P18089,0,1,1
23724898,P18825,0,1,1
23724898,Q4W594,0,1,0
23724898,Q9H2S1,0,1,1
23724898,Q9UGI6,0,1,0
23724987,A8K177,0,1,0
23724987,P14867,0,1,0
23724987,P31644,0,1,0
23724987,P34903,0,1,0
23724987,P47869,0,1,0
23724987,P48169,0,1,0
23724987,Q16445,0,1,0
23724987,X5D7F5,0,1,0
2375,P10275,0,1,1
2375,Q9NUA2,0,1,0
2381,A4D1Q0,0,1,0
2381,P08172,0,1,1
2381,P11229,0,1,1
2381,Q15822,0,1,1
2381,Q53XZ3,0,1,0
2381,Q6SL56,0,1,0
2381,Q86SJ1,0,1,0
2405,C1ID52,0,1,0
2405,P07550,0,1,1
2405,P08588,0,1,1
2405,P10635,0,1,1
2405,Q5Y7H2,0,1,0
2405,X5DQM5,0,1,0
24244,Q15822,0,1,1
243,A0A024RBI1,0,1,0
243,P14920,0,1,1
243,P30044,0,1,1
247839,P47712,0,1,1
2479,A8K177,0,1,0
2479,P14867,0,1,1
2482,O75469,0,1,1
24843,P54289,0,1,0
24843,Q06432,0,1,0
24843,Q13936,0,1,0
2519,A0A0S2Z3R3,0,1,0
2519,A0A0S2Z4T6,0,1,0
2519,A0A140VJR0,0,1,0
2519,A0A384MR47,0,1,0
2519,A0ACM8Q8Y1,0,1,0
2519,A0N0X8,0,1,0
2519,A5JUU3,0,1,0
2519,A7E2E5,0,1,0
2519,A8K0T6,0,1,0
2519,A8K7T1,0,1,0
2519,A8K8F9,0,1,0
2519,B3KN41,0,1,0
2519,B3KN77,0,1,0
2519,B3KVQ4,0,1,0
2519,B3KVQ5,0,1,0
2519,C1ID52,0,1,0
2519,F6R4I1,0,1,0
2519,O00408,0,1,1
2519,O14638,0,1,1
2519,O14939,0,1,1
2519,O15528,0,1,0
2519,O15547,0,1,0
2519,O43849,0,1,0
2519,O43924,0,1,1
2519,O60658,0,1,1
2519,O60906,0,1,0
2519,O75881,0,1,0
2519,O76074,0,1,1
2519,O76083,0,1,1
2519,O95263,0,1,0
2519,O95992,0,1,0
2519,P04798,0,1,1
2519,P05093,0,1,1
2519,P05108,0,1,1
2519,P05177,0,1,1
2519,P05181,0,1,1
2519,P08684,0,1,1
2519,P08686,0,1,1
2519,P09543,0,1,1
2519,P0DMS8,0,1,0
2519,P10632,0,1,1
2519,P10635,0,1,1
2519,P11509,0,1,1
2519,P11511,0,1,1
2519,P11712,0,1,1
2519,P12429,0,1,1
2519,P13584,0,1,0
2519,P15538,0,1,1
2519,P16499,0,1,0
2519,P16885,0,1,1
2519,P17405,0,1,1
2519,P18545,0,1,1
2519,P19099,0,1,1
2519,P19174,0,1,1
2519,P20813,0,1,1
2519,P20815,0,1,1
2519,P21817,0,1,1
2519,P22413,0,1,0
2519,P22680,0,1,1
2519,P24462,0,1,1
2519,P24903,0,1,0
2519,P25024,0,1,1
2519,P27815,0,1,1
2519,P29274,0,1,1
2519,P29275,0,1,0
2519,P30542,0,1,1
2519,P33260,0,1,1
2519,P33261,0,1,1
2519,P35913,0,1,0
2519,P41231,0,1,0
2519,P43657,0,1,0
2519,P47900,0,1,1
2519,P51160,0,1,1
2519,P51178,0,1,0
2519,P51575,0,1,0
2519,P51582,0,1,0
2519,P51589,0,1,0
2519,P54750,0,1,0
2519,P56373,0,1,1
2519,P78329,0,1,0
2519,P80108,0,1,0
2519,Q00722,0,1,1
2519,Q01970,0,1,1
2519,Q02318,0,1,0
2519,Q02928,0,1,0
2519,Q05C57,0,1,0
2519,Q07343,0,1,1
2519,Q08477,0,1,0
2519,Q08493,0,1,1
2519,Q08499,0,1,1
2519,Q08AG9,0,1,0
2519,Q13315,0,1,0
2519,Q13370,0,1,1
2519,Q13393,0,1,1
2519,Q13822,0,1,1
2519,Q13956,0,1,0
2519,Q14123,0,1,0
2519,Q15077,0,1,0
2519,Q15147,0,1,0
2519,Q15391,0,1,0
2519,Q15413,0,1,1
2519,Q16647,0,1,1
2519,Q16678,0,1,1
2519,Q16696,0,1,1
2519,Q16850,0,1,1
2519,Q1HB44,0,1,0
2519,Q32MC3,0,1,0
2519,Q32MM7,0,1,0
2519,Q4LE43,0,1,0
2519,Q53TK1,0,1,0
2519,Q59EA4,0,1,0
2519,Q59EN6,0,1,0
2519,Q59F77,0,1,0
2519,Q5TCH4,0,1,0
2519,Q5Y7H2,0,1,0
2519,Q6GRK0,0,1,0
2519,Q6IB24,0,1,0
2519,Q6UWR7,0,1,0
2519,Q6UWV6,0,1,1
2519,Q7Z348,0,1,0
2519,Q86W10,0,1,0
2519,Q8IW54,0,1,0
2519,Q8IYG4,0,1,0
2519,Q8N118,0,1,0
2519,Q8TCA4,0,1,0
2519,Q8TDD0,0,1,0
2519,Q92484,0,1,1
2519,Q92736,0,1,1
2519,Q93086,0,1,0
2519,Q96G91,0,1,0
2519,Q96Q11,0,1,1
2519,Q96SQ9,0,1,0
2519,Q99571,0,1,0
2519,Q99572,0,1,0
2519,Q99677,0,1,0
2519,Q9BRC7,0,1,0
2519,Q9H244,0,1,1
2519,Q9HB55,0,1,0
2519,Q9NP56,0,1,0
2519,Q9NQ66,0,1,0
2519,Q9NUW8,0,1,1
2519,Q9NY59,0,1,1
2519,Q9NYL5,0,1,0
2519,Q9UBL9,0,1,0
2519,Q9UK23,0,1,0
2519,Q9UNU6,0,1,1
2519,Q9Y233,0,1,1
2519,Q9Y2Z9,0,1,0
2519,Q9Y6A2,0,1,1
2519,X5DNB4,0,1,0
2519,X5DNX5,0,1,0
2520,A0A5J6E2W8,0,1,0
2520,A0A8I5KPF5,0,1,0
2520,A2RUL8,0,1,0
2520,A4D1Q0,0,1,0
2520,A5X2V1,0,1,0
2520,A6H8K3,0,1,0
2520,A8K432,0,1,0
2520,B0YJ93,0,1,0
2520,B2R812,0,1,0
2520,B2RDS2,0,1,0
2520,B3KQH8,0,1,0
2520,B3KQH9,0,1,0
2520,B4DKC0,0,1,0
2520,C7S316,0,1,0
2520,O00180,0,1,1
2520,O00305,0,1,1
2520,O00555,0,1,1
2520,O15554,0,1,1
2520,O43497,0,1,1
2520,O43525,0,1,1
2520,O43526,0,1,1
2520,O60706,0,1,0
2520,O60840,0,1,0
2520,O60928,0,1,0
2520,O75762,0,1,1
2520,O95180,0,1,0
2520,O95259,0,1,1
2520,O95279,0,1,0
2520,P00915,0,1,1
2520,P08172,0,1,1
2520,P08684,0,1,1
2520,P08913,0,1,1
2520,P10632,0,1,1
2520,P11229,0,1,1
2520,P15382,0,1,1
2520,P16389,0,1,0
2520,P17658,0,1,0
2520,P18089,0,1,1
2520,P21817,0,1,1
2520,P22001,0,1,1
2520,P22459,0,1,0
2520,P22460,0,1,0
2520,P22760,0,1,0
2520,P25100,0,1,0
2520,P35348,0,1,0
2520,P35368,0,1,0
2520,P35499,0,1,0
2520,P37088,0,1,1
2520,P48048,0,1,0
2520,P48050,0,1,1
2520,P48051,0,1,0
2520,P48544,0,1,0
2520,P48547,0,1,1
2520,P48549,0,1,0
2520,P51168,0,1,1
2520,P51170,0,1,1
2520,P51172,0,1,0
2520,P51787,0,1,1
2520,P54284,0,1,1
2520,P54289,0,1,1
2520,P56696,0,1,1
2520,P57789,0,1,1
2520,P62955,0,1,0
2520,P63252,0,1,1
2520,P78508,0,1,0
2520,P98161,0,1,1
2520,Q00975,0,1,0
2520,Q01118,0,1,0
2520,Q01668,0,1,1
2520,Q02641,0,1,1
2520,Q03721,0,1,1
2520,Q06432,0,1,0
2520,Q07699,0,1,1
2520,Q08289,0,1,0
2520,Q09470,0,1,0
2520,Q12791,0,1,1
2520,Q12809,0,1,1
2520,Q13303,0,1,1
2520,Q13698,0,1,1
2520,Q13936,0,1,0
2520,Q14003,0,1,0
2520,Q14500,0,1,0
2520,Q14524,0,1,0
2520,Q14573,0,1,0
2520,Q14643,0,1,0
2520,Q14721,0,1,1
2520,Q14722,0,1,0
2520,Q15413,0,1,1
2520,Q15842,0,1,0
2520,Q15878,0,1,1
2520,Q15BH2,0,1,0
2520,Q16322,0,1,0
2520,Q16558,0,1,0
2520,Q2YDA1,0,1,0
2520,Q32MC1,0,1,0
2520,Q53XZ3,0,1,0
2520,Q547S7,0,1,0
2520,Q59ES2,0,1,0
2520,Q59FG1,0,1,0
2520,Q59GD8,0,1,0
2520,Q6FHJ6,0,1,0
2520,Q6GRK0,0,1,0
2520,Q6IAE6,0,1,0
2520,Q6PIU1,0,1,0
2520,Q6SL56,0,1,0
2520,Q7Z3S7,0,1,0
2520,Q86SJ1,0,1,0
2520,Q86W47,0,1,1
2520,Q86Y85,0,1,0
2520,Q8IWT1,0,1,1
2520,Q8IZS8,0,1,0
2520,Q8NCM2,0,1,0
2520,Q8TDN1,0,1,0
2520,Q8TDN2,0,1,0
2520,Q8WWG9,0,1,0
2520,Q92736,0,1,1
2520,Q92806,0,1,1
2520,Q92952,0,1,0
2520,Q92953,0,1,0
2520,Q96AI9,0,1,0
2520,Q96KK3,0,1,0
2520,Q96PR1,0,1,0
2520,Q96RP8,0,1,0
2520,Q96T54,0,1,0
2520,Q96T55,0,1,0
2520,Q99712,0,1,0
2520,Q9BQ31,0,1,0
2520,Q9C007,0,1,0
2520,Q9H1D0,0,1,1
2520,Q9H252,0,1,0
2520,Q9H2S1,0,1,1
2520,Q9H3M0,0,1,0
2520,Q9H427,0,1,0
2520,Q9HB14,0,1,0
2520,Q9NPA1,0,1,0
2520,Q9NPC2,0,1,1
2520,Q9NPI9,0,1,0
2520,Q9NR82,0,1,1
2520,Q9NS40,0,1,0
2520,Q9NSA2,0,1,0
2520,Q9NY37,0,1,0
2520,Q9NY46,0,1,0
2520,Q9NY47,0,1,0
2520,Q9NY72,0,1,1
2520,Q9NYG8,0,1,1
2520,Q9NZV8,0,1,1
2520,Q9P0X4,0,1,0
2520,Q9P1Z3,0,1,0
2520,Q9UBN1,0,1,0
2520,Q9UGI6,0,1,0
2520,Q9UHC3,0,1,0
2520,Q9UIX4,0,1,0
2520,Q9UJ90,0,1,0
2520,Q9UJ96,0,1,0
2520,Q9UK17,0,1,1
2520,Q9ULS6,0,1,0
2520,Q9Y257,0,1,0
2520,Q9Y5Y9,0,1,0
2520,Q9Y698,0,1,0
2520,Q9Y6H6,0,1,1
2520,Q9Y6J6,0,1,1
2520,V9HWE3,0,1,0
2541,P30556,0,1,1
2541,Q53YY0,0,1,0
2554,A0A8I5KPF5,0,1,0
2554,A5X2V1,0,1,0
2554,B0YJ93,0,1,0
2554,B2R812,0,1,0
2554,P08684,0,1,1
2554,P10632,0,1,1
2554,P35499,0,1,0
2554,P37088,0,1,1
2554,P51168,0,1,1
2554,P51170,0,1,1
2554,P51172,0,1,0
2554,Q01118,0,1,1
2554,Q07699,0,1,1
2554,Q14524,0,1,0
2554,Q6GRK0,0,1,0
2554,Q8IWT1,0,1,1
2554,Q9C007,0,1,0
2554,Q9NY37,0,1,0
2554,Q9NY46,0,1,0
2554,Q9NY72,0,1,1
2554,Q9UHC3,0,1,0
2554,Q9Y5Y9,0,1,0
2585,A8KAG8,0,1,0
2585,P07550,0,1,1
2585,P08588,0,1,1
2585,P08913,0,1,1
2585,P13945,0,1,0
2585,P18089,0,1,1
2585,P25100,0,1,0
2585,P35348,0,1,0
2585,P35368,0,1,0
2585,X5DQM5,0,1,0
259331,G4XH65,0,1,0
259331,P03372,0,1,1
259331,Q7LCB3,0,1,0
259331,Q92731,0,1,1
2662,O14684,1,0,0
2662,O15530,1,0,0
2662,O43570,1,0,0
2662,P00403,1,0,0
2662,P00915,1,0,0
2662,P00918,1,0,0
2662,P07451,1,0,0
2662,P09917,1,0,0
2662,P11712,1,1,1
2662,P22748,1,0,0
2662,P23219,1,1,1
2662,P23280,1,0,0
2662,P34913,1,0,0
2662,P35354,1,1,1
2662,P43166,1,0,0
2662,Q13547,1,0,0
2662,Q16539,1,0,0
2662,Q16790,1,0,0
2662,Q8N1Q1,1,0,0
2662,Q8NER1,1,0,0
2662,Q9UBN7,1,0,0
2662,Q9ULX7,1,0,0
26757,P00734,0,1,1
26758,P21397,0,1,1
26758,P27338,0,1,1
26758,Q49A63,0,1,0
26758,Q53YE7,0,1,0
27072,O15554,0,1,1
27072,P13569,0,1,1
27072,P21817,0,1,1
27072,Q15413,0,1,1
27072,Q92736,0,1,1
2720,A0A0S2Z3D0,0,1,0
2720,A8K3J4,0,1,0
2720,B4DUH8,0,1,0
2720,O43570,0,1,1
2720,P00915,0,1,1
2720,P00918,0,1,1
2720,P07451,0,1,1
2720,P22748,0,1,1
2720,P23280,0,1,1
2720,P35218,0,1,0
2720,P35219,0,1,1
2720,P43166,0,1,1
2720,Q12791,0,1,1
2720,Q16790,0,1,1
2720,Q8N1Q1,0,1,1
2720,Q9ULX7,0,1,1
2720,Q9Y2D0,0,1,0
2720,V9HW21,0,1,0
2720,V9HWA3,0,1,0
2720,V9HWE3,0,1,0
2723754,P22303,0,1,0
2723885,P22001,0,1,0
2723885,Q92953,0,1,0
2724385,P05023,0,1,1
2726,A8K8E4,0,1,0
2726,P00734,0,1,1
2726,P08913,0,1,1
2726,P14416,0,1,1
2726,P18089,0,1,1
2726,P21397,0,1,1
2726,P21728,0,1,1
2726,P21918,0,1,0
2726,P27338,0,1,1
2726,P28223,0,1,1
2726,P35462,0,1,1
2726,P58215,0,1,0
2726,Q49A63,0,1,0
2726,Q53YE7,0,1,0
2726,Q96JB6,0,1,0
2726,Q9Y4K0,0,1,1
2726,X5D2G4,0,1,0
2733,A0N0X8,0,1,0
2733,P04798,0,1,1
2733,P05177,0,1,1
2733,P05181,0,1,1
2733,P20853,0,1,0
2733,Q12791,0,1,1
2735102,B4DK78,0,1,0
2735102,P02708,0,1,0
2735102,P30532,0,1,0
2735102,P32297,0,1,0
2735102,P36544,0,1,0
2735102,P43681,0,1,0
2735102,Q15822,0,1,0
2735102,Q15825,0,1,0
2735102,Q53SH4,0,1,0
2735102,Q59FV0,0,1,0
2735102,Q6EWN4,0,1,0
2735102,Q9GZZ6,0,1,0
2735102,Q9UGM1,0,1,0
2735102,Q9UK17,0,1,0
27522,P24530,0,1,1
27522,P25101,0,1,0
2756,P25021,0,1,1
2764,P11388,0,1,1
2764,Q02880,0,1,1
27661,A0A140VJE6,0,1,0
27661,P16066,0,1,0
2769,A0A2D3FAF9,0,1,0
2769,A4D1Q0,0,1,0
2769,C1ID52,0,1,0
2769,P08172,0,1,1
2769,P08684,0,1,1
2769,P10635,0,1,1
2769,P11229,0,1,1
2769,Q12809,0,1,1
2769,Q13639,0,1,1
2769,Q15BH2,0,1,0
2769,Q53XZ3,0,1,0
2769,Q5Y7H2,0,1,0
2769,Q6GRK0,0,1,0
2769,Q6SL56,0,1,0
2769,Q86SJ1,0,1,0
2789,O95279,0,1,0
2789,P35498,0,1,0
2789,P35499,0,1,0
2789,Q14524,0,1,0
2789,Q15858,0,1,0
2789,Q6B4S4,0,1,0
2789,Q99250,0,1,0
2789,Q9C007,0,1,0
2789,Q9NY46,0,1,0
2789,Q9UQD0,0,1,0
2789,Q9Y5Y9,0,1,0
2796,F1D8S4,0,1,0
2796,O75844,0,1,1
2796,P06858,0,1,1
2796,Q07869,0,1,1
2803,P08913,0,1,1
2803,P18089,0,1,1
2803,P18825,0,1,1
2803,P25100,0,1,0
2803,P35348,0,1,0
2803,P35368,0,1,0
2803,Q4W594,0,1,0
28620,P30518,0,1,1
28620,P37288,0,1,1
28620,X5D2B0,0,1,0
289,O43570,1,0,0
289,P00915,1,0,0
289,P00918,1,0,0
289,P07451,1,0,0
289,P22748,1,0,0
289,P23280,1,0,0
289,P43166,1,0,0
289,Q00987,1,0,0
289,Q16769,1,0,0
289,Q16790,1,0,0
289,Q9ULX7,1,0,0
2910,A8K177,0,1,0
2910,P14867,0,1,1
2973,P20309,0,1,1
3001055,P25021,0,1,1
3016,A8K177,0,1,0
3016,A8K496,0,1,0
3016,O14764,0,1,1
3016,P00709,0,1,1
3016,P08684,0,1,1
3016,P14867,0,1,1
3016,P18505,0,1,0
3016,P18507,0,1,1
3016,P23415,0,1,1
3016,P23416,0,1,1
3016,P24046,0,1,0
3016,P28472,0,1,1
3016,P28476,0,1,0
3016,P31644,0,1,1
3016,P33261,0,1,1
3016,P34903,0,1,0
3016,P47869,0,1,0
3016,P47870,0,1,1
3016,P48167,0,1,1
3016,P48169,0,1,1
3016,P78334,0,1,0
3016,Q15067,0,1,0
3016,Q16445,0,1,0
3016,Q6GRK0,0,1,0
3016,Q99928,0,1,0
3016,Q9UN88,0,1,0
3016,X5D7F5,0,1,0
3016,X5DNL6,0,1,0
3019,A0A5J6E2W8,0,1,0
3019,A2RUL8,0,1,0
3019,A8K432,0,1,0
3019,B2RDS2,0,1,0
3019,B3KQH8,0,1,0
3019,B4DKC0,0,1,0
3019,C7S316,0,1,0
3019,O00180,0,1,1
3019,O15554,0,1,1
3019,O43525,0,1,1
3019,O43526,0,1,1
3019,O60928,0,1,0
3019,O95259,0,1,1
3019,O95279,0,1,0
3019,P00915,0,1,1
3019,P00918,0,1,1
3019,P15382,0,1,1
3019,P16389,0,1,0
3019,P17658,0,1,0
3019,P22001,0,1,1
3019,P22459,0,1,0
3019,P22460,0,1,0
3019,P22748,0,1,1
3019,P42261,0,1,1
3019,P42262,0,1,1
3019,P42263,0,1,0
3019,P48048,0,1,0
3019,P48050,0,1,1
3019,P48051,0,1,0
3019,P48058,0,1,0
3019,P48544,0,1,0
3019,P48547,0,1,1
3019,P48549,0,1,0
3019,P51787,0,1,1
3019,P56696,0,1,1
3019,P57789,0,1,1
3019,P63252,0,1,1
3019,P78508,0,1,0
3019,Q03721,0,1,1
3019,Q09428,0,1,0
3019,Q09470,0,1,0
3019,Q12791,0,1,1
3019,Q12809,0,1,1
3019,Q13303,0,1,1
3019,Q14003,0,1,0
3019,Q14500,0,1,0
3019,Q14721,0,1,1
3019,Q14722,0,1,0
3019,Q15842,0,1,0
3019,Q15BH2,0,1,0
3019,Q16322,0,1,0
3019,Q16558,0,1,0
3019,Q17R51,0,1,0
3019,Q1WWK6,0,1,0
3019,Q2YDA1,0,1,0
3019,Q32MC1,0,1,0
3019,Q547S7,0,1,0
3019,Q59GL5,0,1,0
3019,Q6FHJ6,0,1,0
3019,Q6IAE6,0,1,0
3019,Q6PIU1,0,1,0
3019,Q86W47,0,1,1
3019,Q86Y85,0,1,0
3019,Q8NCM2,0,1,0
3019,Q8TDN1,0,1,0
3019,Q8TDN2,0,1,0
3019,Q8WWG9,0,1,0
3019,Q92806,0,1,1
3019,Q92952,0,1,0
3019,Q92953,0,1,0
3019,Q96AI9,0,1,0
3019,Q96KK3,0,1,0
3019,Q96PR1,0,1,0
3019,Q96RP8,0,1,0
3019,Q96T54,0,1,0
3019,Q96T55,0,1,0
3019,Q99712,0,1,0
3019,Q9BQ31,0,1,0
3019,Q9H252,0,1,0
3019,Q9H2S1,0,1,1
3019,Q9H3M0,0,1,0
3019,Q9H427,0,1,0
3019,Q9HB14,0,1,0
3019,Q9NPA1,0,1,0
3019,Q9NPC2,0,1,1
3019,Q9NPI9,0,1,0
3019,Q9NR82,0,1,1
3019,Q9NS40,0,1,0
3019,Q9NSA2,0,1,0
3019,Q9NYG8,0,1,1
3019,Q9NZV8,0,1,1
3019,Q9P1Z3,0,1,0
3019,Q9UGI6,0,1,0
3019,Q9UIX4,0,1,0
3019,Q9UJ90,0,1,0
3019,Q9UJ96,0,1,0
3019,Q9UK17,0,1,1
3019,Q9ULS6,0,1,0
3019,Q9Y257,0,1,0
3019,Q9Y6H6,0,1,1
3019,Q9Y6J6,0,1,1
3019,V9HW21,0,1,0
3019,V9HWE3,0,1,0
3025,P00734,0,1,1
3025,P06276,0,1,1
3025,Q14524,0,1,0
3025,Q9Y5Y9,0,1,0
3032285,A8K177,0,1,0
3032285,P14867,0,1,1
3033053,G8XRH5,0,1,0
3033053,P35372,0,1,1
3033053,P41145,0,1,1
3033332,P25021,0,1,1
3033637,P25021,0,1,1
3033690,B4DKH4,0,1,0
3033690,P12821,0,1,0
3033702,B4DKH4,0,1,0
3033702,P12821,0,1,1
3033824,A8KAG8,0,1,0
3033824,P07550,0,1,1
3033824,P08588,0,1,1
3033824,P13945,0,1,0
3033824,X5DQM5,0,1,0
3034010,A0AAG2UV77,0,1,0
3034010,A6H8L5,0,1,0
3034010,B4DSX9,0,1,0
3034010,O75612,0,1,0
3034010,P07098,0,1,0
3034010,P11150,0,1,0
3034010,P16233,0,1,0
3034010,P19835,0,1,0
3034010,P38571,0,1,0
3034010,P54315,0,1,0
3034010,P54317,0,1,0
3034010,Q86SR3,0,1,0
3034010,Q9NST1,0,1,0
3034010,Q9Y5X9,0,1,0
3035241,A0A2D3FAF9,0,1,0
3035241,Q13639,0,1,0
3037122,O60840,0,1,0
3037122,P16389,0,1,0
3037122,P22001,0,1,0
3037122,P22460,0,1,0
3037122,P48547,0,1,0
3037122,Q09470,0,1,0
3037122,Q13698,0,1,0
3037122,Q13936,0,1,0
3038,A0A0S2Z3D0,0,1,0
3038,A8K3J4,0,1,0
3038,B4DUH8,0,1,0
3038,O43570,0,1,1
3038,P00915,0,1,1
3038,P00918,0,1,1
3038,P07451,0,1,1
3038,P22748,0,1,1
3038,P23280,0,1,1
3038,P35218,0,1,0
3038,P35219,0,1,1
3038,P43166,0,1,1
3038,Q16790,0,1,1
3038,Q8N1Q1,0,1,1
3038,Q9ULX7,0,1,1
3038,Q9Y2D0,0,1,0
3038,V9HW21,0,1,0
3038,V9HWA3,0,1,0
3038,V9HWE3,0,1,0
3038222,P07550,0,1,1
3038222,P08588,0,1,1
3038222,X5DQM5,0,1,0
3052775,P21397,0,1,1
3052775,P27338,0,1,1
3052775,Q49A63,0,1,0
3052775,Q53YE7,0,1,0
3055,A4D1Q0,0,1,0
3055,P08172,0,1,1
3055,P11229,0,1,1
3055,P20309,0,1,1
3055,Q53XZ3,0,1,0
3055,Q6SL56,0,1,0
3055,Q86SJ1,0,1,0
3058754,A0A0S2Z3R3,0,1,0
3058754,A0A384MTR2,0,1,0
3058754,A0A384NPQ2,0,1,0
3058754,A0N0X8,0,1,0
3058754,A8K415,0,1,0
3058754,A8K9G9,0,1,0
3058754,C1ID52,0,1,0
3058754,O15528,0,1,0
3058754,O95992,0,1,0
3058754,P04798,0,1,1
3058754,P05093,0,1,1
3058754,P05108,0,1,1
3058754,P05177,0,1,1
3058754,P05181,0,1,1
3058754,P08574,0,1,1
3058754,P08684,0,1,1
3058754,P08686,0,1,1
3058754,P10632,0,1,1
3058754,P10635,0,1,1
3058754,P11509,0,1,1
3058754,P11511,0,1,1
3058754,P11678,0,1,0
3058754,P11712,0,1,1
3058754,P13584,0,1,0
3058754,P15538,0,1,1
3058754,P19099,0,1,1
3058754,P20813,0,1,1
3058754,P20815,0,1,1
3058754,P20853,0,1,0
3058754,P22079,0,1,0
3058754,P22680,0,1,1
3058754,P22830,0,1,1
3058754,P23921,0,1,1
3058754,P24462,0,1,1
3058754,P24903,0,1,0
3058754,P30044,0,1,1
3058754,P30048,0,1,1
3058754,P31350,0,1,1
3058754,P33260,0,1,1
3058754,P33261,0,1,1
3058754,P48736,0,1,1
3058754,P49895,0,1,0
3058754,P51589,0,1,0
3058754,P55073,0,1,0
3058754,P78329,0,1,0
3058754,Q02318,0,1,0
3058754,Q06830,0,1,1
3058754,Q08477,0,1,0
3058754,Q08AG9,0,1,0
3058754,Q13162,0,1,1
3058754,Q16647,0,1,1
3058754,Q16678,0,1,1
3058754,Q16696,0,1,1
3058754,Q16850,0,1,1
3058754,Q1HB44,0,1,0
3058754,Q53TK1,0,1,0
3058754,Q5TCH4,0,1,0
3058754,Q5Y7H2,0,1,0
3058754,Q6GRK0,0,1,0
3058754,Q7KZA3,0,1,0
3058754,Q7LG56,0,1,1
3058754,Q7Z348,0,1,0
3058754,Q86TU3,0,1,0
3058754,Q86W10,0,1,0
3058754,Q8IYG4,0,1,0
3058754,Q8N118,0,1,0
3058754,Q8TCA4,0,1,0
3058754,Q8TDD0,0,1,0
3058754,Q92813,0,1,0
3058754,Q96SQ9,0,1,0
3058754,Q9HB55,0,1,0
3058754,Q9UNU6,0,1,1
3058754,Q9Y6A2,0,1,1
3058754,V9HW63,0,1,0
3059,P23219,0,1,1
3059,P35354,0,1,1
30751,P09884,0,1,0
30751,P23921,0,1,1
3086651,P00797,0,1,1
3100,C1ID52,0,1,0
3100,P10635,0,1,1
3100,P35367,0,1,1
3100,Q5Y7H2,0,1,0
3100,Q9H3N8,0,1,0
3100,Q9Y5N1,0,1,1
3105,P08913,0,1,1
311,A0A024R4K3,0,1,0
311,A0A0S2Z381,0,1,0
311,B3KTM1,0,1,0
311,I4AY87,0,1,0
311,O75390,0,1,1
311,O76074,0,1,1
311,P00813,0,1,1
311,P14174,0,1,1
311,P15086,0,1,1
311,P15121,0,1,1
311,P40926,0,1,1
311,Q93088,0,1,1
311,Q99798,0,1,0
311,Q9BZX2,0,1,1
311,Q9Y663,0,1,1
311,V9HWA4,0,1,0
31100,P14416,0,1,1
31101,P14416,0,1,1
3114,A0A8I5KPF5,0,1,0
3114,A5X2V1,0,1,0
3114,B0YJ93,0,1,0
3114,B2R812,0,1,0
3114,P35499,0,1,0
3114,P37088,0,1,1
3114,P51168,0,1,1
3114,P51170,0,1,1
3114,P51172,0,1,0
3114,Q01118,0,1,0
3114,Q07699,0,1,1
3114,Q14524,0,1,0
3114,Q8IWT1,0,1,1
3114,Q9C007,0,1,0
3114,Q9NY37,0,1,0
3114,Q9NY46,0,1,0
3114,Q9NY72,0,1,1
3114,Q9UHC3,0,1,0
3114,Q9Y5Y9,0,1,0
3117,A0A384MTJ7,0,1,0
3117,A0A384NPN7,0,1,0
3117,P00352,0,1,1
3117,P05091,0,1,1
3117,P05181,0,1,1
3117,P09172,0,1,1
3117,P30837,0,1,1
3117,P30838,0,1,1
3117,P49189,0,1,1
3117,P49419,0,1,1
3117,P51648,0,1,1
3117,Q12797,0,1,1
3117,Q6PKA6,0,1,0
3117,V9HW83,0,1,0
31423,P04798,1,0,0
31423,P05177,1,0,0
31423,Q10471,1,0,0
31423,Q16678,1,0,0
31477,A8KAG8,0,1,0
31477,P07550,0,1,1
31477,P08588,0,1,1
31477,P13945,0,1,0
31477,X5DQM5,0,1,0
3151,P14416,0,1,1
31640,A8K177,0,1,0
31640,P14867,0,1,1
31703,P11388,0,1,1
31703,Q02880,0,1,1
3182,A0A140VJR0,0,1,0
3182,A7E2E5,0,1,0
3182,B3KN77,0,1,0
3182,F6R4I1,0,1,0
3182,O00408,0,1,1
3182,O43849,0,1,0
3182,O43924,0,1,1
3182,O60658,0,1,1
3182,O95263,0,1,0
3182,P18545,0,1,1
3182,P27815,0,1,1
3182,P54750,0,1,0
3182,Q07343,0,1,1
3182,Q08493,0,1,1
3182,Q08499,0,1,1
3182,Q13370,0,1,1
3182,Q13956,0,1,0
3182,Q14123,0,1,0
3182,Q32MM7,0,1,0
3182,Q6IB24,0,1,0
3182,Q8IW54,0,1,0
3182,Q9NP56,0,1,0
3182,Q9Y233,0,1,1
3182,X5DNX5,0,1,0
3226,A8K177,0,1,0
3226,P05181,0,1,1
3226,P14867,0,1,1
3226,P23415,0,1,1
3226,P30049,0,1,0
3226,P42261,0,1,1
3226,P98194,0,1,0
3226,Q09470,0,1,0
3226,Q59GL5,0,1,0
3284,P00915,0,1,1
3284,P00918,0,1,1
3284,V9HW21,0,1,0
3284,V9HWE3,0,1,0
3291,B3KQH9,0,1,0
3291,O43497,0,1,1
3291,O95180,0,1,0
3291,Q9P0X4,0,1,1
3292,Q14524,0,1,0
3295,P00915,0,1,1
3295,V9HWE3,0,1,0
33032,E9KL48,0,1,0
33032,P00367,0,1,1
33032,Q13085,0,1,0
3308,P23219,0,1,1
3308,P35354,0,1,1
3324,A0A024R2M6,0,1,0
3324,P09110,0,1,1
3331,P23415,0,1,1
3331,P23416,0,1,1
3331,P33261,0,1,1
3331,P48167,0,1,1
3331,Q8TCU5,0,1,0
3333,O00555,0,1,1
3333,O60840,0,1,0
3333,Q01668,0,1,1
3333,Q13698,0,1,1
3333,Q13936,0,1,0
3333,Q59GD8,0,1,0
3339,F1D8S4,0,1,0
3339,Q07869,0,1,1
3342,P23219,0,1,1
3342,P35354,0,1,1
33572,P07550,0,1,1
33572,X5DQM5,0,1,0
33630,B3KQH9,0,1,0
33630,O43497,0,1,0
33630,O95180,0,1,0
33630,Q9P0X4,0,1,0
3365,P11712,0,1,1
3365,P33261,0,1,1
3373,A8K177,0,1,0
3373,P14867,0,1,1
338,A0A140VK27,0,1,0
338,O14920,0,1,1
338,O15296,0,1,1
338,O43570,1,0,0
338,O75342,0,1,0
338,O95342,1,0,0
338,P00915,1,0,0
338,P00918,1,0,0
338,P02768,1,0,0
338,P05067,1,0,0
338,P05164,0,1,1
338,P07451,1,0,0
338,P08254,1,0,0
338,P09429,1,0,0
338,P09917,0,1,1
338,P09960,0,1,1
338,P11678,0,1,0
338,P15121,1,0,0
338,P16050,0,1,0
338,P18031,1,0,0
338,P18054,0,1,1
338,P22079,0,1,0
338,P22303,1,0,0
338,P22748,1,0,0
338,P23219,1,1,1
338,P23280,1,0,0
338,P32929,1,0,0
338,P35354,1,0,0
338,P43166,1,0,0
338,Q16790,1,0,0
338,Q8WVY7,1,0,0
338,Q9ULX7,1,0,0
3385,A0A0S2Z634,0,1,0
3385,A0A384MDV9,0,1,0
3385,A8K5J1,0,1,0
3385,B4DND0,0,1,0
3385,O00142,0,1,0
3385,O95045,0,1,1
3385,P04183,0,1,1
3385,P04818,0,1,1
3385,P11172,0,1,1
3385,Q12882,0,1,0
3385,Q16831,0,1,1
3385,Q53Y97,0,1,0
3385,Q8IZR3,0,1,0
3386,P48051,0,1,0
3386,Q92952,0,1,0
3386,Q9H2S1,0,1,1
3386,Q9UGI6,0,1,0
3393,A8K177,0,1,0
3393,A8K496,0,1,0
3393,O14764,0,1,1
3393,P14867,0,1,1
3393,P18505,0,1,0
3393,P18507,0,1,1
3393,P24046,0,1,0
3393,P28472,0,1,1
3393,P31644,0,1,1
3393,P34903,0,1,0
3393,P47869,0,1,0
3393,P47870,0,1,1
3393,P48169,0,1,1
3393,P78334,0,1,0
3393,Q16445,0,1,0
3393,Q99928,0,1,0
3393,Q9UN88,0,1,0
3393,X5D7F5,0,1,0
3393,X5DNL6,0,1,0
3394,P23219,0,1,1
3394,P35354,0,1,1
3395,P14416,0,1,1
3397,P10275,0,1,1
3397,Q9NUA2,0,1,0
34312,P33261,0,1,1
34312,Q14524,0,1,0
3440,A8K177,0,1,0
3440,P14867,0,1,1
3440,P31644,0,1,1
3440,P34903,0,1,0
3440,P47869,0,1,0
3440,P48169,0,1,1
3440,Q16445,0,1,0
3440,X5D7F5,0,1,0
3446,A0A0S2Z4X9,0,1,0
3446,A0A140VJQ4,0,1,0
3446,A0A140VKB7,0,1,0
3446,A0A8I5KPF5,0,1,0
3446,A5X2V1,0,1,0
3446,A6H8K3,0,1,0
3446,B0YJ93,0,1,0
3446,B2R812,0,1,0
3446,B3KMR8,0,1,0
3446,B3KQH9,0,1,0
3446,O00305,0,1,1
3446,O00555,0,1,1
3446,O15382,0,1,1
3446,O43497,0,1,1
3446,O60840,0,1,0
3446,O75762,0,1,1
3446,O94808,0,1,0
3446,O95180,0,1,0
3446,P00505,0,1,1
3446,P04181,0,1,1
3446,P08913,0,1,1
3446,P17735,0,1,1
3446,P21817,0,1,1
3446,P30542,0,1,1
3446,P35499,0,1,0
3446,P37088,0,1,1
3446,P51168,0,1,1
3446,P51170,0,1,1
3446,P51172,0,1,0
3446,P54284,0,1,1
3446,P54289,0,1,1
3446,P54687,0,1,1
3446,P62955,0,1,0
3446,P80404,0,1,0
3446,P98161,0,1,1
3446,Q00975,0,1,1
3446,Q01118,0,1,1
3446,Q01668,0,1,1
3446,Q02641,0,1,1
3446,Q06210,0,1,1
3446,Q06432,0,1,0
3446,Q07699,0,1,1
3446,Q08289,0,1,0
3446,Q13698,0,1,1
3446,Q13936,0,1,0
3446,Q14524,0,1,0
3446,Q14573,0,1,0
3446,Q14643,0,1,0
3446,Q15067,0,1,0
3446,Q15413,0,1,1
3446,Q15878,0,1,1
3446,Q4W5N8,0,1,0
3446,Q59ES2,0,1,0
3446,Q59FG1,0,1,0
3446,Q59GD8,0,1,0
3446,Q7Z3S7,0,1,0
3446,Q8IWT1,0,1,1
3446,Q8IZS8,0,1,0
3446,Q8N5Z0,0,1,1
3446,Q8TBG4,0,1,1
3446,Q8TCU5,0,1,0
3446,Q8TD30,0,1,1
3446,Q92736,0,1,1
3446,Q9BYV1,0,1,0
3446,Q9C007,0,1,0
3446,Q9H1D0,0,1,1
3446,Q9NY37,0,1,0
3446,Q9NY46,0,1,0
3446,Q9NY47,0,1,0
3446,Q9NY72,0,1,1
3446,Q9P0X4,0,1,1
3446,Q9UBN1,0,1,0
3446,Q9UHC3,0,1,0
3446,Q9Y5Y9,0,1,0
3446,Q9Y617,0,1,1
3446,Q9Y698,0,1,0
3446,X5D8S1,0,1,0
34521,P21397,0,1,1
34521,P27338,0,1,1
34521,Q49A63,0,1,0
34521,Q53YE7,0,1,0
34632,P35498,0,1,0
34632,P35499,0,1,0
34632,Q14524,0,1,0
34632,Q15858,0,1,0
34632,Q6B4S4,0,1,0
34632,Q99250,0,1,0
34632,Q9C007,0,1,0
34632,Q9NY46,0,1,0
34632,Q9UQD0,0,1,0
34633,Q14524,0,1,0
3475,P23219,0,1,1
3475,P35354,0,1,1
3476,A8K432,0,1,0
3476,P11712,0,1,1
3476,P48048,0,1,0
3478,A8K432,0,1,0
3478,B2RC52,0,1,0
3478,P48048,0,1,0
3478,Q14654,0,1,1
3488,A8K432,0,1,0
3488,P13569,0,1,1
3488,P21731,0,1,0
3488,P48048,0,1,0
3488,Q05C92,0,1,0
3488,Q09428,0,1,0
3488,Q0VAB0,0,1,0
3519,O95342,1,0,0
3519,P08913,1,0,0
3519,P18089,1,0,0
3519,P18825,1,0,0
3519,Q9Y2I1,1,0,0
35329,P07550,0,1,1
35329,X5DQM5,0,1,0
3559,A0A384NY14,0,1,0
3559,A0A8D9PH81,0,1,0
3559,A0A8D9PHB2,0,1,0
3559,A8K8E4,0,1,0
3559,O15398,0,1,0
3559,O15399,0,1,0
3559,O60218,0,1,1
3559,O60391,0,1,0
3559,P08684,0,1,1
3559,P08913,0,1,1
3559,P14416,0,1,1
3559,P14550,0,1,1
3559,P15121,0,1,1
3559,P18089,0,1,1
3559,P35462,0,1,1
3559,Q04828,0,1,1
3559,Q05586,0,1,0
3559,Q12879,0,1,0
3559,Q13224,0,1,1
3559,Q14957,0,1,0
3559,Q547U9,0,1,0
3559,Q59G17,0,1,0
3559,Q5F0I5,0,1,0
3559,Q6GRK0,0,1,0
3559,Q7Z4W1,0,1,1
3559,V9HWI0,0,1,0
3559,X5D2G4,0,1,0
3562,A0A0S2Z3R3,0,1,0
3562,A0N0X8,0,1,0
3562,A6H8K3,0,1,0
3562,A8K177,0,1,0
3562,B3KQH9,0,1,0
3562,C1ID52,0,1,0
3562,O00305,0,1,1
3562,O00555,0,1,1
3562,O15528,0,1,0
3562,O15554,0,1,1
3562,O43497,0,1,1
3562,O60840,0,1,0
3562,O75762,0,1,1
3562,O75881,0,1,0
3562,O95180,0,1,0
3562,O95992,0,1,0
3562,P04798,0,1,1
3562,P05093,0,1,1
3562,P05108,0,1,1
3562,P05177,0,1,1
3562,P08684,0,1,1
3562,P08686,0,1,1
3562,P10632,0,1,1
3562,P10635,0,1,1
3562,P11509,0,1,1
3562,P11511,0,1,1
3562,P11712,0,1,1
3562,P13584,0,1,0
3562,P14867,0,1,1
3562,P15538,0,1,1
3562,P19099,0,1,1
3562,P20813,0,1,1
3562,P20815,0,1,1
3562,P20853,0,1,0
3562,P22680,0,1,1
3562,P23415,0,1,1
3562,P24462,0,1,1
3562,P24903,0,1,0
3562,P25024,0,1,1
3562,P30049,0,1,0
3562,P33260,0,1,1
3562,P33261,0,1,1
3562,P42261,0,1,1
3562,P51589,0,1,0
3562,P54284,0,1,1
3562,P54289,0,1,1
3562,P62955,0,1,0
3562,P78329,0,1,0
3562,P98161,0,1,1
3562,P98194,0,1,0
3562,Q00975,0,1,1
3562,Q01668,0,1,1
3562,Q02318,0,1,0
3562,Q02641,0,1,1
3562,Q02928,0,1,0
3562,Q05C57,0,1,0
3562,Q06432,0,1,0
3562,Q08289,0,1,0
3562,Q08477,0,1,0
3562,Q08AG9,0,1,0
3562,Q12791,0,1,1
3562,Q13698,0,1,1
3562,Q13936,0,1,0
3562,Q14573,0,1,0
3562,Q14643,0,1,0
3562,Q15878,0,1,1
3562,Q16647,0,1,1
3562,Q16678,0,1,1
3562,Q16696,0,1,1
3562,Q16850,0,1,1
3562,Q1HB44,0,1,0
3562,Q53TK1,0,1,0
3562,Q59ES2,0,1,0
3562,Q59FG1,0,1,0
3562,Q59GD8,0,1,0
3562,Q59GL5,0,1,0
3562,Q5TCH4,0,1,0
3562,Q5Y7H2,0,1,0
3562,Q6GRK0,0,1,0
3562,Q7Z348,0,1,0
3562,Q7Z3S7,0,1,0
3562,Q86W10,0,1,0
3562,Q8IYG4,0,1,0
3562,Q8IZS8,0,1,0
3562,Q8N118,0,1,0
3562,Q8TCA4,0,1,0
3562,Q8TDD0,0,1,0
3562,Q96SQ9,0,1,0
3562,Q9H1D0,0,1,1
3562,Q9HB14,0,1,0
3562,Q9HB15,0,1,0
3562,Q9HB55,0,1,0
3562,Q9NY47,0,1,0
3562,Q9NYL5,0,1,0
3562,Q9P0X4,0,1,1
3562,Q9UBN1,0,1,0
3562,Q9UNU6,0,1,1
3562,Q9Y2Z9,0,1,0
3562,Q9Y698,0,1,1
3562,Q9Y6A2,0,1,1
358641,B0YJ76,0,1,0
358641,P00374,0,1,1
3608,A0A0S2Z3R3,0,1,0
3608,A0N0X8,0,1,0
3608,A8K177,0,1,0
3608,C1ID52,0,1,0
3608,O15528,0,1,0
3608,O75881,0,1,0
3608,O95992,0,1,0
3608,P04798,0,1,1
3608,P05093,0,1,1
3608,P05108,0,1,1
3608,P05177,0,1,1
3608,P05181,0,1,1
3608,P08684,0,1,1
3608,P08686,0,1,1
3608,P10632,0,1,1
3608,P10635,0,1,1
3608,P11509,0,1,1
3608,P11511,0,1,1
3608,P11712,0,1,1
3608,P13584,0,1,0
3608,P14867,0,1,1
3608,P15538,0,1,1
3608,P19099,0,1,1
3608,P20813,0,1,1
3608,P20815,0,1,1
3608,P20853,0,1,0
3608,P22680,0,1,1
3608,P24462,0,1,1
3608,P24903,0,1,0
3608,P25024,0,1,1
3608,P33260,0,1,1
3608,P33261,0,1,1
3608,P51589,0,1,0
3608,P78329,0,1,0
3608,Q02318,0,1,0
3608,Q02928,0,1,0
3608,Q05C57,0,1,0
3608,Q08477,0,1,0
3608,Q08AG9,0,1,0
3608,Q16647,0,1,1
3608,Q16678,0,1,1
3608,Q16696,0,1,1
3608,Q16850,0,1,1
3608,Q1HB44,0,1,0
3608,Q53TK1,0,1,0
3608,Q5TCH4,0,1,0
3608,Q5Y7H2,0,1,0
3608,Q6GRK0,0,1,0
3608,Q7Z348,0,1,0
3608,Q86W10,0,1,0
3608,Q8IYG4,0,1,0
3608,Q8N118,0,1,0
3608,Q8TCA4,0,1,0
3608,Q8TDD0,0,1,0
3608,Q96SQ9,0,1,0
3608,Q9HB55,0,1,0
3608,Q9NYL5,0,1,0
3608,Q9UNU6,0,1,1
3608,Q9Y2Z9,0,1,0
3608,Q9Y6A2,0,1,1
3639,A0A0S2Z3D0,0,1,0
3639,A8K3J4,0,1,0
3639,B4DUH8,0,1,0
3639,O43570,0,1,1
3639,P00915,0,1,1
3639,P00918,0,1,1
3639,P07451,0,1,1
3639,P22748,0,1,1
3639,P23280,0,1,1
3639,P35218,0,1,0
3639,P35219,0,1,1
3639,P43166,0,1,1
3639,Q12791,0,1,1
3639,Q16790,0,1,1
3639,Q8N1Q1,0,1,1
3639,Q9ULX7,0,1,1
3639,Q9Y2D0,0,1,0
3639,V9HW21,0,1,0
3639,V9HWA3,0,1,0
3639,V9HWE3,0,1,0
36462,P11388,0,1,1
36462,Q02880,0,1,1
3647,P00915,0,1,1
3647,P00918,0,1,1
3647,P05023,0,1,0
3647,P22748,0,1,1
3647,Q12791,0,1,1
3647,V9HW21,0,1,0
3647,V9HWE3,0,1,0
36708,O95279,0,1,0
36708,P22460,0,1,0
36708,P35498,0,1,0
36708,P35499,0,1,0
36708,Q14524,0,1,0
36708,Q15858,0,1,0
36708,Q6B4S4,0,1,0
36708,Q99250,0,1,0
36708,Q9C007,0,1,0
36708,Q9NY46,0,1,0
36708,Q9UQD0,0,1,0
3672,A0A140VK27,0,1,0
3672,O75342,0,1,0
3672,O95342,1,0,0
3672,P00374,1,0,0
3672,P00533,1,0,0
3672,P00709,0,1,1
3672,P02768,1,0,0
3672,P06276,1,0,0
3672,P09917,1,1,1
3672,P09960,0,1,1
3672,P11712,1,1,1
3672,P12104,1,0,0
3672,P18054,0,1,1
3672,P22303,1,0,0
3672,P23219,1,1,1
3672,P35354,1,1,1
3672,P42330,1,0,0
3672,P42574,1,0,0
3672,P49662,1,0,0
3672,P55211,1,0,0
3673,P23219,0,1,1
3673,P35354,0,1,1
3676,O95279,0,1,0
3676,P35498,0,1,0
3676,P35499,0,1,0
3676,Q14524,0,1,0
3676,Q15858,0,1,0
3676,Q6B4S4,0,1,0
3676,Q99250,0,1,0
3676,Q9C007,0,1,0
3676,Q9NY46,0,1,0
3676,Q9UQD0,0,1,0
3676,Q9Y5Y9,0,1,0
36811,A8KAG8,0,1,0
36811,P07550,0,1,1
36811,P08588,0,1,1
36811,P13945,0,1,0
36811,X5DQM5,0,1,0
3698,A0A0S2Z4T6,0,1,0
3698,A0A140VJR0,0,1,0
3698,A7E2E5,0,1,0
3698,B3KN77,0,1,0
3698,F6R4I1,0,1,0
3698,O00408,0,1,1
3698,O43849,0,1,0
3698,O43924,0,1,1
3698,O60658,0,1,1
3698,O76074,0,1,1
3698,O76083,0,1,1
3698,O95263,0,1,0
3698,P18545,0,1,1
3698,P27815,0,1,1
3698,P54750,0,1,0
3698,Q07343,0,1,1
3698,Q08493,0,1,1
3698,Q08499,0,1,1
3698,Q13370,0,1,1
3698,Q13946,0,1,1
3698,Q13956,0,1,0
3698,Q14123,0,1,0
3698,Q32MM7,0,1,0
3698,Q6IB24,0,1,0
3698,Q8IW54,0,1,0
3698,Q9HCR9,0,1,0
3698,Q9NP56,0,1,0
3698,Q9Y233,0,1,1
3698,X5DNX5,0,1,0
3702,C7S316,0,1,0
3702,P15382,0,1,1
3702,P51787,0,1,1
3702,Q6FHJ6,0,1,0
3702,Q96AI9,0,1,0
3715,A0A140VK27,0,1,0
3715,O15296,0,1,1
3715,O75342,0,1,0
3715,P09917,0,1,1
3715,P09960,0,1,1
3715,P16050,0,1,0
3715,P18054,0,1,1
3715,P23219,0,1,1
3715,P35354,0,1,1
37274,A0A0S2Z4T6,0,1,0
37274,A0A140VJR0,0,1,0
37274,A7E2E5,0,1,0
37274,B3KN77,0,1,0
37274,F6R4I1,0,1,0
37274,O00408,0,1,0
37274,O43849,0,1,0
37274,O43924,0,1,1
37274,O60658,0,1,0
37274,O76074,0,1,1
37274,O76083,0,1,1
37274,O95263,0,1,0
37274,P18545,0,1,1
37274,P27815,0,1,1
37274,P54750,0,1,0
37274,Q07343,0,1,1
37274,Q08493,0,1,1
37274,Q08499,0,1,1
37274,Q13370,0,1,1
37274,Q13946,0,1,1
37274,Q13956,0,1,0
37274,Q14123,0,1,0
37274,Q32MM7,0,1,0
37274,Q6IB24,0,1,0
37274,Q8IW54,0,1,0
37274,Q9HCR9,0,1,0
37274,Q9NP56,0,1,0
37274,Q9Y233,0,1,1
37274,X5DNX5,0,1,0
37392,Q12809,0,1,0
37392,Q15BH2,0,1,0
3748,P21397,0,1,1
3748,P27338,0,1,1
3748,Q49A63,0,1,0
3748,Q53YE7,0,1,0
3749,P30556,0,1,1
3749,Q53YY0,0,1,0
37542,A0A384MED8,0,1,0
37542,A8K6K2,0,1,0
37542,P20839,0,1,1
37542,P22413,0,1,0
37542,P49902,0,1,1
37542,P55263,0,1,1
3759,P21397,0,1,1
3759,P27338,0,1,1
3759,Q49A63,0,1,0
3759,Q53YE7,0,1,0
3762,P08588,0,1,1
3763,A8K177,0,1,0
3763,A8K496,0,1,0
3763,O14764,0,1,1
3763,P14867,0,1,1
3763,P18505,0,1,0
3763,P18507,0,1,1
3763,P23415,0,1,1
3763,P24046,0,1,0
3763,P28472,0,1,1
3763,P30049,0,1,0
3763,P31644,0,1,1
3763,P34903,0,1,0
3763,P42261,0,1,1
3763,P47869,0,1,0
3763,P47870,0,1,1
3763,P48169,0,1,1
3763,P78334,0,1,0
3763,P98194,0,1,0
3763,Q09470,0,1,0
3763,Q16445,0,1,0
3763,Q59GL5,0,1,0
3763,Q99928,0,1,0
3763,Q9UN88,0,1,0
3763,X5D7F5,0,1,0
3763,X5DNL6,0,1,0
3784,B3KQH9,0,1,0
3784,O43497,0,1,1
3784,O60840,0,1,0
3784,O95180,0,1,0
3784,P54289,0,1,1
3784,Q01668,0,1,1
3784,Q06432,0,1,0
3784,Q08289,0,1,0
3784,Q13698,0,1,1
3784,Q13936,0,1,0
3784,Q59GD8,0,1,0
3784,Q7Z3S7,0,1,0
3784,Q9P0X4,0,1,0
3825,A0A140VK27,0,1,0
3825,O15296,0,1,1
3825,O75342,0,1,0
3825,P00709,0,1,1
3825,P09917,0,1,1
3825,P09960,0,1,1
3825,P16050,0,1,0
3825,P18054,0,1,1
3825,P23219,0,1,1
3825,P35354,0,1,1
383414,P30872,0,1,0
383414,P30874,0,1,0
383414,Q86SW9,0,1,0
3878,P35498,0,1,0
3878,P35499,0,1,0
3878,Q14524,0,1,0
3878,Q15858,0,1,0
3878,Q6B4S4,0,1,0
3878,Q99250,0,1,0
3878,Q9C007,0,1,0
3878,Q9NY46,0,1,0
3878,Q9UQD0,0,1,0
38911,P25100,0,1,0
38911,P28223,0,1,0
38911,P35348,0,1,0
38911,P35368,0,1,0
38945,Q14524,0,1,1
3899,Q02127,0,1,1
3902,A0N0X8,0,1,0
3902,C1ID52,0,1,0
3902,P04798,0,1,1
3902,P05177,0,1,1
3902,P05181,0,1,1
3902,P08684,0,1,1
3902,P10632,0,1,1
3902,P10635,0,1,1
3902,P11509,0,1,1
3902,P11511,0,1,1
3902,P11712,0,1,1
3902,P13584,0,1,0
3902,P17787,0,1,1
3902,P20813,0,1,1
3902,P20815,0,1,1
3902,P20853,0,1,0
3902,P24462,0,1,1
3902,P24903,0,1,0
3902,P33260,0,1,1
3902,P33261,0,1,1
3902,P51589,0,1,0
3902,Q16678,0,1,1
3902,Q16696,0,1,1
3902,Q53TK1,0,1,0
3902,Q5SXY3,0,1,0
3902,Q5Y7H2,0,1,0
3902,Q6GRK0,0,1,0
3902,Q7Z348,0,1,0
3902,Q86W10,0,1,0
3902,Q8IYG4,0,1,0
3902,Q8N118,0,1,0
3902,Q8TCA4,0,1,0
3902,Q96SQ9,0,1,0
3902,Q9HB55,0,1,0
39147,A8KAG8,0,1,0
39147,P07550,0,1,1
39147,P08588,0,1,1
39147,P13945,0,1,0
39147,X5DQM5,0,1,0
3957,P08684,0,1,1
3957,P22460,0,1,0
3957,P35367,0,1,1
3957,Q6GRK0,0,1,0
3964,A8K8E4,0,1,0
3964,P14416,0,1,1
3964,P28223,0,1,1
3964,P35462,0,1,1
3964,X5D2G4,0,1,0
39859,P07550,0,1,0
39859,X5DQM5,0,1,0
4011,P23975,0,1,0
4011,P35348,0,1,0
4011,P35367,0,1,1
4011,Q7LG56,0,1,1
4011,Q9H3N8,0,1,0
4011,Q9Y5N1,0,1,1
4020,P23975,0,1,0
4020,Q01959,0,1,0
4037,P23219,0,1,1
4037,P35354,0,1,1
4044,P23219,0,1,1
4044,P35354,0,1,1
4055,A0A0S2Z6I4,0,1,0
4055,P00734,0,1,1
4055,P00740,0,1,1
4055,P00742,0,1,1
4055,P04070,0,1,1
4055,P08709,0,1,1
4055,P38435,0,1,0
4055,Q5JVE7,0,1,0
4055,Q9BQB6,0,1,1
4055,Q9BTZ2,0,1,1
4066,P11229,0,1,1
4066,Q53XZ3,0,1,0
4075,P09917,0,1,1
4075,P23219,0,1,1
4075,P35354,0,1,1
4075,P51580,0,1,1
4078,A8K8E4,0,1,0
4078,C1ID52,0,1,0
4078,P10635,0,1,1
4078,P14416,0,1,1
4078,P21728,0,1,1
4078,P21918,0,1,0
4078,P28223,0,1,1
4078,P35462,0,1,1
4078,Q5Y7H2,0,1,0
4078,X5D2G4,0,1,0
4091,O95342,1,0,0
4091,P00374,1,0,0
4091,P06213,0,1,0
4091,P14616,0,1,0
4091,P27487,1,0,0
40973,G4XH65,0,1,0
40973,P03372,0,1,1
40973,P06401,0,1,1
4100,A0A0S2Z3D0,0,1,0
4100,A8K3J4,0,1,0
4100,B4DUH8,0,1,0
4100,O43570,0,1,1
4100,P00915,0,1,1
4100,P00918,0,1,1
4100,P07451,0,1,1
4100,P22748,0,1,1
4100,P23280,0,1,1
4100,P35218,0,1,0
4100,P35219,0,1,1
4100,P43166,0,1,1
4100,Q16790,0,1,1
4100,Q8N1Q1,0,1,1
4100,Q9ULX7,0,1,1
4100,Q9Y2D0,0,1,0
4100,V9HW21,0,1,0
4100,V9HWA3,0,1,0
4100,V9HWE3,0,1,0
41022,P16389,0,1,0
41022,P22460,0,1,0
41022,P35498,0,1,0
41022,P35499,0,1,0
41022,P48547,0,1,1
41022,Q09470,0,1,0
41022,Q14524,0,1,0
41022,Q15858,0,1,0
41022,Q6B4S4,0,1,0
41022,Q96RP8,0,1,0
41022,Q99250,0,1,0
41022,Q9C007,0,1,0
41022,Q9NY46,0,1,0
41022,Q9UQD0,0,1,0
41114,O00555,0,1,0
41114,O60840,0,1,0
41114,P22459,0,1,0
41114,Q01668,0,1,0
41114,Q13698,0,1,0
41114,Q13936,0,1,0
41114,Q59GD8,0,1,0
4114,A0A0S2Z3R3,0,1,0
4114,C1ID52,0,1,0
4114,O15528,0,1,0
4114,O75881,0,1,0
4114,O95992,0,1,0
4114,P05093,0,1,1
4114,P05108,0,1,1
4114,P05177,0,1,1
4114,P05181,0,1,1
4114,P08684,0,1,1
4114,P08686,0,1,1
4114,P10632,0,1,1
4114,P10635,0,1,1
4114,P11509,0,1,1
4114,P11511,0,1,1
4114,P11712,0,1,1
4114,P13584,0,1,0
4114,P15538,0,1,1
4114,P19099,0,1,1
4114,P20813,0,1,1
4114,P20815,0,1,1
4114,P20853,0,1,0
4114,P22680,0,1,1
4114,P24462,0,1,1
4114,P24903,0,1,0
4114,P25024,0,1,1
4114,P33260,0,1,1
4114,P33261,0,1,1
4114,P51589,0,1,0
4114,P78329,0,1,0
4114,Q02318,0,1,0
4114,Q02928,0,1,0
4114,Q05C57,0,1,0
4114,Q08477,0,1,0
4114,Q08AG9,0,1,0
4114,Q16647,0,1,1
4114,Q16678,0,1,1
4114,Q16696,0,1,1
4114,Q16850,0,1,1
4114,Q1HB44,0,1,0
4114,Q53TK1,0,1,0
4114,Q5TCH4,0,1,0
4114,Q5Y7H2,0,1,0
4114,Q6GRK0,0,1,0
4114,Q7Z348,0,1,0
4114,Q86W10,0,1,0
4114,Q8IYG4,0,1,0
4114,Q8N118,0,1,0
4114,Q8TCA4,0,1,0
4114,Q8TDD0,0,1,0
4114,Q96SQ9,0,1,0
4114,Q9HB55,0,1,0
4114,Q9NYL5,0,1,0
4114,Q9UNU6,0,1,1
4114,Q9Y2Z9,0,1,0
4114,Q9Y6A2,0,1,1
4116,A8K177,0,1,0
4116,P05181,0,1,1
4116,P14867,0,1,1
4116,P23415,0,1,1
4116,P30049,0,1,0
4116,P42261,0,1,1
4116,P98194,0,1,0
4116,Q09470,0,1,0
4116,Q59GL5,0,1,0
4121,P00915,0,1,1
4121,P00918,0,1,1
4121,P05023,0,1,0
4121,P22748,0,1,1
4121,Q12791,0,1,1
4121,V9HW21,0,1,0
4121,V9HWE3,0,1,0
4158,P23975,0,1,0
4158,Q01959,0,1,0
4168,A0A2D3FAF9,0,1,0
4168,A4D2N2,0,1,0
4168,A5X5Y0,0,1,0
4168,A8K215,0,1,0
4168,A8K5W4,0,1,0
4168,A8K8E4,0,1,0
4168,B4DK78,0,1,0
4168,B4E398,0,1,0
4168,O15146,0,1,0
4168,O95264,0,1,0
4168,P02708,0,1,1
4168,P08908,0,1,1
4168,P11229,0,1,1
4168,P11230,0,1,0
4168,P14416,0,1,1
4168,P17787,0,1,1
4168,P28221,0,1,1
4168,P28222,0,1,1
4168,P28223,0,1,1
4168,P28335,0,1,1
4168,P28566,0,1,1
4168,P30939,0,1,1
4168,P32297,0,1,0
4168,P35462,0,1,1
4168,P36544,0,1,1
4168,P41595,0,1,1
4168,P43681,0,1,1
4168,P46098,0,1,0
4168,P47898,0,1,1
4168,P49019,0,1,0
4168,P50406,0,1,1
4168,Q04844,0,1,0
4168,Q07001,0,1,0
4168,Q13049,0,1,1
4168,Q13639,0,1,1
4168,Q15822,0,1,1
4168,Q15825,0,1,0
4168,Q53SH4,0,1,0
4168,Q53XZ3,0,1,0
4168,Q59FV0,0,1,0
4168,Q5SXY3,0,1,0
4168,Q5ZGX3,0,1,0
4168,Q9GZZ6,0,1,0
4168,Q9UGM1,0,1,1
4168,X5D2G4,0,1,0
4168,X5D7I5,0,1,0
41693,G8XRH5,0,1,0
41693,P35372,0,1,1
4171,P08588,0,1,1
4174,A0A384NY14,0,1,0
4174,C1ID52,0,1,0
4174,O15528,0,1,0
4174,O75881,0,1,0
4174,O95992,0,1,0
4174,P05093,0,1,1
4174,P05177,0,1,1
4174,P05181,0,1,1
4174,P08684,0,1,1
4174,P08686,0,1,1
4174,P10632,0,1,1
4174,P10635,0,1,1
4174,P11509,0,1,1
4174,P11511,0,1,1
4174,P11712,0,1,1
4174,P13584,0,1,0
4174,P15538,0,1,1
4174,P20813,0,1,1
4174,P20815,0,1,1
4174,P20853,0,1,0
4174,P22680,0,1,1
4174,P24462,0,1,1
4174,P24903,0,1,0
4174,P25024,0,1,1
4174,P28845,0,1,1
4174,P33260,0,1,1
4174,P33261,0,1,1
4174,P51589,0,1,0
4174,P78329,0,1,0
4174,P80365,0,1,0
4174,Q02318,0,1,0
4174,Q02928,0,1,0
4174,Q05C57,0,1,0
4174,Q08477,0,1,0
4174,Q08AG9,0,1,0
4174,Q16647,0,1,1
4174,Q16678,0,1,1
4174,Q16696,0,1,1
4174,Q16850,0,1,1
4174,Q1HB44,0,1,0
4174,Q53TK1,0,1,0
4174,Q5TCH4,0,1,0
4174,Q5Y7H2,0,1,0
4174,Q6GRK0,0,1,0
4174,Q7Z348,0,1,0
4174,Q7Z4W1,0,1,1
4174,Q86W10,0,1,0
4174,Q8IYG4,0,1,0
4174,Q8N118,0,1,0
4174,Q8TCA4,0,1,0
4174,Q8TDD0,0,1,0
4174,Q96SQ9,0,1,0
4174,Q9HB55,0,1,0
4174,Q9NYL5,0,1,0
4174,Q9UNU6,0,1,1
4174,Q9Y2Z9,0,1,0
4174,Q9Y6A2,0,1,1
4174,X5D2L1,0,1,0
41774,O43451,0,1,1
41774,P04746,0,1,1
41774,P10253,0,1,1
41774,Q53F26,0,1,0
41774,Q8TET4,0,1,0
4189,P11712,0,1,1
4189,P33261,0,1,1
4192,A8K177,0,1,0
4192,A8K496,0,1,0
4192,O14764,0,1,1
4192,P08684,0,1,1
4192,P14867,0,1,1
4192,P18505,0,1,0
4192,P18507,0,1,1
4192,P24046,0,1,0
4192,P28472,0,1,1
4192,P31644,0,1,1
4192,P34903,0,1,0
4192,P47869,0,1,0
4192,P47870,0,1,1
4192,P48169,0,1,1
4192,P78334,0,1,0
4192,Q16445,0,1,0
4192,Q6GRK0,0,1,0
4192,Q99928,0,1,0
4192,Q9UN88,0,1,0
4192,X5D7F5,0,1,0
4192,X5DNL6,0,1,0
4197,A0A0S2Z4T6,0,1,0
4197,A0A140VJR0,0,1,0
4197,A0A384MR47,0,1,0
4197,A7E2E5,0,1,0
4197,A8K0T6,0,1,0
4197,A8K8F9,0,1,0
4197,B3KN41,0,1,0
4197,B3KN77,0,1,0
4197,F6R4I1,0,1,0
4197,O00408,0,1,1
4197,O14638,0,1,1
4197,O14939,0,1,1
4197,O43849,0,1,0
4197,O43924,0,1,1
4197,O60658,0,1,1
4197,O60906,0,1,0
4197,O76074,0,1,1
4197,O76083,0,1,1
4197,O95263,0,1,0
4197,P09543,0,1,1
4197,P12429,0,1,1
4197,P16499,0,1,0
4197,P16885,0,1,1
4197,P17405,0,1,1
4197,P18545,0,1,1
4197,P19174,0,1,1
4197,P22413,0,1,0
4197,P27815,0,1,1
4197,P35913,0,1,0
4197,P51160,0,1,1
4197,P51178,0,1,0
4197,P54750,0,1,0
4197,P80108,0,1,0
4197,Q00722,0,1,1
4197,Q01970,0,1,1
4197,Q07343,0,1,1
4197,Q08493,0,1,1
4197,Q08499,0,1,1
4197,Q13370,0,1,1
4197,Q13393,0,1,1
4197,Q13822,0,1,1
4197,Q13946,0,1,1
4197,Q13956,0,1,0
4197,Q14123,0,1,0
4197,Q15147,0,1,0
4197,Q32MM7,0,1,0
4197,Q4LE43,0,1,0
4197,Q59EA4,0,1,0
4197,Q59EN6,0,1,0
4197,Q59F77,0,1,0
4197,Q6IB24,0,1,0
4197,Q6UWR7,0,1,0
4197,Q6UWV6,0,1,1
4197,Q8IW54,0,1,0
4197,Q92484,0,1,1
4197,Q96Q11,0,1,1
4197,Q9BRC7,0,1,0
4197,Q9HCR9,0,1,0
4197,Q9NP56,0,1,0
4197,Q9NQ66,0,1,0
4197,Q9NUW8,0,1,1
4197,Q9NY59,0,1,1
4197,Q9UK23,0,1,0
4197,Q9Y233,0,1,1
4197,X5DNX5,0,1,0
4201,A8K432,0,1,0
4201,P48048,0,1,0
4201,P50226,0,1,1
4205,B4E398,0,1,0
4205,C1ID52,0,1,0
4205,P05177,0,1,1
4205,P08684,0,1,1
4205,P08913,0,1,1
4205,P10635,0,1,1
4205,P18089,0,1,1
4205,P28223,0,1,1
4205,P28335,0,1,1
4205,P46098,0,1,0
4205,Q5Y7H2,0,1,0
4205,Q6GRK0,0,1,0
42113,A8K177,0,1,0
42113,P14867,0,1,1
42113,P23415,0,1,1
42113,P30049,0,1,0
42113,P42261,0,1,1
42113,P98194,0,1,0
42113,Q09470,0,1,0
42113,Q59GL5,0,1,0
4218,P03956,1,0,0
4218,P08254,1,0,0
4218,P09237,1,0,0
4218,P14780,1,0,0
4219,P03956,1,0,0
4219,P08253,1,0,0
4219,P39900,1,0,0
4219,P45452,1,0,0
4235,P21397,0,1,1
4235,P27338,0,1,1
4235,Q49A63,0,1,0
4235,Q53YE7,0,1,0
4237,P23219,0,1,1
4237,P35354,0,1,1
42611257,O00625,1,0,0
42611257,P00533,1,0,0
42611257,P04049,1,0,0
42611257,P07333,1,0,0
42611257,P08172,1,0,0
42611257,P10398,1,0,0
42611257,P11229,1,0,0
42611257,P15056,1,0,0
42611257,P20309,1,0,0
42611257,P22830,1,0,0
42611257,P35968,1,0,0
42611257,P51955,1,0,0
42611257,Q00613,1,0,0
42611257,Q07912,1,0,0
42611257,Q08345,1,0,0
42611257,Q12797,1,0,0
42611257,Q16832,1,0,0
42611257,Q9NYL2,1,0,0
4369080,P03956,1,0,0
4369080,P08253,1,0,0
4369080,P08254,1,0,0
4369084,P03956,1,0,0
4369084,P08253,1,0,0
4369084,P08254,1,0,0
43815,B2R7Y7,0,1,0
43815,P31645,0,1,1
439168,Q92959,1,0,0
439693,A0A0S2Z381,0,1,0
439693,P00813,0,1,1
4409,P23219,0,1,1
4409,P35354,0,1,1
44093,B4DKH4,0,1,0
44093,P12821,0,1,1
441258,P30874,0,1,0
441258,P32745,0,1,0
441258,P35346,0,1,0
441278,G8XRH5,0,1,0
441278,P35372,0,1,1
441308,P07550,0,1,0
441308,P08588,0,1,0
441308,X5DQM5,0,1,0
441313,B4DKH4,0,1,0
441313,P12821,0,1,1
441314,O43451,0,1,1
441314,P04746,0,1,1
441314,P10253,0,1,1
441314,Q53F26,0,1,0
441314,Q8TET4,0,1,0
441325,Q96RP8,0,1,0
441334,P07550,0,1,0
441334,X5DQM5,0,1,0
441336,P06401,0,1,1
441348,O95279,0,1,0
441348,P35498,0,1,0
441348,P35499,0,1,0
441348,Q14524,0,1,0
441348,Q15858,0,1,0
441348,Q6B4S4,0,1,0
441348,Q99250,0,1,0
441348,Q9C007,0,1,0
441348,Q9NY46,0,1,0
441348,Q9UQD0,0,1,0
441348,Q9Y5Y9,0,1,0
441350,P07101,0,1,1
441350,P78428,0,1,0
441351,A4D1Q0,0,1,0
441351,P08172,0,1,1
441351,Q15822,0,1,1
441351,Q6SL56,0,1,0
441351,Q86SJ1,0,1,0
441358,Q9UGI6,0,1,0
441361,P11926,0,1,0
441401,P21397,0,1,1
441401,Q49A63,0,1,0
441401,Q53YE7,0,1,0
441411,A8KAG8,0,1,0
441411,P07550,0,1,1
441411,P08588,0,1,1
441411,P08913,0,1,0
441411,P13945,0,1,0
441411,P18089,0,1,1
441411,P18825,0,1,0
441411,P25100,0,1,0
441411,P35348,0,1,0
441411,P35368,0,1,0
441411,Q4W594,0,1,0
441411,X5DQM5,0,1,0
4421,P11388,0,1,1
4421,Q02880,0,1,1
442428,P11511,1,0,0
442428,P18031,1,0,0
442428,P49841,1,0,0
442428,P61088,1,0,0
442428,Q9Y251,1,0,0
442431,P18031,1,0,0
44246499,P14618,1,0,0
442793,P05177,1,0,0
442793,P08684,1,0,0
442793,P08908,1,0,0
442793,P10632,1,0,0
442793,P11712,1,0,0
442793,P20813,1,0,0
442793,P23219,1,0,0
442793,P33261,1,0,0
442793,P35354,1,0,0
442793,Q8NER1,1,0,0
443600,P03956,1,0,0
443600,P08253,1,0,0
443600,P08254,1,0,0
443600,P08473,1,0,0
443600,P12821,1,0,0
443600,P14780,1,0,0
443600,P15144,1,0,0
443600,P22894,1,0,0
443600,P27487,1,0,0
443600,P42892,1,0,0
443600,Q13547,1,0,0
443600,Q16820,1,0,0
443600,Q9HBH1,1,0,0
443600,Q9UBN7,1,0,0
443872,P08235,0,1,1
443873,B4DKH4,0,1,0
443873,P12821,0,1,1
443879,A4D1Q0,0,1,0
443879,P08172,0,1,1
443879,P11229,0,1,1
443879,Q53XZ3,0,1,0
443879,Q6SL56,0,1,0
443879,Q86SJ1,0,1,0
443939,P11229,0,1,1
443939,Q53XZ3,0,1,0
443958,P07550,0,1,1
443958,X5DQM5,0,1,0
444020,P25105,0,1,0
444025,P15121,0,1,1
444030,P35348,0,1,0
444031,P04035,0,1,1
444305,P11117,0,1,0
444305,P13686,0,1,1
444305,P15309,0,1,1
444305,P24666,0,1,1
444305,Q59EH3,0,1,0
444305,Q9BZG2,0,1,0
444305,Q9NPH0,0,1,1
444795,A0A1L4FMK7,0,1,0
444795,A8K3H3,0,1,0
444795,F1D8P4,0,1,0
444795,F1D8Q5,0,1,0
444795,F1D8Q7,0,1,0
444795,O94788,0,1,1
444795,P00352,0,1,1
444795,P10276,0,1,1
444795,P10826,0,1,1
444795,P13631,0,1,1
444795,P19793,0,1,1
444795,P28702,0,1,1
444795,P48443,0,1,1
444795,P51449,0,1,1
444795,P51843,0,1,1
444795,Q5STP9,0,1,0
444795,Q6I9R7,0,1,0
444795,Q6I9R9,0,1,0
444795,Q6P3U7,0,1,0
444795,Q8NFJ5,0,1,0
444795,Q92753,0,1,0
444795,V9HW83,0,1,0
444972,P23368,0,1,1
445354,P05067,1,0,0
445354,P37840,1,0,0
44561,O14746,0,1,0
445639,P02774,0,1,1
44571,P21397,0,1,1
44571,P27338,0,1,1
44571,Q49A63,0,1,0
44571,Q53YE7,0,1,0
445858,O43570,1,0,0
445858,P00915,1,0,0
445858,P00918,1,0,0
445858,P05067,1,0,0
445858,P06276,1,0,0
445858,P07451,1,0,0
445858,P14618,1,0,0
445858,P22303,1,0,0
445858,P22748,1,0,0
445858,P23280,1,0,0
445858,P37840,1,0,0
445858,P43166,1,0,0
445858,Q12794,1,0,0
445858,Q16790,1,0,0
445858,Q9ULX7,1,0,0
446504,O14672,1,0,0
446504,O75173,1,0,0
446504,P00915,1,0,0
446504,P00918,1,0,0
446504,P03956,1,0,0
446504,P08253,1,0,0
446504,P08254,1,0,0
446504,P09237,1,0,0
446504,P13497,1,0,0
446504,P14780,1,0,0
446504,P22894,1,0,0
446504,P45452,1,0,0
446504,P50281,1,0,0
446504,P51512,1,0,0
446504,P78536,1,0,0
446504,Q16790,1,0,0
4485,A0A0S2Z3R3,0,1,0
4485,A0N0X8,0,1,0
4485,A6H8K3,0,1,0
4485,A8KAG8,0,1,0
4485,B3KQH9,0,1,0
4485,C1ID52,0,1,0
4485,O00305,0,1,1
4485,O00555,0,1,1
4485,O15528,0,1,0
4485,O43497,0,1,1
4485,O60840,0,1,0
4485,O75762,0,1,1
4485,O75881,0,1,0
4485,O95180,0,1,0
4485,O95992,0,1,0
4485,P04798,0,1,1
4485,P05093,0,1,1
4485,P05108,0,1,1
4485,P05177,0,1,1
4485,P05181,0,1,1
4485,P07550,0,1,1
4485,P08588,0,1,1
4485,P08684,0,1,1
4485,P08686,0,1,1
4485,P08913,0,1,1
4485,P10632,0,1,1
4485,P10635,0,1,1
4485,P11509,0,1,1
4485,P11511,0,1,1
4485,P13584,0,1,0
4485,P13945,0,1,0
4485,P15538,0,1,1
4485,P18089,0,1,1
4485,P20813,0,1,1
4485,P20815,0,1,1
4485,P20853,0,1,0
4485,P21817,0,1,1
4485,P22680,0,1,1
4485,P24462,0,1,1
4485,P24903,0,1,0
4485,P25024,0,1,1
4485,P25100,0,1,0
4485,P33260,0,1,1
4485,P33261,0,1,1
4485,P35348,0,1,0
4485,P35368,0,1,0
4485,P51589,0,1,0
4485,P54284,0,1,1
4485,P54289,0,1,1
4485,P62955,0,1,0
4485,P78329,0,1,0
4485,P98161,0,1,1
4485,Q00975,0,1,0
4485,Q01668,0,1,1
4485,Q02318,0,1,0
4485,Q02641,0,1,1
4485,Q02928,0,1,0
4485,Q05C57,0,1,0
4485,Q06432,0,1,0
4485,Q08289,0,1,0
4485,Q08477,0,1,0
4485,Q08AG9,0,1,0
4485,Q13698,0,1,1
4485,Q13936,0,1,0
4485,Q14573,0,1,0
4485,Q14643,0,1,0
4485,Q15413,0,1,1
4485,Q15878,0,1,1
4485,Q16647,0,1,1
4485,Q16678,0,1,1
4485,Q16696,0,1,1
4485,Q16850,0,1,1
4485,Q1HB44,0,1,0
4485,Q53TK1,0,1,0
4485,Q59ES2,0,1,0
4485,Q59FG1,0,1,0
4485,Q59GD8,0,1,0
4485,Q5TCH4,0,1,0
4485,Q5Y7H2,0,1,0
4485,Q6GRK0,0,1,0
4485,Q7Z348,0,1,0
4485,Q7Z3S7,0,1,0
4485,Q86W10,0,1,0
4485,Q8IYG4,0,1,0
4485,Q8IZS8,0,1,0
4485,Q8N118,0,1,0
4485,Q8TCA4,0,1,0
4485,Q8TDD0,0,1,0
4485,Q92736,0,1,1
4485,Q96SQ9,0,1,0
4485,Q9H1D0,0,1,1
4485,Q9HB55,0,1,0
4485,Q9NY47,0,1,0
4485,Q9NYL5,0,1,0
4485,Q9P0X4,0,1,0
4485,Q9UBN1,0,1,0
4485,Q9UNU6,0,1,1
4485,Q9Y2Z9,0,1,0
4485,Q9Y698,0,1,0
4485,Q9Y6A2,0,1,1
4485,X5DQM5,0,1,0
448537,A0A2R8Y491,0,1,0
448537,A0A384MTR2,0,1,0
448537,A0A384NPQ2,0,1,0
448537,A8K415,0,1,0
448537,F1D8R5,0,1,0
448537,G4XH65,0,1,0
448537,O75715,0,1,1
448537,P03372,0,1,1
448537,P05164,0,1,1
448537,P07203,0,1,1
448537,P11474,0,1,1
448537,P11678,0,1,0
448537,P18283,0,1,1
448537,P22079,0,1,0
448537,P22352,0,1,1
448537,P30044,0,1,1
448537,P30048,0,1,1
448537,P36969,0,1,1
448537,P49895,0,1,0
448537,P55073,0,1,0
448537,P62508,0,1,1
448537,Q06830,0,1,1
448537,Q13162,0,1,1
448537,Q569H8,0,1,0
448537,Q7L4Q3,0,1,0
448537,Q7LCB3,0,1,0
448537,Q86TU3,0,1,0
448537,Q92731,0,1,1
448537,Q92813,0,1,0
448537,Q96SL4,0,1,1
448537,V9HW63,0,1,0
448537,V9HWN8,0,1,0
4493,P10275,0,1,1
4493,P16435,0,1,1
4493,P35348,0,1,0
4493,Q9NUA2,0,1,0
4497,O60840,0,1,0
4497,Q01668,0,1,1
4497,Q06432,0,1,0
4497,Q08289,0,1,0
4497,Q13936,0,1,0
4497,Q59GD8,0,1,0
4497,Q7Z3S7,0,1,0
4499,A6H8K3,0,1,0
4499,B3KQH9,0,1,0
4499,O00305,0,1,1
4499,O00555,0,1,1
4499,O43497,0,1,1
4499,O60840,0,1,0
4499,O75762,0,1,1
4499,O95180,0,1,0
4499,P21817,0,1,1
4499,P54284,0,1,1
4499,P54289,0,1,1
4499,P62955,0,1,0
4499,P98161,0,1,1
4499,Q00975,0,1,0
4499,Q01668,0,1,1
4499,Q02641,0,1,1
4499,Q06432,0,1,0
4499,Q08289,0,1,0
4499,Q13698,0,1,1
4499,Q13936,0,1,0
4499,Q14573,0,1,0
4499,Q14643,0,1,0
4499,Q15413,0,1,1
4499,Q15878,0,1,1
4499,Q59ES2,0,1,0
4499,Q59FG1,0,1,0
4499,Q59GD8,0,1,0
4499,Q7Z3S7,0,1,0
4499,Q8IZS8,0,1,0
4499,Q92736,0,1,1
4499,Q9H1D0,0,1,1
4499,Q9NY47,0,1,0
4499,Q9P0X4,0,1,0
4499,Q9UBN1,0,1,0
4499,Q9Y698,0,1,0
4507,A6H8K3,0,1,0
4507,B3KQH9,0,1,0
4507,O00305,0,1,1
4507,O00555,0,1,1
4507,O43497,0,1,1
4507,O60840,0,1,0
4507,O75762,0,1,1
4507,O95180,0,1,0
4507,P21817,0,1,1
4507,P54284,0,1,1
4507,P54289,0,1,1
4507,P62955,0,1,0
4507,P98161,0,1,1
4507,Q00975,0,1,0
4507,Q01668,0,1,1
4507,Q02641,0,1,1
4507,Q06432,0,1,0
4507,Q08289,0,1,0
4507,Q13698,0,1,1
4507,Q13936,0,1,0
4507,Q14573,0,1,0
4507,Q14643,0,1,0
4507,Q15413,0,1,1
4507,Q15878,0,1,1
4507,Q59ES2,0,1,0
4507,Q59FG1,0,1,0
4507,Q59GD8,0,1,0
4507,Q7Z3S7,0,1,0
4507,Q8IZS8,0,1,0
4507,Q92736,0,1,1
4507,Q9H1D0,0,1,1
4507,Q9NY47,0,1,0
4507,Q9P0X4,0,1,0
4507,Q9UBN1,0,1,0
4507,Q9Y698,0,1,0
4510,A0A140VJE6,0,1,0
4510,P16066,0,1,0
451415,E5KMK7,0,1,0
451415,O95985,0,1,0
451415,P11387,0,1,0
451415,P11388,0,1,0
451415,Q02880,0,1,0
451415,Q13472,0,1,0
451415,Q969P6,0,1,0
451415,Q9BVT2,0,1,0
4594,A0A384MR29,0,1,0
4594,P20648,0,1,0
4594,Q658V6,0,1,0
4595,B4E398,0,1,0
4595,P46098,0,1,0
460612,P21549,0,1,1
4614,P23219,0,1,1
4614,P35354,0,1,1
4616,A8K177,0,1,0
4616,P14867,0,1,1
4634,A4D1Q0,0,1,0
4634,P08172,0,1,1
4634,P11229,0,1,1
4634,Q53XZ3,0,1,0
4634,Q6SL56,0,1,0
4634,Q86SJ1,0,1,0
4659569,A0A140VJG8,0,1,0
4659569,P21964,0,1,1
466151,P03956,1,0,0
466151,P08253,1,0,0
466151,P08254,1,0,0
466151,P09237,1,0,0
466151,P14780,1,0,0
466151,P22894,1,0,0
466151,P45452,1,0,0
466151,P50281,1,0,0
466151,P78536,1,0,0
467825,Q16850,0,1,1
4679,P05023,0,1,0
4679,P08684,0,1,1
4679,P11712,0,1,1
4679,P33261,0,1,1
4679,Q6GRK0,0,1,0
4680,O00408,1,0,0
4680,O95342,1,0,0
4680,P22303,1,0,0
4680,P27815,1,0,0
4680,Q01064,1,0,0
4680,Q08499,1,0,0
4680,Q12809,1,0,0
4680,Q13370,1,0,0
4680,Q14432,1,0,0
4680,Q9UM07,1,0,0
4680,Q9Y233,1,0,0
472335,E5KMK7,0,1,0
472335,O95985,0,1,1
472335,P11387,0,1,1
472335,Q13472,0,1,1
472335,Q969P6,0,1,0
472335,Q9BVT2,0,1,0
4737,A8K177,0,1,0
4737,A8K496,0,1,0
4737,B4DK78,0,1,0
4737,O14764,0,1,1
4737,P14867,0,1,1
4737,P17787,0,1,1
4737,P18505,0,1,0
4737,P18507,0,1,1
4737,P24046,0,1,0
4737,P28472,0,1,1
4737,P31644,0,1,1
4737,P32297,0,1,1
4737,P34903,0,1,0
4737,P43681,0,1,1
4737,P47869,0,1,0
4737,P47870,0,1,1
4737,P48169,0,1,1
4737,P49019,0,1,0
4737,P78334,0,1,0
4737,Q04844,0,1,0
4737,Q15822,0,1,1
4737,Q15825,0,1,0
4737,Q16445,0,1,0
4737,Q59FV0,0,1,0
4737,Q5SXY3,0,1,0
4737,Q99928,0,1,0
4737,Q9GZZ6,0,1,0
4737,Q9UGM1,0,1,1
4737,Q9UN88,0,1,0
4737,X5D7F5,0,1,0
4737,X5DNL6,0,1,0
4740,A0A0S2Z4T6,0,1,0
4740,A0A140VJR0,0,1,0
4740,A0A384MED8,0,1,0
4740,A0A384MR47,0,1,0
4740,A7E2E5,0,1,0
4740,A8K0T6,0,1,0
4740,A8K6K2,0,1,0
4740,A8K8F9,0,1,0
4740,B3KN41,0,1,0
4740,B3KN77,0,1,0
4740,F6R4I1,0,1,0
4740,O00408,0,1,1
4740,O14638,0,1,1
4740,O14939,0,1,1
4740,O43849,0,1,0
4740,O43924,0,1,1
4740,O60658,0,1,1
4740,O60906,0,1,0
4740,O76074,0,1,1
4740,O76083,0,1,1
4740,O95263,0,1,0
4740,P09543,0,1,1
4740,P12429,0,1,1
4740,P16499,0,1,0
4740,P16885,0,1,1
4740,P17405,0,1,1
4740,P18545,0,1,1
4740,P19174,0,1,1
4740,P21589,0,1,1
4740,P22413,0,1,0
4740,P27815,0,1,1
4740,P29218,0,1,1
4740,P35913,0,1,0
4740,P49902,0,1,1
4740,P51160,0,1,1
4740,P51178,0,1,0
4740,P54750,0,1,0
4740,P80108,0,1,0
4740,Q00722,0,1,1
4740,Q01970,0,1,1
4740,Q07343,0,1,1
4740,Q08493,0,1,1
4740,Q08499,0,1,1
4740,Q13370,0,1,1
4740,Q13393,0,1,1
4740,Q13822,0,1,1
4740,Q13956,0,1,0
4740,Q14123,0,1,0
4740,Q15147,0,1,0
4740,Q32MM7,0,1,0
4740,Q4LE43,0,1,0
4740,Q53RX3,0,1,0
4740,Q59EA4,0,1,0
4740,Q59EN6,0,1,0
4740,Q59F77,0,1,0
4740,Q6IB24,0,1,0
4740,Q6NZX3,0,1,0
4740,Q6UWR7,0,1,0
4740,Q6UWV6,0,1,1
4740,Q8IW54,0,1,0
4740,Q8TCD5,0,1,1
4740,Q92484,0,1,1
4740,Q96Q11,0,1,1
4740,Q9BRC7,0,1,0
4740,Q9BXI3,0,1,0
4740,Q9H0P0,0,1,1
4740,Q9HBH5,0,1,0
4740,Q9NP56,0,1,0
4740,Q9NQ66,0,1,0
4740,Q9NUW8,0,1,1
4740,Q9NY59,0,1,1
4740,Q9UK23,0,1,0
4740,Q9Y233,0,1,1
4740,V9HWF3,0,1,0
4740,X5DNX5,0,1,0
4740,X6RM59,0,1,0
4748,A8K8E4,0,1,0
4748,C1ID52,0,1,0
4748,P08684,0,1,1
4748,P10635,0,1,1
4748,P14416,0,1,1
4748,P21728,0,1,1
4748,P35348,0,1,0
4748,P35462,0,1,1
4748,Q5Y7H2,0,1,0
4748,Q6GRK0,0,1,0
4748,X5D2G4,0,1,0
4753,P35498,0,1,0
4754,A0N0X8,0,1,0
4754,P04798,0,1,1
4754,P05177,0,1,1
47576,O15554,0,1,1
47576,Q12809,0,1,1
47576,Q15BH2,0,1,0
47576,Q16322,0,1,0
4763,Q14994,0,1,1
4771,P23975,0,1,0
4771,P27338,0,1,1
4771,Q01959,0,1,0
4781,A0A140VK27,0,1,0
4781,O15296,0,1,1
4781,O75342,0,1,0
4781,P00709,0,1,1
4781,P09917,0,1,1
4781,P09960,0,1,1
4781,P16050,0,1,0
4781,P18054,0,1,1
4781,P23219,0,1,1
4781,P35354,0,1,1
4781,Q16647,0,1,1
48040,P35498,0,1,0
48040,P35499,0,1,0
48040,Q14524,0,1,0
48040,Q15858,0,1,0
48040,Q6B4S4,0,1,0
48040,Q99250,0,1,0
48040,Q9C007,0,1,0
48040,Q9NY46,0,1,0
48040,Q9UQD0,0,1,0
4823,A0A0S2Z4T6,0,1,0
4823,A0A140VJR0,0,1,0
4823,A7E2E5,0,1,0
4823,B3KN77,0,1,0
4823,F6R4I1,0,1,0
4823,O00408,0,1,1
4823,O43849,0,1,0
4823,O43924,0,1,1
4823,O60658,0,1,1
4823,O76074,0,1,1
4823,O76083,0,1,1
4823,O95263,0,1,0
4823,P18545,0,1,1
4823,P27815,0,1,1
4823,P54750,0,1,0
4823,Q07343,0,1,1
4823,Q08493,0,1,1
4823,Q08499,0,1,1
4823,Q13370,0,1,1
4823,Q13946,0,1,1
4823,Q13956,0,1,0
4823,Q14123,0,1,0
4823,Q32MM7,0,1,0
4823,Q6IB24,0,1,0
4823,Q8IW54,0,1,0
4823,Q9HCR9,0,1,0
4823,Q9NP56,0,1,0
4823,Q9Y233,0,1,1
4823,X5DNX5,0,1,0
4828,A0A2D3FAF9,0,1,0
4828,A4D2N2,0,1,0
4828,A5X5Y0,0,1,0
4828,A8K215,0,1,0
4828,A8K5W4,0,1,0
4828,A8KAG8,0,1,0
4828,B4E398,0,1,0
4828,O95264,0,1,0
4828,P07550,0,1,1
4828,P08588,0,1,1
4828,P08908,0,1,1
4828,P08913,0,1,1
4828,P13945,0,1,0
4828,P18089,0,1,1
4828,P25100,0,1,0
4828,P28221,0,1,1
4828,P28222,0,1,1
4828,P28223,0,1,1
4828,P28335,0,1,1
4828,P28566,0,1,1
4828,P30939,0,1,1
4828,P35348,0,1,0
4828,P35368,0,1,0
4828,P41595,0,1,1
4828,P46098,0,1,0
4828,P47898,0,1,1
4828,P50406,0,1,1
4828,Q13049,0,1,1
4828,Q13639,0,1,1
4828,Q5ZGX3,0,1,0
4828,X5D7I5,0,1,0
4828,X5DQM5,0,1,0
4888,Q92952,0,1,0
4906,Q14524,0,1,1
4909,A8K177,0,1,0
4909,P14867,0,1,1
4911,A0A140VJQ4,0,1,0
4911,P04181,0,1,1
4917,A8K8E4,0,1,0
4917,P14416,0,1,1
4917,P21728,0,1,1
4917,P21918,0,1,0
4917,P28223,0,1,1
4917,P35367,0,1,1
4917,P35462,0,1,1
4917,X5D2G4,0,1,0
4927,A4D1Q0,0,1,0
4927,P00734,0,1,1
4927,P08172,0,1,1
4927,P08173,0,1,1
4927,P08912,0,1,1
4927,P11229,0,1,1
4927,P14416,0,1,1
4927,P20309,0,1,1
4927,P28223,0,1,1
4927,P35348,0,1,0
4927,P35367,0,1,1
4927,Q53XZ3,0,1,0
4927,Q6SL56,0,1,0
4927,Q86SJ1,0,1,0
4927,Q9H3N8,0,1,0
4927,Q9Y5N1,0,1,1
493570,B2RDZ2,0,1,0
493570,O14929,1,0,0
493570,P30043,0,1,1
493570,Q16762,1,0,0
493570,Q969G6,0,1,1
493570,V9HWI1,0,1,0
4940,A4D1Q0,0,1,0
4940,P08172,0,1,1
4940,P08173,0,1,1
4940,P08912,0,1,1
4940,P11229,0,1,1
4940,P14416,0,1,1
4940,P20309,0,1,1
4940,P21728,0,1,1
4940,P21917,0,1,1
4940,P25100,0,1,0
4940,P28223,0,1,1
4940,P28335,0,1,1
4940,P35348,0,1,0
4940,P35367,0,1,1
4940,P35368,0,1,0
4940,Q53XZ3,0,1,0
4940,Q6SL56,0,1,0
4940,Q86SJ1,0,1,0
4943,A8K177,0,1,0
4943,A8K496,0,1,0
4943,O14764,0,1,1
4943,P14867,0,1,1
4943,P18505,0,1,0
4943,P18507,0,1,1
4943,P23415,0,1,1
4943,P23416,0,1,1
4943,P24046,0,1,0
4943,P28472,0,1,1
4943,P28476,0,1,0
4943,P31644,0,1,1
4943,P34903,0,1,0
4943,P47869,0,1,0
4943,P47870,0,1,1
4943,P48167,0,1,1
4943,P48169,0,1,1
4943,P78334,0,1,0
4943,Q15067,0,1,0
4943,Q16445,0,1,0
4943,Q99928,0,1,0
4943,Q9UN88,0,1,0
4943,X5D7F5,0,1,0
4943,X5DNL6,0,1,0
49659,P08913,0,1,0
49659,P18089,0,1,0
49659,P18825,0,1,0
49659,P21728,0,1,0
49659,P21918,0,1,0
49659,Q4W594,0,1,0
4993,B0YJ76,0,1,0
4993,P00374,0,1,1
5018304,P23219,0,1,0
5018304,P35354,0,1,0
50294,A4ZKH2,0,1,0
50294,P35367,0,1,1
50294,Q13258,0,1,0
50294,Q38Q88,0,1,0
50294,Q38Q91,0,1,0
50294,Q5KU17,0,1,0
50294,Q9NS75,0,1,0
50294,Q9Y271,0,1,1
5070,A0A8D9PH79,0,1,0
5070,A0A8I5KPF5,0,1,0
5070,A1L4F9,0,1,0
5070,A4D1D0,0,1,0
5070,A5X2V1,0,1,0
5070,B0YJ93,0,1,0
5070,B2R693,0,1,0
5070,B2R812,0,1,0
5070,B2RAP6,0,1,0
5070,O00222,0,1,1
5070,O15303,0,1,0
5070,O43424,0,1,1
5070,P35499,0,1,0
5070,P37088,0,1,1
5070,P39086,0,1,1
5070,P41594,0,1,1
5070,P42261,0,1,1
5070,P42262,0,1,1
5070,P42263,0,1,0
5070,P48058,0,1,0
5070,P51168,0,1,1
5070,P51170,0,1,1
5070,P51172,0,1,0
5070,Q01118,0,1,0
5070,Q07699,0,1,1
5070,Q13003,0,1,0
5070,Q13255,0,1,1
5070,Q14416,0,1,1
5070,Q14524,0,1,0
5070,Q14831,0,1,0
5070,Q14832,0,1,1
5070,Q14833,0,1,0
5070,Q16099,0,1,0
5070,Q16478,0,1,0
5070,Q17R51,0,1,0
5070,Q1WWK6,0,1,0
5070,Q59G95,0,1,0
5070,Q59GL5,0,1,0
5070,Q59HC2,0,1,0
5070,Q8IWT1,0,1,1
5070,Q8TCU5,0,1,0
5070,Q9C007,0,1,0
5070,Q9NY37,0,1,0
5070,Q9NY46,0,1,0
5070,Q9NY72,0,1,1
5070,Q9UHC3,0,1,0
5070,Q9Y5Y9,0,1,0
5073,P25100,0,1,0
5073,P28223,0,1,1
5073,P35348,0,1,0
5073,P35368,0,1,0
5090,P23219,0,1,1
5090,P35354,0,1,1
50963,P07550,0,1,1
50963,P08588,0,1,1
50963,X5DQM5,0,1,0
51082,P11388,0,1,0
51082,Q02880,0,1,0
5147,P23219,0,1,1
5147,P35354,0,1,1
5152,P07550,0,1,0
5152,X5DQM5,0,1,0
5154,P02675,1,0,0
5154,P06276,1,0,0
5154,P18858,1,0,0
5154,P20711,1,0,0
5154,P22303,1,0,0
5154,P63000,1,0,0
5154,Q07817,1,0,0
5154,Q9UGC6,1,0,0
517321,P35498,0,1,0
517321,P35499,0,1,0
517321,Q14524,0,1,0
517321,Q15858,0,1,0
517321,Q6B4S4,0,1,0
517321,Q99250,0,1,0
517321,Q9C007,0,1,0
517321,Q9NY46,0,1,0
517321,Q9UQD0,0,1,0
517321,Q9Y5Y9,0,1,0
5206,A8K177,0,1,0
5206,A8K496,0,1,0
5206,O14764,0,1,1
5206,P05181,0,1,1
5206,P14867,0,1,1
5206,P18505,0,1,0
5206,P18507,0,1,1
5206,P23415,0,1,1
5206,P23416,0,1,1
5206,P24046,0,1,0
5206,P28472,0,1,1
5206,P30049,0,1,0
5206,P31644,0,1,1
5206,P34903,0,1,0
5206,P42261,0,1,1
5206,P47869,0,1,0
5206,P47870,0,1,1
5206,P48167,0,1,1
5206,P48169,0,1,1
5206,P78334,0,1,0
5206,P98194,0,1,0
5206,Q09470,0,1,0
5206,Q16445,0,1,0
5206,Q59GL5,0,1,0
5206,Q99928,0,1,0
5206,Q9UN88,0,1,0
5206,X5D7F5,0,1,0
5206,X5DNL6,0,1,0
52542,P21397,0,1,1
52542,P27338,0,1,1
52542,Q49A63,0,1,0
52542,Q53YE7,0,1,0
5265,A8K5W4,0,1,0
5265,P08908,0,1,1
5265,P25100,0,1,0
5265,P28223,0,1,1
5265,P34969,0,1,1
5265,P35348,0,1,0
5265,P35368,0,1,0
5265,Q5ZGX3,0,1,0
5278,P15121,0,1,1
5280343,O00512,1,0,0
5280343,O15296,1,0,0
5280343,O43451,1,0,0
5280343,O43570,1,0,0
5280343,O60341,1,0,0
5280343,O95342,1,0,0
5280343,P00390,1,0,0
5280343,P00533,1,0,0
5280343,P00734,1,0,0
5280343,P00749,1,0,0
5280343,P00915,1,0,0
5280343,P00918,1,0,0
5280343,P03956,1,0,0
5280343,P04054,1,0,0
5280343,P04798,1,0,0
5280343,P05067,1,0,0
5280343,P05164,1,0,0
5280343,P05177,1,0,0
5280343,P06239,1,0,0
5280343,P06276,1,0,0
5280343,P06493,1,0,0
5280343,P06737,1,0,0
5280343,P07451,1,0,0
5280343,P07477,1,0,0
5280343,P07711,1,0,0
5280343,P07947,1,0,0
5280343,P07949,1,0,0
5280343,P08069,1,0,0
5280343,P08172,1,0,0
5280343,P08173,1,0,0
5280343,P08183,1,0,0
5280343,P08246,1,0,0
5280343,P08253,1,0,0
5280343,P08254,1,0,0
5280343,P08581,1,0,0
5280343,P08684,1,0,0
5280343,P08908,1,0,0
5280343,P08912,1,0,0
5280343,P08913,1,0,0
5280343,P09651,1,0,0
5280343,P09917,1,0,0
5280343,P0DP23,1,0,0
5280343,P0DUB6,1,0,0
5280343,P10632,1,0,0
5280343,P10635,1,0,0
5280343,P11229,1,0,0
5280343,P11309,1,0,0
5280343,P11388,1,0,0
5280343,P11413,1,0,0
5280343,P11511,1,0,0
5280343,P11712,1,0,0
5280343,P11802,1,0,0
5280343,P12931,1,0,0
5280343,P13569,1,0,0
5280343,P14679,1,0,0
5280343,P14780,1,0,0
5280343,P15121,1,0,0
5280343,P16233,1,0,0
5280343,P18031,1,0,0
5280343,P18054,1,0,0
5280343,P18089,1,0,0
5280343,P18825,1,0,0
5280343,P20309,1,0,0
5280343,P21397,1,0,0
5280343,P21589,1,0,0
5280343,P21728,1,0,0
5280343,P21917,1,0,0
5280343,P22303,1,0,0
5280343,P22748,1,0,0
5280343,P23280,1,0,0
5280343,P24941,1,0,0
5280343,P25024,1,0,0
5280343,P27338,1,0,0
5280343,P27487,1,0,0
5280343,P27986,1,0,0
5280343,P28074,1,0,0
5280343,P28221,1,0,0
5280343,P28907,1,0,0
5280343,P30518,1,0,0
5280343,P30530,1,0,0
5280343,P30559,1,0,0
5280343,P31645,1,0,0
5280343,P31749,1,0,0
5280343,P33261,1,0,0
5280343,P33527,1,0,0
5280343,P34913,1,0,0
5280343,P34969,1,0,0
5280343,P35222,1,0,0
5280343,P35354,1,0,0
5280343,P35372,1,0,0
5280343,P35968,1,0,0
5280343,P36888,1,0,0
5280343,P37231,1,0,0
5280343,P37840,1,0,0
5280343,P39900,1,0,0
5280343,P41145,1,0,0
5280343,P43166,1,0,0
5280343,P43405,1,0,0
5280343,P45452,1,0,0
5280343,P47898,1,0,0
5280343,P47989,1,0,0
5280343,P48147,1,0,0
5280343,P48736,1,0,0
5280343,P49841,1,0,0
5280343,P50406,1,0,0
5280343,P51955,1,0,0
5280343,P53350,1,0,0
5280343,P53355,1,0,0
5280343,P53779,1,0,0
5280343,P56817,1,0,0
5280343,P58335,1,0,0
5280343,P68400,1,0,0
5280343,Q00534,1,0,0
5280343,Q00613,1,0,0
5280343,Q00796,1,0,0
5280343,Q04760,1,0,0
5280343,Q05397,1,0,0
5280343,Q13554,1,0,0
5280343,Q15078,1,0,0
5280343,Q15717,1,0,0
5280343,Q16512,1,0,0
5280343,Q16539,1,0,0
5280343,Q16678,1,0,0
5280343,Q16790,1,0,0
5280343,Q8N6T7,1,0,0
5280343,Q8NFU5,1,0,0
5280343,Q96GD4,1,0,0
5280343,Q99895,1,0,0
5280343,Q9NWT6,1,0,0
5280343,Q9NY33,1,0,0
5280343,Q9NYA1,1,0,0
5280343,Q9UL62,1,0,0
5280343,Q9ULX7,1,0,0
5280343,Q9UNQ0,1,0,0
5280343,Q9Y253,1,0,0
5280343,Q9Y3R4,1,0,0
5280360,P43119,0,1,0
5280363,O95342,1,0,0
5280363,P35408,1,0,0
5280363,P43115,1,0,0
5280363,P43116,1,0,0
5280363,Q92959,1,0,0
5280427,A8K7T1,0,1,0
5280427,Q9H244,0,1,0
5280443,O60218,1,0,0
5280443,O95271,1,0,0
5280443,P00533,1,0,0
5280443,P00915,1,0,0
5280443,P00918,1,0,0
5280443,P02766,1,0,0
5280443,P03372,1,0,0
5280443,P04798,1,0,0
5280443,P05067,1,0,0
5280443,P05164,1,0,0
5280443,P05177,1,0,0
5280443,P06239,1,0,0
5280443,P06276,1,0,0
5280443,P08183,1,0,0
5280443,P08246,1,0,0
5280443,P09874,1,0,0
5280443,P10275,1,0,0
5280443,P11309,1,0,0
5280443,P11511,1,0,0
5280443,P13569,1,0,0
5280443,P14061,1,0,0
5280443,P14618,1,0,0
5280443,P15121,1,0,0
5280443,P18031,1,0,0
5280443,P21397,1,0,0
5280443,P22303,1,0,0
5280443,P22748,1,0,0
5280443,P27338,1,0,0
5280443,P27487,1,0,0
5280443,P28074,1,0,0
5280443,P33527,1,0,0
5280443,P35354,1,0,0
5280443,P36888,1,0,0
5280443,P43405,1,0,0
5280443,P47989,1,0,0
5280443,P49841,1,0,0
5280443,P53355,1,0,0
5280443,P53779,1,0,0
5280443,P56817,1,0,0
5280443,P68400,1,0,0
5280443,Q00534,1,0,0
5280443,Q15078,1,0,0
5280443,Q16539,1,0,0
5280443,Q16678,1,0,0
5280443,Q8NFU5,1,0,0
5280443,Q92731,1,0,0
5280443,Q96GD4,1,0,0
5280443,Q96P20,1,0,0
5280443,Q99972,1,0,0
5280443,Q9H2K2,1,0,0
5280443,Q9HBH9,1,0,0
5280443,Q9NY33,1,0,0
5280443,Q9UL62,1,0,0
5280443,Q9UNQ0,1,0,0
5280443,Q9Y253,1,0,0
5280443,Q9Y3R4,1,0,0
5280453,F1D8P8,0,1,0
5280453,O15528,0,1,0
5280453,P11473,0,1,1
5280483,P38435,0,1,0
5280666,P04798,1,0,0
5280666,P05177,1,0,0
5280666,P09488,1,0,0
5280666,P33527,1,0,0
5280666,Q16539,1,0,0
5280666,Q16678,1,0,0
5280666,Q96GD4,1,0,0
5280723,P34995,0,1,0
5280723,P43116,0,1,1
5280723,P43119,0,1,0
5280754,A0A024R625,0,1,0
5280754,A0A024R861,0,1,0
5280754,A0A0S2Z4C6,0,1,0
5280754,A0A140VJS0,0,1,0
5280754,B3KUN1,0,1,0
5280754,B3KVQ9,0,1,0
5280754,B4DU40,0,1,0
5280754,O00743,0,1,0
5280754,O14829,0,1,0
5280754,O14830,0,1,0
5280754,O15355,0,1,0
5280754,O60346,0,1,0
5280754,O60729,0,1,0
5280754,O75688,0,1,0
5280754,O95147,0,1,0
5280754,O95278,0,1,0
5280754,P16298,0,1,0
5280754,P28562,0,1,0
5280754,P35813,0,1,0
5280754,P36873,0,1,0
5280754,P48454,0,1,0
5280754,P49593,0,1,0
5280754,P51452,0,1,0
5280754,P53041,0,1,0
5280754,P60510,0,1,0
5280754,P62136,0,1,0
5280754,P62140,0,1,0
5280754,P62714,0,1,0
5280754,P67775,0,1,0
5280754,Q05923,0,1,0
5280754,Q06190,0,1,0
5280754,Q08209,0,1,0
5280754,Q13115,0,1,0
5280754,Q13202,0,1,0
5280754,Q16667,0,1,0
5280754,Q16690,0,1,0
5280754,Q16828,0,1,0
5280754,Q16829,0,1,0
5280754,Q59EF4,0,1,0
5280754,Q6B8I1,0,1,0
5280754,Q6FI36,0,1,0
5280754,Q6IAU5,0,1,0
5280754,Q6P9C2,0,1,0
5280754,Q6ZVD8,0,1,0
5280754,Q8NEJ0,0,1,0
5280754,Q8WTR2,0,1,0
5280754,Q8WVY7,0,1,0
5280754,Q8WY54,0,1,0
5280754,Q96MI6,0,1,0
5280754,Q99956,0,1,0
5280754,Q9BY84,0,1,0
5280754,Q9GZU7,0,1,0
5280754,Q9H1R2,0,1,0
5280754,Q9H596,0,1,0
5280754,Q9UD71,0,1,0
5280754,Q9UII6,0,1,0
5280754,Q9UNH5,0,1,0
5280754,Q9UNI6,0,1,0
5280754,Q9Y5B0,0,1,0
5280754,Q9Y5P8,0,1,0
5280754,Q9Y6W6,0,1,0
5280754,V9HW04,0,1,0
5280793,F1D8P8,0,1,0
5280793,O15528,0,1,0
5280793,P11473,0,1,1
5280795,F1D8P8,0,1,0
5280795,P11473,0,1,1
5280795,Q02318,0,1,0
5280805,O60341,1,0,0
5280805,P06276,1,0,0
5280805,P07477,1,0,0
5280805,P08172,1,0,0
5280805,P08173,1,0,0
5280805,P08684,1,0,0
5280805,P08908,1,0,0
5280805,P08912,1,0,0
5280805,P08913,1,0,0
5280805,P11229,1,0,0
5280805,P13569,1,0,0
5280805,P18089,1,0,0
5280805,P18825,1,0,0
5280805,P20309,1,0,0
5280805,P21397,1,0,0
5280805,P21728,1,0,0
5280805,P22303,1,0,0
5280805,P28221,1,0,0
5280805,P30518,1,0,0
5280805,P31645,1,0,0
5280805,P34913,1,0,0
5280805,P41145,1,0,0
5280805,P49841,1,0,0
5280805,P56817,1,0,0
5280805,Q16539,1,0,0
5280863,O43570,1,0,0
5280863,P00533,1,0,0
5280863,P00915,1,0,0
5280863,P00918,1,0,0
5280863,P03956,1,0,0
5280863,P04798,1,0,0
5280863,P05067,1,0,0
5280863,P05164,1,0,0
5280863,P05177,1,0,0
5280863,P06276,1,0,0
5280863,P07947,1,0,0
5280863,P08183,1,0,0
5280863,P08236,1,0,0
5280863,P09917,1,0,0
5280863,P0DUB6,1,0,0
5280863,P10275,1,0,0
5280863,P11309,1,0,0
5280863,P11474,1,0,0
5280863,P11712,1,0,0
5280863,P14061,1,0,0
5280863,P14679,1,0,0
5280863,P15121,1,0,0
5280863,P22303,1,0,0
5280863,P22748,1,0,0
5280863,P23219,1,0,0
5280863,P27487,1,0,0
5280863,P28074,1,0,0
5280863,P33527,1,0,0
5280863,P35354,1,0,0
5280863,P35869,1,0,0
5280863,P36888,1,0,0
5280863,P37231,1,0,0
5280863,P43166,1,0,0
5280863,P47989,1,0,0
5280863,P48147,1,0,0
5280863,P49841,1,0,0
5280863,P51812,1,0,0
5280863,P53355,1,0,0
5280863,P53779,1,0,0
5280863,P56817,1,0,0
5280863,P98170,1,0,0
5280863,Q00534,1,0,0
5280863,Q03181,1,0,0
5280863,Q04760,1,0,0
5280863,Q07869,1,0,0
5280863,Q15078,1,0,0
5280863,Q16539,1,0,0
5280863,Q16678,1,0,0
5280863,Q8NFU5,1,0,0
5280863,Q8WTS6,1,0,0
5280863,Q96GD4,1,0,0
5280863,Q9GZU7,1,0,0
5280863,Q9NY33,1,0,0
5280863,Q9NZ45,1,0,0
5280863,Q9UL62,1,0,0
5280863,Q9UNQ0,1,0,0
5280863,Q9Y253,1,0,0
5280863,Q9Y3R4,1,0,0
5280954,B4DKH4,0,1,0
5280954,P12821,0,1,1
5281004,F1D8N4,0,1,0
5281004,P04150,0,1,1
5281037,P30556,0,1,1
5281037,Q53YY0,0,1,0
5281055,P10632,0,1,1
5281055,P37231,0,1,1
5281065,B2RC52,0,1,0
5281065,B2RDS2,0,1,0
5281065,B4DKC0,0,1,0
5281065,O00180,0,1,0
5281065,P54289,0,1,0
5281065,Q02641,0,1,0
5281065,Q06432,0,1,0
5281065,Q12809,0,1,0
5281065,Q13936,0,1,0
5281065,Q14654,0,1,0
5281065,Q15BH2,0,1,0
5281065,Q9H252,0,1,0
5281065,Q9NS40,0,1,0
5281065,Q9Y257,0,1,0
5281068,P35367,0,1,1
5281074,P34995,0,1,0
5281077,A8K177,0,1,0
5281077,P14867,0,1,1
5281078,A0A384N6C2,0,1,0
5281078,P12268,0,1,1
5281078,P20839,0,1,1
5281081,A0A140VJG8,0,1,0
5281081,P21964,0,1,1
5281104,F1D8P8,0,1,0
5281104,P11473,0,1,1
5281612,O60341,1,0,0
5281612,P04798,1,0,0
5281612,P05177,1,0,0
5281612,P0DUB6,1,0,0
5281612,P33527,1,0,0
5281612,P47989,1,0,0
5281612,P53779,1,0,0
5281612,Q16539,1,0,0
5281612,Q16678,1,0,0
5281612,Q8NFU5,1,0,0
5281612,Q96GD4,1,0,0
5281613,O14920,1,0,0
5281613,O60341,1,0,0
5281613,Q96GD4,1,0,0
5281654,O43570,1,0,0
5281654,P00915,1,0,0
5281654,P00918,1,0,0
5281654,P05177,1,0,0
5281654,P0DUB6,1,0,0
5281654,P22748,1,0,0
5281654,P37231,1,0,0
5281654,P43166,1,0,0
5281654,P53779,1,0,0
5281654,Q16539,1,0,0
5281654,Q16678,1,0,0
5281654,Q8NFU5,1,0,0
5281654,Q96GD4,1,0,0
5281794,P05177,1,0,0
5281794,P05181,1,0,0
5281794,P08684,1,0,0
5281794,P08908,1,0,0
5281794,P09917,1,0,0
5281794,P09960,1,0,0
5281794,P10632,1,0,0
5281794,P10635,1,0,0
5281794,P11509,1,0,0
5281794,P11712,1,0,0
5281794,P20813,1,0,0
5281794,P33261,1,0,0
5281794,Q8NER1,1,0,0
5282183,B4DKH4,0,1,0
5282183,P12821,0,1,1
5282193,P23219,0,1,0
5282193,P35354,0,1,0
5282226,P43088,0,1,0
5282315,A0A024R3V4,0,1,0
5282315,A0A024R625,0,1,0
5282315,A0A024R861,0,1,0
5282315,A0A0S2Z4C6,0,1,0
5282315,A0A140VJS0,0,1,0
5282315,B3KUN1,0,1,0
5282315,B3KVQ9,0,1,0
5282315,B4DU40,0,1,0
5282315,E5KN55,0,1,0
5282315,O00743,0,1,0
5282315,O14829,0,1,0
5282315,O14830,0,1,0
5282315,O15355,0,1,0
5282315,O60346,0,1,0
5282315,O60729,0,1,0
5282315,O75688,0,1,0
5282315,O95147,0,1,0
5282315,O95278,0,1,0
5282315,P16298,0,1,0
5282315,P23284,0,1,0
5282315,P28562,0,1,0
5282315,P35813,0,1,0
5282315,P36873,0,1,0
5282315,P48454,0,1,0
5282315,P49593,0,1,0
5282315,P51452,0,1,0
5282315,P53041,0,1,0
5282315,P60510,0,1,0
5282315,P62136,0,1,0
5282315,P62140,0,1,0
5282315,P62714,0,1,0
5282315,P62937,0,1,0
5282315,P67775,0,1,0
5282315,Q05923,0,1,0
5282315,Q06190,0,1,0
5282315,Q08209,0,1,0
5282315,Q08752,0,1,0
5282315,Q13115,0,1,0
5282315,Q13202,0,1,0
5282315,Q16667,0,1,0
5282315,Q16690,0,1,0
5282315,Q16828,0,1,0
5282315,Q16829,0,1,0
5282315,Q59EF4,0,1,0
5282315,Q6B8I1,0,1,0
5282315,Q6FI36,0,1,0
5282315,Q6IAU5,0,1,0
5282315,Q6P9C2,0,1,0
5282315,Q6ZVD8,0,1,0
5282315,Q8NEJ0,0,1,0
5282315,Q8WTR2,0,1,0
5282315,Q8WUA2,0,1,0
5282315,Q8WVY7,0,1,0
5282315,Q8WY54,0,1,0
5282315,Q96MI6,0,1,0
5282315,Q99956,0,1,0
5282315,Q9BY84,0,1,0
5282315,Q9GZU7,0,1,0
5282315,Q9H1R2,0,1,0
5282315,Q9H2H8,0,1,0
5282315,Q9H596,0,1,0
5282315,Q9UD71,0,1,0
5282315,Q9UII6,0,1,0
5282315,Q9UNH5,0,1,0
5282315,Q9UNI6,0,1,0
5282315,Q9Y3C6,0,1,0
5282315,Q9Y5B0,0,1,0
5282315,Q9Y5P8,0,1,0
5282315,Q9Y6W6,0,1,0
5282315,V9HW04,0,1,0
5282315,V9HWF5,0,1,0
5282375,A8K3H3,0,1,0
5282375,F1D8Q5,0,1,0
5282375,F1D8Q7,0,1,0
5282375,P10276,0,1,1
5282375,P10826,0,1,1
5282375,P13631,0,1,1
5282375,P19793,0,1,1
5282375,P28702,0,1,1
5282375,P48443,0,1,1
5282375,Q5STP9,0,1,0
5282375,Q6I9R7,0,1,0
5282375,Q6P3U7,0,1,0
5282379,P10276,0,1,1
5282379,Q6I9R7,0,1,0
5282381,P43115,0,1,1
5282381,P43116,0,1,1
5282387,P23219,0,1,0
5282387,P35354,0,1,0
5282408,P23219,0,1,1
5282408,P35354,0,1,1
5282415,P21817,0,1,1
5282415,Q15413,0,1,1
5282415,Q92736,0,1,1
5282418,A0A087WX63,0,1,0
5282418,A0A0S2Z310,0,1,0
5282418,A0A0S2Z3Y8,0,1,0
5282418,A0A140VJJ0,0,1,0
5282418,A0A384MU00,0,1,0
5282418,A0A8Q3WKL1,0,1,0
5282418,A4QPA9,0,1,0
5282418,A8K379,0,1,0
5282418,A8K3B6,0,1,0
5282418,A8K3Y2,0,1,0
5282418,B2R6Q4,0,1,0
5282418,B4DXN7,0,1,0
5282418,B6D4Y2,0,1,0
5282418,B7ZKJ3,0,1,0
5282418,D3DPA4,0,1,0
5282418,F1T0G6,0,1,0
5282418,F2YGG7,0,1,0
5282418,F6QWY5,0,1,0
5282418,F6RDZ0,0,1,0
5282418,F6TUL7,0,1,0
5282418,O00238,0,1,0
5282418,O15146,0,1,0
5282418,O60674,0,1,0
5282418,O60883,0,1,0
5282418,P00519,0,1,0
5282418,P00533,0,1,0
5282418,P04626,0,1,0
5282418,P04629,0,1,0
5282418,P06213,0,1,0
5282418,P06239,0,1,0
5282418,P06241,0,1,0
5282418,P07332,0,1,0
5282418,P07333,0,1,0
5282418,P07947,0,1,0
5282418,P07948,0,1,0
5282418,P07949,0,1,0
5282418,P08069,0,1,0
5282418,P08581,0,1,0
5282418,P08631,0,1,0
5282418,P08922,0,1,0
5282418,P09619,0,1,0
5282418,P10721,0,1,0
5282418,P11274,0,1,0
5282418,P11362,0,1,0
5282418,P12931,0,1,0
5282418,P14616,0,1,0
5282418,P16234,0,1,0
5282418,P16591,0,1,0
5282418,P17948,0,1,0
5282418,P21709,0,1,0
5282418,P21802,0,1,0
5282418,P21860,0,1,0
5282418,P22455,0,1,0
5282418,P22607,0,1,0
5282418,P23458,0,1,0
5282418,P29317,0,1,0
5282418,P29320,0,1,0
5282418,P29322,0,1,0
5282418,P29323,0,1,0
5282418,P29376,0,1,0
5282418,P29597,0,1,0
5282418,P30530,0,1,0
5282418,P34925,0,1,0
5282418,P35398,0,1,0
5282418,P35590,0,1,0
5282418,P35916,0,1,0
5282418,P35968,0,1,0
5282418,P36507,0,1,0
5282418,P36888,0,1,0
5282418,P36894,0,1,0
5282418,P36896,0,1,0
5282418,P36897,0,1,0
5282418,P37023,0,1,0
5282418,P41240,0,1,0
5282418,P42679,0,1,0
5282418,P42680,0,1,0
5282418,P42681,0,1,0
5282418,P43403,0,1,0
5282418,P45985,0,1,0
5282418,P46734,0,1,0
5282418,P51813,0,1,0
5282418,P52333,0,1,0
5282418,P52564,0,1,0
5282418,P54753,0,1,0
5282418,P54756,0,1,0
5282418,P54760,0,1,0
5282418,P54762,0,1,0
5282418,P54764,0,1,0
5282418,Q01973,0,1,0
5282418,Q01974,0,1,0
5282418,Q02750,0,1,0
5282418,Q02763,0,1,0
5282418,Q04771,0,1,0
5282418,Q04912,0,1,0
5282418,Q05397,0,1,0
5282418,Q06187,0,1,0
5282418,Q06418,0,1,0
5282418,Q07912,0,1,0
5282418,Q08345,0,1,0
5282418,Q08881,0,1,0
5282418,Q0IJ44,0,1,0
5282418,Q12866,0,1,0
5282418,Q13163,0,1,0
5282418,Q13308,0,1,0
5282418,Q13705,0,1,0
5282418,Q14289,0,1,0
5282418,Q15303,0,1,0
5282418,Q15375,0,1,0
5282418,Q16288,0,1,0
5282418,Q16620,0,1,0
5282418,Q16832,0,1,0
5282418,Q4LE53,0,1,0
5282418,Q504U8,0,1,0
5282418,Q548C2,0,1,0
5282418,Q59F04,0,1,0
5282418,Q59FK4,0,1,0
5282418,Q59FQ5,0,1,0
5282418,Q59FT4,0,1,0
5282418,Q59HG2,0,1,0
5282418,Q5JY90,0,1,0
5282418,Q5T7S2,0,1,0
5282418,Q5VWE5,0,1,0
5282418,Q6FI23,0,1,0
5282418,Q6J9G0,0,1,0
5282418,Q6NUK7,0,1,0
5282418,Q6NVW1,0,1,0
5282418,Q6P4R6,0,1,0
5282418,Q6P5Z2,0,1,0
5282418,Q6P669,0,1,0
5282418,Q8NER5,0,1,0
5282418,Q8WTZ8,0,1,0
5282418,Q96L35,0,1,0
5282418,Q99640,0,1,0
5282418,Q9H3Y6,0,1,0
5282418,Q9UF33,0,1,0
5282418,Q9UM73,0,1,0
5282418,W0S0X4,0,1,0
5282418,X5D2R1,0,1,0
5282418,X5DNK3,0,1,0
5282419,Q9H2S1,0,1,0
5282421,A8KAG8,0,1,0
5282421,P07550,0,1,1
5282421,P08588,0,1,1
5282421,P13945,0,1,0
5282421,X5DQM5,0,1,0
5282451,P04035,0,1,0
5282455,P04035,0,1,0
5282469,P34981,0,1,1
5282474,P30556,0,1,1
5282474,Q53YY0,0,1,0
5282479,Q9UGI6,0,1,0
5284472,P35367,0,1,1
5284566,B4E398,0,1,0
5284566,P46098,0,1,0
5284583,O43497,0,1,1
5284583,P00915,0,1,1
5284583,P35498,0,1,0
5284583,V9HWE3,0,1,0
5284594,O95342,1,0,0
5284594,P35372,1,0,0
5284594,P41143,1,0,0
5284594,P41145,1,0,0
5284603,G8XRH5,0,1,0
5284603,P35372,0,1,1
5284603,P41143,0,1,1
5284603,P41145,0,1,1
5284627,A8K177,0,1,0
5284627,P00918,0,1,1
5284627,P14867,0,1,1
5284627,P22748,0,1,1
5284627,P35498,0,1,0
5284627,P39086,0,1,1
5284627,V9HW21,0,1,0
5287969,O00238,1,0,0
5287969,O00444,1,0,0
5287969,O00506,1,0,0
5287969,O14733,1,0,0
5287969,O14757,1,0,0
5287969,O14920,1,0,0
5287969,O14936,1,0,0
5287969,O14976,1,0,0
5287969,O15075,1,0,0
5287969,O15111,1,0,0
5287969,O15197,1,0,0
5287969,O15264,1,0,0
5287969,O15530,1,0,0
5287969,O43293,1,0,0
5287969,O43318,1,0,0
5287969,O43353,1,0,0
5287969,O60331,1,0,0
5287969,O60563,1,0,0
5287969,O60674,1,0,0
5287969,O75116,1,0,0
5287969,O75385,1,0,0
5287969,O75460,1,0,0
5287969,O75582,1,0,0
5287969,O75716,1,0,0
5287969,O75747,1,0,0
5287969,O75914,1,0,0
5287969,O76039,1,0,0
5287969,O94768,1,0,0
5287969,O94804,1,0,0
5287969,O94806,1,0,0
5287969,O95747,1,0,0
5287969,O95819,1,0,0
5287969,O95835,1,0,0
5287969,O96013,1,0,0
5287969,O96017,1,0,0
5287969,P00519,1,0,0
5287969,P00533,1,0,0
5287969,P04049,1,0,0
5287969,P04626,1,0,0
5287969,P04629,1,0,0
5287969,P06239,1,0,0
5287969,P06241,1,0,0
5287969,P06493,1,0,0
5287969,P07332,1,0,0
5287969,P07333,1,0,0
5287969,P07947,1,0,0
5287969,P07948,1,0,0
5287969,P07949,1,0,0
5287969,P08069,1,0,0
5287969,P08581,1,0,0
5287969,P08631,1,0,0
5287969,P08922,1,0,0
5287969,P09619,1,0,0
5287969,P09769,1,0,0
5287969,P0C1S8,1,0,0
5287969,P10721,1,0,0
5287969,P11217,1,0,0
5287969,P11309,1,0,0
5287969,P11362,1,0,0
5287969,P11802,1,0,0
5287969,P12931,1,0,0
5287969,P15056,1,0,0
5287969,P15735,1,0,0
5287969,P16234,1,0,0
5287969,P16591,1,0,0
5287969,P17252,1,0,0
5287969,P17612,1,0,0
5287969,P19525,1,0,0
5287969,P19784,1,0,0
5287969,P21127,1,0,0
5287969,P21709,1,0,0
5287969,P21802,1,0,0
5287969,P21860,1,0,0
5287969,P22455,1,0,0
5287969,P22607,1,0,0
5287969,P23443,1,0,0
5287969,P23458,1,0,0
5287969,P24723,1,0,0
5287969,P24941,1,0,0
5287969,P27037,1,0,0
5287969,P27361,1,0,0
5287969,P27448,1,0,0
5287969,P28482,1,0,0
5287969,P29317,1,0,0
5287969,P29320,1,0,0
5287969,P29322,1,0,0
5287969,P29323,1,0,0
5287969,P29376,1,0,0
5287969,P29597,1,0,0
5287969,P30291,1,0,0
5287969,P30530,1,0,0
5287969,P31749,1,0,0
5287969,P31751,1,0,0
5287969,P32298,1,0,0
5287969,P33981,1,0,0
5287969,P35590,1,0,0
5287969,P35916,1,0,0
5287969,P35968,1,0,0
5287969,P36507,1,0,0
5287969,P36888,1,0,0
5287969,P36894,1,0,0
5287969,P36896,1,0,0
5287969,P37023,1,0,0
5287969,P37173,1,0,0
5287969,P41240,1,0,0
5287969,P41743,1,0,0
5287969,P42679,1,0,0
5287969,P42680,1,0,0
5287969,P42681,1,0,0
5287969,P42684,1,0,0
5287969,P43403,1,0,0
5287969,P43405,1,0,0
5287969,P45983,1,0,0
5287969,P45984,1,0,0
5287969,P45985,1,0,0
5287969,P48729,1,0,0
5287969,P48730,1,0,0
5287969,P48736,1,0,0
5287969,P49137,1,0,0
5287969,P49336,1,0,0
5287969,P49674,1,0,0
5287969,P49759,1,0,0
5287969,P49760,1,0,0
5287969,P49761,1,0,0
5287969,P49841,1,0,0
5287969,P50613,1,0,0
5287969,P50750,1,0,0
5287969,P51617,1,0,0
5287969,P51812,1,0,0
5287969,P51813,1,0,0
5287969,P51946,1,0,0
5287969,P51955,1,0,0
5287969,P52333,1,0,0
5287969,P52564,1,0,0
5287969,P53350,1,0,0
5287969,P53355,1,0,0
5287969,P53667,1,0,0
5287969,P53671,1,0,0
5287969,P53778,1,0,0
5287969,P53779,1,0,0
5287969,P54646,1,0,0
5287969,P54753,1,0,0
5287969,P54756,1,0,0
5287969,P54760,1,0,0
5287969,P54762,1,0,0
5287969,P54764,1,0,0
5287969,P68400,1,0,0
5287969,P78356,1,0,0
5287969,P78362,1,0,0
5287969,P78368,1,0,0
5287969,P80192,1,0,0
5287969,Q00532,1,0,0
5287969,Q00534,1,0,0
5287969,Q00535,1,0,0
5287969,Q00536,1,0,0
5287969,Q02156,1,0,0
5287969,Q02750,1,0,0
5287969,Q02763,1,0,0
5287969,Q02779,1,0,0
5287969,Q04759,1,0,0
5287969,Q04771,1,0,0
5287969,Q04912,1,0,0
5287969,Q05397,1,0,0
5287969,Q05655,1,0,0
5287969,Q06187,1,0,0
5287969,Q06418,1,0,0
5287969,Q07912,1,0,0
5287969,Q08345,1,0,0
5287969,Q08881,1,0,0
5287969,Q09013,1,0,0
5287969,Q12852,1,0,0
5287969,Q12866,1,0,0
5287969,Q13043,1,0,0
5287969,Q13131,1,0,0
5287969,Q13153,1,0,0
5287969,Q13163,1,0,0
5287969,Q13164,1,0,0
5287969,Q13177,1,0,0
5287969,Q13188,1,0,0
5287969,Q13233,1,0,0
5287969,Q13237,1,0,0
5287969,Q13464,1,0,0
5287969,Q13523,1,0,0
5287969,Q13546,1,0,0
5287969,Q13554,1,0,0
5287969,Q13555,1,0,0
5287969,Q13557,1,0,0
5287969,Q13627,1,0,0
5287969,Q13705,1,0,0
5287969,Q13873,1,0,0
5287969,Q13882,1,0,0
5287969,Q13976,1,0,0
5287969,Q14004,1,0,0
5287969,Q14012,1,0,0
5287969,Q14289,1,0,0
5287969,Q14680,1,0,0
5287969,Q15078,1,0,0
5287969,Q15208,1,0,0
5287969,Q15303,1,0,0
5287969,Q15418,1,0,0
5287969,Q15746,1,0,0
5287969,Q15759,1,0,0
5287969,Q15831,1,0,0
5287969,Q15835,1,0,0
5287969,Q16288,1,0,0
5287969,Q16512,1,0,0
5287969,Q16513,1,0,0
5287969,Q16539,1,0,0
5287969,Q16566,1,0,0
5287969,Q16584,1,0,0
5287969,Q16620,1,0,0
5287969,Q16659,1,0,0
5287969,Q16832,1,0,0
5287969,Q2M2I8,1,0,0
5287969,Q4G0J3,1,0,0
5287969,Q58F21,1,0,0
5287969,Q59H18,1,0,0
5287969,Q6PHR2,1,0,0
5287969,Q6ZN16,1,0,0
5287969,Q7KZI7,1,0,0
5287969,Q86UE8,1,0,0
5287969,Q86Y07,1,0,0
5287969,Q86YV6,1,0,0
5287969,Q8IU85,1,0,0
5287969,Q8IVH8,1,0,0
5287969,Q8IVW4,1,0,0
5287969,Q8IYT8,1,0,0
5287969,Q8N5S9,1,0,0
5287969,Q8NEV4,1,0,0
5287969,Q8NI60,1,0,0
5287969,Q8TBX8,1,0,0
5287969,Q8TD19,1,0,0
5287969,Q8TDX7,1,0,0
5287969,Q8WU08,1,0,0
5287969,Q92630,1,0,0
5287969,Q92772,1,0,0
5287969,Q92918,1,0,0
5287969,Q96BR1,1,0,0
5287969,Q96GD4,1,0,0
5287969,Q96L34,1,0,0
5287969,Q96NX5,1,0,0
5287969,Q96PY6,1,0,0
5287969,Q96RR4,1,0,0
5287969,Q96SB4,1,0,0
5287969,Q99640,1,0,0
5287969,Q99683,1,0,0
5287969,Q99759,1,0,0
5287969,Q9BUB5,1,0,0
5287969,Q9BZL6,1,0,0
5287969,Q9H1R3,1,0,0
5287969,Q9H2G2,1,0,0
5287969,Q9H2K8,1,0,0
5287969,Q9H2X6,1,0,0
5287969,Q9H422,1,0,0
5287969,Q9H4B4,1,0,0
5287969,Q9HAZ1,1,0,0
5287969,Q9HBH9,1,0,0
5287969,Q9HCP0,1,0,0
5287969,Q9NQU5,1,0,0
5287969,Q9NRH2,1,0,0
5287969,Q9NRM7,1,0,0
5287969,Q9NSY1,1,0,0
5287969,Q9NWZ3,1,0,0
5287969,Q9NYL2,1,0,0
5287969,Q9NYV4,1,0,0
5287969,Q9NYY3,1,0,0
5287969,Q9P0L2,1,0,0
5287969,Q9P1W9,1,0,0
5287969,Q9P286,1,0,0
5287969,Q9P289,1,0,0
5287969,Q9P2K8,1,0,0
5287969,Q9UBF8,1,0,0
5287969,Q9UEE5,1,0,0
5287969,Q9UEW8,1,0,0
5287969,Q9UHD2,1,0,0
5287969,Q9UIK4,1,0,0
5287969,Q9UK32,1,0,0
5287969,Q9UKE5,1,0,0
5287969,Q9UQB9,1,0,0
5287969,Q9UQM7,1,0,0
5287969,Q9Y243,1,0,0
5287969,Q9Y2H1,1,0,0
5287969,Q9Y2H9,1,0,0
5287969,Q9Y2U5,1,0,0
5287969,Q9Y5S2,1,0,0
5287969,Q9Y616,1,0,0
5287969,Q9Y6E0,1,0,0
5287969,Q9Y6M4,1,0,0
5311,B2RXH2,1,0,0
5311,O15379,1,0,0
5311,O15550,1,0,0
5311,O60341,1,0,0
5311,O60674,1,0,0
5311,O60885,1,0,0
5311,O75376,1,0,0
5311,O75469,1,0,0
5311,P00519,1,0,0
5311,P00533,1,0,0
5311,P04035,1,0,0
5311,P05067,1,0,0
5311,P07900,1,0,0
5311,P08684,1,0,0
5311,P09960,1,0,0
5311,P13569,1,0,0
5311,P21397,1,0,0
5311,P26358,1,0,0
5311,P27338,1,0,0
5311,P28074,1,0,0
5311,P35968,1,0,0
5311,P36888,1,0,0
5311,P51843,1,0,0
5311,P56524,1,0,0
5311,Q00987,1,0,0
5311,Q07812,1,0,0
5311,Q12809,1,0,0
5311,Q13285,1,0,0
5311,Q13547,1,0,0
5311,Q8WUI4,1,0,0
5311,Q92769,1,0,0
5311,Q96KQ7,1,0,0
5311,Q9BY41,1,0,0
5311,Q9NXA8,1,0,0
5311,Q9UBN7,1,0,0
5311,Q9UQL6,1,0,0
5311,Q9Y618,1,0,0
5311035,P43116,0,1,1
5311064,P08588,0,1,1
5311068,P08913,0,1,1
5311071,F1D8P8,0,1,0
5311071,P11473,0,1,1
5311181,P34995,0,1,0
5311181,P43119,0,1,0
5311221,P43088,0,1,0
5311225,P43115,0,1,1
5311309,A8K432,0,1,0
5311309,P48048,0,1,0
5312125,P25100,0,1,0
5312125,P35348,0,1,0
5312125,P35368,0,1,0
5312153,P34995,0,1,0
5312153,P43115,0,1,1
53232,P04035,0,1,1
5328940,A0A087WX63,0,1,0
5328940,A0A140VJJ0,0,1,0
5328940,A0A384MU00,0,1,0
5328940,B6D4Y2,0,1,0
5328940,B7ZKJ3,0,1,0
5328940,F2YGG7,0,1,0
5328940,F6QWY5,0,1,0
5328940,F6RDZ0,0,1,0
5328940,F6TUL7,0,1,0
5328940,O15146,0,1,0
5328940,P00533,0,1,1
5328940,P04626,0,1,1
5328940,P04629,0,1,1
5328940,P06213,0,1,0
5328940,P07333,0,1,1
5328940,P07949,0,1,0
5328940,P08069,0,1,0
5328940,P08581,0,1,1
5328940,P08922,0,1,1
5328940,P09619,0,1,1
5328940,P10721,0,1,1
5328940,P11362,0,1,1
5328940,P14616,0,1,0
5328940,P16234,0,1,1
5328940,P17948,0,1,0
5328940,P21709,0,1,1
5328940,P21802,0,1,1
5328940,P21860,0,1,1
5328940,P22455,0,1,1
5328940,P22607,0,1,1
5328940,P29317,0,1,0
5328940,P29320,0,1,1
5328940,P29322,0,1,1
5328940,P29323,0,1,1
5328940,P29376,0,1,1
5328940,P30530,0,1,1
5328940,P34925,0,1,1
5328940,P35590,0,1,1
5328940,P35916,0,1,1
5328940,P35968,0,1,1
5328940,P36888,0,1,1
5328940,P54753,0,1,1
5328940,P54756,0,1,1
5328940,P54760,0,1,1
5328940,P54762,0,1,1
5328940,P54764,0,1,1
5328940,Q01973,0,1,1
5328940,Q01974,0,1,1
5328940,Q02763,0,1,1
5328940,Q04912,0,1,1
5328940,Q06418,0,1,1
5328940,Q08345,0,1,1
5328940,Q0IJ44,0,1,0
5328940,Q12866,0,1,1
5328940,Q13308,0,1,1
5328940,Q15303,0,1,1
5328940,Q15375,0,1,1
5328940,Q16288,0,1,1
5328940,Q16620,0,1,1
5328940,Q16832,0,1,1
5328940,Q4LE53,0,1,0
5328940,Q504U8,0,1,0
5328940,Q548C2,0,1,0
5328940,Q59F04,0,1,0
5328940,Q59FQ5,0,1,0
5328940,Q59FT4,0,1,0
5328940,Q59HG2,0,1,0
5328940,Q5VWE5,0,1,0
5328940,Q6NVW1,0,1,0
5328940,Q6P4R6,0,1,0
5328940,Q8WTZ8,0,1,0
5328940,Q96L35,0,1,0
5328940,Q9UF33,0,1,0
5328940,Q9UM73,0,1,1
5328940,X5D2R1,0,1,0
5328940,X5DNK3,0,1,0
53359,P14550,0,1,1
53359,P15121,0,1,1
53359,V9HWI0,0,1,0
5339,A0A140VJX1,0,1,0
5339,A0A140VK27,0,1,0
5339,A4Z6T7,0,1,0
5339,O14920,0,1,1
5339,O15111,0,1,1
5339,O15296,0,1,1
5339,O75342,0,1,0
5339,P09917,0,1,1
5339,P09960,0,1,1
5339,P11245,0,1,1
5339,P16050,0,1,0
5339,P18054,0,1,1
5339,P24752,0,1,1
5339,Q14164,0,1,0
5342,P35354,0,1,1
5358,A0A2D3FAF9,0,1,0
5358,A4D2N2,0,1,0
5358,A5X5Y0,0,1,0
5358,A8K215,0,1,0
5358,A8K5W4,0,1,0
5358,B4E398,0,1,0
5358,O95264,0,1,0
5358,P08908,0,1,1
5358,P28221,0,1,1
5358,P28222,0,1,1
5358,P28223,0,1,1
5358,P28335,0,1,1
5358,P28566,0,1,1
5358,P30939,0,1,1
5358,P41595,0,1,1
5358,P46098,0,1,0
5358,P47898,0,1,1
5358,P50406,0,1,1
5358,Q13049,0,1,1
5358,Q13639,0,1,1
5358,Q5ZGX3,0,1,0
5358,X5D7I5,0,1,0
5359,P23219,0,1,1
5359,P35354,0,1,1
5360515,G8XRH5,0,1,0
5360515,P35372,1,1,1
5360515,P36544,1,0,0
5360515,P41143,1,0,0
5360515,P41145,1,0,0
5360515,P41146,1,0,0
5360696,B2R7Y7,0,1,0
5360696,P31645,0,1,1
5360696,Q15822,0,1,1
5360696,Q8TCU5,0,1,0
5362115,O43451,0,1,1
5362115,P10253,0,1,1
5362115,Q8TET4,0,1,0
5362118,B4DKH4,0,1,0
5362118,P12821,0,1,0
5362123,B4DKH4,0,1,0
5362123,P12821,0,1,1
5362129,B4DKH4,0,1,0
5362129,P12821,0,1,1
5362376,P25100,0,1,0
5362376,P35348,0,1,0
5362376,P35368,0,1,0
5362471,B4DK78,0,1,0
5362471,P02708,0,1,0
5362471,P30532,0,1,0
5362471,P32297,0,1,1
5362471,P36544,0,1,1
5362471,P43681,0,1,1
5362471,Q15822,0,1,1
5362471,Q15825,0,1,0
5362471,Q53SH4,0,1,0
5362471,Q59FV0,0,1,0
5362471,Q6EWN4,0,1,0
5362471,Q9GZZ6,0,1,0
5362471,Q9UGM1,0,1,1
5381,A0A1L4FMK7,0,1,0
5381,A8K3H3,0,1,0
5381,F1D8Q5,0,1,0
5381,F1D8Q7,0,1,0
5381,P10276,0,1,1
5381,P10826,0,1,1
5381,P13631,0,1,1
5381,P19793,0,1,1
5381,P28702,0,1,1
5381,P48443,0,1,1
5381,Q5STP9,0,1,0
5381,Q6I9R7,0,1,0
5381,Q6P3U7,0,1,0
5381,Q92753,0,1,0
5388961,B4DKH4,0,1,0
5388961,P12821,0,1,0
5405,C1ID52,0,1,0
5405,P08684,0,1,1
5405,P10635,0,1,1
5405,P35367,0,1,1
5405,Q12809,0,1,1
5405,Q15BH2,0,1,0
5405,Q5Y7H2,0,1,0
5405,Q6GRK0,0,1,0
54343,A4D1Q0,0,1,0
54343,P08172,0,1,1
54343,P11229,0,1,1
54343,P20309,0,1,1
54343,P35367,0,1,1
54343,Q53XZ3,0,1,0
54343,Q6SL56,0,1,0
54343,Q86SJ1,0,1,0
54384,O95665,0,1,0
54384,P35367,0,1,1
5440,A4D1Q0,0,1,0
5440,P08172,0,1,1
5440,P08173,0,1,1
5440,P08912,0,1,1
5440,P11229,0,1,1
5440,P14416,0,1,1
5440,P20309,0,1,1
5440,P21728,0,1,1
5440,P21917,0,1,1
5440,P28223,0,1,1
5440,P28335,0,1,1
5440,P35367,0,1,1
5440,Q53XZ3,0,1,0
5440,Q6SL56,0,1,0
5440,Q86SJ1,0,1,0
54405,P08913,0,1,1
54405,P18089,0,1,1
54405,P18825,0,1,1
54405,Q4W594,0,1,0
54454,P04035,0,1,1
54454,P08684,0,1,1
54454,Q6GRK0,0,1,0
5452,P48051,0,1,0
5462346,G8XRH5,0,1,0
5462346,P35372,0,1,0
5462346,P41145,0,1,0
5463984,B4DKH4,0,1,0
5463984,P12821,0,1,1
5464201,P00797,0,1,1
54670067,P13674,0,1,1
54670067,Q02809,0,1,0
54671203,P03956,1,0,0
54671203,P08253,1,0,0
54671203,P08254,1,0,0
54671203,P09237,1,0,0
54671203,P22894,1,0,0
54671203,P45452,1,0,0
54675768,P11388,0,1,0
54675768,Q02880,0,1,0
54676038,A0A090N8Y2,0,1,0
54676038,A0A0S2Z6I4,0,1,0
54676038,B3KPX6,0,1,0
54676038,P13667,0,1,1
54676038,P15559,0,1,1
54676038,P16083,0,1,1
54676038,P36959,0,1,1
54676038,Q08257,0,1,1
54676038,Q9BQB6,0,1,1
54676038,Q9P2T1,0,1,1
54676228,P23219,0,1,1
54676228,P35354,0,1,1
54677470,P23219,0,1,1
54677470,P35354,0,1,1
54677971,P23219,0,1,1
54677971,P35354,0,1,1
5468,P35367,0,1,1
54686350,P23219,0,1,1
54686350,P35354,0,1,1
54690031,P23219,0,1,1
54690031,P35354,0,1,1
54726191,P05177,1,0,0
54726191,P08183,1,0,0
54726191,P08684,1,0,0
54726191,P10632,1,0,0
54726191,P10635,1,0,0
54726191,P11509,1,0,0
54726191,P11712,1,0,0
54726191,P20813,1,0,0
54726191,P33261,1,0,0
54726191,Q9UNQ0,1,0,0
54746,P14416,0,1,1
5484727,B4DKH4,0,1,0
5484727,P12821,0,1,1
5485193,P23219,0,1,1
5485193,P35354,0,1,1
54889,B4DKH4,0,1,0
54889,P12821,0,1,0
54891,B4DKH4,0,1,0
54891,P12821,0,1,1
54892,B4DKH4,0,1,0
54892,P12821,0,1,1
54900,G4XH65,0,1,0
54900,P03372,0,1,1
54900,Q7LCB3,0,1,0
54900,Q92731,0,1,1
5493444,P00797,0,1,1
5497196,P62942,0,1,0
5497196,Q0VDC6,0,1,0
5503,A8K432,0,1,0
5503,B2RC52,0,1,0
5503,P48048,0,1,0
5503,Q14654,0,1,1
5505,A0A0S2Z3R3,0,1,0
5505,A0N0X8,0,1,0
5505,A8K432,0,1,0
5505,C1ID52,0,1,0
5505,O15528,0,1,0
5505,O75881,0,1,0
5505,O95992,0,1,0
5505,P04798,0,1,1
5505,P05093,0,1,1
5505,P05108,0,1,1
5505,P05177,0,1,1
5505,P05181,0,1,1
5505,P08684,0,1,1
5505,P08686,0,1,1
5505,P10632,0,1,1
5505,P10635,0,1,1
5505,P11509,0,1,1
5505,P11511,0,1,1
5505,P11712,0,1,1
5505,P13584,0,1,0
5505,P15538,0,1,1
5505,P19099,0,1,1
5505,P20813,0,1,1
5505,P20815,0,1,1
5505,P20853,0,1,0
5505,P22680,0,1,1
5505,P24462,0,1,1
5505,P24903,0,1,0
5505,P25024,0,1,1
5505,P33260,0,1,1
5505,P33261,0,1,1
5505,P48048,0,1,0
5505,P51589,0,1,0
5505,P78329,0,1,0
5505,Q02318,0,1,0
5505,Q02928,0,1,0
5505,Q05C57,0,1,0
5505,Q08477,0,1,0
5505,Q08AG9,0,1,0
5505,Q09428,0,1,0
5505,Q16647,0,1,1
5505,Q16678,0,1,1
5505,Q16696,0,1,1
5505,Q16850,0,1,1
5505,Q1HB44,0,1,0
5505,Q53TK1,0,1,0
5505,Q5TCH4,0,1,0
5505,Q5Y7H2,0,1,0
5505,Q6GRK0,0,1,0
5505,Q7Z348,0,1,0
5505,Q86W10,0,1,0
5505,Q8IYG4,0,1,0
5505,Q8N118,0,1,0
5505,Q8TCA4,0,1,0
5505,Q8TDD0,0,1,0
5505,Q96SQ9,0,1,0
5505,Q9HB55,0,1,0
5505,Q9NYL5,0,1,0
5505,Q9UNU6,0,1,1
5505,Q9Y2Z9,0,1,0
5505,Q9Y6A2,0,1,1
5509,P23219,0,1,1
5509,P35354,0,1,1
55245,F1D8N4,0,1,0
55245,P04150,0,1,1
55245,P06401,0,1,1
55245,P08235,0,1,1
55245,P10275,0,1,1
55245,Q9NUA2,0,1,0
5526,P00747,0,1,1
5526,P00749,0,1,1
5556,P08684,0,1,1
5556,Q6GRK0,0,1,0
5560,P00915,0,1,1
5560,P00918,0,1,1
5560,P05023,0,1,0
5560,P22748,0,1,1
5560,Q12791,0,1,1
5560,V9HW21,0,1,0
5560,V9HWE3,0,1,0
5576,O43497,0,1,1
5578,B0YJ76,0,1,0
5578,P00374,0,1,1
5583,B0YJ76,0,1,0
5583,P00374,0,1,1
5584,A0A0S2Z3R3,0,1,0
5584,A0N0X8,0,1,0
5584,B2R7Y7,0,1,0
5584,C1ID52,0,1,0
5584,O15528,0,1,0
5584,O75881,0,1,0
5584,O95992,0,1,0
5584,P04798,0,1,1
5584,P05093,0,1,1
5584,P05108,0,1,1
5584,P05177,0,1,1
5584,P05181,0,1,1
5584,P08684,0,1,1
5584,P08686,0,1,1
5584,P10632,0,1,1
5584,P10635,0,1,1
5584,P11509,0,1,1
5584,P11511,0,1,1
5584,P11712,0,1,1
5584,P13584,0,1,0
5584,P15538,0,1,1
5584,P19099,0,1,1
5584,P20813,0,1,1
5584,P20815,0,1,1
5584,P20853,0,1,0
5584,P22680,0,1,1
5584,P23975,0,1,0
5584,P24462,0,1,1
5584,P24903,0,1,0
5584,P25024,0,1,1
5584,P31645,0,1,1
5584,P33260,0,1,1
5584,P33261,0,1,1
5584,P51589,0,1,0
5584,P78329,0,1,0
5584,Q02318,0,1,0
5584,Q02928,0,1,0
5584,Q05C57,0,1,0
5584,Q08477,0,1,0
5584,Q08AG9,0,1,0
5584,Q16647,0,1,1
5584,Q16678,0,1,1
5584,Q16696,0,1,1
5584,Q16850,0,1,1
5584,Q1HB44,0,1,0
5584,Q53TK1,0,1,0
5584,Q5TCH4,0,1,0
5584,Q5Y7H2,0,1,0
5584,Q6GRK0,0,1,0
5584,Q7Z348,0,1,0
5584,Q86W10,0,1,0
5584,Q8IYG4,0,1,0
5584,Q8N118,0,1,0
5584,Q8TCA4,0,1,0
5584,Q8TDD0,0,1,0
5584,Q96SQ9,0,1,0
5584,Q9HB55,0,1,0
5584,Q9NYL5,0,1,0
5584,Q9UNU6,0,1,1
5584,Q9Y2Z9,0,1,0
5584,Q9Y6A2,0,1,1
5593,A4D1Q0,0,1,0
5593,P08172,0,1,1
5593,P08173,0,1,1
5593,P11229,0,1,1
5593,Q53XZ3,0,1,0
5593,Q6SL56,0,1,0
5593,Q86SJ1,0,1,0
56329,B4DKH4,0,1,0
56329,P12821,0,1,0
564,A0A140VJT7,0,1,0
564,A0A5F9YFS9,0,1,0
564,A8K9A9,0,1,0
564,B2RAH7,0,1,0
564,B4DHX9,0,1,0
564,B4DU77,0,1,0
564,O00187,0,1,1
564,O60259,0,1,1
564,P00740,0,1,1
564,P00742,0,1,1
564,P00746,0,1,1
564,P00747,0,1,1
564,P00748,0,1,1
564,P00749,0,1,1
564,P00750,0,1,1
564,P03951,0,1,1
564,P03952,0,1,1
564,P06870,0,1,1
564,P07288,0,1,1
564,P07478,0,1,0
564,P08217,0,1,0
564,P08246,0,1,1
564,P08709,0,1,1
564,P08861,0,1,0
564,P09958,0,1,1
564,P10144,0,1,1
564,P10323,0,1,0
564,P12544,0,1,1
564,P16519,0,1,0
564,P17538,0,1,0
564,P20151,0,1,1
564,P20231,0,1,1
564,P23946,0,1,1
564,P24158,0,1,1
564,P29120,0,1,0
564,P29144,0,1,0
564,P35030,0,1,1
564,P48147,0,1,1
564,P49862,0,1,1
564,P98073,0,1,1
564,Q16740,0,1,1
564,Q4FEB3,0,1,0
564,Q546G3,0,1,0
564,Q5JVE7,0,1,0
564,Q5NV56,0,1,0
564,Q67BC3,0,1,0
564,Q6PK75,0,1,0
564,Q7Z5F4,0,1,0
564,Q8IZZ5,0,1,0
564,Q99895,0,1,1
564,Q9BZJ3,0,1,0
564,Q9NQE7,0,1,0
564,Q9UNI1,0,1,0
564,Q9Y5Y6,0,1,1
564,Q9Y6A9,0,1,1
5663,F1D8N4,0,1,0
5663,P04150,0,1,1
5665,P80404,0,1,0
5665,X5D8S1,0,1,0
568,P35869,1,0,0
56801,P07550,0,1,0
56801,X5DQM5,0,1,0
5702063,P08913,0,1,1
5702160,P25021,0,1,1
5702160,Q9H3N8,0,1,0
5702160,Q9Y5N1,0,1,1
5717,A4ZKH2,0,1,0
5717,B4E292,0,1,0
5717,Q15722,0,1,1
5717,Q38Q88,0,1,0
5717,Q38Q91,0,1,0
5717,Q5KU17,0,1,0
5717,Q9NPC1,0,1,0
5717,Q9NS75,0,1,0
5717,Q9Y271,0,1,1
5719,A8K177,0,1,0
5719,A8K496,0,1,0
5719,O14764,0,1,1
5719,P14867,0,1,1
5719,P18505,0,1,0
5719,P18507,0,1,1
5719,P24046,0,1,0
5719,P28472,0,1,1
5719,P28476,0,1,0
5719,P31644,0,1,1
5719,P34903,0,1,0
5719,P47869,0,1,0
5719,P47870,0,1,1
5719,P48169,0,1,1
5719,P78334,0,1,0
5719,Q15067,0,1,0
5719,Q16445,0,1,0
5719,Q99928,0,1,0
5719,Q9UN88,0,1,0
5719,X5D7F5,0,1,0
5719,X5DNL6,0,1,0
5720,P23219,0,1,1
5720,P35354,0,1,1
5724,P15121,0,1,1
5734,A0A0S2Z3D0,0,1,0
5734,A0A8I5KPF5,0,1,0
5734,A5X2V1,0,1,0
5734,A8K3J4,0,1,0
5734,B0YJ93,0,1,0
5734,B2R812,0,1,0
5734,B3KQH9,0,1,0
5734,B4DUH8,0,1,0
5734,O43497,0,1,0
5734,O43570,0,1,1
5734,O95180,0,1,0
5734,P00915,0,1,1
5734,P00918,0,1,1
5734,P07451,0,1,1
5734,P22748,0,1,1
5734,P23280,0,1,1
5734,P35218,0,1,0
5734,P35219,0,1,1
5734,P35498,0,1,0
5734,P35499,0,1,0
5734,P37088,0,1,1
5734,P43166,0,1,1
5734,P51168,0,1,1
5734,P51170,0,1,1
5734,P51172,0,1,0
5734,Q01118,0,1,0
5734,Q07699,0,1,1
5734,Q16790,0,1,1
5734,Q8IWT1,0,1,1
5734,Q8N1Q1,0,1,1
5734,Q9C007,0,1,0
5734,Q9NY37,0,1,0
5734,Q9NY46,0,1,0
5734,Q9NY72,0,1,1
5734,Q9P0X4,0,1,0
5734,Q9UHC3,0,1,0
5734,Q9ULX7,0,1,1
5734,Q9Y2D0,0,1,0
5734,Q9Y5Y9,0,1,0
5734,V9HW21,0,1,0
5734,V9HWA3,0,1,0
5734,V9HWE3,0,1,0
5741,P06276,0,1,1
5741,P22303,0,1,1
5746,P15559,0,1,1
5746,P16435,0,1,1
5754,F1D8N4,0,1,0
5754,P04150,0,1,1
5756,Q15067,0,1,0
5757,G4XH65,0,1,0
5757,O75751,1,0,0
5757,O95342,1,0,0
5757,O95718,1,0,0
5757,P03372,1,1,1
5757,P04278,1,0,0
5757,P08185,1,0,0
5757,P08842,1,0,0
5757,P10275,1,0,0
5757,P11474,1,0,0
5757,P20813,1,0,0
5757,P37840,1,0,0
5757,P50225,1,0,0
5757,Q06124,1,0,0
5757,Q06278,1,0,0
5757,Q13936,1,0,0
5757,Q16678,1,0,0
5757,Q7LCB3,0,1,0
5757,Q8TDU6,1,0,0
5757,Q92731,1,1,1
5790,P04818,0,1,1
5790,Q53Y97,0,1,0
5795,O95279,0,1,0
5795,P21817,0,1,1
5795,P35498,0,1,0
5795,P35499,0,1,0
5795,Q14524,0,1,0
5795,Q15413,0,1,1
5795,Q15858,0,1,0
5795,Q6B4S4,0,1,0
5795,Q92736,0,1,1
5795,Q99250,0,1,0
5795,Q9C007,0,1,0
5795,Q9NY46,0,1,0
5795,Q9UQD0,0,1,0
5795,Q9Y5Y9,0,1,0
5807,F1D8N4,0,1,0
5807,P04150,0,1,1
5815,A8KAG8,0,1,0
5815,P07550,0,1,1
5815,P08588,0,1,1
5815,P08913,0,1,1
5815,P13945,0,1,0
5815,P18089,0,1,1
5815,P18825,0,1,1
5815,P25100,0,1,0
5815,P35348,0,1,0
5815,P35368,0,1,0
5815,Q4W594,0,1,0
5815,X5DQM5,0,1,0
5816,P07550,0,1,1
5816,P08588,0,1,1
5816,P35348,0,1,0
5816,X5DQM5,0,1,0
5824,P22303,0,1,0
5831,A4D1Q0,0,1,0
5831,B4DK78,0,1,0
5831,P08172,0,1,1
5831,P11229,0,1,1
5831,P17787,0,1,1
5831,P32297,0,1,1
5831,P43681,0,1,1
5831,P49019,0,1,0
5831,Q04844,0,1,0
5831,Q15822,0,1,1
5831,Q15825,0,1,0
5831,Q53XZ3,0,1,0
5831,Q59FV0,0,1,0
5831,Q5SXY3,0,1,0
5831,Q6SL56,0,1,0
5831,Q86SJ1,0,1,0
5831,Q9GZZ6,0,1,0
5831,Q9UGM1,0,1,1
5833,P08235,0,1,1
5833,P30556,0,1,1
5833,Q53YY0,0,1,0
5852,A8K249,0,1,0
5852,P29466,0,1,1
5853,P06276,0,1,1
5853,P22303,0,1,1
5870,G4XH65,0,1,0
5870,P03372,0,1,1
5878,P10275,0,1,1
5878,Q9NUA2,0,1,0
5889,Q16678,1,0,0
5893,A0A0C4DG85,0,1,0
5893,A0A0K0K1J8,0,1,0
5893,A0A0K0K1K3,0,1,0
5893,A0A0S2Z410,0,1,0
5893,A0A0S2Z4J1,0,1,0
5893,A0A140VK76,0,1,0
5893,A0A140VKA9,0,1,0
5893,A0A384MTQ3,0,1,0
5893,A0A384N6C2,0,1,0
5893,A0A384NL38,0,1,0
5893,A0A384NPN7,0,1,0
5893,A0A384P5Q5,0,1,0
5893,A4Z6T7,0,1,0
5893,B2R659,0,1,0
5893,B7Z2C7,0,1,0
5893,E9KL48,0,1,0
5893,O43306,0,1,0
5893,O60266,0,1,0
5893,O60503,0,1,0
5893,O95622,0,1,0
5893,P00325,0,1,1
5893,P00326,0,1,1
5893,P00338,0,1,1
5893,P00352,0,1,1
5893,P00367,0,1,1
5893,P00390,0,1,1
5893,P04406,0,1,1
5893,P05091,0,1,1
5893,P07195,0,1,1
5893,P07327,0,1,1
5893,P09417,0,1,1
5893,P11245,0,1,1
5893,P11766,0,1,1
5893,P12268,0,1,1
5893,P14061,0,1,1
5893,P23368,0,1,1
5893,P23526,0,1,1
5893,P40145,0,1,0
5893,P40394,0,1,1
5893,P40925,0,1,1
5893,P49366,0,1,1
5893,P51659,0,1,1
5893,P51828,0,1,0
5893,Q00796,0,1,1
5893,Q08462,0,1,0
5893,Q08828,0,1,0
5893,Q14376,0,1,1
5893,Q16836,0,1,1
5893,Q49AL4,0,1,0
5893,Q4F7X0,0,1,0
5893,Q5U077,0,1,0
5893,Q6IRT1,0,1,0
5893,Q71UM8,0,1,0
5893,Q86YI0,0,1,0
5893,Q8NFM4,0,1,0
5893,Q96PN6,0,1,1
5893,Q96T66,0,1,1
5893,Q99714,0,1,1
5893,Q9HAN9,0,1,1
5893,V9HVZ4,0,1,0
5893,V9HW50,0,1,0
5893,V9HW83,0,1,0
5893,V9HW90,0,1,0
5893,V9HWB9,0,1,0
5893,V9HWF2,0,1,0
5905,A0A024R2M6,0,1,0
5905,P09110,0,1,1
5910,P11229,0,1,1
5910,Q53XZ3,0,1,0
5936,A0A140VJJ2,0,1,0
5936,A0A140VJT7,0,1,0
5936,A0A5F9YFS9,0,1,0
5936,A8K4U2,0,1,0
5936,A8K9A9,0,1,0
5936,B2RAH7,0,1,0
5936,B4DHX9,0,1,0
5936,B4DU77,0,1,0
5936,O00187,0,1,1
5936,O14773,0,1,1
5936,O60259,0,1,1
5936,P00740,0,1,1
5936,P00742,0,1,1
5936,P00746,0,1,1
5936,P00747,0,1,1
5936,P00748,0,1,1
5936,P00749,0,1,1
5936,P00750,0,1,1
5936,P03951,0,1,1
5936,P03952,0,1,1
5936,P06276,0,1,1
5936,P06870,0,1,1
5936,P07288,0,1,1
5936,P07478,0,1,0
5936,P08217,0,1,0
5936,P08709,0,1,1
5936,P08861,0,1,0
5936,P09958,0,1,1
5936,P10144,0,1,1
5936,P10323,0,1,0
5936,P10619,0,1,1
5936,P10768,0,1,1
5936,P12544,0,1,1
5936,P13798,0,1,0
5936,P16519,0,1,0
5936,P20151,0,1,1
5936,P20231,0,1,1
5936,P22303,0,1,1
5936,P22413,0,1,0
5936,P23946,0,1,1
5936,P24158,0,1,1
5936,P27169,0,1,0
5936,P27487,0,1,1
5936,P29120,0,1,0
5936,P29144,0,1,0
5936,P35030,0,1,1
5936,P42785,0,1,1
5936,P48147,0,1,1
5936,P49862,0,1,1
5936,P98073,0,1,1
5936,Q15165,0,1,0
5936,Q16740,0,1,1
5936,Q4FEB3,0,1,0
5936,Q546G3,0,1,0
5936,Q5JVE7,0,1,0
5936,Q5NV56,0,1,0
5936,Q67BC3,0,1,0
5936,Q6PK75,0,1,0
5936,Q6V1X1,0,1,1
5936,Q7Z5F4,0,1,0
5936,Q86TI2,0,1,1
5936,Q8IZZ5,0,1,0
5936,Q9BZJ3,0,1,0
5936,Q9NQE7,0,1,0
5936,Q9Y5Y6,0,1,1
5936,Q9Y6A9,0,1,1
5936,X6R8A1,0,1,0
5938,B4DK78,0,1,0
5938,P02708,0,1,0
5938,P30532,0,1,0
5938,P32297,0,1,0
5938,P36544,0,1,0
5938,P43681,0,1,0
5938,Q15822,0,1,0
5938,Q15825,0,1,0
5938,Q53SH4,0,1,0
5938,Q59FV0,0,1,0
5938,Q6EWN4,0,1,0
5938,Q9GZZ6,0,1,0
5938,Q9UGM1,0,1,0
5962,Q15046,0,1,1
5965,P06276,0,1,1
5965,P22303,0,1,1
59694,A0N0X8,0,1,0
59694,C1ID52,0,1,0
59694,P04798,0,1,1
59694,P05177,0,1,1
59694,P05181,0,1,1
59694,P08684,0,1,1
59694,P10632,0,1,1
59694,P10635,0,1,1
59694,P11509,0,1,1
59694,P11511,0,1,1
59694,P11712,0,1,1
59694,P13584,0,1,0
59694,P20813,0,1,1
59694,P20815,0,1,1
59694,P20853,0,1,0
59694,P24462,0,1,1
59694,P24903,0,1,0
59694,P33260,0,1,1
59694,P33261,0,1,1
59694,P51589,0,1,0
59694,Q16678,0,1,1
59694,Q16696,0,1,1
59694,Q53TK1,0,1,0
59694,Q5Y7H2,0,1,0
59694,Q6GRK0,0,1,0
59694,Q7Z348,0,1,0
59694,Q86W10,0,1,0
59694,Q8IYG4,0,1,0
59694,Q8N118,0,1,0
59694,Q8TCA4,0,1,0
59694,Q96SQ9,0,1,0
59694,Q9HB55,0,1,0
59772,A8K215,0,1,0
59772,P28221,0,1,1
59772,P28222,0,1,1
59772,P30939,0,1,1
59772,X5D7I5,0,1,0
59774,A5X5Y0,0,1,0
59774,B4E398,0,1,0
59774,O95264,0,1,0
59774,P46098,0,1,0
59774,Q70Z44,0,1,0
59774,Q8WXA8,0,1,0
5978,P33527,1,0,0
5983,P06276,0,1,1
5983,P22303,0,1,1
5991,G4XH65,0,1,0
5991,P03372,0,1,1
5994,G4XH65,0,1,0
5994,O75751,1,0,0
5994,O95342,1,0,0
5994,P03372,1,1,1
5994,P04150,1,0,0
5994,P04278,1,0,0
5994,P06401,1,1,1
5994,P08183,1,0,0
5994,P08185,1,0,0
5994,P08235,1,0,0
5994,P10275,1,0,0
5994,P11712,1,0,0
5994,P12104,1,0,0
5994,P35610,1,0,0
5994,P56373,1,0,0
5994,Q15125,1,0,0
5994,Q16850,1,0,0
5994,Q8TDU6,1,0,0
5994,Q99720,1,0,0
5994,Q9UNQ0,1,0,0
5997,P08183,1,0,0
5997,P09884,1,0,0
5997,P22059,1,0,0
5997,P35398,0,1,1
5997,P51449,1,0,0
5997,Q13133,1,0,0
5997,Q16850,1,0,0
6013,O95342,1,0,0
6013,P03372,1,0,0
6013,P04278,1,0,0
6013,P06276,1,0,0
6013,P08185,1,0,0
6013,P08684,1,0,0
6013,P10275,1,1,1
6013,P11511,1,0,0
6013,P16662,1,0,0
6013,P37840,1,0,0
6013,Q13936,1,0,0
6013,Q15125,1,0,0
6013,Q16678,1,0,0
6013,Q16850,1,0,0
6013,Q8TDU6,1,0,0
6013,Q92731,1,0,0
6013,Q99720,1,0,0
6013,Q9NUA2,0,1,0
6014,P35367,0,1,1
6014,Q9UGI6,0,1,0
60168,A4D1Q0,0,1,0
60168,P08172,0,1,0
60168,Q15822,0,1,0
60168,Q6SL56,0,1,0
60168,Q86SJ1,0,1,0
60198,P11511,0,1,1
60198,P17787,0,1,1
60198,Q5SXY3,0,1,0
60198,Q8IYG4,0,1,0
60198,Q8TCA4,0,1,0
6047,P14416,0,1,1
6047,P21728,0,1,1
6049,A0A384N679,0,1,0
6049,P08473,0,1,1
6049,P14735,0,1,1
6049,P16870,0,1,0
60490,P09917,0,1,1
60496,O00555,0,1,0
60496,O60840,0,1,0
60496,Q01668,0,1,0
60496,Q13698,0,1,0
60496,Q13936,0,1,0
60496,Q59GD8,0,1,0
60594,P00797,0,1,0
60662,B3KQH9,0,1,0
60662,O00555,0,1,0
60662,O43497,0,1,0
60662,O95180,0,1,0
60662,Q15878,0,1,0
60662,Q59FG1,0,1,0
60662,Q9P0X4,0,1,0
60692,A0A0S2Z3D0,0,1,0
60692,A8K3J4,0,1,0
60692,B4DUH8,0,1,0
60692,O43570,0,1,1
60692,P00915,0,1,1
60692,P00918,0,1,1
60692,P07451,0,1,1
60692,P22748,0,1,1
60692,P23280,0,1,1
60692,P35218,0,1,0
60692,P35219,0,1,1
60692,P43166,0,1,1
60692,Q16790,0,1,1
60692,Q8N1Q1,0,1,1
60692,Q9ULX7,0,1,1
60692,Q9Y2D0,0,1,0
60692,V9HW21,0,1,0
60692,V9HWA3,0,1,0
60692,V9HWE3,0,1,0
60699,E5KMK7,0,1,0
60699,O95985,0,1,1
60699,P11387,0,1,1
60699,Q13472,0,1,1
60699,Q969P6,0,1,0
60699,Q9BVT2,0,1,0
60750,F5CTF3,0,1,0
60750,P04818,0,1,1
60750,P23921,0,1,1
60750,P27707,0,1,1
60750,P30085,0,1,1
60750,Q53Y97,0,1,0
60781,A0A384MEJ5,0,1,0
60781,P49354,0,1,1
60781,P49356,0,1,1
60790,A0A0S2Z4T6,0,1,0
60790,A0A140VJR0,0,1,0
60790,A7E2E5,0,1,0
60790,B3KN77,0,1,0
60790,F6R4I1,0,1,0
60790,O00408,0,1,1
60790,O43849,0,1,0
60790,O43924,0,1,1
60790,O60658,0,1,1
60790,O76074,0,1,1
60790,O76083,0,1,1
60790,O95263,0,1,0
60790,P18545,0,1,1
60790,P27815,0,1,1
60790,P54750,0,1,0
60790,Q07343,0,1,1
60790,Q08493,0,1,1
60790,Q08499,0,1,1
60790,Q13370,0,1,1
60790,Q13946,0,1,1
60790,Q13956,0,1,0
60790,Q14123,0,1,0
60790,Q32MM7,0,1,0
60790,Q6IB24,0,1,0
60790,Q8IW54,0,1,0
60790,Q9HCR9,0,1,0
60790,Q9NP56,0,1,0
60790,Q9Y233,0,1,1
60790,X5DNX5,0,1,0
60795,A8K5W4,0,1,0
60795,A8K8E4,0,1,0
60795,C1ID52,0,1,0
60795,P08908,0,1,1
60795,P10635,0,1,1
60795,P14416,0,1,1
60795,P28223,0,1,1
60795,P28335,0,1,1
60795,P35462,0,1,1
60795,P41595,0,1,1
60795,Q5Y7H2,0,1,0
60795,Q5ZGX3,0,1,0
60795,X5D2G4,0,1,0
6081,P25100,0,1,0
6081,P35348,0,1,0
6081,P35368,0,1,0
60822,P04035,0,1,0
60824,P21397,0,1,1
60824,P27338,0,1,1
60824,Q49A63,0,1,0
60824,Q53YE7,0,1,0
6083,A8K9T3,0,1,0
6083,P06737,0,1,1
6083,P07741,0,1,1
6083,P11216,0,1,1
6083,P11217,0,1,1
6083,P23109,0,1,0
6083,P33121,0,1,0
6083,P55263,0,1,1
6083,Q08828,0,1,0
6083,Q13131,0,1,1
6083,Q6DKJ3,0,1,0
6083,Q9NR19,0,1,0
6083,Q9NUB1,0,1,1
60837,E5KMK7,0,1,0
60837,O95985,0,1,0
60837,P11387,0,1,0
60837,Q13472,0,1,0
60837,Q969P6,0,1,0
60837,Q9BVT2,0,1,0
60846,P30556,0,1,1
60846,Q53YY0,0,1,0
60855,B3KR54,0,1,0
60855,Q5JQI0,0,1,0
60855,Q8WWR8,0,1,0
60855,Q99519,0,1,0
60855,Q9UQ49,0,1,0
60855,Q9Y3R4,0,1,1
60857,A8K215,0,1,0
60857,P28221,0,1,1
60857,P28222,0,1,1
60857,X5D7I5,0,1,0
60875,P30939,0,1,1
60953,P06401,0,1,1
60961,Q08828,0,1,0
6100,P07550,0,1,1
6100,P08588,0,1,1
6100,X5DQM5,0,1,0
610479,P23219,0,1,1
610479,P35354,0,1,1
61100,P21397,0,1,1
61100,P27338,0,1,1
61100,Q49A63,0,1,0
61100,Q53YE7,0,1,0
61367,P22001,0,1,0
61367,Q92953,0,1,0
6140,A0A140VKB7,0,1,0
6140,O95363,0,1,1
6140,P00439,0,1,1
6140,P07101,0,1,1
6140,P17735,0,1,1
6140,P78428,0,1,0
6140,Q6IBR2,0,1,0
6140,Q9NSD9,0,1,1
6140,Q9Y285,0,1,1
6215,P47712,0,1,1
6230,P06401,0,1,1
6253,P06746,0,1,1
6256,A0A024R2M6,0,1,0
6256,P09110,0,1,1
6274,P12081,0,1,1
6274,P19113,0,1,1
6274,P42357,0,1,0
62770,P00915,0,1,1
62770,P00918,0,1,1
62770,P22748,0,1,1
62770,P42262,0,1,1
62770,Q12791,0,1,1
62770,V9HW21,0,1,0
62770,V9HWE3,0,1,0
6279,P06401,0,1,1
62857,P48051,0,1,0
62857,Q92952,0,1,0
62857,Q9H2S1,0,1,1
62857,Q9UGI6,0,1,0
6287,A0A024R6G4,0,1,0
6287,A0A0G2JH62,0,1,0
6287,B4DG77,0,1,0
6287,B4E0K6,0,1,0
6287,O14874,0,1,0
6287,P05165,0,1,1
6287,P05166,0,1,0
6287,P54687,0,1,1
6287,Q02252,0,1,0
6287,Q5ST30,0,1,0
6287,Q9UKU7,0,1,1
6288,P05165,0,1,1
6288,P05166,0,1,0
6288,P26639,0,1,1
62882,A8KAG8,0,1,0
62882,P07550,0,1,1
62882,P08588,0,1,1
62882,P13945,0,1,0
62882,X5DQM5,0,1,0
62886,Q15822,0,1,0
62920,O60840,0,1,0
62920,P16389,0,1,0
62920,P22001,0,1,0
62920,P22460,0,1,0
62920,P48547,0,1,0
62920,Q09470,0,1,0
62920,Q13698,0,1,0
62920,Q13936,0,1,0
62937,P07550,0,1,0
62937,P08588,0,1,0
62937,X5DQM5,0,1,0
62956,B4DKH4,0,1,0
62956,P12821,0,1,1
62969,P22001,0,1,1
62969,P48051,0,1,0
62969,Q13698,0,1,1
62969,Q13936,0,1,0
62969,Q16322,0,1,0
62969,Q96PR1,0,1,0
62969,Q96RP8,0,1,0
63030,P05023,0,1,0
6306,A0A0S2Z3P9,0,1,0
6306,A0A140VJX1,0,1,0
6306,O14874,0,1,0
6306,O15382,0,1,1
6306,P05165,0,1,1
6306,P05166,0,1,0
6306,P24752,0,1,1
6306,P41252,0,1,0
6306,P45954,0,1,1
6306,P54687,0,1,1
6314,O95279,0,1,0
6314,P35498,0,1,0
6314,P35499,0,1,0
6314,Q14524,0,1,0
6314,Q15858,0,1,0
6314,Q6B4S4,0,1,0
6314,Q99250,0,1,0
6314,Q9C007,0,1,0
6314,Q9NY46,0,1,0
6314,Q9UQD0,0,1,0
6314,Q9Y5Y9,0,1,0
6321303,B4DK78,0,1,0
6321303,P02708,0,1,0
6321303,P30532,0,1,0
6321303,P32297,0,1,0
6321303,P36544,0,1,0
6321303,P43681,0,1,0
6321303,Q15822,0,1,0
6321303,Q15825,0,1,0
6321303,Q53SH4,0,1,0
6321303,Q59FV0,0,1,0
6321303,Q6EWN4,0,1,0
6321303,Q9GZZ6,0,1,0
6321303,Q9UGM1,0,1,0
636362,P11388,0,1,1
636362,Q02880,0,1,1
636380,P00742,0,1,0
636380,Q5JVE7,0,1,0
636397,P11388,0,1,0
636397,Q02880,0,1,0
636399,P21397,0,1,1
636399,P27338,0,1,1
636399,Q49A63,0,1,0
636399,Q53YE7,0,1,0
637775,P23219,1,0,0
637775,P35354,1,0,0
638015,P05067,1,0,0
638015,P37840,1,0,0
638015,Q9Y466,1,0,0
64119,O95279,0,1,0
64119,P22460,0,1,0
64119,P35498,0,1,1
64119,P35499,0,1,1
64119,P48051,0,1,0
64119,Q14524,0,1,1
64119,Q15858,0,1,1
64119,Q6B4S4,0,1,0
64119,Q99250,0,1,1
64119,Q9C007,0,1,0
64119,Q9NY46,0,1,1
64119,Q9UK17,0,1,1
64119,Q9UQD0,0,1,0
64119,Q9Y5Y9,0,1,1
6419928,B4DK78,0,1,0
6419928,P02708,0,1,0
6419928,P22303,0,1,0
6419928,P30532,0,1,0
6419928,P32297,0,1,0
6419928,P36544,0,1,0
6419928,P43681,0,1,0
6419928,Q15822,0,1,0
6419928,Q15825,0,1,0
6419928,Q53SH4,0,1,0
6419928,Q59FV0,0,1,0
6419928,Q6EWN4,0,1,0
6419928,Q9GZZ6,0,1,0
6419928,Q9UGM1,0,1,0
6420009,G4XH65,0,1,0
6420009,P03372,0,1,1
6420040,Q9Y5Y9,0,1,0
6420042,A0A8D9PH81,0,1,0
6420042,A0A8D9PHB2,0,1,0
6420042,O15398,0,1,0
6420042,O15399,0,1,0
6420042,O60391,0,1,0
6420042,P48051,0,1,0
6420042,Q05586,0,1,1
6420042,Q12879,0,1,1
6420042,Q13224,0,1,1
6420042,Q14957,0,1,0
6420042,Q547U9,0,1,0
6420042,Q59G17,0,1,0
6420042,Q5F0I5,0,1,0
6420042,Q8TCU5,0,1,0
6431825,A0A0S2Z4T6,0,1,0
6431825,A0A140VJR0,0,1,0
6431825,A7E2E5,0,1,0
6431825,B3KN77,0,1,0
6431825,F6R4I1,0,1,0
6431825,O00408,0,1,0
6431825,O43849,0,1,0
6431825,O43924,0,1,1
6431825,O60658,0,1,1
6431825,O76074,0,1,1
6431825,O76083,0,1,1
6431825,O95263,0,1,0
6431825,P18545,0,1,1
6431825,P27815,0,1,1
6431825,P54750,0,1,0
6431825,Q07343,0,1,1
6431825,Q08493,0,1,1
6431825,Q08499,0,1,1
6431825,Q13370,0,1,1
6431825,Q13946,0,1,1
6431825,Q13956,0,1,0
6431825,Q14123,0,1,0
6431825,Q32MM7,0,1,0
6431825,Q6IB24,0,1,0
6431825,Q8IW54,0,1,0
6431825,Q9HCR9,0,1,0
6431825,Q9NP56,0,1,0
6431825,Q9Y233,0,1,1
6431825,X5DNX5,0,1,0
6435922,O00555,0,1,0
6435922,O60840,0,1,0
6435922,Q01668,0,1,0
6435922,Q13698,0,1,0
6435922,Q13936,0,1,0
6435922,Q59GD8,0,1,0
6436002,P21731,0,1,0
6436002,Q05C92,0,1,0
6436002,Q0VAB0,0,1,0
643975,A0A024RBI1,0,1,0
643975,A0A0A0MT64,0,1,0
643975,A0A0A0MT83,0,1,0
643975,A0A0S2Z366,0,1,0
643975,A0ACM8RFH8,0,1,0
643975,B2RCG5,0,1,0
643975,B3KPX6,0,1,0
643975,E5KSD5,0,1,0
643975,P00390,0,1,0
643975,P11310,0,1,0
643975,P14920,0,1,0
643975,P15559,0,1,0
643975,P16083,0,1,0
643975,P16219,0,1,0
643975,P22570,0,1,0
643975,P26440,0,1,0
643975,P27338,0,1,0
643975,P47989,0,1,0
643975,Q01740,0,1,0
643975,Q12882,0,1,0
643975,Q92947,0,1,0
643975,Q9UKU7,0,1,0
643975,V9HW90,0,1,0
6444692,A0A087WX63,0,1,0
6444692,A0A140VJJ0,0,1,0
6444692,A0A384MU00,0,1,0
6444692,B6D4Y2,0,1,0
6444692,B7ZKJ3,0,1,0
6444692,F2YGG7,0,1,0
6444692,F6QWY5,0,1,0
6444692,F6RDZ0,0,1,0
6444692,F6TUL7,0,1,0
6444692,O15146,0,1,0
6444692,P00533,0,1,1
6444692,P04626,0,1,1
6444692,P04629,0,1,1
6444692,P06213,0,1,0
6444692,P07333,0,1,1
6444692,P07949,0,1,1
6444692,P08069,0,1,1
6444692,P08581,0,1,1
6444692,P08922,0,1,1
6444692,P09619,0,1,1
6444692,P10721,0,1,1
6444692,P11362,0,1,1
6444692,P14616,0,1,0
6444692,P16234,0,1,1
6444692,P17948,0,1,0
6444692,P21709,0,1,1
6444692,P21802,0,1,1
6444692,P21860,0,1,1
6444692,P22455,0,1,1
6444692,P22607,0,1,1
6444692,P29317,0,1,1
6444692,P29320,0,1,1
6444692,P29322,0,1,1
6444692,P29323,0,1,1
6444692,P29376,0,1,1
6444692,P30530,0,1,1
6444692,P34925,0,1,1
6444692,P35590,0,1,1
6444692,P35916,0,1,1
6444692,P35968,0,1,1
6444692,P36888,0,1,1
6444692,P54753,0,1,1
6444692,P54756,0,1,1
6444692,P54760,0,1,1
6444692,P54762,0,1,1
6444692,P54764,0,1,1
6444692,Q01973,0,1,1
6444692,Q01974,0,1,1
6444692,Q02763,0,1,1
6444692,Q04912,0,1,1
6444692,Q06418,0,1,1
6444692,Q08345,0,1,1
6444692,Q0IJ44,0,1,0
6444692,Q12866,0,1,1
6444692,Q13308,0,1,1
6444692,Q15303,0,1,1
6444692,Q15375,0,1,1
6444692,Q16288,0,1,1
6444692,Q16620,0,1,1
6444692,Q16832,0,1,1
6444692,Q4LE53,0,1,0
6444692,Q504U8,0,1,0
6444692,Q548C2,0,1,0
6444692,Q59F04,0,1,0
6444692,Q59FQ5,0,1,0
6444692,Q59FT4,0,1,0
6444692,Q59HG2,0,1,0
6444692,Q5VWE5,0,1,0
6444692,Q6NVW1,0,1,0
6444692,Q6P4R6,0,1,0
6444692,Q8WTZ8,0,1,0
6444692,Q96L35,0,1,0
6444692,Q9UF33,0,1,0
6444692,Q9UM73,0,1,1
6444692,X5D2R1,0,1,0
6444692,X5DNK3,0,1,0
6446,G4XH65,0,1,0
6446,P03372,0,1,1
6446,P10275,0,1,1
6446,Q9NUA2,0,1,0
6446650,P21397,0,1,0
6446650,P27338,0,1,0
6446650,Q49A63,0,1,0
6446650,Q53YE7,0,1,0
6450551,A0A0S2Z4T6,0,1,0
6450551,A0A140VJR0,0,1,0
6450551,A7E2E5,0,1,0
6450551,B3KN77,0,1,0
6450551,F6R4I1,0,1,0
6450551,O00408,0,1,1
6450551,O43849,0,1,0
6450551,O43924,0,1,1
6450551,O60658,0,1,1
6450551,O76074,0,1,1
6450551,O76083,0,1,1
6450551,O95263,0,1,0
6450551,P18545,0,1,1
6450551,P27815,0,1,1
6450551,P54750,0,1,0
6450551,Q07343,0,1,1
6450551,Q08493,0,1,1
6450551,Q08499,0,1,1
6450551,Q13370,0,1,1
6450551,Q13946,0,1,1
6450551,Q13956,0,1,0
6450551,Q14123,0,1,0
6450551,Q32MM7,0,1,0
6450551,Q6IB24,0,1,0
6450551,Q8IW54,0,1,0
6450551,Q9HCR9,0,1,0
6450551,Q9NP56,0,1,0
6450551,Q9Y233,0,1,1
6450551,X5DNX5,0,1,0
64640,B2RDS2,0,1,0
64640,F6VUL8,0,1,0
64640,O95069,0,1,0
64640,O95259,0,1,0
64640,O95279,0,1,0
64640,P22459,0,1,0
64640,P22460,0,1,0
64640,P35498,0,1,0
64640,P35499,0,1,0
64640,P57789,0,1,0
64640,Q14524,0,1,0
64640,Q15858,0,1,0
64640,Q6B4S4,0,1,0
64640,Q6ZW95,0,1,0
64640,Q8NCM2,0,1,0
64640,Q96RP8,0,1,0
64640,Q96T55,0,1,0
64640,Q99250,0,1,0
64640,Q9C007,0,1,0
64640,Q9NY46,0,1,0
64640,Q9UQD0,0,1,0
64640,Q9Y257,0,1,0
64642,B2RDS2,0,1,0
64642,F6VUL8,0,1,0
64642,O95069,0,1,1
64642,O95259,0,1,1
64642,O95279,0,1,0
64642,P22459,0,1,0
64642,P22460,0,1,0
64642,P35498,0,1,0
64642,P35499,0,1,0
64642,P57789,0,1,1
64642,Q14524,0,1,0
64642,Q15858,0,1,0
64642,Q6B4S4,0,1,0
64642,Q6ZW95,0,1,0
64642,Q8NCM2,0,1,0
64642,Q96RP8,0,1,0
64642,Q96T55,0,1,0
64642,Q99250,0,1,0
64642,Q9C007,0,1,0
64642,Q9NY46,0,1,0
64642,Q9UQD0,0,1,0
64642,Q9Y257,0,1,0
64747,P23219,0,1,0
64747,P35354,0,1,0
64922,P00797,0,1,1
65064,O14684,1,0,0
65064,O14746,1,0,0
65064,O43781,1,0,0
65064,O75173,1,0,0
65064,O75530,1,0,0
65064,O95342,1,0,0
65064,O95544,1,0,0
65064,P02766,1,0,0
65064,P05067,1,0,0
65064,P05121,1,0,0
65064,P06241,1,0,0
65064,P08183,1,0,0
65064,P08238,1,0,0
65064,P08246,1,0,0
65064,P08253,1,0,0
65064,P08581,1,0,0
65064,P08865,1,0,0
65064,P09237,1,0,0
65064,P0DUB6,1,0,0
65064,P10415,1,0,0
65064,P10636,1,0,0
65064,P10809,1,0,0
65064,P18669,1,0,0
65064,P21554,1,0,0
65064,P26358,1,0,0
65064,P27487,1,0,0
65064,P28074,1,0,0
65064,P28845,1,0,0
65064,P34972,1,0,0
65064,P42224,1,0,0
65064,P43351,1,0,0
65064,P49327,1,0,0
65064,P49674,1,0,0
65064,P49759,1,0,0
65064,P49760,1,0,0
65064,P49761,1,0,0
65064,P49841,1,0,0
65064,P50281,1,0,0
65064,P52209,1,0,0
65064,P56817,1,0,0
65064,P78536,1,0,0
65064,Q09472,1,0,0
65064,Q13526,1,0,0
65064,Q13627,1,0,0
65064,Q16539,1,0,0
65064,Q16762,1,0,0
65064,Q92630,1,0,0
65064,Q92793,1,0,0
65064,Q92831,1,0,0
65064,Q92993,1,0,0
65064,Q9HAZ1,1,0,0
65064,Q9UNA0,1,0,0
65324,P07550,0,1,1
65324,P08588,0,1,1
65324,X5DQM5,0,1,0
65326,P00491,0,1,1
65326,V9HWH6,0,1,0
65327,Q9UGI6,0,1,0
65328,P08913,0,1,0
65328,P18089,0,1,0
65328,P18825,0,1,0
65328,P23975,0,1,0
65328,P25100,0,1,0
65328,P35348,0,1,0
65328,P35368,0,1,0
65328,Q4W594,0,1,0
65329,P51787,0,1,0
65329,Q96AI9,0,1,0
65340,A5X5Y0,0,1,0
65340,B4E398,0,1,0
65340,O95264,0,1,0
65340,P46098,0,1,0
65340,Q70Z44,0,1,0
65340,Q8WXA8,0,1,0
65348,P11388,0,1,1
65348,Q02880,0,1,1
65494,G8XRH5,0,1,0
65494,P35372,0,1,1
656583,P14060,0,1,0
656609,P34981,0,1,0
656631,A8K215,0,1,0
656631,A8K5W4,0,1,0
656631,P08684,0,1,1
656631,P08908,0,1,1
656631,P28221,0,1,1
656631,P28222,0,1,1
656631,P28566,0,1,1
656631,P30939,0,1,1
656631,P34969,0,1,1
656631,P41595,0,1,1
656631,Q5ZGX3,0,1,0
656631,Q6GRK0,0,1,0
656631,X5D7I5,0,1,0
656652,A0A0S2Z4T6,0,1,0
656652,A0A140VJR0,0,1,0
656652,A7E2E5,0,1,0
656652,B3KN77,0,1,0
656652,F6R4I1,0,1,0
656652,O00408,0,1,1
656652,O43849,0,1,0
656652,O43924,0,1,1
656652,O60658,0,1,1
656652,O76074,0,1,1
656652,O76083,0,1,1
656652,O95263,0,1,0
656652,P18545,0,1,1
656652,P27815,0,1,1
656652,P54750,0,1,0
656652,Q07343,0,1,1
656652,Q08493,0,1,1
656652,Q08499,0,1,1
656652,Q13370,0,1,1
656652,Q13946,0,1,1
656652,Q13956,0,1,0
656652,Q14123,0,1,0
656652,Q32MM7,0,1,0
656652,Q6IB24,0,1,0
656652,Q8IW54,0,1,0
656652,Q9HCR9,0,1,0
656652,Q9NP56,0,1,0
656652,Q9Y233,0,1,1
656652,X5DNX5,0,1,0
656664,A5X5Y0,0,1,0
656664,B4E398,0,1,0
656664,O75311,0,1,1
656664,O95264,0,1,0
656664,P23415,0,1,1
656664,P23416,0,1,1
656664,P46098,0,1,0
656664,Q70Z44,0,1,0
656664,Q8WXA8,0,1,0
656664,Q9UPF3,0,1,0
656677,A8KAG8,0,1,0
656677,P07550,0,1,0
656677,P08588,0,1,0
656677,P13945,0,1,0
656677,X5DQM5,0,1,0
656684,Q12809,0,1,0
656684,Q15BH2,0,1,0
656783,A8KAG8,0,1,0
656783,P07550,0,1,1
656783,P08588,0,1,1
656783,P13945,0,1,0
656783,X5DQM5,0,1,0
656845,A8K177,0,1,0
656845,P14867,0,1,0
656845,P31644,0,1,0
656845,P34903,0,1,0
656845,P47869,0,1,0
656845,P48169,0,1,0
656845,Q16445,0,1,0
656845,X5D7F5,0,1,0
656846,P04035,0,1,0
657201,A4D1Q0,0,1,0
657201,P08172,0,1,1
657201,P11229,0,1,1
657201,P20309,0,1,1
657201,Q53XZ3,0,1,0
657201,Q6SL56,0,1,0
657201,Q86SJ1,0,1,0
657298,A0A024R6K8,0,1,0
657298,A8K415,0,1,0
657298,P05164,0,1,1
657298,P07202,0,1,0
657298,P11678,0,1,0
657298,P22079,0,1,0
657298,P23381,0,1,1
657298,P49895,0,1,0
657298,P55073,0,1,0
657298,Q502Y3,0,1,0
657298,Q6P534,0,1,0
657298,Q86TU3,0,1,0
657298,Q92813,0,1,0
657348,P22303,0,1,1
65889,P08913,0,1,1
65889,P18089,0,1,1
65889,P18825,0,1,1
65889,P23975,0,1,0
65889,P25100,0,1,0
65889,P35348,0,1,0
65889,P35368,0,1,0
65889,Q4W594,0,1,0
65981,A8K432,0,1,0
65981,P48048,0,1,0
65999,P30556,0,1,1
65999,P37231,0,1,1
65999,Q53YY0,0,1,0
66062,P48051,0,1,0
66064,Q9H2S1,0,1,0
66068,P35498,0,1,0
66068,P35499,0,1,0
66068,Q14524,0,1,0
66068,Q15858,0,1,0
66068,Q6B4S4,0,1,0
66068,Q99250,0,1,0
66068,Q9C007,0,1,0
66068,Q9NY46,0,1,0
66068,Q9UQD0,0,1,0
66070,O95279,0,1,0
66070,P35498,0,1,0
66070,P35499,0,1,0
66070,Q14524,0,1,0
66070,Q15858,0,1,0
66070,Q6B4S4,0,1,0
66070,Q99250,0,1,0
66070,Q9C007,0,1,0
66070,Q9NY46,0,1,0
66070,Q9UQD0,0,1,0
66070,Q9Y5Y9,0,1,0
66250,Q5T6X5,0,1,0
66259,P08913,0,1,1
66259,P18089,0,1,1
66259,P18825,0,1,1
66259,P25100,0,1,0
66259,P35348,0,1,0
66259,P35368,0,1,0
66259,Q4W594,0,1,0
66383,P32238,0,1,1
66383,P32239,0,1,1
667467,P14416,0,1,1
667467,P21728,0,1,1
667476,G4XH65,0,1,0
667476,P03372,0,1,1
667484,A8K177,0,1,0
667484,A8K496,0,1,0
667484,O14764,0,1,1
667484,P14867,0,1,1
667484,P18505,0,1,0
667484,P18507,0,1,1
667484,P24046,0,1,0
667484,P28472,0,1,1
667484,P31644,0,1,1
667484,P34903,0,1,0
667484,P47869,0,1,0
667484,P47870,0,1,1
667484,P48169,0,1,1
667484,P78334,0,1,0
667484,Q16445,0,1,0
667484,Q99928,0,1,0
667484,Q9UN88,0,1,0
667484,X5D7F5,0,1,0
667484,X5DNL6,0,1,0
6726,P04035,0,1,1
67356,Q9UGI6,0,1,0
68304,O95279,0,1,0
68304,P35498,0,1,0
68304,P35499,0,1,1
68304,Q14524,0,1,1
68304,Q15858,0,1,0
68304,Q6B4S4,0,1,0
68304,Q99250,0,1,0
68304,Q9C007,0,1,0
68304,Q9NY46,0,1,1
68304,Q9UQD0,0,1,0
68304,Q9Y5Y9,0,1,1
6850814,B4DKH4,0,1,0
6850814,P12821,0,1,1
68540,A0A8I5KPF5,0,1,0
68540,A5X2V1,0,1,0
68540,A8K1U5,0,1,0
68540,B2R812,0,1,0
68540,B3KQH9,0,1,0
68540,O43497,0,1,0
68540,O95180,0,1,0
68540,P37088,0,1,0
68540,P51168,0,1,0
68540,P51170,0,1,0
68540,P51172,0,1,0
68540,P78348,0,1,0
68540,P98161,0,1,0
68540,Q16515,0,1,0
68540,Q9GZU1,0,1,0
68540,Q9NY37,0,1,0
68540,Q9UHC3,0,1,0
68540,Q9Y210,0,1,0
68546,P08913,0,1,1
68546,P18089,0,1,1
68546,P18825,0,1,1
68546,P25100,0,1,0
68546,P35348,0,1,0
68546,P35368,0,1,0
68546,Q4W594,0,1,0
68551,P43088,0,1,0
68551,P43119,0,1,0
68552,P08913,0,1,0
68552,P18089,0,1,0
68552,P18825,0,1,0
68552,P23975,0,1,0
68552,P25100,0,1,0
68552,P35348,0,1,0
68552,P35368,0,1,0
68552,Q4W594,0,1,0
68553,P11712,0,1,1
68553,P33261,0,1,1
68617,B2R7Y7,0,1,0
68617,P31645,0,1,1
6883,A0A140VJE6,0,1,0
6883,P16066,0,1,0
68844,A0A0S2Z3D0,0,1,0
68844,A8K3J4,0,1,0
68844,B4DUH8,0,1,0
68844,O43570,0,1,1
68844,P00915,0,1,1
68844,P00918,0,1,1
68844,P07451,0,1,1
68844,P22748,0,1,1
68844,P23280,0,1,1
68844,P35218,0,1,0
68844,P35219,0,1,1
68844,P43166,0,1,1
68844,Q16790,0,1,1
68844,Q8N1Q1,0,1,1
68844,Q9ULX7,0,1,1
68844,Q9Y2D0,0,1,0
68844,V9HW21,0,1,0
68844,V9HWA3,0,1,0
68844,V9HWE3,0,1,0
6914273,P21817,0,1,1
6917719,B4DKH4,0,1,0
6917719,P12821,0,1,0
6917793,P34981,0,1,1
6917815,B4DKH4,0,1,0
6917815,P12821,0,1,1
6917956,B4DKH4,0,1,0
6917956,P12821,0,1,1
6918003,A5X5Y0,0,1,0
6918003,B4E398,0,1,0
6918003,O95264,0,1,0
6918003,P46098,0,1,0
6918003,Q70Z44,0,1,0
6918003,Q8WXA8,0,1,0
6918034,A0A0S2Z4T6,0,1,0
6918034,A0A140VJR0,0,1,0
6918034,A7E2E5,0,1,0
6918034,B3KN77,0,1,0
6918034,F6R4I1,0,1,0
6918034,O00408,0,1,1
6918034,O43849,0,1,0
6918034,O43924,0,1,1
6918034,O60658,0,1,1
6918034,O76074,0,1,1
6918034,O76083,0,1,1
6918034,O95263,0,1,0
6918034,P18545,0,1,1
6918034,P27815,0,1,1
6918034,P54750,0,1,0
6918034,Q07343,0,1,1
6918034,Q08493,0,1,1
6918034,Q08499,0,1,1
6918034,Q13370,0,1,0
6918034,Q13946,0,1,1
6918034,Q13956,0,1,0
6918034,Q14123,0,1,0
6918034,Q32MM7,0,1,0
6918034,Q6IB24,0,1,0
6918034,Q8IW54,0,1,0
6918034,Q9HCR9,0,1,0
6918034,Q9NP56,0,1,0
6918034,Q9Y233,0,1,1
6918034,X5DNX5,0,1,0
6918047,A0A2D3FAF9,0,1,0
6918047,Q13639,0,1,0
6918078,P22303,0,1,1
6918111,O95279,0,1,0
6918111,P35498,0,1,0
6918111,P35499,0,1,0
6918111,Q14524,0,1,0
6918111,Q15858,0,1,0
6918111,Q6B4S4,0,1,0
6918111,Q99250,0,1,0
6918111,Q9C007,0,1,0
6918111,Q9NY46,0,1,0
6918111,Q9UQD0,0,1,0
6918111,Q9Y5Y9,0,1,0
6918132,A0A0S2Z3D0,0,1,0
6918132,A8K3J4,0,1,0
6918132,B4DUH8,0,1,0
6918132,O43570,0,1,1
6918132,P00915,0,1,1
6918132,P00918,0,1,1
6918132,P07451,0,1,1
6918132,P22748,0,1,1
6918132,P23280,0,1,1
6918132,P35218,0,1,0
6918132,P35219,0,1,1
6918132,P43166,0,1,1
6918132,Q16790,0,1,1
6918132,Q8N1Q1,0,1,1
6918132,Q9ULX7,0,1,1
6918132,Q9Y2D0,0,1,0
6918132,V9HW21,0,1,0
6918132,V9HWA3,0,1,0
6918132,V9HWE3,0,1,0
6918235,B2RC52,0,1,0
6918235,Q14654,0,1,0
69568,Q5T6X5,0,1,0
6989,O75762,1,0,0
7002,P05177,1,0,0
7002,P11509,1,0,0
7047,P10635,1,0,0
7047,P14598,1,0,0
7047,P40261,1,0,0
71177,A4D1Q0,0,1,0
71177,P08172,0,1,1
71177,P08173,0,1,1
71177,P08912,0,1,1
71177,P11229,0,1,1
71177,P20309,0,1,1
71177,Q53XZ3,0,1,0
71177,Q6SL56,0,1,0
71177,Q86SJ1,0,1,0
71320,B4DKH4,0,1,0
71320,P12821,0,1,1
71329,F6VUL8,0,1,0
71329,O95069,0,1,1
71329,Q12809,0,1,1
71329,Q15BH2,0,1,0
71329,Q6ZW95,0,1,0
71329,Q8NCM2,0,1,0
71355,O75908,0,1,1
71355,P35610,0,1,1
71401,P08913,0,1,0
71401,P18089,0,1,0
71401,P18825,0,1,0
71401,Q4W594,0,1,0
71405,A6H8K3,0,1,0
71405,A8K8E4,0,1,0
71405,B3KQH9,0,1,0
71405,O00305,0,1,0
71405,O00555,0,1,0
71405,O43497,0,1,0
71405,O60840,0,1,0
71405,O75762,0,1,0
71405,O95180,0,1,0
71405,P14416,0,1,0
71405,P21728,0,1,0
71405,P21817,0,1,0
71405,P21918,0,1,0
71405,P35367,0,1,0
71405,P35462,0,1,0
71405,P54284,0,1,0
71405,P54289,0,1,0
71405,P62955,0,1,0
71405,P98161,0,1,0
71405,Q00975,0,1,0
71405,Q01668,0,1,0
71405,Q02641,0,1,0
71405,Q06432,0,1,0
71405,Q08289,0,1,0
71405,Q13698,0,1,0
71405,Q13936,0,1,0
71405,Q14573,0,1,0
71405,Q14643,0,1,0
71405,Q15413,0,1,0
71405,Q15878,0,1,0
71405,Q59ES2,0,1,0
71405,Q59FG1,0,1,0
71405,Q59GD8,0,1,0
71405,Q7Z3S7,0,1,0
71405,Q8IZS8,0,1,0
71405,Q92736,0,1,0
71405,Q9H1D0,0,1,0
71405,Q9NY47,0,1,0
71405,Q9P0X4,0,1,0
71405,Q9UBN1,0,1,0
71405,Q9Y698,0,1,0
71405,X5D2G4,0,1,0
71454,A0N0X8,0,1,0
71454,C1ID52,0,1,0
71454,P04798,0,1,0
71454,P05093,0,1,0
71454,P05177,0,1,0
71454,P05181,0,1,0
71454,P08684,0,1,0
71454,P10632,0,1,0
71454,P10635,0,1,0
71454,P11509,0,1,0
71454,P11511,0,1,0
71454,P11712,0,1,0
71454,P13584,0,1,0
71454,P20813,0,1,0
71454,P20815,0,1,0
71454,P20853,0,1,0
71454,P24462,0,1,0
71454,P24903,0,1,0
71454,P33260,0,1,0
71454,P33261,0,1,0
71454,P51589,0,1,0
71454,Q16678,0,1,0
71454,Q16696,0,1,0
71454,Q1HB44,0,1,0
71454,Q53TK1,0,1,0
71454,Q5Y7H2,0,1,0
71454,Q6GRK0,0,1,0
71454,Q7Z348,0,1,0
71454,Q86W10,0,1,0
71454,Q8IYG4,0,1,0
71454,Q8N118,0,1,0
71454,Q8TCA4,0,1,0
71454,Q96SQ9,0,1,0
71454,Q9HB55,0,1,0
71496458,P00533,1,0,0
71496458,P04626,1,0,0
71496458,P05177,1,0,0
71496458,P08069,1,0,0
71496458,P08581,1,0,0
71496458,P08684,1,0,0
71496458,P10632,1,0,0
71496458,P10635,1,0,0
71496458,P11712,1,0,0
71496458,P20813,1,0,0
71496458,P21860,1,0,0
71496458,P33261,1,0,0
71496458,P53634,1,0,0
71496458,Q07912,1,0,0
71496458,Q12809,1,0,0
71496458,Q13547,1,0,0
71764,A0A0S2Z4T6,0,1,0
71764,A0A140VJR0,0,1,0
71764,A7E2E5,0,1,0
71764,B3KN77,0,1,0
71764,F6R4I1,0,1,0
71764,O00408,0,1,0
71764,O43849,0,1,0
71764,O43924,0,1,1
71764,O60658,0,1,1
71764,O76074,0,1,1
71764,O76083,0,1,1
71764,O95263,0,1,0
71764,P18545,0,1,1
71764,P27815,0,1,1
71764,P54750,0,1,0
71764,Q07343,0,1,1
71764,Q08493,0,1,1
71764,Q08499,0,1,1
71764,Q13370,0,1,1
71764,Q13946,0,1,1
71764,Q13956,0,1,0
71764,Q14123,0,1,0
71764,Q32MM7,0,1,0
71764,Q6IB24,0,1,0
71764,Q8IW54,0,1,0
71764,Q9HCR9,0,1,0
71764,Q9NP56,0,1,0
71764,Q9Y233,0,1,1
71764,X5DNX5,0,1,0
71793,B2RC52,0,1,0
71793,Q14654,0,1,1
71992,B4DKH4,0,1,0
71992,P12821,0,1,1
72281,O43570,1,0,0
72281,O60341,1,0,0
72281,P00915,1,0,0
72281,P00918,1,0,0
72281,P04798,1,0,0
72281,P05177,1,0,0
72281,P0DUB6,1,0,0
72281,P22303,1,0,0
72281,P22748,1,0,0
72281,P27487,1,0,0
72281,P43166,1,0,0
72281,P47989,1,0,0
72281,P49841,1,0,0
72281,Q16539,1,0,0
72281,Q16678,1,0,0
724,P00558,1,0,0
73957,O95279,0,1,0
73957,P35498,0,1,0
73957,P35499,0,1,0
73957,Q14524,0,1,0
73957,Q15858,0,1,0
73957,Q6B4S4,0,1,0
73957,Q99250,0,1,0
73957,Q9C007,0,1,0
73957,Q9NY46,0,1,0
73957,Q9UQD0,0,1,0
73957,Q9Y5Y9,0,1,0
74318,P14902,1,0,0
7550,P22303,0,1,1
77991,P06276,0,1,1
77991,P22303,0,1,1
77997,A8K215,0,1,0
77997,P28221,0,1,0
77997,P28222,0,1,0
77997,X5D7I5,0,1,0
78000,B3KR54,0,1,0
78000,Q5JQI0,0,1,0
78000,Q8WWR8,0,1,0
78000,Q99519,0,1,0
78000,Q9UQ49,0,1,0
78000,Q9Y3R4,0,1,1
79025,P06737,1,0,0
79025,P11217,1,0,0
82148,P28335,0,1,1
82148,P48039,0,1,1
8246,P22303,0,1,0
8248,B2RC52,0,1,0
8248,Q14654,0,1,0
8280,Q9P0X4,0,1,1
8288,P22303,0,1,1
8307,P22303,0,1,1
83489,P27487,1,0,0
8366,P21397,0,1,1
8366,P27338,0,1,1
8366,Q49A63,0,1,0
8366,Q53YE7,0,1,0
84003,P23219,0,1,1
84003,P35354,0,1,1
854026,P06276,1,0,0
854026,P22303,1,0,0
864,Q9Y234,0,1,0
8695,O95279,0,1,0
8695,P35498,0,1,0
8695,P35499,0,1,0
8695,Q14524,0,1,0
8695,Q15858,0,1,0
8695,Q6B4S4,0,1,0
8695,Q99250,0,1,0
8695,Q9C007,0,1,0
8695,Q9NY46,0,1,0
8695,Q9UQD0,0,1,0
8695,Q9Y5Y9,0,1,0
876,Q00266,0,1,1
876,Q99707,0,1,1
876,Q9UBK8,0,1,1
876,Q9UJ68,0,1,0
8955,O75469,0,1,1
89594,A0A087WX63,0,1,0
89594,A0A140VJJ0,0,1,0
89594,A0A384MU00,0,1,0
89594,B6D4Y2,0,1,0
89594,B7ZKJ3,0,1,0
89594,F2YGG7,0,1,0
89594,F6QWY5,0,1,0
89594,F6RDZ0,0,1,0
89594,F6TUL7,0,1,0
89594,O15146,0,1,0
89594,P00533,0,1,1
89594,P04626,0,1,1
89594,P04629,0,1,1
89594,P06213,0,1,1
89594,P07333,0,1,1
89594,P07949,0,1,1
89594,P08069,0,1,1
89594,P08581,0,1,1
89594,P08922,0,1,1
89594,P09619,0,1,1
89594,P10721,0,1,1
89594,P11362,0,1,1
89594,P14616,0,1,1
89594,P16234,0,1,1
89594,P17948,0,1,0
89594,P21709,0,1,1
89594,P21802,0,1,1
89594,P21860,0,1,1
89594,P22455,0,1,1
89594,P22607,0,1,1
89594,P29317,0,1,1
89594,P29320,0,1,1
89594,P29322,0,1,1
89594,P29323,0,1,1
89594,P29376,0,1,1
89594,P30530,0,1,1
89594,P34925,0,1,1
89594,P35590,0,1,1
89594,P35916,0,1,1
89594,P35968,0,1,1
89594,P36888,0,1,1
89594,P54753,0,1,1
89594,P54756,0,1,1
89594,P54760,0,1,1
89594,P54762,0,1,1
89594,P54764,0,1,1
89594,Q01973,0,1,1
89594,Q01974,0,1,1
89594,Q02763,0,1,1
89594,Q04912,0,1,1
89594,Q06418,0,1,1
89594,Q08345,0,1,1
89594,Q0IJ44,0,1,0
89594,Q12866,0,1,1
89594,Q13308,0,1,1
89594,Q15303,0,1,1
89594,Q15375,0,1,1
89594,Q16288,0,1,1
89594,Q16620,0,1,1
89594,Q16832,0,1,1
89594,Q4LE53,0,1,0
89594,Q504U8,0,1,0
89594,Q548C2,0,1,0
89594,Q59F04,0,1,0
89594,Q59FQ5,0,1,0
89594,Q59FT4,0,1,0
89594,Q59HG2,0,1,0
89594,Q5VWE5,0,1,0
89594,Q6NVW1,0,1,0
89594,Q6P4R6,0,1,0
89594,Q8WTZ8,0,1,0
89594,Q96L35,0,1,0
89594,Q9UF33,0,1,0
89594,Q9UM73,0,1,1
89594,X5D2R1,0,1,0
89594,X5DNK3,0,1,0
896,O95342,1,0,0
896,P04798,1,0,0
896,P05164,1,0,0
896,P05177,1,0,0
896,P16083,1,0,0
896,P28223,1,0,0
896,P28335,1,0,0
896,P41595,1,0,0
896,P48039,1,0,0
896,P49286,1,0,0
896,Q16678,1,0,0
896,Q6P988,1,0,0
896,Q9Y5N1,1,0,0
90311989,P09086,1,0,0
9034,A8K177,0,1,0
9034,P14867,0,1,1
9051,P04818,0,1,1
9051,Q53Y97,0,1,0
91430,P08913,0,1,1
91430,P18089,0,1,1
91430,P18825,0,1,1
91430,P25100,0,1,0
91430,P35348,0,1,0
91430,P35368,0,1,0
91430,Q4W594,0,1,0
91435,P00918,1,0,0
91435,P22748,1,0,0
91435,Q16790,1,0,0
9171,P00492,1,0,0
91725,B3KQH8,0,1,0
91725,P56696,0,1,1
92163,P35367,0,1,0
92163,Q9UGI6,0,1,0
9270,O95279,0,1,0
9270,P35498,0,1,1
9270,P35499,0,1,1
9270,Q14524,0,1,1
9270,Q15858,0,1,1
9270,Q6B4S4,0,1,0
9270,Q99250,0,1,1
9270,Q9C007,0,1,0
9270,Q9NY46,0,1,1
9270,Q9UQD0,0,1,0
9270,Q9Y5Y9,0,1,1
92727,P23219,0,1,1
92727,P35354,0,1,1
931,P05177,1,0,0
931,P08913,1,0,0
931,P11509,1,0,0
931,P18089,1,0,0
931,P18825,1,0,0
936,Q10588,0,1,1
9373,P21397,0,1,1
9373,P27338,0,1,1
9373,Q49A63,0,1,0
9373,Q53YE7,0,1,0
938,B0YJ53,0,1,0
938,B4DDH4,0,1,0
938,P14920,1,0,0
938,P40261,0,1,1
938,Q15274,0,1,1
938,Q8TDS4,0,1,0
938,Q99489,1,0,0
938,V9HWJ5,0,1,0
9433,A0A0S2Z4T6,0,1,0
9433,A0A140VJR0,0,1,0
9433,A7E2E5,0,1,0
9433,B3KN77,0,1,0
9433,B3KVQ4,0,1,0
9433,F6R4I1,0,1,0
9433,O00408,0,1,0
9433,O15554,0,1,0
9433,O43849,0,1,0
9433,O43924,0,1,0
9433,O60658,0,1,0
9433,O76074,0,1,0
9433,O76083,0,1,0
9433,O95263,0,1,0
9433,P0DMS8,0,1,0
9433,P13569,0,1,0
9433,P18545,0,1,0
9433,P21817,0,1,0
9433,P27815,0,1,0
9433,P29274,0,1,0
9433,P30542,0,1,0
9433,P54750,0,1,0
9433,Q07343,0,1,0
9433,Q08493,0,1,0
9433,Q08499,0,1,0
9433,Q13370,0,1,0
9433,Q13946,0,1,0
9433,Q13956,0,1,0
9433,Q14123,0,1,0
9433,Q15413,0,1,0
9433,Q32MM7,0,1,0
9433,Q6IB24,0,1,0
9433,Q8IW54,0,1,0
9433,Q92736,0,1,0
9433,Q9HCR9,0,1,0
9433,Q9NP56,0,1,0
9433,Q9Y233,0,1,0
9433,X5DNB4,0,1,0
9433,X5DNX5,0,1,0
9570076,B0YJ76,0,1,0
9570076,P00374,0,1,1
9571003,P51787,0,1,0
9571003,Q96AI9,0,1,0
9574101,P00734,0,1,1
9642,P47712,0,1,1
9651,P22303,0,1,1
967,Q02127,0,1,1
9681,P28223,0,1,1
9795678,B4DK78,0,1,0
9795678,P02708,0,1,0
9795678,P30532,0,1,0
9795678,P32297,0,1,1
9795678,P36544,0,1,1
9795678,P43681,0,1,1
9795678,Q15822,0,1,0
9795678,Q15825,0,1,0
9795678,Q53SH4,0,1,0
9795678,Q59FV0,0,1,0
9795678,Q6EWN4,0,1,0
9795678,Q92953,0,1,0
9795678,Q9GZZ6,0,1,0
9795678,Q9UGM1,0,1,1
985,P08100,0,1,1
985,P10632,0,1,1
985,P50897,0,1,1
985,Q14541,0,1,1
9859832,B4DK78,0,1,0
9859832,P02708,0,1,1
9859832,P30532,0,1,0
9859832,P32297,0,1,1
9859832,P36544,0,1,1
9859832,P43681,0,1,1
9859832,Q15822,0,1,1
9859832,Q15825,0,1,0
9859832,Q53SH4,0,1,0
9859832,Q59FV0,0,1,0
9859832,Q6EWN4,0,1,0
9859832,Q9GZZ6,0,1,0
9859832,Q9UGM1,0,1,1
9869929,P51681,0,1,1
9869929,Q38L21,0,1,0
9878,P16050,0,1,0
9878,P23219,0,1,1
9878,P35354,0,1,1
9892288,O75908,1,0,0
9892288,P35610,1,0,0
9907628,A8K215,0,1,0
9907628,P28221,0,1,0
9907628,P28222,0,1,0
9907628,X5D7I5,0,1,0
9910986,A0A090N7W4,0,1,0
9910986,A0A0S2Z3F9,0,1,0
9910986,B7Z537,0,1,0
9910986,O15344,0,1,0
9910986,P06493,0,1,0
9910986,P11802,0,1,0
9910986,P24941,0,1,0
9910986,P49336,0,1,0
9910986,P50613,0,1,0
9910986,P50750,0,1,0
9910986,Q00526,0,1,0
9910986,Q00534,0,1,0
9910986,Q00535,0,1,0
9910986,Q15131,0,1,0
9910986,Q9BWU1,0,1,0
995,P11509,1,0,0
