source_metabolite,pubchem_cid,protein_accession,gene_names,description,best_ranked_pdb,dock_score_for_metabolite,predicted_interaction_probability,predicted_label_at_0_5
LAC,91435,Q9NP92,MRPS30,39S ribosomal protein S30  mitochondrial OS=Homo sapiens OX=9606 GN=MRPS30 PE=1 SV=2,7OF0,-3.59842,0.7472443829668025,1
PYR,107735,Q16630,CPSF6,Cleavage and polyadenylation specificity factor subunit 6 OS=Homo sapiens OX=9606 GN=CPSF6 PE=1 SV=2,3Q2S,-3.0998999999999999,0.7397148614683816,1
PYR,107735,Q6P2Q9,PRPF8,Pre-mRNA-processing-splicing factor 8 OS=Homo sapiens OX=9606 GN=PRPF8 PE=1 SV=2,6ICZ,-3.4995599999999998,0.7271106412006044,1
PYR,107735,P24752,ACAT1,Acetyl-CoA acetyltransferase  mitochondrial OS=Homo sapiens OX=9606 GN=ACAT1 PE=1 SV=1,2IB8,-3.6939000000000002,0.7264296748654969,1
LAC,91435,Q00610,CLTC,Clathrin heavy chain 1 OS=Homo sapiens OX=9606 GN=CLTC PE=1 SV=5,7BN1,-3.7606000000000002,0.7234479559593021,1
PYR,107735,P49588,AARS,Alanine--tRNA ligase  cytoplasmic OS=Homo sapiens OX=9606 GN=AARS PE=1 SV=2,5KNN,-4.2862,0.7227703039541546,1
LAC,91435,Q13435,SF3B2,Splicing factor 3B subunit 2 OS=Homo sapiens OX=9606 GN=SF3B2 PE=1 SV=2,7ONB,-3.4106000000000001,0.7220495888638896,1
PYR,107735,Q14108,SCARB2,Lysosome membrane protein 2 OS=Homo sapiens OX=9606 GN=SCARB2 PE=1 SV=2,4Q4F,-4.0109000000000004,0.7194975844861519,1
LAC,91435,Q92945,KHSRP,Far upstream element-binding protein 2 OS=Homo sapiens OX=9606 GN=KHSRP PE=1 SV=4,2JVZ,-3.5632999999999999,0.7159492386834145,1
LAC,91435,Q96AE4,FUBP1,Far upstream element-binding protein 1 OS=Homo sapiens OX=9606 GN=FUBP1 PE=1 SV=3,6Y24,-3.2949999999999999,0.7107100115639392,1
PYR,107735,Q16512,PKN1,Serine/threonine-protein kinase N1 OS=Homo sapiens OX=9606 GN=PKN1 PE=1 SV=2,4OTD,-3.7191000000000001,0.7073927790295857,1
PYR,107735,Q9Y5B9,SUPT16H,FACT complex subunit SPT16 OS=Homo sapiens OX=9606 GN=SUPT16H PE=1 SV=1,5UMT,-4.0967000000000002,0.7062441815439415,1
PYR,107735,Q9NP92,MRPS30,39S ribosomal protein S30  mitochondrial OS=Homo sapiens OX=9606 GN=MRPS30 PE=1 SV=2,7OF0,-3.5427879999999998,0.7059225038818601,1
PYR,107735,P45974,USP5,Ubiquitin carboxyl-terminal hydrolase 5 OS=Homo sapiens OX=9606 GN=USP5 PE=1 SV=2,3IHP,-3.9609000000000001,0.7056714955754685,1
R5P,77982,Q9Y5B9,SUPT16H,FACT complex subunit SPT16 OS=Homo sapiens OX=9606 GN=SUPT16H PE=1 SV=1,5UMT,,0.7005708778588053,1
LAC,91435,Q9Y4E8,USP15,Ubiquitin carboxyl-terminal hydrolase 15 OS=Homo sapiens OX=9606 GN=USP15 PE=1 SV=3,6GH9,-4.4402999999999997,0.6982729446334933,1
PYR,107735,Q00610,CLTC,Clathrin heavy chain 1 OS=Homo sapiens OX=9606 GN=CLTC PE=1 SV=5,7BN1,-3.7052,0.6920795663722601,1
PYR,107735,Q13435,SF3B2,Splicing factor 3B subunit 2 OS=Homo sapiens OX=9606 GN=SF3B2 PE=1 SV=2,7ONB,-3.2756500000000002,0.6865362025736851,1
PYR,107735,Q15428,SF3A2,Splicing factor 3A subunit 2 OS=Homo sapiens OX=9606 GN=SF3A2 PE=1 SV=2,7EVO,-2.9458199999999999,0.6840524359668396,1
LAC,91435,Q9NX20,MRPL16,39S ribosomal protein L16  mitochondrial OS=Homo sapiens OX=9606 GN=MRPL16 PE=1 SV=1,5OOM,-3.5082,0.6837800100512567,1
LAC,91435,P49327,FASN,Fatty acid synthase OS=Homo sapiens OX=9606 GN=FASN PE=1 SV=3,5C37,,0.6834717045028,1
LAC,91435,P20020,ATP2B1,Plasma membrane calcium-transporting ATPase 1 OS=Homo sapiens OX=9606 GN=ATP2B1 PE=1 SV=3,6A69,-3.5376500000000002,0.6806834844336908,1
PYR,107735,P30101,PDIA3,Protein disulfide-isomerase A3 OS=Homo sapiens OX=9606 GN=PDIA3 PE=1 SV=4,3F8U,-3.7576000000000001,0.6750502360256015,1
LAC,91435,Q16555,DPYSL2,Dihydropyrimidinase-related protein 2 OS=Homo sapiens OX=9606 GN=DPYSL2 PE=1 SV=1,5X1A,-4.2690999999999999,0.6746243825177212,1
G6P,69507,P15121,AKR1B1,Aldose reductase OS=Homo sapiens OX=9606 GN=AKR1B1 PE=1 SV=3,2PZN,-7.3826000000000001,0.6731415834982939,1
PYR,107735,Q15459,SF3A1,Splicing factor 3A subunit 1 OS=Homo sapiens OX=9606 GN=SF3A1 PE=1 SV=1,7EVO,-2.9458199999999999,0.6687404361804773,1
PYR,107735,Q15427,SF3B4,Splicing factor 3B subunit 4 OS=Homo sapiens OX=9606 GN=SF3B4 PE=1 SV=1,7ONB,-3.2756500000000002,0.6686057437988399,1
PYR,107735,Q12872,SFSWAP,Splicing factor  suppressor of white-apricot homolog OS=Homo sapiens OX=9606 GN=SFSWAP PE=1 SV=3,2E60,-3.2122999999999999,0.6583259413977297,1
PYR,107735,P25205,MCM3,DNA replication licensing factor MCM3 OS=Homo sapiens OX=9606 GN=MCM3 PE=1 SV=3,7W68,-4.0499200000000002,0.6562501989639213,1
R5P,77982,P15121,AKR1B1,Aldose reductase OS=Homo sapiens OX=9606 GN=AKR1B1 PE=1 SV=3,2PZN,,0.6494989265088289,1
LAC,91435,P21399,ACO1,Cytoplasmic aconitate hydratase OS=Homo sapiens OX=9606 GN=ACO1 PE=1 SV=3,2B3Y,-4.5719000000000003,0.6489496671333458,1
PYR,107735,P12956,XRCC6,X-ray repair cross-complementing protein 6 OS=Homo sapiens OX=9606 GN=XRCC6 PE=1 SV=2,1JEQ,-3.9569000000000001,0.6407085456449078,1
LAC,91435,P50990,CCT8,T-complex protein 1 subunit theta OS=Homo sapiens OX=9606 GN=CCT8 PE=1 SV=4,7NVM,-3.90455,0.6369507268704716,1
PYR,107735,O00425,IGF2BP3,Insulin-like growth factor 2 mRNA-binding protein 3 OS=Homo sapiens OX=9606 GN=IGF2BP3 PE=1 SV=2,6GQE,-3.9182000000000001,0.6334414481349404,1
G6P,69507,O15270,SPTLC2,Serine palmitoyltransferase 2 OS=Homo sapiens OX=9606 GN=SPTLC2 PE=1 SV=1,7CQI,-6.7123999999999997,0.6319286181921663,1
LAC,91435,Q12872,SFSWAP,Splicing factor  suppressor of white-apricot homolog OS=Homo sapiens OX=9606 GN=SFSWAP PE=1 SV=3,2E60,-3.3946000000000001,0.6301376264398855,1
PYR,107735,P52292,KPNA2,Importin subunit alpha-1 OS=Homo sapiens OX=9606 GN=KPNA2 PE=1 SV=1,7CRU,-3.7383000000000002,0.6295966555401737,1
LAC,91435,Q9UN86,G3BP2,Ras GTPase-activating protein-binding protein 2 OS=Homo sapiens OX=9606 GN=G3BP2 PE=1 SV=2,5DRV,-3.5070999999999999,0.6292805608435644,1
G3P,729,Q9NQW7,XPNPEP1,Xaa-Pro aminopeptidase 1 OS=Homo sapiens OX=9606 GN=XPNPEP1 PE=1 SV=3,3CTZ,-5.0339,0.6289167439425659,1
PYR,107735,Q86UE4,MTDH,Protein LYRIC OS=Homo sapiens OX=9606 GN=MTDH PE=1 SV=2,4QMG,-2.2115,0.6280632095149364,1
PYR,107735,Q15046,KARS,Lysine--tRNA ligase OS=Homo sapiens OX=9606 GN=KARS PE=1 SV=3,3BJU,-4.2108999999999996,0.6268224081703893,1
PYR,107735,Q16658,FSCN1,Fascin OS=Homo sapiens OX=9606 GN=FSCN1 PE=1 SV=3,6I0Z,-4.0317999999999996,0.6258997945784712,1
LAC,91435,Q14498,RBM39,RNA-binding protein 39 OS=Homo sapiens OX=9606 GN=RBM39 PE=1 SV=2,4OZ0,-3.3853,0.6241714468638205,1
LAC,91435,Q6P2Q9,PRPF8,Pre-mRNA-processing-splicing factor 8 OS=Homo sapiens OX=9606 GN=PRPF8 PE=1 SV=2,6ICZ,-3.5971600000000001,0.6222058719196547,1
LAC,91435,Q9Y5B9,SUPT16H,FACT complex subunit SPT16 OS=Homo sapiens OX=9606 GN=SUPT16H PE=1 SV=1,5UMT,-4.1910999999999996,0.6222015121731223,1
LAC,91435,Q9NZM1,MYOF,Myoferlin OS=Homo sapiens OX=9606 GN=MYOF PE=1 SV=1,6EEL,-3.262,0.6210786977796195,1
LAC,91435,Q14139,UBE4A,Ubiquitin conjugation factor E4 A OS=Homo sapiens OX=9606 GN=UBE4A PE=1 SV=2,1WGM,-3.5665,0.6210705564844666,1
LAC,91435,P16144,ITGB4,Integrin beta-4 OS=Homo sapiens OX=9606 GN=ITGB4 PE=1 SV=5,3F7Q,,0.6200704724047372,1
PYR,107735,Q7Z4W1,DCXR,L-xylulose reductase OS=Homo sapiens OX=9606 GN=DCXR PE=1 SV=2,1PR9,-3.9579,0.61999042853154,1
LAC,91435,P48147,PREP,Prolyl endopeptidase OS=Homo sapiens OX=9606 GN=PREP PE=1 SV=2,3DDU,-4.2830000000000004,0.6187123034455662,1
LAC,91435,Q99460,PSMD1,26S proteasome non-ATPase regulatory subunit 1 OS=Homo sapiens OX=9606 GN=PSMD1 PE=1 SV=2,5VGZ,-3.83996,0.6172400528509632,1
PYR,107735,Q01105,SET,Protein SET OS=Homo sapiens OX=9606 GN=SET PE=1 SV=3,2E50,-3.4053,0.6172204056236816,1
LAC,91435,P10515,DLAT,Dihydrolipoyllysine-residue acetyltransferase component of pyruvate dehydrogenase complex  mitochondrial OS=Homo sapiens OX=9606 GN=DLAT PE=1 SV=3,1Y8O,-3.4430999999999998,0.6153816749169911,1
LAC,91435,Q9UHX1,PUF60,Poly(U)-binding-splicing factor PUF60 OS=Homo sapiens OX=9606 GN=PUF60 PE=1 SV=1,6SLO,-3.2370999999999999,0.6144115376521118,1
LAC,91435,P49748,ACADVL,Very long-chain specific acyl-CoA dehydrogenase  mitochondrial OS=Homo sapiens OX=9606 GN=ACADVL PE=1 SV=1,2UXW,-3.9979,0.612568436352874,1
LAC,91435,Q14108,SCARB2,Lysosome membrane protein 2 OS=Homo sapiens OX=9606 GN=SCARB2 PE=1 SV=2,4Q4F,-3.8873000000000002,0.6125181305311215,1
G6P,69507,Q9Y5B9,SUPT16H,FACT complex subunit SPT16 OS=Homo sapiens OX=9606 GN=SUPT16H PE=1 SV=1,5UMT,-6.2150999999999996,0.6122316211273214,1
PYR,107735,P49327,FASN,Fatty acid synthase OS=Homo sapiens OX=9606 GN=FASN PE=1 SV=3,5C37,,0.611432751641732,1
LAC,91435,Q15427,SF3B4,Splicing factor 3B subunit 4 OS=Homo sapiens OX=9606 GN=SF3B4 PE=1 SV=1,7ONB,-3.4106000000000001,0.6097129238676502,1
G3P,729,P15121,AKR1B1,Aldose reductase OS=Homo sapiens OX=9606 GN=AKR1B1 PE=1 SV=3,2PZN,-5.4038000000000004,0.607880104594128,1
LAC,91435,P11047,LAMC1,Laminin subunit gamma-1 OS=Homo sapiens OX=9606 GN=LAMC1 PE=1 SV=3,5XAU,,0.6072224570797461,1
LAC,91435,Q96P70,IPO9,Importin-9 OS=Homo sapiens OX=9606 GN=IPO9 PE=1 SV=3,6N1Z,-3.8994,0.6047858326839891,1
LAC,91435,Q13557,CAMK2D,Calcium/calmodulin-dependent protein kinase type II subunit delta OS=Homo sapiens OX=9606 GN=CAMK2D PE=1 SV=3,2WEL,-3.7305999999999999,0.6038451168116965,1
LAC,91435,Q8TB72,PUM2,Pumilio homolog 2 OS=Homo sapiens OX=9606 GN=PUM2 PE=1 SV=2,3Q0Q,-3.5186999999999999,0.6000773347443176,1
PYR,107735,P08865,RPSA,40S ribosomal protein SA OS=Homo sapiens OX=9606 GN=RPSA PE=1 SV=4,6ZVH,-3.4370500000000002,0.5995738394070068,1
F6P,439958,O15270,SPTLC2,Serine palmitoyltransferase 2 OS=Homo sapiens OX=9606 GN=SPTLC2 PE=1 SV=1,7CQI,-5.2881,0.5989804138044795,1
PYR,107735,P50991,CCT4,T-complex protein 1 subunit delta OS=Homo sapiens OX=9606 GN=CCT4 PE=1 SV=4,7TTT,-4.0608000000000004,0.5979125083721827,1
PYR,107735,P26599,PTBP1,Polypyrimidine tract-binding protein 1 OS=Homo sapiens OX=9606 GN=PTBP1 PE=1 SV=1,3ZZY,-3.2242000000000002,0.5977273995278974,1
PYR,107735,O43707,ACTN4,Alpha-actinin-4 OS=Homo sapiens OX=9606 GN=ACTN4 PE=1 SV=2,6OA6,-3.5266999999999999,0.5928425862260839,1
PYR,107735,Q9UBU9,NXF1,Nuclear RNA export factor 1 OS=Homo sapiens OX=9606 GN=NXF1 PE=1 SV=1,4WYK,-3.6673,0.5923461141928855,1
PYR,107735,Q14444,CAPRIN1,Caprin-1 OS=Homo sapiens OX=9606 GN=CAPRIN1 PE=1 SV=2,4WBE,-3.6295000000000002,0.5917090194850197,1
LAC,91435,Q96HC4,PDLIM5,PDZ and LIM domain protein 5 OS=Homo sapiens OX=9606 GN=PDLIM5 PE=1 SV=5,2UZC,-3.6278999999999999,0.5915969220372125,1
PYR,107735,O60568,PLOD3,Procollagen-lysine 2-oxoglutarate 5-dioxygenase 3 OS=Homo sapiens OX=9606 GN=PLOD3 PE=1 SV=1,6FXR,-4.1703999999999999,0.5914687115420889,1
PYR,107735,P31947,SFN,14-3-3 protein sigma OS=Homo sapiens OX=9606 GN=SFN PE=1 SV=1,5OK9,-3.9550000000000001,0.5899401165906054,1
PYR,107735,Q9Y3B8,REXO2,Oligoribonuclease  mitochondrial OS=Homo sapiens OX=9606 GN=REXO2 PE=1 SV=3,6STY,-3.0613999999999999,0.5896838652020765,1
PYR,107735,Q9UHD8,SEPT9,Septin-9 OS=Homo sapiens OX=9606 GN=SEPT9 PE=1 SV=2,5CYO,-5.0597000000000003,0.588907030371465,1
LAC,91435,O14964,HGS,Hepatocyte growth factor-regulated tyrosine kinase substrate OS=Homo sapiens OX=9606 GN=HGS PE=1 SV=1,4AVX,-3.7549000000000001,0.5886747473716564,1
R5P,77982,O15270,SPTLC2,Serine palmitoyltransferase 2 OS=Homo sapiens OX=9606 GN=SPTLC2 PE=1 SV=1,7CQI,,0.5875520834989452,1
LAC,91435,Q92900,UPF1,Regulator of nonsense transcripts 1 OS=Homo sapiens OX=9606 GN=UPF1 PE=1 SV=2,2WJY,-4.6002000000000001,0.5870313655052992,1
PYR,107735,P16144,ITGB4,Integrin beta-4 OS=Homo sapiens OX=9606 GN=ITGB4 PE=1 SV=5,3F7Q,,0.5869237126677865,1
R5P,77982,Q9NZL9,MAT2B,Methionine adenosyltransferase 2 subunit beta OS=Homo sapiens OX=9606 GN=MAT2B PE=1 SV=1,2YDX,,0.5865480478199595,1
LAC,91435,P60228,EIF3E,Eukaryotic translation initiation factor 3 subunit E OS=Homo sapiens OX=9606 GN=EIF3E PE=1 SV=1,3J8B,-3.3650857142857138,0.5850609683309012,1
LAC,91435,O15270,SPTLC2,Serine palmitoyltransferase 2 OS=Homo sapiens OX=9606 GN=SPTLC2 PE=1 SV=1,7CQI,-3.9024999999999999,0.5845608533246567,1
LAC,91435,P33991,MCM4,DNA replication licensing factor MCM4 OS=Homo sapiens OX=9606 GN=MCM4 PE=1 SV=5,7W68,-4.1006600000000004,0.5843119384265069,1
LAC,91435,Q9Y2Q3,GSTK1,Glutathione S-transferase kappa 1 OS=Homo sapiens OX=9606 GN=GSTK1 PE=1 SV=3,3RPN,-3.6737000000000002,0.5835383841924251,1
F6P,439958,P15121,AKR1B1,Aldose reductase OS=Homo sapiens OX=9606 GN=AKR1B1 PE=1 SV=3,2PZN,-6.8796999999999997,0.5822016014359154,1
LAC,91435,P25205,MCM3,DNA replication licensing factor MCM3 OS=Homo sapiens OX=9606 GN=MCM3 PE=1 SV=3,7W68,-4.1006600000000004,0.5821755452388002,1
G6P,69507,P24752,ACAT1,Acetyl-CoA acetyltransferase  mitochondrial OS=Homo sapiens OX=9606 GN=ACAT1 PE=1 SV=1,2IB8,-5.2385999999999999,0.5819113345623458,1
PYR,107735,Q15181,PPA1,Inorganic pyrophosphatase OS=Homo sapiens OX=9606 GN=PPA1 PE=1 SV=2,7CMO,-4.1974,0.5811866365193991,1
PYR,107735,P06454,PTMA,Prothymosin alpha OS=Homo sapiens OX=9606 GN=PTMA PE=1 SV=2,2L9I,-2.5667,0.5798961517577587,1
PYR,107735,P20290,BTF3,Transcription factor BTF3 OS=Homo sapiens OX=9606 GN=BTF3 PE=1 SV=1,3LKX,-2.7894999999999999,0.5778556783874507,1
PYR,107735,Q08554,DSC1,Desmocollin-1 OS=Homo sapiens OX=9606 GN=DSC1 PE=1 SV=2,5IRY,-3.6419000000000001,0.5778291993389176,1
G3P,729,Q9Y5B9,SUPT16H,FACT complex subunit SPT16 OS=Homo sapiens OX=9606 GN=SUPT16H PE=1 SV=1,5UMT,-5.2577999999999996,0.5770875078726135,1
G6P,69507,P49748,ACADVL,Very long-chain specific acyl-CoA dehydrogenase  mitochondrial OS=Homo sapiens OX=9606 GN=ACADVL PE=1 SV=1,2UXW,-6.556,0.5769871692617125,1
PYR,107735,P02768,ALB,Serum albumin OS=Homo sapiens OX=9606 GN=ALB PE=1 SV=2,8CKS,-4.4438000000000004,0.576926090090135,1
FBP,3281376,P62847,RPS24,40S ribosomal protein S24 OS=Homo sapiens OX=9606 GN=RPS24 PE=1 SV=1,6ZVH,-5.451975,0.5762383405491204,1
LAC,91435,P26599,PTBP1,Polypyrimidine tract-binding protein 1 OS=Homo sapiens OX=9606 GN=PTBP1 PE=1 SV=1,3ZZY,-3.2166000000000001,0.573122976423542,1
PYR,107735,P14550,AKR1A1,Alcohol dehydrogenase [NADP(+)] OS=Homo sapiens OX=9606 GN=AKR1A1 PE=1 SV=3,2ALR,-4.6307999999999998,0.5728910469797797,1
PYR,107735,P21333,FLNA,Filamin-A OS=Homo sapiens OX=9606 GN=FLNA PE=1 SV=4,2J3S,9.5692000000000004,0.5715584074577317,1
PYR,107735,P11413,G6PD,Glucose-6-phosphate 1-dehydrogenase OS=Homo sapiens OX=9606 GN=G6PD PE=1 SV=4,1QKI,-3.9253999999999998,0.5652960246589112,1
G3P,729,Q9NR12,PDLIM7,PDZ and LIM domain protein 7 OS=Homo sapiens OX=9606 GN=PDLIM7 PE=1 SV=1,2Q3G,-3.8786,0.5618225999574123,1
LAC,91435,Q15428,SF3A2,Splicing factor 3A subunit 2 OS=Homo sapiens OX=9606 GN=SF3A2 PE=1 SV=2,7EVO,-3.09836,0.5603369449352238,1
LAC,91435,P61978,HNRNPK,Heterogeneous nuclear ribonucleoprotein K OS=Homo sapiens OX=9606 GN=HNRNPK PE=1 SV=1,1ZZI,-3.3860000000000001,0.5582310578356744,1
G3P,729,Q00610,CLTC,Clathrin heavy chain 1 OS=Homo sapiens OX=9606 GN=CLTC PE=1 SV=5,7BN1,-5.0073999999999996,0.5576189979815541,1
LAC,91435,Q15046,KARS,Lysine--tRNA ligase OS=Homo sapiens OX=9606 GN=KARS PE=1 SV=3,3BJU,-3.9881000000000002,0.5572262806897791,1
LAC,91435,P17301,ITGA2,Integrin alpha-2 OS=Homo sapiens OX=9606 GN=ITGA2 PE=1 SV=1,1AOX,-3.9767000000000001,0.5567561462488688,1
PYR,107735,Q14697,GANAB,Neutral alpha-glucosidase AB OS=Homo sapiens OX=9606 GN=GANAB PE=1 SV=3,8D43,-4.2018000000000004,0.5565297159080602,1
LAC,91435,Q14444,CAPRIN1,Caprin-1 OS=Homo sapiens OX=9606 GN=CAPRIN1 PE=1 SV=2,4WBE,-3.5404,0.5563425648586109,1
LAC,91435,P57772,EEFSEC,Selenocysteine-specific elongation factor OS=Homo sapiens OX=9606 GN=EEFSEC PE=1 SV=4,5IZL,-4.5163000000000002,0.5559565758424349,1
PYR,107735,P41250,GARS,Glycine--tRNA ligase OS=Homo sapiens OX=9606 GN=GARS PE=1 SV=3,4KQE,-4.1421999999999999,0.555737774683123,1
PYR,107735,Q9H2G2,SLK,STE20-like serine/threonine-protein kinase OS=Homo sapiens OX=9606 GN=SLK PE=1 SV=1,4USF,-3.9992999999999999,0.5556800370490306,1
PYR,107735,Q9UNM6,PSMD13,26S proteasome non-ATPase regulatory subunit 13 OS=Homo sapiens OX=9606 GN=PSMD13 PE=1 SV=2,5VGZ,-3.7710699999999999,0.5549776561350824,1
G3P,729,Q93050,ATP6V0A1,V-type proton ATPase 116 kDa subunit a isoform 1 OS=Homo sapiens OX=9606 GN=ATP6V0A1 PE=1 SV=3,6WM2,-4.2008999999999999,0.5542582977505282,1
LAC,91435,Q8WYA6,CTNNBL1,Beta-catenin-like protein 1 OS=Homo sapiens OX=9606 GN=CTNNBL1 PE=1 SV=1,4HM9,-4.0102000000000002,0.553104730986375,1
PYR,107735,Q13263,TRIM28,Transcription intermediary factor 1-beta OS=Homo sapiens OX=9606 GN=TRIM28 PE=1 SV=5,6QAJ,0.1419,0.55202143574319,1
PYR,107735,Q9UHB9,SRP68,Signal recognition particle subunit SRP68 OS=Homo sapiens OX=9606 GN=SRP68 PE=1 SV=2,5M73,-3.4184000000000001,0.5513670242324529,1
F6P,439958,P48643,CCT5,T-complex protein 1 subunit epsilon OS=Homo sapiens OX=9606 GN=CCT5 PE=1 SV=1,7NVN,-6.3103999999999996,0.5513639479071889,1
PYR,107735,Q13283,G3BP1,Ras GTPase-activating protein-binding protein 1 OS=Homo sapiens OX=9606 GN=G3BP1 PE=1 SV=1,5FW5,-3.4298000000000002,0.5496854143407606,1
PYR,107735,P00505,GOT2,Aspartate aminotransferase  mitochondrial OS=Homo sapiens OX=9606 GN=GOT2 PE=1 SV=3,5AX8,-4.5888,0.5486683753770504,1
PYR,107735,O43242,PSMD3,26S proteasome non-ATPase regulatory subunit 3 OS=Homo sapiens OX=9606 GN=PSMD3 PE=1 SV=2,5VGZ,-3.7710699999999999,0.5483390432140256,1
G6P,69507,Q9NZL9,MAT2B,Methionine adenosyltransferase 2 subunit beta OS=Homo sapiens OX=9606 GN=MAT2B PE=1 SV=1,2YDX,-6.7935999999999996,0.5482979802379958,1
G3P,729,Q04446,GBE1,1 4-alpha-glucan-branching enzyme OS=Homo sapiens OX=9606 GN=GBE1 PE=1 SV=3,4BZY,-5.3609,0.5459612000412626,1
PYR,107735,P60953,CDC42,Cell division control protein 42 homolog OS=Homo sapiens OX=9606 GN=CDC42 PE=1 SV=2,6SUP,-4.5511999999999997,0.5457685979539323,1
PYR,107735,P33991,MCM4,DNA replication licensing factor MCM4 OS=Homo sapiens OX=9606 GN=MCM4 PE=1 SV=5,7W68,-4.0499200000000002,0.5456525644826811,1
LAC,91435,P05387,RPLP2,60S acidic ribosomal protein P2 OS=Homo sapiens OX=9606 GN=RPLP2 PE=1 SV=1,2JDL,-2.7852000000000001,0.5452565793807219,1
LAC,91435,P26196,DDX6,Probable ATP-dependent RNA helicase DDX6 OS=Homo sapiens OX=9606 GN=DDX6 PE=1 SV=2,4CT4,-3.9786999999999999,0.545225384575235,1
LAC,91435,P11586,MTHFD1,C-1-tetrahydrofolate synthase  cytoplasmic OS=Homo sapiens OX=9606 GN=MTHFD1 PE=1 SV=3,6ECP,-3.6301000000000001,0.5423904459486134,1
LAC,91435,Q12874,SF3A3,Splicing factor 3A subunit 3 OS=Homo sapiens OX=9606 GN=SF3A3 PE=1 SV=1,7EVO,-3.09836,0.5420150505154318,1
LAC,91435,P24752,ACAT1,Acetyl-CoA acetyltransferase  mitochondrial OS=Homo sapiens OX=9606 GN=ACAT1 PE=1 SV=1,2IB8,-3.7176999999999998,0.5409148118428778,1
LAC,91435,Q13200,PSMD2,26S proteasome non-ATPase regulatory subunit 2 OS=Homo sapiens OX=9606 GN=PSMD2 PE=1 SV=3,5L4K,-4.7228000000000003,0.5406194620396925,1
LAC,91435,Q86UE4,MTDH,Protein LYRIC OS=Homo sapiens OX=9606 GN=MTDH PE=1 SV=2,4QMG,-2.4041999999999999,0.5406031668570194,1
R5P,77982,P14625,HSP90B1,Endoplasmin OS=Homo sapiens OX=9606 GN=HSP90B1 PE=1 SV=1,4NH9,,0.5403166914740395,1
LAC,91435,Q13263,TRIM28,Transcription intermediary factor 1-beta OS=Homo sapiens OX=9606 GN=TRIM28 PE=1 SV=5,6QAJ,0.2656,0.5402666652033565,1
LAC,91435,O75390,CS,Citrate synthase  mitochondrial OS=Homo sapiens OX=9606 GN=CS PE=1 SV=2,5UZP,-3.6989999999999998,0.5400803062220694,1
PYR,107735,P62979,RPS27A,Ubiquitin-40S ribosomal protein S27a OS=Homo sapiens OX=9606 GN=RPS27A PE=1 SV=2,3AXC,-2.9931999999999999,0.5396343448040202,1
PYR,107735,Q13573,SNW1,SNW domain-containing protein 1 OS=Homo sapiens OX=9606 GN=SNW1 PE=1 SV=1,7W59,-2.94624,0.5394909858034581,1
PYR,107735,Q9Y285,FARSA,Phenylalanine--tRNA ligase alpha subunit OS=Homo sapiens OX=9606 GN=FARSA PE=1 SV=3,3L4G,-3.9342999999999999,0.5382549464431484,1
LAC,91435,Q99613,EIF3C,Eukaryotic translation initiation factor 3 subunit C OS=Homo sapiens OX=9606 GN=EIF3C PE=1 SV=1,3J8B,-3.3650857142857138,0.5366415884289243,1
PYR,107735,Q01469,FABP5,Fatty acid-binding protein  epidermal OS=Homo sapiens OX=9606 GN=FABP5 PE=1 SV=3,4LKT,-3.6476000000000002,0.5364584055332636,1
PYR,107735,P50990,CCT8,T-complex protein 1 subunit theta OS=Homo sapiens OX=9606 GN=CCT8 PE=1 SV=4,7NVM,-3.905675,0.5362029779229288,1
LAC,91435,O60568,PLOD3,Procollagen-lysine 2-oxoglutarate 5-dioxygenase 3 OS=Homo sapiens OX=9606 GN=PLOD3 PE=1 SV=1,6FXR,-4.2576000000000001,0.5352758746078544,1
PYR,107735,Q96C19,EFHD2,EF-hand domain-containing protein D2 OS=Homo sapiens OX=9606 GN=EFHD2 PE=1 SV=1,5I2L,-3.1078999999999999,0.535104543674693,1
LAC,91435,P12956,XRCC6,X-ray repair cross-complementing protein 6 OS=Homo sapiens OX=9606 GN=XRCC6 PE=1 SV=2,1JEQ,-3.9750000000000001,0.5350175334718631,1
G6P,69507,P14625,HSP90B1,Endoplasmin OS=Homo sapiens OX=9606 GN=HSP90B1 PE=1 SV=1,4NH9,-5.8342000000000001,0.5346171184431696,1
FBP,3281376,Q92620,DHX38,Pre-mRNA-splicing factor ATP-dependent RNA helicase PRP16 OS=Homo sapiens OX=9606 GN=DHX38 PE=1 SV=2,6ZYM,-4.7246166666666669,0.5338317901224658,1
F6P,439958,P31948,STIP1,Stress-induced-phosphoprotein 1 OS=Homo sapiens OX=9606 GN=STIP1 PE=1 SV=1,7KW7,-6.1989999999999998,0.5319726094191637,1
2PG,439278,O00159,MYO1C,Unconventional myosin-Ic OS=Homo sapiens OX=9606 GN=MYO1C PE=1 SV=4,4BYF,-5.2845000000000004,0.5312480727793936,1
3PG,439183,O00159,MYO1C,Unconventional myosin-Ic OS=Homo sapiens OX=9606 GN=MYO1C PE=1 SV=4,4BYF,-5.508,0.5312480727793936,1
PYR,107735,P49321,NASP,Nuclear autoantigenic sperm protein OS=Homo sapiens OX=9606 GN=NASP PE=1 SV=2,7V1L,-3.2835999999999999,0.5307519436716944,1
LAC,91435,P35637,FUS,RNA-binding protein FUS OS=Homo sapiens OX=9606 GN=FUS PE=1 SV=1,7VQQ,-3.1118999999999999,0.529216623905305,1
PYR,107735,P31939,ATIC,Bifunctional purine biosynthesis protein PURH OS=Homo sapiens OX=9606 GN=ATIC PE=1 SV=3,1PKX,-4.3464,0.5282866921744005,1
LAC,91435,P53992,SEC24C,Protein transport protein Sec24C OS=Homo sapiens OX=9606 GN=SEC24C PE=1 SV=3,3EH2,-4.2057000000000002,0.5271011005441901,1
PYR,107735,Q16543,CDC37,Hsp90 co-chaperone Cdc37 OS=Homo sapiens OX=9606 GN=CDC37 PE=1 SV=1,5HPE,-4.0431999999999997,0.5269302450306308,1
PYR,107735,P68036,UBE2L3,Ubiquitin-conjugating enzyme E2 L3 OS=Homo sapiens OX=9606 GN=UBE2L3 PE=1 SV=1,4Q5E,-3.2124000000000001,0.5266624871669539,1
G3P,729,Q04637,EIF4G1,Eukaryotic translation initiation factor 4 gamma 1 OS=Homo sapiens OX=9606 GN=EIF4G1 PE=1 SV=4,1UG3,,0.5264555737354554,1
PYR,107735,P26038,MSN,Moesin OS=Homo sapiens OX=9606 GN=MSN PE=1 SV=3,1EF1,-3.9436,0.5262792126950258,1
F6P,439958,P15559,NQO1,NAD(P)H dehydrogenase [quinone] 1 OS=Homo sapiens OX=9606 GN=NQO1 PE=1 SV=1,1D4A,-5.5259,0.5249542624219473,1
G6P,69507,P48643,CCT5,T-complex protein 1 subunit epsilon OS=Homo sapiens OX=9606 GN=CCT5 PE=1 SV=1,7NVN,-6.7503000000000002,0.5236231436714445,1
PYR,107735,Q99613,EIF3C,Eukaryotic translation initiation factor 3 subunit C OS=Homo sapiens OX=9606 GN=EIF3C PE=1 SV=1,3J8B,-3.3062714285714292,0.522610119580035,1
PYR,107735,Q7KZF4,SND1,Staphylococcal nuclease domain-containing protein 1 OS=Homo sapiens OX=9606 GN=SND1 PE=1 SV=1,3BDL,-3.9266999999999999,0.5223048492686279,1
LAC,91435,P07602,PSAP,Prosaposin OS=Homo sapiens OX=9606 GN=PSAP PE=1 SV=2,4UEX,-2.87,0.5219825720262004,1
PYR,107735,P15924,DSP,Desmoplakin OS=Homo sapiens OX=9606 GN=DSP PE=1 SV=3,5DZZ,,0.5219721211194848,1
PYR,107735,P04040,CAT,Catalase OS=Homo sapiens OX=9606 GN=CAT PE=1 SV=3,7P8W,-4.3372999999999999,0.5217760323530486,1
G6P,69507,Q9NZM1,MYOF,Myoferlin OS=Homo sapiens OX=9606 GN=MYOF PE=1 SV=1,6EEL,-5.8013000000000003,0.5216060910060134,1
G6P,69507,Q04917,YWHAH,14-3-3 protein eta OS=Homo sapiens OX=9606 GN=YWHAH PE=1 SV=4,2C74,-5.7979000000000003,0.5213160611888096,1
LAC,91435,P09960,LTA4H,Leukotriene A-4 hydrolase OS=Homo sapiens OX=9606 GN=LTA4H PE=1 SV=2,3B7S,-3.9451999999999998,0.5210586430745047,1
FBP,3281376,P36776,LONP1,Lon protease homolog  mitochondrial OS=Homo sapiens OX=9606 GN=LONP1 PE=1 SV=2,7NG5,-6.8878000000000004,0.5207975131001067,1
LAC,91435,P31947,SFN,14-3-3 protein sigma OS=Homo sapiens OX=9606 GN=SFN PE=1 SV=1,5OK9,-3.8458000000000001,0.5207853464514184,1
LAC,91435,Q99523,SORT1,Sortilin OS=Homo sapiens OX=9606 GN=SORT1 PE=1 SV=3,4MSL,-4.2675000000000001,0.5199485987232038,1
LAC,91435,P52292,KPNA2,Importin subunit alpha-1 OS=Homo sapiens OX=9606 GN=KPNA2 PE=1 SV=1,7CRU,-3.7566000000000002,0.5194573159433238,1
G3P,729,P10515,DLAT,Dihydrolipoyllysine-residue acetyltransferase component of pyruvate dehydrogenase complex  mitochondrial OS=Homo sapiens OX=9606 GN=DLAT PE=1 SV=3,1Y8O,-4.4809999999999999,0.5190037156468603,1
PYR,107735,Q02218,OGDH,2-oxoglutarate dehydrogenase  mitochondrial OS=Homo sapiens OX=9606 GN=OGDH PE=1 SV=3,7WGR,-4.1982999999999997,0.5188844807538795,1
LAC,91435,Q8WUM4,PDCD6IP,Programmed cell death 6-interacting protein OS=Homo sapiens OX=9606 GN=PDCD6IP PE=1 SV=1,2XS1,-3.8780999999999999,0.5188276546322449,1
PYR,107735,O00571,DDX3X,ATP-dependent RNA helicase DDX3X OS=Homo sapiens OX=9606 GN=DDX3X PE=1 SV=3,5E7J,-4.0510999999999999,0.5184159956147936,1
PYR,107735,P40926,MDH2,Malate dehydrogenase  mitochondrial OS=Homo sapiens OX=9606 GN=MDH2 PE=1 SV=3,2DFD,-4.1616,0.518032771291162,1
LAC,91435,Q9UHD8,SEPT9,Septin-9 OS=Homo sapiens OX=9606 GN=SEPT9 PE=1 SV=2,5CYO,-4.8733000000000004,0.5178603898284232,1
LAC,91435,P49588,AARS,Alanine--tRNA ligase  cytoplasmic OS=Homo sapiens OX=9606 GN=AARS PE=1 SV=2,5KNN,-4.2298999999999998,0.5178051757881134,1
F6P,439958,O43242,PSMD3,26S proteasome non-ATPase regulatory subunit 3 OS=Homo sapiens OX=9606 GN=PSMD3 PE=1 SV=2,5VGZ,-5.3331099999999996,0.5171401293759808,1
R5P,77982,P11586,MTHFD1,C-1-tetrahydrofolate synthase  cytoplasmic OS=Homo sapiens OX=9606 GN=MTHFD1 PE=1 SV=3,6ECP,,0.5165337115960966,1
R5P,77982,P15559,NQO1,NAD(P)H dehydrogenase [quinone] 1 OS=Homo sapiens OX=9606 GN=NQO1 PE=1 SV=1,1D4A,,0.5161691416042894,1
PYR,107735,P21926,CD9,CD9 antigen OS=Homo sapiens OX=9606 GN=CD9 PE=1 SV=4,6K4J,-3.6463000000000001,0.5153365873070939,1
LAC,91435,P78527,PRKDC,DNA-dependent protein kinase catalytic subunit OS=Homo sapiens OX=9606 GN=PRKDC PE=1 SV=3,7TYR,-3.7587999999999999,0.5152573514073229,1
PYR,107735,P18206,VCL,Vinculin OS=Homo sapiens OX=9606 GN=VCL PE=1 SV=4,1TR2,-4.4931000000000001,0.5150620080376176,1
PYR,107735,P63220,RPS21,40S ribosomal protein S21 OS=Homo sapiens OX=9606 GN=RPS21 PE=1 SV=1,6ZXG,-3.4302199999999998,0.5148993629997957,1
R5P,77982,P24752,ACAT1,Acetyl-CoA acetyltransferase  mitochondrial OS=Homo sapiens OX=9606 GN=ACAT1 PE=1 SV=1,2IB8,,0.5137525283417146,1
G3P,729,P53621,COPA,Coatomer subunit alpha OS=Homo sapiens OX=9606 GN=COPA PE=1 SV=2,6U3V,-4.8562499999999993,0.5132243007665515,1
LAC,91435,P36776,LONP1,Lon protease homolog  mitochondrial OS=Homo sapiens OX=9606 GN=LONP1 PE=1 SV=2,7NG5,-4.1085000000000003,0.5127272055238332,1
PYR,107735,P15311,EZR,Ezrin OS=Homo sapiens OX=9606 GN=EZR PE=1 SV=4,4RM8,-4.1402999999999999,0.5126395600333374,1
PYR,107735,P30050,RPL12,60S ribosomal protein L12 OS=Homo sapiens OX=9606 GN=RPL12 PE=1 SV=1,5A8L,-3.2336,0.5109136416268406,1
PYR,107735,O00170,AIP,AH receptor-interacting protein OS=Homo sapiens OX=9606 GN=AIP PE=1 SV=2,7ZUB,-4.1527000000000003,0.5106221490842927,1
G3P,729,Q14573,ITPR3,Inositol 1 4 5-trisphosphate receptor type 3 OS=Homo sapiens OX=9606 GN=ITPR3 PE=1 SV=2,6UQK,-4.5084,0.5095176826593893,1
LAC,91435,Q14697,GANAB,Neutral alpha-glucosidase AB OS=Homo sapiens OX=9606 GN=GANAB PE=1 SV=3,8D43,-4.08535,0.5091779029254483,1
R5P,77982,O43707,ACTN4,Alpha-actinin-4 OS=Homo sapiens OX=9606 GN=ACTN4 PE=1 SV=2,6OA6,,0.5090513446360483,1
PYR,107735,P57772,EEFSEC,Selenocysteine-specific elongation factor OS=Homo sapiens OX=9606 GN=EEFSEC PE=1 SV=4,5IZL,-4.5004999999999997,0.5086688824287187,1
PYR,107735,P36551,CPOX,Oxygen-dependent coproporphyrinogen-III oxidase  mitochondrial OS=Homo sapiens OX=9606 GN=CPOX PE=1 SV=3,2AEX,-4.3941999999999997,0.5084044185021178,1
PYR,107735,P84243,H3F3A,Histone H3.3 OS=Homo sapiens OX=9606 GN=H3F3A PE=1 SV=2,6U04,-3.6099000000000001,0.5068589168556707,1
LAC,91435,P14314,PRKCSH,Glucosidase 2 subunit beta OS=Homo sapiens OX=9606 GN=PRKCSH PE=1 SV=2,8D43,-4.08535,0.5066532255466953,1
PYR,107735,P49368,CCT3,T-complex protein 1 subunit gamma OS=Homo sapiens OX=9606 GN=CCT3 PE=1 SV=4,7NVM,-3.905675,0.5065936018753829,1
PYR,107735,Q13200,PSMD2,26S proteasome non-ATPase regulatory subunit 2 OS=Homo sapiens OX=9606 GN=PSMD2 PE=1 SV=3,5L4K,-4.7172999999999998,0.5058415621483784,1
G6P,69507,Q13190,STX5,Syntaxin-5 OS=Homo sapiens OX=9606 GN=STX5 PE=1 SV=2,3EFO,-5.1798999999999999,0.5052851194259539,1
LAC,91435,Q9NX58,LYAR,Cell growth-regulating nucleolar protein OS=Homo sapiens OX=9606 GN=LYAR PE=1 SV=2,6ZVH,-3.5267187500000001,0.5048943833578077,1
PYR,107735,P55884,EIF3B,Eukaryotic translation initiation factor 3 subunit B OS=Homo sapiens OX=9606 GN=EIF3B PE=1 SV=3,5K1H,-4.0407999999999999,0.5042818612601806,1
PYR,107735,P22314,UBA1,Ubiquitin-like modifier-activating enzyme 1 OS=Homo sapiens OX=9606 GN=UBA1 PE=1 SV=3,6DC6,-3.9615,0.5038309910139429,1
LAC,91435,P21333,FLNA,Filamin-A OS=Homo sapiens OX=9606 GN=FLNA PE=1 SV=4,2J3S,,0.5029090635277289,1
R5P,77982,Q96P70,IPO9,Importin-9 OS=Homo sapiens OX=9606 GN=IPO9 PE=1 SV=3,6N1Z,,0.502573920436554,1
LAC,91435,Q07157,TJP1,Tight junction protein ZO-1 OS=Homo sapiens OX=9606 GN=TJP1 PE=1 SV=3,3TSW,-3.9272999999999998,0.5024721432313007,1
F6P,439958,Q9NZL9,MAT2B,Methionine adenosyltransferase 2 subunit beta OS=Homo sapiens OX=9606 GN=MAT2B PE=1 SV=1,2YDX,-6.1394000000000002,0.5013954384454586,1
LAC,91435,O43707,ACTN4,Alpha-actinin-4 OS=Homo sapiens OX=9606 GN=ACTN4 PE=1 SV=2,6OA6,-3.8271999999999999,0.5005344891500463,1
FBP,3281376,P61158,ACTR3,Actin-related protein 3 OS=Homo sapiens OX=9606 GN=ACTR3 PE=1 SV=3,6UHC,-6.2659857142857138,0.49989553264608527,0
LAC,91435,P17812,CTPS1,CTP synthase 1 OS=Homo sapiens OX=9606 GN=CTPS1 PE=1 SV=2,7MIG,-3.9495,0.499782025380507,0
R5P,77982,P15924,DSP,Desmoplakin OS=Homo sapiens OX=9606 GN=DSP PE=1 SV=3,5DZZ,,0.4984575074390756,0
G6P,69507,P31948,STIP1,Stress-induced-phosphoprotein 1 OS=Homo sapiens OX=9606 GN=STIP1 PE=1 SV=1,7KW7,-6.5640000000000001,0.49746434030708864,0
FBP,3281376,P35998,PSMC2,26S proteasome regulatory subunit 7 OS=Homo sapiens OX=9606 GN=PSMC2 PE=1 SV=3,5GJQ,-6.3367500000000003,0.4973548764820252,0
F6P,439958,P36776,LONP1,Lon protease homolog  mitochondrial OS=Homo sapiens OX=9606 GN=LONP1 PE=1 SV=2,7NG5,-5.2815000000000003,0.4971560072100528,0
LAC,91435,P07954,FH,Fumarate hydratase  mitochondrial OS=Homo sapiens OX=9606 GN=FH PE=1 SV=3,5UPP,-4.1318000000000001,0.49682737279214323,0
LAC,91435,Q9Y3B8,REXO2,Oligoribonuclease  mitochondrial OS=Homo sapiens OX=9606 GN=REXO2 PE=1 SV=3,6STY,-3.3637000000000001,0.4952722064056515,0
PYR,107735,P30153,PPP2R1A,Serine/threonine-protein phosphatase 2A 65 kDa regulatory subunit A alpha isoform OS=Homo sapiens OX=9606 GN=PPP2R1A PE=1 SV=4,1B3U,-3.9310999999999998,0.4951599939928745,0
PYR,107735,P04083,ANXA1,Annexin A1 OS=Homo sapiens OX=9606 GN=ANXA1 PE=1 SV=2,1QLS,-1.9440999999999999,0.49512140246496844,0
LAC,91435,P12814,ACTN1,Alpha-actinin-1 OS=Homo sapiens OX=9606 GN=ACTN1 PE=1 SV=2,2EYI,-3.9068999999999998,0.4948151433188667,0
F6P,439958,P60709,ACTB,Actin  cytoplasmic 1 OS=Homo sapiens OX=9606 GN=ACTB PE=1 SV=1,6ANU,-4.907,0.49422819089220466,0
PYR,107735,Q16186,ADRM1,Proteasomal ubiquitin receptor ADRM1 OS=Homo sapiens OX=9606 GN=ADRM1 PE=1 SV=2,5V1Y,-2.8984999999999999,0.4938234424386547,0
PYR,107735,O15371,EIF3D,Eukaryotic translation initiation factor 3 subunit D OS=Homo sapiens OX=9606 GN=EIF3D PE=1 SV=1,6YBS,-3.7666333333333331,0.49364964508226356,0
LAC,91435,P52907,CAPZA1,F-actin-capping protein subunit alpha-1 OS=Homo sapiens OX=9606 GN=CAPZA1 PE=1 SV=3,1MWN,-2.9034,0.4934734445946532,0
LAC,91435,Q9UBU9,NXF1,Nuclear RNA export factor 1 OS=Homo sapiens OX=9606 GN=NXF1 PE=1 SV=1,4WYK,-4.1558999999999999,0.4928690727167162,0
PYR,107735,P61981,YWHAG,14-3-3 protein gamma OS=Homo sapiens OX=9606 GN=YWHAG PE=1 SV=2,6BYJ,-3.9699,0.49230838824984574,0
PYR,107735,P11142,HSPA8,Heat shock cognate 71 kDa protein OS=Homo sapiens OX=9606 GN=HSPA8 PE=1 SV=1,4H5R,-4.6437999999999997,0.49202284673432767,0
PYR,107735,P55072,VCP,Transitional endoplasmic reticulum ATPase OS=Homo sapiens OX=9606 GN=VCP PE=1 SV=4,7VCS,-4.2347999999999999,0.491834138800064,0
PYR,107735,Q9H4L5,OSBPL3,Oxysterol-binding protein-related protein 3 OS=Homo sapiens OX=9606 GN=OSBPL3 PE=1 SV=1,7DEI,-3.9411999999999998,0.4911003524147497,0
LAC,91435,Q9Y6Y0,IVNS1ABP,Influenza virus NS1A-binding protein OS=Homo sapiens OX=9606 GN=IVNS1ABP PE=1 SV=3,6N3H,-4.1745999999999999,0.4907539989216179,0
PYR,107735,P10599,TXN,Thioredoxin OS=Homo sapiens OX=9606 GN=TXN PE=1 SV=3,4PUF,-3.5991,0.49069681930775993,0
R5P,77982,P00390,GSR,Glutathione reductase  mitochondrial OS=Homo sapiens OX=9606 GN=GSR PE=1 SV=2,3DK9,,0.4898022810579746,0
PYR,107735,P12277,CKB,Creatine kinase B-type OS=Homo sapiens OX=9606 GN=CKB PE=1 SV=1,3DRE,-3.7768000000000002,0.4895254242837643,0
LAC,91435,P50991,CCT4,T-complex protein 1 subunit delta OS=Homo sapiens OX=9606 GN=CCT4 PE=1 SV=4,7TTT,-4.0949999999999998,0.48892673254517044,0
PYR,107735,O43615,TIMM44,Mitochondrial import inner membrane translocase subunit TIM44 OS=Homo sapiens OX=9606 GN=TIMM44 PE=1 SV=2,2CW9,-3.8975,0.4869773864434257,0
G3P,729,P49748,ACADVL,Very long-chain specific acyl-CoA dehydrogenase  mitochondrial OS=Homo sapiens OX=9606 GN=ACADVL PE=1 SV=1,2UXW,-5.1417999999999999,0.48681925831662726,0
G6P,69507,P15559,NQO1,NAD(P)H dehydrogenase [quinone] 1 OS=Homo sapiens OX=9606 GN=NQO1 PE=1 SV=1,1D4A,-5.3779000000000003,0.48587215875236767,0
PYR,107735,P39687,ANP32A,Acidic leucine-rich nuclear phosphoprotein 32 family member A OS=Homo sapiens OX=9606 GN=ANP32A PE=1 SV=1,6XZQ,-3.3317999999999999,0.4849331960560772,0
G6P,69507,Q14974,KPNB1,Importin subunit beta-1 OS=Homo sapiens OX=9606 GN=KPNB1 PE=1 SV=2,1QGK,-5.8,0.4842548150423612,0
LAC,91435,P49915,GMPS,GMP synthase [glutamine-hydrolyzing] OS=Homo sapiens OX=9606 GN=GMPS PE=1 SV=1,2VXO,-4.0236000000000001,0.48400222302767815,0
LAC,91435,Q8IYB3,SRRM1,Serine/arginine repetitive matrix protein 1 OS=Homo sapiens OX=9606 GN=SRRM1 PE=1 SV=2,6FF7,-3.0973000000000002,0.48374192895151413,0
R5P,77982,P50990,CCT8,T-complex protein 1 subunit theta OS=Homo sapiens OX=9606 GN=CCT8 PE=1 SV=4,7NVM,,0.48316143186386856,0
LAC,91435,P30101,PDIA3,Protein disulfide-isomerase A3 OS=Homo sapiens OX=9606 GN=PDIA3 PE=1 SV=4,3F8U,-3.7892000000000001,0.4824831793754842,0
G3P,729,P30038,ALDH4A1,Delta-1-pyrroline-5-carboxylate dehydrogenase  mitochondrial OS=Homo sapiens OX=9606 GN=ALDH4A1 PE=1 SV=3,3V9H,-4.8851000000000004,0.481868009046312,0
PYR,107735,O43395,PRPF3,U4/U6 small nuclear ribonucleoprotein Prp3 OS=Homo sapiens OX=9606 GN=PRPF3 PE=1 SV=2,5O9Z,-3.2738,0.4817701662080606,0
PYR,107735,P06748,NPM1,Nucleophosmin OS=Homo sapiens OX=9606 GN=NPM1 PE=1 SV=2,8AH2,-3.6738,0.4806494539974684,0
2PG,439278,P54578,USP14,Ubiquitin carboxyl-terminal hydrolase 14 OS=Homo sapiens OX=9606 GN=USP14 PE=1 SV=3,2AYO,-5.1936,0.4805686984139067,0
LAC,91435,P82933,MRPS9,28S ribosomal protein S9  mitochondrial OS=Homo sapiens OX=9606 GN=MRPS9 PE=1 SV=2,8CSS,-3.615927272727272,0.4805580523459945,0
2PG,439278,Q01844,EWSR1,RNA-binding protein EWS OS=Homo sapiens OX=9606 GN=EWSR1 PE=1 SV=1,2CPE,-4.3948,0.48048470554151035,0
LAC,91435,Q14204,DYNC1H1,Cytoplasmic dynein 1 heavy chain 1 OS=Homo sapiens OX=9606 GN=DYNC1H1 PE=1 SV=5,7Z8G,,0.4804427275882419,0
LAC,91435,Q15459,SF3A1,Splicing factor 3A subunit 1 OS=Homo sapiens OX=9606 GN=SF3A1 PE=1 SV=1,7EVO,-3.09836,0.47984970549762906,0
G3P,729,P49588,AARS,Alanine--tRNA ligase  cytoplasmic OS=Homo sapiens OX=9606 GN=AARS PE=1 SV=2,5KNN,-5.1519000000000004,0.4792912820896061,0
PYR,107735,P78527,PRKDC,DNA-dependent protein kinase catalytic subunit OS=Homo sapiens OX=9606 GN=PRKDC PE=1 SV=3,7TYR,-3.97,0.47920524195764436,0
G6P,69507,Q96P70,IPO9,Importin-9 OS=Homo sapiens OX=9606 GN=IPO9 PE=1 SV=3,6N1Z,-5.9819000000000004,0.47913931395262355,0
LAC,91435,O95819,MAP4K4,Mitogen-activated protein kinase kinase kinase kinase 4 OS=Homo sapiens OX=9606 GN=MAP4K4 PE=1 SV=2,4U45,-4.3163,0.4787422504089584,0
2PG,439278,P00390,GSR,Glutathione reductase  mitochondrial OS=Homo sapiens OX=9606 GN=GSR PE=1 SV=2,3DK9,-6.3334999999999999,0.47707179037579706,0
G3P,729,Q6P2Q9,PRPF8,Pre-mRNA-processing-splicing factor 8 OS=Homo sapiens OX=9606 GN=PRPF8 PE=1 SV=2,6ICZ,-4.1953166666666668,0.4770516491874451,0
PYR,107735,P33993,MCM7,DNA replication licensing factor MCM7 OS=Homo sapiens OX=9606 GN=MCM7 PE=1 SV=4,7W68,-4.0499200000000002,0.4767266348845063,0
PYR,107735,P00387,CYB5R3,NADH-cytochrome b5 reductase 3 OS=Homo sapiens OX=9606 GN=CYB5R3 PE=1 SV=3,7W3O,-3.9811999999999999,0.47619689724632036,0
PYR,107735,P61604,HSPE1,10 kDa heat shock protein  mitochondrial OS=Homo sapiens OX=9606 GN=HSPE1 PE=1 SV=2,6MRD,-3.6248999999999998,0.4749053347128764,0
LAC,91435,P15311,EZR,Ezrin OS=Homo sapiens OX=9606 GN=EZR PE=1 SV=4,4RM8,-4.2523,0.4747618955252378,0
PYR,107735,P62269,RPS18,40S ribosomal protein S18 OS=Homo sapiens OX=9606 GN=RPS18 PE=1 SV=3,6ZVH,-3.4370500000000002,0.4745593656497434,0
G3P,729,O60573,EIF4E2,Eukaryotic translation initiation factor 4E type 2 OS=Homo sapiens OX=9606 GN=EIF4E2 PE=1 SV=1,2JGB,-4.6877000000000004,0.47448003335049516,0
LAC,91435,P13489,RNH1,Ribonuclease inhibitor OS=Homo sapiens OX=9606 GN=RNH1 PE=1 SV=2,2Q4G,,0.4743357544240523,0
G6P,69507,P49588,AARS,Alanine--tRNA ligase  cytoplasmic OS=Homo sapiens OX=9606 GN=AARS PE=1 SV=2,5KNN,-7.3612000000000002,0.4743127176285467,0
PYR,107735,P02795,MT2A,Metallothionein-2 OS=Homo sapiens OX=9606 GN=MT2A PE=1 SV=1,1MHU,,0.4735111825001493,0
2PG,439278,P15924,DSP,Desmoplakin OS=Homo sapiens OX=9606 GN=DSP PE=1 SV=3,5DZZ,,0.4730028023590266,0
LAC,91435,P18206,VCL,Vinculin OS=Homo sapiens OX=9606 GN=VCL PE=1 SV=4,1TR2,-4.4297000000000004,0.47284328228398936,0
PYR,107735,P51858,HDGF,Hepatoma-derived growth factor OS=Homo sapiens OX=9606 GN=HDGF PE=1 SV=1,1RI0,,0.4727069687843727,0
LAC,91435,P16070,CD44,CD44 antigen OS=Homo sapiens OX=9606 GN=CD44 PE=1 SV=3,4PZ4,-3.9472999999999998,0.47137491757940647,0
2PG,439278,Q02790,FKBP4,Peptidyl-prolyl cis-trans isomerase FKBP4 OS=Homo sapiens OX=9606 GN=FKBP4 PE=1 SV=3,1QZ2,-5.0582000000000003,0.4703613875369232,0
G3P,729,O43707,ACTN4,Alpha-actinin-4 OS=Homo sapiens OX=9606 GN=ACTN4 PE=1 SV=2,6OA6,-4.5598999999999998,0.4699936414909334,0
LAC,91435,Q14152,EIF3A,Eukaryotic translation initiation factor 3 subunit A OS=Homo sapiens OX=9606 GN=EIF3A PE=1 SV=1,6YBD,-4.1650999999999998,0.4688294701805599,0
G6P,69507,P04075,ALDOA,Fructose-bisphosphate aldolase A OS=Homo sapiens OX=9606 GN=ALDOA PE=1 SV=2,1ALD,-6.7720000000000002,0.46877034342378754,0
PEP,1005,P04083,ANXA1,Annexin A1 OS=Homo sapiens OX=9606 GN=ANXA1 PE=1 SV=2,1QLS,-2.8502000000000001,0.46876628066628717,0
PYR,107735,Q00839,HNRNPU,Heterogeneous nuclear ribonucleoprotein U OS=Homo sapiens OX=9606 GN=HNRNPU PE=1 SV=6,1ZRJ,-2.6852999999999998,0.46840654629428596,0
PYR,107735,P25789,PSMA4,Proteasome subunit alpha type-4 OS=Homo sapiens OX=9606 GN=PSMA4 PE=1 SV=1,4R3O,-3.7576999999999998,0.4678047628453141,0
PYR,107735,Q7Z4V5,HDGFL2,Hepatoma-derived growth factor-related protein 2 OS=Homo sapiens OX=9606 GN=HDGFL2 PE=1 SV=1,3QBY,-4.1109999999999998,0.4677399581644175,0
G3P,729,Q96P70,IPO9,Importin-9 OS=Homo sapiens OX=9606 GN=IPO9 PE=1 SV=3,6N1Z,-4.2545999999999999,0.4673814892765284,0
LAC,91435,Q16658,FSCN1,Fascin OS=Homo sapiens OX=9606 GN=FSCN1 PE=1 SV=3,6I0Z,-4.1306000000000003,0.46639606172640746,0
PYR,107735,Q02790,FKBP4,Peptidyl-prolyl cis-trans isomerase FKBP4 OS=Homo sapiens OX=9606 GN=FKBP4 PE=1 SV=3,1QZ2,-3.6349999999999998,0.46636881166606853,0
LAC,91435,P31040,SDHA,Succinate dehydrogenase [ubiquinone] flavoprotein subunit  mitochondrial OS=Homo sapiens OX=9606 GN=SDHA PE=1 SV=2,6VAX,-4.0025000000000004,0.4657528291891564,0
LAC,91435,Q01105,SET,Protein SET OS=Homo sapiens OX=9606 GN=SET PE=1 SV=3,2E50,-3.4237000000000002,0.4656949988128609,0
PYR,107735,P27797,CALR,Calreticulin OS=Homo sapiens OX=9606 GN=CALR PE=1 SV=1,3POS,-3.9287000000000001,0.465667400209218,0
F6P,439958,P07437,TUBB,Tubulin beta chain OS=Homo sapiens OX=9606 GN=TUBB PE=1 SV=2,7TUB,-5.3308999999999997,0.4656175214204442,0
PYR,107735,P11021,HSPA5,Endoplasmic reticulum chaperone BiP OS=Homo sapiens OX=9606 GN=HSPA5 PE=1 SV=2,6ASY,-4.8033999999999999,0.465189061757096,0
G3P,729,O15270,SPTLC2,Serine palmitoyltransferase 2 OS=Homo sapiens OX=9606 GN=SPTLC2 PE=1 SV=1,7CQI,-4.6406999999999998,0.4651845663481572,0
FBP,3281376,Q9NZM1,MYOF,Myoferlin OS=Homo sapiens OX=9606 GN=MYOF PE=1 SV=1,6EEL,-5.3852000000000002,0.4649364834122524,0
R5P,77982,P06396,GSN,Gelsolin OS=Homo sapiens OX=9606 GN=GSN PE=1 SV=1,3FFN,,0.4646733724627236,0
LAC,91435,Q9HCU5,PREB,Prolactin regulatory element-binding protein OS=Homo sapiens OX=9606 GN=PREB PE=1 SV=2,5TF2,-3.6240000000000001,0.464545472833253,0
PYR,107735,P19338,NCL,Nucleolin OS=Homo sapiens OX=9606 GN=NCL PE=1 SV=3,2KRR,-3.6095999999999999,0.4636726295744422,0
LAC,91435,P00491,PNP,Purine nucleoside phosphorylase OS=Homo sapiens OX=9606 GN=PNP PE=1 SV=2,1ULA,-4.1711999999999998,0.4629884378611777,0
PYR,107735,Q15084,PDIA6,Protein disulfide-isomerase A6 OS=Homo sapiens OX=9606 GN=PDIA6 PE=1 SV=1,3W8J,-3.5021,0.4624122398101814,0
LAC,91435,P53621,COPA,Coatomer subunit alpha OS=Homo sapiens OX=9606 GN=COPA PE=1 SV=2,6U3V,-3.8247,0.4621590652698707,0
R5P,77982,Q15046,KARS,Lysine--tRNA ligase OS=Homo sapiens OX=9606 GN=KARS PE=1 SV=3,3BJU,,0.46186883200934303,0
FBP,3281376,P08621,SNRNP70,U1 small nuclear ribonucleoprotein 70 kDa OS=Homo sapiens OX=9606 GN=SNRNP70 PE=1 SV=2,4PKD,-5.9927999999999999,0.46079747167818924,0
LAC,91435,P53396,ACLY,ATP-citrate synthase OS=Homo sapiens OX=9606 GN=ACLY PE=1 SV=3,6HXH,-4.6311999999999998,0.4604878043697225,0
G3P,729,P61201,COPS2,COP9 signalosome complex subunit 2 OS=Homo sapiens OX=9606 GN=COPS2 PE=1 SV=1,6R7N,-5.3433999999999999,0.4602149252632367,0
FBP,3281376,P37837,TALDO1,Transaldolase OS=Homo sapiens OX=9606 GN=TALDO1 PE=1 SV=2,1F05,-6.1676000000000002,0.4595270290996154,0
PYR,107735,P08708,RPS17,40S ribosomal protein S17 OS=Homo sapiens OX=9606 GN=RPS17 PE=1 SV=2,6ZVH,-3.4370500000000002,0.4591811550238017,0
PYR,107735,P09104,ENO2,Gamma-enolase OS=Homo sapiens OX=9606 GN=ENO2 PE=1 SV=3,7MBH,-3.9626000000000001,0.4590337283161,0
PYR,107735,P67809,YBX1,Nuclease-sensitive element-binding protein 1 OS=Homo sapiens OX=9606 GN=YBX1 PE=1 SV=3,6A6L,-3.4011,0.459002805776585,0
LAC,91435,P40939,HADHA,Trifunctional enzyme subunit alpha  mitochondrial OS=Homo sapiens OX=9606 GN=HADHA PE=1 SV=2,6DV2,-3.8483000000000001,0.4583555459281407,0
LAC,91435,Q04917,YWHAH,14-3-3 protein eta OS=Homo sapiens OX=9606 GN=YWHAH PE=1 SV=4,2C74,-4.0045000000000002,0.45835426565997217,0
PYR,107735,Q9NY33,DPP3,Dipeptidyl peptidase 3 OS=Homo sapiens OX=9606 GN=DPP3 PE=1 SV=2,5E33,-3.2841499999999999,0.4574767843671552,0
G3P,729,Q9NZM1,MYOF,Myoferlin OS=Homo sapiens OX=9606 GN=MYOF PE=1 SV=1,6EEL,-4.7793999999999999,0.4574733158821504,0
G6P,69507,Q93050,ATP6V0A1,V-type proton ATPase 116 kDa subunit a isoform 1 OS=Homo sapiens OX=9606 GN=ATP6V0A1 PE=1 SV=3,6WM2,-5.2757500000000004,0.45730665988496827,0
LAC,91435,O95372,LYPLA2,Acyl-protein thioesterase 2 OS=Homo sapiens OX=9606 GN=LYPLA2 PE=1 SV=1,5SYN,-4.0156999999999998,0.4563674321996944,0
LAC,91435,Q9H6E5,TUT1,Speckle targeted PIP5K1A-regulated poly(A) polymerase OS=Homo sapiens OX=9606 GN=TUT1 PE=1 SV=2,5WU1,-4.1969000000000003,0.456112630477623,0
LAC,91435,P07437,TUBB,Tubulin beta chain OS=Homo sapiens OX=9606 GN=TUBB PE=1 SV=2,7TUB,-4.0472999999999999,0.45608581679334764,0
PYR,107735,Q14152,EIF3A,Eukaryotic translation initiation factor 3 subunit A OS=Homo sapiens OX=9606 GN=EIF3A PE=1 SV=1,6YBD,-3.8464999999999998,0.45591575487167263,0
PYR,107735,P31948,STIP1,Stress-induced-phosphoprotein 1 OS=Homo sapiens OX=9606 GN=STIP1 PE=1 SV=1,7KW7,-4.0396999999999998,0.45517818663448595,0
PYR,107735,P63244,RACK1,Receptor of activated protein C kinase 1 OS=Homo sapiens OX=9606 GN=RACK1 PE=1 SV=3,6ZLW,-3.6187999999999998,0.45492840845392857,0
R5P,77982,Q08554,DSC1,Desmocollin-1 OS=Homo sapiens OX=9606 GN=DSC1 PE=1 SV=2,5IRY,,0.4548737683982686,0
PYR,107735,P48643,CCT5,T-complex protein 1 subunit epsilon OS=Homo sapiens OX=9606 GN=CCT5 PE=1 SV=1,7NVN,-4.3176666666666668,0.4545596370473585,0
F6P,439958,P06454,PTMA,Prothymosin alpha OS=Homo sapiens OX=9606 GN=PTMA PE=1 SV=2,2L9I,-3.7319,0.45441257885778136,0
G3P,729,P16435,POR,NADPH--cytochrome P450 reductase OS=Homo sapiens OX=9606 GN=POR PE=1 SV=2,3QFC,-4.8762999999999996,0.4543173299250401,0
F6P,439958,P49588,AARS,Alanine--tRNA ligase  cytoplasmic OS=Homo sapiens OX=9606 GN=AARS PE=1 SV=2,5KNN,-6.5574000000000003,0.453931223850943,0
G6P,69507,P02788,LTF,Lactotransferrin OS=Homo sapiens OX=9606 GN=LTF PE=1 SV=6,2BJJ,-7.2323000000000004,0.4534941783086528,0
PYR,107735,Q00341,HDLBP,Vigilin OS=Homo sapiens OX=9606 GN=HDLBP PE=1 SV=2,1VIG,-3.5882000000000001,0.4532697348010713,0
LAC,91435,P84090,ERH,Enhancer of rudimentary homolog OS=Homo sapiens OX=9606 GN=ERH PE=1 SV=1,7X39,-3.4176000000000002,0.45294867168694264,0
2PG,439278,Q15181,PPA1,Inorganic pyrophosphatase OS=Homo sapiens OX=9606 GN=PPA1 PE=1 SV=2,7CMO,-5.1877000000000004,0.45292936907976206,0
PYR,107735,Q9Y490,TLN1,Talin-1 OS=Homo sapiens OX=9606 GN=TLN1 PE=1 SV=3,1SYQ,-2.4889999999999999,0.4525682997099789,0
LAC,91435,P36578,RPL4,60S ribosomal protein L4 OS=Homo sapiens OX=9606 GN=RPL4 PE=1 SV=5,5A8L,-3.3554249999999999,0.4521481344400243,0
2PG,439278,P14625,HSP90B1,Endoplasmin OS=Homo sapiens OX=9606 GN=HSP90B1 PE=1 SV=1,4NH9,-4.6307999999999998,0.45180032913902185,0
R5P,77982,Q93050,ATP6V0A1,V-type proton ATPase 116 kDa subunit a isoform 1 OS=Homo sapiens OX=9606 GN=ATP6V0A1 PE=1 SV=3,6WM2,,0.45177177678311287,0
LAC,91435,Q9Y285,FARSA,Phenylalanine--tRNA ligase alpha subunit OS=Homo sapiens OX=9606 GN=FARSA PE=1 SV=3,3L4G,-3.9992999999999999,0.451606870509263,0
PYR,107735,Q06830,PRDX1,Peroxiredoxin-1 OS=Homo sapiens OX=9606 GN=PRDX1 PE=1 SV=1,3HY2,-3.8149999999999999,0.45155155114882467,0
LAC,91435,Q6IN85,PPP4R3A,Serine/threonine-protein phosphatase 4 regulatory subunit 3A OS=Homo sapiens OX=9606 GN=PPP4R3A PE=1 SV=1,6R8I,-3.4834000000000001,0.45152971696812666,0
PYR,107735,P60903,S100A10,Protein S100-A10 OS=Homo sapiens OX=9606 GN=S100A10 PE=1 SV=2,4HRG,-3.5078,0.45144313389210095,0
FBP,3281376,P14625,HSP90B1,Endoplasmin OS=Homo sapiens OX=9606 GN=HSP90B1 PE=1 SV=1,4NH9,-5.6670999999999996,0.45115312794925816,0
LAC,91435,P00387,CYB5R3,NADH-cytochrome b5 reductase 3 OS=Homo sapiens OX=9606 GN=CYB5R3 PE=1 SV=3,7W3O,-3.9232999999999998,0.4505332978018861,0
FBP,3281376,P62195,PSMC5,26S proteasome regulatory subunit 8 OS=Homo sapiens OX=9606 GN=PSMC5 PE=1 SV=1,5T0J,-6.2838000000000003,0.45009089426309723,0
F6P,439958,Q00839,HNRNPU,Heterogeneous nuclear ribonucleoprotein U OS=Homo sapiens OX=9606 GN=HNRNPU PE=1 SV=6,1ZRJ,-3.9876999999999998,0.4497632957071705,0
FBP,3281376,Q9ULT8,HECTD1,E3 ubiquitin-protein ligase HECTD1 OS=Homo sapiens OX=9606 GN=HECTD1 PE=1 SV=3,3DKM,,0.4489060171174984,0
G3P,729,Q92620,DHX38,Pre-mRNA-splicing factor ATP-dependent RNA helicase PRP16 OS=Homo sapiens OX=9606 GN=DHX38 PE=1 SV=2,6ZYM,-3.6448499999999999,0.4484051059170048,0
PYR,107735,P18669,PGAM1,Phosphoglycerate mutase 1 OS=Homo sapiens OX=9606 GN=PGAM1 PE=1 SV=2,5ZS8,-3.6377000000000002,0.44814782937510517,0
PYR,107735,P07355,ANXA2,Annexin A2 OS=Homo sapiens OX=9606 GN=ANXA2 PE=1 SV=2,7NMI,-4.3494999999999999,0.44764319488555443,0
PYR,107735,P62263,RPS14,40S ribosomal protein S14 OS=Homo sapiens OX=9606 GN=RPS14 PE=1 SV=3,6ZVH,-3.4370500000000002,0.44690519316478744,0
FBP,3281376,O00429,DNM1L,Dynamin-1-like protein OS=Homo sapiens OX=9606 GN=DNM1L PE=1 SV=2,4H1U,-7.1048,0.44601630007845516,0
LAC,91435,Q7KZF4,SND1,Staphylococcal nuclease domain-containing protein 1 OS=Homo sapiens OX=9606 GN=SND1 PE=1 SV=1,3BDL,-4.0528000000000004,0.44460816516909624,0
FBP,3281376,P08237,PFKM,ATP-dependent 6-phosphofructokinase  muscle type OS=Homo sapiens OX=9606 GN=PFKM PE=1 SV=2,4OMT,-7.6365999999999996,0.4445304692272681,0
G3P,729,O95155,UBE4B,Ubiquitin conjugation factor E4 B OS=Homo sapiens OX=9606 GN=UBE4B PE=1 SV=1,3L1Z,,0.4444738882635097,0
FBP,3281376,P43490,NAMPT,Nicotinamide phosphoribosyltransferase OS=Homo sapiens OX=9606 GN=NAMPT PE=1 SV=1,4KFN,-7.1280000000000001,0.444035694916841,0
LAC,91435,P41250,GARS,Glycine--tRNA ligase OS=Homo sapiens OX=9606 GN=GARS PE=1 SV=3,4KQE,-4.0404999999999998,0.44384946629067057,0
LAC,91435,P30044,PRDX5,Peroxiredoxin-5  mitochondrial OS=Homo sapiens OX=9606 GN=PRDX5 PE=1 SV=4,4MMM,-3.6547000000000001,0.44382287029305895,0
LAC,91435,P62081,RPS7,40S ribosomal protein S7 OS=Homo sapiens OX=9606 GN=RPS7 PE=1 SV=1,6ZVH,-3.5267187500000001,0.4437480330243929,0
LAC,91435,P04843,RPN1,Dolichyl-diphosphooligosaccharide--protein glycosyltransferase subunit 1 OS=Homo sapiens OX=9606 GN=RPN1 PE=1 SV=1,6S7O,-3.5290857142857139,0.44327413366843266,0
PYR,107735,P07237,P4HB,Protein disulfide-isomerase OS=Homo sapiens OX=9606 GN=P4HB PE=1 SV=3,4EKZ,-4.3213999999999997,0.44304343334427043,0
PYR,107735,P52298,NCBP2,Nuclear cap-binding protein subunit 2 OS=Homo sapiens OX=9606 GN=NCBP2 PE=1 SV=1,5OOB,-4.0953999999999997,0.44295982714986487,0
G6P,69507,P52294,KPNA1,Importin subunit alpha-5 OS=Homo sapiens OX=9606 GN=KPNA1 PE=1 SV=3,4B18,-5.8762999999999996,0.4422238516237676,0
LAC,91435,P22314,UBA1,Ubiquitin-like modifier-activating enzyme 1 OS=Homo sapiens OX=9606 GN=UBA1 PE=1 SV=3,6DC6,-4.2801999999999998,0.44197726484026034,0
LAC,91435,Q96C19,EFHD2,EF-hand domain-containing protein D2 OS=Homo sapiens OX=9606 GN=EFHD2 PE=1 SV=1,5I2L,-3.2521,0.44185831414633303,0
G3P,729,P12814,ACTN1,Alpha-actinin-1 OS=Homo sapiens OX=9606 GN=ACTN1 PE=1 SV=2,2EYI,-4.4306000000000001,0.4418107538070814,0
LAC,91435,Q12931,TRAP1,Heat shock protein 75 kDa  mitochondrial OS=Homo sapiens OX=9606 GN=TRAP1 PE=1 SV=3,7KLV,-4.2941500000000001,0.4409414839934276,0
R5P,77982,Q9Y490,TLN1,Talin-1 OS=Homo sapiens OX=9606 GN=TLN1 PE=1 SV=3,1SYQ,,0.44085524640012325,0
G3P,729,P11586,MTHFD1,C-1-tetrahydrofolate synthase  cytoplasmic OS=Homo sapiens OX=9606 GN=MTHFD1 PE=1 SV=3,6ECP,-4.2408999999999999,0.44035571874967544,0
PYR,107735,P15559,NQO1,NAD(P)H dehydrogenase [quinone] 1 OS=Homo sapiens OX=9606 GN=NQO1 PE=1 SV=1,1D4A,-3.7208000000000001,0.4400596009338987,0
LAC,91435,P40227,CCT6A,T-complex protein 1 subunit zeta OS=Homo sapiens OX=9606 GN=CCT6A PE=1 SV=3,7NVN,-4.2503666666666673,0.4393906760510789,0
PYR,107735,P37802,TAGLN2,Transgelin-2 OS=Homo sapiens OX=9606 GN=TAGLN2 PE=1 SV=3,1WYM,-3.9481999999999999,0.4386613382971583,0
LAC,91435,P37837,TALDO1,Transaldolase OS=Homo sapiens OX=9606 GN=TALDO1 PE=1 SV=2,1F05,-4.0214999999999996,0.4385443640625343,0
LAC,91435,O43395,PRPF3,U4/U6 small nuclear ribonucleoprotein Prp3 OS=Homo sapiens OX=9606 GN=PRPF3 PE=1 SV=2,5O9Z,-3.51675,0.4385374325730994,0
LAC,91435,P33993,MCM7,DNA replication licensing factor MCM7 OS=Homo sapiens OX=9606 GN=MCM7 PE=1 SV=4,7W68,-4.1006600000000004,0.4378502725081758,0
F6P,439958,P08133,ANXA6,Annexin A6 OS=Homo sapiens OX=9606 GN=ANXA6 PE=1 SV=3,1M9I,-6.1416000000000004,0.4378452806637696,0
PYR,107735,P78371,CCT2,T-complex protein 1 subunit beta OS=Homo sapiens OX=9606 GN=CCT2 PE=1 SV=4,7TTN,-4.2568000000000001,0.4376949826938972,0
LAC,91435,P26038,MSN,Moesin OS=Homo sapiens OX=9606 GN=MSN PE=1 SV=3,1EF1,-3.9891999999999999,0.4371442797835784,0
PYR,107735,P62820,RAB1A,Ras-related protein Rab-1A OS=Homo sapiens OX=9606 GN=RAB1A PE=1 SV=3,4FMD,-4.5509000000000004,0.43706386782675755,0
LAC,91435,Q9HD33,MRPL47,39S ribosomal protein L47  mitochondrial OS=Homo sapiens OX=9606 GN=MRPL47 PE=1 SV=2,7OF0,-3.59842,0.4363896212892801,0
LAC,91435,P29401,TKT,Transketolase OS=Homo sapiens OX=9606 GN=TKT PE=1 SV=3,4KXW,-4.5082000000000004,0.43539231924525723,0
G3P,729,P32119,PRDX2,Peroxiredoxin-2 OS=Homo sapiens OX=9606 GN=PRDX2 PE=1 SV=5,5B8B,-3.891,0.4351420615845023,0
LAC,91435,Q9UHB9,SRP68,Signal recognition particle subunit SRP68 OS=Homo sapiens OX=9606 GN=SRP68 PE=1 SV=2,5M73,-3.3548,0.4350789410000744,0
LAC,91435,Q9H832,UBE2Z,Ubiquitin-conjugating enzyme E2 Z OS=Homo sapiens OX=9606 GN=UBE2Z PE=1 SV=2,5A4P,-3.8029999999999999,0.43422007648819316,0
G6P,69507,P26599,PTBP1,Polypyrimidine tract-binding protein 1 OS=Homo sapiens OX=9606 GN=PTBP1 PE=1 SV=1,3ZZY,-4.9286000000000003,0.4336037481502274,0
PYR,107735,Q6NYC1,JMJD6,Bifunctional arginine demethylase and lysyl-hydroxylase JMJD6 OS=Homo sapiens OX=9606 GN=JMJD6 PE=1 SV=1,6MEV,-4.1482999999999999,0.433179330135571,0
G3P,729,Q8NHP6,MOSPD2,Motile sperm domain-containing protein 2 OS=Homo sapiens OX=9606 GN=MOSPD2 PE=1 SV=1,6TQT,-4.7267999999999999,0.4330908241150739,0
LAC,91435,P11413,G6PD,Glucose-6-phosphate 1-dehydrogenase OS=Homo sapiens OX=9606 GN=G6PD PE=1 SV=4,1QKI,-4.1256000000000004,0.43254430568105545,0
LAC,91435,P49368,CCT3,T-complex protein 1 subunit gamma OS=Homo sapiens OX=9606 GN=CCT3 PE=1 SV=4,7NVM,-3.90455,0.4323549229933331,0
LAC,91435,P08865,RPSA,40S ribosomal protein SA OS=Homo sapiens OX=9606 GN=RPSA PE=1 SV=4,6ZVH,-3.5267187500000001,0.4320054612596918,0
FBP,3281376,Q01813,PFKP,ATP-dependent 6-phosphofructokinase  platelet type OS=Homo sapiens OX=9606 GN=PFKP PE=1 SV=2,4XYJ,-7.6047000000000002,0.4318600392171582,0
FBP,3281376,P60709,ACTB,Actin  cytoplasmic 1 OS=Homo sapiens OX=9606 GN=ACTB PE=1 SV=1,6ANU,-5.4869000000000003,0.4317381168937556,0
G6P,69507,P02768,ALB,Serum albumin OS=Homo sapiens OX=9606 GN=ALB PE=1 SV=2,8CKS,-5.9621000000000004,0.4314233318874962,0
LAC,91435,P07814,EPRS,Bifunctional glutamate/proline--tRNA ligase OS=Homo sapiens OX=9606 GN=EPRS PE=1 SV=5,7F9A,,0.4314004942749318,0
G3P,729,P06396,GSN,Gelsolin OS=Homo sapiens OX=9606 GN=GSN PE=1 SV=1,3FFN,-5.3860000000000001,0.4313397465020813,0
LAC,91435,P31939,ATIC,Bifunctional purine biosynthesis protein PURH OS=Homo sapiens OX=9606 GN=ATIC PE=1 SV=3,1PKX,-4.2816000000000001,0.43092595934902156,0
PYR,107735,P62081,RPS7,40S ribosomal protein S7 OS=Homo sapiens OX=9606 GN=RPS7 PE=1 SV=1,6ZVH,-3.4370500000000002,0.43092370003915503,0
R5P,77982,Q9NZM1,MYOF,Myoferlin OS=Homo sapiens OX=9606 GN=MYOF PE=1 SV=1,6EEL,,0.43044055871962084,0
LAC,91435,P12277,CKB,Creatine kinase B-type OS=Homo sapiens OX=9606 GN=CKB PE=1 SV=1,3DRE,-3.8904000000000001,0.4303739489972403,0
G6P,69507,P15924,DSP,Desmoplakin OS=Homo sapiens OX=9606 GN=DSP PE=1 SV=3,5DZZ,,0.4298817068317427,0
G3P,729,P05023,ATP1A1,Sodium/potassium-transporting ATPase subunit alpha-1 OS=Homo sapiens OX=9606 GN=ATP1A1 PE=1 SV=1,7E20,-4.5026999999999999,0.4277957999479838,0
LAC,91435,Q7Z4V5,HDGFL2,Hepatoma-derived growth factor-related protein 2 OS=Homo sapiens OX=9606 GN=HDGFL2 PE=1 SV=1,3QBY,-3.9201999999999999,0.4277048882511598,0
LAC,91435,Q16543,CDC37,Hsp90 co-chaperone Cdc37 OS=Homo sapiens OX=9606 GN=CDC37 PE=1 SV=1,5HPE,-4.5251000000000001,0.42632412908075323,0
LAC,91435,P07237,P4HB,Protein disulfide-isomerase OS=Homo sapiens OX=9606 GN=P4HB PE=1 SV=3,4EKZ,-3.8388,0.4262631274387958,0
PYR,107735,P49915,GMPS,GMP synthase [glutamine-hydrolyzing] OS=Homo sapiens OX=9606 GN=GMPS PE=1 SV=1,2VXO,-4.0715000000000003,0.42615355169787766,0
PYR,107735,Q9UHD1,CHORDC1,Cysteine and histidine-rich domain-containing protein 1 OS=Homo sapiens OX=9606 GN=CHORDC1 PE=1 SV=2,2YRT,-3.2389999999999999,0.4259705539169751,0
F6P,439958,Q08945,SSRP1,FACT complex subunit SSRP1 OS=Homo sapiens OX=9606 GN=SSRP1 PE=1 SV=1,5UMS,-4.9421999999999997,0.4256333557528682,0
LAC,91435,O75369,FLNB,Filamin-B OS=Homo sapiens OX=9606 GN=FLNB PE=1 SV=2,4B7L,-3.9462999999999999,0.42516887752297977,0
G3P,729,O95163,ELP1,Elongator complex protein 1 OS=Homo sapiens OX=9606 GN=ELP1 PE=1 SV=3,5CQR,-3.9344999999999999,0.42504892087926294,0
PYR,107735,P62241,RPS8,40S ribosomal protein S8 OS=Homo sapiens OX=9606 GN=RPS8 PE=1 SV=2,5FLX,-3.7766000000000002,0.42502950288363367,0
2PG,439278,Q7L014,DDX46,Probable ATP-dependent RNA helicase DDX46 OS=Homo sapiens OX=9606 GN=DDX46 PE=1 SV=2,7Q3L,-3.3397000000000001,0.4249251652720155,0
G3P,729,Q9NTZ6,RBM12,RNA-binding protein 12 OS=Homo sapiens OX=9606 GN=RBM12 PE=1 SV=1,2EK1,-4.0490000000000004,0.42492168938275027,0
PYR,107735,P62258,YWHAE,14-3-3 protein epsilon OS=Homo sapiens OX=9606 GN=YWHAE PE=1 SV=1,2BR9,-3.7848000000000002,0.42437326634487904,0
R5P,77982,O95881,TXNDC12,Thioredoxin domain-containing protein 12 OS=Homo sapiens OX=9606 GN=TXNDC12 PE=1 SV=1,1SEN,,0.42413050655186946,0
LAC,91435,P35580,MYH10,Myosin-10 OS=Homo sapiens OX=9606 GN=MYH10 PE=1 SV=3,4PD3,-4.2325999999999997,0.42342743637809377,0
G3P,729,O14744,PRMT5,Protein arginine N-methyltransferase 5 OS=Homo sapiens OX=9606 GN=PRMT5 PE=1 SV=4,7ZVU,-4.8220000000000001,0.4231558319264765,0
LAC,91435,P49736,MCM2,DNA replication licensing factor MCM2 OS=Homo sapiens OX=9606 GN=MCM2 PE=1 SV=4,5C3I,-2.9420999999999999,0.4226788267354213,0
G3P,729,P30101,PDIA3,Protein disulfide-isomerase A3 OS=Homo sapiens OX=9606 GN=PDIA3 PE=1 SV=4,3F8U,-4.9505999999999997,0.42254229315846253,0
LAC,91435,Q9HC38,GLOD4,Glyoxalase domain-containing protein 4 OS=Homo sapiens OX=9606 GN=GLOD4 PE=1 SV=1,3ZI1,-4.0724999999999998,0.4225249963515313,0
LAC,91435,P40926,MDH2,Malate dehydrogenase  mitochondrial OS=Homo sapiens OX=9606 GN=MDH2 PE=1 SV=3,2DFD,-4.2458,0.4221126855421552,0
PYR,107735,P07108,DBI,Acyl-CoA-binding protein OS=Homo sapiens OX=9606 GN=DBI PE=1 SV=2,2CB8,-3.3866000000000001,0.4220928263823822,0
LAC,91435,P55209,NAP1L1,Nucleosome assembly protein 1-like 1 OS=Homo sapiens OX=9606 GN=NAP1L1 PE=1 SV=1,7UN6,-4.1334999999999997,0.4218453914883385,0
LAC,91435,P63220,RPS21,40S ribosomal protein S21 OS=Homo sapiens OX=9606 GN=RPS21 PE=1 SV=1,6ZXG,-3.4286400000000001,0.4216826483696577,0
R5P,77982,Q9Y6D6,ARFGEF1,Brefeldin A-inhibited guanine nucleotide-exchange protein 1 OS=Homo sapiens OX=9606 GN=ARFGEF1 PE=1 SV=2,5EE5,,0.4210378956570005,0
R5P,77982,Q86TU7,SETD3,Histone-lysine N-methyltransferase setd3 OS=Homo sapiens OX=9606 GN=SETD3 PE=1 SV=1,6MBK,,0.4206550084132994,0
2PG,439278,O43707,ACTN4,Alpha-actinin-4 OS=Homo sapiens OX=9606 GN=ACTN4 PE=1 SV=2,6OA6,-4.9316000000000004,0.4204561760145053,0
G6P,69507,P06454,PTMA,Prothymosin alpha OS=Homo sapiens OX=9606 GN=PTMA PE=1 SV=2,2L9I,-3.9565000000000001,0.4204161216259052,0
LAC,91435,P14868,DARS,Aspartate--tRNA ligase  cytoplasmic OS=Homo sapiens OX=9606 GN=DARS PE=1 SV=2,4J15,-4.3673000000000002,0.41983910396813867,0
G3P,729,P48643,CCT5,T-complex protein 1 subunit epsilon OS=Homo sapiens OX=9606 GN=CCT5 PE=1 SV=1,7NVN,-5.3048000000000002,0.4198380837137585,0
G6P,69507,P11586,MTHFD1,C-1-tetrahydrofolate synthase  cytoplasmic OS=Homo sapiens OX=9606 GN=MTHFD1 PE=1 SV=3,6ECP,-5.4539999999999997,0.4193938678992317,0
2PG,439278,P11586,MTHFD1,C-1-tetrahydrofolate synthase  cytoplasmic OS=Homo sapiens OX=9606 GN=MTHFD1 PE=1 SV=3,6ECP,-4.3837999999999999,0.419312964672532,0
F6P,439958,P06396,GSN,Gelsolin OS=Homo sapiens OX=9606 GN=GSN PE=1 SV=1,3FFN,-6.8296000000000001,0.41914309362062957,0
G3P,729,P54136,RARS,Arginine--tRNA ligase  cytoplasmic OS=Homo sapiens OX=9606 GN=RARS PE=1 SV=2,4Q2T,-5.0335000000000001,0.4189535606215885,0
G3P,729,Q9Y6G9,DYNC1LI1,Cytoplasmic dynein 1 light intermediate chain 1 OS=Homo sapiens OX=9606 GN=DYNC1LI1 PE=1 SV=3,6B9H,-4.1901000000000002,0.4187113831341895,0
2PG,439278,P55884,EIF3B,Eukaryotic translation initiation factor 3 subunit B OS=Homo sapiens OX=9606 GN=EIF3B PE=1 SV=3,5K1H,-4.6992000000000003,0.41858044583446075,0
G6P,69507,P49773,HINT1,Histidine triad nucleotide-binding protein 1 OS=Homo sapiens OX=9606 GN=HINT1 PE=1 SV=2,6G9Z,-5.1886999999999999,0.41849957678302635,0
LAC,91435,O00231,PSMD11,26S proteasome non-ATPase regulatory subunit 11 OS=Homo sapiens OX=9606 GN=PSMD11 PE=1 SV=3,5M32,-3.6968999999999999,0.41776208486133876,0
LAC,91435,Q15029,EFTUD2,116 kDa U5 small nuclear ribonucleoprotein component OS=Homo sapiens OX=9606 GN=EFTUD2 PE=1 SV=1,7DVQ,-3.6216785714285709,0.4176973582641306,0
G6P,69507,Q9Y230,RUVBL2,RuvB-like 2 OS=Homo sapiens OX=9606 GN=RUVBL2 PE=1 SV=3,6K0R,-6.2927999999999997,0.417477313059082,0
G3P,729,P19367,HK1,Hexokinase-1 OS=Homo sapiens OX=9606 GN=HK1 PE=1 SV=3,1QHA,-5.9768999999999997,0.4171442292067038,0
LAC,91435,P04075,ALDOA,Fructose-bisphosphate aldolase A OS=Homo sapiens OX=9606 GN=ALDOA PE=1 SV=2,1ALD,-3.988,0.4168281965375254,0
PYR,107735,Q9BUA3,C11orf84,SPIN1-docking protein OS=Homo sapiens OX=9606 GN=C11orf84 PE=1 SV=3,7CNA,-2.8083,0.41669132049524177,0
G6P,69507,Q00839,HNRNPU,Heterogeneous nuclear ribonucleoprotein U OS=Homo sapiens OX=9606 GN=HNRNPU PE=1 SV=6,1ZRJ,-4.375,0.415849551085833,0
G3P,729,P20020,ATP2B1,Plasma membrane calcium-transporting ATPase 1 OS=Homo sapiens OX=9606 GN=ATP2B1 PE=1 SV=3,6A69,-4.7787499999999996,0.41582803085038933,0
PYR,107735,Q92598,HSPH1,Heat shock protein 105 kDa OS=Homo sapiens OX=9606 GN=HSPH1 PE=1 SV=1,6GFA,-4.7918000000000003,0.4155392453996957,0
PYR,107735,Q12931,TRAP1,Heat shock protein 75 kDa  mitochondrial OS=Homo sapiens OX=9606 GN=TRAP1 PE=1 SV=3,7KLV,-4.28735,0.4155006559889986,0
2PG,439278,Q08554,DSC1,Desmocollin-1 OS=Homo sapiens OX=9606 GN=DSC1 PE=1 SV=2,5IRY,-5.2949999999999999,0.41524545375831085,0
PYR,107735,P06733,ENO1,Alpha-enolase OS=Homo sapiens OX=9606 GN=ENO1 PE=1 SV=2,2PSN,-4.9897,0.4143164905734202,0
G6P,69507,P08133,ANXA6,Annexin A6 OS=Homo sapiens OX=9606 GN=ANXA6 PE=1 SV=3,1M9I,-6.9744999999999999,0.4141303373748051,0
G6P,69507,Q08945,SSRP1,FACT complex subunit SSRP1 OS=Homo sapiens OX=9606 GN=SSRP1 PE=1 SV=1,5UMS,-5.7095000000000002,0.41350987903066133,0
LAC,91435,P02768,ALB,Serum albumin OS=Homo sapiens OX=9606 GN=ALB PE=1 SV=2,8CKS,-4.5857999999999999,0.412857565265233,0
LAC,91435,Q9H2G2,SLK,STE20-like serine/threonine-protein kinase OS=Homo sapiens OX=9606 GN=SLK PE=1 SV=1,4USF,-4.0388000000000002,0.4128548859339386,0
FBP,3281376,Q99613,EIF3C,Eukaryotic translation initiation factor 3 subunit C OS=Homo sapiens OX=9606 GN=EIF3C PE=1 SV=1,3J8B,-5.6722857142857146,0.41253716234299637,0
LAC,91435,P62273,RPS29,40S ribosomal protein S29 OS=Homo sapiens OX=9606 GN=RPS29 PE=1 SV=2,7R4X,-3.40496,0.4116825711364781,0
G3P,729,Q08945,SSRP1,FACT complex subunit SSRP1 OS=Homo sapiens OX=9606 GN=SSRP1 PE=1 SV=1,5UMS,-4.3589000000000002,0.4114791447443112,0
LAC,91435,P25787,PSMA2,Proteasome subunit alpha type-2 OS=Homo sapiens OX=9606 GN=PSMA2 PE=1 SV=2,4R3O,-3.7650800000000002,0.4110394685359756,0
LAC,91435,P30086,PEBP1,Phosphatidylethanolamine-binding protein 1 OS=Homo sapiens OX=9606 GN=PEBP1 PE=1 SV=3,2QYQ,-4.2550999999999997,0.4109980067532497,0
PYR,107735,P62917,RPL8,60S ribosomal protein L8 OS=Homo sapiens OX=9606 GN=RPL8 PE=1 SV=2,7UN3,-4.6877000000000004,0.4107021210535007,0
F6P,439958,P19338,NCL,Nucleolin OS=Homo sapiens OX=9606 GN=NCL PE=1 SV=3,2KRR,-5.1647999999999996,0.4104622449871378,0
PYR,107735,P13667,PDIA4,Protein disulfide-isomerase A4 OS=Homo sapiens OX=9606 GN=PDIA4 PE=1 SV=2,3IDV,-3.5596999999999999,0.41043794529863636,0
FBP,3281376,Q00839,HNRNPU,Heterogeneous nuclear ribonucleoprotein U OS=Homo sapiens OX=9606 GN=HNRNPU PE=1 SV=6,1ZRJ,-4.6243999999999996,0.41037701658251075,0
FBP,3281376,P60891,PRPS1,Ribose-phosphate pyrophosphokinase 1 OS=Homo sapiens OX=9606 GN=PRPS1 PE=1 SV=2,8DBE,-6.4545000000000003,0.410336031234623,0
G6P,69507,Q9Y6G9,DYNC1LI1,Cytoplasmic dynein 1 light intermediate chain 1 OS=Homo sapiens OX=9606 GN=DYNC1LI1 PE=1 SV=3,6B9H,-4.7156500000000001,0.4101938551135324,0
LAC,91435,P06744,GPI,Glucose-6-phosphate isomerase OS=Homo sapiens OX=9606 GN=GPI PE=1 SV=4,1JIQ,-4.0919999999999996,0.4101593313265368,0
PYR,107735,P39748,FEN1,Flap endonuclease 1 OS=Homo sapiens OX=9606 GN=FEN1 PE=1 SV=1,5K97,-4.1767000000000003,0.4101552970189569,0
LAC,91435,P26639,TARS,Threonine--tRNA ligase  cytoplasmic OS=Homo sapiens OX=9606 GN=TARS PE=1 SV=3,4TTV,-3.8595000000000002,0.4097550446207361,0
LAC,91435,Q13573,SNW1,SNW domain-containing protein 1 OS=Homo sapiens OX=9606 GN=SNW1 PE=1 SV=1,7W59,-2.9065249999999998,0.4096517957694997,0
R5P,77982,Q92620,DHX38,Pre-mRNA-splicing factor ATP-dependent RNA helicase PRP16 OS=Homo sapiens OX=9606 GN=DHX38 PE=1 SV=2,6ZYM,,0.4091966911776994,0
PYR,107735,Q9H6E5,TUT1,Speckle targeted PIP5K1A-regulated poly(A) polymerase OS=Homo sapiens OX=9606 GN=TUT1 PE=1 SV=2,5WU1,-3.9177,0.4091590469810009,0
LAC,91435,Q13283,G3BP1,Ras GTPase-activating protein-binding protein 1 OS=Homo sapiens OX=9606 GN=G3BP1 PE=1 SV=1,5FW5,-3.4382999999999999,0.4089866397624662,0
R5P,77982,P48643,CCT5,T-complex protein 1 subunit epsilon OS=Homo sapiens OX=9606 GN=CCT5 PE=1 SV=1,7NVN,,0.40859372805660354,0
LAC,91435,P38606,ATP6V1A,V-type proton ATPase catalytic subunit A OS=Homo sapiens OX=9606 GN=ATP6V1A PE=1 SV=2,6WLZ,-3.7122333333333328,0.40830619830167886,0
LAC,91435,Q9Y4X5,ARIH1,E3 ubiquitin-protein ligase ARIH1 OS=Homo sapiens OX=9606 GN=ARIH1 PE=1 SV=2,7B5N,-3.9701,0.40792465929866123,0
LAC,91435,Q14315,FLNC,Filamin-C OS=Homo sapiens OX=9606 GN=FLNC PE=1 SV=3,7OUV,-3.7187000000000001,0.40770115554636716,0
G3P,729,P34897,SHMT2,Serine hydroxymethyltransferase  mitochondrial OS=Homo sapiens OX=9606 GN=SHMT2 PE=1 SV=3,7BYI,-4.8212000000000002,0.4076771159181288,0
LAC,91435,P39687,ANP32A,Acidic leucine-rich nuclear phosphoprotein 32 family member A OS=Homo sapiens OX=9606 GN=ANP32A PE=1 SV=1,6XZQ,-3.4893999999999998,0.4076465170294259,0
G6P,69507,P09211,GSTP1,Glutathione S-transferase P OS=Homo sapiens OX=9606 GN=GSTP1 PE=1 SV=2,7BIA,-5.0629999999999997,0.40750983426136095,0
LAC,91435,P60842,EIF4A1,Eukaryotic initiation factor 4A-I OS=Homo sapiens OX=9606 GN=EIF4A1 PE=1 SV=1,7PPZ,-4.2183999999999999,0.4074243887240148,0
G6P,69507,P12277,CKB,Creatine kinase B-type OS=Homo sapiens OX=9606 GN=CKB PE=1 SV=1,3DRE,-6.5423,0.4064823406289466,0
G3P,729,O75390,CS,Citrate synthase  mitochondrial OS=Homo sapiens OX=9606 GN=CS PE=1 SV=2,5UZP,-5.0086000000000004,0.40616379839890154,0
G6P,69507,P07900,HSP90AA1,Heat shock protein HSP 90-alpha OS=Homo sapiens OX=9606 GN=HSP90AA1 PE=1 SV=5,7KRJ,-7.0716999999999999,0.40612527195713316,0
PYR,107735,P38646,HSPA9,Stress-70 protein  mitochondrial OS=Homo sapiens OX=9606 GN=HSPA9 PE=1 SV=2,6P2U,-4.4869000000000003,0.4061000140985122,0
PYR,107735,P07900,HSP90AA1,Heat shock protein HSP 90-alpha OS=Homo sapiens OX=9606 GN=HSP90AA1 PE=1 SV=5,7KRJ,-4.2435999999999998,0.40580023811647864,0
F6P,439958,Q04637,EIF4G1,Eukaryotic translation initiation factor 4 gamma 1 OS=Homo sapiens OX=9606 GN=EIF4G1 PE=1 SV=4,1UG3,,0.40517666812295744,0
G6P,69507,Q04637,EIF4G1,Eukaryotic translation initiation factor 4 gamma 1 OS=Homo sapiens OX=9606 GN=EIF4G1 PE=1 SV=4,1UG3,,0.40517666812295744,0
LAC,91435,Q9Y490,TLN1,Talin-1 OS=Homo sapiens OX=9606 GN=TLN1 PE=1 SV=3,1SYQ,-2.6798000000000002,0.4045100175780408,0
PEP,1005,P68036,UBE2L3,Ubiquitin-conjugating enzyme E2 L3 OS=Homo sapiens OX=9606 GN=UBE2L3 PE=1 SV=1,4Q5E,-4.5068999999999999,0.4044511671587588,0
G6P,69507,P35579,MYH9,Myosin-9 OS=Homo sapiens OX=9606 GN=MYH9 PE=1 SV=4,4CFR,,0.4044205901453097,0
G3P,729,P52294,KPNA1,Importin subunit alpha-5 OS=Homo sapiens OX=9606 GN=KPNA1 PE=1 SV=3,4B18,-4.6116000000000001,0.4036185517973519,0
LAC,91435,P12270,TPR,Nucleoprotein TPR OS=Homo sapiens OX=9606 GN=TPR PE=1 SV=3,5TO5,-2.7884000000000002,0.4036136157129563,0
LAC,91435,Q6PJ69,TRIM65,Tripartite motif-containing protein 65 OS=Homo sapiens OX=9606 GN=TRIM65 PE=1 SV=3,7JL4,-3.5036,0.4034866119682411,0
F6P,439958,P26599,PTBP1,Polypyrimidine tract-binding protein 1 OS=Homo sapiens OX=9606 GN=PTBP1 PE=1 SV=1,3ZZY,-4.5698999999999996,0.4033886721820416,0
F6P,439958,P21333,FLNA,Filamin-A OS=Homo sapiens OX=9606 GN=FLNA PE=1 SV=4,2J3S,50.493299999999998,0.4031283939407178,0
R5P,77982,P35813,PPM1A,Protein phosphatase 1A OS=Homo sapiens OX=9606 GN=PPM1A PE=1 SV=1,4RA2,,0.4027213433149327,0
F6P,439958,P07900,HSP90AA1,Heat shock protein HSP 90-alpha OS=Homo sapiens OX=9606 GN=HSP90AA1 PE=1 SV=5,7KRJ,-6.1032999999999999,0.39977220915998496,0
LAC,91435,Q12797,ASPH,Aspartyl/asparaginyl beta-hydroxylase OS=Homo sapiens OX=9606 GN=ASPH PE=1 SV=3,6YYX,-3.919,0.39952578705168934,0
F6P,439958,Q9Y281,CFL2,Cofilin-2 OS=Homo sapiens OX=9606 GN=CFL2 PE=1 SV=1,7M0G,-5.8544,0.399201888674657,0
G6P,69507,Q9Y281,CFL2,Cofilin-2 OS=Homo sapiens OX=9606 GN=CFL2 PE=1 SV=1,7M0G,-5.9318999999999997,0.399201888674657,0
LAC,91435,Q00839,HNRNPU,Heterogeneous nuclear ribonucleoprotein U OS=Homo sapiens OX=9606 GN=HNRNPU PE=1 SV=6,1ZRJ,-2.9220000000000002,0.3988844055120969,0
LAC,91435,Q9Y617,PSAT1,Phosphoserine aminotransferase OS=Homo sapiens OX=9606 GN=PSAT1 PE=1 SV=2,8A5V,-3.9773999999999998,0.3986525343156529,0
LAC,91435,Q9Y376,CAB39,Calcium-binding protein 39 OS=Homo sapiens OX=9606 GN=CAB39 PE=1 SV=1,3GNI,-3.6684999999999999,0.39684132176013387,0
G3P,729,Q9Y265,RUVBL1,RuvB-like 1 OS=Homo sapiens OX=9606 GN=RUVBL1 PE=1 SV=1,6K0R,-5.0031499999999998,0.39659499497713674,0
PYR,107735,P35579,MYH9,Myosin-9 OS=Homo sapiens OX=9606 GN=MYH9 PE=1 SV=4,4CFR,,0.3963507884738275,0
PYR,107735,Q14847,LASP1,LIM and SH3 domain protein 1 OS=Homo sapiens OX=9606 GN=LASP1 PE=1 SV=2,3I35,-3.2294,0.39630810257619964,0
FBP,3281376,P17987,TCP1,T-complex protein 1 subunit alpha OS=Homo sapiens OX=9606 GN=TCP1 PE=1 SV=1,7NVM,-7.2634249999999998,0.39605507935458983,0
G6P,69507,P06396,GSN,Gelsolin OS=Homo sapiens OX=9606 GN=GSN PE=1 SV=1,3FFN,-6.7191000000000001,0.3957280395840975,0
LAC,91435,P31930,UQCRC1,Cytochrome b-c1 complex subunit 1  mitochondrial OS=Homo sapiens OX=9606 GN=UQCRC1 PE=1 SV=3,5XTE,-3.37561,0.39521787592027713,0
PYR,107735,P05198,EIF2S1,Eukaryotic translation initiation factor 2 subunit 1 OS=Homo sapiens OX=9606 GN=EIF2S1 PE=1 SV=3,7F66,-3.9081000000000001,0.3951591498083621,0
LAC,91435,P13010,XRCC5,X-ray repair cross-complementing protein 5 OS=Homo sapiens OX=9606 GN=XRCC5 PE=1 SV=3,7SU3,-3.9369999999999998,0.39486360053904307,0
R5P,77982,P07900,HSP90AA1,Heat shock protein HSP 90-alpha OS=Homo sapiens OX=9606 GN=HSP90AA1 PE=1 SV=5,7KRJ,,0.3948627512633716,0
LAC,91435,P60709,ACTB,Actin  cytoplasmic 1 OS=Homo sapiens OX=9606 GN=ACTB PE=1 SV=1,6ANU,-4.9554,0.3944738664209326,0
LAC,91435,O43765,SGTA,Small glutamine-rich tetratricopeptide repeat-containing protein alpha OS=Homo sapiens OX=9606 GN=SGTA PE=1 SV=1,2VYI,-3.4116,0.394111191504254,0
R5P,77982,O60684,KPNA6,Importin subunit alpha-7 OS=Homo sapiens OX=9606 GN=KPNA6 PE=1 SV=1,4UAD,,0.39383208817189186,0
PYR,107735,Q01813,PFKP,ATP-dependent 6-phosphofructokinase  platelet type OS=Homo sapiens OX=9606 GN=PFKP PE=1 SV=2,4XYJ,-4.3578000000000001,0.39321745303205885,0
G3P,729,Q08211,DHX9,ATP-dependent RNA helicase A OS=Homo sapiens OX=9606 GN=DHX9 PE=1 SV=4,3LLM,-4.4886999999999997,0.39309880171425177,0
PYR,107735,Q14974,KPNB1,Importin subunit beta-1 OS=Homo sapiens OX=9606 GN=KPNB1 PE=1 SV=2,1QGK,-3.9449000000000001,0.3928029258481466,0
F6P,439958,P35998,PSMC2,26S proteasome regulatory subunit 7 OS=Homo sapiens OX=9606 GN=PSMC2 PE=1 SV=3,5GJQ,-5.570875,0.3926457730602369,0
G6P,69507,Q9UHY7,ENOPH1,Enolase-phosphatase E1 OS=Homo sapiens OX=9606 GN=ENOPH1 PE=1 SV=1,1YNS,-5.7251000000000003,0.39199788442066136,0
LAC,91435,Q15181,PPA1,Inorganic pyrophosphatase OS=Homo sapiens OX=9606 GN=PPA1 PE=1 SV=2,7CMO,-3.9468999999999999,0.3915710712892623,0
G3P,729,Q02790,FKBP4,Peptidyl-prolyl cis-trans isomerase FKBP4 OS=Homo sapiens OX=9606 GN=FKBP4 PE=1 SV=3,1QZ2,-4.8064,0.3908635077664841,0
G3P,729,Q9NR09,BIRC6,Baculoviral IAP repeat-containing protein 6 OS=Homo sapiens OX=9606 GN=BIRC6 PE=1 SV=2,8E2F,,0.3907520346273281,0
G3P,729,Q13435,SF3B2,Splicing factor 3B subunit 2 OS=Homo sapiens OX=9606 GN=SF3B2 PE=1 SV=2,7ONB,-4.3771000000000004,0.39036318868423525,0
G6P,69507,P51858,HDGF,Hepatoma-derived growth factor OS=Homo sapiens OX=9606 GN=HDGF PE=1 SV=1,1RI0,,0.3901963191737208,0
G6P,69507,Q06323,PSME1,Proteasome activator complex subunit 1 OS=Homo sapiens OX=9606 GN=PSME1 PE=1 SV=1,7NAO,-4.9069500000000001,0.3899412040621885,0
PYR,107735,P46940,IQGAP1,Ras GTPase-activating-like protein IQGAP1 OS=Homo sapiens OX=9606 GN=IQGAP1 PE=1 SV=1,3FAY,-2.3976000000000002,0.38992447865710206,0
G3P,729,Q14315,FLNC,Filamin-C OS=Homo sapiens OX=9606 GN=FLNC PE=1 SV=3,7OUV,-4.9276,0.3894578769578987,0
G3P,729,Q96PZ0,PUS7,Pseudouridylate synthase 7 homolog OS=Homo sapiens OX=9606 GN=PUS7 PE=1 SV=2,5KKP,-4.9306999999999999,0.3890031731984877,0
LAC,91435,P62195,PSMC5,26S proteasome regulatory subunit 8 OS=Homo sapiens OX=9606 GN=PSMC5 PE=1 SV=1,5T0J,-4.5210999999999997,0.38898424062039694,0
FBP,3281376,Q9UQ80,PA2G4,Proliferation-associated protein 2G4 OS=Homo sapiens OX=9606 GN=PA2G4 PE=1 SV=3,2Q8K,-6.2267999999999999,0.3889743798425662,0
G3P,729,P00390,GSR,Glutathione reductase  mitochondrial OS=Homo sapiens OX=9606 GN=GSR PE=1 SV=2,3DK9,-5.8563000000000001,0.3888021509230785,0
PYR,107735,P07195,LDHB,L-lactate dehydrogenase B chain OS=Homo sapiens OX=9606 GN=LDHB PE=1 SV=2,7DBJ,-3.9836,0.3886139903396648,0
LAC,91435,P04040,CAT,Catalase OS=Homo sapiens OX=9606 GN=CAT PE=1 SV=3,7P8W,-4.4581999999999997,0.38782539163624613,0
LAC,91435,P35579,MYH9,Myosin-9 OS=Homo sapiens OX=9606 GN=MYH9 PE=1 SV=4,4CFR,,0.38746073708333795,0
LAC,91435,P00505,GOT2,Aspartate aminotransferase  mitochondrial OS=Homo sapiens OX=9606 GN=GOT2 PE=1 SV=3,5AX8,-4.3501000000000003,0.38745526136525527,0
LAC,91435,O43175,PHGDH,D-3-phosphoglycerate dehydrogenase OS=Homo sapiens OX=9606 GN=PHGDH PE=1 SV=4,7DKM,-3.5661,0.38729525634753154,0
PYR,107735,Q15185,PTGES3,Prostaglandin E synthase 3 OS=Homo sapiens OX=9606 GN=PTGES3 PE=1 SV=1,7KRJ,-4.2435999999999998,0.387139352942874,0
LAC,91435,P49591,SARS,Serine--tRNA ligase  cytoplasmic OS=Homo sapiens OX=9606 GN=SARS PE=1 SV=3,4RQE,-4.4134000000000002,0.3871059988332087,0
2PG,439278,P15559,NQO1,NAD(P)H dehydrogenase [quinone] 1 OS=Homo sapiens OX=9606 GN=NQO1 PE=1 SV=1,1D4A,-5.0195999999999996,0.3859143402018722,0
PYR,107735,P23528,CFL1,Cofilin-1 OS=Homo sapiens OX=9606 GN=CFL1 PE=1 SV=3,5L6W,-3.8472,0.3856279216972275,0
PYR,107735,P40925,MDH1,Malate dehydrogenase  cytoplasmic OS=Homo sapiens OX=9606 GN=MDH1 PE=1 SV=4,7RM9,-4.2713999999999999,0.3854254251164329,0
G3P,729,P09960,LTA4H,Leukotriene A-4 hydrolase OS=Homo sapiens OX=9606 GN=LTA4H PE=1 SV=2,3B7S,-5.4908000000000001,0.38414082899676544,0
F6P,439958,Q9Y6G9,DYNC1LI1,Cytoplasmic dynein 1 light intermediate chain 1 OS=Homo sapiens OX=9606 GN=DYNC1LI1 PE=1 SV=3,6B9H,-4.8378999999999994,0.3840449323907047,0
LAC,91435,P52298,NCBP2,Nuclear cap-binding protein subunit 2 OS=Homo sapiens OX=9606 GN=NCBP2 PE=1 SV=1,5OOB,-4.0427,0.38308449105594783,0
PYR,107735,P23526,AHCY,Adenosylhomocysteinase OS=Homo sapiens OX=9606 GN=AHCY PE=1 SV=4,3NJ4,-4.2393000000000001,0.38258920044192646,0
R5P,77982,Q9NQW7,XPNPEP1,Xaa-Pro aminopeptidase 1 OS=Homo sapiens OX=9606 GN=XPNPEP1 PE=1 SV=3,3CTZ,,0.38218734505116425,0
LAC,91435,P32119,PRDX2,Peroxiredoxin-2 OS=Homo sapiens OX=9606 GN=PRDX2 PE=1 SV=5,5B8B,-4.4481000000000002,0.38212984392554633,0
G6P,69507,P29373,CRABP2,Cellular retinoic acid-binding protein 2 OS=Homo sapiens OX=9606 GN=CRABP2 PE=1 SV=2,7OXW,-5.9781000000000004,0.3814653760678456,0
LAC,91435,Q9Y265,RUVBL1,RuvB-like 1 OS=Homo sapiens OX=9606 GN=RUVBL1 PE=1 SV=1,6K0R,-4.3205499999999999,0.3813305873475552,0
PYR,107735,P00558,PGK1,Phosphoglycerate kinase 1 OS=Homo sapiens OX=9606 GN=PGK1 PE=1 SV=3,4O33,-3.8471000000000002,0.38120498085270726,0
R5P,77982,P49588,AARS,Alanine--tRNA ligase  cytoplasmic OS=Homo sapiens OX=9606 GN=AARS PE=1 SV=2,5KNN,,0.3807063011874728,0
LAC,91435,P25789,PSMA4,Proteasome subunit alpha type-4 OS=Homo sapiens OX=9606 GN=PSMA4 PE=1 SV=1,4R3O,-3.7650800000000002,0.38067970069994234,0
G6P,69507,P15104,GLUL,Glutamine synthetase OS=Homo sapiens OX=9606 GN=GLUL PE=1 SV=4,8DNU,-6.8230000000000004,0.3805729013324687,0
LAC,91435,P30837,ALDH1B1,Aldehyde dehydrogenase X  mitochondrial OS=Homo sapiens OX=9606 GN=ALDH1B1 PE=1 SV=3,7MJD,-4.4249999999999998,0.3805402801765351,0
LAC,91435,Q07021,C1QBP,Complement component 1 Q subcomponent-binding protein  mitochondrial OS=Homo sapiens OX=9606 GN=C1QBP PE=1 SV=1,1P32,-3.8426,0.3803630809498611,0
G3P,729,P08133,ANXA6,Annexin A6 OS=Homo sapiens OX=9606 GN=ANXA6 PE=1 SV=3,1M9I,-5.173,0.38030397882422273,0
R5P,77982,P04080,CSTB,Cystatin-B OS=Homo sapiens OX=9606 GN=CSTB PE=1 SV=2,1STF,,0.3800301133953061,0
2PG,439278,O14980,XPO1,Exportin-1 OS=Homo sapiens OX=9606 GN=XPO1 PE=1 SV=1,5DIS,-4.9771999999999998,0.3796538071095198,0
LAC,91435,Q9UL46,PSME2,Proteasome activator complex subunit 2 OS=Homo sapiens OX=9606 GN=PSME2 PE=1 SV=4,7NAO,-3.4954999999999998,0.3796057117074166,0
PYR,107735,P15880,RPS2,40S ribosomal protein S2 OS=Homo sapiens OX=9606 GN=RPS2 PE=1 SV=2,6ZVH,-3.4370500000000002,0.3792364115206728,0
G3P,729,P11021,HSPA5,Endoplasmic reticulum chaperone BiP OS=Homo sapiens OX=9606 GN=HSPA5 PE=1 SV=2,6ASY,-5.9668000000000001,0.37915184990357453,0
LAC,91435,O75534,CSDE1,Cold shock domain-containing protein E1 OS=Homo sapiens OX=9606 GN=CSDE1 PE=1 SV=2,2YTX,-3.0638999999999998,0.3791201192745602,0
G6P,69507,O60573,EIF4E2,Eukaryotic translation initiation factor 4E type 2 OS=Homo sapiens OX=9606 GN=EIF4E2 PE=1 SV=1,2JGB,-6.2805,0.3790507638942127,0
F6P,439958,P11413,G6PD,Glucose-6-phosphate 1-dehydrogenase OS=Homo sapiens OX=9606 GN=G6PD PE=1 SV=4,1QKI,-6.02,0.3776110314038552,0
LAC,91435,P49458,SRP9,Signal recognition particle 9 kDa protein OS=Homo sapiens OX=9606 GN=SRP9 PE=1 SV=2,4UYK,-3.3562500000000002,0.3775626456604309,0
G6P,69507,P19338,NCL,Nucleolin OS=Homo sapiens OX=9606 GN=NCL PE=1 SV=3,2KRR,-6.09,0.377478930863239,0
PYR,107735,P53597,SUCLG1,Succinate--CoA ligase [ADP/GDP-forming] subunit alpha  mitochondrial OS=Homo sapiens OX=9606 GN=SUCLG1 PE=1 SV=4,7MST,-4.6841999999999997,0.3774231398477298,0
G3P,729,Q9UM54,MYO6,Unconventional myosin-VI OS=Homo sapiens OX=9606 GN=MYO6 PE=1 SV=4,6J56,,0.3773818535462738,0
LAC,91435,P01042,KNG1,Kininogen-1 OS=Homo sapiens OX=9606 GN=KNG1 PE=1 SV=2,4ECC,-3.6844000000000001,0.37726326645296104,0
G6P,69507,Q9UQ80,PA2G4,Proliferation-associated protein 2G4 OS=Homo sapiens OX=9606 GN=PA2G4 PE=1 SV=3,2Q8K,-5.9474,0.37668548391761325,0
G6P,69507,P08238,HSP90AB1,Heat shock protein HSP 90-beta OS=Homo sapiens OX=9606 GN=HSP90AB1 PE=1 SV=4,7ZR0,-6.6611000000000002,0.3757059190810179,0
LAC,91435,P53597,SUCLG1,Succinate--CoA ligase [ADP/GDP-forming] subunit alpha  mitochondrial OS=Homo sapiens OX=9606 GN=SUCLG1 PE=1 SV=4,7MST,-4.569,0.3745423027924285,0
LAC,91435,P51858,HDGF,Hepatoma-derived growth factor OS=Homo sapiens OX=9606 GN=HDGF PE=1 SV=1,1RI0,,0.37438516897048396,0
FBP,3281376,P04075,ALDOA,Fructose-bisphosphate aldolase A OS=Homo sapiens OX=9606 GN=ALDOA PE=1 SV=2,1ALD,-6.7990000000000004,0.37432676856548286,0
FBP,3281376,Q01518,CAP1,Adenylyl cyclase-associated protein 1 OS=Homo sapiens OX=9606 GN=CAP1 PE=1 SV=5,1K8F,-5.6589,0.3741712642854916,0
G6P,69507,Q6P2Q9,PRPF8,Pre-mRNA-processing-splicing factor 8 OS=Homo sapiens OX=9606 GN=PRPF8 PE=1 SV=2,6ICZ,-5.15984,0.3737123759335186,0
PYR,107735,Q15149,PLEC,Plectin OS=Homo sapiens OX=9606 GN=PLEC PE=1 SV=3,5J1F,-3.5594000000000001,0.3727581032736039,0
R5P,77982,Q14974,KPNB1,Importin subunit beta-1 OS=Homo sapiens OX=9606 GN=KPNB1 PE=1 SV=2,1QGK,,0.37214209981612223,0
R5P,77982,O43175,PHGDH,D-3-phosphoglycerate dehydrogenase OS=Homo sapiens OX=9606 GN=PHGDH PE=1 SV=4,7DKM,,0.3720294119682745,0
LAC,91435,Q9NTJ3,SMC4,Structural maintenance of chromosomes protein 4 OS=Homo sapiens OX=9606 GN=SMC4 PE=1 SV=2,4U4P,-3.5298500000000002,0.37198066559279014,0
LAC,91435,P84085,ARF5,ADP-ribosylation factor 5 OS=Homo sapiens OX=9606 GN=ARF5 PE=1 SV=2,2B6H,-4.2492999999999999,0.3718148618842742,0
R5P,77982,P15104,GLUL,Glutamine synthetase OS=Homo sapiens OX=9606 GN=GLUL PE=1 SV=4,8DNU,,0.3717990611288588,0
PYR,107735,P62249,RPS16,40S ribosomal protein S16 OS=Homo sapiens OX=9606 GN=RPS16 PE=1 SV=2,6ZVH,-3.4370500000000002,0.3714340814568617,0
PYR,107735,P08758,ANXA5,Annexin A5 OS=Homo sapiens OX=9606 GN=ANXA5 PE=1 SV=2,1ANW,-3.9792000000000001,0.3711212226811832,0
FBP,3281376,P02768,ALB,Serum albumin OS=Homo sapiens OX=9606 GN=ALB PE=1 SV=2,8CKS,-6.4736000000000002,0.37091522116051834,0
PYR,107735,P17980,PSMC3,26S proteasome regulatory subunit 6A OS=Homo sapiens OX=9606 GN=PSMC3 PE=1 SV=3,5GJQ,-4.2258500000000003,0.37090612443705523,0
PYR,107735,P08238,HSP90AB1,Heat shock protein HSP 90-beta OS=Homo sapiens OX=9606 GN=HSP90AB1 PE=1 SV=4,7ZR0,-3.919,0.3705717943761411,0
G3P,729,Q9Y230,RUVBL2,RuvB-like 2 OS=Homo sapiens OX=9606 GN=RUVBL2 PE=1 SV=3,6K0R,-5.0031499999999998,0.3705540094139249,0
FBP,3281376,P11413,G6PD,Glucose-6-phosphate 1-dehydrogenase OS=Homo sapiens OX=9606 GN=G6PD PE=1 SV=4,1QKI,-7.3268000000000004,0.3704312080698957,0
G6P,69507,P21333,FLNA,Filamin-A OS=Homo sapiens OX=9606 GN=FLNA PE=1 SV=4,2J3S,,0.37036417344184736,0
PYR,107735,P60709,ACTB,Actin  cytoplasmic 1 OS=Homo sapiens OX=9606 GN=ACTB PE=1 SV=1,6ANU,-4.6737000000000002,0.370131813292535,0
LAC,91435,P36551,CPOX,Oxygen-dependent coproporphyrinogen-III oxidase  mitochondrial OS=Homo sapiens OX=9606 GN=CPOX PE=1 SV=3,2AEX,-4.2733999999999996,0.36988424151171434,0
G3P,729,O75533,SF3B1,Splicing factor 3B subunit 1 OS=Homo sapiens OX=9606 GN=SF3B1 PE=1 SV=3,7ABI,-3.9738000000000002,0.36971184358377335,0
G3P,729,Q06210,GFPT1,Glutamine--fructose-6-phosphate aminotransferase [isomerizing] 1 OS=Homo sapiens OX=9606 GN=GFPT1 PE=1 SV=3,6R4H,-6.3395000000000001,0.36906897311622777,0
G3P,729,P21333,FLNA,Filamin-A OS=Homo sapiens OX=9606 GN=FLNA PE=1 SV=4,2J3S,,0.36886805606217227,0
LAC,91435,P07355,ANXA2,Annexin A2 OS=Homo sapiens OX=9606 GN=ANXA2 PE=1 SV=2,7NMI,-4.3205999999999998,0.36848858029483744,0
2PG,439278,Q12906,ILF3,Interleukin enhancer-binding factor 3 OS=Homo sapiens OX=9606 GN=ILF3 PE=1 SV=3,3P1X,-4.6012000000000004,0.36779507978312564,0
R5P,77982,Q9Y281,CFL2,Cofilin-2 OS=Homo sapiens OX=9606 GN=CFL2 PE=1 SV=1,7M0G,,0.36762355886543957,0
PYR,107735,P0DMV8,HSPA1A,Heat shock 70 kDa protein 1A OS=Homo sapiens OX=9606 GN=HSPA1A PE=1 SV=1,4J8F,-4.6634000000000002,0.36732873867424204,0
PYR,107735,P0DMV9,HSPA1B,Heat shock 70 kDa protein 1B OS=Homo sapiens OX=9606 GN=HSPA1B PE=1 SV=1,4J8F,-4.6634000000000002,0.36732873867424204,0
PYR,107735,P60520,GABARAPL2,Gamma-aminobutyric acid receptor-associated protein-like 2 OS=Homo sapiens OX=9606 GN=GABARAPL2 PE=1 SV=1,7YO8,-3.2976000000000001,0.367256367265267,0
LAC,91435,Q9UQE7,SMC3,Structural maintenance of chromosomes protein 3 OS=Homo sapiens OX=9606 GN=SMC3 PE=1 SV=2,6WGE,-3.5013333333333332,0.36605906425635193,0
G6P,69507,Q9UBT2,UBA2,SUMO-activating enzyme subunit 2 OS=Homo sapiens OX=9606 GN=UBA2 PE=1 SV=2,3KYC,-6.7777000000000003,0.3659438433100936,0
LAC,91435,P28066,PSMA5,Proteasome subunit alpha type-5 OS=Homo sapiens OX=9606 GN=PSMA5 PE=1 SV=3,7NHT,-3.5985,0.365581388957434,0
LAC,91435,P00367,GLUD1,Glutamate dehydrogenase 1  mitochondrial OS=Homo sapiens OX=9606 GN=GLUD1 PE=1 SV=2,1L1F,-4.5811000000000002,0.36469864976254607,0
2PG,439278,Q9UNM6,PSMD13,26S proteasome non-ATPase regulatory subunit 13 OS=Homo sapiens OX=9606 GN=PSMD13 PE=1 SV=2,5VGZ,-5.0516699999999997,0.3645100786353232,0
R5P,77982,Q9Y230,RUVBL2,RuvB-like 2 OS=Homo sapiens OX=9606 GN=RUVBL2 PE=1 SV=3,6K0R,,0.36370087927459466,0
G3P,729,Q14974,KPNB1,Importin subunit beta-1 OS=Homo sapiens OX=9606 GN=KPNB1 PE=1 SV=2,1QGK,-4.6803999999999997,0.3635167609616916,0
G3P,729,P15559,NQO1,NAD(P)H dehydrogenase [quinone] 1 OS=Homo sapiens OX=9606 GN=NQO1 PE=1 SV=1,1D4A,-4.4302000000000001,0.36187104190405806,0
PYR,107735,P14625,HSP90B1,Endoplasmin OS=Homo sapiens OX=9606 GN=HSP90B1 PE=1 SV=1,4NH9,-3.7801999999999998,0.36146161031871127,0
G3P,729,Q9UHB9,SRP68,Signal recognition particle subunit SRP68 OS=Homo sapiens OX=9606 GN=SRP68 PE=1 SV=2,5M73,-4.0403000000000002,0.36135002661567495,0
G3P,729,P78344,EIF4G2,Eukaryotic translation initiation factor 4 gamma 2 OS=Homo sapiens OX=9606 GN=EIF4G2 PE=1 SV=1,3L6A,-4.0731000000000002,0.36124213283180795,0
LAC,91435,P48735,IDH2,Isocitrate dehydrogenase [NADP]  mitochondrial OS=Homo sapiens OX=9606 GN=IDH2 PE=1 SV=2,6ADI,-4.0228999999999999,0.36089643518333137,0
F6P,439958,Q9UHY7,ENOPH1,Enolase-phosphatase E1 OS=Homo sapiens OX=9606 GN=ENOPH1 PE=1 SV=1,1YNS,-4.9103000000000003,0.36057416144413956,0
LAC,91435,P07737,PFN1,Profilin-1 OS=Homo sapiens OX=9606 GN=PFN1 PE=1 SV=2,2PBD,-3.3879000000000001,0.3604979332081677,0
G6P,69507,P41250,GARS,Glycine--tRNA ligase OS=Homo sapiens OX=9606 GN=GARS PE=1 SV=3,4KQE,-6.2165999999999997,0.36008206775273277,0
R5P,77982,P19338,NCL,Nucleolin OS=Homo sapiens OX=9606 GN=NCL PE=1 SV=3,2KRR,,0.3593233662385172,0
PYR,107735,Q05639,EEF1A2,Elongation factor 1-alpha 2 OS=Homo sapiens OX=9606 GN=EEF1A2 PE=1 SV=1,8B6Z,-4.6463999999999999,0.35896133045706136,0
G6P,69507,P46063,RECQL,ATP-dependent DNA helicase Q1 OS=Homo sapiens OX=9606 GN=RECQL PE=1 SV=3,2WWY,-6.0164,0.3587429558883566,0
PYR,107735,Q14103,HNRNPD,Heterogeneous nuclear ribonucleoprotein D0 OS=Homo sapiens OX=9606 GN=HNRNPD PE=1 SV=1,5IM0,-3.5790999999999999,0.3581964099115033,0
LAC,91435,P08708,RPS17,40S ribosomal protein S17 OS=Homo sapiens OX=9606 GN=RPS17 PE=1 SV=2,6ZVH,-3.5267187500000001,0.35813879063673626,0
LAC,91435,Q96EP5,DAZAP1,DAZ-associated protein 1 OS=Homo sapiens OX=9606 GN=DAZAP1 PE=1 SV=1,2DH8,-3.3923999999999999,0.3579883422455003,0
LAC,91435,Q13162,PRDX4,Peroxiredoxin-4 OS=Homo sapiens OX=9606 GN=PRDX4 PE=1 SV=1,3TKR,-3.8952,0.3579346774427318,0
G3P,729,P17301,ITGA2,Integrin alpha-2 OS=Homo sapiens OX=9606 GN=ITGA2 PE=1 SV=1,1AOX,-5.0898000000000003,0.3575075216350082,0
LAC,91435,Q00341,HDLBP,Vigilin OS=Homo sapiens OX=9606 GN=HDLBP PE=1 SV=2,1VIG,-3.7812000000000001,0.3570748512680112,0
G6P,69507,P17987,TCP1,T-complex protein 1 subunit alpha OS=Homo sapiens OX=9606 GN=TCP1 PE=1 SV=1,7NVM,-6.8752000000000004,0.3568370559182139,0
F6P,439958,P35579,MYH9,Myosin-9 OS=Homo sapiens OX=9606 GN=MYH9 PE=1 SV=4,4CFR,,0.35663957244786276,0
LAC,91435,P61981,YWHAG,14-3-3 protein gamma OS=Homo sapiens OX=9606 GN=YWHAG PE=1 SV=2,6BYJ,-3.9714,0.356256577649451,0
LAC,91435,P78371,CCT2,T-complex protein 1 subunit beta OS=Homo sapiens OX=9606 GN=CCT2 PE=1 SV=4,7TTN,-4.4978999999999996,0.3561608105070385,0
R5P,77982,Q08945,SSRP1,FACT complex subunit SSRP1 OS=Homo sapiens OX=9606 GN=SSRP1 PE=1 SV=1,5UMS,,0.3557052824522177,0
LAC,91435,P83731,RPL24,60S ribosomal protein L24 OS=Homo sapiens OX=9606 GN=RPL24 PE=1 SV=1,5A2Q,-2.9854666666666669,0.35542146669058006,0
R5P,77982,Q8WXF1,PSPC1,Paraspeckle component 1 OS=Homo sapiens OX=9606 GN=PSPC1 PE=1 SV=1,5IFN,,0.35459642423249027,0
G3P,729,Q14498,RBM39,RNA-binding protein 39 OS=Homo sapiens OX=9606 GN=RBM39 PE=1 SV=2,4OZ0,-3.9319999999999999,0.3545102614800674,0
G6P,69507,P35813,PPM1A,Protein phosphatase 1A OS=Homo sapiens OX=9606 GN=PPM1A PE=1 SV=1,4RA2,-6.1980000000000004,0.3542424279358101,0
F6P,439958,P98175,RBM10,RNA-binding protein 10 OS=Homo sapiens OX=9606 GN=RBM10 PE=1 SV=3,2M2B,-5.3681000000000001,0.3542169551045959,0
G3P,729,Q86UE4,MTDH,Protein LYRIC OS=Homo sapiens OX=9606 GN=MTDH PE=1 SV=2,4QMG,-2.9540000000000002,0.3537802328095476,0
G3P,729,O75608,LYPLA1,Acyl-protein thioesterase 1 OS=Homo sapiens OX=9606 GN=LYPLA1 PE=1 SV=1,1FJ2,-4.8388,0.3535018182736886,0
LAC,91435,P61088,UBE2N,Ubiquitin-conjugating enzyme E2 N OS=Homo sapiens OX=9606 GN=UBE2N PE=1 SV=1,2C2V,-3.6870500000000002,0.3534856081038212,0
PYR,107735,Q6ZMU5,TRIM72,Tripartite motif-containing protein 72 OS=Homo sapiens OX=9606 GN=TRIM72 PE=1 SV=2,7XT2,-3.7999000000000001,0.35314956070898373,0
PEP,1005,Q08554,DSC1,Desmocollin-1 OS=Homo sapiens OX=9606 GN=DSC1 PE=1 SV=2,5IRY,,0.35302073740206497,0
PYR,107735,P22234,PAICS,Multifunctional protein ADE2 OS=Homo sapiens OX=9606 GN=PAICS PE=1 SV=3,6YB8,-4.1647999999999996,0.3528084866590323,0
G3P,729,Q04917,YWHAH,14-3-3 protein eta OS=Homo sapiens OX=9606 GN=YWHAH PE=1 SV=4,2C74,-4.609,0.35279687819548217,0
R5P,77982,P21333,FLNA,Filamin-A OS=Homo sapiens OX=9606 GN=FLNA PE=1 SV=4,2J3S,,0.3527030939436548,0
G3P,729,Q01105,SET,Protein SET OS=Homo sapiens OX=9606 GN=SET PE=1 SV=3,2E50,-4.3659999999999997,0.3525268761988832,0
LAC,91435,P84098,RPL19,60S ribosomal protein L19 OS=Homo sapiens OX=9606 GN=RPL19 PE=1 SV=1,5A2Q,-2.9854666666666669,0.35225062993528683,0
LAC,91435,P09661,SNRPA1,U2 small nuclear ribonucleoprotein A' OS=Homo sapiens OX=9606 GN=SNRPA1 PE=1 SV=2,1A9N,-3.5160999999999998,0.35199061175321494,0
R5P,77982,P16435,POR,NADPH--cytochrome P450 reductase OS=Homo sapiens OX=9606 GN=POR PE=1 SV=2,3QFC,,0.351680655201867,0
LAC,91435,P62857,RPS28,40S ribosomal protein S28 OS=Homo sapiens OX=9606 GN=RPS28 PE=1 SV=1,6ZVH,-3.5267187500000001,0.35083766563797975,0
LAC,91435,P68036,UBE2L3,Ubiquitin-conjugating enzyme E2 L3 OS=Homo sapiens OX=9606 GN=UBE2L3 PE=1 SV=1,4Q5E,-3.5718000000000001,0.35071335731305514,0
R5P,77982,P06454,PTMA,Prothymosin alpha OS=Homo sapiens OX=9606 GN=PTMA PE=1 SV=2,2L9I,,0.35055559660752605,0
FBP,3281376,P55010,EIF5,Eukaryotic translation initiation factor 5 OS=Homo sapiens OX=9606 GN=EIF5 PE=1 SV=2,2IU1,-5.7183000000000002,0.3504896985159193,0
LAC,91435,Q9BTT0,ANP32E,Acidic leucine-rich nuclear phosphoprotein 32 family member E OS=Homo sapiens OX=9606 GN=ANP32E PE=1 SV=1,4CAY,-2.8108,0.35042797271870774,0
FBP,3281376,Q02218,OGDH,2-oxoglutarate dehydrogenase  mitochondrial OS=Homo sapiens OX=9606 GN=OGDH PE=1 SV=3,7WGR,-6.3728999999999996,0.3502622746219693,0
LAC,91435,Q02790,FKBP4,Peptidyl-prolyl cis-trans isomerase FKBP4 OS=Homo sapiens OX=9606 GN=FKBP4 PE=1 SV=3,1QZ2,-3.7307000000000001,0.34979067551344034,0
PYR,107735,P09211,GSTP1,Glutathione S-transferase P OS=Homo sapiens OX=9606 GN=GSTP1 PE=1 SV=2,7BIA,-3.3931,0.34940100968982896,0
LAC,91435,P78417,GSTO1,Glutathione S-transferase omega-1 OS=Homo sapiens OX=9606 GN=GSTO1 PE=1 SV=2,6MHC,-3.4056999999999999,0.3493569584425673,0
G3P,729,P45974,USP5,Ubiquitin carboxyl-terminal hydrolase 5 OS=Homo sapiens OX=9606 GN=USP5 PE=1 SV=2,3IHP,-4.8015999999999996,0.3492036894771772,0
LAC,91435,Q9BXJ9,NAA15,N-alpha-acetyltransferase 15  NatA auxiliary subunit OS=Homo sapiens OX=9606 GN=NAA15 PE=1 SV=1,6C9M,-3.9105500000000002,0.3489840580207811,0
LAC,91435,P62258,YWHAE,14-3-3 protein epsilon OS=Homo sapiens OX=9606 GN=YWHAE PE=1 SV=1,2BR9,-3.7376999999999998,0.34868792327286613,0
R5P,77982,Q13190,STX5,Syntaxin-5 OS=Homo sapiens OX=9606 GN=STX5 PE=1 SV=2,3EFO,,0.34867080581311694,0
G3P,729,P46379,BAG6,Large proline-rich protein BAG6 OS=Homo sapiens OX=9606 GN=BAG6 PE=1 SV=2,7RUA,,0.34861729616348036,0
LAC,91435,Q15084,PDIA6,Protein disulfide-isomerase A6 OS=Homo sapiens OX=9606 GN=PDIA6 PE=1 SV=1,3W8J,-3.7959000000000001,0.3484898783930369,0
PYR,107735,P39019,RPS19,40S ribosomal protein S19 OS=Homo sapiens OX=9606 GN=RPS19 PE=1 SV=2,5A2Q,-2.8380000000000001,0.3483827234669968,0
LAC,91435,P55072,VCP,Transitional endoplasmic reticulum ATPase OS=Homo sapiens OX=9606 GN=VCP PE=1 SV=4,7VCS,-4.2321,0.3479857979217266,0
LAC,91435,P07339,CTSD,Cathepsin D OS=Homo sapiens OX=9606 GN=CTSD PE=1 SV=1,4OC6,-3.5821999999999998,0.34783014614386926,0
G6P,69507,P11021,HSPA5,Endoplasmic reticulum chaperone BiP OS=Homo sapiens OX=9606 GN=HSPA5 PE=1 SV=2,6ASY,-7.5266000000000002,0.34761237338491796,0
PYR,107735,P58546,MTPN,Myotrophin OS=Homo sapiens OX=9606 GN=MTPN PE=1 SV=2,3AAA,-3.1922000000000001,0.347491569973474,0
LAC,91435,Q9NSD9,FARSB,Phenylalanine--tRNA ligase beta subunit OS=Homo sapiens OX=9606 GN=FARSB PE=1 SV=3,3L4G,-3.9992999999999999,0.3461068220885587,0
G3P,729,Q14697,GANAB,Neutral alpha-glucosidase AB OS=Homo sapiens OX=9606 GN=GANAB PE=1 SV=3,8D43,-4.8216999999999999,0.3454815718224431,0
LAC,91435,P11021,HSPA5,Endoplasmic reticulum chaperone BiP OS=Homo sapiens OX=9606 GN=HSPA5 PE=1 SV=2,6ASY,-4.7492000000000001,0.3454474570520771,0
G3P,729,Q8WXF1,PSPC1,Paraspeckle component 1 OS=Homo sapiens OX=9606 GN=PSPC1 PE=1 SV=1,5IFN,-4.4939999999999998,0.3450944281675112,0
G3P,729,O00410,IPO5,Importin-5 OS=Homo sapiens OX=9606 GN=IPO5 PE=1 SV=4,6XTE,-4.8891,0.3449103326350889,0
G3P,729,P04083,ANXA1,Annexin A1 OS=Homo sapiens OX=9606 GN=ANXA1 PE=1 SV=2,1QLS,-2.8448000000000002,0.34485183311368867,0
R5P,77982,Q06210,GFPT1,Glutamine--fructose-6-phosphate aminotransferase [isomerizing] 1 OS=Homo sapiens OX=9606 GN=GFPT1 PE=1 SV=3,6R4H,,0.34481713626933236,0
LAC,91435,P99999,CYCS,Cytochrome c OS=Homo sapiens OX=9606 GN=CYCS PE=1 SV=2,5TY3,-4.1483999999999996,0.3438366520869353,0
G3P,729,P14625,HSP90B1,Endoplasmin OS=Homo sapiens OX=9606 GN=HSP90B1 PE=1 SV=1,4NH9,-4.5286999999999997,0.343781135557941,0
LAC,91435,P22234,PAICS,Multifunctional protein ADE2 OS=Homo sapiens OX=9606 GN=PAICS PE=1 SV=3,6YB8,-4.0407000000000002,0.34361718125086493,0
LAC,91435,P46940,IQGAP1,Ras GTPase-activating-like protein IQGAP1 OS=Homo sapiens OX=9606 GN=IQGAP1 PE=1 SV=1,3FAY,-2.6938,0.34296015007004255,0
LAC,91435,P18669,PGAM1,Phosphoglycerate mutase 1 OS=Homo sapiens OX=9606 GN=PGAM1 PE=1 SV=2,5ZS8,-3.7259000000000002,0.34268897217782845,0
LAC,91435,P62316,SNRPD2,Small nuclear ribonucleoprotein Sm D2 OS=Homo sapiens OX=9606 GN=SNRPD2 PE=1 SV=1,4PJO,-3.2883,0.34251537157286943,0
G3P,729,Q9NY33,DPP3,Dipeptidyl peptidase 3 OS=Homo sapiens OX=9606 GN=DPP3 PE=1 SV=2,5E33,-4.0557499999999997,0.34218776237076387,0
G6P,69507,Q92620,DHX38,Pre-mRNA-splicing factor ATP-dependent RNA helicase PRP16 OS=Homo sapiens OX=9606 GN=DHX38 PE=1 SV=2,6ZYM,-4.8425500000000001,0.3421505772858769,0
LAC,91435,Q15366,PCBP2,Poly(rC)-binding protein 2 OS=Homo sapiens OX=9606 GN=PCBP2 PE=1 SV=1,2P2R,-2.9809999999999999,0.34203530914341146,0
G6P,69507,Q92499,DDX1,ATP-dependent RNA helicase DDX1 OS=Homo sapiens OX=9606 GN=DDX1 PE=1 SV=2,4XW3,-5.0495000000000001,0.341946395775675,0
LAC,91435,Q7L5N1,COPS6,COP9 signalosome complex subunit 6 OS=Homo sapiens OX=9606 GN=COPS6 PE=1 SV=1,4D10,-3.7452571428571431,0.3417683332785854,0
R5P,77982,Q6P2Q9,PRPF8,Pre-mRNA-processing-splicing factor 8 OS=Homo sapiens OX=9606 GN=PRPF8 PE=1 SV=2,6ICZ,,0.3415388525889594,0
LAC,91435,Q14019,COTL1,Coactosin-like protein OS=Homo sapiens OX=9606 GN=COTL1 PE=1 SV=3,1T2L,-3.3828999999999998,0.3409039164174004,0
G3P,729,O14974,PPP1R12A,Protein phosphatase 1 regulatory subunit 12A OS=Homo sapiens OX=9606 GN=PPP1R12A PE=1 SV=1,2KJY,-3.5962000000000001,0.34037469205220905,0
G3P,729,Q9UQ35,SRRM2,Serine/arginine repetitive matrix protein 2 OS=Homo sapiens OX=9606 GN=SRRM2 PE=1 SV=2,7W59,-3.5539399999999999,0.3399940030647049,0
PYR,107735,O00232,PSMD12,26S proteasome non-ATPase regulatory subunit 12 OS=Homo sapiens OX=9606 GN=PSMD12 PE=1 SV=3,5VGZ,-3.7710699999999999,0.3396937734837607,0
G3P,729,P30040,ERP29,Endoplasmic reticulum resident protein 29 OS=Homo sapiens OX=9606 GN=ERP29 PE=1 SV=4,2QC7,-4.6280999999999999,0.33945202583286627,0
LAC,91435,P62987,UBA52,Ubiquitin-60S ribosomal protein L40 OS=Homo sapiens OX=9606 GN=UBA52 PE=1 SV=2,7UN3,-4.5711000000000004,0.3387458956184837,0
G6P,69507,Q13283,G3BP1,Ras GTPase-activating protein-binding protein 1 OS=Homo sapiens OX=9606 GN=G3BP1 PE=1 SV=1,5FW5,-5.2058999999999997,0.3387248742029698,0
F6P,439958,P55010,EIF5,Eukaryotic translation initiation factor 5 OS=Homo sapiens OX=9606 GN=EIF5 PE=1 SV=2,2IU1,-5.0061,0.3382835585275317,0
G3P,729,Q9BY32,ITPA,Inosine triphosphate pyrophosphatase OS=Homo sapiens OX=9606 GN=ITPA PE=1 SV=2,2CAR,-4.2388000000000003,0.3382554421354007,0
FBP,3281376,P78536,ADAM17,Disintegrin and metalloproteinase domain-containing protein 17 OS=Homo sapiens OX=9606 GN=ADAM17 PE=1 SV=1,2OI0,-7.3106,0.33804029968734395,0
LAC,91435,Q15691,MAPRE1,Microtubule-associated protein RP/EB family member 1 OS=Homo sapiens OX=9606 GN=MAPRE1 PE=1 SV=3,6PF2,-3.2016,0.337916310462109,0
LAC,91435,O60506,SYNCRIP,Heterogeneous nuclear ribonucleoprotein Q OS=Homo sapiens OX=9606 GN=SYNCRIP PE=1 SV=2,6KOR,-3.6836000000000002,0.3374551716400195,0
F6P,439958,Q15149,PLEC,Plectin OS=Homo sapiens OX=9606 GN=PLEC PE=1 SV=3,5J1F,-4.4013999999999998,0.3373292756288548,0
PYR,107735,Q14566,MCM6,DNA replication licensing factor MCM6 OS=Homo sapiens OX=9606 GN=MCM6 PE=1 SV=1,7W68,-4.0499200000000002,0.33731934148419956,0
G3P,729,P68104,EEF1A1,Elongation factor 1-alpha 1 OS=Homo sapiens OX=9606 GN=EEF1A1 PE=1 SV=1,3C5J,-2.5682999999999998,0.33701896831765504,0
LAC,91435,P08238,HSP90AB1,Heat shock protein HSP 90-beta OS=Homo sapiens OX=9606 GN=HSP90AB1 PE=1 SV=4,7ZR0,-4.1843000000000004,0.3369362151208982,0
R5P,77982,Q9BY32,ITPA,Inosine triphosphate pyrophosphatase OS=Homo sapiens OX=9606 GN=ITPA PE=1 SV=2,2CAR,,0.336902141222654,0
R5P,77982,P15311,EZR,Ezrin OS=Homo sapiens OX=9606 GN=EZR PE=1 SV=4,4RM8,,0.3367980363929734,0
G6P,69507,P36578,RPL4,60S ribosomal protein L4 OS=Homo sapiens OX=9606 GN=RPL4 PE=1 SV=5,5A8L,-4.7009249999999998,0.3367583346517881,0
F6P,439958,P12273,PIP,Prolactin-inducible protein OS=Homo sapiens OX=9606 GN=PIP PE=1 SV=1,3ES6,-5.2210000000000001,0.3367451124890827,0
G3P,729,Q8TEQ6,GEMIN5,Gem-associated protein 5 OS=Homo sapiens OX=9606 GN=GEMIN5 PE=1 SV=3,5THA,-5.7717999999999998,0.33644812920579825,0
LAC,91435,P00558,PGK1,Phosphoglycerate kinase 1 OS=Homo sapiens OX=9606 GN=PGK1 PE=1 SV=3,4O33,-4.0609000000000002,0.33598493374050376,0
F6P,439958,Q9ULT8,HECTD1,E3 ubiquitin-protein ligase HECTD1 OS=Homo sapiens OX=9606 GN=HECTD1 PE=1 SV=3,3DKM,,0.33560697428731673,0
PYR,107735,Q9HB71,CACYBP,Calcyclin-binding protein OS=Homo sapiens OX=9606 GN=CACYBP PE=1 SV=2,2A26,-2.8016000000000001,0.3355964885781707,0
F6P,439958,Q86TU7,SETD3,Histone-lysine N-methyltransferase setd3 OS=Homo sapiens OX=9606 GN=SETD3 PE=1 SV=1,6MBK,-6.5345000000000004,0.33559191799596977,0
G6P,69507,Q86TU7,SETD3,Histone-lysine N-methyltransferase setd3 OS=Homo sapiens OX=9606 GN=SETD3 PE=1 SV=1,6MBK,-6.7805999999999997,0.33559191799596977,0
LAC,91435,O00299,CLIC1,Chloride intracellular channel protein 1 OS=Homo sapiens OX=9606 GN=CLIC1 PE=1 SV=4,4JZQ,-3.7044000000000001,0.3355682456445261,0
LAC,91435,P17844,DDX5,Probable ATP-dependent RNA helicase DDX5 OS=Homo sapiens OX=9606 GN=DDX5 PE=1 SV=1,4A4D,-3.8786,0.3355354668028054,0
LAC,91435,P0DMV8,HSPA1A,Heat shock 70 kDa protein 1A OS=Homo sapiens OX=9606 GN=HSPA1A PE=1 SV=1,4J8F,-4.4550000000000001,0.33525930372938745,0
LAC,91435,P0DMV9,HSPA1B,Heat shock 70 kDa protein 1B OS=Homo sapiens OX=9606 GN=HSPA1B PE=1 SV=1,4J8F,-4.4550000000000001,0.33525930372938745,0
PYR,107735,P25398,RPS12,40S ribosomal protein S12 OS=Homo sapiens OX=9606 GN=RPS12 PE=1 SV=3,6ZLW,-3.6187999999999998,0.3351309341849576,0
G3P,729,Q15233,NONO,Non-POU domain-containing octamer-binding protein OS=Homo sapiens OX=9606 GN=NONO PE=1 SV=4,7LRU,-3.98,0.3350890097436555,0
G3P,729,P08238,HSP90AB1,Heat shock protein HSP 90-beta OS=Homo sapiens OX=9606 GN=HSP90AB1 PE=1 SV=4,7ZR0,-5.0723000000000003,0.33500726181624685,0
LAC,91435,P61604,HSPE1,10 kDa heat shock protein  mitochondrial OS=Homo sapiens OX=9606 GN=HSPE1 PE=1 SV=2,6MRD,-3.4363999999999999,0.3346928123546341,0
G6P,69507,Q14019,COTL1,Coactosin-like protein OS=Homo sapiens OX=9606 GN=COTL1 PE=1 SV=3,1T2L,-5.4187000000000003,0.3335319446215896,0
2PG,439278,P48643,CCT5,T-complex protein 1 subunit epsilon OS=Homo sapiens OX=9606 GN=CCT5 PE=1 SV=1,7NVN,-5.8637333333333332,0.33336292088454594,0
LAC,91435,P63244,RACK1,Receptor of activated protein C kinase 1 OS=Homo sapiens OX=9606 GN=RACK1 PE=1 SV=3,6ZLW,-3.5361250000000002,0.33331029380871335,0
LAC,91435,Q9NYF8,BCLAF1,Bcl-2-associated transcription factor 1 OS=Homo sapiens OX=9606 GN=BCLAF1 PE=1 SV=2,7RJR,-1.5044999999999999,0.33315721063512593,0
R5P,77982,P31939,ATIC,Bifunctional purine biosynthesis protein PURH OS=Homo sapiens OX=9606 GN=ATIC PE=1 SV=3,1PKX,,0.33210205146799665,0
PYR,107735,P49721,PSMB2,Proteasome subunit beta type-2 OS=Homo sapiens OX=9606 GN=PSMB2 PE=1 SV=1,4R3O,-3.7576999999999998,0.33191580725083203,0
G3P,729,P06744,GPI,Glucose-6-phosphate isomerase OS=Homo sapiens OX=9606 GN=GPI PE=1 SV=4,1JIQ,-5.0496999999999996,0.3317451565482195,0
F6P,439958,Q02218,OGDH,2-oxoglutarate dehydrogenase  mitochondrial OS=Homo sapiens OX=9606 GN=OGDH PE=1 SV=3,7WGR,-5.4669999999999996,0.3315863537627611,0
PEP,1005,P52292,KPNA2,Importin subunit alpha-1 OS=Homo sapiens OX=9606 GN=KPNA2 PE=1 SV=1,7CRU,-4.6787999999999998,0.33138776628089583,0
2PG,439278,P07900,HSP90AA1,Heat shock protein HSP 90-alpha OS=Homo sapiens OX=9606 GN=HSP90AA1 PE=1 SV=5,7KRJ,-5.8163999999999998,0.33089005296600643,0
LAC,91435,P62263,RPS14,40S ribosomal protein S14 OS=Homo sapiens OX=9606 GN=RPS14 PE=1 SV=3,6ZVH,-3.5267187500000001,0.3305226139029901,0
LAC,91435,P23526,AHCY,Adenosylhomocysteinase OS=Homo sapiens OX=9606 GN=AHCY PE=1 SV=4,3NJ4,-4.1883999999999997,0.3303655179395227,0
FBP,3281376,P62333,PSMC6,26S proteasome regulatory subunit 10B OS=Homo sapiens OX=9606 GN=PSMC6 PE=1 SV=1,5GJQ,-6.3367500000000003,0.33018404481462765,0
R5P,77982,P08133,ANXA6,Annexin A6 OS=Homo sapiens OX=9606 GN=ANXA6 PE=1 SV=3,1M9I,,0.3299453623974128,0
PYR,107735,Q99598,TSNAX,Translin-associated protein X OS=Homo sapiens OX=9606 GN=TSNAX PE=1 SV=1,3PJA,-3.6307999999999998,0.32968082318270114,0
G3P,729,P13489,RNH1,Ribonuclease inhibitor OS=Homo sapiens OX=9606 GN=RNH1 PE=1 SV=2,2Q4G,,0.32961871326629644,0
LAC,91435,P06748,NPM1,Nucleophosmin OS=Homo sapiens OX=9606 GN=NPM1 PE=1 SV=2,8AH2,-3.6736,0.32949457667331933,0
PYR,107735,P00338,LDHA,L-lactate dehydrogenase A chain OS=Homo sapiens OX=9606 GN=LDHA PE=1 SV=2,4OJN,-4.0023999999999997,0.32927779342431346,0
LAC,91435,P27797,CALR,Calreticulin OS=Homo sapiens OX=9606 GN=CALR PE=1 SV=1,3POS,-4.2279,0.3291906384056285,0
G3P,729,P12277,CKB,Creatine kinase B-type OS=Homo sapiens OX=9606 GN=CKB PE=1 SV=1,3DRE,-5.3213999999999997,0.3289420718940909,0
LAC,91435,Q06830,PRDX1,Peroxiredoxin-1 OS=Homo sapiens OX=9606 GN=PRDX1 PE=1 SV=1,3HY2,-3.9969000000000001,0.3289380619928376,0
LAC,91435,P06454,PTMA,Prothymosin alpha OS=Homo sapiens OX=9606 GN=PTMA PE=1 SV=2,2L9I,-2.7044000000000001,0.32868277281121777,0
LAC,91435,Q16629,SRSF7,Serine/arginine-rich splicing factor 7 OS=Homo sapiens OX=9606 GN=SRSF7 PE=1 SV=1,2HVZ,-3.5588000000000002,0.3283649894656132,0
LAC,91435,Q92598,HSPH1,Heat shock protein 105 kDa OS=Homo sapiens OX=9606 GN=HSPH1 PE=1 SV=1,6GFA,-4.8083999999999998,0.32813896306251955,0
G6P,69507,P51572,BCAP31,B-cell receptor-associated protein 31 OS=Homo sapiens OX=9606 GN=BCAP31 PE=1 SV=3,4JZL,-3.758,0.3277950053329793,0
PYR,107735,P62277,RPS13,40S ribosomal protein S13 OS=Homo sapiens OX=9606 GN=RPS13 PE=1 SV=2,7R4X,-3.42076,0.327513329839047,0
LAC,91435,P17987,TCP1,T-complex protein 1 subunit alpha OS=Homo sapiens OX=9606 GN=TCP1 PE=1 SV=1,7NVM,-3.90455,0.3275067061919667,0
PYR,107735,P62913,RPL11,60S ribosomal protein L11 OS=Homo sapiens OX=9606 GN=RPL11 PE=1 SV=2,4XXB,-3.2749000000000001,0.32706414120718275,0
G3P,729,P40227,CCT6A,T-complex protein 1 subunit zeta OS=Homo sapiens OX=9606 GN=CCT6A PE=1 SV=3,7NVN,-5.3048000000000002,0.3264468766422227,0
R5P,77982,Q04446,GBE1,1 4-alpha-glucan-branching enzyme OS=Homo sapiens OX=9606 GN=GBE1 PE=1 SV=3,4BZY,,0.32622122879140714,0
G6P,69507,P17301,ITGA2,Integrin alpha-2 OS=Homo sapiens OX=9606 GN=ITGA2 PE=1 SV=1,1AOX,-6.2878999999999996,0.3261369059365608,0
G3P,729,Q08188,TGM3,Protein-glutamine gamma-glutamyltransferase E OS=Homo sapiens OX=9606 GN=TGM3 PE=1 SV=4,1L9M,-5.3239999999999998,0.32583368721142414,0
G6P,69507,P13804,ETFA,Electron transfer flavoprotein subunit alpha  mitochondrial OS=Homo sapiens OX=9606 GN=ETFA PE=1 SV=1,2A1T,-6.0968,0.32566224676007294,0
PYR,107735,Q16222,UAP1,UDP-N-acetylhexosamine pyrophosphorylase OS=Homo sapiens OX=9606 GN=UAP1 PE=1 SV=3,1JVG,-3.8283999999999998,0.3255564137623178,0
G3P,729,P55072,VCP,Transitional endoplasmic reticulum ATPase OS=Homo sapiens OX=9606 GN=VCP PE=1 SV=4,7VCS,-4.9004000000000003,0.3251076513964395,0
G6P,69507,P62258,YWHAE,14-3-3 protein epsilon OS=Homo sapiens OX=9606 GN=YWHAE PE=1 SV=1,2BR9,-5.5940000000000003,0.32504087610716687,0
R5P,77982,P30520,ADSS,Adenylosuccinate synthetase isozyme 2 OS=Homo sapiens OX=9606 GN=ADSS PE=1 SV=3,2V40,,0.3250013447801027,0
G6P,69507,P55010,EIF5,Eukaryotic translation initiation factor 5 OS=Homo sapiens OX=9606 GN=EIF5 PE=1 SV=2,2IU1,-5.4580000000000002,0.3247711675587893,0
G6P,69507,Q9ULT8,HECTD1,E3 ubiquitin-protein ligase HECTD1 OS=Homo sapiens OX=9606 GN=HECTD1 PE=1 SV=3,3DKM,,0.32459858522657153,0
3PG,439183,P02042,HBD,Hemoglobin subunit delta OS=Homo sapiens OX=9606 GN=HBD PE=1 SV=2,1SHR,-4.1749000000000001,0.32442232485847816,0
G3P,729,P12956,XRCC6,X-ray repair cross-complementing protein 6 OS=Homo sapiens OX=9606 GN=XRCC6 PE=1 SV=2,1JEQ,-4.2565,0.32441905907419677,0
PYR,107735,P10809,HSPD1,60 kDa heat shock protein  mitochondrial OS=Homo sapiens OX=9606 GN=HSPD1 PE=1 SV=2,6MRC,-4.1352000000000002,0.3244170663715639,0
G6P,69507,P08758,ANXA5,Annexin A5 OS=Homo sapiens OX=9606 GN=ANXA5 PE=1 SV=2,1ANW,-6.3750999999999998,0.32437528718083025,0
2PG,439278,P50990,CCT8,T-complex protein 1 subunit theta OS=Homo sapiens OX=9606 GN=CCT8 PE=1 SV=4,7NVM,-5.5198,0.3243471003297978,0
F6P,439958,P29373,CRABP2,Cellular retinoic acid-binding protein 2 OS=Homo sapiens OX=9606 GN=CRABP2 PE=1 SV=2,7OXW,-5.3445,0.32412729615844843,0
PYR,107735,Q06323,PSME1,Proteasome activator complex subunit 1 OS=Homo sapiens OX=9606 GN=PSME1 PE=1 SV=1,7NAO,-3.4775,0.3236162532631169,0
FBP,3281376,Q3B726,TWISTNB,DNA-directed RNA polymerase I subunit RPA43 OS=Homo sapiens OX=9606 GN=TWISTNB PE=1 SV=1,7OB9,-5.7058625000000003,0.32357436694442415,0
R5P,77982,P17987,TCP1,T-complex protein 1 subunit alpha OS=Homo sapiens OX=9606 GN=TCP1 PE=1 SV=1,7NVM,,0.32343913488020887,0
G6P,69507,O75608,LYPLA1,Acyl-protein thioesterase 1 OS=Homo sapiens OX=9606 GN=LYPLA1 PE=1 SV=1,1FJ2,-5.9253,0.3233646587789656,0
LAC,91435,P17980,PSMC3,26S proteasome regulatory subunit 6A OS=Homo sapiens OX=9606 GN=PSMC3 PE=1 SV=3,5GJQ,-4.1795,0.3232682697607789,0
R5P,77982,P98175,RBM10,RNA-binding protein 10 OS=Homo sapiens OX=9606 GN=RBM10 PE=1 SV=3,2M2B,,0.3231163254865418,0
F6P,439958,O75533,SF3B1,Splicing factor 3B subunit 1 OS=Homo sapiens OX=9606 GN=SF3B1 PE=1 SV=3,7ABI,-4.7100999999999997,0.3231049310990596,0
LAC,91435,P38117,ETFB,Electron transfer flavoprotein subunit beta OS=Homo sapiens OX=9606 GN=ETFB PE=1 SV=3,1EFV,-4.6851000000000003,0.32306941001574413,0
2PG,439278,P48735,IDH2,Isocitrate dehydrogenase [NADP]  mitochondrial OS=Homo sapiens OX=9606 GN=IDH2 PE=1 SV=2,6ADI,-5.2625999999999999,0.3229012427182561,0
G3P,729,P31948,STIP1,Stress-induced-phosphoprotein 1 OS=Homo sapiens OX=9606 GN=STIP1 PE=1 SV=1,7KW7,-5.1360999999999999,0.3224489297298272,0
G6P,69507,P62701,RPS4X,40S ribosomal protein S4  X isoform OS=Homo sapiens OX=9606 GN=RPS4X PE=1 SV=2,6ZLW,-5.6955749999999998,0.3219854143789675,0
PYR,107735,O60506,SYNCRIP,Heterogeneous nuclear ribonucleoprotein Q OS=Homo sapiens OX=9606 GN=SYNCRIP PE=1 SV=2,6KOR,-3.6690999999999998,0.32132434336695975,0
F6P,439958,Q06323,PSME1,Proteasome activator complex subunit 1 OS=Homo sapiens OX=9606 GN=PSME1 PE=1 SV=1,7NAO,-4.5566000000000004,0.3210655027582473,0
LAC,91435,Q14566,MCM6,DNA replication licensing factor MCM6 OS=Homo sapiens OX=9606 GN=MCM6 PE=1 SV=1,7W68,-4.1006600000000004,0.32085645078759834,0
F6P,439958,P15311,EZR,Ezrin OS=Homo sapiens OX=9606 GN=EZR PE=1 SV=4,4RM8,-6.1325000000000003,0.3207836445561345,0
LAC,91435,Q01469,FABP5,Fatty acid-binding protein  epidermal OS=Homo sapiens OX=9606 GN=FABP5 PE=1 SV=3,4LKT,-3.7606000000000002,0.3206724771834354,0
2PG,439278,P78371,CCT2,T-complex protein 1 subunit beta OS=Homo sapiens OX=9606 GN=CCT2 PE=1 SV=4,7TTN,-5.5434999999999999,0.32039642446425465,0
G3P,729,Q9UHD8,SEPT9,Septin-9 OS=Homo sapiens OX=9606 GN=SEPT9 PE=1 SV=2,5CYO,-5.5995999999999997,0.3203091172940657,0
LAC,91435,P30048,PRDX3,Thioredoxin-dependent peroxide reductase  mitochondrial OS=Homo sapiens OX=9606 GN=PRDX3 PE=1 SV=3,5UCX,-3.6983999999999999,0.31988182490630845,0
G3P,729,O00767,SCD,Acyl-CoA desaturase OS=Homo sapiens OX=9606 GN=SCD PE=1 SV=2,4ZYO,-5.4455,0.319295992353549,0
FBP,3281376,P0DMV8,HSPA1A,Heat shock 70 kDa protein 1A OS=Homo sapiens OX=9606 GN=HSPA1A PE=1 SV=1,4J8F,-8.3527000000000005,0.3186615301611159,0
LAC,91435,Q9P1F3,ABRACL,Costars family protein ABRACL OS=Homo sapiens OX=9606 GN=ABRACL PE=1 SV=1,2L2O,-3.6143000000000001,0.31846945592008913,0
F6P,439958,Q92620,DHX38,Pre-mRNA-splicing factor ATP-dependent RNA helicase PRP16 OS=Homo sapiens OX=9606 GN=DHX38 PE=1 SV=2,6ZYM,-4.5135333333333332,0.31800059066740316,0
PYR,107735,P33176,KIF5B,Kinesin-1 heavy chain OS=Homo sapiens OX=9606 GN=KIF5B PE=1 SV=1,1MKJ,-4.3825000000000003,0.3178009992583432,0
LAC,91435,P62847,RPS24,40S ribosomal protein S24 OS=Homo sapiens OX=9606 GN=RPS24 PE=1 SV=1,6ZVH,-3.5267187500000001,0.31742079494385833,0
G3P,729,Q96MU7,YTHDC1,YTH domain-containing protein 1 OS=Homo sapiens OX=9606 GN=YTHDC1 PE=1 SV=3,6YKZ,-5.3491999999999997,0.3167798703056838,0
2PG,439278,P08238,HSP90AB1,Heat shock protein HSP 90-beta OS=Homo sapiens OX=9606 GN=HSP90AB1 PE=1 SV=4,7ZR0,-5.5457999999999998,0.3167791384785494,0
F6P,439958,P13804,ETFA,Electron transfer flavoprotein subunit alpha  mitochondrial OS=Homo sapiens OX=9606 GN=ETFA PE=1 SV=1,2A1T,-6.0076999999999998,0.31668007911838153,0
PYR,107735,P46781,RPS9,40S ribosomal protein S9 OS=Homo sapiens OX=9606 GN=RPS9 PE=1 SV=3,7R4X,-3.42076,0.316597241770156,0
2PG,439278,P26639,TARS,Threonine--tRNA ligase  cytoplasmic OS=Homo sapiens OX=9606 GN=TARS PE=1 SV=3,4TTV,-4.9960000000000004,0.31616152345231935,0
G3P,729,P09012,SNRPA,U1 small nuclear ribonucleoprotein A OS=Homo sapiens OX=9606 GN=SNRPA PE=1 SV=3,7B0Y,-3.9683000000000002,0.316142707959924,0
LAC,91435,P27348,YWHAQ,14-3-3 protein theta OS=Homo sapiens OX=9606 GN=YWHAQ PE=1 SV=1,2BTP,-3.8536999999999999,0.31602130228212444,0
G6P,69507,Q15149,PLEC,Plectin OS=Homo sapiens OX=9606 GN=PLEC PE=1 SV=3,5J1F,-5.1176000000000004,0.3159982542356359,0
G3P,729,P05455,SSB,Lupus La protein OS=Homo sapiens OX=9606 GN=SSB PE=1 SV=2,2VOD,-4.3958000000000004,0.31581284830955314,0
LAC,91435,P07900,HSP90AA1,Heat shock protein HSP 90-alpha OS=Homo sapiens OX=9606 GN=HSP90AA1 PE=1 SV=5,7KRJ,-4.2322500000000014,0.31558289457122485,0
FBP,3281376,P0DMV9,HSPA1B,Heat shock 70 kDa protein 1B OS=Homo sapiens OX=9606 GN=HSPA1B PE=1 SV=1,4J8F,-8.3527000000000005,0.3153873110956041,0
G6P,69507,P49591,SARS,Serine--tRNA ligase  cytoplasmic OS=Homo sapiens OX=9606 GN=SARS PE=1 SV=3,4RQE,-6.6806999999999999,0.3153589698045689,0
PYR,107735,P06703,S100A6,Protein S100-A6 OS=Homo sapiens OX=9606 GN=S100A6 PE=1 SV=1,1K96,-3.0714999999999999,0.31476830112016463,0
R5P,77982,Q9Y266,NUDC,Nuclear migration protein nudC OS=Homo sapiens OX=9606 GN=NUDC PE=1 SV=1,3QOR,,0.3147411999849006,0
LAC,91435,P30050,RPL12,60S ribosomal protein L12 OS=Homo sapiens OX=9606 GN=RPL12 PE=1 SV=1,5A8L,-3.3554249999999999,0.31471412441643115,0
LAC,91435,P09382,LGALS1,Galectin-1 OS=Homo sapiens OX=9606 GN=LGALS1 PE=1 SV=2,6M5Y,-3.6623999999999999,0.31466400932537925,0
LAC,91435,P09104,ENO2,Gamma-enolase OS=Homo sapiens OX=9606 GN=ENO2 PE=1 SV=3,7MBH,-4.2319000000000004,0.31461689506332446,0
LAC,91435,P62753,RPS6,40S ribosomal protein S6 OS=Homo sapiens OX=9606 GN=RPS6 PE=1 SV=1,6ZVH,-3.5267187500000001,0.3141067613308049,0
LAC,91435,P47895,ALDH1A3,Aldehyde dehydrogenase family 1 member A3 OS=Homo sapiens OX=9606 GN=ALDH1A3 PE=1 SV=2,7QK9,-4.2134999999999998,0.31388113359426567,0
G6P,69507,P62987,UBA52,Ubiquitin-60S ribosomal protein L40 OS=Homo sapiens OX=9606 GN=UBA52 PE=1 SV=2,7UN3,-6.2229000000000001,0.31385922213986556,0
2PG,439278,Q05639,EEF1A2,Elongation factor 1-alpha 2 OS=Homo sapiens OX=9606 GN=EEF1A2 PE=1 SV=1,8B6Z,-5.3257000000000003,0.3137710101135714,0
PEP,1005,P18669,PGAM1,Phosphoglycerate mutase 1 OS=Homo sapiens OX=9606 GN=PGAM1 PE=1 SV=2,5ZS8,-5.2797999999999998,0.31358234255778406,0
LAC,91435,Q99832,CCT7,T-complex protein 1 subunit eta OS=Homo sapiens OX=9606 GN=CCT7 PE=1 SV=2,7TRG,-4.2693000000000003,0.31344513333386137,0
LAC,91435,P51572,BCAP31,B-cell receptor-associated protein 31 OS=Homo sapiens OX=9606 GN=BCAP31 PE=1 SV=3,4JZL,-2.8671000000000002,0.31315248883485347,0
2PG,439278,P11021,HSPA5,Endoplasmic reticulum chaperone BiP OS=Homo sapiens OX=9606 GN=HSPA5 PE=1 SV=2,6ASY,-6.7835999999999999,0.31307323373009177,0
3PG,439183,P11021,HSPA5,Endoplasmic reticulum chaperone BiP OS=Homo sapiens OX=9606 GN=HSPA5 PE=1 SV=2,6ASY,-6.6189,0.31307323373009177,0
LAC,91435,P60953,CDC42,Cell division control protein 42 homolog OS=Homo sapiens OX=9606 GN=CDC42 PE=1 SV=2,6SUP,-4.4267000000000003,0.31306384735280685,0
LAC,91435,Q7Z2W9,MRPL21,39S ribosomal protein L21  mitochondrial OS=Homo sapiens OX=9606 GN=MRPL21 PE=1 SV=2,7OF0,-3.59842,0.3130418605148931,0
LAC,91435,Q9NY33,DPP3,Dipeptidyl peptidase 3 OS=Homo sapiens OX=9606 GN=DPP3 PE=1 SV=2,5E33,-3.3389500000000001,0.3127886041926882,0
2PG,439278,O43175,PHGDH,D-3-phosphoglycerate dehydrogenase OS=Homo sapiens OX=9606 GN=PHGDH PE=1 SV=4,7DKM,-5.1813000000000002,0.3126114161944802,0
3PG,439183,O43175,PHGDH,D-3-phosphoglycerate dehydrogenase OS=Homo sapiens OX=9606 GN=PHGDH PE=1 SV=4,7DKM,-4.7843,0.3126114161944802,0
G3P,729,O00425,IGF2BP3,Insulin-like growth factor 2 mRNA-binding protein 3 OS=Homo sapiens OX=9606 GN=IGF2BP3 PE=1 SV=2,6GQE,-5.0656999999999996,0.31218605075431405,0
G3P,729,P26599,PTBP1,Polypyrimidine tract-binding protein 1 OS=Homo sapiens OX=9606 GN=PTBP1 PE=1 SV=1,3ZZY,-4.1925999999999997,0.3117864993656009,0
LAC,91435,P11142,HSPA8,Heat shock cognate 71 kDa protein OS=Homo sapiens OX=9606 GN=HSPA8 PE=1 SV=1,4H5R,-4.5114000000000001,0.3113462269112376,0
2PG,439278,P31947,SFN,14-3-3 protein sigma OS=Homo sapiens OX=9606 GN=SFN PE=1 SV=1,5OK9,-5.2572000000000001,0.31075763290176667,0
LAC,91435,P11216,PYGB,Glycogen phosphorylase  brain form OS=Homo sapiens OX=9606 GN=PYGB PE=1 SV=5,5IKO,-4.7309000000000001,0.31063924880569993,0
LAC,91435,P04183,TK1,Thymidine kinase  cytosolic OS=Homo sapiens OX=9606 GN=TK1 PE=1 SV=2,1W4R,-4.4077000000000002,0.3104508984824817,0
R5P,77982,P61026,RAB10,Ras-related protein Rab-10 OS=Homo sapiens OX=9606 GN=RAB10 PE=1 SV=1,5SZJ,,0.3100400289922269,0
FBP,3281376,Q9P258,RCC2,Protein RCC2 OS=Homo sapiens OX=9606 GN=RCC2 PE=1 SV=2,5GWN,-6.9901,0.30999251648635245,0
F6P,439958,P14550,AKR1A1,Alcohol dehydrogenase [NADP(+)] OS=Homo sapiens OX=9606 GN=AKR1A1 PE=1 SV=3,2ALR,-5.6,0.30992063380893214,0
LAC,91435,P39748,FEN1,Flap endonuclease 1 OS=Homo sapiens OX=9606 GN=FEN1 PE=1 SV=1,5K97,-4.4823000000000004,0.3097133048569989,0
R5P,77982,Q9H6S0,YTHDC2,Probable ATP-dependent RNA helicase YTHDC2 OS=Homo sapiens OX=9606 GN=YTHDC2 PE=1 SV=2,6K6U,,0.3093619643487298,0
G3P,729,Q99613,EIF3C,Eukaryotic translation initiation factor 3 subunit C OS=Homo sapiens OX=9606 GN=EIF3C PE=1 SV=1,3J8B,-4.2853000000000003,0.30932561194647445,0
F6P,439958,P09211,GSTP1,Glutathione S-transferase P OS=Homo sapiens OX=9606 GN=GSTP1 PE=1 SV=2,7BIA,-4.8883999999999999,0.30910935529228306,0
LAC,91435,P10599,TXN,Thioredoxin OS=Homo sapiens OX=9606 GN=TXN PE=1 SV=3,4PUF,-3.6675,0.30892284508383056,0
G6P,69507,Q99613,EIF3C,Eukaryotic translation initiation factor 3 subunit C OS=Homo sapiens OX=9606 GN=EIF3C PE=1 SV=1,3J8B,-5.5745714285714287,0.30886600137778697,0
LAC,91435,Q13185,CBX3,Chromobox protein homolog 3 OS=Homo sapiens OX=9606 GN=CBX3 PE=1 SV=4,6HW2,-3.3613,0.30883214204051784,0
G6P,69507,P62280,RPS11,40S ribosomal protein S11 OS=Homo sapiens OX=9606 GN=RPS11 PE=1 SV=3,6ZVH,-5.3632375000000003,0.30835687775819376,0
PYR,107735,P78318,IGBP1,Immunoglobulin-binding protein 1 OS=Homo sapiens OX=9606 GN=IGBP1 PE=1 SV=1,4IYP,-3.7273000000000001,0.30811348220263673,0
G3P,729,Q9BZF1,OSBPL8,Oxysterol-binding protein-related protein 8 OS=Homo sapiens OX=9606 GN=OSBPL8 PE=1 SV=3,5U78,-4.4909999999999997,0.30790014784489417,0
LAC,91435,Q9Y266,NUDC,Nuclear migration protein nudC OS=Homo sapiens OX=9606 GN=NUDC PE=1 SV=1,3QOR,-3.7534000000000001,0.3078961136537541,0
G6P,69507,P50991,CCT4,T-complex protein 1 subunit delta OS=Homo sapiens OX=9606 GN=CCT4 PE=1 SV=4,7TTT,-6.7897999999999996,0.3075509132084649,0
G3P,729,P07900,HSP90AA1,Heat shock protein HSP 90-alpha OS=Homo sapiens OX=9606 GN=HSP90AA1 PE=1 SV=5,7KRJ,-5.2935499999999998,0.30748711520858024,0
2PG,439278,P51114,FXR1,Fragile X mental retardation syndrome-related protein 1 OS=Homo sapiens OX=9606 GN=FXR1 PE=1 SV=3,3KUF,-4.5711000000000004,0.3074533850638455,0
R5P,77982,P31948,STIP1,Stress-induced-phosphoprotein 1 OS=Homo sapiens OX=9606 GN=STIP1 PE=1 SV=1,7KW7,,0.307377697415992,0
R5P,77982,P26038,MSN,Moesin OS=Homo sapiens OX=9606 GN=MSN PE=1 SV=3,1EF1,,0.3069453277522764,0
R5P,77982,Q04637,EIF4G1,Eukaryotic translation initiation factor 4 gamma 1 OS=Homo sapiens OX=9606 GN=EIF4G1 PE=1 SV=4,1UG3,,0.30654412196688735,0
F6P,439958,Q15645,TRIP13,Pachytene checkpoint protein 2 homolog OS=Homo sapiens OX=9606 GN=TRIP13 PE=1 SV=2,5VQA,-5.8909000000000002,0.30616101768744064,0
G6P,69507,Q15645,TRIP13,Pachytene checkpoint protein 2 homolog OS=Homo sapiens OX=9606 GN=TRIP13 PE=1 SV=2,5VQA,-6.3619000000000003,0.30616101768744064,0
G3P,729,P27348,YWHAQ,14-3-3 protein theta OS=Homo sapiens OX=9606 GN=YWHAQ PE=1 SV=1,2BTP,-4.6388999999999996,0.30613174745989524,0
LAC,91435,Q01813,PFKP,ATP-dependent 6-phosphofructokinase  platelet type OS=Homo sapiens OX=9606 GN=PFKP PE=1 SV=2,4XYJ,-4.3197999999999999,0.3059498019111765,0
F6P,439958,Q8N1F7,NUP93,Nuclear pore complex protein Nup93 OS=Homo sapiens OX=9606 GN=NUP93 PE=1 SV=2,7MW0,-5.7222999999999997,0.30576374700078424,0
G6P,69507,Q8N1F7,NUP93,Nuclear pore complex protein Nup93 OS=Homo sapiens OX=9606 GN=NUP93 PE=1 SV=2,7MW0,-5.6656000000000004,0.30576374700078424,0
R5P,77982,Q14019,COTL1,Coactosin-like protein OS=Homo sapiens OX=9606 GN=COTL1 PE=1 SV=3,1T2L,,0.30571110868957213,0
G6P,69507,P30038,ALDH4A1,Delta-1-pyrroline-5-carboxylate dehydrogenase  mitochondrial OS=Homo sapiens OX=9606 GN=ALDH4A1 PE=1 SV=3,3V9H,-5.3947000000000003,0.30569239617096083,0
R5P,77982,Q14573,ITPR3,Inositol 1 4 5-trisphosphate receptor type 3 OS=Homo sapiens OX=9606 GN=ITPR3 PE=1 SV=2,6UQK,,0.3051488263938427,0
LAC,91435,P14618,PKM,Pyruvate kinase PKM OS=Homo sapiens OX=9606 GN=PKM PE=1 SV=4,6B6U,-4.3071999999999999,0.305046414618467,0
R5P,77982,O60573,EIF4E2,Eukaryotic translation initiation factor 4E type 2 OS=Homo sapiens OX=9606 GN=EIF4E2 PE=1 SV=1,2JGB,,0.3049589008963218,0
F6P,439958,P08238,HSP90AB1,Heat shock protein HSP 90-beta OS=Homo sapiens OX=9606 GN=HSP90AB1 PE=1 SV=4,7ZR0,-6.4873000000000003,0.3049527957537734,0
G6P,69507,Q3B726,TWISTNB,DNA-directed RNA polymerase I subunit RPA43 OS=Homo sapiens OX=9606 GN=TWISTNB PE=1 SV=1,7OB9,-5.6414125000000004,0.30475474655149093,0
R5P,77982,P46940,IQGAP1,Ras GTPase-activating-like protein IQGAP1 OS=Homo sapiens OX=9606 GN=IQGAP1 PE=1 SV=1,3FAY,,0.304748743115449,0
LAC,91435,P38646,HSPA9,Stress-70 protein  mitochondrial OS=Homo sapiens OX=9606 GN=HSPA9 PE=1 SV=2,6P2U,-4.4698000000000002,0.30472948222162494,0
2PG,439278,P21333,FLNA,Filamin-A OS=Homo sapiens OX=9606 GN=FLNA PE=1 SV=4,2J3S,,0.30465048013019874,0
LAC,91435,P14927,UQCRB,Cytochrome b-c1 complex subunit 7 OS=Homo sapiens OX=9606 GN=UQCRB PE=1 SV=2,5XTE,-3.37561,0.3045402504693099,0
G6P,69507,O75533,SF3B1,Splicing factor 3B subunit 1 OS=Homo sapiens OX=9606 GN=SF3B1 PE=1 SV=3,7ABI,-5.7521000000000004,0.3040761124877253,0
FBP,3281376,P38646,HSPA9,Stress-70 protein  mitochondrial OS=Homo sapiens OX=9606 GN=HSPA9 PE=1 SV=2,6P2U,-8.4457000000000004,0.30392114044469115,0
G3P,729,Q9Y281,CFL2,Cofilin-2 OS=Homo sapiens OX=9606 GN=CFL2 PE=1 SV=1,7M0G,-5.6359000000000004,0.30372731213067306,0
FBP,3281376,P09211,GSTP1,Glutathione S-transferase P OS=Homo sapiens OX=9606 GN=GSTP1 PE=1 SV=2,7BIA,-5.641,0.3036805564530508,0
F6P,439958,P15104,GLUL,Glutamine synthetase OS=Homo sapiens OX=9606 GN=GLUL PE=1 SV=4,8DNU,-6.2617000000000003,0.30324404530361165,0
R5P,77982,P68104,EEF1A1,Elongation factor 1-alpha 1 OS=Homo sapiens OX=9606 GN=EEF1A1 PE=1 SV=1,3C5J,,0.30320346142176846,0
F6P,439958,Q9HCY8,S100A14,Protein S100-A14 OS=Homo sapiens OX=9606 GN=S100A14 PE=1 SV=1,2M0R,-4.2984,0.30296156584960826,0
2PG,439278,Q9Y6Y0,IVNS1ABP,Influenza virus NS1A-binding protein OS=Homo sapiens OX=9606 GN=IVNS1ABP PE=1 SV=3,6N3H,-6.0025000000000004,0.30291327763185877,0
LAC,91435,P30041,PRDX6,Peroxiredoxin-6 OS=Homo sapiens OX=9606 GN=PRDX6 PE=1 SV=3,5B6M,-3.8506,0.3027038186099441,0
G3P,729,O95602,POLR1A,DNA-directed RNA polymerase I subunit RPA1 OS=Homo sapiens OX=9606 GN=POLR1A PE=1 SV=2,7OB9,-4.4479625,0.30259042072346004,0
G6P,69507,Q9NY33,DPP3,Dipeptidyl peptidase 3 OS=Homo sapiens OX=9606 GN=DPP3 PE=1 SV=2,5E33,-5.2439499999999999,0.3025447294942594,0
G3P,729,P19338,NCL,Nucleolin OS=Homo sapiens OX=9606 GN=NCL PE=1 SV=3,2KRR,-4.8506,0.3024692649916737,0
2PG,439278,P12955,PEPD,Xaa-Pro dipeptidase OS=Homo sapiens OX=9606 GN=PEPD PE=1 SV=3,5MBY,-5.4119000000000002,0.3023811875121114,0
R5P,77982,Q9NY33,DPP3,Dipeptidyl peptidase 3 OS=Homo sapiens OX=9606 GN=DPP3 PE=1 SV=2,5E33,,0.30226277607798907,0
G6P,69507,Q9BY32,ITPA,Inosine triphosphate pyrophosphatase OS=Homo sapiens OX=9606 GN=ITPA PE=1 SV=2,2CAR,-5.2145000000000001,0.30224752717503134,0
PYR,107735,P62851,RPS25,40S ribosomal protein S25 OS=Homo sapiens OX=9606 GN=RPS25 PE=1 SV=1,6ZXG,-3.4302199999999998,0.30222967697770475,0
R5P,77982,Q14315,FLNC,Filamin-C OS=Homo sapiens OX=9606 GN=FLNC PE=1 SV=3,7OUV,,0.3017118869096011,0
LAC,91435,P78346,RPP30,Ribonuclease P protein subunit p30 OS=Homo sapiens OX=9606 GN=RPP30 PE=1 SV=1,6AHU,-3.64344,0.3015145668888944,0
G3P,729,Q15645,TRIP13,Pachytene checkpoint protein 2 homolog OS=Homo sapiens OX=9606 GN=TRIP13 PE=1 SV=2,5VQA,-5.4347000000000003,0.3010937588592103,0
2PG,439278,P35579,MYH9,Myosin-9 OS=Homo sapiens OX=9606 GN=MYH9 PE=1 SV=4,4CFR,,0.30103456261374945,0
R5P,77982,P12277,CKB,Creatine kinase B-type OS=Homo sapiens OX=9606 GN=CKB PE=1 SV=1,3DRE,,0.30092226525227,0
LAC,91435,P07108,DBI,Acyl-CoA-binding protein OS=Homo sapiens OX=9606 GN=DBI PE=1 SV=2,2CB8,-3.4952000000000001,0.3005609921057181,0
LAC,91435,P31153,MAT2A,S-adenosylmethionine synthase isoform type-2 OS=Homo sapiens OX=9606 GN=MAT2A PE=1 SV=1,7RWH,-4.1928999999999998,0.30035816219890626,0
F6P,439958,P11021,HSPA5,Endoplasmic reticulum chaperone BiP OS=Homo sapiens OX=9606 GN=HSPA5 PE=1 SV=2,6ASY,-7.3341000000000003,0.30025968182006996,0
FBP,3281376,P23381,WARS,Tryptophan--tRNA ligase  cytoplasmic OS=Homo sapiens OX=9606 GN=WARS PE=1 SV=2,5UJJ,-7.2858000000000001,0.2999776192542223,0
2PG,439278,P53999,SUB1,Activated RNA polymerase II transcriptional coactivator p15 OS=Homo sapiens OX=9606 GN=SUB1 PE=1 SV=3,1PCF,-4.6304999999999996,0.2995184227242802,0
LAC,91435,P61026,RAB10,Ras-related protein Rab-10 OS=Homo sapiens OX=9606 GN=RAB10 PE=1 SV=1,5SZJ,-4.1975499999999997,0.29946386961284543,0
2PG,439278,O60502,MGEA5,Protein O-GlcNAcase OS=Homo sapiens OX=9606 GN=MGEA5 PE=1 SV=2,5VVO,-5.3106,0.2994346770033591,0
LAC,91435,P67809,YBX1,Nuclease-sensitive element-binding protein 1 OS=Homo sapiens OX=9606 GN=YBX1 PE=1 SV=3,6A6L,-3.6105999999999998,0.2992669847950124,0
PEP,1005,P06748,NPM1,Nucleophosmin OS=Homo sapiens OX=9606 GN=NPM1 PE=1 SV=2,8AH2,-4.7167000000000003,0.2991086761596444,0
R5P,77982,P29373,CRABP2,Cellular retinoic acid-binding protein 2 OS=Homo sapiens OX=9606 GN=CRABP2 PE=1 SV=2,7OXW,,0.2990261760452073,0
G3P,729,P15311,EZR,Ezrin OS=Homo sapiens OX=9606 GN=EZR PE=1 SV=4,4RM8,-4.5479000000000003,0.29896776744944425,0
G6P,69507,P62847,RPS24,40S ribosomal protein S24 OS=Homo sapiens OX=9606 GN=RPS24 PE=1 SV=1,6ZVH,-5.3632375000000003,0.2983915053591185,0
2PG,439278,Q14974,KPNB1,Importin subunit beta-1 OS=Homo sapiens OX=9606 GN=KPNB1 PE=1 SV=2,1QGK,-5.3251999999999997,0.29829085603188277,0
F6P,439958,Q92499,DDX1,ATP-dependent RNA helicase DDX1 OS=Homo sapiens OX=9606 GN=DDX1 PE=1 SV=2,4XW3,-4.3452000000000002,0.2982155779262622,0
LAC,91435,Q9BUA3,C11orf84,SPIN1-docking protein OS=Homo sapiens OX=9606 GN=C11orf84 PE=1 SV=3,7CNA,-3.0737000000000001,0.29816063701808576,0
PYR,107735,P63104,YWHAZ,14-3-3 protein zeta/delta OS=Homo sapiens OX=9606 GN=YWHAZ PE=1 SV=1,4ZDR,-3.7088000000000001,0.29802702658267477,0
PYR,107735,P62266,RPS23,40S ribosomal protein S23 OS=Homo sapiens OX=9606 GN=RPS23 PE=1 SV=3,6ZLW,-3.6187999999999998,0.29789352683050735,0
F6P,439958,P51572,BCAP31,B-cell receptor-associated protein 31 OS=Homo sapiens OX=9606 GN=BCAP31 PE=1 SV=3,4JZL,-3.7054,0.2978711682231039,0
LAC,91435,P13667,PDIA4,Protein disulfide-isomerase A4 OS=Homo sapiens OX=9606 GN=PDIA4 PE=1 SV=2,3IDV,-3.8740000000000001,0.29785629489286386,0
R5P,77982,P53621,COPA,Coatomer subunit alpha OS=Homo sapiens OX=9606 GN=COPA PE=1 SV=2,6U3V,,0.2974196259193347,0
LAC,91435,P07741,APRT,Adenine phosphoribosyltransferase OS=Homo sapiens OX=9606 GN=APRT PE=1 SV=2,4X45,-4.1116999999999999,0.29722673420038986,0
2PG,439278,P04075,ALDOA,Fructose-bisphosphate aldolase A OS=Homo sapiens OX=9606 GN=ALDOA PE=1 SV=2,1ALD,-5.6338999999999997,0.2970283376466908,0
LAC,91435,Q15149,PLEC,Plectin OS=Homo sapiens OX=9606 GN=PLEC PE=1 SV=3,5J1F,-3.4851999999999999,0.2968905595833221,0
G3P,729,P62269,RPS18,40S ribosomal protein S18 OS=Homo sapiens OX=9606 GN=RPS18 PE=1 SV=3,6ZVH,-4.2567062499999997,0.29684623459652276,0
2PG,439278,P49588,AARS,Alanine--tRNA ligase  cytoplasmic OS=Homo sapiens OX=9606 GN=AARS PE=1 SV=2,5KNN,-5.3460999999999999,0.2963180796223354,0
LAC,91435,P14625,HSP90B1,Endoplasmin OS=Homo sapiens OX=9606 GN=HSP90B1 PE=1 SV=1,4NH9,-3.8563999999999998,0.29597531417945977,0
G3P,729,Q13144,EIF2B5,Translation initiation factor eIF-2B subunit epsilon OS=Homo sapiens OX=9606 GN=EIF2B5 PE=1 SV=3,7F67,-4.5324999999999998,0.2958454944931318,0
FBP,3281376,P27144,AK4,Adenylate kinase 4  mitochondrial OS=Homo sapiens OX=9606 GN=AK4 PE=1 SV=1,3NDP,-7.3057999999999996,0.2956824267391819,0
PYR,107735,P62826,RAN,GTP-binding nuclear protein Ran OS=Homo sapiens OX=9606 GN=RAN PE=1 SV=3,6A3A,-5.1952999999999996,0.2956646768787057,0
R5P,77982,P11021,HSPA5,Endoplasmic reticulum chaperone BiP OS=Homo sapiens OX=9606 GN=HSPA5 PE=1 SV=2,6ASY,,0.2953794333141318,0
PEP,1005,P30101,PDIA3,Protein disulfide-isomerase A3 OS=Homo sapiens OX=9606 GN=PDIA3 PE=1 SV=4,3F8U,-5.5945,0.29491224687556855,0
R5P,77982,O14974,PPP1R12A,Protein phosphatase 1 regulatory subunit 12A OS=Homo sapiens OX=9606 GN=PPP1R12A PE=1 SV=1,2KJY,,0.2948621513199505,0
PYR,107735,P60866,RPS20,40S ribosomal protein S20 OS=Homo sapiens OX=9606 GN=RPS20 PE=1 SV=1,7R4X,-3.42076,0.29472767727014304,0
R5P,77982,P08708,RPS17,40S ribosomal protein S17 OS=Homo sapiens OX=9606 GN=RPS17 PE=1 SV=2,6ZVH,,0.2944112108023055,0
LAC,91435,O00232,PSMD12,26S proteasome non-ATPase regulatory subunit 12 OS=Homo sapiens OX=9606 GN=PSMD12 PE=1 SV=3,5VGZ,-3.83996,0.29439300867947027,0
R5P,77982,Q00839,HNRNPU,Heterogeneous nuclear ribonucleoprotein U OS=Homo sapiens OX=9606 GN=HNRNPU PE=1 SV=6,1ZRJ,,0.2943290046299513,0
G6P,69507,Q9BZF1,OSBPL8,Oxysterol-binding protein-related protein 8 OS=Homo sapiens OX=9606 GN=OSBPL8 PE=1 SV=3,5U78,-6.1161000000000003,0.29421238230005214,0
LAC,91435,Q9UHD1,CHORDC1,Cysteine and histidine-rich domain-containing protein 1 OS=Homo sapiens OX=9606 GN=CHORDC1 PE=1 SV=2,2YRT,-3.2921999999999998,0.2940822678680849,0
PYR,107735,P31946,YWHAB,14-3-3 protein beta/alpha OS=Homo sapiens OX=9606 GN=YWHAB PE=1 SV=3,6GN0,-3.7542,0.2938885033519827,0
LAC,91435,P04083,ANXA1,Annexin A1 OS=Homo sapiens OX=9606 GN=ANXA1 PE=1 SV=2,1QLS,-2.1147,0.2936338418016508,0
LAC,91435,P62269,RPS18,40S ribosomal protein S18 OS=Homo sapiens OX=9606 GN=RPS18 PE=1 SV=3,6ZVH,-3.5267187500000001,0.293438037597213,0
F6P,439958,Q01469,FABP5,Fatty acid-binding protein  epidermal OS=Homo sapiens OX=9606 GN=FABP5 PE=1 SV=3,4LKT,-5.6807999999999996,0.29333491108423254,0
R5P,77982,Q14376,GALE,UDP-glucose 4-epimerase OS=Homo sapiens OX=9606 GN=GALE PE=1 SV=2,1I3K,,0.2930677343698735,0
G6P,69507,Q92598,HSPH1,Heat shock protein 105 kDa OS=Homo sapiens OX=9606 GN=HSPH1 PE=1 SV=1,6GFA,-7.4333,0.29275696691903397,0
G3P,729,P50991,CCT4,T-complex protein 1 subunit delta OS=Homo sapiens OX=9606 GN=CCT4 PE=1 SV=4,7TTT,-5.3875999999999999,0.29270213493333824,0
G3P,729,O75369,FLNB,Filamin-B OS=Homo sapiens OX=9606 GN=FLNB PE=1 SV=2,4B7L,-4.7530999999999999,0.29251693257363,0
G3P,729,P07814,EPRS,Bifunctional glutamate/proline--tRNA ligase OS=Homo sapiens OX=9606 GN=EPRS PE=1 SV=5,7F9A,,0.29172960143733334,0
G6P,69507,P15311,EZR,Ezrin OS=Homo sapiens OX=9606 GN=EZR PE=1 SV=4,4RM8,-6.2666000000000004,0.2914441008371569,0
G6P,69507,P14550,AKR1A1,Alcohol dehydrogenase [NADP(+)] OS=Homo sapiens OX=9606 GN=AKR1A1 PE=1 SV=3,2ALR,-5.9071999999999996,0.2913340948361004,0
LAC,91435,Q99623,PHB2,Prohibitin-2 OS=Homo sapiens OX=9606 GN=PHB2 PE=1 SV=2,6IQE,-2.516,0.2912555648684529,0
LAC,91435,P62820,RAB1A,Ras-related protein Rab-1A OS=Homo sapiens OX=9606 GN=RAB1A PE=1 SV=3,4FMD,-4.4109999999999996,0.29109191433602927,0
F6P,439958,P15153,RAC2,Ras-related C3 botulinum toxin substrate 2 OS=Homo sapiens OX=9606 GN=RAC2 PE=1 SV=1,1DS6,-5.2455499999999997,0.2905480327902849,0
PYR,107735,P31689,DNAJA1,DnaJ homolog subfamily A member 1 OS=Homo sapiens OX=9606 GN=DNAJA1 PE=1 SV=2,6E8M,,0.29032654046701883,0
PYR,107735,P62701,RPS4X,40S ribosomal protein S4  X isoform OS=Homo sapiens OX=9606 GN=RPS4X PE=1 SV=2,6ZLW,-3.6187999999999998,0.2896185497677514,0
LAC,91435,Q15185,PTGES3,Prostaglandin E synthase 3 OS=Homo sapiens OX=9606 GN=PTGES3 PE=1 SV=1,7KRJ,-4.2322500000000014,0.2890180420639613,0
G3P,729,P83731,RPL24,60S ribosomal protein L24 OS=Homo sapiens OX=9606 GN=RPL24 PE=1 SV=1,5A2Q,-3.5135999999999998,0.28891495235467807,0
G3P,729,P51858,HDGF,Hepatoma-derived growth factor OS=Homo sapiens OX=9606 GN=HDGF PE=1 SV=1,1RI0,,0.2889010201386329,0
LAC,91435,Q9NTK5,OLA1,Obg-like ATPase 1 OS=Homo sapiens OX=9606 GN=OLA1 PE=1 SV=2,2OHF,-3.8866000000000001,0.2888789475316952,0
LAC,91435,P61923,COPZ1,Coatomer subunit zeta-1 OS=Homo sapiens OX=9606 GN=COPZ1 PE=1 SV=1,5MC7,-3.3910999999999998,0.2885691795686823,0
LAC,91435,P62241,RPS8,40S ribosomal protein S8 OS=Homo sapiens OX=9606 GN=RPS8 PE=1 SV=2,5FLX,-3.8760500000000002,0.28855984801975426,0
LAC,91435,P08758,ANXA5,Annexin A5 OS=Homo sapiens OX=9606 GN=ANXA5 PE=1 SV=2,1ANW,-3.8067000000000002,0.2880222244656419,0
PYR,107735,P31151,S100A7,Protein S100-A7 OS=Homo sapiens OX=9606 GN=S100A7 PE=1 SV=4,1PSR,-3.3855,0.2878952130296491,0
R5P,77982,P13804,ETFA,Electron transfer flavoprotein subunit alpha  mitochondrial OS=Homo sapiens OX=9606 GN=ETFA PE=1 SV=1,2A1T,,0.28770469564352363,0
G3P,729,P25787,PSMA2,Proteasome subunit alpha type-2 OS=Homo sapiens OX=9606 GN=PSMA2 PE=1 SV=2,4R3O,-4.4462799999999998,0.28738896748621745,0
F6P,439958,Q14019,COTL1,Coactosin-like protein OS=Homo sapiens OX=9606 GN=COTL1 PE=1 SV=3,1T2L,-5.1382000000000003,0.28725277985213343,0
R5P,77982,P62987,UBA52,Ubiquitin-60S ribosomal protein L40 OS=Homo sapiens OX=9606 GN=UBA52 PE=1 SV=2,7UN3,,0.2871540018157463,0
PYR,107735,P61247,RPS3A,40S ribosomal protein S3a OS=Homo sapiens OX=9606 GN=RPS3A PE=1 SV=2,6ZVH,-3.4370500000000002,0.287144813614779,0
G6P,69507,P06748,NPM1,Nucleophosmin OS=Homo sapiens OX=9606 GN=NPM1 PE=1 SV=2,8AH2,-5.2107000000000001,0.2869037658398216,0
2PG,439278,P14314,PRKCSH,Glucosidase 2 subunit beta OS=Homo sapiens OX=9606 GN=PRKCSH PE=1 SV=2,8D43,-4.89595,0.28627222482797077,0
PYR,107735,Q99497,PARK7,Protein/nucleic acid deglycase DJ-1 OS=Homo sapiens OX=9606 GN=PARK7 PE=1 SV=2,3B38,-3.6640999999999999,0.2859247280291242,0
2PG,439278,P46940,IQGAP1,Ras GTPase-activating-like protein IQGAP1 OS=Homo sapiens OX=9606 GN=IQGAP1 PE=1 SV=1,3FAY,-3.5951,0.2858281763744518,0
LAC,91435,P31689,DNAJA1,DnaJ homolog subfamily A member 1 OS=Homo sapiens OX=9606 GN=DNAJA1 PE=1 SV=2,6E8M,,0.2855103466649806,0
LAC,91435,P84103,SRSF3,Serine/arginine-rich splicing factor 3 OS=Homo sapiens OX=9606 GN=SRSF3 PE=1 SV=1,2I2Y,-3.8302999999999998,0.2854154826448942,0
G3P,729,P11142,HSPA8,Heat shock cognate 71 kDa protein OS=Homo sapiens OX=9606 GN=HSPA8 PE=1 SV=1,4H5R,-5.9146000000000001,0.28512554061511536,0
LAC,91435,P31948,STIP1,Stress-induced-phosphoprotein 1 OS=Homo sapiens OX=9606 GN=STIP1 PE=1 SV=1,7KW7,-4.3890000000000002,0.2850934122265535,0
G6P,69507,O75489,NDUFS3,NADH dehydrogenase [ubiquinone] iron-sulfur protein 3  mitochondrial OS=Homo sapiens OX=9606 GN=NDUFS3 PE=1 SV=1,5XTB,-5.5245533333333334,0.2849852281274417,0
R5P,77982,P51572,BCAP31,B-cell receptor-associated protein 31 OS=Homo sapiens OX=9606 GN=BCAP31 PE=1 SV=3,4JZL,,0.2838216073531008,0
LAC,91435,Q9UQ80,PA2G4,Proliferation-associated protein 2G4 OS=Homo sapiens OX=9606 GN=PA2G4 PE=1 SV=3,2Q8K,-4.1094999999999997,0.28375776691264754,0
G6P,69507,P23528,CFL1,Cofilin-1 OS=Homo sapiens OX=9606 GN=CFL1 PE=1 SV=3,5L6W,-5.3017000000000003,0.2834613327130155,0
R5P,77982,P51858,HDGF,Hepatoma-derived growth factor OS=Homo sapiens OX=9606 GN=HDGF PE=1 SV=1,1RI0,,0.28337290745180554,0
R5P,77982,P10809,HSPD1,60 kDa heat shock protein  mitochondrial OS=Homo sapiens OX=9606 GN=HSPD1 PE=1 SV=2,6MRC,,0.28309955437975964,0
LAC,91435,Q9UBQ7,GRHPR,Glyoxylate reductase/hydroxypyruvate reductase OS=Homo sapiens OX=9606 GN=GRHPR PE=1 SV=1,2Q50,,0.28211357705149537,0
LAC,91435,O43776,NARS,Asparagine--tRNA ligase  cytoplasmic OS=Homo sapiens OX=9606 GN=NARS PE=1 SV=1,5XIX,-3.8258999999999999,0.28201588735398064,0
LAC,91435,P10809,HSPD1,60 kDa heat shock protein  mitochondrial OS=Homo sapiens OX=9606 GN=HSPD1 PE=1 SV=2,6MRC,-4.1041999999999996,0.28173664135707527,0
G6P,69507,P08174,CD55,Complement decay-accelerating factor OS=Homo sapiens OX=9606 GN=CD55 PE=1 SV=4,1OJV,-5.6976000000000004,0.2815978484531975,0
PYR,107735,P04792,HSPB1,Heat shock protein beta-1 OS=Homo sapiens OX=9606 GN=HSPB1 PE=1 SV=2,6DV5,0,0.28135642149389867,0
R5P,77982,Q13617,CUL2,Cullin-2 OS=Homo sapiens OX=9606 GN=CUL2 PE=1 SV=2,5N4W,,0.2813258964748721,0
LAC,91435,P12004,PCNA,Proliferating cell nuclear antigen OS=Homo sapiens OX=9606 GN=PCNA PE=1 SV=1,6EHT,-3.4643000000000002,0.2812719458832565,0
G3P,729,P21127,CDK11B,Cyclin-dependent kinase 11B OS=Homo sapiens OX=9606 GN=CDK11B PE=1 SV=4,7UKZ,-4.3949999999999996,0.2811520592615288,0
R5P,77982,Q9NWU2,GID8,Glucose-induced degradation protein 8 homolog OS=Homo sapiens OX=9606 GN=GID8 PE=1 SV=1,7NSC,,0.2811133227558517,0
G3P,729,Q13177,PAK2,Serine/threonine-protein kinase PAK 2 OS=Homo sapiens OX=9606 GN=PAK2 PE=1 SV=3,3PCS,-2.7660999999999998,0.28068299485022635,0
F6P,439958,P08708,RPS17,40S ribosomal protein S17 OS=Homo sapiens OX=9606 GN=RPS17 PE=1 SV=2,6ZVH,-4.7758250000000002,0.2801000176404056,0
F6P,439958,Q99613,EIF3C,Eukaryotic translation initiation factor 3 subunit C OS=Homo sapiens OX=9606 GN=EIF3C PE=1 SV=1,3J8B,-4.9307999999999996,0.279950508680407,0
LAC,91435,P07910,HNRNPC,Heterogeneous nuclear ribonucleoproteins C1/C2 OS=Homo sapiens OX=9606 GN=HNRNPC PE=1 SV=4,3LN4,-1.8842000000000001,0.27990347965344203,0
PEP,1005,P07108,DBI,Acyl-CoA-binding protein OS=Homo sapiens OX=9606 GN=DBI PE=1 SV=2,2CB8,-4.5570000000000004,0.2796582052183241,0
PYR,107735,P60174,TPI1,Triosephosphate isomerase OS=Homo sapiens OX=9606 GN=TPI1 PE=1 SV=3,1WYI,-3.4542000000000002,0.27961836317095395,0
R5P,77982,P11310,ACADM,Medium-chain specific acyl-CoA dehydrogenase  mitochondrial OS=Homo sapiens OX=9606 GN=ACADM PE=1 SV=1,4P13,,0.27961680806943867,0
LAC,91435,P15880,RPS2,40S ribosomal protein S2 OS=Homo sapiens OX=9606 GN=RPS2 PE=1 SV=2,6ZVH,-3.5267187500000001,0.2791055777532817,0
G3P,729,P31947,SFN,14-3-3 protein sigma OS=Homo sapiens OX=9606 GN=SFN PE=1 SV=1,5OK9,-5.1981999999999999,0.27891150952133226,0
R5P,77982,Q15645,TRIP13,Pachytene checkpoint protein 2 homolog OS=Homo sapiens OX=9606 GN=TRIP13 PE=1 SV=2,5VQA,,0.2787704607688346,0
G6P,69507,Q02218,OGDH,2-oxoglutarate dehydrogenase  mitochondrial OS=Homo sapiens OX=9606 GN=OGDH PE=1 SV=3,7WGR,-6.3316999999999997,0.2787481846390965,0
G3P,729,P10809,HSPD1,60 kDa heat shock protein  mitochondrial OS=Homo sapiens OX=9606 GN=HSPD1 PE=1 SV=2,6MRC,-5.2039999999999997,0.27868355169005726,0
2PG,439278,P19338,NCL,Nucleolin OS=Homo sapiens OX=9606 GN=NCL PE=1 SV=3,2KRR,-5.3284000000000002,0.2785298355193766,0
G3P,729,P51572,BCAP31,B-cell receptor-associated protein 31 OS=Homo sapiens OX=9606 GN=BCAP31 PE=1 SV=3,4JZL,-3.1177000000000001,0.2784990339712426,0
G3P,729,P62273,RPS29,40S ribosomal protein S29 OS=Homo sapiens OX=9606 GN=RPS29 PE=1 SV=2,7R4X,-4.0478199999999998,0.27837395948044263,0
LAC,91435,Q99598,TSNAX,Translin-associated protein X OS=Homo sapiens OX=9606 GN=TSNAX PE=1 SV=1,3PJA,-3.7806999999999999,0.277813996232021,0
PEP,1005,P07237,P4HB,Protein disulfide-isomerase OS=Homo sapiens OX=9606 GN=P4HB PE=1 SV=3,4EKZ,-4.8246000000000002,0.27778856662392176,0
G6P,69507,P78536,ADAM17,Disintegrin and metalloproteinase domain-containing protein 17 OS=Homo sapiens OX=9606 GN=ADAM17 PE=1 SV=1,2OI0,-7.1722000000000001,0.2776642941102938,0
LAC,91435,Q01518,CAP1,Adenylyl cyclase-associated protein 1 OS=Homo sapiens OX=9606 GN=CAP1 PE=1 SV=5,1K8F,-3.4803000000000002,0.2766969314717616,0
G3P,729,P12081,HARS,Histidine--tRNA ligase  cytoplasmic OS=Homo sapiens OX=9606 GN=HARS PE=1 SV=2,4PHC,-5.9119000000000002,0.27638250441802154,0
LAC,91435,P48643,CCT5,T-complex protein 1 subunit epsilon OS=Homo sapiens OX=9606 GN=CCT5 PE=1 SV=1,7NVN,-4.2503666666666673,0.2760509880273159,0
LAC,91435,P23528,CFL1,Cofilin-1 OS=Homo sapiens OX=9606 GN=CFL1 PE=1 SV=3,5L6W,-3.9517000000000002,0.27570417587944274,0
F6P,439958,P06748,NPM1,Nucleophosmin OS=Homo sapiens OX=9606 GN=NPM1 PE=1 SV=2,8AH2,-5.2236000000000002,0.2757026911434045,0
G3P,729,P78371,CCT2,T-complex protein 1 subunit beta OS=Homo sapiens OX=9606 GN=CCT2 PE=1 SV=4,7TTN,-5.3917000000000002,0.27560847935578325,0
F6P,439958,Q9NWU2,GID8,Glucose-induced degradation protein 8 homolog OS=Homo sapiens OX=9606 GN=GID8 PE=1 SV=1,7NSC,-5.07775,0.2754179332866287,0
R5P,77982,P26599,PTBP1,Polypyrimidine tract-binding protein 1 OS=Homo sapiens OX=9606 GN=PTBP1 PE=1 SV=1,3ZZY,,0.27460755881091264,0
G6P,69507,P15374,UCHL3,Ubiquitin carboxyl-terminal hydrolase isozyme L3 OS=Homo sapiens OX=9606 GN=UCHL3 PE=1 SV=1,1XD3,-5.6635999999999997,0.2739077629156545,0
LAC,91435,P62888,RPL30,60S ribosomal protein L30 OS=Homo sapiens OX=9606 GN=RPL30 PE=1 SV=2,3VI6,-3.3462000000000001,0.27377312505110096,0
G3P,729,P99999,CYCS,Cytochrome c OS=Homo sapiens OX=9606 GN=CYCS PE=1 SV=2,5TY3,-4.9180000000000001,0.273601331136164,0
LAC,91435,P40925,MDH1,Malate dehydrogenase  cytoplasmic OS=Homo sapiens OX=9606 GN=MDH1 PE=1 SV=4,7RM9,-4.2554999999999996,0.27334616209136925,0
R5P,77982,Q15428,SF3A2,Splicing factor 3A subunit 2 OS=Homo sapiens OX=9606 GN=SF3A2 PE=1 SV=2,7EVO,,0.27330265547755267,0
LAC,91435,Q00796,SORD,Sorbitol dehydrogenase OS=Homo sapiens OX=9606 GN=SORD PE=1 SV=4,1PL8,-3.9163000000000001,0.27324393287217996,0
G6P,69507,Q9NWU2,GID8,Glucose-induced degradation protein 8 homolog OS=Homo sapiens OX=9606 GN=GID8 PE=1 SV=1,7NSC,-5.6923750000000002,0.2732121895297045,0
LAC,91435,P18621,RPL17,60S ribosomal protein L17 OS=Homo sapiens OX=9606 GN=RPL17 PE=1 SV=3,5A8L,-3.3554249999999999,0.27318632654356473,0
R5P,77982,P32320,CDA,Cytidine deaminase OS=Homo sapiens OX=9606 GN=CDA PE=1 SV=2,1MQ0,,0.2730216130894983,0
F6P,439958,P51858,HDGF,Hepatoma-derived growth factor OS=Homo sapiens OX=9606 GN=HDGF PE=1 SV=1,1RI0,,0.27295266811697455,0
LAC,91435,P37802,TAGLN2,Transgelin-2 OS=Homo sapiens OX=9606 GN=TAGLN2 PE=1 SV=3,1WYM,-3.8294000000000001,0.2728111562400905,0
LAC,91435,P12532,CKMT1A,Creatine kinase U-type  mitochondrial OS=Homo sapiens OX=9606 GN=CKMT1A PE=1 SV=1,1QK1,-3.9016000000000002,0.2728014124211325,0
G3P,729,Q9ULT8,HECTD1,E3 ubiquitin-protein ligase HECTD1 OS=Homo sapiens OX=9606 GN=HECTD1 PE=1 SV=3,3DKM,,0.272742097109859,0
G6P,69507,Q13617,CUL2,Cullin-2 OS=Homo sapiens OX=9606 GN=CUL2 PE=1 SV=2,5N4W,-5.6840000000000002,0.2726781868231105,0
LAC,91435,Q92747,ARPC1A,Actin-related protein 2/3 complex subunit 1A OS=Homo sapiens OX=9606 GN=ARPC1A PE=2 SV=2,6YW7,-2.8978999999999999,0.2725949814220171,0
G3P,729,P49591,SARS,Serine--tRNA ligase  cytoplasmic OS=Homo sapiens OX=9606 GN=SARS PE=1 SV=3,4RQE,-5.9016000000000002,0.27241832503179386,0
G3P,729,P29401,TKT,Transketolase OS=Homo sapiens OX=9606 GN=TKT PE=1 SV=3,4KXW,-5.3060999999999998,0.2722303814566068,0
G3P,729,P62987,UBA52,Ubiquitin-60S ribosomal protein L40 OS=Homo sapiens OX=9606 GN=UBA52 PE=1 SV=2,7UN3,-5.0655999999999999,0.2721295589123007,0
G3P,729,P15104,GLUL,Glutamine synthetase OS=Homo sapiens OX=9606 GN=GLUL PE=1 SV=4,8DNU,-4.9966999999999997,0.2719329703534729,0
R5P,77982,Q00341,HDLBP,Vigilin OS=Homo sapiens OX=9606 GN=HDLBP PE=1 SV=2,1VIG,,0.2717261878549549,0
G6P,69507,Q16181,SEPT7,Septin-7 OS=Homo sapiens OX=9606 GN=SEPT7 PE=1 SV=2,7M6J,-5.9273999999999996,0.2717225141459001,0
R5P,77982,P05455,SSB,Lupus La protein OS=Homo sapiens OX=9606 GN=SSB PE=1 SV=2,2VOD,,0.27159943326242186,0
F6P,439958,Q9NY33,DPP3,Dipeptidyl peptidase 3 OS=Homo sapiens OX=9606 GN=DPP3 PE=1 SV=2,5E33,-4.8006000000000002,0.2715838302047013,0
LAC,91435,P05455,SSB,Lupus La protein OS=Homo sapiens OX=9606 GN=SSB PE=1 SV=2,2VOD,-3.6379999999999999,0.27117467893408753,0
R5P,77982,Q01844,EWSR1,RNA-binding protein EWS OS=Homo sapiens OX=9606 GN=EWSR1 PE=1 SV=1,2CPE,,0.2703489329003727,0
2PG,439278,P15311,EZR,Ezrin OS=Homo sapiens OX=9606 GN=EZR PE=1 SV=4,4RM8,-4.9980000000000002,0.2703316585270728,0
F6P,439958,P38646,HSPA9,Stress-70 protein  mitochondrial OS=Homo sapiens OX=9606 GN=HSPA9 PE=1 SV=2,6P2U,-7.2553999999999998,0.2698314262834724,0
F6P,439958,P15374,UCHL3,Ubiquitin carboxyl-terminal hydrolase isozyme L3 OS=Homo sapiens OX=9606 GN=UCHL3 PE=1 SV=1,1XD3,-5.2968999999999999,0.2697851461776513,0
R5P,77982,Q92499,DDX1,ATP-dependent RNA helicase DDX1 OS=Homo sapiens OX=9606 GN=DDX1 PE=1 SV=2,4XW3,,0.26965496542673006,0
G3P,729,P46940,IQGAP1,Ras GTPase-activating-like protein IQGAP1 OS=Homo sapiens OX=9606 GN=IQGAP1 PE=1 SV=1,3FAY,-3.2545999999999999,0.2696490115056639,0
G6P,69507,Q9Y266,NUDC,Nuclear migration protein nudC OS=Homo sapiens OX=9606 GN=NUDC PE=1 SV=1,3QOR,-5.5076000000000001,0.26930747928044113,0
G3P,729,Q02218,OGDH,2-oxoglutarate dehydrogenase  mitochondrial OS=Homo sapiens OX=9606 GN=OGDH PE=1 SV=3,7WGR,-5.2584,0.2690771958995705,0
FBP,3281376,P62191,PSMC1,26S proteasome regulatory subunit 4 OS=Homo sapiens OX=9606 GN=PSMC1 PE=1 SV=1,5GJQ,-6.3367500000000003,0.26893004638084717,0
R5P,77982,Q9Y6G9,DYNC1LI1,Cytoplasmic dynein 1 light intermediate chain 1 OS=Homo sapiens OX=9606 GN=DYNC1LI1 PE=1 SV=3,6B9H,,0.2687245399494963,0
F6P,439958,P11142,HSPA8,Heat shock cognate 71 kDa protein OS=Homo sapiens OX=9606 GN=HSPA8 PE=1 SV=1,4H5R,-7.0430999999999999,0.2684974032575433,0
G3P,729,P11413,G6PD,Glucose-6-phosphate 1-dehydrogenase OS=Homo sapiens OX=9606 GN=G6PD PE=1 SV=4,1QKI,-4.8414000000000001,0.2684037679896428,0
G3P,729,Q86VP6,CAND1,Cullin-associated NEDD8-dissociated protein 1 OS=Homo sapiens OX=9606 GN=CAND1 PE=1 SV=2,4A0C,-4.5351499999999998,0.2683590711834834,0
F6P,439958,P52888,THOP1,Thimet oligopeptidase OS=Homo sapiens OX=9606 GN=THOP1 PE=1 SV=2,2O36,-5.5065,0.268240022721333,0
LAC,91435,P27635,RPL10,60S ribosomal protein L10 OS=Homo sapiens OX=9606 GN=RPL10 PE=1 SV=4,2PA2,-3.4094000000000002,0.2680892178572434,0
G6P,69507,P06733,ENO1,Alpha-enolase OS=Homo sapiens OX=9606 GN=ENO1 PE=1 SV=2,2PSN,-5.6332000000000004,0.2676826888462452,0
FBP,3281376,P14618,PKM,Pyruvate kinase PKM OS=Homo sapiens OX=9606 GN=PKM PE=1 SV=4,6B6U,-6.9335000000000004,0.26767319872849504,0
G3P,729,P17987,TCP1,T-complex protein 1 subunit alpha OS=Homo sapiens OX=9606 GN=TCP1 PE=1 SV=1,7NVM,-5.0963750000000001,0.2670330711450659,0
G6P,69507,O75369,FLNB,Filamin-B OS=Homo sapiens OX=9606 GN=FLNB PE=1 SV=2,4B7L,-5.8560999999999996,0.2669841648325746,0
G6P,69507,P25398,RPS12,40S ribosomal protein S12 OS=Homo sapiens OX=9606 GN=RPS12 PE=1 SV=3,6ZLW,-5.6955749999999998,0.26692181075908894,0
R5P,77982,Q99613,EIF3C,Eukaryotic translation initiation factor 3 subunit C OS=Homo sapiens OX=9606 GN=EIF3C PE=1 SV=1,3J8B,,0.26688864951054303,0
LAC,91435,Q06323,PSME1,Proteasome activator complex subunit 1 OS=Homo sapiens OX=9606 GN=PSME1 PE=1 SV=1,7NAO,-3.4954999999999998,0.26674938700617445,0
G6P,69507,P49354,FNTA,Protein farnesyltransferase/geranylgeranyltransferase type-1 subunit alpha OS=Homo sapiens OX=9606 GN=FNTA PE=1 SV=1,2H6F,-6.1675500000000003,0.2666616901166656,0
PYR,107735,P04406,GAPDH,Glyceraldehyde-3-phosphate dehydrogenase OS=Homo sapiens OX=9606 GN=GAPDH PE=1 SV=3,6M61,-3.6118000000000001,0.2666097295041762,0
2PG,439278,Q86UE4,MTDH,Protein LYRIC OS=Homo sapiens OX=9606 GN=MTDH PE=1 SV=2,4QMG,-3.2991000000000001,0.2664064923196054,0
LAC,91435,P19338,NCL,Nucleolin OS=Homo sapiens OX=9606 GN=NCL PE=1 SV=3,2KRR,-4.0568,0.2663757928769748,0
LAC,91435,P49720,PSMB3,Proteasome subunit beta type-3 OS=Homo sapiens OX=9606 GN=PSMB3 PE=1 SV=2,5LE5,-3.7955000000000001,0.26619507368662104,0
LAC,91435,P21926,CD9,CD9 antigen OS=Homo sapiens OX=9606 GN=CD9 PE=1 SV=4,6K4J,-3.6433,0.26577088689255973,0
2PG,439278,P10809,HSPD1,60 kDa heat shock protein  mitochondrial OS=Homo sapiens OX=9606 GN=HSPD1 PE=1 SV=2,6MRC,-5.6856,0.2654666917132006,0
R5P,77982,P07814,EPRS,Bifunctional glutamate/proline--tRNA ligase OS=Homo sapiens OX=9606 GN=EPRS PE=1 SV=5,7F9A,,0.2654279906908415,0
2PG,439278,P38646,HSPA9,Stress-70 protein  mitochondrial OS=Homo sapiens OX=9606 GN=HSPA9 PE=1 SV=2,6P2U,-6.5496999999999996,0.2651848666743362,0
3PG,439183,P38646,HSPA9,Stress-70 protein  mitochondrial OS=Homo sapiens OX=9606 GN=HSPA9 PE=1 SV=2,6P2U,-6.2413999999999996,0.2651848666743362,0
G3P,729,P22314,UBA1,Ubiquitin-like modifier-activating enzyme 1 OS=Homo sapiens OX=9606 GN=UBA1 PE=1 SV=3,6DC6,-5.0007999999999999,0.2646233484366138,0
G6P,69507,Q9H2W6,MRPL46,39S ribosomal protein L46  mitochondrial OS=Homo sapiens OX=9606 GN=MRPL46 PE=1 SV=1,5OOM,-5.2148833333333329,0.26433106442610055,0
R5P,77982,P37837,TALDO1,Transaldolase OS=Homo sapiens OX=9606 GN=TALDO1 PE=1 SV=2,1F05,,0.26424108190602613,0
LAC,91435,Q86SE9,PCGF5,Polycomb group RING finger protein 5 OS=Homo sapiens OX=9606 GN=PCGF5 PE=1 SV=1,4S3O,-3.7401,0.2639752701578317,0
2PG,439278,P18206,VCL,Vinculin OS=Homo sapiens OX=9606 GN=VCL PE=1 SV=4,1TR2,-5.5670999999999999,0.2638435372766772,0
2PG,439278,P41250,GARS,Glycine--tRNA ligase OS=Homo sapiens OX=9606 GN=GARS PE=1 SV=3,4KQE,-5.1794000000000002,0.2634071763117405,0
2PG,439278,P12956,XRCC6,X-ray repair cross-complementing protein 6 OS=Homo sapiens OX=9606 GN=XRCC6 PE=1 SV=2,1JEQ,-4.7816999999999998,0.26332798233600047,0
R5P,77982,P50991,CCT4,T-complex protein 1 subunit delta OS=Homo sapiens OX=9606 GN=CCT4 PE=1 SV=4,7TTT,,0.26325160153631416,0
LAC,91435,P84243,H3F3A,Histone H3.3 OS=Homo sapiens OX=9606 GN=H3F3A PE=1 SV=2,6U04,-3.7530999999999999,0.26320113356405994,0
PEP,1005,Q02218,OGDH,2-oxoglutarate dehydrogenase  mitochondrial OS=Homo sapiens OX=9606 GN=OGDH PE=1 SV=3,7WGR,-5.7374000000000001,0.2628064181871396,0
R5P,77982,P35579,MYH9,Myosin-9 OS=Homo sapiens OX=9606 GN=MYH9 PE=1 SV=4,4CFR,,0.26248089830672544,0
2PG,439278,P49368,CCT3,T-complex protein 1 subunit gamma OS=Homo sapiens OX=9606 GN=CCT3 PE=1 SV=4,7NVM,-5.5198,0.2623850144857112,0
3PG,439183,P49368,CCT3,T-complex protein 1 subunit gamma OS=Homo sapiens OX=9606 GN=CCT3 PE=1 SV=4,7NVM,-5.3807499999999999,0.2623850144857112,0
FBP,3281376,P51572,BCAP31,B-cell receptor-associated protein 31 OS=Homo sapiens OX=9606 GN=BCAP31 PE=1 SV=3,4JZL,-3.8115999999999999,0.2621606517428485,0
F6P,439958,P23381,WARS,Tryptophan--tRNA ligase  cytoplasmic OS=Homo sapiens OX=9606 GN=WARS PE=1 SV=2,5UJJ,-6.2945000000000002,0.26209793703516876,0
G3P,729,P35579,MYH9,Myosin-9 OS=Homo sapiens OX=9606 GN=MYH9 PE=1 SV=4,4CFR,,0.2619552846907,0
F6P,439958,P23528,CFL1,Cofilin-1 OS=Homo sapiens OX=9606 GN=CFL1 PE=1 SV=3,5L6W,-4.9035000000000002,0.2618052246128562,0
R5P,77982,Q15149,PLEC,Plectin OS=Homo sapiens OX=9606 GN=PLEC PE=1 SV=3,5J1F,,0.2617296690518308,0
G3P,729,Q92499,DDX1,ATP-dependent RNA helicase DDX1 OS=Homo sapiens OX=9606 GN=DDX1 PE=1 SV=2,4XW3,-3.9464000000000001,0.26171397572882393,0
G3P,729,P35813,PPM1A,Protein phosphatase 1A OS=Homo sapiens OX=9606 GN=PPM1A PE=1 SV=1,4RA2,-4.7145999999999999,0.26147068440293797,0
G3P,729,Q15149,PLEC,Plectin OS=Homo sapiens OX=9606 GN=PLEC PE=1 SV=3,5J1F,-4.1768000000000001,0.2610822782905707,0
G6P,69507,P09012,SNRPA,U1 small nuclear ribonucleoprotein A OS=Homo sapiens OX=9606 GN=SNRPA PE=1 SV=3,7B0Y,-5.0762,0.26057039230501045,0
LAC,91435,P06733,ENO1,Alpha-enolase OS=Homo sapiens OX=9606 GN=ENO1 PE=1 SV=2,2PSN,-4.718,0.26032208835688003,0
F6P,439958,Q9Y266,NUDC,Nuclear migration protein nudC OS=Homo sapiens OX=9606 GN=NUDC PE=1 SV=1,3QOR,-4.8539000000000003,0.26007976584554043,0
F6P,439958,P62987,UBA52,Ubiquitin-60S ribosomal protein L40 OS=Homo sapiens OX=9606 GN=UBA52 PE=1 SV=2,7UN3,-4.9649999999999999,0.2600667445996523,0
F6P,439958,Q99623,PHB2,Prohibitin-2 OS=Homo sapiens OX=9606 GN=PHB2 PE=1 SV=2,6IQE,-3.0381,0.26000900391549675,0
F6P,439958,P07741,APRT,Adenine phosphoribosyltransferase OS=Homo sapiens OX=9606 GN=APRT PE=1 SV=2,4X45,-6.6916000000000002,0.2599480478621964,0
PYR,107735,P11766,ADH5,Alcohol dehydrogenase class-3 OS=Homo sapiens OX=9606 GN=ADH5 PE=1 SV=4,2FZW,-3.8052000000000001,0.2595495348029355,0
PYR,107735,Q9Y248,GINS2,DNA replication complex GINS protein PSF2 OS=Homo sapiens OX=9606 GN=GINS2 PE=1 SV=1,6XTX,-3.8757000000000001,0.25953470525288497,0
G6P,69507,P11142,HSPA8,Heat shock cognate 71 kDa protein OS=Homo sapiens OX=9606 GN=HSPA8 PE=1 SV=1,4H5R,-7.7051999999999996,0.2593249987701383,0
G3P,729,P00505,GOT2,Aspartate aminotransferase  mitochondrial OS=Homo sapiens OX=9606 GN=GOT2 PE=1 SV=3,5AX8,-4.8331,0.25883241923910816,0
G3P,729,P07237,P4HB,Protein disulfide-isomerase OS=Homo sapiens OX=9606 GN=P4HB PE=1 SV=3,4EKZ,-4.8590999999999998,0.2584968216015036,0
G6P,69507,P07237,P4HB,Protein disulfide-isomerase OS=Homo sapiens OX=9606 GN=P4HB PE=1 SV=3,4EKZ,-6.9695,0.25849604461094056,0
LAC,91435,P62277,RPS13,40S ribosomal protein S13 OS=Homo sapiens OX=9606 GN=RPS13 PE=1 SV=2,7R4X,-3.40496,0.25816350659551845,0
G3P,729,Q8N1F7,NUP93,Nuclear pore complex protein Nup93 OS=Homo sapiens OX=9606 GN=NUP93 PE=1 SV=2,7MW0,-5.0212000000000003,0.2581293123449809,0
G3P,729,P49773,HINT1,Histidine triad nucleotide-binding protein 1 OS=Homo sapiens OX=9606 GN=HINT1 PE=1 SV=2,6G9Z,-4.5331000000000001,0.25792630052536614,0
R5P,77982,Q86VP6,CAND1,Cullin-associated NEDD8-dissociated protein 1 OS=Homo sapiens OX=9606 GN=CAND1 PE=1 SV=2,4A0C,,0.25777542567020756,0
R5P,77982,P62258,YWHAE,14-3-3 protein epsilon OS=Homo sapiens OX=9606 GN=YWHAE PE=1 SV=1,2BR9,,0.2576556226328426,0
G6P,69507,Q9UM54,MYO6,Unconventional myosin-VI OS=Homo sapiens OX=9606 GN=MYO6 PE=1 SV=4,6J56,,0.257601166727373,0
2PG,439278,P63010,AP2B1,AP-2 complex subunit beta OS=Homo sapiens OX=9606 GN=AP2B1 PE=1 SV=1,4UQI,-5.5537999999999998,0.25745591441544463,0
G3P,729,O95831,AIFM1,Apoptosis-inducing factor 1  mitochondrial OS=Homo sapiens OX=9606 GN=AIFM1 PE=1 SV=1,5KVI,-5.0354999999999999,0.25742879221113013,0
G3P,729,P36578,RPL4,60S ribosomal protein L4 OS=Homo sapiens OX=9606 GN=RPL4 PE=1 SV=5,5A8L,-4.1018500000000007,0.25731546642112335,0
G3P,729,P04179,SOD2,Superoxide dismutase [Mn]  mitochondrial OS=Homo sapiens OX=9606 GN=SOD2 PE=1 SV=3,5T30,-4.4987000000000004,0.25697980389913355,0
F6P,439958,P06733,ENO1,Alpha-enolase OS=Homo sapiens OX=9606 GN=ENO1 PE=1 SV=2,2PSN,-4.9897999999999998,0.2569437559971492,0
R5P,77982,P13984,GTF2F2,General transcription factor IIF subunit 2 OS=Homo sapiens OX=9606 GN=GTF2F2 PE=1 SV=2,7NVU,,0.2566169574172126,0
F6P,439958,P78536,ADAM17,Disintegrin and metalloproteinase domain-containing protein 17 OS=Homo sapiens OX=9606 GN=ADAM17 PE=1 SV=1,2OI0,-6.5324,0.25629266040085474,0
G6P,69507,P52888,THOP1,Thimet oligopeptidase OS=Homo sapiens OX=9606 GN=THOP1 PE=1 SV=2,2O36,-6.8501000000000003,0.25627776623428833,0
G6P,69507,Q13263,TRIM28,Transcription intermediary factor 1-beta OS=Homo sapiens OX=9606 GN=TRIM28 PE=1 SV=5,6QAJ,48.256100000000004,0.2558834564182806,0
G6P,69507,Q14573,ITPR3,Inositol 1 4 5-trisphosphate receptor type 3 OS=Homo sapiens OX=9606 GN=ITPR3 PE=1 SV=2,6UQK,-5.8712999999999997,0.25525861252966753,0
PYR,107735,Q16836,HADH,Hydroxyacyl-coenzyme A dehydrogenase  mitochondrial OS=Homo sapiens OX=9606 GN=HADH PE=1 SV=3,3HAD,-3.6412,0.25499516292912405,0
G3P,729,P30740,SERPINB1,Leukocyte elastase inhibitor OS=Homo sapiens OX=9606 GN=SERPINB1 PE=1 SV=1,4GA7,-4.8433000000000002,0.254971619393744,0
G6P,69507,P02545,LMNA,Prelamin-A/C OS=Homo sapiens OX=9606 GN=LMNA PE=1 SV=1,7D9N,,0.2548805929002447,0
2PG,439278,Q13619,CUL4A,Cullin-4A OS=Homo sapiens OX=9606 GN=CUL4A PE=1 SV=3,2HYE,-4.8422999999999998,0.2548657015877452,0
R5P,77982,Q9UHD8,SEPT9,Septin-9 OS=Homo sapiens OX=9606 GN=SEPT9 PE=1 SV=2,5CYO,,0.25473366278144954,0
2PG,439278,P31948,STIP1,Stress-induced-phosphoprotein 1 OS=Homo sapiens OX=9606 GN=STIP1 PE=1 SV=1,7KW7,-5.4949000000000003,0.2546610877130934,0
3PG,439183,P31948,STIP1,Stress-induced-phosphoprotein 1 OS=Homo sapiens OX=9606 GN=STIP1 PE=1 SV=1,7KW7,-5.5472000000000001,0.2546610877130934,0
FBP,3281376,P83731,RPL24,60S ribosomal protein L24 OS=Homo sapiens OX=9606 GN=RPL24 PE=1 SV=1,5A2Q,-4.8186999999999998,0.2541956067595963,0
R5P,77982,P06733,ENO1,Alpha-enolase OS=Homo sapiens OX=9606 GN=ENO1 PE=1 SV=2,2PSN,,0.2541891138934174,0
2PG,439278,P41091,EIF2S3,Eukaryotic translation initiation factor 2 subunit 3 OS=Homo sapiens OX=9606 GN=EIF2S3 PE=1 SV=3,7F66,-4.9487333333333332,0.25413868107707643,0
2PG,439278,P26641,EEF1G,Elongation factor 1-gamma OS=Homo sapiens OX=9606 GN=EEF1G PE=1 SV=3,5JPO,-4.0550499999999996,0.25411181269184346,0
LAC,91435,P26447,S100A4,Protein S100-A4 OS=Homo sapiens OX=9606 GN=S100A4 PE=1 SV=1,6T58,-3.9998,0.2540789461336347,0
R5P,77982,Q9UBT2,UBA2,SUMO-activating enzyme subunit 2 OS=Homo sapiens OX=9606 GN=UBA2 PE=1 SV=2,3KYC,,0.25378531553821687,0
2PG,439278,Q9UHB9,SRP68,Signal recognition particle subunit SRP68 OS=Homo sapiens OX=9606 GN=SRP68 PE=1 SV=2,5M73,-4.2331000000000003,0.25365671052792876,0
PYR,107735,P49773,HINT1,Histidine triad nucleotide-binding protein 1 OS=Homo sapiens OX=9606 GN=HINT1 PE=1 SV=2,6G9Z,-3.1785999999999999,0.25362723687922084,0
G6P,69507,P08708,RPS17,40S ribosomal protein S17 OS=Homo sapiens OX=9606 GN=RPS17 PE=1 SV=2,6ZVH,-5.3632375000000003,0.2530949317637971,0
R5P,77982,P49321,NASP,Nuclear autoantigenic sperm protein OS=Homo sapiens OX=9606 GN=NASP PE=1 SV=2,7V1L,,0.25280201853933487,0
PEP,1005,P12956,XRCC6,X-ray repair cross-complementing protein 6 OS=Homo sapiens OX=9606 GN=XRCC6 PE=1 SV=2,1JEQ,-4.3327,0.25229427364607454,0
G6P,69507,P05455,SSB,Lupus La protein OS=Homo sapiens OX=9606 GN=SSB PE=1 SV=2,2VOD,-5.9366000000000003,0.25218943528212395,0
PYR,107735,P46776,RPL27A,60S ribosomal protein L27a OS=Homo sapiens OX=9606 GN=RPL27A PE=1 SV=2,4BXF,-3.5206,0.2521107077028592,0
G3P,729,Q9P258,RCC2,Protein RCC2 OS=Homo sapiens OX=9606 GN=RCC2 PE=1 SV=2,5GWN,-5.3518999999999997,0.2515212291158557,0
2PG,439278,Q04637,EIF4G1,Eukaryotic translation initiation factor 4 gamma 1 OS=Homo sapiens OX=9606 GN=EIF4G1 PE=1 SV=4,1UG3,,0.25129156811713627,0
G3P,729,P04075,ALDOA,Fructose-bisphosphate aldolase A OS=Homo sapiens OX=9606 GN=ALDOA PE=1 SV=2,1ALD,-5.0260999999999996,0.2509252584637908,0
LAC,91435,Q9Y2Q5,LAMTOR2,Ragulator complex protein LAMTOR2 OS=Homo sapiens OX=9606 GN=LAMTOR2 PE=1 SV=1,6B9X,-3.9277000000000002,0.25070874969560036,0
2PG,439278,Q08211,DHX9,ATP-dependent RNA helicase A OS=Homo sapiens OX=9606 GN=DHX9 PE=1 SV=4,3LLM,-4.8352000000000004,0.25061512103228634,0
G3P,729,Q5VTR2,RNF20,E3 ubiquitin-protein ligase BRE1A OS=Homo sapiens OX=9606 GN=RNF20 PE=1 SV=2,5TRB,-4.3563000000000001,0.25006705938844165,0
F6P,439958,P62847,RPS24,40S ribosomal protein S24 OS=Homo sapiens OX=9606 GN=RPS24 PE=1 SV=1,6ZVH,-4.7758250000000002,0.25005871348518266,0
G6P,69507,P35269,GTF2F1,General transcription factor IIF subunit 1 OS=Homo sapiens OX=9606 GN=GTF2F1 PE=1 SV=2,7NVU,-5.2664999999999997,0.25000106628979085,0
R5P,77982,O00425,IGF2BP3,Insulin-like growth factor 2 mRNA-binding protein 3 OS=Homo sapiens OX=9606 GN=IGF2BP3 PE=1 SV=2,6GQE,,0.24950241267848466,0
F6P,439958,P49591,SARS,Serine--tRNA ligase  cytoplasmic OS=Homo sapiens OX=9606 GN=SARS PE=1 SV=3,4RQE,-5.9743000000000004,0.24900211034916359,0
G6P,69507,O15305,PMM2,Phosphomannomutase 2 OS=Homo sapiens OX=9606 GN=PMM2 PE=1 SV=1,2Q4R,,0.24856653107777618,0
G6P,69507,Q9H3S7,PTPN23,Tyrosine-protein phosphatase non-receptor type 23 OS=Homo sapiens OX=9606 GN=PTPN23 PE=1 SV=1,5MK0,-5.5952000000000002,0.24844157143112425,0
2PG,439278,Q9UQN3,CHMP2B,Charged multivesicular body protein 2b OS=Homo sapiens OX=9606 GN=CHMP2B PE=1 SV=1,2JQK,-3.1694,0.2483861277809592,0
2PG,439278,P35250,RFC2,Replication factor C subunit 2 OS=Homo sapiens OX=9606 GN=RFC2 PE=1 SV=3,6VVO,-5.4117666666666677,0.24829648061484008,0
F6P,439958,Q13617,CUL2,Cullin-2 OS=Homo sapiens OX=9606 GN=CUL2 PE=1 SV=2,5N4W,-5.1172000000000004,0.2479298964103635,0
F6P,439958,Q92598,HSPH1,Heat shock protein 105 kDa OS=Homo sapiens OX=9606 GN=HSPH1 PE=1 SV=1,6GFA,-6.8113999999999999,0.24790882292058952,0
2PG,439278,P26599,PTBP1,Polypyrimidine tract-binding protein 1 OS=Homo sapiens OX=9606 GN=PTBP1 PE=1 SV=1,3ZZY,-4.1261999999999999,0.24790874989752507,0
R5P,77982,Q9UM54,MYO6,Unconventional myosin-VI OS=Homo sapiens OX=9606 GN=MYO6 PE=1 SV=4,6J56,,0.24789927023402136,0
PEP,1005,Q14019,COTL1,Coactosin-like protein OS=Homo sapiens OX=9606 GN=COTL1 PE=1 SV=3,1T2L,-4.0564,0.24783641641392717,0
G6P,69507,Q13144,EIF2B5,Translation initiation factor eIF-2B subunit epsilon OS=Homo sapiens OX=9606 GN=EIF2B5 PE=1 SV=3,7F67,-5.8975999999999997,0.2474849786196337,0
PYR,107735,P14618,PKM,Pyruvate kinase PKM OS=Homo sapiens OX=9606 GN=PKM PE=1 SV=4,6B6U,-4.1405000000000003,0.2472059208680311,0
R5P,77982,P12270,TPR,Nucleoprotein TPR OS=Homo sapiens OX=9606 GN=TPR PE=1 SV=3,5TO5,,0.24710467049510978,0
G6P,69507,P14618,PKM,Pyruvate kinase PKM OS=Homo sapiens OX=9606 GN=PKM PE=1 SV=4,6B6U,-7.0523999999999996,0.2469814267530678,0
G3P,729,Q13617,CUL2,Cullin-2 OS=Homo sapiens OX=9606 GN=CUL2 PE=1 SV=2,5N4W,-4.5366999999999997,0.2469610086467145,0
F6P,439958,Q01518,CAP1,Adenylyl cyclase-associated protein 1 OS=Homo sapiens OX=9606 GN=CAP1 PE=1 SV=5,1K8F,-5.0621,0.24683855502424415,0
LAC,91435,P63104,YWHAZ,14-3-3 protein zeta/delta OS=Homo sapiens OX=9606 GN=YWHAZ PE=1 SV=1,4ZDR,-3.6038000000000001,0.24670357459146372,0
G3P,729,Q13263,TRIM28,Transcription intermediary factor 1-beta OS=Homo sapiens OX=9606 GN=TRIM28 PE=1 SV=5,6QAJ,5.3952,0.24664750294103646,0
R5P,77982,P06748,NPM1,Nucleophosmin OS=Homo sapiens OX=9606 GN=NPM1 PE=1 SV=2,8AH2,,0.24643065994558697,0
R5P,77982,P61604,HSPE1,10 kDa heat shock protein  mitochondrial OS=Homo sapiens OX=9606 GN=HSPE1 PE=1 SV=2,6MRD,,0.2457583502005701,0
LAC,91435,P25398,RPS12,40S ribosomal protein S12 OS=Homo sapiens OX=9606 GN=RPS12 PE=1 SV=3,6ZLW,-3.5361250000000002,0.2455511132581485,0
R5P,77982,O75533,SF3B1,Splicing factor 3B subunit 1 OS=Homo sapiens OX=9606 GN=SF3B1 PE=1 SV=3,7ABI,,0.24545478619221003,0
2PG,439278,P07814,EPRS,Bifunctional glutamate/proline--tRNA ligase OS=Homo sapiens OX=9606 GN=EPRS PE=1 SV=5,7F9A,,0.24530881212145633,0
FBP,3281376,O15305,PMM2,Phosphomannomutase 2 OS=Homo sapiens OX=9606 GN=PMM2 PE=1 SV=1,2Q4R,,0.24519031359329885,0
F6P,439958,O00429,DNM1L,Dynamin-1-like protein OS=Homo sapiens OX=9606 GN=DNM1L PE=1 SV=2,4H1U,-6.0667999999999997,0.24518800689731704,0
G3P,729,P78536,ADAM17,Disintegrin and metalloproteinase domain-containing protein 17 OS=Homo sapiens OX=9606 GN=ADAM17 PE=1 SV=1,2OI0,-5.3574999999999999,0.2446336229597234,0
R5P,77982,Q9NR12,PDLIM7,PDZ and LIM domain protein 7 OS=Homo sapiens OX=9606 GN=PDLIM7 PE=1 SV=1,2Q3G,,0.24437409810682878,0
G3P,729,P13010,XRCC5,X-ray repair cross-complementing protein 5 OS=Homo sapiens OX=9606 GN=XRCC5 PE=1 SV=3,7SU3,,0.24374530167257083,0
LAC,91435,Q01130,SRSF2,Serine/arginine-rich splicing factor 2 OS=Homo sapiens OX=9606 GN=SRSF2 PE=1 SV=4,2KN4,-3.7726999999999999,0.24352458619718861,0
F6P,439958,P14618,PKM,Pyruvate kinase PKM OS=Homo sapiens OX=9606 GN=PKM PE=1 SV=4,6B6U,-6.1760000000000002,0.2431283782555622,0
F6P,439958,P05455,SSB,Lupus La protein OS=Homo sapiens OX=9606 GN=SSB PE=1 SV=2,2VOD,-4.6039000000000003,0.2428974759270213,0
G3P,729,Q96QK1,VPS35,Vacuolar protein sorting-associated protein 35 OS=Homo sapiens OX=9606 GN=VPS35 PE=1 SV=2,5F0J,-4.7923666666666671,0.2427521854197239,0
F6P,439958,P60174,TPI1,Triosephosphate isomerase OS=Homo sapiens OX=9606 GN=TPI1 PE=1 SV=3,1WYI,-5.4676,0.2426911759365448,0
G6P,69507,Q01518,CAP1,Adenylyl cyclase-associated protein 1 OS=Homo sapiens OX=9606 GN=CAP1 PE=1 SV=5,1K8F,-5.0872000000000002,0.24255138167815957,0
F6P,439958,P25398,RPS12,40S ribosomal protein S12 OS=Homo sapiens OX=9606 GN=RPS12 PE=1 SV=3,6ZLW,-5.3605999999999998,0.2423328649803801,0
G3P,729,Q8WUM4,PDCD6IP,Programmed cell death 6-interacting protein OS=Homo sapiens OX=9606 GN=PDCD6IP PE=1 SV=1,2XS1,-4.4118000000000004,0.24233065778754598,0
LAC,91435,P09132,SRP19,Signal recognition particle 19 kDa protein OS=Homo sapiens OX=9606 GN=SRP19 PE=1 SV=3,1JID,-3.7972000000000001,0.2421620323276831,0
G6P,69507,P78346,RPP30,Ribonuclease P protein subunit p30 OS=Homo sapiens OX=9606 GN=RPP30 PE=1 SV=1,6AHU,-5.7568799999999998,0.24213913673223428,0
G6P,69507,P51148,RAB5C,Ras-related protein Rab-5C OS=Homo sapiens OX=9606 GN=RAB5C PE=1 SV=2,4KYI,-6.8117999999999999,0.2420484655910717,0
R5P,77982,Q9UHY7,ENOPH1,Enolase-phosphatase E1 OS=Homo sapiens OX=9606 GN=ENOPH1 PE=1 SV=1,1YNS,,0.24162623424031485,0
2PG,439278,Q01813,PFKP,ATP-dependent 6-phosphofructokinase  platelet type OS=Homo sapiens OX=9606 GN=PFKP PE=1 SV=2,4XYJ,-5.9218999999999999,0.2414707855843077,0
G3P,729,P62847,RPS24,40S ribosomal protein S24 OS=Homo sapiens OX=9606 GN=RPS24 PE=1 SV=1,6ZVH,-4.2567062499999997,0.24138667678099707,0
F6P,439958,P21589,NT5E,5'-nucleotidase OS=Homo sapiens OX=9606 GN=NT5E PE=1 SV=1,7JV8,-6.6909999999999998,0.24121451775781785,0
F6P,439958,Q12931,TRAP1,Heat shock protein 75 kDa  mitochondrial OS=Homo sapiens OX=9606 GN=TRAP1 PE=1 SV=3,7KLV,-6.3037000000000001,0.24106884138279353,0
G6P,69507,Q12931,TRAP1,Heat shock protein 75 kDa  mitochondrial OS=Homo sapiens OX=9606 GN=TRAP1 PE=1 SV=3,7KLV,-7.0834999999999999,0.24106884138279353,0
FBP,3281376,P17980,PSMC3,26S proteasome regulatory subunit 6A OS=Homo sapiens OX=9606 GN=PSMC3 PE=1 SV=3,5GJQ,-6.3367500000000003,0.24104063122670014,0
LAC,91435,P49721,PSMB2,Proteasome subunit beta type-2 OS=Homo sapiens OX=9606 GN=PSMB2 PE=1 SV=1,4R3O,-3.7650800000000002,0.24096063827010314,0
R5P,77982,P55010,EIF5,Eukaryotic translation initiation factor 5 OS=Homo sapiens OX=9606 GN=EIF5 PE=1 SV=2,2IU1,,0.24056546683246766,0
F6P,439958,Q13144,EIF2B5,Translation initiation factor eIF-2B subunit epsilon OS=Homo sapiens OX=9606 GN=EIF2B5 PE=1 SV=3,7F67,-5.4523000000000001,0.24052976021410555,0
3PG,439183,Q15149,PLEC,Plectin OS=Homo sapiens OX=9606 GN=PLEC PE=1 SV=3,5J1F,-4.3312999999999997,0.24021244944886702,0
G3P,729,P61978,HNRNPK,Heterogeneous nuclear ribonucleoprotein K OS=Homo sapiens OX=9606 GN=HNRNPK PE=1 SV=1,1ZZI,-4.1414,0.2401623544769944,0
R5P,77982,P30740,SERPINB1,Leukocyte elastase inhibitor OS=Homo sapiens OX=9606 GN=SERPINB1 PE=1 SV=1,4GA7,,0.24010555808841585,0
R5P,77982,P00505,GOT2,Aspartate aminotransferase  mitochondrial OS=Homo sapiens OX=9606 GN=GOT2 PE=1 SV=3,5AX8,,0.2401024150042022,0
R5P,77982,O75608,LYPLA1,Acyl-protein thioesterase 1 OS=Homo sapiens OX=9606 GN=LYPLA1 PE=1 SV=1,1FJ2,,0.240083166705813,0
LAC,91435,P49821,NDUFV1,NADH dehydrogenase [ubiquinone] flavoprotein 1  mitochondrial OS=Homo sapiens OX=9606 GN=NDUFV1 PE=1 SV=4,5XTB,-3.7243400000000002,0.23987935991162698,0
G3P,729,P14550,AKR1A1,Alcohol dehydrogenase [NADP(+)] OS=Homo sapiens OX=9606 GN=AKR1A1 PE=1 SV=3,2ALR,-4.8979999999999997,0.23983219222681457,0
LAC,91435,P21912,SDHB,Succinate dehydrogenase [ubiquinone] iron-sulfur subunit  mitochondrial OS=Homo sapiens OX=9606 GN=SDHB PE=1 SV=3,7KLV,-4.2941500000000001,0.23935270918225018,0
G3P,729,Q5JRA6,MIA3,Transport and Golgi organization protein 1 homolog OS=Homo sapiens OX=9606 GN=MIA3 PE=1 SV=1,5KYN,-3.4322499999999998,0.23931684264685468,0
G6P,69507,Q9UHD8,SEPT9,Septin-9 OS=Homo sapiens OX=9606 GN=SEPT9 PE=1 SV=2,5CYO,-6.7565,0.23931664020478546,0
G3P,729,Q9NZL9,MAT2B,Methionine adenosyltransferase 2 subunit beta OS=Homo sapiens OX=9606 GN=MAT2B PE=1 SV=1,2YDX,-4.9009999999999998,0.2391065295550624,0
G6P,69507,Q86UE4,MTDH,Protein LYRIC OS=Homo sapiens OX=9606 GN=MTDH PE=1 SV=2,4QMG,-3.7031000000000001,0.23910566676027534,0
2PG,439278,P21283,ATP6V1C1,V-type proton ATPase subunit C 1 OS=Homo sapiens OX=9606 GN=ATP6V1C1 PE=1 SV=4,6WM3,-4.8052333333333337,0.238745371516524,0
G6P,69507,P61604,HSPE1,10 kDa heat shock protein  mitochondrial OS=Homo sapiens OX=9606 GN=HSPE1 PE=1 SV=2,6MRD,-5.1837999999999997,0.23826319470648302,0
2PG,439278,Q9NP92,MRPS30,39S ribosomal protein S30  mitochondrial OS=Homo sapiens OX=9606 GN=MRPS30 PE=1 SV=2,7OF0,-4.5237080000000001,0.23812263499436595,0
F6P,439958,P0DMV8,HSPA1A,Heat shock 70 kDa protein 1A OS=Homo sapiens OX=9606 GN=HSPA1A PE=1 SV=1,4J8F,-7.0496999999999996,0.23802907978175086,0
LAC,91435,P22392,NME2,Nucleoside diphosphate kinase B OS=Homo sapiens OX=9606 GN=NME2 PE=1 SV=1,7KPF,-4.0263,0.23791689684953546,0
G6P,69507,Q13200,PSMD2,26S proteasome non-ATPase regulatory subunit 2 OS=Homo sapiens OX=9606 GN=PSMD2 PE=1 SV=3,5L4K,-5.6970999999999998,0.23706835986919347,0
G3P,729,P62081,RPS7,40S ribosomal protein S7 OS=Homo sapiens OX=9606 GN=RPS7 PE=1 SV=1,6ZVH,-4.2567062499999997,0.23683084999372664,0
2PG,439278,Q13435,SF3B2,Splicing factor 3B subunit 2 OS=Homo sapiens OX=9606 GN=SF3B2 PE=1 SV=2,7ONB,-4.5411000000000001,0.23672951481332874,0
G3P,729,P55010,EIF5,Eukaryotic translation initiation factor 5 OS=Homo sapiens OX=9606 GN=EIF5 PE=1 SV=2,2IU1,-4.6487999999999996,0.236634429575781,0
R5P,77982,P49591,SARS,Serine--tRNA ligase  cytoplasmic OS=Homo sapiens OX=9606 GN=SARS PE=1 SV=3,4RQE,,0.2365831894968804,0
G3P,729,Q13526,PIN1,Peptidyl-prolyl cis-trans isomerase NIMA-interacting 1 OS=Homo sapiens OX=9606 GN=PIN1 PE=1 SV=1,5B3Z,-4.6399999999999997,0.23629041657168565,0
LAC,91435,P62851,RPS25,40S ribosomal protein S25 OS=Homo sapiens OX=9606 GN=RPS25 PE=1 SV=1,6ZXG,-3.4286400000000001,0.23612037385522006,0
R5P,77982,Q7KZI7,MARK2,Serine/threonine-protein kinase MARK2 OS=Homo sapiens OX=9606 GN=MARK2 PE=1 SV=2,5EAK,,0.23606991477895034,0
PEP,1005,Q9Y6Y0,IVNS1ABP,Influenza virus NS1A-binding protein OS=Homo sapiens OX=9606 GN=IVNS1ABP PE=1 SV=3,6N3H,-5.7683,0.2359814174654629,0
PEP,1005,P08708,RPS17,40S ribosomal protein S17 OS=Homo sapiens OX=9606 GN=RPS17 PE=1 SV=2,6ZVH,-4.5170187500000001,0.2358748167751482,0
2PG,439278,P51452,DUSP3,Dual specificity protein phosphatase 3 OS=Homo sapiens OX=9606 GN=DUSP3 PE=1 SV=1,3F81,-4.6226000000000003,0.235692903048576,0
F6P,439958,P62913,RPL11,60S ribosomal protein L11 OS=Homo sapiens OX=9606 GN=RPL11 PE=1 SV=2,4XXB,-5.0002000000000004,0.2356540442667966,0
F6P,439958,Q13263,TRIM28,Transcription intermediary factor 1-beta OS=Homo sapiens OX=9606 GN=TRIM28 PE=1 SV=5,6QAJ,21.580300000000001,0.23564138311867094,0
R5P,77982,Q16181,SEPT7,Septin-7 OS=Homo sapiens OX=9606 GN=SEPT7 PE=1 SV=2,7M6J,,0.23539299497104546,0
G6P,69507,O00767,SCD,Acyl-CoA desaturase OS=Homo sapiens OX=9606 GN=SCD PE=1 SV=2,4ZYO,-7.0204000000000004,0.2353267566527814,0
F6P,439958,P0DMV9,HSPA1B,Heat shock 70 kDa protein 1B OS=Homo sapiens OX=9606 GN=HSPA1B PE=1 SV=1,4J8F,-7.0496999999999996,0.23529723620095877,0
LAC,91435,P62917,RPL8,60S ribosomal protein L8 OS=Homo sapiens OX=9606 GN=RPL8 PE=1 SV=2,7UN3,-4.5711000000000004,0.2348082912300487,0
G6P,69507,P13489,RNH1,Ribonuclease inhibitor OS=Homo sapiens OX=9606 GN=RNH1 PE=1 SV=2,2Q4G,,0.23472849424498476,0
F6P,439958,P02545,LMNA,Prelamin-A/C OS=Homo sapiens OX=9606 GN=LMNA PE=1 SV=1,7D9N,,0.2346928312277465,0
R5P,77982,P23528,CFL1,Cofilin-1 OS=Homo sapiens OX=9606 GN=CFL1 PE=1 SV=3,5L6W,,0.23436183760375837,0
G6P,69507,Q99623,PHB2,Prohibitin-2 OS=Homo sapiens OX=9606 GN=PHB2 PE=1 SV=2,6IQE,-3.7473000000000001,0.23431048418033676,0
3PG,439183,P27144,AK4,Adenylate kinase 4  mitochondrial OS=Homo sapiens OX=9606 GN=AK4 PE=1 SV=1,3NDP,-6.0975999999999999,0.23421213429196314,0
2PG,439278,P06454,PTMA,Prothymosin alpha OS=Homo sapiens OX=9606 GN=PTMA PE=1 SV=2,2L9I,-3.4079000000000002,0.23418768098804496,0
G3P,729,Q12931,TRAP1,Heat shock protein 75 kDa  mitochondrial OS=Homo sapiens OX=9606 GN=TRAP1 PE=1 SV=3,7KLV,-5.2497999999999996,0.2336008823571995,0
F6P,439958,O43464,HTRA2,Serine protease HTRA2  mitochondrial OS=Homo sapiens OX=9606 GN=HTRA2 PE=1 SV=2,7VGE,-5.2317,0.23316594141413655,0
F6P,439958,P32321,DCTD,Deoxycytidylate deaminase OS=Homo sapiens OX=9606 GN=DCTD PE=1 SV=2,2W4L,-5.6498999999999997,0.23313597968273567,0
2PG,439278,Q15084,PDIA6,Protein disulfide-isomerase A6 OS=Homo sapiens OX=9606 GN=PDIA6 PE=1 SV=1,3W8J,-4.9532999999999996,0.2329440754833808,0
R5P,77982,O95163,ELP1,Elongator complex protein 1 OS=Homo sapiens OX=9606 GN=ELP1 PE=1 SV=3,5CQR,,0.23287837381525164,0
G3P,729,P36551,CPOX,Oxygen-dependent coproporphyrinogen-III oxidase  mitochondrial OS=Homo sapiens OX=9606 GN=CPOX PE=1 SV=3,2AEX,-5.6779000000000002,0.23282773803007714,0
G3P,729,P08708,RPS17,40S ribosomal protein S17 OS=Homo sapiens OX=9606 GN=RPS17 PE=1 SV=2,6ZVH,-4.2567062499999997,0.2327935884574735,0
G3P,729,Q99828,CIB1,Calcium and integrin-binding protein 1 OS=Homo sapiens OX=9606 GN=CIB1 PE=1 SV=4,1Y1A,-4.1923000000000004,0.23264023275997903,0
3PG,439183,Q15428,SF3A2,Splicing factor 3A subunit 2 OS=Homo sapiens OX=9606 GN=SF3A2 PE=1 SV=2,7EVO,-4.2448800000000002,0.23248923082080922,0
F6P,439958,P09012,SNRPA,U1 small nuclear ribonucleoprotein A OS=Homo sapiens OX=9606 GN=SNRPA PE=1 SV=3,7B0Y,-4.4241999999999999,0.23247319403491482,0
2PG,439278,P08708,RPS17,40S ribosomal protein S17 OS=Homo sapiens OX=9606 GN=RPS17 PE=1 SV=2,6ZVH,-4.4844375000000003,0.23206486428637368,0
F6P,439958,Q9UHD8,SEPT9,Septin-9 OS=Homo sapiens OX=9606 GN=SEPT9 PE=1 SV=2,5CYO,-5.9898999999999996,0.23152570658934926,0
R5P,77982,Q02218,OGDH,2-oxoglutarate dehydrogenase  mitochondrial OS=Homo sapiens OX=9606 GN=OGDH PE=1 SV=3,7WGR,,0.23128351206193934,0
R5P,77982,P49736,MCM2,DNA replication licensing factor MCM2 OS=Homo sapiens OX=9606 GN=MCM2 PE=1 SV=4,5C3I,,0.23118195571879036,0
G6P,69507,P00558,PGK1,Phosphoglycerate kinase 1 OS=Homo sapiens OX=9606 GN=PGK1 PE=1 SV=3,4O33,-6.5548000000000002,0.23110422678486156,0
R5P,77982,Q06323,PSME1,Proteasome activator complex subunit 1 OS=Homo sapiens OX=9606 GN=PSME1 PE=1 SV=1,7NAO,,0.2309674700966348,0
R5P,77982,Q12931,TRAP1,Heat shock protein 75 kDa  mitochondrial OS=Homo sapiens OX=9606 GN=TRAP1 PE=1 SV=3,7KLV,,0.23091132597976471,0
LAC,91435,P51149,RAB7A,Ras-related protein Rab-7a OS=Homo sapiens OX=9606 GN=RAB7A PE=1 SV=1,1YHN,-4.0461,0.23057538438547992,0
F6P,439958,P61088,UBE2N,Ubiquitin-conjugating enzyme E2 N OS=Homo sapiens OX=9606 GN=UBE2N PE=1 SV=1,2C2V,-4.5554500000000004,0.2303255818150413,0
LAC,91435,O15372,EIF3H,Eukaryotic translation initiation factor 3 subunit H OS=Homo sapiens OX=9606 GN=EIF3H PE=1 SV=1,3J8B,-3.3650857142857138,0.22983632796595443,0
LAC,91435,P62913,RPL11,60S ribosomal protein L11 OS=Homo sapiens OX=9606 GN=RPL11 PE=1 SV=2,4XXB,-3.2768999999999999,0.2298260830662458,0
FBP,3281376,P31151,S100A7,Protein S100-A7 OS=Homo sapiens OX=9606 GN=S100A7 PE=1 SV=4,1PSR,-5.5514999999999999,0.22946735252985964,0
R5P,77982,O14964,HGS,Hepatocyte growth factor-regulated tyrosine kinase substrate OS=Homo sapiens OX=9606 GN=HGS PE=1 SV=1,4AVX,,0.22946462497948839,0
LAC,91435,P62826,RAN,GTP-binding nuclear protein Ran OS=Homo sapiens OX=9606 GN=RAN PE=1 SV=3,6A3A,-4.9648000000000003,0.22941013691275258,0
PEP,1005,P07900,HSP90AA1,Heat shock protein HSP 90-alpha OS=Homo sapiens OX=9606 GN=HSP90AA1 PE=1 SV=5,7KRJ,-5.5025499999999994,0.22927044720040352,0
F6P,439958,Q15084,PDIA6,Protein disulfide-isomerase A6 OS=Homo sapiens OX=9606 GN=PDIA6 PE=1 SV=1,3W8J,-5.2657999999999996,0.2287489434614807,0
R5P,77982,P17812,CTPS1,CTP synthase 1 OS=Homo sapiens OX=9606 GN=CTPS1 PE=1 SV=2,7MIG,,0.2287233150065442,0
G6P,69507,Q9NR12,PDLIM7,PDZ and LIM domain protein 7 OS=Homo sapiens OX=9606 GN=PDLIM7 PE=1 SV=1,2Q3G,-5.5682999999999998,0.22866006370073885,0
G3P,729,P62258,YWHAE,14-3-3 protein epsilon OS=Homo sapiens OX=9606 GN=YWHAE PE=1 SV=1,2BR9,-4.6816000000000004,0.22860636610926072,0
G3P,729,P49321,NASP,Nuclear autoantigenic sperm protein OS=Homo sapiens OX=9606 GN=NASP PE=1 SV=2,7V1L,-4.0205000000000002,0.22858697401606132,0
F6P,439958,Q16181,SEPT7,Septin-7 OS=Homo sapiens OX=9606 GN=SEPT7 PE=1 SV=2,7M6J,-5.2579500000000001,0.22850483000492333,0
G3P,729,Q15758,SLC1A5,Neutral amino acid transporter B(0) OS=Homo sapiens OX=9606 GN=SLC1A5 PE=1 SV=2,6MP6,-5.3037999999999998,0.22848512243280517,0
LAC,91435,P29692,EEF1D,Elongation factor 1-delta OS=Homo sapiens OX=9606 GN=EEF1D PE=1 SV=5,5JPO,-3.4388999999999998,0.22807230705156492,0
G6P,69507,P62753,RPS6,40S ribosomal protein S6 OS=Homo sapiens OX=9606 GN=RPS6 PE=1 SV=1,6ZVH,-5.3632375000000003,0.2279277591267288,0
F6P,439958,P27144,AK4,Adenylate kinase 4  mitochondrial OS=Homo sapiens OX=9606 GN=AK4 PE=1 SV=1,3NDP,-6.9951999999999996,0.22773018640898368,0
G3P,729,P63244,RACK1,Receptor of activated protein C kinase 1 OS=Homo sapiens OX=9606 GN=RACK1 PE=1 SV=3,6ZLW,-4.4636499999999986,0.2275383790048922,0
G3P,729,Q9UHD1,CHORDC1,Cysteine and histidine-rich domain-containing protein 1 OS=Homo sapiens OX=9606 GN=CHORDC1 PE=1 SV=2,2YRT,-4.1429999999999998,0.22727389295315872,0
R5P,77982,P09012,SNRPA,U1 small nuclear ribonucleoprotein A OS=Homo sapiens OX=9606 GN=SNRPA PE=1 SV=3,7B0Y,,0.2271293732510519,0
G6P,69507,P00441,SOD1,Superoxide dismutase [Cu-Zn] OS=Homo sapiens OX=9606 GN=SOD1 PE=1 SV=2,5J07,-5.4954999999999998,0.22702389991345648,0
LAC,91435,P11802,CDK4,Cyclin-dependent kinase 4 OS=Homo sapiens OX=9606 GN=CDK4 PE=1 SV=2,2W99,-4.5122,0.2266385954716969,0
F6P,439958,Q9BY32,ITPA,Inosine triphosphate pyrophosphatase OS=Homo sapiens OX=9606 GN=ITPA PE=1 SV=2,2CAR,-4.8893000000000004,0.22655862449466777,0
LAC,91435,P07195,LDHB,L-lactate dehydrogenase B chain OS=Homo sapiens OX=9606 GN=LDHB PE=1 SV=2,7DBJ,-3.7987000000000002,0.22638682487093215,0
2PG,439278,P22314,UBA1,Ubiquitin-like modifier-activating enzyme 1 OS=Homo sapiens OX=9606 GN=UBA1 PE=1 SV=3,6DC6,-5.5087999999999999,0.22599789799055836,0
R5P,77982,P35269,GTF2F1,General transcription factor IIF subunit 1 OS=Homo sapiens OX=9606 GN=GTF2F1 PE=1 SV=2,7NVU,,0.22599416989799653,0
PYR,107735,P62244,RPS15A,40S ribosomal protein S15a OS=Homo sapiens OX=9606 GN=RPS15A PE=1 SV=2,7R4X,-3.42076,0.22539106486366572,0
G3P,729,P37837,TALDO1,Transaldolase OS=Homo sapiens OX=9606 GN=TALDO1 PE=1 SV=2,1F05,-4.4897,0.22538372667587667,0
R5P,77982,Q9HCY8,S100A14,Protein S100-A14 OS=Homo sapiens OX=9606 GN=S100A14 PE=1 SV=1,2M0R,,0.22537864451446782,0
2PG,439278,Q99613,EIF3C,Eukaryotic translation initiation factor 3 subunit C OS=Homo sapiens OX=9606 GN=EIF3C PE=1 SV=1,3J8B,-4.5110999999999999,0.22530300504216894,0
3PG,439183,Q99613,EIF3C,Eukaryotic translation initiation factor 3 subunit C OS=Homo sapiens OX=9606 GN=EIF3C PE=1 SV=1,3J8B,-4.5794285714285712,0.22530300504216894,0
LAC,91435,P61247,RPS3A,40S ribosomal protein S3a OS=Homo sapiens OX=9606 GN=RPS3A PE=1 SV=2,6ZVH,-3.5267187500000001,0.2251977944843152,0
G6P,69507,Q01105,SET,Protein SET OS=Homo sapiens OX=9606 GN=SET PE=1 SV=3,2E50,-5.9318999999999997,0.22515265011141133,0
G3P,729,Q01518,CAP1,Adenylyl cyclase-associated protein 1 OS=Homo sapiens OX=9606 GN=CAP1 PE=1 SV=5,1K8F,-3.7862,0.22498067900738794,0
F6P,439958,O75489,NDUFS3,NADH dehydrogenase [ubiquinone] iron-sulfur protein 3  mitochondrial OS=Homo sapiens OX=9606 GN=NDUFS3 PE=1 SV=1,5XTB,-4.8711466666666663,0.22486469502345008,0
G6P,69507,O43464,HTRA2,Serine protease HTRA2  mitochondrial OS=Homo sapiens OX=9606 GN=HTRA2 PE=1 SV=2,7VGE,-5.3632,0.22438293303995802,0
G6P,69507,P00505,GOT2,Aspartate aminotransferase  mitochondrial OS=Homo sapiens OX=9606 GN=GOT2 PE=1 SV=3,5AX8,-6.1787000000000001,0.22434505513442654,0
2PG,439278,P12277,CKB,Creatine kinase B-type OS=Homo sapiens OX=9606 GN=CKB PE=1 SV=1,3DRE,-5.5412999999999997,0.2243340848142665,0
3PG,439183,P12277,CKB,Creatine kinase B-type OS=Homo sapiens OX=9606 GN=CKB PE=1 SV=1,3DRE,-5.4535,0.2243340848142665,0
2PG,439278,P18669,PGAM1,Phosphoglycerate mutase 1 OS=Homo sapiens OX=9606 GN=PGAM1 PE=1 SV=2,5ZS8,-5.3856999999999999,0.22424437644570183,0
3PG,439183,P18669,PGAM1,Phosphoglycerate mutase 1 OS=Homo sapiens OX=9606 GN=PGAM1 PE=1 SV=2,5ZS8,-5.4983000000000004,0.22424437644570183,0
G6P,69507,Q13435,SF3B2,Splicing factor 3B subunit 2 OS=Homo sapiens OX=9606 GN=SF3B2 PE=1 SV=2,7ONB,-5.2956500000000002,0.22406001629235167,0
R5P,77982,Q8N1F7,NUP93,Nuclear pore complex protein Nup93 OS=Homo sapiens OX=9606 GN=NUP93 PE=1 SV=2,7MW0,,0.22395080830251735,0
R5P,77982,P30040,ERP29,Endoplasmic reticulum resident protein 29 OS=Homo sapiens OX=9606 GN=ERP29 PE=1 SV=4,2QC7,,0.22378887895429916,0
G3P,729,P13667,PDIA4,Protein disulfide-isomerase A4 OS=Homo sapiens OX=9606 GN=PDIA4 PE=1 SV=2,3IDV,-4.1753,0.22376945794925696,0
LAC,91435,P09211,GSTP1,Glutathione S-transferase P OS=Homo sapiens OX=9606 GN=GSTP1 PE=1 SV=2,7BIA,-3.5758000000000001,0.22372845061015384,0
G3P,729,Q13190,STX5,Syntaxin-5 OS=Homo sapiens OX=9606 GN=STX5 PE=1 SV=2,3EFO,-3.8888500000000001,0.2236435313808497,0
R5P,77982,P49327,FASN,Fatty acid synthase OS=Homo sapiens OX=9606 GN=FASN PE=1 SV=3,5C37,,0.22340496079135164,0
R5P,77982,Q9BWS9,CHID1,Chitinase domain-containing protein 1 OS=Homo sapiens OX=9606 GN=CHID1 PE=1 SV=1,3BXW,,0.22325920103604244,0
G6P,69507,Q92597,NDRG1,Protein NDRG1 OS=Homo sapiens OX=9606 GN=NDRG1 PE=1 SV=1,6ZMM,-5.0027999999999997,0.2230100985916524,0
R5P,77982,P52888,THOP1,Thimet oligopeptidase OS=Homo sapiens OX=9606 GN=THOP1 PE=1 SV=2,2O36,,0.2226860365956607,0
G6P,69507,Q9NR09,BIRC6,Baculoviral IAP repeat-containing protein 6 OS=Homo sapiens OX=9606 GN=BIRC6 PE=1 SV=2,8E2F,,0.222355630916534,0
2PG,439278,P07355,ANXA2,Annexin A2 OS=Homo sapiens OX=9606 GN=ANXA2 PE=1 SV=2,7NMI,-6.0857000000000001,0.22137876786823013,0
LAC,91435,P39019,RPS19,40S ribosomal protein S19 OS=Homo sapiens OX=9606 GN=RPS19 PE=1 SV=2,5A2Q,-2.9854666666666669,0.2212165007747796,0
G6P,69507,Q8IWV8,UBR2,E3 ubiquitin-protein ligase UBR2 OS=Homo sapiens OX=9606 GN=UBR2 PE=1 SV=1,5UM3,-5.01,0.22120077239569402,0
R5P,77982,P78371,CCT2,T-complex protein 1 subunit beta OS=Homo sapiens OX=9606 GN=CCT2 PE=1 SV=4,7TTN,,0.2209986671848328,0
G6P,69507,O60869,EDF1,Endothelial differentiation-related factor 1 OS=Homo sapiens OX=9606 GN=EDF1 PE=1 SV=1,6ZVH,-5.3632375000000003,0.22099806513416279,0
R5P,77982,P30038,ALDH4A1,Delta-1-pyrroline-5-carboxylate dehydrogenase  mitochondrial OS=Homo sapiens OX=9606 GN=ALDH4A1 PE=1 SV=3,3V9H,,0.22096358435450877,0
LAC,91435,P17655,CAPN2,Calpain-2 catalytic subunit OS=Homo sapiens OX=9606 GN=CAPN2 PE=1 SV=6,1KFU,-3.9401999999999999,0.22053056848659583,0
2PG,439278,O00425,IGF2BP3,Insulin-like growth factor 2 mRNA-binding protein 3 OS=Homo sapiens OX=9606 GN=IGF2BP3 PE=1 SV=2,6GQE,-4.6513999999999998,0.22015911559784962,0
G6P,69507,P62913,RPL11,60S ribosomal protein L11 OS=Homo sapiens OX=9606 GN=RPL11 PE=1 SV=2,4XXB,-5.3742000000000001,0.22010084107480918,0
F6P,439958,P00558,PGK1,Phosphoglycerate kinase 1 OS=Homo sapiens OX=9606 GN=PGK1 PE=1 SV=3,4O33,-6.0564999999999998,0.22010067339742734,0
G6P,69507,Q15084,PDIA6,Protein disulfide-isomerase A6 OS=Homo sapiens OX=9606 GN=PDIA6 PE=1 SV=1,3W8J,-5.4160000000000004,0.22008456449929675,0
R5P,77982,Q15084,PDIA6,Protein disulfide-isomerase A6 OS=Homo sapiens OX=9606 GN=PDIA6 PE=1 SV=1,3W8J,,0.22006227179702187,0
R5P,77982,P62273,RPS29,40S ribosomal protein S29 OS=Homo sapiens OX=9606 GN=RPS29 PE=1 SV=2,7R4X,,0.21980022926078885,0
G6P,69507,P13667,PDIA4,Protein disulfide-isomerase A4 OS=Homo sapiens OX=9606 GN=PDIA4 PE=1 SV=2,3IDV,-6.1074000000000002,0.21965341322974505,0
2PG,439278,P11142,HSPA8,Heat shock cognate 71 kDa protein OS=Homo sapiens OX=9606 GN=HSPA8 PE=1 SV=1,4H5R,-6.4863999999999997,0.219478661061064,0
3PG,439183,P11142,HSPA8,Heat shock cognate 71 kDa protein OS=Homo sapiens OX=9606 GN=HSPA8 PE=1 SV=1,4H5R,-5.907,0.219478661061064,0
2PG,439278,P30153,PPP2R1A,Serine/threonine-protein phosphatase 2A 65 kDa regulatory subunit A alpha isoform OS=Homo sapiens OX=9606 GN=PPP2R1A PE=1 SV=4,1B3U,-5.2224000000000004,0.21876055171086253,0
2PG,439278,P38606,ATP6V1A,V-type proton ATPase catalytic subunit A OS=Homo sapiens OX=9606 GN=ATP6V1A PE=1 SV=2,6WLZ,-4.807033333333333,0.2184453219820615,0
R5P,77982,P11142,HSPA8,Heat shock cognate 71 kDa protein OS=Homo sapiens OX=9606 GN=HSPA8 PE=1 SV=1,4H5R,,0.21838744252403358,0
G3P,729,P60842,EIF4A1,Eukaryotic initiation factor 4A-I OS=Homo sapiens OX=9606 GN=EIF4A1 PE=1 SV=1,7PPZ,-4.8017000000000003,0.21838107410474936,0
G3P,729,Q92598,HSPH1,Heat shock protein 105 kDa OS=Homo sapiens OX=9606 GN=HSPH1 PE=1 SV=1,6GFA,-5.7439,0.21817160466406363,0
2PG,439278,P49327,FASN,Fatty acid synthase OS=Homo sapiens OX=9606 GN=FASN PE=1 SV=3,5C37,,0.21812423171426984,0
R5P,77982,Q01105,SET,Protein SET OS=Homo sapiens OX=9606 GN=SET PE=1 SV=3,2E50,,0.21800918109724982,0
PEP,1005,Q99613,EIF3C,Eukaryotic translation initiation factor 3 subunit C OS=Homo sapiens OX=9606 GN=EIF3C PE=1 SV=1,3J8B,-4.5740999999999996,0.2176514851439042,0
FBP,3281376,P09972,ALDOC,Fructose-bisphosphate aldolase C OS=Homo sapiens OX=9606 GN=ALDOC PE=1 SV=2,1XFB,-7.4736000000000002,0.2175691204693254,0
G3P,729,P23396,RPS3,40S ribosomal protein S3 OS=Homo sapiens OX=9606 GN=RPS3 PE=1 SV=2,6ZVH,-4.2567062499999997,0.2172159181673966,0
R5P,77982,P14174,MIF,Macrophage migration inhibitory factor OS=Homo sapiens OX=9606 GN=MIF PE=1 SV=4,4GRP,,0.21701751889765736,0
PYR,107735,O15372,EIF3H,Eukaryotic translation initiation factor 3 subunit H OS=Homo sapiens OX=9606 GN=EIF3H PE=1 SV=1,3J8B,-3.3062714285714292,0.21693152743485666,0
F6P,439958,P01040,CSTA,Cystatin-A OS=Homo sapiens OX=9606 GN=CSTA PE=1 SV=1,1NB5,-4.0396999999999998,0.2169081211264139,0
G6P,69507,P09972,ALDOC,Fructose-bisphosphate aldolase C OS=Homo sapiens OX=9606 GN=ALDOC PE=1 SV=2,1XFB,-6.9702999999999999,0.21689202490426188,0
F6P,439958,O95163,ELP1,Elongator complex protein 1 OS=Homo sapiens OX=9606 GN=ELP1 PE=1 SV=3,5CQR,-4.4417,0.21631579966592793,0
F6P,439958,P17980,PSMC3,26S proteasome regulatory subunit 6A OS=Homo sapiens OX=9606 GN=PSMC3 PE=1 SV=3,5GJQ,-5.570875,0.21619050081418675,0
G3P,729,P27635,RPL10,60S ribosomal protein L10 OS=Homo sapiens OX=9606 GN=RPL10 PE=1 SV=4,2PA2,-4.2317,0.21610451738115596,0
2PG,439278,P0DMV8,HSPA1A,Heat shock 70 kDa protein 1A OS=Homo sapiens OX=9606 GN=HSPA1A PE=1 SV=1,4J8F,-6.5132000000000003,0.2159764716935618,0
G6P,69507,P21127,CDK11B,Cyclin-dependent kinase 11B OS=Homo sapiens OX=9606 GN=CDK11B PE=1 SV=4,7UKZ,-6.1,0.215831128700596,0
R5P,77982,Q8WUM4,PDCD6IP,Programmed cell death 6-interacting protein OS=Homo sapiens OX=9606 GN=PDCD6IP PE=1 SV=1,2XS1,,0.21569858096070346,0
G6P,69507,Q99828,CIB1,Calcium and integrin-binding protein 1 OS=Homo sapiens OX=9606 GN=CIB1 PE=1 SV=4,1Y1A,-5.8353999999999999,0.21554563649412445,0
LAC,91435,Q92520,FAM3C,Protein FAM3C OS=Homo sapiens OX=9606 GN=FAM3C PE=1 SV=1,5LC2,-3.6615000000000002,0.21544589757672078,0
R5P,77982,Q92598,HSPH1,Heat shock protein 105 kDa OS=Homo sapiens OX=9606 GN=HSPH1 PE=1 SV=1,6GFA,,0.21536576023943224,0
2PG,439278,P33993,MCM7,DNA replication licensing factor MCM7 OS=Homo sapiens OX=9606 GN=MCM7 PE=1 SV=4,7W68,-5.46272,0.21532778187859244,0
LAC,91435,P60866,RPS20,40S ribosomal protein S20 OS=Homo sapiens OX=9606 GN=RPS20 PE=1 SV=1,7R4X,-3.40496,0.21512788730909413,0
LAC,91435,P78318,IGBP1,Immunoglobulin-binding protein 1 OS=Homo sapiens OX=9606 GN=IGBP1 PE=1 SV=1,4IYP,-3.7307000000000001,0.21485431139475758,0
G3P,729,P61981,YWHAG,14-3-3 protein gamma OS=Homo sapiens OX=9606 GN=YWHAG PE=1 SV=2,6BYJ,-4.9611000000000001,0.2147495439863123,0
G6P,69507,P30740,SERPINB1,Leukocyte elastase inhibitor OS=Homo sapiens OX=9606 GN=SERPINB1 PE=1 SV=1,4GA7,-6.1776999999999997,0.21472854347891016,0
R5P,77982,Q86X55,CARM1,Histone-arginine methyltransferase CARM1 OS=Homo sapiens OX=9606 GN=CARM1 PE=1 SV=3,6ARJ,,0.2144485951073159,0
LAC,91435,P23396,RPS3,40S ribosomal protein S3 OS=Homo sapiens OX=9606 GN=RPS3 PE=1 SV=2,6ZVH,-3.5267187500000001,0.21431054306358358,0
PYR,107735,P62937,PPIA,Peptidyl-prolyl cis-trans isomerase A OS=Homo sapiens OX=9606 GN=PPIA PE=1 SV=2,4N1M,-4.2306999999999997,0.214119402508317,0
G6P,69507,O43324,EEF1E1,Eukaryotic translation elongation factor 1 epsilon-1 OS=Homo sapiens OX=9606 GN=EEF1E1 PE=1 SV=1,5Y6L,-6.4884000000000004,0.21403858516491203,0
F6P,439958,O60869,EDF1,Endothelial differentiation-related factor 1 OS=Homo sapiens OX=9606 GN=EDF1 PE=1 SV=1,6ZVH,-4.7758250000000002,0.21396856163033756,0
G3P,729,P13804,ETFA,Electron transfer flavoprotein subunit alpha  mitochondrial OS=Homo sapiens OX=9606 GN=ETFA PE=1 SV=1,2A1T,-4.4924999999999997,0.21350844887936257,0
2PG,439278,P0DMV9,HSPA1B,Heat shock 70 kDa protein 1B OS=Homo sapiens OX=9606 GN=HSPA1B PE=1 SV=1,4J8F,-6.5132000000000003,0.21342683253440622,0
LAC,91435,P16422,EPCAM,Epithelial cell adhesion molecule OS=Homo sapiens OX=9606 GN=EPCAM PE=1 SV=2,4MZV,-4.1029999999999998,0.2132358551964904,0
2PG,439278,O43242,PSMD3,26S proteasome non-ATPase regulatory subunit 3 OS=Homo sapiens OX=9606 GN=PSMD3 PE=1 SV=2,5VGZ,-5.0516699999999997,0.2130550913957144,0
G3P,729,Q16181,SEPT7,Septin-7 OS=Homo sapiens OX=9606 GN=SEPT7 PE=1 SV=2,7M6J,-4.5473999999999997,0.21280435954724466,0
LAC,91435,Q15365,PCBP1,Poly(rC)-binding protein 1 OS=Homo sapiens OX=9606 GN=PCBP1 PE=1 SV=2,3VKE,-3.3877000000000002,0.21266026514248867,0
F6P,439958,O15305,PMM2,Phosphomannomutase 2 OS=Homo sapiens OX=9606 GN=PMM2 PE=1 SV=1,2Q4R,,0.21262539093695795,0
PEP,1005,P63244,RACK1,Receptor of activated protein C kinase 1 OS=Homo sapiens OX=9606 GN=RACK1 PE=1 SV=3,6ZLW,-4.8308249999999999,0.21230444289723677,0
LAC,91435,P00338,LDHA,L-lactate dehydrogenase A chain OS=Homo sapiens OX=9606 GN=LDHA PE=1 SV=2,4OJN,-3.8694999999999999,0.21224921232342225,0
2PG,439278,Q14444,CAPRIN1,Caprin-1 OS=Homo sapiens OX=9606 GN=CAPRIN1 PE=1 SV=2,4WBE,-4.2393000000000001,0.21215320751088282,0
LAC,91435,Q99497,PARK7,Protein/nucleic acid deglycase DJ-1 OS=Homo sapiens OX=9606 GN=PARK7 PE=1 SV=2,3B38,-3.7195,0.2120302590389567,0
F6P,439958,P13667,PDIA4,Protein disulfide-isomerase A4 OS=Homo sapiens OX=9606 GN=PDIA4 PE=1 SV=2,3IDV,-5.1506999999999996,0.2117629643054671,0
G3P,729,P84098,RPL19,60S ribosomal protein L19 OS=Homo sapiens OX=9606 GN=RPL19 PE=1 SV=1,5A2Q,-3.5135999999999998,0.211590229539804,0
F6P,439958,O00767,SCD,Acyl-CoA desaturase OS=Homo sapiens OX=9606 GN=SCD PE=1 SV=2,4ZYO,-5.8944000000000001,0.21119212412983446,0
LAC,91435,Q13011,ECH1,Delta(3 5)-Delta(2 4)-dienoyl-CoA isomerase  mitochondrial OS=Homo sapiens OX=9606 GN=ECH1 PE=1 SV=2,2VRE,-3.8349000000000002,0.21063774497507728,0
R5P,77982,P14550,AKR1A1,Alcohol dehydrogenase [NADP(+)] OS=Homo sapiens OX=9606 GN=AKR1A1 PE=1 SV=3,2ALR,,0.2106030978885706,0
G3P,729,P0DMV8,HSPA1A,Heat shock 70 kDa protein 1A OS=Homo sapiens OX=9606 GN=HSPA1A PE=1 SV=1,4J8F,-6.0286999999999997,0.21022665527586848,0
R5P,77982,Q92945,KHSRP,Far upstream element-binding protein 2 OS=Homo sapiens OX=9606 GN=KHSRP PE=1 SV=4,2JVZ,,0.209682735166116,0
G3P,729,O43324,EEF1E1,Eukaryotic translation elongation factor 1 epsilon-1 OS=Homo sapiens OX=9606 GN=EEF1E1 PE=1 SV=1,5Y6L,-5.0164,0.20958614429702288,0
R5P,77982,Q92597,NDRG1,Protein NDRG1 OS=Homo sapiens OX=9606 GN=NDRG1 PE=1 SV=1,6ZMM,,0.20941015854670708,0
LAC,91435,Q9HB71,CACYBP,Calcyclin-binding protein OS=Homo sapiens OX=9606 GN=CACYBP PE=1 SV=2,2A26,-2.6947000000000001,0.20871241749836508,0
G3P,729,Q15084,PDIA6,Protein disulfide-isomerase A6 OS=Homo sapiens OX=9606 GN=PDIA6 PE=1 SV=1,3W8J,-4.6802000000000001,0.20861758153118704,0
G6P,69507,P62273,RPS29,40S ribosomal protein S29 OS=Homo sapiens OX=9606 GN=RPS29 PE=1 SV=2,7R4X,-5.23834,0.20860811790335307,0
R5P,77982,O60716,CTNND1,Catenin delta-1 OS=Homo sapiens OX=9606 GN=CTNND1 PE=1 SV=1,3L6X,,0.20852130517152276,0
G6P,69507,O95163,ELP1,Elongator complex protein 1 OS=Homo sapiens OX=9606 GN=ELP1 PE=1 SV=3,5CQR,-5.0552000000000001,0.20799534996535624,0
F6P,439958,O95602,POLR1A,DNA-directed RNA polymerase I subunit RPA1 OS=Homo sapiens OX=9606 GN=POLR1A PE=1 SV=2,7OB9,-4.9462375000000014,0.2079800317816886,0
FBP,3281376,P62266,RPS23,40S ribosomal protein S23 OS=Homo sapiens OX=9606 GN=RPS23 PE=1 SV=3,6ZLW,-6.176075,0.2077454052664139,0
G3P,729,P0DMV9,HSPA1B,Heat shock 70 kDa protein 1B OS=Homo sapiens OX=9606 GN=HSPA1B PE=1 SV=1,4J8F,-6.0286999999999997,0.20772690953196954,0
G6P,69507,Q86VP6,CAND1,Cullin-associated NEDD8-dissociated protein 1 OS=Homo sapiens OX=9606 GN=CAND1 PE=1 SV=2,4A0C,-6.2089499999999997,0.2076476231191356,0
LAC,91435,P31151,S100A7,Protein S100-A7 OS=Homo sapiens OX=9606 GN=S100A7 PE=1 SV=4,1PSR,-3.5253000000000001,0.20750415171398004,0
2PG,439278,O76094,SRP72,Signal recognition particle subunit SRP72 OS=Homo sapiens OX=9606 GN=SRP72 PE=1 SV=3,5WRV,-5.1108000000000002,0.20746650042361617,0
LAC,91435,P62701,RPS4X,40S ribosomal protein S4  X isoform OS=Homo sapiens OX=9606 GN=RPS4X PE=1 SV=2,6ZLW,-3.5361250000000002,0.20702129552533602,0
PEP,1005,P38606,ATP6V1A,V-type proton ATPase catalytic subunit A OS=Homo sapiens OX=9606 GN=ATP6V1A PE=1 SV=2,6WLZ,-4.9179000000000004,0.20695347275795425,0
G6P,69507,P61088,UBE2N,Ubiquitin-conjugating enzyme E2 N OS=Homo sapiens OX=9606 GN=UBE2N PE=1 SV=1,2C2V,-5.9314,0.20674122247460988,0
LAC,91435,P28074,PSMB5,Proteasome subunit beta type-5 OS=Homo sapiens OX=9606 GN=PSMB5 PE=1 SV=3,5L5Y,-3.7734000000000001,0.2065835342421177,0
PYR,107735,P25788,PSMA3,Proteasome subunit alpha type-3 OS=Homo sapiens OX=9606 GN=PSMA3 PE=1 SV=2,4R3O,-3.7576999999999998,0.2062330307549718,0
2PG,439278,Q00839,HNRNPU,Heterogeneous nuclear ribonucleoprotein U OS=Homo sapiens OX=9606 GN=HNRNPU PE=1 SV=6,1ZRJ,-3.8845000000000001,0.20618118403154354,0
3PG,439183,Q00839,HNRNPU,Heterogeneous nuclear ribonucleoprotein U OS=Homo sapiens OX=9606 GN=HNRNPU PE=1 SV=6,1ZRJ,-3.9315000000000002,0.20618118403154354,0
G6P,69507,P26368,U2AF2,Splicing factor U2AF 65 kDa subunit OS=Homo sapiens OX=9606 GN=U2AF2 PE=1 SV=4,6XLV,-5.9272999999999998,0.2052426006373812,0
F6P,439958,P61604,HSPE1,10 kDa heat shock protein  mitochondrial OS=Homo sapiens OX=9606 GN=HSPE1 PE=1 SV=2,6MRD,-4.6600999999999999,0.20516444543852538,0
G6P,69507,Q8WUW1,BRK1,Protein BRICK1 OS=Homo sapiens OX=9606 GN=BRK1 PE=1 SV=1,4N78,-5.2445500000000003,0.2049134167168961,0
F6P,439958,Q01105,SET,Protein SET OS=Homo sapiens OX=9606 GN=SET PE=1 SV=3,2E50,-5.2161,0.20487083315274354,0
2PG,439278,P62269,RPS18,40S ribosomal protein S18 OS=Homo sapiens OX=9606 GN=RPS18 PE=1 SV=3,6ZVH,-4.4844375000000003,0.2046833221253411,0
R5P,77982,P18206,VCL,Vinculin OS=Homo sapiens OX=9606 GN=VCL PE=1 SV=4,1TR2,,0.2041820211764006,0
F6P,439958,O43324,EEF1E1,Eukaryotic translation elongation factor 1 epsilon-1 OS=Homo sapiens OX=9606 GN=EEF1E1 PE=1 SV=1,5Y6L,-6.4010999999999996,0.20411518415162647,0
R5P,77982,O43324,EEF1E1,Eukaryotic translation elongation factor 1 epsilon-1 OS=Homo sapiens OX=9606 GN=EEF1E1 PE=1 SV=1,5Y6L,,0.20408061261275218,0
R5P,77982,O15305,PMM2,Phosphomannomutase 2 OS=Homo sapiens OX=9606 GN=PMM2 PE=1 SV=1,2Q4R,,0.2039066915305101,0
G6P,69507,Q9BYG3,NIFK,MKI67 FHA domain-interacting nucleolar phosphoprotein OS=Homo sapiens OX=9606 GN=NIFK PE=1 SV=1,2AFF,-4.5540000000000003,0.2038736989251163,0
R5P,77982,O14744,PRMT5,Protein arginine N-methyltransferase 5 OS=Homo sapiens OX=9606 GN=PRMT5 PE=1 SV=4,7ZVU,,0.20357186039727357,0
R5P,77982,Q99828,CIB1,Calcium and integrin-binding protein 1 OS=Homo sapiens OX=9606 GN=CIB1 PE=1 SV=4,1Y1A,,0.20353042256235937,0
G3P,729,Q05397,PTK2,Focal adhesion kinase 1 OS=Homo sapiens OX=9606 GN=PTK2 PE=1 SV=2,6LES,-4.4528999999999996,0.20351083370127715,0
2PG,439278,Q00688,FKBP3,Peptidyl-prolyl cis-trans isomerase FKBP3 OS=Homo sapiens OX=9606 GN=FKBP3 PE=1 SV=1,5D75,-4.1760000000000002,0.2032683516220306,0
G3P,729,P27797,CALR,Calreticulin OS=Homo sapiens OX=9606 GN=CALR PE=1 SV=1,3POS,-4.5511999999999997,0.2029748837899825,0
R5P,77982,O00767,SCD,Acyl-CoA desaturase OS=Homo sapiens OX=9606 GN=SCD PE=1 SV=2,4ZYO,,0.2026997325645011,0
G3P,729,Q14019,COTL1,Coactosin-like protein OS=Homo sapiens OX=9606 GN=COTL1 PE=1 SV=3,1T2L,-3.8892000000000002,0.2024121627877127,0
F6P,439958,Q9H2W6,MRPL46,39S ribosomal protein L46  mitochondrial OS=Homo sapiens OX=9606 GN=MRPL46 PE=1 SV=1,5OOM,-4.7077499999999999,0.2021788510327388,0
G6P,69507,P62820,RAB1A,Ras-related protein Rab-1A OS=Homo sapiens OX=9606 GN=RAB1A PE=1 SV=3,4FMD,-6.9203999999999999,0.202160553213694,0
F6P,439958,P09972,ALDOC,Fructose-bisphosphate aldolase C OS=Homo sapiens OX=9606 GN=ALDOC PE=1 SV=2,1XFB,-6.6047000000000002,0.20181904892546754,0
G6P,69507,P07910,HNRNPC,Heterogeneous nuclear ribonucleoproteins C1/C2 OS=Homo sapiens OX=9606 GN=HNRNPC PE=1 SV=4,3LN4,-3.3519999999999999,0.20177274435026818,0
2PG,439278,P06748,NPM1,Nucleophosmin OS=Homo sapiens OX=9606 GN=NPM1 PE=1 SV=2,8AH2,-4.7126000000000001,0.20157644368875413,0
F6P,439958,Q9Y617,PSAT1,Phosphoserine aminotransferase OS=Homo sapiens OX=9606 GN=PSAT1 PE=1 SV=2,8A5V,-6.2454000000000001,0.20093192012735253,0
G6P,69507,Q9Y617,PSAT1,Phosphoserine aminotransferase OS=Homo sapiens OX=9606 GN=PSAT1 PE=1 SV=2,8A5V,-6.7672999999999996,0.20093192012735253,0
PEP,1005,P31948,STIP1,Stress-induced-phosphoprotein 1 OS=Homo sapiens OX=9606 GN=STIP1 PE=1 SV=1,7KW7,-5.6871999999999998,0.20043906826408645,0
G6P,69507,O95602,POLR1A,DNA-directed RNA polymerase I subunit RPA1 OS=Homo sapiens OX=9606 GN=POLR1A PE=1 SV=2,7OB9,-5.6414125000000004,0.20030890212602637,0
F6P,439958,Q13435,SF3B2,Splicing factor 3B subunit 2 OS=Homo sapiens OX=9606 GN=SF3B2 PE=1 SV=2,7ONB,-4.67455,0.20029036511403156,0
F6P,439958,P62273,RPS29,40S ribosomal protein S29 OS=Homo sapiens OX=9606 GN=RPS29 PE=1 SV=2,7R4X,-4.8066200000000006,0.20027037460030583,0
G3P,729,P15374,UCHL3,Ubiquitin carboxyl-terminal hydrolase isozyme L3 OS=Homo sapiens OX=9606 GN=UCHL3 PE=1 SV=1,1XD3,-4.5030000000000001,0.20014185073756124,0
PEP,1005,P08238,HSP90AB1,Heat shock protein HSP 90-beta OS=Homo sapiens OX=9606 GN=HSP90AB1 PE=1 SV=4,7ZR0,-5.4625000000000004,0.19994581923429725,0
R5P,77982,O00487,PSMD14,26S proteasome non-ATPase regulatory subunit 14 OS=Homo sapiens OX=9606 GN=PSMD14 PE=1 SV=1,5VGZ,,0.1998463502851867,0
G3P,729,Q06323,PSME1,Proteasome activator complex subunit 1 OS=Homo sapiens OX=9606 GN=PSME1 PE=1 SV=1,7NAO,-4.01335,0.19947689446510372,0
G6P,69507,Q8WWY3,PRPF31,U4/U6 small nuclear ribonucleoprotein Prp31 OS=Homo sapiens OX=9606 GN=PRPF31 PE=1 SV=2,2OZB,-5.4484000000000004,0.19936635930039584,0
PEP,1005,P58546,MTPN,Myotrophin OS=Homo sapiens OX=9606 GN=MTPN PE=1 SV=2,3AAA,-4.226,0.19925005653066924,0
LAC,91435,P49189,ALDH9A1,4-trimethylaminobutyraldehyde dehydrogenase OS=Homo sapiens OX=9606 GN=ALDH9A1 PE=1 SV=3,6VR6,-4.359,0.19920609754655597,0
R5P,77982,Q86UE4,MTDH,Protein LYRIC OS=Homo sapiens OX=9606 GN=MTDH PE=1 SV=2,4QMG,,0.1990560431355679,0
F6P,439958,Q13200,PSMD2,26S proteasome non-ATPase regulatory subunit 2 OS=Homo sapiens OX=9606 GN=PSMD2 PE=1 SV=3,5L4K,-4.9206000000000003,0.1989207231165823,0
LAC,91435,P30085,CMPK1,UMP-CMP kinase OS=Homo sapiens OX=9606 GN=CMPK1 PE=1 SV=3,7E9V,-4.0503999999999998,0.19891758068409623,0
F6P,439958,P07108,DBI,Acyl-CoA-binding protein OS=Homo sapiens OX=9606 GN=DBI PE=1 SV=2,2CB8,-4.3990999999999998,0.19870153174773308,0
PEP,1005,P22392,NME2,Nucleoside diphosphate kinase B OS=Homo sapiens OX=9606 GN=NME2 PE=1 SV=1,7KPF,-4.8567999999999998,0.1981149431614701,0
F6P,439958,P21127,CDK11B,Cyclin-dependent kinase 11B OS=Homo sapiens OX=9606 GN=CDK11B PE=1 SV=4,7UKZ,-5.2840999999999996,0.1979147501239307,0
2PG,439278,P08865,RPSA,40S ribosomal protein SA OS=Homo sapiens OX=9606 GN=RPSA PE=1 SV=4,6ZVH,-4.4844375000000003,0.19765419308837107,0
F6P,439958,P52597,HNRNPF,Heterogeneous nuclear ribonucleoprotein F OS=Homo sapiens OX=9606 GN=HNRNPF PE=1 SV=3,3TFY,,0.1972888789695935,0
G6P,69507,P52597,HNRNPF,Heterogeneous nuclear ribonucleoprotein F OS=Homo sapiens OX=9606 GN=HNRNPF PE=1 SV=3,3TFY,,0.1972888789695935,0
R5P,77982,P09651,HNRNPA1,Heterogeneous nuclear ribonucleoprotein A1 OS=Homo sapiens OX=9606 GN=HNRNPA1 PE=1 SV=5,1U1Q,,0.19728203590983523,0
G6P,69507,O00299,CLIC1,Chloride intracellular channel protein 1 OS=Homo sapiens OX=9606 GN=CLIC1 PE=1 SV=4,4JZQ,-5.6547000000000001,0.1970225929492823,0
LAC,91435,P25788,PSMA3,Proteasome subunit alpha type-3 OS=Homo sapiens OX=9606 GN=PSMA3 PE=1 SV=2,4R3O,-3.7650800000000002,0.1967032114631285,0
G3P,729,Q16629,SRSF7,Serine/arginine-rich splicing factor 7 OS=Homo sapiens OX=9606 GN=SRSF7 PE=1 SV=1,2HVZ,-4.0357000000000003,0.1964680141919557,0
PEP,1005,P11021,HSPA5,Endoplasmic reticulum chaperone BiP OS=Homo sapiens OX=9606 GN=HSPA5 PE=1 SV=2,6ASY,-6.6078999999999999,0.19640253117336653,0
F6P,439958,P62753,RPS6,40S ribosomal protein S6 OS=Homo sapiens OX=9606 GN=RPS6 PE=1 SV=1,6ZVH,-4.7758250000000002,0.19637366728895891,0
2PG,439278,Q13177,PAK2,Serine/threonine-protein kinase PAK 2 OS=Homo sapiens OX=9606 GN=PAK2 PE=1 SV=3,3PCS,-3.3879999999999999,0.19630698623012907,0
F6P,439958,O00425,IGF2BP3,Insulin-like growth factor 2 mRNA-binding protein 3 OS=Homo sapiens OX=9606 GN=IGF2BP3 PE=1 SV=2,6GQE,-5.1269,0.19613054354969253,0
2PG,439278,Q6NYC1,JMJD6,Bifunctional arginine demethylase and lysyl-hydroxylase JMJD6 OS=Homo sapiens OX=9606 GN=JMJD6 PE=1 SV=1,6MEV,-5.5073999999999996,0.1954777647796425,0
G3P,729,Q9BYG3,NIFK,MKI67 FHA domain-interacting nucleolar phosphoprotein OS=Homo sapiens OX=9606 GN=NIFK PE=1 SV=1,2AFF,-3.3508,0.1952781925559674,0
G3P,729,O60506,SYNCRIP,Heterogeneous nuclear ribonucleoprotein Q OS=Homo sapiens OX=9606 GN=SYNCRIP PE=1 SV=2,6KOR,-4.5827,0.19494234666775373,0
LAC,91435,P04406,GAPDH,Glyceraldehyde-3-phosphate dehydrogenase OS=Homo sapiens OX=9606 GN=GAPDH PE=1 SV=3,6M61,-3.8494999999999999,0.1948520858679597,0
2PG,439278,P13667,PDIA4,Protein disulfide-isomerase A4 OS=Homo sapiens OX=9606 GN=PDIA4 PE=1 SV=2,3IDV,-4.9120999999999997,0.19453466392160296,0
R5P,77982,Q9C005,DPY30,Protein dpy-30 homolog OS=Homo sapiens OX=9606 GN=DPY30 PE=1 SV=1,4RTA,,0.19453261733838673,0
2PG,439278,Q8IYB3,SRRM1,Serine/arginine repetitive matrix protein 1 OS=Homo sapiens OX=9606 GN=SRRM1 PE=1 SV=2,6FF7,-3.8887,0.19437819354239566,0
G6P,69507,O00264,PGRMC1,Membrane-associated progesterone receptor component 1 OS=Homo sapiens OX=9606 GN=PGRMC1 PE=1 SV=3,4X8Y,-5.5347999999999997,0.19383705582576982,0
G3P,729,Q92905,COPS5,COP9 signalosome complex subunit 5 OS=Homo sapiens OX=9606 GN=COPS5 PE=1 SV=4,4D10,-4.4352428571428568,0.1936938530849284,0
G3P,729,P04080,CSTB,Cystatin-B OS=Homo sapiens OX=9606 GN=CSTB PE=1 SV=2,1STF,-4.0964,0.1933530848725579,0
G3P,729,P62753,RPS6,40S ribosomal protein S6 OS=Homo sapiens OX=9606 GN=RPS6 PE=1 SV=1,6ZVH,-4.2567062499999997,0.1933457831704332,0
F6P,439958,Q8WUM4,PDCD6IP,Programmed cell death 6-interacting protein OS=Homo sapiens OX=9606 GN=PDCD6IP PE=1 SV=1,2XS1,-5.1032999999999999,0.19301508262561506,0
G3P,729,P52597,HNRNPF,Heterogeneous nuclear ribonucleoprotein F OS=Homo sapiens OX=9606 GN=HNRNPF PE=1 SV=3,3TFY,,0.1929068221776847,0
F6P,439958,Q99828,CIB1,Calcium and integrin-binding protein 1 OS=Homo sapiens OX=9606 GN=CIB1 PE=1 SV=4,1Y1A,-5.2069000000000001,0.1928637624973162,0
G6P,69507,P78371,CCT2,T-complex protein 1 subunit beta OS=Homo sapiens OX=9606 GN=CCT2 PE=1 SV=4,7TTN,-7.0937000000000001,0.19232935651067307,0
PEP,1005,P63104,YWHAZ,14-3-3 protein zeta/delta OS=Homo sapiens OX=9606 GN=YWHAZ PE=1 SV=1,4ZDR,-5.0316000000000001,0.19224118534967477,0
F6P,439958,Q9NR12,PDLIM7,PDZ and LIM domain protein 7 OS=Homo sapiens OX=9606 GN=PDLIM7 PE=1 SV=1,2Q3G,-4.9032999999999998,0.19219166280431466,0
2PG,439278,P55209,NAP1L1,Nucleosome assembly protein 1-like 1 OS=Homo sapiens OX=9606 GN=NAP1L1 PE=1 SV=1,7UN6,-5.4108999999999998,0.19213410992758137,0
R5P,77982,P02545,LMNA,Prelamin-A/C OS=Homo sapiens OX=9606 GN=LMNA PE=1 SV=1,7D9N,,0.1921253496632988,0
G3P,729,P62873,GNB1,Guanine nucleotide-binding protein G(I)/G(S)/G(T) subunit beta-1 OS=Homo sapiens OX=9606 GN=GNB1 PE=1 SV=3,7JVR,-4.9173,0.1919467434081881,0
R5P,77982,Q9ULT8,HECTD1,E3 ubiquitin-protein ligase HECTD1 OS=Homo sapiens OX=9606 GN=HECTD1 PE=1 SV=3,3DKM,,0.19191456757020878,0
R5P,77982,Q15233,NONO,Non-POU domain-containing octamer-binding protein OS=Homo sapiens OX=9606 GN=NONO PE=1 SV=4,7LRU,,0.19190318773935755,0
F6P,439958,P00505,GOT2,Aspartate aminotransferase  mitochondrial OS=Homo sapiens OX=9606 GN=GOT2 PE=1 SV=3,5AX8,-5.7167000000000003,0.1912822797901759,0
G3P,729,O15371,EIF3D,Eukaryotic translation initiation factor 3 subunit D OS=Homo sapiens OX=9606 GN=EIF3D PE=1 SV=1,6YBS,-4.7307999999999986,0.1903024463211917,0
R5P,77982,Q8IWV8,UBR2,E3 ubiquitin-protein ligase UBR2 OS=Homo sapiens OX=9606 GN=UBR2 PE=1 SV=1,5UM3,,0.19022086694564197,0
G3P,729,O60869,EDF1,Endothelial differentiation-related factor 1 OS=Homo sapiens OX=9606 GN=EDF1 PE=1 SV=1,6ZVH,-4.2567062499999997,0.19022084372992143,0
G6P,69507,P21589,NT5E,5'-nucleotidase OS=Homo sapiens OX=9606 GN=NT5E PE=1 SV=1,7JV8,-7.6376999999999997,0.18981007038142111,0
R5P,77982,P62753,RPS6,40S ribosomal protein S6 OS=Homo sapiens OX=9606 GN=RPS6 PE=1 SV=1,6ZVH,,0.18952819195323434,0
R5P,77982,O00232,PSMD12,26S proteasome non-ATPase regulatory subunit 12 OS=Homo sapiens OX=9606 GN=PSMD12 PE=1 SV=3,5VGZ,,0.1894141395494775,0
F6P,439958,P51148,RAB5C,Ras-related protein Rab-5C OS=Homo sapiens OX=9606 GN=RAB5C PE=1 SV=2,4KYI,-6.2107000000000001,0.18934542755766567,0
G6P,69507,O00425,IGF2BP3,Insulin-like growth factor 2 mRNA-binding protein 3 OS=Homo sapiens OX=9606 GN=IGF2BP3 PE=1 SV=2,6GQE,-5.8094999999999999,0.1887922898343474,0
2PG,439278,P50579,METAP2,Methionine aminopeptidase 2 OS=Homo sapiens OX=9606 GN=METAP2 PE=1 SV=1,5D6E,-5.1870000000000003,0.1886381087551989,0
G3P,729,Q96KP4,CNDP2,Cytosolic non-specific dipeptidase OS=Homo sapiens OX=9606 GN=CNDP2 PE=1 SV=2,4RUH,-5.1963999999999997,0.1885365118129574,0
G6P,69507,O15371,EIF3D,Eukaryotic translation initiation factor 3 subunit D OS=Homo sapiens OX=9606 GN=EIF3D PE=1 SV=1,6YBS,-5.4849999999999994,0.18843166727532634,0
G6P,69507,P83731,RPL24,60S ribosomal protein L24 OS=Homo sapiens OX=9606 GN=RPL24 PE=1 SV=1,5A2Q,-4.4632000000000014,0.18840635585939364,0
F6P,439958,P45974,USP5,Ubiquitin carboxyl-terminal hydrolase 5 OS=Homo sapiens OX=9606 GN=USP5 PE=1 SV=2,3IHP,-5.2925000000000004,0.18826771696629413,0
G3P,729,Q9H2W6,MRPL46,39S ribosomal protein L46  mitochondrial OS=Homo sapiens OX=9606 GN=MRPL46 PE=1 SV=1,5OOM,-4.1636583333333332,0.18771455428829906,0
G3P,729,P51148,RAB5C,Ras-related protein Rab-5C OS=Homo sapiens OX=9606 GN=RAB5C PE=1 SV=2,4KYI,-5.5777999999999999,0.18754970637034668,0
R5P,77982,P06744,GPI,Glucose-6-phosphate isomerase OS=Homo sapiens OX=9606 GN=GPI PE=1 SV=4,1JIQ,,0.18752301357912085,0
LAC,91435,P31946,YWHAB,14-3-3 protein beta/alpha OS=Homo sapiens OX=9606 GN=YWHAB PE=1 SV=3,6GN0,-3.7343000000000002,0.18722123893605674,0
FBP,3281376,Q92597,NDRG1,Protein NDRG1 OS=Homo sapiens OX=9606 GN=NDRG1 PE=1 SV=1,6ZMM,-5.484,0.1868819564853139,0
R5P,77982,P83731,RPL24,60S ribosomal protein L24 OS=Homo sapiens OX=9606 GN=RPL24 PE=1 SV=1,5A2Q,,0.1868081864619382,0
LAC,91435,P60174,TPI1,Triosephosphate isomerase OS=Homo sapiens OX=9606 GN=TPI1 PE=1 SV=3,1WYI,-3.6669,0.18605674286716598,0
F6P,439958,Q8TEQ6,GEMIN5,Gem-associated protein 5 OS=Homo sapiens OX=9606 GN=GEMIN5 PE=1 SV=3,5THA,-6.2229999999999999,0.18596700855328518,0
F6P,439958,P04406,GAPDH,Glyceraldehyde-3-phosphate dehydrogenase OS=Homo sapiens OX=9606 GN=GAPDH PE=1 SV=3,6M61,-4.9214000000000002,0.1859048642152504,0
2PG,439278,Q06323,PSME1,Proteasome activator complex subunit 1 OS=Homo sapiens OX=9606 GN=PSME1 PE=1 SV=1,7NAO,-4.4796999999999993,0.18586854118577867,0
G6P,69507,Q13526,PIN1,Peptidyl-prolyl cis-trans isomerase NIMA-interacting 1 OS=Homo sapiens OX=9606 GN=PIN1 PE=1 SV=1,5B3Z,-6.5743,0.18579923724712383,0
LAC,91435,Q16836,HADH,Hydroxyacyl-coenzyme A dehydrogenase  mitochondrial OS=Homo sapiens OX=9606 GN=HADH PE=1 SV=3,3HAD,-3.8584000000000001,0.1857834989893857,0
G3P,729,P06748,NPM1,Nucleophosmin OS=Homo sapiens OX=9606 GN=NPM1 PE=1 SV=2,8AH2,-4.2885,0.18575780238689882,0
R5P,77982,P62979,RPS27A,Ubiquitin-40S ribosomal protein S27a OS=Homo sapiens OX=9606 GN=RPS27A PE=1 SV=2,3AXC,,0.18535112142922577,0
2PG,439278,P49321,NASP,Nuclear autoantigenic sperm protein OS=Homo sapiens OX=9606 GN=NASP PE=1 SV=2,7V1L,-4.5343999999999998,0.18505511141626085,0
R5P,77982,P13667,PDIA4,Protein disulfide-isomerase A4 OS=Homo sapiens OX=9606 GN=PDIA4 PE=1 SV=2,3IDV,,0.1849636744545572,0
G3P,729,Q9H299,SH3BGRL3,SH3 domain-binding glutamic acid-rich-like protein 3 OS=Homo sapiens OX=9606 GN=SH3BGRL3 PE=1 SV=1,1SJ6,-3.9762,0.18484150592827017,0
R5P,77982,P35244,RPA3,Replication protein A 14 kDa subunit OS=Homo sapiens OX=9606 GN=RPA3 PE=1 SV=1,2PI2,,0.18465802570323986,0
G6P,69507,P04406,GAPDH,Glyceraldehyde-3-phosphate dehydrogenase OS=Homo sapiens OX=9606 GN=GAPDH PE=1 SV=3,6M61,-6.1153000000000004,0.1845689130863542,0
R5P,77982,P14618,PKM,Pyruvate kinase PKM OS=Homo sapiens OX=9606 GN=PKM PE=1 SV=4,6B6U,,0.1844137964343279,0
R5P,77982,P15374,UCHL3,Ubiquitin carboxyl-terminal hydrolase isozyme L3 OS=Homo sapiens OX=9606 GN=UCHL3 PE=1 SV=1,1XD3,,0.1841744943357711,0
R5P,77982,P00558,PGK1,Phosphoglycerate kinase 1 OS=Homo sapiens OX=9606 GN=PGK1 PE=1 SV=3,4O33,,0.18412870255663355,0
R5P,77982,P78536,ADAM17,Disintegrin and metalloproteinase domain-containing protein 17 OS=Homo sapiens OX=9606 GN=ADAM17 PE=1 SV=1,2OI0,,0.1840895284044639,0
2PG,439278,O00170,AIP,AH receptor-interacting protein OS=Homo sapiens OX=9606 GN=AIP PE=1 SV=2,7ZUB,-4.3453999999999997,0.1838911110166098,0
G3P,729,Q08AG7,MZT1,Mitotic-spindle organizing protein 1 OS=Homo sapiens OX=9606 GN=MZT1 PE=1 SV=2,6M33,-3.4962,0.1836910790439167,0
PEP,1005,P31151,S100A7,Protein S100-A7 OS=Homo sapiens OX=9606 GN=S100A7 PE=1 SV=4,1PSR,-4.3037999999999998,0.18356497498749452,0
2PG,439278,Q13620,CUL4B,Cullin-4B OS=Homo sapiens OX=9606 GN=CUL4B PE=1 SV=4,4A0C,-4.7435,0.18347439053218934,0
R5P,77982,P20020,ATP2B1,Plasma membrane calcium-transporting ATPase 1 OS=Homo sapiens OX=9606 GN=ATP2B1 PE=1 SV=3,6A69,,0.18337237408837914,0
LAC,91435,P49773,HINT1,Histidine triad nucleotide-binding protein 1 OS=Homo sapiens OX=9606 GN=HINT1 PE=1 SV=2,6G9Z,-3.3210999999999999,0.18305082847740906,0
LAC,91435,P04792,HSPB1,Heat shock protein beta-1 OS=Homo sapiens OX=9606 GN=HSPB1 PE=1 SV=2,6DV5,0,0.18300871451005768,0
G3P,729,P02545,LMNA,Prelamin-A/C OS=Homo sapiens OX=9606 GN=LMNA PE=1 SV=1,7D9N,,0.18274970548581665,0
G3P,729,Q9Y617,PSAT1,Phosphoserine aminotransferase OS=Homo sapiens OX=9606 GN=PSAT1 PE=1 SV=2,8A5V,-5.0887000000000002,0.18270361569572302,0
G6P,69507,Q8TEQ6,GEMIN5,Gem-associated protein 5 OS=Homo sapiens OX=9606 GN=GEMIN5 PE=1 SV=3,5THA,-7.8487,0.18268754154486216,0
F6P,439958,P07339,CTSD,Cathepsin D OS=Homo sapiens OX=9606 GN=CTSD PE=1 SV=1,4OC6,-5.3396999999999997,0.18263653808589866,0
G3P,729,P46781,RPS9,40S ribosomal protein S9 OS=Homo sapiens OX=9606 GN=RPS9 PE=1 SV=3,7R4X,-4.0478199999999998,0.1826098186989803,0
2PG,439278,P46060,RANGAP1,Ran GTPase-activating protein 1 OS=Homo sapiens OX=9606 GN=RANGAP1 PE=1 SV=1,5D2M,-3.9466999999999999,0.18179704603104146,0
2PG,439278,P60174,TPI1,Triosephosphate isomerase OS=Homo sapiens OX=9606 GN=TPI1 PE=1 SV=3,1WYI,-5.2222,0.1815782978523659,0
G6P,69507,P22626,HNRNPA2B1,Heterogeneous nuclear ribonucleoproteins A2/B1 OS=Homo sapiens OX=9606 GN=HNRNPA2B1 PE=1 SV=2,5WWG,-5.8685,0.1810676032793301,0
LAC,91435,P58546,MTPN,Myotrophin OS=Homo sapiens OX=9606 GN=MTPN PE=1 SV=2,3AAA,-3.4832000000000001,0.1808282522936951,0
G3P,729,O00299,CLIC1,Chloride intracellular channel protein 1 OS=Homo sapiens OX=9606 GN=CLIC1 PE=1 SV=4,4JZQ,-4.3376999999999999,0.1807759773390481,0
LAC,91435,P46781,RPS9,40S ribosomal protein S9 OS=Homo sapiens OX=9606 GN=RPS9 PE=1 SV=3,7R4X,-3.40496,0.1806038545124465,0
2PG,439278,Q01970,PLCB3,1-phosphatidylinositol 4 5-bisphosphate phosphodiesterase beta-3 OS=Homo sapiens OX=9606 GN=PLCB3 PE=1 SV=2,4GNK,-6.3558000000000003,0.17988271546030368,0
G3P,729,P32320,CDA,Cytidine deaminase OS=Homo sapiens OX=9606 GN=CDA PE=1 SV=2,1MQ0,-4.3463000000000003,0.17987996263613723,0
G6P,69507,P15531,NME1,Nucleoside diphosphate kinase A OS=Homo sapiens OX=9606 GN=NME1 PE=1 SV=1,3L7U,-5.5282,0.17975520423047575,0
G3P,729,P28070,PSMB4,Proteasome subunit beta type-4 OS=Homo sapiens OX=9606 GN=PSMB4 PE=1 SV=4,6XMJ,-4.2275,0.1795095562912898,0
LAC,91435,P62249,RPS16,40S ribosomal protein S16 OS=Homo sapiens OX=9606 GN=RPS16 PE=1 SV=2,6ZVH,-3.5267187500000001,0.17938931654382625,0
G3P,729,O15305,PMM2,Phosphomannomutase 2 OS=Homo sapiens OX=9606 GN=PMM2 PE=1 SV=1,2Q4R,,0.17917878880538451,0
2PG,439278,Q14697,GANAB,Neutral alpha-glucosidase AB OS=Homo sapiens OX=9606 GN=GANAB PE=1 SV=3,8D43,-4.89595,0.17914767994065123,0
R5P,77982,Q12929,EPS8,Epidermal growth factor receptor kinase substrate 8 OS=Homo sapiens OX=9606 GN=EPS8 PE=1 SV=1,7TZK,,0.17871009832622597,0
G6P,69507,P63098,PPP3R1,Calcineurin subunit B type 1 OS=Homo sapiens OX=9606 GN=PPP3R1 PE=1 SV=2,7U0T,-5.2904999999999998,0.1785569420321291,0
LAC,91435,P61956,SUMO2,Small ubiquitin-related modifier 2 OS=Homo sapiens OX=9606 GN=SUMO2 PE=1 SV=3,2IO0,-3.4268000000000001,0.17854056014575417,0
F6P,439958,P78371,CCT2,T-complex protein 1 subunit beta OS=Homo sapiens OX=9606 GN=CCT2 PE=1 SV=4,7TTN,-6.3324999999999996,0.17844759934273885,0
G6P,69507,Q8WUM4,PDCD6IP,Programmed cell death 6-interacting protein OS=Homo sapiens OX=9606 GN=PDCD6IP PE=1 SV=1,2XS1,-5.6228999999999996,0.17835364395773973,0
R5P,77982,P45974,USP5,Ubiquitin carboxyl-terminal hydrolase 5 OS=Homo sapiens OX=9606 GN=USP5 PE=1 SV=2,3IHP,,0.17787557864000383,0
R5P,77982,P12956,XRCC6,X-ray repair cross-complementing protein 6 OS=Homo sapiens OX=9606 GN=XRCC6 PE=1 SV=2,1JEQ,,0.17741308934089917,0
R5P,77982,Q96QK1,VPS35,Vacuolar protein sorting-associated protein 35 OS=Homo sapiens OX=9606 GN=VPS35 PE=1 SV=2,5F0J,,0.17669060946229612,0
G3P,729,Q4G0J3,LARP7,La-related protein 7 OS=Homo sapiens OX=9606 GN=LARP7 PE=1 SV=1,7SLQ,-4.5354000000000001,0.17650499615079512,0
G3P,729,P62979,RPS27A,Ubiquitin-40S ribosomal protein S27a OS=Homo sapiens OX=9606 GN=RPS27A PE=1 SV=2,3AXC,-4.6452999999999998,0.1762163631192498,0
2PG,439278,P07237,P4HB,Protein disulfide-isomerase OS=Homo sapiens OX=9606 GN=P4HB PE=1 SV=3,4EKZ,-4.8898999999999999,0.17616707400154877,0
3PG,439183,P07237,P4HB,Protein disulfide-isomerase OS=Homo sapiens OX=9606 GN=P4HB PE=1 SV=3,4EKZ,-5.0052000000000003,0.17616707400154877,0
F6P,439958,P27635,RPL10,60S ribosomal protein L10 OS=Homo sapiens OX=9606 GN=RPL10 PE=1 SV=4,2PA2,-5.2782,0.17614113149305669,0
G3P,729,Q9Y266,NUDC,Nuclear migration protein nudC OS=Homo sapiens OX=9606 GN=NUDC PE=1 SV=1,3QOR,-3.8725000000000001,0.17605940927710323,0
G6P,69507,P62917,RPL8,60S ribosomal protein L8 OS=Homo sapiens OX=9606 GN=RPL8 PE=1 SV=2,7UN3,-6.2229000000000001,0.17581192539159302,0
G3P,729,P09417,QDPR,Dihydropteridine reductase OS=Homo sapiens OX=9606 GN=QDPR PE=1 SV=2,1HDR,-5.0683999999999996,0.17581147356859916,0
R5P,77982,Q9Y617,PSAT1,Phosphoserine aminotransferase OS=Homo sapiens OX=9606 GN=PSAT1 PE=1 SV=2,8A5V,,0.17581007622687994,0
R5P,77982,Q16186,ADRM1,Proteasomal ubiquitin receptor ADRM1 OS=Homo sapiens OX=9606 GN=ADRM1 PE=1 SV=2,5V1Y,,0.17561077633736327,0
F6P,439958,P62820,RAB1A,Ras-related protein Rab-1A OS=Homo sapiens OX=9606 GN=RAB1A PE=1 SV=3,4FMD,-6.2750000000000004,0.17541950221501715,0
G3P,729,P40926,MDH2,Malate dehydrogenase  mitochondrial OS=Homo sapiens OX=9606 GN=MDH2 PE=1 SV=3,2DFD,-5.0374999999999996,0.17526790803313577,0
PEP,1005,P50990,CCT8,T-complex protein 1 subunit theta OS=Homo sapiens OX=9606 GN=CCT8 PE=1 SV=4,7NVM,-5.444,0.17495857650098728,0
R5P,77982,P21127,CDK11B,Cyclin-dependent kinase 11B OS=Homo sapiens OX=9606 GN=CDK11B PE=1 SV=4,7UKZ,,0.17495418785986255,0
G3P,729,P62701,RPS4X,40S ribosomal protein S4  X isoform OS=Homo sapiens OX=9606 GN=RPS4X PE=1 SV=2,6ZLW,-4.4636499999999986,0.17486920973936224,0
R5P,77982,Q99700,ATXN2,Ataxin-2 OS=Homo sapiens OX=9606 GN=ATXN2 PE=1 SV=2,3KTR,,0.17441323356545457,0
G3P,729,P60174,TPI1,Triosephosphate isomerase OS=Homo sapiens OX=9606 GN=TPI1 PE=1 SV=3,1WYI,-4.8059000000000003,0.1743347040452993,0
PEP,1005,P19338,NCL,Nucleolin OS=Homo sapiens OX=9606 GN=NCL PE=1 SV=3,2KRR,-5.1070000000000002,0.1742148194976785,0
G3P,729,P17096,HMGA1,High mobility group protein HMG-I/HMG-Y OS=Homo sapiens OX=9606 GN=HMGA1 PE=1 SV=3,2EZE,-3.4647000000000001,0.17416997865071254,0
G6P,69507,P30040,ERP29,Endoplasmic reticulum resident protein 29 OS=Homo sapiens OX=9606 GN=ERP29 PE=1 SV=4,2QC7,-6.3719999999999999,0.17405541271538008,0
R5P,77982,P52597,HNRNPF,Heterogeneous nuclear ribonucleoprotein F OS=Homo sapiens OX=9606 GN=HNRNPF PE=1 SV=3,3TFY,,0.17368700200406803,0
R5P,77982,Q15393,SF3B3,Splicing factor 3B subunit 3 OS=Homo sapiens OX=9606 GN=SF3B3 PE=1 SV=4,7OMF,,0.1734774665349202,0
2PG,439278,O75347,TBCA,Tubulin-specific chaperone A OS=Homo sapiens OX=9606 GN=TBCA PE=1 SV=3,1H7C,-4.2196999999999996,0.1734181721713693,0
R5P,77982,P30153,PPP2R1A,Serine/threonine-protein phosphatase 2A 65 kDa regulatory subunit A alpha isoform OS=Homo sapiens OX=9606 GN=PPP2R1A PE=1 SV=4,1B3U,,0.17295041378006978,0
G3P,729,Q8IWV8,UBR2,E3 ubiquitin-protein ligase UBR2 OS=Homo sapiens OX=9606 GN=UBR2 PE=1 SV=1,5UM3,-3.9024999999999999,0.17291320773689414,0
2PG,439278,Q9UKK9,NUDT5,ADP-sugar pyrophosphatase OS=Homo sapiens OX=9606 GN=NUDT5 PE=1 SV=1,2DSB,-5.0240999999999998,0.1729030445085181,0
2PG,439278,O15269,SPTLC1,Serine palmitoyltransferase 1 OS=Homo sapiens OX=9606 GN=SPTLC1 PE=1 SV=1,7K0M,-4.7189666666666668,0.17265314874574592,0
R5P,77982,Q13435,SF3B2,Splicing factor 3B subunit 2 OS=Homo sapiens OX=9606 GN=SF3B2 PE=1 SV=2,7ONB,,0.17250682579669865,0
G3P,729,Q9UHY7,ENOPH1,Enolase-phosphatase E1 OS=Homo sapiens OX=9606 GN=ENOPH1 PE=1 SV=1,1YNS,-5.0548000000000002,0.17242935493782294,0
2PG,439278,Q02218,OGDH,2-oxoglutarate dehydrogenase  mitochondrial OS=Homo sapiens OX=9606 GN=OGDH PE=1 SV=3,7WGR,-6.2526999999999999,0.1723028562880907,0
3PG,439183,Q02218,OGDH,2-oxoglutarate dehydrogenase  mitochondrial OS=Homo sapiens OX=9606 GN=OGDH PE=1 SV=3,7WGR,-5.4279000000000002,0.1723028562880907,0
R5P,77982,P09960,LTA4H,Leukotriene A-4 hydrolase OS=Homo sapiens OX=9606 GN=LTA4H PE=1 SV=2,3B7S,,0.1722634797084243,0
F6P,439958,Q9H299,SH3BGRL3,SH3 domain-binding glutamic acid-rich-like protein 3 OS=Homo sapiens OX=9606 GN=SH3BGRL3 PE=1 SV=1,1SJ6,-5.0045000000000002,0.17193561202623295,0
LAC,91435,P62937,PPIA,Peptidyl-prolyl cis-trans isomerase A OS=Homo sapiens OX=9606 GN=PPIA PE=1 SV=2,4N1M,-4.3364000000000003,0.17137727676128267,0
R5P,77982,Q96HC4,PDLIM5,PDZ and LIM domain protein 5 OS=Homo sapiens OX=9606 GN=PDLIM5 PE=1 SV=5,2UZC,,0.17097074741368948,0
R5P,77982,O15371,EIF3D,Eukaryotic translation initiation factor 3 subunit D OS=Homo sapiens OX=9606 GN=EIF3D PE=1 SV=1,6YBS,,0.170180896714844,0
F6P,439958,O14744,PRMT5,Protein arginine N-methyltransferase 5 OS=Homo sapiens OX=9606 GN=PRMT5 PE=1 SV=4,7ZVU,-5.7521000000000004,0.1696965347115361,0
G6P,69507,O95831,AIFM1,Apoptosis-inducing factor 1  mitochondrial OS=Homo sapiens OX=9606 GN=AIFM1 PE=1 SV=1,5KVI,-7.0711000000000004,0.16917120872796304,0
LAC,91435,P62266,RPS23,40S ribosomal protein S23 OS=Homo sapiens OX=9606 GN=RPS23 PE=1 SV=3,6ZLW,-3.5361250000000002,0.1691267148218909,0
G6P,69507,O95372,LYPLA2,Acyl-protein thioesterase 2 OS=Homo sapiens OX=9606 GN=LYPLA2 PE=1 SV=1,5SYN,-6.8426,0.16905234745739992,0
2PG,439278,Q9Y696,CLIC4,Chloride intracellular channel protein 4 OS=Homo sapiens OX=9606 GN=CLIC4 PE=1 SV=4,2AHE,-4.6208999999999998,0.16878686863823358,0
2PG,439278,Q9NZ01,TECR,Very-long-chain enoyl-CoA reductase OS=Homo sapiens OX=9606 GN=TECR PE=1 SV=1,2DZJ,-4.2564000000000002,0.16857719516196262,0
F6P,439958,P60891,PRPS1,Ribose-phosphate pyrophosphokinase 1 OS=Homo sapiens OX=9606 GN=PRPS1 PE=1 SV=2,8DBE,-5.3749000000000002,0.16851043201306223,0
G3P,729,Q3B726,TWISTNB,DNA-directed RNA polymerase I subunit RPA43 OS=Homo sapiens OX=9606 GN=TWISTNB PE=1 SV=1,7OB9,-4.4479625,0.16829542002131068,0
PEP,1005,P16422,EPCAM,Epithelial cell adhesion molecule OS=Homo sapiens OX=9606 GN=EPCAM PE=1 SV=2,4MZV,-5.1096000000000004,0.1682152003561633,0
R5P,77982,P07741,APRT,Adenine phosphoribosyltransferase OS=Homo sapiens OX=9606 GN=APRT PE=1 SV=2,4X45,,0.1682115872375845,0
R5P,77982,O43464,HTRA2,Serine protease HTRA2  mitochondrial OS=Homo sapiens OX=9606 GN=HTRA2 PE=1 SV=2,7VGE,,0.16820713535350565,0
2PG,439278,O43719,HTATSF1,HIV Tat-specific factor 1 OS=Homo sapiens OX=9606 GN=HTATSF1 PE=1 SV=1,7EVO,-4.2153400000000003,0.1681106321828498,0
PEP,1005,P49368,CCT3,T-complex protein 1 subunit gamma OS=Homo sapiens OX=9606 GN=CCT3 PE=1 SV=4,7NVM,-5.444,0.16786583902429267,0
R5P,77982,Q13144,EIF2B5,Translation initiation factor eIF-2B subunit epsilon OS=Homo sapiens OX=9606 GN=EIF2B5 PE=1 SV=3,7F67,,0.16762925207961543,0
F6P,439958,P62333,PSMC6,26S proteasome regulatory subunit 10B OS=Homo sapiens OX=9606 GN=PSMC6 PE=1 SV=1,5GJQ,-5.570875,0.16761501417086996,0
PEP,1005,P08758,ANXA5,Annexin A5 OS=Homo sapiens OX=9606 GN=ANXA5 PE=1 SV=2,1ANW,-5.0777999999999999,0.16708984763773066,0
PEP,1005,P55072,VCP,Transitional endoplasmic reticulum ATPase OS=Homo sapiens OX=9606 GN=VCP PE=1 SV=4,7VCS,-5.1040999999999999,0.16674518589440493,0
F6P,439958,P62917,RPL8,60S ribosomal protein L8 OS=Homo sapiens OX=9606 GN=RPL8 PE=1 SV=2,7UN3,-4.9649999999999999,0.16613958049045358,0
G3P,729,P55789,GFER,FAD-linked sulfhydryl oxidase ALR OS=Homo sapiens OX=9606 GN=GFER PE=1 SV=2,3TK0,-4.3399000000000001,0.16586277808172847,0
R5P,77982,Q8TEQ6,GEMIN5,Gem-associated protein 5 OS=Homo sapiens OX=9606 GN=GEMIN5 PE=1 SV=3,5THA,,0.16546060118646266,0
PEP,1005,P06703,S100A6,Protein S100-A6 OS=Homo sapiens OX=9606 GN=S100A6 PE=1 SV=1,1K96,-3.9658000000000002,0.16541802625894422,0
G6P,69507,Q9H299,SH3BGRL3,SH3 domain-binding glutamic acid-rich-like protein 3 OS=Homo sapiens OX=9606 GN=SH3BGRL3 PE=1 SV=1,1SJ6,-5.1280999999999999,0.16496288854235758,0
2PG,439278,O00571,DDX3X,ATP-dependent RNA helicase DDX3X OS=Homo sapiens OX=9606 GN=DDX3X PE=1 SV=3,5E7J,-5.7580999999999998,0.16426991875919728,0
G3P,729,P02792,FTL,Ferritin light chain OS=Homo sapiens OX=9606 GN=FTL PE=1 SV=2,2FG8,-4.4295,0.1640621875149313,0
G3P,729,P39748,FEN1,Flap endonuclease 1 OS=Homo sapiens OX=9606 GN=FEN1 PE=1 SV=1,5K97,-5.3686999999999996,0.1639617821409436,0
R5P,77982,Q9UKV3,ACIN1,Apoptotic chromatin condensation inducer in the nucleus OS=Homo sapiens OX=9606 GN=ACIN1 PE=1 SV=2,6G6S,,0.16385629490588713,0
G6P,69507,P62263,RPS14,40S ribosomal protein S14 OS=Homo sapiens OX=9606 GN=RPS14 PE=1 SV=3,6ZVH,-5.3632375000000003,0.1636911109927922,0
G3P,729,P30050,RPL12,60S ribosomal protein L12 OS=Homo sapiens OX=9606 GN=RPL12 PE=1 SV=1,5A8L,-4.1018500000000007,0.16367466009524864,0
G6P,69507,Q08AG7,MZT1,Mitotic-spindle organizing protein 1 OS=Homo sapiens OX=9606 GN=MZT1 PE=1 SV=2,6M33,-4.5510999999999999,0.16365593538878562,0
R5P,77982,O60888,CUTA,Protein CutA OS=Homo sapiens OX=9606 GN=CUTA PE=1 SV=2,2ZFH,,0.16355150117869013,0
R5P,77982,P60468,SEC61B,Protein transport protein Sec61 subunit beta OS=Homo sapiens OX=9606 GN=SEC61B PE=1 SV=2,8B6L,,0.16342389302248406,0
2PG,439278,P08758,ANXA5,Annexin A5 OS=Homo sapiens OX=9606 GN=ANXA5 PE=1 SV=2,1ANW,-5.6330999999999998,0.163084683262191,0
G3P,729,P08174,CD55,Complement decay-accelerating factor OS=Homo sapiens OX=9606 GN=CD55 PE=1 SV=4,1OJV,-4.3678999999999997,0.1629679501064108,0
G3P,729,P62913,RPL11,60S ribosomal protein L11 OS=Homo sapiens OX=9606 GN=RPL11 PE=1 SV=2,4XXB,-4.1962999999999999,0.16202676919634648,0
R5P,77982,Q9UHB9,SRP68,Signal recognition particle subunit SRP68 OS=Homo sapiens OX=9606 GN=SRP68 PE=1 SV=2,5M73,,0.16175690059213543,0
R5P,77982,Q9H299,SH3BGRL3,SH3 domain-binding glutamic acid-rich-like protein 3 OS=Homo sapiens OX=9606 GN=SH3BGRL3 PE=1 SV=1,1SJ6,,0.16162332213865527,0
R5P,77982,P00441,SOD1,Superoxide dismutase [Cu-Zn] OS=Homo sapiens OX=9606 GN=SOD1 PE=1 SV=2,5J07,,0.16148289098874413,0
R5P,77982,Q99623,PHB2,Prohibitin-2 OS=Homo sapiens OX=9606 GN=PHB2 PE=1 SV=2,6IQE,,0.16130567882695226,0
G6P,69507,P12956,XRCC6,X-ray repair cross-complementing protein 6 OS=Homo sapiens OX=9606 GN=XRCC6 PE=1 SV=2,1JEQ,-5.9432999999999998,0.16126803127426462,0
R5P,77982,Q9P258,RCC2,Protein RCC2 OS=Homo sapiens OX=9606 GN=RCC2 PE=1 SV=2,5GWN,,0.16053088239815536,0
G3P,729,P08758,ANXA5,Annexin A5 OS=Homo sapiens OX=9606 GN=ANXA5 PE=1 SV=2,1ANW,-5.0731999999999999,0.16040227116003067,0
2PG,439278,O15371,EIF3D,Eukaryotic translation initiation factor 3 subunit D OS=Homo sapiens OX=9606 GN=EIF3D PE=1 SV=1,6YBS,-5.1219666666666663,0.16037815430016325,0
G3P,729,P00338,LDHA,L-lactate dehydrogenase A chain OS=Homo sapiens OX=9606 GN=LDHA PE=1 SV=2,4OJN,-4.2808999999999999,0.16008798068208716,0
G6P,69507,P45974,USP5,Ubiquitin carboxyl-terminal hydrolase 5 OS=Homo sapiens OX=9606 GN=USP5 PE=1 SV=2,3IHP,-6.0928000000000004,0.1599050276430535,0
R5P,77982,Q96KP4,CNDP2,Cytosolic non-specific dipeptidase OS=Homo sapiens OX=9606 GN=CNDP2 PE=1 SV=2,4RUH,,0.1595974172862004,0
F6P,439958,P83731,RPL24,60S ribosomal protein L24 OS=Homo sapiens OX=9606 GN=RPL24 PE=1 SV=1,5A2Q,-4.2391666666666667,0.15955056480409105,0
LAC,91435,Q99729,HNRNPAB,Heterogeneous nuclear ribonucleoprotein A/B OS=Homo sapiens OX=9606 GN=HNRNPAB PE=1 SV=2,3S7R,-4.2404999999999999,0.15935228390615755,0
PEP,1005,P11142,HSPA8,Heat shock cognate 71 kDa protein OS=Homo sapiens OX=9606 GN=HSPA8 PE=1 SV=1,4H5R,-5.9443999999999999,0.1592228389863275,0
G6P,69507,O43920,NDUFS5,NADH dehydrogenase [ubiquinone] iron-sulfur protein 5 OS=Homo sapiens OX=9606 GN=NDUFS5 PE=1 SV=3,5XTC,-5.3555076923076923,0.15863170957635814,0
2PG,439278,P60903,S100A10,Protein S100-A10 OS=Homo sapiens OX=9606 GN=S100A10 PE=1 SV=2,4HRG,-5.1589,0.15831239826165838,0
R5P,77982,P22626,HNRNPA2B1,Heterogeneous nuclear ribonucleoproteins A2/B1 OS=Homo sapiens OX=9606 GN=HNRNPA2B1 PE=1 SV=2,5WWG,,0.1579203793566764,0
LAC,91435,P46776,RPL27A,60S ribosomal protein L27a OS=Homo sapiens OX=9606 GN=RPL27A PE=1 SV=2,4BXF,-3.6633,0.15773377950048165,0
R5P,77982,P25398,RPS12,40S ribosomal protein S12 OS=Homo sapiens OX=9606 GN=RPS12 PE=1 SV=3,6ZLW,,0.15773323078435342,0
2PG,439278,P23526,AHCY,Adenosylhomocysteinase OS=Homo sapiens OX=9606 GN=AHCY PE=1 SV=4,3NJ4,-5.5873999999999997,0.1576989582898565,0
F6P,439958,Q08AG7,MZT1,Mitotic-spindle organizing protein 1 OS=Homo sapiens OX=9606 GN=MZT1 PE=1 SV=2,6M33,-4.6470000000000002,0.15764754706869893,0
G6P,69507,O14744,PRMT5,Protein arginine N-methyltransferase 5 OS=Homo sapiens OX=9606 GN=PRMT5 PE=1 SV=4,7ZVU,-6.5613000000000001,0.15759895853874686,0
R5P,77982,Q8WWY3,PRPF31,U4/U6 small nuclear ribonucleoprotein Prp31 OS=Homo sapiens OX=9606 GN=PRPF31 PE=1 SV=2,2OZB,,0.15737626109602895,0
2PG,439278,P63244,RACK1,Receptor of activated protein C kinase 1 OS=Homo sapiens OX=9606 GN=RACK1 PE=1 SV=3,6ZLW,-4.8517250000000001,0.15735083788458587,0
2PG,439278,P06733,ENO1,Alpha-enolase OS=Homo sapiens OX=9606 GN=ENO1 PE=1 SV=2,2PSN,-4.8071000000000002,0.15724449304179983,0
3PG,439183,P06733,ENO1,Alpha-enolase OS=Homo sapiens OX=9606 GN=ENO1 PE=1 SV=2,2PSN,-4.6195000000000004,0.15724449304179983,0
G3P,729,Q99623,PHB2,Prohibitin-2 OS=Homo sapiens OX=9606 GN=PHB2 PE=1 SV=2,6IQE,-3.2082000000000002,0.15715822278080047,0
R5P,77982,Q9BYG3,NIFK,MKI67 FHA domain-interacting nucleolar phosphoprotein OS=Homo sapiens OX=9606 GN=NIFK PE=1 SV=1,2AFF,,0.15710601367680138,0
F6P,439958,P22626,HNRNPA2B1,Heterogeneous nuclear ribonucleoproteins A2/B1 OS=Homo sapiens OX=9606 GN=HNRNPA2B1 PE=1 SV=2,5WWG,-5.7119999999999997,0.15575849815346074,0
F6P,439958,Q9P258,RCC2,Protein RCC2 OS=Homo sapiens OX=9606 GN=RCC2 PE=1 SV=2,5GWN,-6.9842000000000004,0.1556851941672852,0
PEP,1005,P00338,LDHA,L-lactate dehydrogenase A chain OS=Homo sapiens OX=9606 GN=LDHA PE=1 SV=2,4OJN,-4.6078000000000001,0.15564462074859392,0
2PG,439278,P17980,PSMC3,26S proteasome regulatory subunit 6A OS=Homo sapiens OX=9606 GN=PSMC3 PE=1 SV=3,5GJQ,-5.6053249999999997,0.15549127603012966,0
FBP,3281376,P04406,GAPDH,Glyceraldehyde-3-phosphate dehydrogenase OS=Homo sapiens OX=9606 GN=GAPDH PE=1 SV=3,6M61,-6.3562000000000003,0.1552547083799134,0
G6P,69507,P08621,SNRNP70,U1 small nuclear ribonucleoprotein 70 kDa OS=Homo sapiens OX=9606 GN=SNRNP70 PE=1 SV=2,4PKD,-5.7102000000000004,0.15514166715431418,0
G3P,729,Q92520,FAM3C,Protein FAM3C OS=Homo sapiens OX=9606 GN=FAM3C PE=1 SV=1,5LC2,-4.3163,0.15494724349079195,0
LAC,91435,P62854,RPS26,40S ribosomal protein S26 OS=Homo sapiens OX=9606 GN=RPS26 PE=1 SV=3,6ZV6,-3.5386000000000002,0.1542167119288691,0
G3P,729,P62917,RPL8,60S ribosomal protein L8 OS=Homo sapiens OX=9606 GN=RPL8 PE=1 SV=2,7UN3,-5.0655999999999999,0.15415902257860603,0
G3P,729,P49354,FNTA,Protein farnesyltransferase/geranylgeranyltransferase type-1 subunit alpha OS=Homo sapiens OX=9606 GN=FNTA PE=1 SV=1,2H6F,-4.5063000000000004,0.15403981937163858,0
R5P,77982,P42285,MTREX,Exosome RNA helicase MTR4 OS=Homo sapiens OX=9606 GN=MTREX PE=1 SV=3,6C90,,0.15386801991338062,0
LAC,91435,Q13126,MTAP,S-methyl-5'-thioadenosine phosphorylase OS=Homo sapiens OX=9606 GN=MTAP PE=1 SV=2,5TC5,-3.9312999999999998,0.15375650789319692,0
G6P,69507,Q96QK1,VPS35,Vacuolar protein sorting-associated protein 35 OS=Homo sapiens OX=9606 GN=VPS35 PE=1 SV=2,5F0J,-5.9188000000000001,0.15325410819913066,0
G3P,729,P14618,PKM,Pyruvate kinase PKM OS=Homo sapiens OX=9606 GN=PKM PE=1 SV=4,6B6U,-5.4664000000000001,0.15316501122159637,0
G3P,729,Q96GX9,APIP,Methylthioribulose-1-phosphate dehydratase OS=Homo sapiens OX=9606 GN=APIP PE=1 SV=1,4M6R,-5.3475000000000001,0.15315238791205538,0
PEP,1005,P60174,TPI1,Triosephosphate isomerase OS=Homo sapiens OX=9606 GN=TPI1 PE=1 SV=3,1WYI,-4.9843000000000002,0.15274300781438968,0
2PG,439278,P16144,ITGB4,Integrin beta-4 OS=Homo sapiens OX=9606 GN=ITGB4 PE=1 SV=5,3F7Q,,0.15268204641031188,0
2PG,439278,Q01518,CAP1,Adenylyl cyclase-associated protein 1 OS=Homo sapiens OX=9606 GN=CAP1 PE=1 SV=5,1K8F,-4.5776000000000003,0.1525865690811998,0
R5P,77982,P51148,RAB5C,Ras-related protein Rab-5C OS=Homo sapiens OX=9606 GN=RAB5C PE=1 SV=2,4KYI,,0.15218232514911956,0
R5P,77982,Q8WUW1,BRK1,Protein BRICK1 OS=Homo sapiens OX=9606 GN=BRK1 PE=1 SV=1,4N78,,0.15214035871406806,0
G3P,729,P07195,LDHB,L-lactate dehydrogenase B chain OS=Homo sapiens OX=9606 GN=LDHB PE=1 SV=2,7DBJ,-5.3948999999999998,0.1509907278213142,0
FBP,3281376,Q96GX9,APIP,Methylthioribulose-1-phosphate dehydratase OS=Homo sapiens OX=9606 GN=APIP PE=1 SV=1,4M6R,-6.1186999999999996,0.15088481310121937,0
F6P,439958,Q9UQ35,SRRM2,Serine/arginine repetitive matrix protein 2 OS=Homo sapiens OX=9606 GN=SRRM2 PE=1 SV=2,7W59,-4.0297599999999996,0.15076545264801433,0
G3P,729,P11233,RALA,Ras-related protein Ral-A OS=Homo sapiens OX=9606 GN=RALA PE=1 SV=1,2BOV,-5.6783000000000001,0.15075999979493254,0
G3P,729,P46776,RPL27A,60S ribosomal protein L27a OS=Homo sapiens OX=9606 GN=RPL27A PE=1 SV=2,4BXF,-4.0070499999999996,0.15072673244670481,0
G3P,729,Q13126,MTAP,S-methyl-5'-thioadenosine phosphorylase OS=Homo sapiens OX=9606 GN=MTAP PE=1 SV=2,5TC5,-4.7827000000000002,0.15049623267258588,0
G6P,69507,P61225,RAP2B,Ras-related protein Rap-2b OS=Homo sapiens OX=9606 GN=RAP2B PE=1 SV=1,1N4R,-2.5937000000000001,0.1502480077056685,0
LAC,91435,P62244,RPS15A,40S ribosomal protein S15a OS=Homo sapiens OX=9606 GN=RPS15A PE=1 SV=2,7R4X,-3.40496,0.1500736550449713,0
FBP,3281376,P60174,TPI1,Triosephosphate isomerase OS=Homo sapiens OX=9606 GN=TPI1 PE=1 SV=3,1WYI,-6.3579999999999997,0.14970811379693041,0
2PG,439278,P23528,CFL1,Cofilin-1 OS=Homo sapiens OX=9606 GN=CFL1 PE=1 SV=3,5L6W,-4.5444000000000004,0.14935725234151262,0
G6P,69507,P27635,RPL10,60S ribosomal protein L10 OS=Homo sapiens OX=9606 GN=RPL10 PE=1 SV=4,2PA2,-6.1323999999999996,0.1492693775833571,0
G6P,69507,Q9P258,RCC2,Protein RCC2 OS=Homo sapiens OX=9606 GN=RCC2 PE=1 SV=2,5GWN,-6.923,0.14925271018254613,0
R5P,77982,P62913,RPL11,60S ribosomal protein L11 OS=Homo sapiens OX=9606 GN=RPL11 PE=1 SV=2,4XXB,,0.14912840614860512,0
PEP,1005,P26447,S100A4,Protein S100-A4 OS=Homo sapiens OX=9606 GN=S100A4 PE=1 SV=1,6T58,-5.5018000000000002,0.14910645463675923,0
R5P,77982,P62847,RPS24,40S ribosomal protein S24 OS=Homo sapiens OX=9606 GN=RPS24 PE=1 SV=1,6ZVH,,0.14900706914650588,0
PEP,1005,P61604,HSPE1,10 kDa heat shock protein  mitochondrial OS=Homo sapiens OX=9606 GN=HSPE1 PE=1 SV=2,6MRD,-4.3616999999999999,0.14885357969175816,0
G6P,69507,P58546,MTPN,Myotrophin OS=Homo sapiens OX=9606 GN=MTPN PE=1 SV=2,3AAA,-4.6120999999999999,0.14870415843895093,0
F6P,439958,P30040,ERP29,Endoplasmic reticulum resident protein 29 OS=Homo sapiens OX=9606 GN=ERP29 PE=1 SV=4,2QC7,-5.6294000000000004,0.148524642162467,0
F6P,439958,P17096,HMGA1,High mobility group protein HMG-I/HMG-Y OS=Homo sapiens OX=9606 GN=HMGA1 PE=1 SV=3,2EZE,-4.0795000000000003,0.1479673699472951,0
G6P,69507,P61247,RPS3A,40S ribosomal protein S3a OS=Homo sapiens OX=9606 GN=RPS3A PE=1 SV=2,6ZVH,-5.3632375000000003,0.14789636992216745,0
G3P,729,P62244,RPS15A,40S ribosomal protein S15a OS=Homo sapiens OX=9606 GN=RPS15A PE=1 SV=2,7R4X,-4.0478199999999998,0.1474685647661438,0
PEP,1005,P04183,TK1,Thymidine kinase  cytosolic OS=Homo sapiens OX=9606 GN=TK1 PE=1 SV=2,1W4R,-5.5140000000000002,0.147343917871185,0
R5P,77982,O43920,NDUFS5,NADH dehydrogenase [ubiquinone] iron-sulfur protein 5 OS=Homo sapiens OX=9606 GN=NDUFS5 PE=1 SV=3,5XTC,,0.14733227375597954,0
2PG,439278,P47895,ALDH1A3,Aldehyde dehydrogenase family 1 member A3 OS=Homo sapiens OX=9606 GN=ALDH1A3 PE=1 SV=2,7QK9,-5.2032999999999996,0.14711237163026541,0
G3P,729,P63098,PPP3R1,Calcineurin subunit B type 1 OS=Homo sapiens OX=9606 GN=PPP3R1 PE=1 SV=2,7U0T,-3.8001999999999998,0.14654451202984065,0
R5P,77982,P07910,HNRNPC,Heterogeneous nuclear ribonucleoproteins C1/C2 OS=Homo sapiens OX=9606 GN=HNRNPC PE=1 SV=4,3LN4,,0.14636584927338847,0
R5P,77982,P04406,GAPDH,Glyceraldehyde-3-phosphate dehydrogenase OS=Homo sapiens OX=9606 GN=GAPDH PE=1 SV=3,6M61,,0.14577602659305103,0
F6P,439958,Q96KP4,CNDP2,Cytosolic non-specific dipeptidase OS=Homo sapiens OX=9606 GN=CNDP2 PE=1 SV=2,4RUH,-6.8310000000000004,0.14569262068685773,0
G6P,69507,Q9UQ35,SRRM2,Serine/arginine repetitive matrix protein 2 OS=Homo sapiens OX=9606 GN=SRRM2 PE=1 SV=2,7W59,-4.5814199999999996,0.14450144988703992,0
F6P,439958,P09960,LTA4H,Leukotriene A-4 hydrolase OS=Homo sapiens OX=9606 GN=LTA4H PE=1 SV=2,3B7S,-6.2873999999999999,0.14326029545201846,0
G6P,69507,P09960,LTA4H,Leukotriene A-4 hydrolase OS=Homo sapiens OX=9606 GN=LTA4H PE=1 SV=2,3B7S,-7.2514000000000003,0.14326029545201846,0
G3P,729,Q96I25,RBM17,Splicing factor 45 OS=Homo sapiens OX=9606 GN=RBM17 PE=1 SV=1,6HIP,-3.8599000000000001,0.14310578177092603,0
G3P,729,P16422,EPCAM,Epithelial cell adhesion molecule OS=Homo sapiens OX=9606 GN=EPCAM PE=1 SV=2,4MZV,-4.5288000000000004,0.14298035988327668,0
R5P,77982,P21589,NT5E,5'-nucleotidase OS=Homo sapiens OX=9606 GN=NT5E PE=1 SV=1,7JV8,,0.14276301916627163,0
R5P,77982,Q9H2W6,MRPL46,39S ribosomal protein L46  mitochondrial OS=Homo sapiens OX=9606 GN=MRPL46 PE=1 SV=1,5OOM,,0.14236253957946543,0
R5P,77982,P59998,ARPC4,Actin-related protein 2/3 complex subunit 4 OS=Homo sapiens OX=9606 GN=ARPC4 PE=1 SV=3,6UHC,,0.14221348092610786,0
G6P,69507,P40925,MDH1,Malate dehydrogenase  cytoplasmic OS=Homo sapiens OX=9606 GN=MDH1 PE=1 SV=4,7RM9,-7.1985999999999999,0.14220166948574278,0
2PG,439278,P38919,EIF4A3,Eukaryotic initiation factor 4A-III OS=Homo sapiens OX=9606 GN=EIF4A3 PE=1 SV=4,2HYI,-6.7603,0.14197228985788707,0
G6P,69507,P17096,HMGA1,High mobility group protein HMG-I/HMG-Y OS=Homo sapiens OX=9606 GN=HMGA1 PE=1 SV=3,2EZE,-4.1984000000000004,0.14180021038672352,0
G3P,729,Q8WWY3,PRPF31,U4/U6 small nuclear ribonucleoprotein Prp31 OS=Homo sapiens OX=9606 GN=PRPF31 PE=1 SV=2,2OZB,-4.3544,0.14168143946644604,0
G6P,69507,P19174,PLCG1,1-phosphatidylinositol 4 5-bisphosphate phosphodiesterase gamma-1 OS=Homo sapiens OX=9606 GN=PLCG1 PE=1 SV=1,4EY0,-5.9947999999999997,0.14133459719801333,0
R5P,77982,P62917,RPL8,60S ribosomal protein L8 OS=Homo sapiens OX=9606 GN=RPL8 PE=1 SV=2,7UN3,,0.1412429445791783,0
LAC,91435,P06703,S100A6,Protein S100-A6 OS=Homo sapiens OX=9606 GN=S100A6 PE=1 SV=1,1K96,-3.0308999999999999,0.14120160856982325,0
PEP,1005,P06733,ENO1,Alpha-enolase OS=Homo sapiens OX=9606 GN=ENO1 PE=1 SV=2,2PSN,-4.7571000000000003,0.14101951015024128,0
PEP,1005,P35579,MYH9,Myosin-9 OS=Homo sapiens OX=9606 GN=MYH9 PE=1 SV=4,4CFR,,0.14093051765970552,0
G6P,69507,P62244,RPS15A,40S ribosomal protein S15a OS=Homo sapiens OX=9606 GN=RPS15A PE=1 SV=2,7R4X,-5.23834,0.14055884484566222,0
2PG,439278,P67809,YBX1,Nuclease-sensitive element-binding protein 1 OS=Homo sapiens OX=9606 GN=YBX1 PE=1 SV=3,6A6L,-4.6902999999999997,0.14040865127372193,0
G6P,69507,P30044,PRDX5,Peroxiredoxin-5  mitochondrial OS=Homo sapiens OX=9606 GN=PRDX5 PE=1 SV=4,4MMM,-5.3367000000000004,0.14040595661453778,0
R5P,77982,Q01518,CAP1,Adenylyl cyclase-associated protein 1 OS=Homo sapiens OX=9606 GN=CAP1 PE=1 SV=5,1K8F,,0.13970113445370896,0
R5P,77982,P84098,RPL19,60S ribosomal protein L19 OS=Homo sapiens OX=9606 GN=RPL19 PE=1 SV=1,5A2Q,,0.13878570987953912,0
R5P,77982,P61081,UBE2M,NEDD8-conjugating enzyme Ubc12 OS=Homo sapiens OX=9606 GN=UBE2M PE=1 SV=1,4P5O,,0.13870188462323862,0
G3P,729,Q01469,FABP5,Fatty acid-binding protein  epidermal OS=Homo sapiens OX=9606 GN=FABP5 PE=1 SV=3,4LKT,-4.6025999999999998,0.13849041263447293,0
2PG,439278,Q14103,HNRNPD,Heterogeneous nuclear ribonucleoprotein D0 OS=Homo sapiens OX=9606 GN=HNRNPD PE=1 SV=1,5IM0,-4.3017000000000003,0.13748951692123207,0
R5P,77982,Q13263,TRIM28,Transcription intermediary factor 1-beta OS=Homo sapiens OX=9606 GN=TRIM28 PE=1 SV=5,6QAJ,,0.1374247287728005,0
PEP,1005,P22234,PAICS,Multifunctional protein ADE2 OS=Homo sapiens OX=9606 GN=PAICS PE=1 SV=3,6YB8,-5.3932000000000002,0.13730426341799779,0
G3P,729,P61604,HSPE1,10 kDa heat shock protein  mitochondrial OS=Homo sapiens OX=9606 GN=HSPE1 PE=1 SV=2,6MRD,-4.5147000000000004,0.13724257484343996,0
F6P,439958,P00338,LDHA,L-lactate dehydrogenase A chain OS=Homo sapiens OX=9606 GN=LDHA PE=1 SV=2,4OJN,-5.6433999999999997,0.13714554616157826,0
G3P,729,P18621,RPL17,60S ribosomal protein L17 OS=Homo sapiens OX=9606 GN=RPL17 PE=1 SV=3,5A8L,-4.1018500000000007,0.1370714029957912,0
G6P,69507,Q86V81,ALYREF,THO complex subunit 4 OS=Homo sapiens OX=9606 GN=ALYREF PE=1 SV=3,3ULH,-4.6284000000000001,0.13602260763010476,0
G3P,729,P40925,MDH1,Malate dehydrogenase  cytoplasmic OS=Homo sapiens OX=9606 GN=MDH1 PE=1 SV=4,7RM9,-5.3954000000000004,0.13583771135041414,0
PYR,107735,P23284,PPIB,Peptidyl-prolyl cis-trans isomerase B OS=Homo sapiens OX=9606 GN=PPIB PE=1 SV=2,3ICI,-4.3274999999999997,0.13561083208314303,0
G6P,69507,O43809,NUDT21,Cleavage and polyadenylation specificity factor subunit 5 OS=Homo sapiens OX=9606 GN=NUDT21 PE=1 SV=1,3BHO,-6.3182999999999998,0.13507392766724075,0
2PG,439278,P27797,CALR,Calreticulin OS=Homo sapiens OX=9606 GN=CALR PE=1 SV=1,3POS,-4.9108000000000001,0.13500428663930178,0
2PG,439278,P61604,HSPE1,10 kDa heat shock protein  mitochondrial OS=Homo sapiens OX=9606 GN=HSPE1 PE=1 SV=2,6MRD,-4.4798999999999998,0.13494580079393928,0
G6P,69507,Q5JRA6,MIA3,Transport and Golgi organization protein 1 homolog OS=Homo sapiens OX=9606 GN=MIA3 PE=1 SV=1,5KYN,-4.2294999999999998,0.13493487059262385,0
3PG,439183,P62277,RPS13,40S ribosomal protein S13 OS=Homo sapiens OX=9606 GN=RPS13 PE=1 SV=2,7R4X,-4.3747799999999986,0.1343451677314504,0
2PG,439278,P33176,KIF5B,Kinesin-1 heavy chain OS=Homo sapiens OX=9606 GN=KIF5B PE=1 SV=1,1MKJ,-5.7830000000000004,0.13416705768989373,0
2PG,439278,P62851,RPS25,40S ribosomal protein S25 OS=Homo sapiens OX=9606 GN=RPS25 PE=1 SV=1,6ZXG,-4.48834,0.13361192936048608,0
R5P,77982,Q96MU7,YTHDC1,YTH domain-containing protein 1 OS=Homo sapiens OX=9606 GN=YTHDC1 PE=1 SV=3,6YKZ,,0.1334188635855897,0
G3P,729,Q15005,SPCS2,Signal peptidase complex subunit 2 OS=Homo sapiens OX=9606 GN=SPCS2 PE=1 SV=3,7P2P,-4.2565,0.13310745084159764,0
G3P,729,P18615,NELFE,Negative elongation factor E OS=Homo sapiens OX=9606 GN=NELFE PE=1 SV=3,6GML,-3.78105,0.1327967923924332,0
2PG,439278,Q8NBS9,TXNDC5,Thioredoxin domain-containing protein 5 OS=Homo sapiens OX=9606 GN=TXNDC5 PE=1 SV=2,3WGE,-4.5945999999999998,0.13255996166960263,0
G6P,69507,P00338,LDHA,L-lactate dehydrogenase A chain OS=Homo sapiens OX=9606 GN=LDHA PE=1 SV=2,4OJN,-5.9659000000000004,0.1313598927607758,0
G6P,69507,P18615,NELFE,Negative elongation factor E OS=Homo sapiens OX=9606 GN=NELFE PE=1 SV=3,6GML,-4.8163999999999998,0.13104146824830587,0
R5P,77982,P62820,RAB1A,Ras-related protein Rab-1A OS=Homo sapiens OX=9606 GN=RAB1A PE=1 SV=3,4FMD,,0.13102155549600397,0
G6P,69507,Q9C005,DPY30,Protein dpy-30 homolog OS=Homo sapiens OX=9606 GN=DPY30 PE=1 SV=1,4RTA,-5.2685000000000004,0.13075903911756728,0
G6P,69507,Q9UHB9,SRP68,Signal recognition particle subunit SRP68 OS=Homo sapiens OX=9606 GN=SRP68 PE=1 SV=2,5M73,-4.9391999999999996,0.13070585547324265,0
2PG,439278,P46776,RPL27A,60S ribosomal protein L27a OS=Homo sapiens OX=9606 GN=RPL27A PE=1 SV=2,4BXF,-4.6113999999999997,0.13068954059838564,0
F6P,439958,P58546,MTPN,Myotrophin OS=Homo sapiens OX=9606 GN=MTPN PE=1 SV=2,3AAA,-4.4162999999999997,0.1305399215708846,0
R5P,77982,P84090,ERH,Enhancer of rudimentary homolog OS=Homo sapiens OX=9606 GN=ERH PE=1 SV=1,7X39,,0.1305098051489647,0
2PG,439278,P14550,AKR1A1,Alcohol dehydrogenase [NADP(+)] OS=Homo sapiens OX=9606 GN=AKR1A1 PE=1 SV=3,2ALR,-5.3170999999999999,0.13024467150140143,0
G3P,729,P26447,S100A4,Protein S100-A4 OS=Homo sapiens OX=9606 GN=S100A4 PE=1 SV=1,6T58,-5.0064000000000002,0.1300995160772372,0
R5P,77982,P27635,RPL10,60S ribosomal protein L10 OS=Homo sapiens OX=9606 GN=RPL10 PE=1 SV=4,2PA2,,0.12995334558671595,0
G6P,69507,Q15291,RBBP5,Retinoblastoma-binding protein 5 OS=Homo sapiens OX=9606 GN=RBBP5 PE=1 SV=2,7UD5,-6.3616999999999999,0.12991841228173587,0
G3P,729,P04792,HSPB1,Heat shock protein beta-1 OS=Homo sapiens OX=9606 GN=HSPB1 PE=1 SV=2,6DV5,0,0.12977110641285583,0
G3P,729,Q7RTV0,PHF5A,PHD finger-like domain-containing protein 5A OS=Homo sapiens OX=9606 GN=PHF5A PE=1 SV=1,7EVN,-4.2881999999999998,0.12925816955281041,0
PEP,1005,O15372,EIF3H,Eukaryotic translation initiation factor 3 subunit H OS=Homo sapiens OX=9606 GN=EIF3H PE=1 SV=1,3J8B,-4.5740999999999996,0.1279846595639121,0
R5P,77982,P63098,PPP3R1,Calcineurin subunit B type 1 OS=Homo sapiens OX=9606 GN=PPP3R1 PE=1 SV=2,7U0T,,0.12781253309699414,0
G3P,729,P54619,PRKAG1,5'-AMP-activated protein kinase subunit gamma-1 OS=Homo sapiens OX=9606 GN=PRKAG1 PE=1 SV=1,7MYJ,-5.0063000000000004,0.12661599442747828,0
2PG,439278,Q01469,FABP5,Fatty acid-binding protein  epidermal OS=Homo sapiens OX=9606 GN=FABP5 PE=1 SV=3,4LKT,-4.96,0.12658886699679026,0
2PG,439278,P31946,YWHAB,14-3-3 protein beta/alpha OS=Homo sapiens OX=9606 GN=YWHAB PE=1 SV=3,6GN0,-4.5952999999999999,0.12625196789084026,0
G3P,729,P62249,RPS16,40S ribosomal protein S16 OS=Homo sapiens OX=9606 GN=RPS16 PE=1 SV=2,6ZVH,-4.2567062499999997,0.1258787524112323,0
F6P,439958,Q9C005,DPY30,Protein dpy-30 homolog OS=Homo sapiens OX=9606 GN=DPY30 PE=1 SV=1,4RTA,-4.8630000000000004,0.12585354357323875,0
2PG,439278,P22234,PAICS,Multifunctional protein ADE2 OS=Homo sapiens OX=9606 GN=PAICS PE=1 SV=3,6YB8,-5.5873999999999997,0.12577047647451214,0
3PG,439183,P22234,PAICS,Multifunctional protein ADE2 OS=Homo sapiens OX=9606 GN=PAICS PE=1 SV=3,6YB8,-5.7472000000000003,0.12577047647451214,0
2PG,439278,P62249,RPS16,40S ribosomal protein S16 OS=Homo sapiens OX=9606 GN=RPS16 PE=1 SV=2,6ZVH,-4.4844375000000003,0.12576579903188354,0
G3P,729,P06733,ENO1,Alpha-enolase OS=Homo sapiens OX=9606 GN=ENO1 PE=1 SV=2,2PSN,-4.4249999999999998,0.12558075169347693,0
F6P,439958,P63098,PPP3R1,Calcineurin subunit B type 1 OS=Homo sapiens OX=9606 GN=PPP3R1 PE=1 SV=2,7U0T,-4.4882999999999997,0.125489448988724,0
LAC,91435,P11310,ACADM,Medium-chain specific acyl-CoA dehydrogenase  mitochondrial OS=Homo sapiens OX=9606 GN=ACADM PE=1 SV=1,4P13,-4.6881000000000004,0.1253030899536503,0
R5P,77982,Q08AG7,MZT1,Mitotic-spindle organizing protein 1 OS=Homo sapiens OX=9606 GN=MZT1 PE=1 SV=2,6M33,,0.12524569552377676,0
G3P,729,P62851,RPS25,40S ribosomal protein S25 OS=Homo sapiens OX=9606 GN=RPS25 PE=1 SV=1,6ZXG,-4.1315799999999996,0.1249926023023826,0
2PG,439278,P07195,LDHB,L-lactate dehydrogenase B chain OS=Homo sapiens OX=9606 GN=LDHB PE=1 SV=2,7DBJ,-5.468,0.12499257196100466,0
R5P,77982,P57735,RAB25,Ras-related protein Rab-25 OS=Homo sapiens OX=9606 GN=RAB25 PE=1 SV=2,2OIL,,0.12460821485558574,0
PEP,1005,P07602,PSAP,Prosaposin OS=Homo sapiens OX=9606 GN=PSAP PE=1 SV=2,4UEX,-3.9409000000000001,0.12432104143978381,0
2PG,439278,P68400,CSNK2A1,Casein kinase II subunit alpha OS=Homo sapiens OX=9606 GN=CSNK2A1 PE=1 SV=1,6YZH,-4.6924999999999999,0.124197437040144,0
2PG,439278,P46781,RPS9,40S ribosomal protein S9 OS=Homo sapiens OX=9606 GN=RPS9 PE=1 SV=3,7R4X,-4.54514,0.12418374906766086,0
G3P,729,P09211,GSTP1,Glutathione S-transferase P OS=Homo sapiens OX=9606 GN=GSTP1 PE=1 SV=2,7BIA,-4.6111000000000004,0.12414642136589664,0
R5P,77982,Q9UQ35,SRRM2,Serine/arginine repetitive matrix protein 2 OS=Homo sapiens OX=9606 GN=SRRM2 PE=1 SV=2,7W59,,0.12382215232368599,0
G3P,729,O43464,HTRA2,Serine protease HTRA2  mitochondrial OS=Homo sapiens OX=9606 GN=HTRA2 PE=1 SV=2,7VGE,-4.3367000000000004,0.12369066021568499,0
F6P,439958,Q5JRA6,MIA3,Transport and Golgi organization protein 1 homolog OS=Homo sapiens OX=9606 GN=MIA3 PE=1 SV=1,5KYN,-4.0037500000000001,0.12268317281869229,0
G3P,729,Q9C005,DPY30,Protein dpy-30 homolog OS=Homo sapiens OX=9606 GN=DPY30 PE=1 SV=1,4RTA,-4.2941000000000003,0.12241482198455388,0
PEP,1005,P10809,HSPD1,60 kDa heat shock protein  mitochondrial OS=Homo sapiens OX=9606 GN=HSPD1 PE=1 SV=2,6MRC,-5.8388999999999998,0.12231508661296155,0
G3P,729,P31946,YWHAB,14-3-3 protein beta/alpha OS=Homo sapiens OX=9606 GN=YWHAB PE=1 SV=3,6GN0,-4.2956000000000003,0.1218258381976845,0
R5P,77982,O75348,ATP6V1G1,V-type proton ATPase subunit G 1 OS=Homo sapiens OX=9606 GN=ATP6V1G1 PE=1 SV=3,6WM2,,0.121575473813929,0
2PG,439278,P18621,RPL17,60S ribosomal protein L17 OS=Homo sapiens OX=9606 GN=RPL17 PE=1 SV=3,5A8L,-4.0701749999999999,0.12106905958024201,0
R5P,77982,Q15005,SPCS2,Signal peptidase complex subunit 2 OS=Homo sapiens OX=9606 GN=SPCS2 PE=1 SV=3,7P2P,,0.12085210841945576,0
2PG,439278,P00338,LDHA,L-lactate dehydrogenase A chain OS=Homo sapiens OX=9606 GN=LDHA PE=1 SV=2,4OJN,-4.7693000000000003,0.12020464425130474,0
R5P,77982,Q9C004,SPRY4,Protein sprouty homolog 4 OS=Homo sapiens OX=9606 GN=SPRY4 PE=1 SV=2,3BUN,,0.11986260608644667,0
G6P,69507,O60506,SYNCRIP,Heterogeneous nuclear ribonucleoprotein Q OS=Homo sapiens OX=9606 GN=SYNCRIP PE=1 SV=2,6KOR,-5.5286999999999997,0.11962911288555417,0
2PG,439278,Q15366,PCBP2,Poly(rC)-binding protein 2 OS=Homo sapiens OX=9606 GN=PCBP2 PE=1 SV=1,2P2R,-3.7202000000000002,0.11953467981182772,0
F6P,439958,P31151,S100A7,Protein S100-A7 OS=Homo sapiens OX=9606 GN=S100A7 PE=1 SV=4,1PSR,-5.0936000000000003,0.1192836267955999,0
2PG,439278,Q16543,CDC37,Hsp90 co-chaperone Cdc37 OS=Homo sapiens OX=9606 GN=CDC37 PE=1 SV=1,5HPE,-5.7436999999999996,0.1191675492646109,0
2PG,439278,P58546,MTPN,Myotrophin OS=Homo sapiens OX=9606 GN=MTPN PE=1 SV=2,3AAA,-4.1470000000000002,0.11910294939077655,0
F6P,439958,P18615,NELFE,Negative elongation factor E OS=Homo sapiens OX=9606 GN=NELFE PE=1 SV=3,6GML,-4.2956500000000002,0.119094612066744,0
F6P,439958,P62937,PPIA,Peptidyl-prolyl cis-trans isomerase A OS=Homo sapiens OX=9606 GN=PPIA PE=1 SV=2,4N1M,-5.9128999999999996,0.1189729771332352,0
2PG,439278,Q14847,LASP1,LIM and SH3 domain protein 1 OS=Homo sapiens OX=9606 GN=LASP1 PE=1 SV=2,3I35,-3.9990000000000001,0.11890326981736006,0
R5P,77982,O75531,BANF1,Barrier-to-autointegration factor OS=Homo sapiens OX=9606 GN=BANF1 PE=1 SV=1,6URE,,0.11830302261721339,0
R5P,77982,Q99497,PARK7,Protein/nucleic acid deglycase DJ-1 OS=Homo sapiens OX=9606 GN=PARK7 PE=1 SV=2,3B38,,0.11819297024419456,0
G3P,729,P31943,HNRNPH1,Heterogeneous nuclear ribonucleoprotein H OS=Homo sapiens OX=9606 GN=HNRNPH1 PE=1 SV=4,6DHS,-4.6288999999999998,0.11774013020711137,0
F6P,439958,Q05397,PTK2,Focal adhesion kinase 1 OS=Homo sapiens OX=9606 GN=PTK2 PE=1 SV=2,6LES,-5.4537000000000004,0.1173645976237185,0
G6P,69507,Q05397,PTK2,Focal adhesion kinase 1 OS=Homo sapiens OX=9606 GN=PTK2 PE=1 SV=2,6LES,-5.9439000000000002,0.1173645976237185,0
R5P,77982,P40925,MDH1,Malate dehydrogenase  cytoplasmic OS=Homo sapiens OX=9606 GN=MDH1 PE=1 SV=4,7RM9,,0.11702798728529393,0
2PG,439278,P14618,PKM,Pyruvate kinase PKM OS=Homo sapiens OX=9606 GN=PKM PE=1 SV=4,6B6U,-5.6482999999999999,0.11616894794048861,0
3PG,439183,P14618,PKM,Pyruvate kinase PKM OS=Homo sapiens OX=9606 GN=PKM PE=1 SV=4,6B6U,-6.5277000000000003,0.11616894794048861,0
G3P,729,Q96C86,DCPS,m7GpppX diphosphatase OS=Homo sapiens OX=9606 GN=DCPS PE=1 SV=2,1ST0,-5.3433999999999999,0.11616780578847419,0
R5P,77982,Q96C86,DCPS,m7GpppX diphosphatase OS=Homo sapiens OX=9606 GN=DCPS PE=1 SV=2,1ST0,,0.11600913306304143,0
G3P,729,P62263,RPS14,40S ribosomal protein S14 OS=Homo sapiens OX=9606 GN=RPS14 PE=1 SV=3,6ZVH,-4.2567062499999997,0.11583359585488452,0
F6P,439958,Q9UHB9,SRP68,Signal recognition particle subunit SRP68 OS=Homo sapiens OX=9606 GN=SRP68 PE=1 SV=2,5M73,-4.6933999999999996,0.11567776743119257,0
R5P,77982,O60869,EDF1,Endothelial differentiation-related factor 1 OS=Homo sapiens OX=9606 GN=EDF1 PE=1 SV=1,6ZVH,,0.11542611146002982,0
F6P,439958,P59998,ARPC4,Actin-related protein 2/3 complex subunit 4 OS=Homo sapiens OX=9606 GN=ARPC4 PE=1 SV=3,6UHC,-5.5094000000000003,0.11510666782618213,0
R5P,77982,P00338,LDHA,L-lactate dehydrogenase A chain OS=Homo sapiens OX=9606 GN=LDHA PE=1 SV=2,4OJN,,0.11477837650053069,0
PEP,1005,P38646,HSPA9,Stress-70 protein  mitochondrial OS=Homo sapiens OX=9606 GN=HSPA9 PE=1 SV=2,6P2U,-5.8368000000000002,0.11476796887122392,0
G3P,729,Q14103,HNRNPD,Heterogeneous nuclear ribonucleoprotein D0 OS=Homo sapiens OX=9606 GN=HNRNPD PE=1 SV=1,5IM0,-4.2981999999999996,0.11462019013721098,0
G3P,729,P51648,ALDH3A2,Fatty aldehyde dehydrogenase OS=Homo sapiens OX=9606 GN=ALDH3A2 PE=1 SV=1,4QGK,-4.2980999999999998,0.11356012954589036,0
G3P,729,Q86V81,ALYREF,THO complex subunit 4 OS=Homo sapiens OX=9606 GN=ALYREF PE=1 SV=3,3ULH,-4.1010999999999997,0.11251102727748882,0
R5P,77982,Q12904,AIMP1,Aminoacyl tRNA synthase complex-interacting multifunctional protein 1 OS=Homo sapiens OX=9606 GN=AIMP1 PE=1 SV=2,1E7Z,,0.11237378249127046,0
2PG,439278,P15880,RPS2,40S ribosomal protein S2 OS=Homo sapiens OX=9606 GN=RPS2 PE=1 SV=2,6ZVH,-4.4844375000000003,0.11183564700964914,0
2PG,439278,Q13200,PSMD2,26S proteasome non-ATPase regulatory subunit 2 OS=Homo sapiens OX=9606 GN=PSMD2 PE=1 SV=3,5L4K,-4.899,0.11177804447575757,0
2PG,439278,Q9P0L0,VAPA,Vesicle-associated membrane protein-associated protein A OS=Homo sapiens OX=9606 GN=VAPA PE=1 SV=3,6TQR,-4.4043000000000001,0.11079263187634417,0
G3P,729,P63104,YWHAZ,14-3-3 protein zeta/delta OS=Homo sapiens OX=9606 GN=YWHAZ PE=1 SV=1,4ZDR,-4.8548999999999998,0.1106325361640571,0
R5P,77982,P17096,HMGA1,High mobility group protein HMG-I/HMG-Y OS=Homo sapiens OX=9606 GN=HMGA1 PE=1 SV=3,2EZE,,0.110492786877485,0
F6P,439958,O00762,UBE2C,Ubiquitin-conjugating enzyme E2 C OS=Homo sapiens OX=9606 GN=UBE2C PE=1 SV=1,1I7K,-5.5683999999999996,0.10958833801223064,0
G6P,69507,P23284,PPIB,Peptidyl-prolyl cis-trans isomerase B OS=Homo sapiens OX=9606 GN=PPIB PE=1 SV=2,3ICI,-6.0086000000000004,0.10853817429210628,0
R5P,77982,Q9H3U1,UNC45A,Protein unc-45 homolog A OS=Homo sapiens OX=9606 GN=UNC45A PE=1 SV=1,2DBA,,0.1084437134009663,0
R5P,77982,P58546,MTPN,Myotrophin OS=Homo sapiens OX=9606 GN=MTPN PE=1 SV=2,3AAA,,0.10778494983407082,0
2PG,439278,Q16222,UAP1,UDP-N-acetylhexosamine pyrophosphorylase OS=Homo sapiens OX=9606 GN=UAP1 PE=1 SV=3,1JVG,-5.1401000000000003,0.10753519527282093,0
G3P,729,P00558,PGK1,Phosphoglycerate kinase 1 OS=Homo sapiens OX=9606 GN=PGK1 PE=1 SV=3,4O33,-5.1016000000000004,0.10725231313253997,0
G3P,729,P57735,RAB25,Ras-related protein Rab-25 OS=Homo sapiens OX=9606 GN=RAB25 PE=1 SV=2,2OIL,-5.0797999999999996,0.10643056786463945,0
G6P,69507,P39748,FEN1,Flap endonuclease 1 OS=Homo sapiens OX=9606 GN=FEN1 PE=1 SV=1,5K97,-6.3536000000000001,0.10626164089557504,0
2PG,439278,Q9UBE0,SAE1,SUMO-activating enzyme subunit 1 OS=Homo sapiens OX=9606 GN=SAE1 PE=1 SV=1,1Y8R,-5.2470999999999997,0.10615846164260581,0
2PG,439278,P04183,TK1,Thymidine kinase  cytosolic OS=Homo sapiens OX=9606 GN=TK1 PE=1 SV=2,1W4R,-5.6645000000000003,0.1054355668156459,0
G6P,69507,P62937,PPIA,Peptidyl-prolyl cis-trans isomerase A OS=Homo sapiens OX=9606 GN=PPIA PE=1 SV=2,4N1M,-6.1157000000000004,0.10523173726445005,0
G6P,69507,P62249,RPS16,40S ribosomal protein S16 OS=Homo sapiens OX=9606 GN=RPS16 PE=1 SV=2,6ZVH,-5.3632375000000003,0.10499329099685618,0
2PG,439278,P63104,YWHAZ,14-3-3 protein zeta/delta OS=Homo sapiens OX=9606 GN=YWHAZ PE=1 SV=1,4ZDR,-5.0193000000000003,0.1044441835936943,0
2PG,439278,P62913,RPL11,60S ribosomal protein L11 OS=Homo sapiens OX=9606 GN=RPL11 PE=1 SV=2,4XXB,-4.3429000000000002,0.10361217472983958,0
F6P,439958,O60506,SYNCRIP,Heterogeneous nuclear ribonucleoprotein Q OS=Homo sapiens OX=9606 GN=SYNCRIP PE=1 SV=2,6KOR,-5.1041999999999996,0.10323268228047718,0
G3P,729,P62820,RAB1A,Ras-related protein Rab-1A OS=Homo sapiens OX=9606 GN=RAB1A PE=1 SV=3,4FMD,-5.7061999999999999,0.10320367638717114,0
2PG,439278,O15372,EIF3H,Eukaryotic translation initiation factor 3 subunit H OS=Homo sapiens OX=9606 GN=EIF3H PE=1 SV=1,3J8B,-4.5110999999999999,0.10312601209207016,0
2PG,439278,P00558,PGK1,Phosphoglycerate kinase 1 OS=Homo sapiens OX=9606 GN=PGK1 PE=1 SV=3,4O33,-5.6383000000000001,0.10176546775191514,0
F6P,439958,Q86V81,ALYREF,THO complex subunit 4 OS=Homo sapiens OX=9606 GN=ALYREF PE=1 SV=3,3ULH,-4.0068999999999999,0.10163306537568646,0
R5P,77982,P62249,RPS16,40S ribosomal protein S16 OS=Homo sapiens OX=9606 GN=RPS16 PE=1 SV=2,6ZVH,,0.10160019728565654,0
G3P,729,P02795,MT2A,Metallothionein-2 OS=Homo sapiens OX=9606 GN=MT2A PE=1 SV=1,1MHU,,0.10134553319273897,0
G3P,729,P62280,RPS11,40S ribosomal protein S11 OS=Homo sapiens OX=9606 GN=RPS11 PE=1 SV=3,6ZVH,-4.2567062499999997,0.10127155267680091,0
G3P,729,P02794,FTH1,Ferritin heavy chain OS=Homo sapiens OX=9606 GN=FTH1 PE=1 SV=2,5GN8,-4.6196999999999999,0.10080827842043744,0
R5P,77982,P39748,FEN1,Flap endonuclease 1 OS=Homo sapiens OX=9606 GN=FEN1 PE=1 SV=1,5K97,,0.10072157608051471,0
R5P,77982,P09972,ALDOC,Fructose-bisphosphate aldolase C OS=Homo sapiens OX=9606 GN=ALDOC PE=1 SV=2,1XFB,,0.10020724290309967,0
R5P,77982,P06703,S100A6,Protein S100-A6 OS=Homo sapiens OX=9606 GN=S100A6 PE=1 SV=1,1K96,,0.09959268225837274,0
R5P,77982,Q99729,HNRNPAB,Heterogeneous nuclear ribonucleoprotein A/B OS=Homo sapiens OX=9606 GN=HNRNPAB PE=1 SV=2,3S7R,,0.09822604809900959,0
G3P,729,P09972,ALDOC,Fructose-bisphosphate aldolase C OS=Homo sapiens OX=9606 GN=ALDOC PE=1 SV=2,1XFB,-5.0526999999999997,0.09707833552188715,0
G3P,729,P20042,EIF2S2,Eukaryotic translation initiation factor 2 subunit 2 OS=Homo sapiens OX=9606 GN=EIF2S2 PE=1 SV=2,6YBV,-4.12,0.09694209696666825,0
G3P,729,O75531,BANF1,Barrier-to-autointegration factor OS=Homo sapiens OX=9606 GN=BANF1 PE=1 SV=1,6URE,-4.0247999999999999,0.09688672028705136,0
2PG,439278,P25786,PSMA1,Proteasome subunit alpha type-1 OS=Homo sapiens OX=9606 GN=PSMA1 PE=1 SV=1,6KWY,-5.15055,0.09576194268372179,0
2PG,439278,Q13501,SQSTM1,Sequestosome-1 OS=Homo sapiens OX=9606 GN=SQSTM1 PE=1 SV=1,6TGY,-5.2145999999999999,0.09498296394721173,0
PEP,1005,P00558,PGK1,Phosphoglycerate kinase 1 OS=Homo sapiens OX=9606 GN=PGK1 PE=1 SV=3,4O33,-5.4965000000000002,0.09429902548667021,0
R5P,77982,O00762,UBE2C,Ubiquitin-conjugating enzyme E2 C OS=Homo sapiens OX=9606 GN=UBE2C PE=1 SV=1,1I7K,,0.09387426980142491,0
2PG,439278,P08574,CYC1,Cytochrome c1  heme protein  mitochondrial OS=Homo sapiens OX=9606 GN=CYC1 PE=1 SV=3,5XTE,-4.4082100000000004,0.09376916600209825,0
F6P,439958,P62249,RPS16,40S ribosomal protein S16 OS=Homo sapiens OX=9606 GN=RPS16 PE=1 SV=2,6ZVH,-4.7758250000000002,0.09260659987366063,0
2PG,439278,P06703,S100A6,Protein S100-A6 OS=Homo sapiens OX=9606 GN=S100A6 PE=1 SV=1,1K96,-4.0419,0.09228401377894628,0
3PG,439183,P06703,S100A6,Protein S100-A6 OS=Homo sapiens OX=9606 GN=S100A6 PE=1 SV=1,1K96,-3.7273000000000001,0.09228401377894628,0
G6P,69507,P06703,S100A6,Protein S100-A6 OS=Homo sapiens OX=9606 GN=S100A6 PE=1 SV=1,1K96,-4.7792000000000003,0.09222264231785948,0
R5P,77982,P62244,RPS15A,40S ribosomal protein S15a OS=Homo sapiens OX=9606 GN=RPS15A PE=1 SV=2,7R4X,,0.09220833840956742,0
G3P,729,P25398,RPS12,40S ribosomal protein S12 OS=Homo sapiens OX=9606 GN=RPS12 PE=1 SV=3,6ZLW,-4.4636499999999986,0.09154074539019182,0
2PG,439278,P40925,MDH1,Malate dehydrogenase  cytoplasmic OS=Homo sapiens OX=9606 GN=MDH1 PE=1 SV=4,7RM9,-5.9703999999999997,0.09143285013809377,0
R5P,77982,Q15291,RBBP5,Retinoblastoma-binding protein 5 OS=Homo sapiens OX=9606 GN=RBBP5 PE=1 SV=2,7UD5,,0.09008629481882893,0
2PG,439278,P31151,S100A7,Protein S100-A7 OS=Homo sapiens OX=9606 GN=S100A7 PE=1 SV=4,1PSR,-4.6548999999999996,0.08970478411403617,0
3PG,439183,P31151,S100A7,Protein S100-A7 OS=Homo sapiens OX=9606 GN=S100A7 PE=1 SV=4,1PSR,-4.7263000000000002,0.08970478411403617,0
R5P,77982,Q05397,PTK2,Focal adhesion kinase 1 OS=Homo sapiens OX=9606 GN=PTK2 PE=1 SV=2,6LES,,0.08946454221169023,0
G3P,729,P61247,RPS3A,40S ribosomal protein S3a OS=Homo sapiens OX=9606 GN=RPS3A PE=1 SV=2,6ZVH,-4.2567062499999997,0.08848856709093267,0
2PG,439278,Q9BV86,NTMT1,N-terminal Xaa-Pro-Lys N-methyltransferase 1 OS=Homo sapiens OX=9606 GN=NTMT1 PE=1 SV=3,6DTN,,0.08707287881976436,0
G3P,729,Q14232,EIF2B1,Translation initiation factor eIF-2B subunit alpha OS=Homo sapiens OX=9606 GN=EIF2B1 PE=1 SV=1,7VLK,-4.8891999999999998,0.08685657648861006,0
R5P,77982,P61247,RPS3A,40S ribosomal protein S3a OS=Homo sapiens OX=9606 GN=RPS3A PE=1 SV=2,6ZVH,,0.0867559907480488,0
LAC,91435,P23284,PPIB,Peptidyl-prolyl cis-trans isomerase B OS=Homo sapiens OX=9606 GN=PPIB PE=1 SV=2,3ICI,-4.5098000000000003,0.0866979847424601,0
G3P,729,P84103,SRSF3,Serine/arginine-rich splicing factor 3 OS=Homo sapiens OX=9606 GN=SRSF3 PE=1 SV=1,2I2Y,-4.7064000000000004,0.08617173651400607,0
R5P,77982,P18615,NELFE,Negative elongation factor E OS=Homo sapiens OX=9606 GN=NELFE PE=1 SV=3,6GML,,0.08595886895991216,0
R5P,77982,O60506,SYNCRIP,Heterogeneous nuclear ribonucleoprotein Q OS=Homo sapiens OX=9606 GN=SYNCRIP PE=1 SV=2,6KOR,,0.08581874232930618,0
2PG,439278,Q15019,SEPT2,Septin-2 OS=Homo sapiens OX=9606 GN=SEPT2 PE=1 SV=1,6UPR,-5.4692999999999996,0.08581809387433012,0
R5P,77982,Q86V81,ALYREF,THO complex subunit 4 OS=Homo sapiens OX=9606 GN=ALYREF PE=1 SV=3,3ULH,,0.08575407796335423,0
G3P,729,O00264,PGRMC1,Membrane-associated progesterone receptor component 1 OS=Homo sapiens OX=9606 GN=PGRMC1 PE=1 SV=3,4X8Y,-5.0891000000000002,0.08563973114007248,0
PEP,1005,P61247,RPS3A,40S ribosomal protein S3a OS=Homo sapiens OX=9606 GN=RPS3A PE=1 SV=2,6ZVH,-4.5170187500000001,0.08544245047844709,0
G3P,729,P59998,ARPC4,Actin-related protein 2/3 complex subunit 4 OS=Homo sapiens OX=9606 GN=ARPC4 PE=1 SV=3,6UHC,-4.5841714285714286,0.08419268263882958,0
3PG,439183,P62333,PSMC6,26S proteasome regulatory subunit 10B OS=Homo sapiens OX=9606 GN=PSMC6 PE=1 SV=1,5GJQ,-5.8312249999999999,0.08338940172667494,0
R5P,77982,P31151,S100A7,Protein S100-A7 OS=Homo sapiens OX=9606 GN=S100A7 PE=1 SV=4,1PSR,,0.0828711672163914,0
G3P,729,P06703,S100A6,Protein S100-A6 OS=Homo sapiens OX=9606 GN=S100A6 PE=1 SV=1,1K96,-3.5095999999999998,0.08257060105356243,0
R5P,77982,Q5JRA6,MIA3,Transport and Golgi organization protein 1 homolog OS=Homo sapiens OX=9606 GN=MIA3 PE=1 SV=1,5KYN,,0.08190069695726268,0
R5P,77982,P31949,S100A11,Protein S100-A11 OS=Homo sapiens OX=9606 GN=S100A11 PE=1 SV=2,2LUC,,0.08150419222120919,0
F6P,439958,P06703,S100A6,Protein S100-A6 OS=Homo sapiens OX=9606 GN=S100A6 PE=1 SV=1,1K96,-3.8788999999999998,0.08120588175197896,0
G3P,729,P62937,PPIA,Peptidyl-prolyl cis-trans isomerase A OS=Homo sapiens OX=9606 GN=PPIA PE=1 SV=2,4N1M,-4.8609999999999998,0.0811796428007397,0
2PG,439278,P62826,RAN,GTP-binding nuclear protein Ran OS=Homo sapiens OX=9606 GN=RAN PE=1 SV=3,6A3A,-6.2756999999999996,0.08007604971744334,0
2PG,439278,P04792,HSPB1,Heat shock protein beta-1 OS=Homo sapiens OX=9606 GN=HSPB1 PE=1 SV=2,6DV5,,0.0797302343167785,0
2PG,439278,Q06830,PRDX1,Peroxiredoxin-1 OS=Homo sapiens OX=9606 GN=PRDX1 PE=1 SV=1,3HY2,-5.3402000000000003,0.0792532634943361,0
2PG,439278,Q9Y3A5,SBDS,Ribosome maturation protein SBDS OS=Homo sapiens OX=9606 GN=SBDS PE=1 SV=4,5AN9,-4.8971999999999998,0.07770694221565178,0
G3P,729,P39019,RPS19,40S ribosomal protein S19 OS=Homo sapiens OX=9606 GN=RPS19 PE=1 SV=2,5A2Q,-3.5135999999999998,0.07702399193969457,0
2PG,439278,P25788,PSMA3,Proteasome subunit alpha type-3 OS=Homo sapiens OX=9606 GN=PSMA3 PE=1 SV=2,4R3O,-4.9525399999999999,0.07680906692544255,0
2PG,439278,P60866,RPS20,40S ribosomal protein S20 OS=Homo sapiens OX=9606 GN=RPS20 PE=1 SV=1,7R4X,-4.54514,0.07454789613142072,0
G3P,729,P25788,PSMA3,Proteasome subunit alpha type-3 OS=Homo sapiens OX=9606 GN=PSMA3 PE=1 SV=2,4R3O,-4.4462799999999998,0.07252910400273163,0
PEP,1005,P04406,GAPDH,Glyceraldehyde-3-phosphate dehydrogenase OS=Homo sapiens OX=9606 GN=GAPDH PE=1 SV=3,6M61,-4.9371,0.07198462783651356,0
2PG,439278,P25398,RPS12,40S ribosomal protein S12 OS=Homo sapiens OX=9606 GN=RPS12 PE=1 SV=3,6ZLW,-4.8517250000000001,0.07081548207648497,0
R5P,77982,P08621,SNRNP70,U1 small nuclear ribonucleoprotein 70 kDa OS=Homo sapiens OX=9606 GN=SNRNP70 PE=1 SV=2,4PKD,,0.06982249292444234,0
2PG,439278,P20042,EIF2S2,Eukaryotic translation initiation factor 2 subunit 2 OS=Homo sapiens OX=9606 GN=EIF2S2 PE=1 SV=2,6YBV,-4.1689999999999996,0.06977162176397202,0
G3P,729,P04406,GAPDH,Glyceraldehyde-3-phosphate dehydrogenase OS=Homo sapiens OX=9606 GN=GAPDH PE=1 SV=3,6M61,-4.6055999999999999,0.0674555586855701,0
2PG,439278,Q15185,PTGES3,Prostaglandin E synthase 3 OS=Homo sapiens OX=9606 GN=PTGES3 PE=1 SV=1,7KRJ,-5.8163999999999998,0.06646348012415615,0
R5P,77982,Q9BT25,HAUS8,HAUS augmin-like complex subunit 8 OS=Homo sapiens OX=9606 GN=HAUS8 PE=1 SV=3,7SQK,,0.06584604118733335,0
2PG,439278,P04406,GAPDH,Glyceraldehyde-3-phosphate dehydrogenase OS=Homo sapiens OX=9606 GN=GAPDH PE=1 SV=3,6M61,-4.9332000000000003,0.0633838245380558,0
2PG,439278,P11766,ADH5,Alcohol dehydrogenase class-3 OS=Homo sapiens OX=9606 GN=ADH5 PE=1 SV=4,2FZW,-5.1337999999999999,0.05930268102847136,0
R5P,77982,P23284,PPIB,Peptidyl-prolyl cis-trans isomerase B OS=Homo sapiens OX=9606 GN=PPIB PE=1 SV=2,3ICI,,0.055836649938883494,0
2PG,439278,P62937,PPIA,Peptidyl-prolyl cis-trans isomerase A OS=Homo sapiens OX=9606 GN=PPIA PE=1 SV=2,4N1M,-5.6375999999999999,0.050086228250706646,0
2PG,439278,P61247,RPS3A,40S ribosomal protein S3a OS=Homo sapiens OX=9606 GN=RPS3A PE=1 SV=2,6ZVH,-4.4844375000000003,0.04964800511473895,0
3PG,439183,P61247,RPS3A,40S ribosomal protein S3a OS=Homo sapiens OX=9606 GN=RPS3A PE=1 SV=2,6ZVH,-4.5604812499999996,0.04964800511473895,0
R5P,77982,Q9NZL4,HSPBP1,Hsp70-binding protein 1 OS=Homo sapiens OX=9606 GN=HSPBP1 PE=1 SV=1,1XQR,,0.044658335956374126,0
