reason,category,kegg_drug,pubchem_cid,ligand_title,kegg_target,target_uniprots
missing_uniprot_affinity_for_target,enzyme,D00002,5893,Nadide (JAN/USAN/INN),hsa:107,Q08828
missing_uniprot_affinity_for_target,enzyme,D00002,5893,Nadide (JAN/USAN/INN),hsa:108,Q08462;Q71UM8
missing_uniprot_affinity_for_target,enzyme,D00002,5893,Nadide (JAN/USAN/INN),hsa:109,O60266
missing_uniprot_affinity_for_target,enzyme,D00002,5893,Nadide (JAN/USAN/INN),hsa:111,A0A384P5Q5;B7Z2C7;O95622
missing_uniprot_affinity_for_target,enzyme,D00002,5893,Nadide (JAN/USAN/INN),hsa:112,O43306
missing_uniprot_affinity_for_target,enzyme,D00002,5893,Nadide (JAN/USAN/INN),hsa:113,P51828;Q86YI0
missing_uniprot_affinity_for_target,enzyme,D00002,5893,Nadide (JAN/USAN/INN),hsa:114,A0A0K0K1K3;P40145;Q4F7X0
missing_uniprot_affinity_for_target,enzyme,D00002,5893,Nadide (JAN/USAN/INN),hsa:115,O60503
missing_uniprot_affinity_for_target,enzyme,D00002,5893,Nadide (JAN/USAN/INN),hsa:196883,Q8NFM4
missing_ligand_affinity_file,enzyme,D00005,643975,Flavin Adenine Dinucleotide,hsa:1610,A0A024RBI1;P14920
missing_ligand_affinity_file,enzyme,D00005,643975,Flavin Adenine Dinucleotide,hsa:1728,P15559
missing_ligand_affinity_file,enzyme,D00005,643975,Flavin Adenine Dinucleotide,hsa:1806,Q12882
missing_ligand_affinity_file,enzyme,D00005,643975,Flavin Adenine Dinucleotide,hsa:2232,A0A0A0MT64;P22570
missing_ligand_affinity_file,enzyme,D00005,643975,Flavin Adenine Dinucleotide,hsa:2326,B2RCG5;Q01740
missing_ligand_affinity_file,enzyme,D00005,643975,Flavin Adenine Dinucleotide,hsa:2639,Q92947
missing_ligand_affinity_file,enzyme,D00005,643975,Flavin Adenine Dinucleotide,hsa:27034,Q9UKU7
missing_ligand_affinity_file,enzyme,D00005,643975,Flavin Adenine Dinucleotide,hsa:2936,P00390;V9HW90
missing_ligand_affinity_file,enzyme,D00005,643975,Flavin Adenine Dinucleotide,hsa:34,A0A0S2Z366;P11310
missing_ligand_affinity_file,enzyme,D00005,643975,Flavin Adenine Dinucleotide,hsa:35,E5KSD5;P16219
missing_ligand_affinity_file,enzyme,D00005,643975,Flavin Adenine Dinucleotide,hsa:3712,A0A0A0MT83;A0ACM8RFH8;P26440
missing_ligand_affinity_file,enzyme,D00005,643975,Flavin Adenine Dinucleotide,hsa:4129,P27338
missing_ligand_affinity_file,enzyme,D00005,643975,Flavin Adenine Dinucleotide,hsa:4835,B3KPX6;P16083
missing_ligand_affinity_file,enzyme,D00005,643975,Flavin Adenine Dinucleotide,hsa:7498,P47989
missing_uniprot_affinity_for_target,enzyme,D00007,33032,L-Glutamic Acid,hsa:31,Q13085
missing_uniprot_affinity_for_target,enzyme,D00018,54670067,L-Ascorbic Acid,hsa:5351,Q02809
missing_uniprot_affinity_for_target,enzyme,D00027,1174,Uracil,hsa:1806,Q12882
missing_uniprot_affinity_for_target,enzyme,D00029,171548,Biotin,hsa:31,Q13085
missing_uniprot_affinity_for_target,enzyme,D00029,171548,Biotin,hsa:3141,P50747
missing_uniprot_affinity_for_target,enzyme,D00029,171548,Biotin,hsa:32,O00763
missing_uniprot_affinity_for_target,enzyme,D00029,171548,Biotin,hsa:5096,P05166
missing_uniprot_affinity_for_target,enzyme,D00029,171548,Biotin,hsa:64087,A0A140VK29;Q9HCC0
missing_uniprot_affinity_for_target,enzyme,D00029,171548,Biotin,hsa:686,P43251
missing_uniprot_affinity_for_target,enzyme,D00032,6274,L-Histidine,hsa:3034,P42357
missing_uniprot_affinity_for_target,enzyme,D00035,145742,L-Proline,hsa:5625,O43272
missing_uniprot_affinity_for_target,enzyme,D00037,311,Citric Acid,hsa:50,Q99798
missing_uniprot_affinity_for_target,enzyme,D00039,6287,L-Valine,hsa:10295,O14874
missing_uniprot_affinity_for_target,enzyme,D00039,6287,L-Valine,hsa:4329,A0A024R6G4;Q02252
missing_uniprot_affinity_for_target,enzyme,D00039,6287,L-Valine,hsa:5096,P05166
missing_uniprot_affinity_for_target,enzyme,D00039,6287,L-Valine,hsa:57176,A0A0G2JH62;B4DG77;B4E0K6;Q5ST30
missing_uniprot_affinity_for_target,enzyme,D00041,6288,L-Threonine,hsa:5096,P05166
missing_uniprot_affinity_for_target,enzyme,D00043,5936,Diisopropyl Fluorophosphate,hsa:10279,Q9NQE7
missing_uniprot_affinity_for_target,enzyme,D00043,5936,Diisopropyl Fluorophosphate,hsa:23430,Q9BZJ3
missing_uniprot_affinity_for_target,enzyme,D00043,5936,Diisopropyl Fluorophosphate,hsa:23436,P08861
missing_uniprot_affinity_for_target,enzyme,D00043,5936,Diisopropyl Fluorophosphate,hsa:327,P13798
missing_uniprot_affinity_for_target,enzyme,D00043,5936,Diisopropyl Fluorophosphate,hsa:49,P10323
missing_uniprot_affinity_for_target,enzyme,D00043,5936,Diisopropyl Fluorophosphate,hsa:5122,P29120
missing_uniprot_affinity_for_target,enzyme,D00043,5936,Diisopropyl Fluorophosphate,hsa:5126,P16519
missing_uniprot_affinity_for_target,enzyme,D00043,5936,Diisopropyl Fluorophosphate,hsa:5167,P22413
missing_uniprot_affinity_for_target,enzyme,D00043,5936,Diisopropyl Fluorophosphate,hsa:5444,P27169
missing_uniprot_affinity_for_target,enzyme,D00043,5936,Diisopropyl Fluorophosphate,hsa:5445,Q15165
missing_uniprot_affinity_for_target,enzyme,D00043,5936,Diisopropyl Fluorophosphate,hsa:5645,P07478;Q5NV56;Q6PK75
missing_uniprot_affinity_for_target,enzyme,D00043,5936,Diisopropyl Fluorophosphate,hsa:63036,P08217
missing_uniprot_affinity_for_target,enzyme,D00043,5936,Diisopropyl Fluorophosphate,hsa:7174,P29144
missing_uniprot_affinity_for_target,enzyme,D00045,60961,Adenosine,hsa:107,Q08828
missing_uniprot_affinity_for_target,enzyme,D00052,6049,Ethylenediaminetetraacetic Acid,hsa:1363,A0A384N679;P16870
missing_uniprot_affinity_for_target,enzyme,D00065,6306,L-Isoleucine,hsa:10295,O14874
missing_uniprot_affinity_for_target,enzyme,D00065,6306,L-Isoleucine,hsa:3376,P41252
missing_uniprot_affinity_for_target,enzyme,D00065,6306,L-Isoleucine,hsa:5096,P05166
missing_uniprot_affinity_for_target,enzyme,D00070,135398658,Folic Acid,hsa:2356,Q05932
missing_uniprot_affinity_for_target,enzyme,D00086,864,alpha Lipoic acid,hsa:51601,Q9Y234
missing_uniprot_affinity_for_target,enzyme,D00097,338,Salicylic Acid,hsa:242,O75342
missing_uniprot_affinity_for_target,enzyme,D00097,338,Salicylic Acid,hsa:246,P16050
missing_uniprot_affinity_for_target,enzyme,D00097,338,Salicylic Acid,hsa:4025,P22079
missing_uniprot_affinity_for_target,enzyme,D00097,338,Salicylic Acid,hsa:8288,P11678
missing_uniprot_affinity_for_target,enzyme,D00103,444305,L-Tartaric acid,hsa:53,P11117
missing_uniprot_affinity_for_target,enzyme,D00103,444305,L-Tartaric acid,hsa:93650,Q9BZG2
missing_ligand_affinity_file,enzyme,D00107,5282315,Tacrolimus Hydrate,hsa:1033,Q16667
missing_ligand_affinity_file,enzyme,D00107,5282315,Tacrolimus Hydrate,hsa:11072,O95147;Q6FI36
missing_ligand_affinity_file,enzyme,D00107,5282315,Tacrolimus Hydrate,hsa:11221,Q9Y6W6
missing_ligand_affinity_file,enzyme,D00107,5282315,Tacrolimus Hydrate,hsa:11266,Q9UNI6
missing_ligand_affinity_file,enzyme,D00107,5282315,Tacrolimus Hydrate,hsa:128853,Q9H1R2
missing_ligand_affinity_file,enzyme,D00107,5282315,Tacrolimus Hydrate,hsa:132160,Q96MI6
missing_ligand_affinity_file,enzyme,D00107,5282315,Tacrolimus Hydrate,hsa:134510,Q8WVY7
missing_ligand_affinity_file,enzyme,D00107,5282315,Tacrolimus Hydrate,hsa:142679,Q8WTR2
missing_ligand_affinity_file,enzyme,D00107,5282315,Tacrolimus Hydrate,hsa:150290,Q8NEJ0
missing_ligand_affinity_file,enzyme,D00107,5282315,Tacrolimus Hydrate,hsa:1843,B4DU40;P28562
missing_ligand_affinity_file,enzyme,D00107,5282315,Tacrolimus Hydrate,hsa:1844,Q05923
missing_ligand_affinity_file,enzyme,D00107,5282315,Tacrolimus Hydrate,hsa:1845,P51452
missing_ligand_affinity_file,enzyme,D00107,5282315,Tacrolimus Hydrate,hsa:1846,Q13115
missing_ligand_affinity_file,enzyme,D00107,5282315,Tacrolimus Hydrate,hsa:1847,Q16690
missing_ligand_affinity_file,enzyme,D00107,5282315,Tacrolimus Hydrate,hsa:1848,Q16828
missing_ligand_affinity_file,enzyme,D00107,5282315,Tacrolimus Hydrate,hsa:1849,Q16829
missing_ligand_affinity_file,enzyme,D00107,5282315,Tacrolimus Hydrate,hsa:1850,Q13202
missing_ligand_affinity_file,enzyme,D00107,5282315,Tacrolimus Hydrate,hsa:1852,Q6P9C2;Q99956
missing_ligand_affinity_file,enzyme,D00107,5282315,Tacrolimus Hydrate,hsa:22843,Q8WY54
missing_ligand_affinity_file,enzyme,D00107,5282315,Tacrolimus Hydrate,hsa:23035,Q6ZVD8
missing_ligand_affinity_file,enzyme,D00107,5282315,Tacrolimus Hydrate,hsa:23239,O60346
missing_ligand_affinity_file,enzyme,D00107,5282315,Tacrolimus Hydrate,hsa:28227,Q9Y5P8
missing_ligand_affinity_file,enzyme,D00107,5282315,Tacrolimus Hydrate,hsa:390956,
missing_ligand_affinity_file,enzyme,D00107,5282315,Tacrolimus Hydrate,hsa:51207,Q6B8I1;Q9UII6
missing_ligand_affinity_file,enzyme,D00107,5282315,Tacrolimus Hydrate,hsa:51645,Q9Y3C6
missing_ligand_affinity_file,enzyme,D00107,5282315,Tacrolimus Hydrate,hsa:53938,A0A024R3V4;Q9H2H8
missing_ligand_affinity_file,enzyme,D00107,5282315,Tacrolimus Hydrate,hsa:5470,O14830
missing_ligand_affinity_file,enzyme,D00107,5282315,Tacrolimus Hydrate,hsa:5475,O14829
missing_ligand_affinity_file,enzyme,D00107,5282315,Tacrolimus Hydrate,hsa:5478,P62937;V9HWF5
missing_ligand_affinity_file,enzyme,D00107,5282315,Tacrolimus Hydrate,hsa:5479,P23284
missing_ligand_affinity_file,enzyme,D00107,5282315,Tacrolimus Hydrate,hsa:5481,E5KN55;Q08752
missing_ligand_affinity_file,enzyme,D00107,5282315,Tacrolimus Hydrate,hsa:5494,P35813
missing_ligand_affinity_file,enzyme,D00107,5282315,Tacrolimus Hydrate,hsa:5495,O75688
missing_ligand_affinity_file,enzyme,D00107,5282315,Tacrolimus Hydrate,hsa:5496,O15355;Q6IAU5
missing_ligand_affinity_file,enzyme,D00107,5282315,Tacrolimus Hydrate,hsa:5499,P62136
missing_ligand_affinity_file,enzyme,D00107,5282315,Tacrolimus Hydrate,hsa:5500,P62140;V9HW04
missing_ligand_affinity_file,enzyme,D00107,5282315,Tacrolimus Hydrate,hsa:5501,P36873
missing_ligand_affinity_file,enzyme,D00107,5282315,Tacrolimus Hydrate,hsa:5515,B3KUN1;P67775
missing_ligand_affinity_file,enzyme,D00107,5282315,Tacrolimus Hydrate,hsa:5516,A0A140VJS0;P62714
missing_ligand_affinity_file,enzyme,D00107,5282315,Tacrolimus Hydrate,hsa:5523,Q06190
missing_ligand_affinity_file,enzyme,D00107,5282315,Tacrolimus Hydrate,hsa:5530,A0A0S2Z4C6;Q08209
missing_ligand_affinity_file,enzyme,D00107,5282315,Tacrolimus Hydrate,hsa:5531,A0A024R625;P60510
missing_ligand_affinity_file,enzyme,D00107,5282315,Tacrolimus Hydrate,hsa:5532,P16298
missing_ligand_affinity_file,enzyme,D00107,5282315,Tacrolimus Hydrate,hsa:5533,P48454
missing_ligand_affinity_file,enzyme,D00107,5282315,Tacrolimus Hydrate,hsa:5536,P53041
missing_ligand_affinity_file,enzyme,D00107,5282315,Tacrolimus Hydrate,hsa:5537,A0A024R861;O00743
missing_ligand_affinity_file,enzyme,D00107,5282315,Tacrolimus Hydrate,hsa:58190,Q9GZU7
missing_ligand_affinity_file,enzyme,D00107,5282315,Tacrolimus Hydrate,hsa:63904,Q9H596
missing_ligand_affinity_file,enzyme,D00107,5282315,Tacrolimus Hydrate,hsa:7957,O95278
missing_ligand_affinity_file,enzyme,D00107,5282315,Tacrolimus Hydrate,hsa:80824,Q9BY84
missing_ligand_affinity_file,enzyme,D00107,5282315,Tacrolimus Hydrate,hsa:84152,B3KVQ9;Q9UD71
missing_ligand_affinity_file,enzyme,D00107,5282315,Tacrolimus Hydrate,hsa:85313,Q8WUA2
missing_ligand_affinity_file,enzyme,D00107,5282315,Tacrolimus Hydrate,hsa:8555,O60729
missing_ligand_affinity_file,enzyme,D00107,5282315,Tacrolimus Hydrate,hsa:8556,Q59EF4;Q9UNH5
missing_ligand_affinity_file,enzyme,D00107,5282315,Tacrolimus Hydrate,hsa:9150,Q9Y5B0
missing_ligand_affinity_file,enzyme,D00107,5282315,Tacrolimus Hydrate,hsa:9647,P49593
missing_uniprot_affinity_for_target,enzyme,D00118,156391,Naproxen,hsa:242,O75342
missing_uniprot_affinity_for_target,enzyme,D00118,156391,Naproxen,hsa:246,P16050
missing_uniprot_affinity_for_target,enzyme,D00120,1548887,Sulindac,hsa:2328,A0A024R8Z4;P31513;Q53FW5
missing_uniprot_affinity_for_target,enzyme,D00126,3672,"Ibuprofen, (+-)-",hsa:242,O75342
missing_uniprot_affinity_for_target,enzyme,D00129,5280453,Calcitriol,hsa:1594,O15528
missing_uniprot_affinity_for_target,enzyme,D00132,3825,Ketoprofen,hsa:242,O75342
missing_uniprot_affinity_for_target,enzyme,D00132,3825,Ketoprofen,hsa:246,P16050
missing_uniprot_affinity_for_target,enzyme,D00139,4114,8-Methoxypsoralen,hsa:1549,P20853
missing_uniprot_affinity_for_target,enzyme,D00139,4114,8-Methoxypsoralen,hsa:1572,P24903
missing_uniprot_affinity_for_target,enzyme,D00139,4114,8-Methoxypsoralen,hsa:1573,P51589
missing_uniprot_affinity_for_target,enzyme,D00139,4114,8-Methoxypsoralen,hsa:1579,Q02928
missing_uniprot_affinity_for_target,enzyme,D00139,4114,8-Methoxypsoralen,hsa:1580,P13584
missing_uniprot_affinity_for_target,enzyme,D00139,4114,8-Methoxypsoralen,hsa:1593,Q02318
missing_uniprot_affinity_for_target,enzyme,D00139,4114,8-Methoxypsoralen,hsa:1594,O15528
missing_uniprot_affinity_for_target,enzyme,D00139,4114,8-Methoxypsoralen,hsa:199974,Q86W10
missing_uniprot_affinity_for_target,enzyme,D00139,4114,8-Methoxypsoralen,hsa:260293,Q8N118
missing_uniprot_affinity_for_target,enzyme,D00139,4114,8-Methoxypsoralen,hsa:284541,Q5TCH4
missing_uniprot_affinity_for_target,enzyme,D00139,4114,8-Methoxypsoralen,hsa:29785,Q96SQ9
missing_uniprot_affinity_for_target,enzyme,D00139,4114,8-Methoxypsoralen,hsa:4051,Q08477
missing_uniprot_affinity_for_target,enzyme,D00139,4114,8-Methoxypsoralen,hsa:51004,Q9Y2Z9
missing_uniprot_affinity_for_target,enzyme,D00139,4114,8-Methoxypsoralen,hsa:51302,Q9NYL5
missing_uniprot_affinity_for_target,enzyme,D00139,4114,8-Methoxypsoralen,hsa:64816,Q9HB55
missing_uniprot_affinity_for_target,enzyme,D00139,4114,8-Methoxypsoralen,hsa:8529,P78329
missing_uniprot_affinity_for_target,enzyme,D00139,4114,8-Methoxypsoralen,hsa:9023,O95992
missing_uniprot_affinity_for_target,enzyme,D00139,4114,8-Methoxypsoralen,hsa:9420,O75881;Q05C57
missing_uniprot_affinity_for_target,enzyme,D00141,3715,Indomethacin,hsa:242,O75342
missing_uniprot_affinity_for_target,enzyme,D00141,3715,Indomethacin,hsa:246,P16050
missing_uniprot_affinity_for_target,enzyme,D00148,5280483,Vitamin K,hsa:2677,P38435
missing_ligand_affinity_file,enzyme,D00158,23677829,Tolmetin sodium dihydrate,hsa:5742,P23219
missing_ligand_affinity_file,enzyme,D00158,23677829,Tolmetin sodium dihydrate,hsa:5743,P35354
missing_uniprot_affinity_for_target,enzyme,D00160,564,6-Aminohexanoic Acid,hsa:10279,Q9NQE7
missing_uniprot_affinity_for_target,enzyme,D00160,564,6-Aminohexanoic Acid,hsa:1504,P17538
missing_uniprot_affinity_for_target,enzyme,D00160,564,6-Aminohexanoic Acid,hsa:1990,Q9UNI1
missing_uniprot_affinity_for_target,enzyme,D00160,564,6-Aminohexanoic Acid,hsa:23430,Q9BZJ3
missing_uniprot_affinity_for_target,enzyme,D00160,564,6-Aminohexanoic Acid,hsa:23436,P08861
missing_uniprot_affinity_for_target,enzyme,D00160,564,6-Aminohexanoic Acid,hsa:49,P10323
missing_uniprot_affinity_for_target,enzyme,D00160,564,6-Aminohexanoic Acid,hsa:5122,P29120
missing_uniprot_affinity_for_target,enzyme,D00160,564,6-Aminohexanoic Acid,hsa:5126,P16519
missing_uniprot_affinity_for_target,enzyme,D00160,564,6-Aminohexanoic Acid,hsa:5645,P07478;Q5NV56;Q6PK75
missing_uniprot_affinity_for_target,enzyme,D00160,564,6-Aminohexanoic Acid,hsa:63036,P08217
missing_uniprot_affinity_for_target,enzyme,D00160,564,6-Aminohexanoic Acid,hsa:7174,P29144
missing_ligand_affinity_file,enzyme,D00184,5280754,Cyclosporine (USP),hsa:1033,Q16667
missing_ligand_affinity_file,enzyme,D00184,5280754,Cyclosporine (USP),hsa:11072,O95147;Q6FI36
missing_ligand_affinity_file,enzyme,D00184,5280754,Cyclosporine (USP),hsa:11221,Q9Y6W6
missing_ligand_affinity_file,enzyme,D00184,5280754,Cyclosporine (USP),hsa:11266,Q9UNI6
missing_ligand_affinity_file,enzyme,D00184,5280754,Cyclosporine (USP),hsa:128853,Q9H1R2
missing_ligand_affinity_file,enzyme,D00184,5280754,Cyclosporine (USP),hsa:132160,Q96MI6
missing_ligand_affinity_file,enzyme,D00184,5280754,Cyclosporine (USP),hsa:134510,Q8WVY7
missing_ligand_affinity_file,enzyme,D00184,5280754,Cyclosporine (USP),hsa:142679,Q8WTR2
missing_ligand_affinity_file,enzyme,D00184,5280754,Cyclosporine (USP),hsa:150290,Q8NEJ0
missing_ligand_affinity_file,enzyme,D00184,5280754,Cyclosporine (USP),hsa:1843,B4DU40;P28562
missing_ligand_affinity_file,enzyme,D00184,5280754,Cyclosporine (USP),hsa:1844,Q05923
missing_ligand_affinity_file,enzyme,D00184,5280754,Cyclosporine (USP),hsa:1845,P51452
missing_ligand_affinity_file,enzyme,D00184,5280754,Cyclosporine (USP),hsa:1846,Q13115
missing_ligand_affinity_file,enzyme,D00184,5280754,Cyclosporine (USP),hsa:1847,Q16690
missing_ligand_affinity_file,enzyme,D00184,5280754,Cyclosporine (USP),hsa:1848,Q16828
missing_ligand_affinity_file,enzyme,D00184,5280754,Cyclosporine (USP),hsa:1849,Q16829
missing_ligand_affinity_file,enzyme,D00184,5280754,Cyclosporine (USP),hsa:1850,Q13202
missing_ligand_affinity_file,enzyme,D00184,5280754,Cyclosporine (USP),hsa:1852,Q6P9C2;Q99956
missing_ligand_affinity_file,enzyme,D00184,5280754,Cyclosporine (USP),hsa:22843,Q8WY54
missing_ligand_affinity_file,enzyme,D00184,5280754,Cyclosporine (USP),hsa:23035,Q6ZVD8
missing_ligand_affinity_file,enzyme,D00184,5280754,Cyclosporine (USP),hsa:23239,O60346
missing_ligand_affinity_file,enzyme,D00184,5280754,Cyclosporine (USP),hsa:28227,Q9Y5P8
missing_ligand_affinity_file,enzyme,D00184,5280754,Cyclosporine (USP),hsa:51207,Q6B8I1;Q9UII6
missing_ligand_affinity_file,enzyme,D00184,5280754,Cyclosporine (USP),hsa:5470,O14830
missing_ligand_affinity_file,enzyme,D00184,5280754,Cyclosporine (USP),hsa:5475,O14829
missing_ligand_affinity_file,enzyme,D00184,5280754,Cyclosporine (USP),hsa:5494,P35813
missing_ligand_affinity_file,enzyme,D00184,5280754,Cyclosporine (USP),hsa:5495,O75688
missing_ligand_affinity_file,enzyme,D00184,5280754,Cyclosporine (USP),hsa:5496,O15355;Q6IAU5
missing_ligand_affinity_file,enzyme,D00184,5280754,Cyclosporine (USP),hsa:5499,P62136
missing_ligand_affinity_file,enzyme,D00184,5280754,Cyclosporine (USP),hsa:5500,P62140;V9HW04
missing_ligand_affinity_file,enzyme,D00184,5280754,Cyclosporine (USP),hsa:5501,P36873
missing_ligand_affinity_file,enzyme,D00184,5280754,Cyclosporine (USP),hsa:5515,B3KUN1;P67775
missing_ligand_affinity_file,enzyme,D00184,5280754,Cyclosporine (USP),hsa:5516,A0A140VJS0;P62714
missing_ligand_affinity_file,enzyme,D00184,5280754,Cyclosporine (USP),hsa:5523,Q06190
missing_ligand_affinity_file,enzyme,D00184,5280754,Cyclosporine (USP),hsa:5530,A0A0S2Z4C6;Q08209
missing_ligand_affinity_file,enzyme,D00184,5280754,Cyclosporine (USP),hsa:5531,A0A024R625;P60510
missing_ligand_affinity_file,enzyme,D00184,5280754,Cyclosporine (USP),hsa:5532,P16298
missing_ligand_affinity_file,enzyme,D00184,5280754,Cyclosporine (USP),hsa:5533,P48454
missing_ligand_affinity_file,enzyme,D00184,5280754,Cyclosporine (USP),hsa:5536,P53041
missing_ligand_affinity_file,enzyme,D00184,5280754,Cyclosporine (USP),hsa:5537,A0A024R861;O00743
missing_ligand_affinity_file,enzyme,D00184,5280754,Cyclosporine (USP),hsa:58190,Q9GZU7
missing_ligand_affinity_file,enzyme,D00184,5280754,Cyclosporine (USP),hsa:63904,Q9H596
missing_ligand_affinity_file,enzyme,D00184,5280754,Cyclosporine (USP),hsa:7957,O95278
missing_ligand_affinity_file,enzyme,D00184,5280754,Cyclosporine (USP),hsa:80824,Q9BY84
missing_ligand_affinity_file,enzyme,D00184,5280754,Cyclosporine (USP),hsa:84152,B3KVQ9;Q9UD71
missing_ligand_affinity_file,enzyme,D00184,5280754,Cyclosporine (USP),hsa:8555,O60729
missing_ligand_affinity_file,enzyme,D00184,5280754,Cyclosporine (USP),hsa:8556,Q59EF4;Q9UNH5
missing_ligand_affinity_file,enzyme,D00184,5280754,Cyclosporine (USP),hsa:9150,Q9Y5B0
missing_ligand_affinity_file,enzyme,D00184,5280754,Cyclosporine (USP),hsa:9647,P49593
missing_uniprot_affinity_for_target,enzyme,D00185,5756,Estriol,hsa:51,Q15067
missing_uniprot_affinity_for_target,enzyme,D00187,5280793,Ergocalciferol,hsa:1594,O15528
missing_uniprot_affinity_for_target,enzyme,D00188,5280795,Vitamin D3,hsa:1593,Q02318
missing_uniprot_affinity_for_target,enzyme,D00216,41774,"(3R,4R,5S,6R)-5-(((2R,3R,4R,5S,6R)-5-(((2R,3R,4S,5S,6R)-3,4-dihydroxy-6-methyl-5-(((1S,4R,5S,6S)-4,5,6-trihydroxy-3-(hydroxymethyl)cyclohex-2-en-1-yl)amino)oxan-2-yl)oxy)-3,4-dihydroxy-6-(hydroxymethyl)oxan-2-yl)oxy)-6-(hydroxymethyl)oxane-2,3,4-triol",hsa:2595,Q8TET4
missing_uniprot_affinity_for_target,enzyme,D00217,1983,Acetaminophen,hsa:1733,A8K415;P49895
missing_uniprot_affinity_for_target,enzyme,D00217,1983,Acetaminophen,hsa:1734,Q92813
missing_uniprot_affinity_for_target,enzyme,D00217,1983,Acetaminophen,hsa:1735,P55073;Q86TU3
missing_uniprot_affinity_for_target,enzyme,D00217,1983,Acetaminophen,hsa:4025,P22079
missing_uniprot_affinity_for_target,enzyme,D00217,1983,Acetaminophen,hsa:8288,P11678
missing_uniprot_affinity_for_target,enzyme,D00218,1986,Acetazolamide,hsa:11238,Q9Y2D0
missing_uniprot_affinity_for_target,enzyme,D00218,1986,Acetazolamide,hsa:763,P35218
missing_uniprot_affinity_for_target,enzyme,D00225,2118,Alprazolam,hsa:1549,P20853
missing_uniprot_affinity_for_target,enzyme,D00225,2118,Alprazolam,hsa:1572,P24903
missing_uniprot_affinity_for_target,enzyme,D00225,2118,Alprazolam,hsa:1573,P51589
missing_uniprot_affinity_for_target,enzyme,D00225,2118,Alprazolam,hsa:1579,Q02928
missing_uniprot_affinity_for_target,enzyme,D00225,2118,Alprazolam,hsa:1580,P13584
missing_uniprot_affinity_for_target,enzyme,D00225,2118,Alprazolam,hsa:1593,Q02318
missing_uniprot_affinity_for_target,enzyme,D00225,2118,Alprazolam,hsa:1594,O15528
missing_uniprot_affinity_for_target,enzyme,D00225,2118,Alprazolam,hsa:199974,Q86W10
missing_uniprot_affinity_for_target,enzyme,D00225,2118,Alprazolam,hsa:260293,Q8N118
missing_uniprot_affinity_for_target,enzyme,D00225,2118,Alprazolam,hsa:284541,Q5TCH4
missing_uniprot_affinity_for_target,enzyme,D00225,2118,Alprazolam,hsa:29785,Q96SQ9
missing_uniprot_affinity_for_target,enzyme,D00225,2118,Alprazolam,hsa:4051,Q08477
missing_uniprot_affinity_for_target,enzyme,D00225,2118,Alprazolam,hsa:51004,Q9Y2Z9
missing_uniprot_affinity_for_target,enzyme,D00225,2118,Alprazolam,hsa:51302,Q9NYL5
missing_uniprot_affinity_for_target,enzyme,D00225,2118,Alprazolam,hsa:64816,Q9HB55
missing_uniprot_affinity_for_target,enzyme,D00225,2118,Alprazolam,hsa:8529,P78329
missing_uniprot_affinity_for_target,enzyme,D00225,2118,Alprazolam,hsa:9023,O95992
missing_uniprot_affinity_for_target,enzyme,D00225,2118,Alprazolam,hsa:9420,O75881;Q05C57
missing_ligand_affinity_file,enzyme,D00227,9433,Aminophylline,hsa:10846,Q9Y233
missing_ligand_affinity_file,enzyme,D00227,9433,Aminophylline,hsa:27115,Q9NP56
missing_ligand_affinity_file,enzyme,D00227,9433,Aminophylline,hsa:50940,Q9HCR9
missing_ligand_affinity_file,enzyme,D00227,9433,Aminophylline,hsa:5136,P54750
missing_ligand_affinity_file,enzyme,D00227,9433,Aminophylline,hsa:5137,Q14123
missing_ligand_affinity_file,enzyme,D00227,9433,Aminophylline,hsa:5138,O00408;Q8IW54
missing_ligand_affinity_file,enzyme,D00227,9433,Aminophylline,hsa:5140,A7E2E5;Q13370
missing_ligand_affinity_file,enzyme,D00227,9433,Aminophylline,hsa:5141,P27815
missing_ligand_affinity_file,enzyme,D00227,9433,Aminophylline,hsa:5142,Q07343;X5DNX5
missing_ligand_affinity_file,enzyme,D00227,9433,Aminophylline,hsa:5143,F6R4I1;O43849;Q08493;Q32MM7
missing_ligand_affinity_file,enzyme,D00227,9433,Aminophylline,hsa:5144,A0A140VJR0;Q08499
missing_ligand_affinity_file,enzyme,D00227,9433,Aminophylline,hsa:5147,O43924;Q6IB24
missing_ligand_affinity_file,enzyme,D00227,9433,Aminophylline,hsa:5148,P18545
missing_ligand_affinity_file,enzyme,D00227,9433,Aminophylline,hsa:5149,Q13956
missing_ligand_affinity_file,enzyme,D00227,9433,Aminophylline,hsa:5150,Q13946
missing_ligand_affinity_file,enzyme,D00227,9433,Aminophylline,hsa:5151,O60658
missing_ligand_affinity_file,enzyme,D00227,9433,Aminophylline,hsa:5152,A0A0S2Z4T6;O76083
missing_ligand_affinity_file,enzyme,D00227,9433,Aminophylline,hsa:8622,B3KN77;O95263
missing_ligand_affinity_file,enzyme,D00227,9433,Aminophylline,hsa:8654,O76074
missing_uniprot_affinity_for_target,enzyme,D00231,3698,Amrinone,hsa:27115,Q9NP56
missing_uniprot_affinity_for_target,enzyme,D00231,3698,Amrinone,hsa:50940,Q9HCR9
missing_uniprot_affinity_for_target,enzyme,D00231,3698,Amrinone,hsa:5136,P54750
missing_uniprot_affinity_for_target,enzyme,D00231,3698,Amrinone,hsa:5137,Q14123
missing_uniprot_affinity_for_target,enzyme,D00231,3698,Amrinone,hsa:5149,Q13956
missing_uniprot_affinity_for_target,enzyme,D00231,3698,Amrinone,hsa:8622,B3KN77;O95263
missing_uniprot_affinity_for_target,enzyme,D00270,2726,Chlorpromazine,hsa:84171,Q96JB6
missing_uniprot_affinity_for_target,enzyme,D00270,2726,Chlorpromazine,hsa:84695,P58215
missing_uniprot_affinity_for_target,enzyme,D00293,3016,Diazepam,hsa:51,Q15067
missing_ligand_affinity_file,enzyme,D00324,11954221,"6alpha-Fluoro-11beta,16alpha,17,21-tetrahydroxypregna-1,4-diene-3,20-dione cyclic 16,17-acetal with acetone, hemihydrate",hsa:5321,P47712
missing_uniprot_affinity_for_target,enzyme,D00332,3446,Gabapentin,hsa:18,P80404;X5D8S1
missing_uniprot_affinity_for_target,enzyme,D00332,3446,Gabapentin,hsa:51,Q15067
missing_uniprot_affinity_for_target,enzyme,D00332,3446,Gabapentin,hsa:64902,Q9BYV1
missing_uniprot_affinity_for_target,enzyme,D00332,3446,Gabapentin,hsa:9945,A0A0S2Z4X9;B3KMR8;O94808
missing_uniprot_affinity_for_target,enzyme,D00340,3639,Hydrochlorothiazide,hsa:11238,Q9Y2D0
missing_uniprot_affinity_for_target,enzyme,D00340,3639,Hydrochlorothiazide,hsa:763,P35218
missing_ligand_affinity_file,enzyme,D00362,5362118,Lisinopril dihydrate,hsa:1636,B4DKH4;P12821
missing_uniprot_affinity_for_target,enzyme,D00371,2153,Theophylline,hsa:27115,Q9NP56
missing_uniprot_affinity_for_target,enzyme,D00371,2153,Theophylline,hsa:50940,Q9HCR9
missing_uniprot_affinity_for_target,enzyme,D00371,2153,Theophylline,hsa:5136,P54750
missing_uniprot_affinity_for_target,enzyme,D00371,2153,Theophylline,hsa:5137,Q14123
missing_uniprot_affinity_for_target,enzyme,D00371,2153,Theophylline,hsa:5149,Q13956
missing_uniprot_affinity_for_target,enzyme,D00371,2153,Theophylline,hsa:8622,B3KN77;O95263
missing_uniprot_affinity_for_target,enzyme,D00380,5505,Tolbutamide,hsa:1549,P20853
missing_uniprot_affinity_for_target,enzyme,D00380,5505,Tolbutamide,hsa:1572,P24903
missing_uniprot_affinity_for_target,enzyme,D00380,5505,Tolbutamide,hsa:1573,P51589
missing_uniprot_affinity_for_target,enzyme,D00380,5505,Tolbutamide,hsa:1579,Q02928
missing_uniprot_affinity_for_target,enzyme,D00380,5505,Tolbutamide,hsa:1580,P13584
missing_uniprot_affinity_for_target,enzyme,D00380,5505,Tolbutamide,hsa:1593,Q02318
missing_uniprot_affinity_for_target,enzyme,D00380,5505,Tolbutamide,hsa:1594,O15528
missing_uniprot_affinity_for_target,enzyme,D00380,5505,Tolbutamide,hsa:199974,Q86W10
missing_uniprot_affinity_for_target,enzyme,D00380,5505,Tolbutamide,hsa:260293,Q8N118
missing_uniprot_affinity_for_target,enzyme,D00380,5505,Tolbutamide,hsa:284541,Q5TCH4
missing_uniprot_affinity_for_target,enzyme,D00380,5505,Tolbutamide,hsa:29785,Q96SQ9
missing_uniprot_affinity_for_target,enzyme,D00380,5505,Tolbutamide,hsa:4051,Q08477
missing_uniprot_affinity_for_target,enzyme,D00380,5505,Tolbutamide,hsa:51004,Q9Y2Z9
missing_uniprot_affinity_for_target,enzyme,D00380,5505,Tolbutamide,hsa:51302,Q9NYL5
missing_uniprot_affinity_for_target,enzyme,D00380,5505,Tolbutamide,hsa:64816,Q9HB55
missing_uniprot_affinity_for_target,enzyme,D00380,5505,Tolbutamide,hsa:8529,P78329
missing_uniprot_affinity_for_target,enzyme,D00380,5505,Tolbutamide,hsa:9023,O95992
missing_uniprot_affinity_for_target,enzyme,D00380,5505,Tolbutamide,hsa:9420,O75881;Q05C57
missing_uniprot_affinity_for_target,enzyme,D00394,5584,Trimipramine,hsa:1549,P20853
missing_uniprot_affinity_for_target,enzyme,D00394,5584,Trimipramine,hsa:1572,P24903
missing_uniprot_affinity_for_target,enzyme,D00394,5584,Trimipramine,hsa:1573,P51589
missing_uniprot_affinity_for_target,enzyme,D00394,5584,Trimipramine,hsa:1579,Q02928
missing_uniprot_affinity_for_target,enzyme,D00394,5584,Trimipramine,hsa:1580,P13584
missing_uniprot_affinity_for_target,enzyme,D00394,5584,Trimipramine,hsa:1593,Q02318
missing_uniprot_affinity_for_target,enzyme,D00394,5584,Trimipramine,hsa:1594,O15528
missing_uniprot_affinity_for_target,enzyme,D00394,5584,Trimipramine,hsa:199974,Q86W10
missing_uniprot_affinity_for_target,enzyme,D00394,5584,Trimipramine,hsa:260293,Q8N118
missing_uniprot_affinity_for_target,enzyme,D00394,5584,Trimipramine,hsa:284541,Q5TCH4
missing_uniprot_affinity_for_target,enzyme,D00394,5584,Trimipramine,hsa:29785,Q96SQ9
missing_uniprot_affinity_for_target,enzyme,D00394,5584,Trimipramine,hsa:4051,Q08477
missing_uniprot_affinity_for_target,enzyme,D00394,5584,Trimipramine,hsa:51004,Q9Y2Z9
missing_uniprot_affinity_for_target,enzyme,D00394,5584,Trimipramine,hsa:51302,Q9NYL5
missing_uniprot_affinity_for_target,enzyme,D00394,5584,Trimipramine,hsa:64816,Q9HB55
missing_uniprot_affinity_for_target,enzyme,D00394,5584,Trimipramine,hsa:8529,P78329
missing_uniprot_affinity_for_target,enzyme,D00394,5584,Trimipramine,hsa:9023,O95992
missing_uniprot_affinity_for_target,enzyme,D00394,5584,Trimipramine,hsa:9420,O75881;Q05C57
missing_uniprot_affinity_for_target,enzyme,D00401,1349907,Methimazole,hsa:1733,A8K415;P49895
missing_uniprot_affinity_for_target,enzyme,D00401,1349907,Methimazole,hsa:1734,Q92813
missing_uniprot_affinity_for_target,enzyme,D00401,1349907,Methimazole,hsa:1735,P55073;Q86TU3
missing_uniprot_affinity_for_target,enzyme,D00401,1349907,Methimazole,hsa:2326,B2RCG5;Q01740
missing_uniprot_affinity_for_target,enzyme,D00401,1349907,Methimazole,hsa:2328,A0A024R8Z4;P31513;Q53FW5
missing_uniprot_affinity_for_target,enzyme,D00401,1349907,Methimazole,hsa:7173,P07202;Q502Y3;Q6P534
missing_uniprot_affinity_for_target,enzyme,D00410,4174,Metyrapone,hsa:1549,P20853
missing_uniprot_affinity_for_target,enzyme,D00410,4174,Metyrapone,hsa:1572,P24903
missing_uniprot_affinity_for_target,enzyme,D00410,4174,Metyrapone,hsa:1573,P51589
missing_uniprot_affinity_for_target,enzyme,D00410,4174,Metyrapone,hsa:1579,Q02928
missing_uniprot_affinity_for_target,enzyme,D00410,4174,Metyrapone,hsa:1580,P13584
missing_uniprot_affinity_for_target,enzyme,D00410,4174,Metyrapone,hsa:1593,Q02318
missing_uniprot_affinity_for_target,enzyme,D00410,4174,Metyrapone,hsa:1594,O15528
missing_uniprot_affinity_for_target,enzyme,D00410,4174,Metyrapone,hsa:199974,Q86W10
missing_uniprot_affinity_for_target,enzyme,D00410,4174,Metyrapone,hsa:260293,Q8N118
missing_uniprot_affinity_for_target,enzyme,D00410,4174,Metyrapone,hsa:284541,Q5TCH4
missing_uniprot_affinity_for_target,enzyme,D00410,4174,Metyrapone,hsa:29785,Q96SQ9
missing_uniprot_affinity_for_target,enzyme,D00410,4174,Metyrapone,hsa:3291,P80365
missing_uniprot_affinity_for_target,enzyme,D00410,4174,Metyrapone,hsa:4051,Q08477
missing_uniprot_affinity_for_target,enzyme,D00410,4174,Metyrapone,hsa:51004,Q9Y2Z9
missing_uniprot_affinity_for_target,enzyme,D00410,4174,Metyrapone,hsa:51302,Q9NYL5
missing_uniprot_affinity_for_target,enzyme,D00410,4174,Metyrapone,hsa:64816,Q9HB55
missing_uniprot_affinity_for_target,enzyme,D00410,4174,Metyrapone,hsa:8529,P78329
missing_uniprot_affinity_for_target,enzyme,D00410,4174,Metyrapone,hsa:9023,O95992
missing_uniprot_affinity_for_target,enzyme,D00410,4174,Metyrapone,hsa:9420,O75881;Q05C57
missing_uniprot_affinity_for_target,enzyme,D00417,4197,Milrinone,hsa:133121,Q6UWR7
missing_uniprot_affinity_for_target,enzyme,D00417,4197,Milrinone,hsa:23236,Q9NQ66
missing_uniprot_affinity_for_target,enzyme,D00417,4197,Milrinone,hsa:27115,Q9NP56
missing_uniprot_affinity_for_target,enzyme,D00417,4197,Milrinone,hsa:2822,P80108
missing_uniprot_affinity_for_target,enzyme,D00417,4197,Milrinone,hsa:50940,Q9HCR9
missing_uniprot_affinity_for_target,enzyme,D00417,4197,Milrinone,hsa:51172,Q9UK23
missing_uniprot_affinity_for_target,enzyme,D00417,4197,Milrinone,hsa:5136,P54750
missing_uniprot_affinity_for_target,enzyme,D00417,4197,Milrinone,hsa:5137,Q14123
missing_uniprot_affinity_for_target,enzyme,D00417,4197,Milrinone,hsa:5145,P16499
missing_uniprot_affinity_for_target,enzyme,D00417,4197,Milrinone,hsa:5149,Q13956
missing_uniprot_affinity_for_target,enzyme,D00417,4197,Milrinone,hsa:5158,P35913
missing_uniprot_affinity_for_target,enzyme,D00417,4197,Milrinone,hsa:5167,P22413
missing_uniprot_affinity_for_target,enzyme,D00417,4197,Milrinone,hsa:5332,Q15147
missing_uniprot_affinity_for_target,enzyme,D00417,4197,Milrinone,hsa:5333,A0A384MR47;A8K8F9;P51178
missing_uniprot_affinity_for_target,enzyme,D00417,4197,Milrinone,hsa:6610,O60906
missing_uniprot_affinity_for_target,enzyme,D00417,4197,Milrinone,hsa:84812,Q9BRC7
missing_uniprot_affinity_for_target,enzyme,D00417,4197,Milrinone,hsa:8622,B3KN77;O95263
missing_uniprot_affinity_for_target,enzyme,D00423,37542,Ribavirin,hsa:5167,P22413
missing_uniprot_affinity_for_target,enzyme,D00437,4485,Nifedipine,hsa:1549,P20853
missing_uniprot_affinity_for_target,enzyme,D00437,4485,Nifedipine,hsa:1572,P24903
missing_uniprot_affinity_for_target,enzyme,D00437,4485,Nifedipine,hsa:1573,P51589
missing_uniprot_affinity_for_target,enzyme,D00437,4485,Nifedipine,hsa:1579,Q02928
missing_uniprot_affinity_for_target,enzyme,D00437,4485,Nifedipine,hsa:1580,P13584
missing_uniprot_affinity_for_target,enzyme,D00437,4485,Nifedipine,hsa:1593,Q02318
missing_uniprot_affinity_for_target,enzyme,D00437,4485,Nifedipine,hsa:1594,O15528
missing_uniprot_affinity_for_target,enzyme,D00437,4485,Nifedipine,hsa:199974,Q86W10
missing_uniprot_affinity_for_target,enzyme,D00437,4485,Nifedipine,hsa:260293,Q8N118
missing_uniprot_affinity_for_target,enzyme,D00437,4485,Nifedipine,hsa:284541,Q5TCH4
missing_uniprot_affinity_for_target,enzyme,D00437,4485,Nifedipine,hsa:29785,Q96SQ9
missing_uniprot_affinity_for_target,enzyme,D00437,4485,Nifedipine,hsa:4051,Q08477
missing_uniprot_affinity_for_target,enzyme,D00437,4485,Nifedipine,hsa:51004,Q9Y2Z9
missing_uniprot_affinity_for_target,enzyme,D00437,4485,Nifedipine,hsa:51302,Q9NYL5
missing_uniprot_affinity_for_target,enzyme,D00437,4485,Nifedipine,hsa:64816,Q9HB55
missing_uniprot_affinity_for_target,enzyme,D00437,4485,Nifedipine,hsa:8529,P78329
missing_uniprot_affinity_for_target,enzyme,D00437,4485,Nifedipine,hsa:9023,O95992
missing_uniprot_affinity_for_target,enzyme,D00437,4485,Nifedipine,hsa:9420,O75881;Q05C57
missing_uniprot_affinity_for_target,enzyme,D00448,5339,Sulfasalazine,hsa:242,O75342
missing_uniprot_affinity_for_target,enzyme,D00448,5339,Sulfasalazine,hsa:246,P16050
missing_uniprot_affinity_for_target,enzyme,D00448,5339,Sulfasalazine,hsa:9641,Q14164
missing_uniprot_affinity_for_target,enzyme,D00455,4594,Prilosec,hsa:495,A0A384MR29;P20648;Q658V6
missing_uniprot_affinity_for_target,enzyme,D00501,4740,Pentoxifylline,hsa:133121,Q6UWR7
missing_uniprot_affinity_for_target,enzyme,D00501,4740,Pentoxifylline,hsa:23236,Q9NQ66
missing_uniprot_affinity_for_target,enzyme,D00501,4740,Pentoxifylline,hsa:27115,Q9NP56
missing_uniprot_affinity_for_target,enzyme,D00501,4740,Pentoxifylline,hsa:2822,P80108
missing_uniprot_affinity_for_target,enzyme,D00501,4740,Pentoxifylline,hsa:51172,Q9UK23
missing_uniprot_affinity_for_target,enzyme,D00501,4740,Pentoxifylline,hsa:5136,P54750
missing_uniprot_affinity_for_target,enzyme,D00501,4740,Pentoxifylline,hsa:5137,Q14123
missing_uniprot_affinity_for_target,enzyme,D00501,4740,Pentoxifylline,hsa:5145,P16499
missing_uniprot_affinity_for_target,enzyme,D00501,4740,Pentoxifylline,hsa:5149,Q13956
missing_uniprot_affinity_for_target,enzyme,D00501,4740,Pentoxifylline,hsa:5158,P35913
missing_uniprot_affinity_for_target,enzyme,D00501,4740,Pentoxifylline,hsa:5167,P22413
missing_uniprot_affinity_for_target,enzyme,D00501,4740,Pentoxifylline,hsa:5332,Q15147
missing_uniprot_affinity_for_target,enzyme,D00501,4740,Pentoxifylline,hsa:5333,A0A384MR47;A8K8F9;P51178
missing_uniprot_affinity_for_target,enzyme,D00501,4740,Pentoxifylline,hsa:57665,Q53RX3;Q9HBH5
missing_uniprot_affinity_for_target,enzyme,D00501,4740,Pentoxifylline,hsa:6610,O60906
missing_uniprot_affinity_for_target,enzyme,D00501,4740,Pentoxifylline,hsa:84618,Q9BXI3
missing_uniprot_affinity_for_target,enzyme,D00501,4740,Pentoxifylline,hsa:84812,Q9BRC7
missing_uniprot_affinity_for_target,enzyme,D00501,4740,Pentoxifylline,hsa:8622,B3KN77;O95263
missing_uniprot_affinity_for_target,enzyme,D00510,4781,Phenylbutazone,hsa:242,O75342
missing_uniprot_affinity_for_target,enzyme,D00510,4781,Phenylbutazone,hsa:246,P16050
missing_uniprot_affinity_for_target,enzyme,D00515,4510,Nitroglycerin,hsa:4881,A0A140VJE6;P16066
missing_uniprot_affinity_for_target,enzyme,D00516,6883,Isosorbide Dinitrate,hsa:4881,A0A140VJE6;P16066
missing_uniprot_affinity_for_target,enzyme,D00518,3038,Dichlorphenamide,hsa:11238,Q9Y2D0
missing_uniprot_affinity_for_target,enzyme,D00518,3038,Dichlorphenamide,hsa:763,P35218
missing_uniprot_affinity_for_target,enzyme,D00519,2720,Chlorothiazide,hsa:11238,Q9Y2D0
missing_uniprot_affinity_for_target,enzyme,D00519,2720,Chlorothiazide,hsa:763,P35218
missing_uniprot_affinity_for_target,enzyme,D00528,2519,Caffeine,hsa:133121,Q6UWR7
missing_uniprot_affinity_for_target,enzyme,D00528,2519,Caffeine,hsa:1572,P24903
missing_uniprot_affinity_for_target,enzyme,D00528,2519,Caffeine,hsa:1573,P51589
missing_uniprot_affinity_for_target,enzyme,D00528,2519,Caffeine,hsa:1579,Q02928
missing_uniprot_affinity_for_target,enzyme,D00528,2519,Caffeine,hsa:1580,P13584
missing_uniprot_affinity_for_target,enzyme,D00528,2519,Caffeine,hsa:1593,Q02318
missing_uniprot_affinity_for_target,enzyme,D00528,2519,Caffeine,hsa:1594,O15528
missing_uniprot_affinity_for_target,enzyme,D00528,2519,Caffeine,hsa:199974,Q86W10
missing_uniprot_affinity_for_target,enzyme,D00528,2519,Caffeine,hsa:23236,Q9NQ66
missing_uniprot_affinity_for_target,enzyme,D00528,2519,Caffeine,hsa:260293,Q8N118
missing_uniprot_affinity_for_target,enzyme,D00528,2519,Caffeine,hsa:27115,Q9NP56
missing_uniprot_affinity_for_target,enzyme,D00528,2519,Caffeine,hsa:2822,P80108
missing_uniprot_affinity_for_target,enzyme,D00528,2519,Caffeine,hsa:284541,Q5TCH4
missing_uniprot_affinity_for_target,enzyme,D00528,2519,Caffeine,hsa:29785,Q96SQ9
missing_uniprot_affinity_for_target,enzyme,D00528,2519,Caffeine,hsa:4051,Q08477
missing_uniprot_affinity_for_target,enzyme,D00528,2519,Caffeine,hsa:472,Q13315
missing_uniprot_affinity_for_target,enzyme,D00528,2519,Caffeine,hsa:51004,Q9Y2Z9
missing_uniprot_affinity_for_target,enzyme,D00528,2519,Caffeine,hsa:51172,Q9UK23
missing_uniprot_affinity_for_target,enzyme,D00528,2519,Caffeine,hsa:51302,Q9NYL5
missing_uniprot_affinity_for_target,enzyme,D00528,2519,Caffeine,hsa:5136,P54750
missing_uniprot_affinity_for_target,enzyme,D00528,2519,Caffeine,hsa:5137,Q14123
missing_uniprot_affinity_for_target,enzyme,D00528,2519,Caffeine,hsa:5145,P16499
missing_uniprot_affinity_for_target,enzyme,D00528,2519,Caffeine,hsa:5149,Q13956
missing_uniprot_affinity_for_target,enzyme,D00528,2519,Caffeine,hsa:5158,P35913
missing_uniprot_affinity_for_target,enzyme,D00528,2519,Caffeine,hsa:5167,P22413
missing_uniprot_affinity_for_target,enzyme,D00528,2519,Caffeine,hsa:5332,Q15147
missing_uniprot_affinity_for_target,enzyme,D00528,2519,Caffeine,hsa:5333,A0A384MR47;A8K8F9;P51178
missing_uniprot_affinity_for_target,enzyme,D00528,2519,Caffeine,hsa:64816,Q9HB55
missing_uniprot_affinity_for_target,enzyme,D00528,2519,Caffeine,hsa:6610,O60906
missing_uniprot_affinity_for_target,enzyme,D00528,2519,Caffeine,hsa:84812,Q9BRC7
missing_uniprot_affinity_for_target,enzyme,D00528,2519,Caffeine,hsa:8529,P78329
missing_uniprot_affinity_for_target,enzyme,D00528,2519,Caffeine,hsa:8622,B3KN77;O95263
missing_uniprot_affinity_for_target,enzyme,D00528,2519,Caffeine,hsa:9023,O95992
missing_uniprot_affinity_for_target,enzyme,D00528,2519,Caffeine,hsa:9420,O75881;Q05C57
missing_uniprot_affinity_for_target,enzyme,D00530,5719,Zaleplon,hsa:51,Q15067
missing_uniprot_affinity_for_target,enzyme,D00535,5665,Vigabatrin,hsa:18,P80404;X5D8S1
missing_uniprot_affinity_for_target,enzyme,D00538,5734,Zonisamide,hsa:11238,Q9Y2D0
missing_uniprot_affinity_for_target,enzyme,D00538,5734,Zonisamide,hsa:763,P35218
missing_uniprot_affinity_for_target,enzyme,D00542,3562,Halothane,hsa:1549,P20853
missing_uniprot_affinity_for_target,enzyme,D00542,3562,Halothane,hsa:1572,P24903
missing_uniprot_affinity_for_target,enzyme,D00542,3562,Halothane,hsa:1573,P51589
missing_uniprot_affinity_for_target,enzyme,D00542,3562,Halothane,hsa:1579,Q02928
missing_uniprot_affinity_for_target,enzyme,D00542,3562,Halothane,hsa:1580,P13584
missing_uniprot_affinity_for_target,enzyme,D00542,3562,Halothane,hsa:1593,Q02318
missing_uniprot_affinity_for_target,enzyme,D00542,3562,Halothane,hsa:1594,O15528
missing_uniprot_affinity_for_target,enzyme,D00542,3562,Halothane,hsa:199974,Q86W10
missing_uniprot_affinity_for_target,enzyme,D00542,3562,Halothane,hsa:260293,Q8N118
missing_uniprot_affinity_for_target,enzyme,D00542,3562,Halothane,hsa:27032,P98194
missing_uniprot_affinity_for_target,enzyme,D00542,3562,Halothane,hsa:284541,Q5TCH4
missing_uniprot_affinity_for_target,enzyme,D00542,3562,Halothane,hsa:29785,Q96SQ9
missing_uniprot_affinity_for_target,enzyme,D00542,3562,Halothane,hsa:4051,Q08477
missing_uniprot_affinity_for_target,enzyme,D00542,3562,Halothane,hsa:51004,Q9Y2Z9
missing_uniprot_affinity_for_target,enzyme,D00542,3562,Halothane,hsa:513,P30049
missing_uniprot_affinity_for_target,enzyme,D00542,3562,Halothane,hsa:51302,Q9NYL5
missing_uniprot_affinity_for_target,enzyme,D00542,3562,Halothane,hsa:64816,Q9HB55
missing_uniprot_affinity_for_target,enzyme,D00542,3562,Halothane,hsa:8529,P78329
missing_uniprot_affinity_for_target,enzyme,D00542,3562,Halothane,hsa:9023,O95992
missing_uniprot_affinity_for_target,enzyme,D00542,3562,Halothane,hsa:9420,O75881;Q05C57
missing_uniprot_affinity_for_target,enzyme,D00543,3226,Enflurane,hsa:27032,P98194
missing_uniprot_affinity_for_target,enzyme,D00543,3226,Enflurane,hsa:513,P30049
missing_uniprot_affinity_for_target,enzyme,D00544,4116,Methoxyflurane,hsa:27032,P98194
missing_uniprot_affinity_for_target,enzyme,D00544,4116,Methoxyflurane,hsa:513,P30049
missing_uniprot_affinity_for_target,enzyme,D00545,3763,Isoflurane,hsa:27032,P98194
missing_uniprot_affinity_for_target,enzyme,D00545,3763,Isoflurane,hsa:513,P30049
missing_uniprot_affinity_for_target,enzyme,D00546,42113,Desflurane,hsa:27032,P98194
missing_uniprot_affinity_for_target,enzyme,D00546,42113,Desflurane,hsa:513,P30049
missing_uniprot_affinity_for_target,enzyme,D00547,5206,Sevoflurane,hsa:27032,P98194
missing_uniprot_affinity_for_target,enzyme,D00547,5206,Sevoflurane,hsa:513,P30049
missing_uniprot_affinity_for_target,enzyme,D00549,4943,Propofol,hsa:51,Q15067
missing_uniprot_affinity_for_target,enzyme,D00562,657298,Propylthiouracil,hsa:1733,A8K415;P49895
missing_uniprot_affinity_for_target,enzyme,D00562,657298,Propylthiouracil,hsa:1734,Q92813
missing_uniprot_affinity_for_target,enzyme,D00562,657298,Propylthiouracil,hsa:1735,P55073;Q86TU3
missing_uniprot_affinity_for_target,enzyme,D00562,657298,Propylthiouracil,hsa:4025,P22079
missing_uniprot_affinity_for_target,enzyme,D00562,657298,Propylthiouracil,hsa:7173,P07202;Q502Y3;Q6P534
missing_uniprot_affinity_for_target,enzyme,D00562,657298,Propylthiouracil,hsa:8288,P11678
missing_uniprot_affinity_for_target,enzyme,D00574,2145,Aminoglutethimide,hsa:1549,P20853
missing_uniprot_affinity_for_target,enzyme,D00574,2145,Aminoglutethimide,hsa:1572,P24903
missing_uniprot_affinity_for_target,enzyme,D00574,2145,Aminoglutethimide,hsa:1573,P51589
missing_uniprot_affinity_for_target,enzyme,D00574,2145,Aminoglutethimide,hsa:1579,Q02928
missing_uniprot_affinity_for_target,enzyme,D00574,2145,Aminoglutethimide,hsa:1580,P13584
missing_uniprot_affinity_for_target,enzyme,D00574,2145,Aminoglutethimide,hsa:1593,Q02318
missing_uniprot_affinity_for_target,enzyme,D00574,2145,Aminoglutethimide,hsa:1594,O15528
missing_uniprot_affinity_for_target,enzyme,D00574,2145,Aminoglutethimide,hsa:199974,Q86W10
missing_uniprot_affinity_for_target,enzyme,D00574,2145,Aminoglutethimide,hsa:260293,Q8N118
missing_uniprot_affinity_for_target,enzyme,D00574,2145,Aminoglutethimide,hsa:284541,Q5TCH4
missing_uniprot_affinity_for_target,enzyme,D00574,2145,Aminoglutethimide,hsa:29785,Q96SQ9
missing_uniprot_affinity_for_target,enzyme,D00574,2145,Aminoglutethimide,hsa:4051,Q08477
missing_uniprot_affinity_for_target,enzyme,D00574,2145,Aminoglutethimide,hsa:51004,Q9Y2Z9
missing_uniprot_affinity_for_target,enzyme,D00574,2145,Aminoglutethimide,hsa:51302,Q9NYL5
missing_uniprot_affinity_for_target,enzyme,D00574,2145,Aminoglutethimide,hsa:64816,Q9HB55
missing_uniprot_affinity_for_target,enzyme,D00574,2145,Aminoglutethimide,hsa:8529,P78329
missing_uniprot_affinity_for_target,enzyme,D00574,2145,Aminoglutethimide,hsa:9023,O95992
missing_uniprot_affinity_for_target,enzyme,D00574,2145,Aminoglutethimide,hsa:9420,O75881;Q05C57
missing_uniprot_affinity_for_target,enzyme,D00577,448537,Diethylstilbestrol,hsa:1733,A8K415;P49895
missing_uniprot_affinity_for_target,enzyme,D00577,448537,Diethylstilbestrol,hsa:1734,Q92813
missing_uniprot_affinity_for_target,enzyme,D00577,448537,Diethylstilbestrol,hsa:1735,P55073;Q86TU3
missing_uniprot_affinity_for_target,enzyme,D00577,448537,Diethylstilbestrol,hsa:4025,P22079
missing_uniprot_affinity_for_target,enzyme,D00577,448537,Diethylstilbestrol,hsa:8288,P11678
missing_ligand_affinity_file,enzyme,D00579,44561,Foscarnet Sodium,hsa:7015,O14746
missing_uniprot_affinity_for_target,enzyme,D00584,3385,5-Fluorouracil,hsa:1806,Q12882
missing_uniprot_affinity_for_target,enzyme,D00584,3385,5-Fluorouracil,hsa:7084,O00142;Q8IZR3
missing_ligand_affinity_file,enzyme,D00621,5388961,Enalapril Maleate,hsa:1636,B4DKH4;P12821
missing_uniprot_affinity_for_target,enzyme,D00622,23667962,Dynacil,hsa:1636,B4DKH4;P12821
missing_ligand_affinity_file,enzyme,D00623,54889,Moexipril Hydrochloride,hsa:1636,B4DKH4;P12821
missing_uniprot_affinity_for_target,enzyme,D00625,441314,Miglitol,hsa:2595,Q8TET4
missing_uniprot_affinity_for_target,enzyme,D00630,27661,Isosorbide Mononitrate,hsa:4881,A0A140VJE6;P16066
missing_uniprot_affinity_for_target,enzyme,D00652,68844,Brinzolamide,hsa:11238,Q9Y2D0
missing_uniprot_affinity_for_target,enzyme,D00652,68844,Brinzolamide,hsa:763,P35218
missing_uniprot_affinity_for_target,enzyme,D00653,6918132,Dorzolamide Hydrochloride,hsa:11238,Q9Y2D0
missing_uniprot_affinity_for_target,enzyme,D00653,6918132,Dorzolamide Hydrochloride,hsa:763,P35218
missing_uniprot_affinity_for_target,enzyme,D00654,3647,Hydroflumethiazide,hsa:476,P05023
missing_uniprot_affinity_for_target,enzyme,D00655,4100,Methazolamide,hsa:11238,Q9Y2D0
missing_uniprot_affinity_for_target,enzyme,D00655,4100,Methazolamide,hsa:763,P35218
missing_uniprot_affinity_for_target,enzyme,D00656,4121,Methyclothiazide,hsa:476,P05023
missing_uniprot_affinity_for_target,enzyme,D00658,5560,Trichlormethiazide,hsa:476,P05023
missing_uniprot_affinity_for_target,enzyme,D00691,3182,Diprophylline,hsa:27115,Q9NP56
missing_uniprot_affinity_for_target,enzyme,D00691,3182,Diprophylline,hsa:5136,P54750
missing_uniprot_affinity_for_target,enzyme,D00691,3182,Diprophylline,hsa:5137,Q14123
missing_uniprot_affinity_for_target,enzyme,D00691,3182,Diprophylline,hsa:5149,Q13956
missing_uniprot_affinity_for_target,enzyme,D00691,3182,Diprophylline,hsa:8622,B3KN77;O95263
missing_uniprot_affinity_for_target,enzyme,D00726,4168,Metoclopramide,hsa:4593,O15146
missing_uniprot_affinity_for_target,enzyme,D00753,5497196,Rapamycin (TN),hsa:2280,P62942;Q0VDC6
missing_uniprot_affinity_for_target,enzyme,D00771,2733,Chlorzoxazone,hsa:1549,P20853
missing_ligand_affinity_file,enzyme,D00826,23724784,bis((1R)-2-phenylcyclopropan-1-amine);sulfuric acid,hsa:4128,P21397;Q49A63;Q53YE7
missing_ligand_affinity_file,enzyme,D00826,23724784,bis((1R)-2-phenylcyclopropan-1-amine);sulfuric acid,hsa:4129,P27338
missing_ligand_affinity_file,enzyme,D00827,5282387,Magnesium salicylate hydrate,hsa:5742,P23219
missing_ligand_affinity_file,enzyme,D00827,5282387,Magnesium salicylate hydrate,hsa:5743,P35354
missing_ligand_affinity_file,enzyme,D00829,441361,"Ornithine, 2-(difluoromethyl)-, hydrochloride, hydrate (1:1:1)",hsa:4953,P11926
missing_ligand_affinity_file,enzyme,D00887,60822,Atorvastatin Calcium,hsa:3156,P04035
missing_uniprot_affinity_for_target,enzyme,D00900,78000,Tamiflu,hsa:10825,Q9UQ49
missing_uniprot_affinity_for_target,enzyme,D00900,78000,Tamiflu,hsa:129807,B3KR54;Q8WWR8
missing_uniprot_affinity_for_target,enzyme,D00900,78000,Tamiflu,hsa:4758,Q5JQI0;Q99519
missing_uniprot_affinity_for_target,enzyme,D00902,60855,Zanamivir,hsa:10825,Q9UQ49
missing_uniprot_affinity_for_target,enzyme,D00902,60855,Zanamivir,hsa:129807,B3KR54;Q8WWR8
missing_uniprot_affinity_for_target,enzyme,D00902,60855,Zanamivir,hsa:4758,Q5JQI0;Q99519
missing_ligand_affinity_file,enzyme,D00903,23667642,Diclofenac Potassium,hsa:5742,P23219
missing_ligand_affinity_file,enzyme,D00903,23667642,Diclofenac Potassium,hsa:5743,P35354
missing_ligand_affinity_file,enzyme,D00904,5018304,Diclofenac sodium,hsa:5742,P23219
missing_ligand_affinity_file,enzyme,D00904,5018304,Diclofenac sodium,hsa:5743,P35354
missing_uniprot_affinity_for_target,enzyme,D00960,2187,Anastrozole,hsa:1549,P20853
missing_uniprot_affinity_for_target,enzyme,D00960,2187,Anastrozole,hsa:1572,P24903
missing_uniprot_affinity_for_target,enzyme,D00960,2187,Anastrozole,hsa:1573,P51589
missing_uniprot_affinity_for_target,enzyme,D00960,2187,Anastrozole,hsa:1580,P13584
missing_uniprot_affinity_for_target,enzyme,D00960,2187,Anastrozole,hsa:199974,Q86W10
missing_uniprot_affinity_for_target,enzyme,D00960,2187,Anastrozole,hsa:260293,Q8N118
missing_uniprot_affinity_for_target,enzyme,D00960,2187,Anastrozole,hsa:29785,Q96SQ9
missing_uniprot_affinity_for_target,enzyme,D00960,2187,Anastrozole,hsa:64816,Q9HB55
missing_uniprot_affinity_for_target,enzyme,D00964,3902,Letrozole,hsa:1549,P20853
missing_uniprot_affinity_for_target,enzyme,D00964,3902,Letrozole,hsa:1572,P24903
missing_uniprot_affinity_for_target,enzyme,D00964,3902,Letrozole,hsa:1573,P51589
missing_uniprot_affinity_for_target,enzyme,D00964,3902,Letrozole,hsa:1580,P13584
missing_uniprot_affinity_for_target,enzyme,D00964,3902,Letrozole,hsa:199974,Q86W10
missing_uniprot_affinity_for_target,enzyme,D00964,3902,Letrozole,hsa:260293,Q8N118
missing_uniprot_affinity_for_target,enzyme,D00964,3902,Letrozole,hsa:29785,Q96SQ9
missing_uniprot_affinity_for_target,enzyme,D00964,3902,Letrozole,hsa:64816,Q9HB55
missing_ligand_affinity_file,enzyme,D00968,64747,Fenoprofen Calcium,hsa:5742,P23219
missing_ligand_affinity_file,enzyme,D00968,64747,Fenoprofen Calcium,hsa:5743,P35354
missing_ligand_affinity_file,enzyme,D00995,8246,Neostigmine Bromide,hsa:43,P22303
missing_ligand_affinity_file,enzyme,D00998,5824,Neostigmine Methylsulfate,hsa:43,P22303
missing_ligand_affinity_file,enzyme,D01027,11953898,"Cobalt;[(2R,3S,4R,5S)-5-(5,6-dimethylbenzimidazol-1-yl)-4-hydroxy-2-(hydroxymethyl)oxolan-3-yl] [(2S)-1-[3-[(2R,3R,4Z,7S,9Z,12S,13S,14Z,17S,18S,19R)-2,13,18-tris(2-amino-2-oxoethyl)-7,12,17-tris(3-amino-3-oxopropyl)-3,5,8,8,13,15,18,19-octamethyl-2,7,12,17-tetrahydro-1H-corrin-21-id-3-yl]propanoylamino]propan-2-yl] phosphate;hydrate",hsa:326625,Q96EY8
missing_ligand_affinity_file,enzyme,D01027,11953898,"Cobalt;[(2R,3S,4R,5S)-5-(5,6-dimethylbenzimidazol-1-yl)-4-hydroxy-2-(hydroxymethyl)oxolan-3-yl] [(2S)-1-[3-[(2R,3R,4Z,7S,9Z,12S,13S,14Z,17S,18S,19R)-2,13,18-tris(2-amino-2-oxoethyl)-7,12,17-tris(3-amino-3-oxopropyl)-3,5,8,8,13,15,18,19-octamethyl-2,7,12,17-tetrahydro-1H-corrin-21-id-3-yl]propanoylamino]propan-2-yl] phosphate;hydrate",hsa:4548,Q99707
missing_ligand_affinity_file,enzyme,D01027,11953898,"Cobalt;[(2R,3S,4R,5S)-5-(5,6-dimethylbenzimidazol-1-yl)-4-hydroxy-2-(hydroxymethyl)oxolan-3-yl] [(2S)-1-[3-[(2R,3R,4Z,7S,9Z,12S,13S,14Z,17S,18S,19R)-2,13,18-tris(2-amino-2-oxoethyl)-7,12,17-tris(3-amino-3-oxopropyl)-3,5,8,8,13,15,18,19-octamethyl-2,7,12,17-tetrahydro-1H-corrin-21-id-3-yl]propanoylamino]propan-2-yl] phosphate;hydrate",hsa:4552,Q9UBK8
missing_ligand_affinity_file,enzyme,D01027,11953898,"Cobalt;[(2R,3S,4R,5S)-5-(5,6-dimethylbenzimidazol-1-yl)-4-hydroxy-2-(hydroxymethyl)oxolan-3-yl] [(2S)-1-[3-[(2R,3R,4Z,7S,9Z,12S,13S,14Z,17S,18S,19R)-2,13,18-tris(2-amino-2-oxoethyl)-7,12,17-tris(3-amino-3-oxopropyl)-3,5,8,8,13,15,18,19-octamethyl-2,7,12,17-tetrahydro-1H-corrin-21-id-3-yl]propanoylamino]propan-2-yl] phosphate;hydrate",hsa:4594,A0A024RD82;B2R6K1;P22033
missing_ligand_affinity_file,enzyme,D01061,60837,Camptosar,hsa:116447,E5KMK7;Q969P6
missing_ligand_affinity_file,enzyme,D01061,60837,Camptosar,hsa:7150,P11387;Q9BVT2
missing_ligand_affinity_file,enzyme,D01061,60837,Camptosar,hsa:7156,Q13472
missing_ligand_affinity_file,enzyme,D01061,60837,Camptosar,hsa:8940,O95985
missing_ligand_affinity_file,enzyme,D01069,56329,Cilazapril Monohydrate,hsa:1636,B4DKH4;P12821
missing_uniprot_affinity_for_target,enzyme,D01071,3608,Hexobarbital,hsa:1549,P20853
missing_uniprot_affinity_for_target,enzyme,D01071,3608,Hexobarbital,hsa:1572,P24903
missing_uniprot_affinity_for_target,enzyme,D01071,3608,Hexobarbital,hsa:1573,P51589
missing_uniprot_affinity_for_target,enzyme,D01071,3608,Hexobarbital,hsa:1579,Q02928
missing_uniprot_affinity_for_target,enzyme,D01071,3608,Hexobarbital,hsa:1580,P13584
missing_uniprot_affinity_for_target,enzyme,D01071,3608,Hexobarbital,hsa:1593,Q02318
missing_uniprot_affinity_for_target,enzyme,D01071,3608,Hexobarbital,hsa:1594,O15528
missing_uniprot_affinity_for_target,enzyme,D01071,3608,Hexobarbital,hsa:199974,Q86W10
missing_uniprot_affinity_for_target,enzyme,D01071,3608,Hexobarbital,hsa:260293,Q8N118
missing_uniprot_affinity_for_target,enzyme,D01071,3608,Hexobarbital,hsa:284541,Q5TCH4
missing_uniprot_affinity_for_target,enzyme,D01071,3608,Hexobarbital,hsa:29785,Q96SQ9
missing_uniprot_affinity_for_target,enzyme,D01071,3608,Hexobarbital,hsa:4051,Q08477
missing_uniprot_affinity_for_target,enzyme,D01071,3608,Hexobarbital,hsa:51004,Q9Y2Z9
missing_uniprot_affinity_for_target,enzyme,D01071,3608,Hexobarbital,hsa:51302,Q9NYL5
missing_uniprot_affinity_for_target,enzyme,D01071,3608,Hexobarbital,hsa:64816,Q9HB55
missing_uniprot_affinity_for_target,enzyme,D01071,3608,Hexobarbital,hsa:8529,P78329
missing_uniprot_affinity_for_target,enzyme,D01071,3608,Hexobarbital,hsa:9023,O95992
missing_uniprot_affinity_for_target,enzyme,D01071,3608,Hexobarbital,hsa:9420,O75881;Q05C57
missing_uniprot_affinity_for_target,enzyme,D01133,4823,Pimobendan,hsa:27115,Q9NP56
missing_uniprot_affinity_for_target,enzyme,D01133,4823,Pimobendan,hsa:50940,Q9HCR9
missing_uniprot_affinity_for_target,enzyme,D01133,4823,Pimobendan,hsa:5136,P54750
missing_uniprot_affinity_for_target,enzyme,D01133,4823,Pimobendan,hsa:5137,Q14123
missing_uniprot_affinity_for_target,enzyme,D01133,4823,Pimobendan,hsa:5149,Q13956
missing_uniprot_affinity_for_target,enzyme,D01133,4823,Pimobendan,hsa:8622,B3KN77;O95263
missing_uniprot_affinity_for_target,enzyme,D01180,656583,Trilostane,hsa:3283,P14060
missing_uniprot_affinity_for_target,enzyme,D01196,13290219,Acetazolamide Sodium,hsa:11238,Q9Y2D0
missing_uniprot_affinity_for_target,enzyme,D01196,13290219,Acetazolamide Sodium,hsa:763,P35218
missing_uniprot_affinity_for_target,enzyme,D01198,60790,Toborinone,hsa:27115,Q9NP56
missing_uniprot_affinity_for_target,enzyme,D01198,60790,Toborinone,hsa:50940,Q9HCR9
missing_uniprot_affinity_for_target,enzyme,D01198,60790,Toborinone,hsa:5136,P54750
missing_uniprot_affinity_for_target,enzyme,D01198,60790,Toborinone,hsa:5137,Q14123
missing_uniprot_affinity_for_target,enzyme,D01198,60790,Toborinone,hsa:5149,Q13956
missing_uniprot_affinity_for_target,enzyme,D01198,60790,Toborinone,hsa:8622,B3KN77;O95263
missing_uniprot_affinity_for_target,enzyme,D01223,185462,Bosentan Monohydrate,hsa:13,P22760
missing_uniprot_affinity_for_target,enzyme,D01223,185462,Bosentan Monohydrate,hsa:25796,A0A0K0K1K7;O95336
missing_uniprot_affinity_for_target,enzyme,D01223,185462,Bosentan Monohydrate,hsa:26279,Q9UNK4
missing_uniprot_affinity_for_target,enzyme,D01223,185462,Bosentan Monohydrate,hsa:3990,A6H8L5;P11150
missing_uniprot_affinity_for_target,enzyme,D01223,185462,Bosentan Monohydrate,hsa:3991,A8K8W7;Q05469
missing_uniprot_affinity_for_target,enzyme,D01223,185462,Bosentan Monohydrate,hsa:50487,Q9NZ20
missing_uniprot_affinity_for_target,enzyme,D01223,185462,Bosentan Monohydrate,hsa:5050,A0A024R0L6;Q15102
missing_uniprot_affinity_for_target,enzyme,D01223,185462,Bosentan Monohydrate,hsa:5051,Q99487
missing_uniprot_affinity_for_target,enzyme,D01223,185462,Bosentan Monohydrate,hsa:51365,Q53H76
missing_uniprot_affinity_for_target,enzyme,D01223,185462,Bosentan Monohydrate,hsa:5322,P39877
missing_uniprot_affinity_for_target,enzyme,D01223,185462,Bosentan Monohydrate,hsa:64600,Q9BZM2
missing_uniprot_affinity_for_target,enzyme,D01223,185462,Bosentan Monohydrate,hsa:80339,Q9NST1
missing_uniprot_affinity_for_target,enzyme,D01223,185462,Bosentan Monohydrate,hsa:81579,Q542Y6;Q9BZM1
missing_uniprot_affinity_for_target,enzyme,D01223,185462,Bosentan Monohydrate,hsa:8398,O60733
missing_uniprot_affinity_for_target,enzyme,D01223,185462,Bosentan Monohydrate,hsa:9388,Q9Y5X9
missing_uniprot_affinity_for_target,enzyme,D01223,185462,Bosentan Monohydrate,hsa:9563,O95479
missing_uniprot_affinity_for_target,enzyme,D01240,63030,Promethazine Teoclate,hsa:476,P05023
missing_uniprot_affinity_for_target,enzyme,D01275,158550,Atazanavir Sulfate,hsa:7153,P11388
missing_uniprot_affinity_for_target,enzyme,D01275,158550,Atazanavir Sulfate,hsa:7155,Q02880
missing_ligand_affinity_file,enzyme,D01276,117965,"2-Piperidinecarboxamide, 1-butyl-N-(2,6-dimethylphenyl)-, hydrochloride (1:1), (2S)-",hsa:10720,O75310
missing_ligand_affinity_file,enzyme,D01276,117965,"2-Piperidinecarboxamide, 1-butyl-N-(2,6-dimethylphenyl)-, hydrochloride (1:1), (2S)-",hsa:10941,P0DTE4
missing_ligand_affinity_file,enzyme,D01276,117965,"2-Piperidinecarboxamide, 1-butyl-N-(2,6-dimethylphenyl)-, hydrochloride (1:1), (2S)-",hsa:54490,Q9BY64
missing_ligand_affinity_file,enzyme,D01276,117965,"2-Piperidinecarboxamide, 1-butyl-N-(2,6-dimethylphenyl)-, hydrochloride (1:1), (2S)-",hsa:54575,Q5DT02;Q9HAW8
missing_ligand_affinity_file,enzyme,D01276,117965,"2-Piperidinecarboxamide, 1-butyl-N-(2,6-dimethylphenyl)-, hydrochloride (1:1), (2S)-",hsa:54576,Q5DSZ6;Q9HAW9
missing_ligand_affinity_file,enzyme,D01276,117965,"2-Piperidinecarboxamide, 1-butyl-N-(2,6-dimethylphenyl)-, hydrochloride (1:1), (2S)-",hsa:54577,Q5DSZ7;Q9HAW7
missing_ligand_affinity_file,enzyme,D01276,117965,"2-Piperidinecarboxamide, 1-butyl-N-(2,6-dimethylphenyl)-, hydrochloride (1:1), (2S)-",hsa:54578,P19224;Q5DSZ8
missing_ligand_affinity_file,enzyme,D01276,117965,"2-Piperidinecarboxamide, 1-butyl-N-(2,6-dimethylphenyl)-, hydrochloride (1:1), (2S)-",hsa:54579,P35504;Q5DSZ9
missing_ligand_affinity_file,enzyme,D01276,117965,"2-Piperidinecarboxamide, 1-butyl-N-(2,6-dimethylphenyl)-, hydrochloride (1:1), (2S)-",hsa:54600,O60656;Q5DSZ5
missing_ligand_affinity_file,enzyme,D01276,117965,"2-Piperidinecarboxamide, 1-butyl-N-(2,6-dimethylphenyl)-, hydrochloride (1:1), (2S)-",hsa:54657,P22310
missing_ligand_affinity_file,enzyme,D01276,117965,"2-Piperidinecarboxamide, 1-butyl-N-(2,6-dimethylphenyl)-, hydrochloride (1:1), (2S)-",hsa:54658,P22309;Q5DT03
missing_ligand_affinity_file,enzyme,D01276,117965,"2-Piperidinecarboxamide, 1-butyl-N-(2,6-dimethylphenyl)-, hydrochloride (1:1), (2S)-",hsa:54659,P35503;Q5DT01
missing_ligand_affinity_file,enzyme,D01276,117965,"2-Piperidinecarboxamide, 1-butyl-N-(2,6-dimethylphenyl)-, hydrochloride (1:1), (2S)-",hsa:7363,P06133
missing_ligand_affinity_file,enzyme,D01276,117965,"2-Piperidinecarboxamide, 1-butyl-N-(2,6-dimethylphenyl)-, hydrochloride (1:1), (2S)-",hsa:7364,P16662
missing_ligand_affinity_file,enzyme,D01276,117965,"2-Piperidinecarboxamide, 1-butyl-N-(2,6-dimethylphenyl)-, hydrochloride (1:1), (2S)-",hsa:7365,P36537
missing_ligand_affinity_file,enzyme,D01276,117965,"2-Piperidinecarboxamide, 1-butyl-N-(2,6-dimethylphenyl)-, hydrochloride (1:1), (2S)-",hsa:7366,P54855
missing_ligand_affinity_file,enzyme,D01276,117965,"2-Piperidinecarboxamide, 1-butyl-N-(2,6-dimethylphenyl)-, hydrochloride (1:1), (2S)-",hsa:7367,O75795
missing_ligand_affinity_file,enzyme,D01276,117965,"2-Piperidinecarboxamide, 1-butyl-N-(2,6-dimethylphenyl)-, hydrochloride (1:1), (2S)-",hsa:79799,Q6UWM9
missing_uniprot_affinity_for_target,enzyme,D01332,2329,4-((2-(Benzoylamino)-3-(4-hydroxyphenyl)-1-oxopropyl)amino)benzoic acid,hsa:242,O75342
missing_uniprot_affinity_for_target,enzyme,D01332,2329,4-((2-(Benzoylamino)-3-(4-hydroxyphenyl)-1-oxopropyl)amino)benzoic acid,hsa:246,P16050
missing_uniprot_affinity_for_target,enzyme,D01332,2329,4-((2-(Benzoylamino)-3-(4-hydroxyphenyl)-1-oxopropyl)amino)benzoic acid,hsa:27115,Q9NP56
missing_ligand_affinity_file,enzyme,D01346,19648,Streptomycin Sulfate,hsa:11330,Q99895
missing_ligand_affinity_file,enzyme,D01346,19648,Streptomycin Sulfate,hsa:1504,P17538
missing_ligand_affinity_file,enzyme,D01346,19648,Streptomycin Sulfate,hsa:279,P04746;Q53F26
missing_ligand_affinity_file,enzyme,D01346,19648,Streptomycin Sulfate,hsa:5406,P16233
missing_uniprot_affinity_for_target,enzyme,D01364,9878,Fluorometholone,hsa:246,P16050
missing_uniprot_affinity_for_target,enzyme,D01425,151114,Exatecan Mesylate,hsa:1548,P11509
missing_uniprot_affinity_for_target,enzyme,D01425,151114,Exatecan Mesylate,hsa:1549,P20853
missing_uniprot_affinity_for_target,enzyme,D01425,151114,Exatecan Mesylate,hsa:1572,P24903
missing_uniprot_affinity_for_target,enzyme,D01425,151114,Exatecan Mesylate,hsa:1573,P51589
missing_uniprot_affinity_for_target,enzyme,D01425,151114,Exatecan Mesylate,hsa:1580,P13584
missing_uniprot_affinity_for_target,enzyme,D01425,151114,Exatecan Mesylate,hsa:199974,Q86W10
missing_uniprot_affinity_for_target,enzyme,D01425,151114,Exatecan Mesylate,hsa:260293,Q8N118
missing_uniprot_affinity_for_target,enzyme,D01425,151114,Exatecan Mesylate,hsa:29785,Q96SQ9
missing_uniprot_affinity_for_target,enzyme,D01425,151114,Exatecan Mesylate,hsa:64816,Q9HB55
missing_uniprot_affinity_for_target,enzyme,D01432,123596,Imatinib Mesylate,hsa:116447,E5KMK7;Q969P6
missing_ligand_affinity_file,enzyme,D01441,5282418,Trifluoperazine dimaleate,hsa:10188,Q07912
missing_ligand_affinity_file,enzyme,D01441,5282418,Trifluoperazine dimaleate,hsa:10461,Q12866
missing_ligand_affinity_file,enzyme,D01441,5282418,Trifluoperazine dimaleate,hsa:130399,Q8NER5
missing_ligand_affinity_file,enzyme,D01441,5282418,Trifluoperazine dimaleate,hsa:1436,P07333
missing_ligand_affinity_file,enzyme,D01441,5282418,Trifluoperazine dimaleate,hsa:1445,A8K3B6;B2R6Q4;P41240
missing_ligand_affinity_file,enzyme,D01441,5282418,Trifluoperazine dimaleate,hsa:1956,F2YGG7;F6QWY5;P00533;Q504U8
missing_ligand_affinity_file,enzyme,D01441,5282418,Trifluoperazine dimaleate,hsa:1969,P29317
missing_ligand_affinity_file,enzyme,D01441,5282418,Trifluoperazine dimaleate,hsa:2041,P21709
missing_ligand_affinity_file,enzyme,D01441,5282418,Trifluoperazine dimaleate,hsa:2042,A0A140VJJ0;P29320;Q6P4R6
missing_ligand_affinity_file,enzyme,D01441,5282418,Trifluoperazine dimaleate,hsa:2043,P54764
missing_ligand_affinity_file,enzyme,D01441,5282418,Trifluoperazine dimaleate,hsa:2044,A0A087WX63;A0A384MU00;B7ZKJ3;P54756;Q59FT4
missing_ligand_affinity_file,enzyme,D01441,5282418,Trifluoperazine dimaleate,hsa:2045,Q15375
missing_ligand_affinity_file,enzyme,D01441,5282418,Trifluoperazine dimaleate,hsa:2046,P29322
missing_ligand_affinity_file,enzyme,D01441,5282418,Trifluoperazine dimaleate,hsa:2047,P54762
missing_ligand_affinity_file,enzyme,D01441,5282418,Trifluoperazine dimaleate,hsa:2048,F6TUL7;P29323;Q4LE53;Q6NVW1
missing_ligand_affinity_file,enzyme,D01441,5282418,Trifluoperazine dimaleate,hsa:2049,P54753
missing_ligand_affinity_file,enzyme,D01441,5282418,Trifluoperazine dimaleate,hsa:2050,F6RDZ0;P54760;Q96L35
missing_ligand_affinity_file,enzyme,D01441,5282418,Trifluoperazine dimaleate,hsa:2051,
missing_ligand_affinity_file,enzyme,D01441,5282418,Trifluoperazine dimaleate,hsa:2064,P04626;X5DNK3
missing_ligand_affinity_file,enzyme,D01441,5282418,Trifluoperazine dimaleate,hsa:2065,P21860
missing_ligand_affinity_file,enzyme,D01441,5282418,Trifluoperazine dimaleate,hsa:2066,Q15303
missing_ligand_affinity_file,enzyme,D01441,5282418,Trifluoperazine dimaleate,hsa:2185,Q14289
missing_ligand_affinity_file,enzyme,D01441,5282418,Trifluoperazine dimaleate,hsa:2241,P16591;W0S0X4
missing_ligand_affinity_file,enzyme,D01441,5282418,Trifluoperazine dimaleate,hsa:2242,P07332
missing_ligand_affinity_file,enzyme,D01441,5282418,Trifluoperazine dimaleate,hsa:2260,P11362
missing_ligand_affinity_file,enzyme,D01441,5282418,Trifluoperazine dimaleate,hsa:2261,P22607;Q0IJ44
missing_ligand_affinity_file,enzyme,D01441,5282418,Trifluoperazine dimaleate,hsa:2263,P21802
missing_ligand_affinity_file,enzyme,D01441,5282418,Trifluoperazine dimaleate,hsa:2264,P22455
missing_ligand_affinity_file,enzyme,D01441,5282418,Trifluoperazine dimaleate,hsa:2321,P17948
missing_ligand_affinity_file,enzyme,D01441,5282418,Trifluoperazine dimaleate,hsa:2322,P36888
missing_ligand_affinity_file,enzyme,D01441,5282418,Trifluoperazine dimaleate,hsa:2324,P35916
missing_ligand_affinity_file,enzyme,D01441,5282418,Trifluoperazine dimaleate,hsa:238,B6D4Y2;Q9UM73
missing_ligand_affinity_file,enzyme,D01441,5282418,Trifluoperazine dimaleate,hsa:25,P00519;Q59FK4
missing_ligand_affinity_file,enzyme,D01441,5282418,Trifluoperazine dimaleate,hsa:2534,P06241
missing_ligand_affinity_file,enzyme,D01441,5282418,Trifluoperazine dimaleate,hsa:285220,Q9UF33
missing_ligand_affinity_file,enzyme,D01441,5282418,Trifluoperazine dimaleate,hsa:29941,Q6P5Z2
missing_ligand_affinity_file,enzyme,D01441,5282418,Trifluoperazine dimaleate,hsa:3055,P08631
missing_ligand_affinity_file,enzyme,D01441,5282418,Trifluoperazine dimaleate,hsa:3480,P08069
missing_ligand_affinity_file,enzyme,D01441,5282418,Trifluoperazine dimaleate,hsa:3643,P06213
missing_ligand_affinity_file,enzyme,D01441,5282418,Trifluoperazine dimaleate,hsa:3645,P14616
missing_ligand_affinity_file,enzyme,D01441,5282418,Trifluoperazine dimaleate,hsa:3702,Q08881
missing_ligand_affinity_file,enzyme,D01441,5282418,Trifluoperazine dimaleate,hsa:3716,P23458;Q6P669
missing_ligand_affinity_file,enzyme,D01441,5282418,Trifluoperazine dimaleate,hsa:3717,O60674
missing_ligand_affinity_file,enzyme,D01441,5282418,Trifluoperazine dimaleate,hsa:3718,P52333
missing_ligand_affinity_file,enzyme,D01441,5282418,Trifluoperazine dimaleate,hsa:3791,P35968
missing_ligand_affinity_file,enzyme,D01441,5282418,Trifluoperazine dimaleate,hsa:3815,P10721
missing_ligand_affinity_file,enzyme,D01441,5282418,Trifluoperazine dimaleate,hsa:3932,A0A0S2Z3Y8;P06239
missing_ligand_affinity_file,enzyme,D01441,5282418,Trifluoperazine dimaleate,hsa:4058,P29376
missing_ligand_affinity_file,enzyme,D01441,5282418,Trifluoperazine dimaleate,hsa:4067,A8K379;P07948;Q6NUK7
missing_ligand_affinity_file,enzyme,D01441,5282418,Trifluoperazine dimaleate,hsa:4145,F1T0G6;P42679
missing_ligand_affinity_file,enzyme,D01441,5282418,Trifluoperazine dimaleate,hsa:4233,P08581
missing_ligand_affinity_file,enzyme,D01441,5282418,Trifluoperazine dimaleate,hsa:4486,Q04912
missing_ligand_affinity_file,enzyme,D01441,5282418,Trifluoperazine dimaleate,hsa:4593,O15146
missing_ligand_affinity_file,enzyme,D01441,5282418,Trifluoperazine dimaleate,hsa:4914,P04629
missing_ligand_affinity_file,enzyme,D01441,5282418,Trifluoperazine dimaleate,hsa:4915,Q16620;Q548C2;Q5VWE5
missing_ligand_affinity_file,enzyme,D01441,5282418,Trifluoperazine dimaleate,hsa:4916,Q16288;X5D2R1
missing_ligand_affinity_file,enzyme,D01441,5282418,Trifluoperazine dimaleate,hsa:4919,Q01973
missing_ligand_affinity_file,enzyme,D01441,5282418,Trifluoperazine dimaleate,hsa:4920,Q01974
missing_ligand_affinity_file,enzyme,D01441,5282418,Trifluoperazine dimaleate,hsa:4921,Q16832
missing_ligand_affinity_file,enzyme,D01441,5282418,Trifluoperazine dimaleate,hsa:5156,P16234
missing_ligand_affinity_file,enzyme,D01441,5282418,Trifluoperazine dimaleate,hsa:5159,P09619;Q59F04
missing_ligand_affinity_file,enzyme,D01441,5282418,Trifluoperazine dimaleate,hsa:55359,Q6J9G0
missing_ligand_affinity_file,enzyme,D01441,5282418,Trifluoperazine dimaleate,hsa:558,P30530
missing_ligand_affinity_file,enzyme,D01441,5282418,Trifluoperazine dimaleate,hsa:5604,A4QPA9;Q02750
missing_ligand_affinity_file,enzyme,D01441,5282418,Trifluoperazine dimaleate,hsa:5605,P36507
missing_ligand_affinity_file,enzyme,D01441,5282418,Trifluoperazine dimaleate,hsa:5606,P46734;Q6FI23
missing_ligand_affinity_file,enzyme,D01441,5282418,Trifluoperazine dimaleate,hsa:5607,Q13163
missing_ligand_affinity_file,enzyme,D01441,5282418,Trifluoperazine dimaleate,hsa:5608,A8K3Y2;P52564
missing_ligand_affinity_file,enzyme,D01441,5282418,Trifluoperazine dimaleate,hsa:5747,Q05397
missing_ligand_affinity_file,enzyme,D01441,5282418,Trifluoperazine dimaleate,hsa:5754,Q13308
missing_ligand_affinity_file,enzyme,D01441,5282418,Trifluoperazine dimaleate,hsa:5979,P07949
missing_ligand_affinity_file,enzyme,D01441,5282418,Trifluoperazine dimaleate,hsa:6098,P08922
missing_ligand_affinity_file,enzyme,D01441,5282418,Trifluoperazine dimaleate,hsa:613,P11274
missing_ligand_affinity_file,enzyme,D01441,5282418,Trifluoperazine dimaleate,hsa:6259,P34925;Q59FQ5;Q8WTZ8
missing_ligand_affinity_file,enzyme,D01441,5282418,Trifluoperazine dimaleate,hsa:6416,P45985
missing_ligand_affinity_file,enzyme,D01441,5282418,Trifluoperazine dimaleate,hsa:657,P36894
missing_ligand_affinity_file,enzyme,D01441,5282418,Trifluoperazine dimaleate,hsa:658,O00238
missing_ligand_affinity_file,enzyme,D01441,5282418,Trifluoperazine dimaleate,hsa:660,P51813
missing_ligand_affinity_file,enzyme,D01441,5282418,Trifluoperazine dimaleate,hsa:6714,P12931
missing_ligand_affinity_file,enzyme,D01441,5282418,Trifluoperazine dimaleate,hsa:6725,Q9H3Y6
missing_ligand_affinity_file,enzyme,D01441,5282418,Trifluoperazine dimaleate,hsa:695,A0A8Q3WKL1;Q06187;Q5JY90
missing_ligand_affinity_file,enzyme,D01441,5282418,Trifluoperazine dimaleate,hsa:7006,P42680
missing_ligand_affinity_file,enzyme,D01441,5282418,Trifluoperazine dimaleate,hsa:7010,Q02763;Q59HG2
missing_ligand_affinity_file,enzyme,D01441,5282418,Trifluoperazine dimaleate,hsa:7046,B4DXN7;P36897;Q5T7S2
missing_ligand_affinity_file,enzyme,D01441,5282418,Trifluoperazine dimaleate,hsa:7075,P35590
missing_ligand_affinity_file,enzyme,D01441,5282418,Trifluoperazine dimaleate,hsa:7294,P42681
missing_ligand_affinity_file,enzyme,D01441,5282418,Trifluoperazine dimaleate,hsa:7297,P29597
missing_ligand_affinity_file,enzyme,D01441,5282418,Trifluoperazine dimaleate,hsa:7301,Q06418
missing_ligand_affinity_file,enzyme,D01441,5282418,Trifluoperazine dimaleate,hsa:7525,P07947
missing_ligand_affinity_file,enzyme,D01441,5282418,Trifluoperazine dimaleate,hsa:7535,P43403
missing_ligand_affinity_file,enzyme,D01441,5282418,Trifluoperazine dimaleate,hsa:780,Q08345
missing_ligand_affinity_file,enzyme,D01441,5282418,Trifluoperazine dimaleate,hsa:90,D3DPA4;Q04771
missing_ligand_affinity_file,enzyme,D01441,5282418,Trifluoperazine dimaleate,hsa:9088,Q99640
missing_ligand_affinity_file,enzyme,D01441,5282418,Trifluoperazine dimaleate,hsa:91,P36896
missing_ligand_affinity_file,enzyme,D01441,5282418,Trifluoperazine dimaleate,hsa:93,Q13705
missing_ligand_affinity_file,enzyme,D01441,5282418,Trifluoperazine dimaleate,hsa:94,A0A0S2Z310;P37023
missing_uniprot_affinity_for_target,enzyme,D01665,5362115,Delapril Hydrochloride,hsa:2595,Q8TET4
missing_uniprot_affinity_for_target,enzyme,D01690,71764,Alfuzosin Hydrochloride,hsa:27115,Q9NP56
missing_uniprot_affinity_for_target,enzyme,D01690,71764,Alfuzosin Hydrochloride,hsa:50940,Q9HCR9
missing_uniprot_affinity_for_target,enzyme,D01690,71764,Alfuzosin Hydrochloride,hsa:5136,P54750
missing_uniprot_affinity_for_target,enzyme,D01690,71764,Alfuzosin Hydrochloride,hsa:5137,Q14123
missing_uniprot_affinity_for_target,enzyme,D01690,71764,Alfuzosin Hydrochloride,hsa:5138,O00408;Q8IW54
missing_uniprot_affinity_for_target,enzyme,D01690,71764,Alfuzosin Hydrochloride,hsa:5149,Q13956
missing_uniprot_affinity_for_target,enzyme,D01690,71764,Alfuzosin Hydrochloride,hsa:8622,B3KN77;O95263
missing_ligand_affinity_file,enzyme,D01704,23674745,Sodium 2-(4-(2-oxocyclopentylmethyl)phenyl)propionate dihydrate,hsa:10846,Q9Y233
missing_ligand_affinity_file,enzyme,D01704,23674745,Sodium 2-(4-(2-oxocyclopentylmethyl)phenyl)propionate dihydrate,hsa:27115,Q9NP56
missing_ligand_affinity_file,enzyme,D01704,23674745,Sodium 2-(4-(2-oxocyclopentylmethyl)phenyl)propionate dihydrate,hsa:50940,Q9HCR9
missing_ligand_affinity_file,enzyme,D01704,23674745,Sodium 2-(4-(2-oxocyclopentylmethyl)phenyl)propionate dihydrate,hsa:5136,P54750
missing_ligand_affinity_file,enzyme,D01704,23674745,Sodium 2-(4-(2-oxocyclopentylmethyl)phenyl)propionate dihydrate,hsa:5137,Q14123
missing_ligand_affinity_file,enzyme,D01704,23674745,Sodium 2-(4-(2-oxocyclopentylmethyl)phenyl)propionate dihydrate,hsa:5138,O00408;Q8IW54
missing_ligand_affinity_file,enzyme,D01704,23674745,Sodium 2-(4-(2-oxocyclopentylmethyl)phenyl)propionate dihydrate,hsa:5140,A7E2E5;Q13370
missing_ligand_affinity_file,enzyme,D01704,23674745,Sodium 2-(4-(2-oxocyclopentylmethyl)phenyl)propionate dihydrate,hsa:5141,P27815
missing_ligand_affinity_file,enzyme,D01704,23674745,Sodium 2-(4-(2-oxocyclopentylmethyl)phenyl)propionate dihydrate,hsa:5142,Q07343;X5DNX5
missing_ligand_affinity_file,enzyme,D01704,23674745,Sodium 2-(4-(2-oxocyclopentylmethyl)phenyl)propionate dihydrate,hsa:5143,F6R4I1;O43849;Q08493;Q32MM7
missing_ligand_affinity_file,enzyme,D01704,23674745,Sodium 2-(4-(2-oxocyclopentylmethyl)phenyl)propionate dihydrate,hsa:5144,A0A140VJR0;Q08499
missing_ligand_affinity_file,enzyme,D01704,23674745,Sodium 2-(4-(2-oxocyclopentylmethyl)phenyl)propionate dihydrate,hsa:5147,O43924;Q6IB24
missing_ligand_affinity_file,enzyme,D01704,23674745,Sodium 2-(4-(2-oxocyclopentylmethyl)phenyl)propionate dihydrate,hsa:5148,P18545
missing_ligand_affinity_file,enzyme,D01704,23674745,Sodium 2-(4-(2-oxocyclopentylmethyl)phenyl)propionate dihydrate,hsa:5149,Q13956
missing_ligand_affinity_file,enzyme,D01704,23674745,Sodium 2-(4-(2-oxocyclopentylmethyl)phenyl)propionate dihydrate,hsa:5150,Q13946
missing_ligand_affinity_file,enzyme,D01704,23674745,Sodium 2-(4-(2-oxocyclopentylmethyl)phenyl)propionate dihydrate,hsa:5151,O60658
missing_ligand_affinity_file,enzyme,D01704,23674745,Sodium 2-(4-(2-oxocyclopentylmethyl)phenyl)propionate dihydrate,hsa:5152,A0A0S2Z4T6;O76083
missing_ligand_affinity_file,enzyme,D01704,23674745,Sodium 2-(4-(2-oxocyclopentylmethyl)phenyl)propionate dihydrate,hsa:8622,B3KN77;O95263
missing_ligand_affinity_file,enzyme,D01704,23674745,Sodium 2-(4-(2-oxocyclopentylmethyl)phenyl)propionate dihydrate,hsa:8654,O76074
missing_uniprot_affinity_for_target,enzyme,D01712,157313,Epinastine Hydrochloride,hsa:27115,Q9NP56
missing_uniprot_affinity_for_target,enzyme,D01712,157313,Epinastine Hydrochloride,hsa:50940,Q9HCR9
missing_uniprot_affinity_for_target,enzyme,D01712,157313,Epinastine Hydrochloride,hsa:5136,P54750
missing_uniprot_affinity_for_target,enzyme,D01712,157313,Epinastine Hydrochloride,hsa:5137,Q14123
missing_uniprot_affinity_for_target,enzyme,D01712,157313,Epinastine Hydrochloride,hsa:5149,Q13956
missing_uniprot_affinity_for_target,enzyme,D01712,157313,Epinastine Hydrochloride,hsa:8622,B3KN77;O95263
missing_ligand_affinity_file,enzyme,D01765,5282193,Proglumetacin Maleate,hsa:5742,P23219
missing_ligand_affinity_file,enzyme,D01765,5282193,Proglumetacin Maleate,hsa:5743,P35354
missing_uniprot_affinity_for_target,enzyme,D01828,2161,Amlexanox,hsa:2135,Q9UBQ6
missing_ligand_affinity_file,enzyme,D01840,163751,Fasudil Hydrochloride,hsa:1432,Q16539
missing_ligand_affinity_file,enzyme,D01840,163751,Fasudil Hydrochloride,hsa:225689,Q8TD08
missing_ligand_affinity_file,enzyme,D01840,163751,Fasudil Hydrochloride,hsa:5594,P28482;Q499G7
missing_ligand_affinity_file,enzyme,D01840,163751,Fasudil Hydrochloride,hsa:5595,L7RXH5;P27361
missing_ligand_affinity_file,enzyme,D01840,163751,Fasudil Hydrochloride,hsa:5596,P31152
missing_ligand_affinity_file,enzyme,D01840,163751,Fasudil Hydrochloride,hsa:5597,Q16659
missing_ligand_affinity_file,enzyme,D01840,163751,Fasudil Hydrochloride,hsa:5598,Q13164
missing_ligand_affinity_file,enzyme,D01840,163751,Fasudil Hydrochloride,hsa:5599,P45983
missing_ligand_affinity_file,enzyme,D01840,163751,Fasudil Hydrochloride,hsa:5600,Q15759
missing_ligand_affinity_file,enzyme,D01840,163751,Fasudil Hydrochloride,hsa:5601,P45984
missing_ligand_affinity_file,enzyme,D01840,163751,Fasudil Hydrochloride,hsa:5602,P53779
missing_ligand_affinity_file,enzyme,D01840,163751,Fasudil Hydrochloride,hsa:5603,A0A024RD04;O15264
missing_ligand_affinity_file,enzyme,D01840,163751,Fasudil Hydrochloride,hsa:6300,P53778
missing_ligand_affinity_file,enzyme,D01844,636380,Fondaparinux Sodium,hsa:2159,P00742;Q5JVE7
missing_ligand_affinity_file,enzyme,D01862,5282451,Pitavastatin Calcium,hsa:3156,P04035
missing_ligand_affinity_file,enzyme,D01885,636397,"(8S,10S)-10-(((2R,4S,5S,6S)-4-amino-6-methyl-5-(((S)-tetrahydro-2H-pyran-2-yl)oxy)tetrahydro-2H-pyran-2-yl)oxy)-6,8,11-trihydroxy-8-(2-hydroxyacetyl)-1-methoxy-7,8,9,10-tetrahydrotetracene-5,12-dione",hsa:7153,P11388
missing_ligand_affinity_file,enzyme,D01885,636397,"(8S,10S)-10-(((2R,4S,5S,6S)-4-amino-6-methyl-5-(((S)-tetrahydro-2H-pyran-2-yl)oxy)tetrahydro-2H-pyran-2-yl)oxy)-6,8,11-trihydroxy-8-(2-hydroxyacetyl)-1-methoxy-7,8,9,10-tetrahydrotetracene-5,12-dione",hsa:7155,Q02880
missing_uniprot_affinity_for_target,enzyme,D01907,30751,Fludarabine Phosphate,hsa:5422,P09884
missing_ligand_affinity_file,enzyme,D01911,153751,Aclarubicin Hydrochloride,hsa:116447,E5KMK7;Q969P6
missing_ligand_affinity_file,enzyme,D01911,153751,Aclarubicin Hydrochloride,hsa:7150,P11387;Q9BVT2
missing_ligand_affinity_file,enzyme,D01911,153751,Aclarubicin Hydrochloride,hsa:7153,P11388
missing_ligand_affinity_file,enzyme,D01911,153751,Aclarubicin Hydrochloride,hsa:7155,Q02880
missing_ligand_affinity_file,enzyme,D01911,153751,Aclarubicin Hydrochloride,hsa:7156,Q13472
missing_ligand_affinity_file,enzyme,D01911,153751,Aclarubicin Hydrochloride,hsa:8940,O95985
missing_ligand_affinity_file,enzyme,D01915,5282455,Rosuvastatin Calcium,hsa:3156,P04035
missing_ligand_affinity_file,enzyme,D01918,23663985,Sivelestat Sodium,hsa:1991,P08246
missing_uniprot_affinity_for_target,enzyme,D01977,123631,Gefitinib,hsa:1969,P29317
missing_uniprot_affinity_for_target,enzyme,D01977,123631,Gefitinib,hsa:2321,P17948
missing_uniprot_affinity_for_target,enzyme,D01977,123631,Gefitinib,hsa:285220,Q9UF33
missing_uniprot_affinity_for_target,enzyme,D01977,123631,Gefitinib,hsa:3480,P08069
missing_uniprot_affinity_for_target,enzyme,D01977,123631,Gefitinib,hsa:3643,P06213
missing_uniprot_affinity_for_target,enzyme,D01977,123631,Gefitinib,hsa:3645,P14616
missing_uniprot_affinity_for_target,enzyme,D01977,123631,Gefitinib,hsa:4233,P08581
missing_uniprot_affinity_for_target,enzyme,D01977,123631,Gefitinib,hsa:4593,O15146
missing_uniprot_affinity_for_target,enzyme,D01977,123631,Gefitinib,hsa:5979,P07949
missing_ligand_affinity_file,enzyme,D01984,21121303,Esomeprazole magnesium trihydrate,hsa:495,A0A384MR29;P20648;Q658V6
missing_uniprot_affinity_for_target,enzyme,D02008,110635,Tadalafil,hsa:27115,Q9NP56
missing_uniprot_affinity_for_target,enzyme,D02008,110635,Tadalafil,hsa:50940,Q9HCR9
missing_uniprot_affinity_for_target,enzyme,D02008,110635,Tadalafil,hsa:5136,P54750
missing_uniprot_affinity_for_target,enzyme,D02008,110635,Tadalafil,hsa:5137,Q14123
missing_uniprot_affinity_for_target,enzyme,D02008,110635,Tadalafil,hsa:5149,Q13956
missing_uniprot_affinity_for_target,enzyme,D02008,110635,Tadalafil,hsa:8622,B3KN77;O95263
missing_uniprot_affinity_for_target,enzyme,D02017,656652,Oxtriphylline,hsa:27115,Q9NP56
missing_uniprot_affinity_for_target,enzyme,D02017,656652,Oxtriphylline,hsa:50940,Q9HCR9
missing_uniprot_affinity_for_target,enzyme,D02017,656652,Oxtriphylline,hsa:5136,P54750
missing_uniprot_affinity_for_target,enzyme,D02017,656652,Oxtriphylline,hsa:5137,Q14123
missing_uniprot_affinity_for_target,enzyme,D02017,656652,Oxtriphylline,hsa:5149,Q13956
missing_uniprot_affinity_for_target,enzyme,D02017,656652,Oxtriphylline,hsa:8622,B3KN77;O95263
missing_uniprot_affinity_for_target,enzyme,D02042,6918034,Olprinone Hydrochloride Hydrate,hsa:27115,Q9NP56
missing_uniprot_affinity_for_target,enzyme,D02042,6918034,Olprinone Hydrochloride Hydrate,hsa:50940,Q9HCR9
missing_uniprot_affinity_for_target,enzyme,D02042,6918034,Olprinone Hydrochloride Hydrate,hsa:5136,P54750
missing_uniprot_affinity_for_target,enzyme,D02042,6918034,Olprinone Hydrochloride Hydrate,hsa:5137,Q14123
missing_uniprot_affinity_for_target,enzyme,D02042,6918034,Olprinone Hydrochloride Hydrate,hsa:5140,A7E2E5;Q13370
missing_uniprot_affinity_for_target,enzyme,D02042,6918034,Olprinone Hydrochloride Hydrate,hsa:5149,Q13956
missing_uniprot_affinity_for_target,enzyme,D02042,6918034,Olprinone Hydrochloride Hydrate,hsa:8622,B3KN77;O95263
missing_ligand_affinity_file,enzyme,D02068,2723754,Tacrine Hydrochloride,hsa:43,P22303
missing_ligand_affinity_file,enzyme,D02110,23674731,Indometacin (sodium hydrate),hsa:5742,P23219
missing_ligand_affinity_file,enzyme,D02110,23674731,Indometacin (sodium hydrate),hsa:5743,P35354
missing_ligand_affinity_file,enzyme,D02166,51082,Mitoxantrone Hydrochloride,hsa:7153,P11388
missing_ligand_affinity_file,enzyme,D02166,51082,Mitoxantrone Hydrochloride,hsa:7155,Q02880
missing_uniprot_affinity_for_target,enzyme,D02168,60699,Topotecan Hydrochloride,hsa:116447,E5KMK7;Q969P6
missing_uniprot_affinity_for_target,enzyme,D02176,10917,(-)-Carnitine,hsa:1376,A0A140VK13;P23786
missing_uniprot_affinity_for_target,enzyme,D02176,10917,(-)-Carnitine,hsa:54677,Q9UKG9
missing_ligand_affinity_file,enzyme,D02194,23663403,Cilastatin Sodium,hsa:1800,A0A140VJI3;P16444
missing_uniprot_affinity_for_target,enzyme,D02229,135413523,Sildenafil Citrate,hsa:27115,Q9NP56
missing_uniprot_affinity_for_target,enzyme,D02229,135413523,Sildenafil Citrate,hsa:50940,Q9HCR9
missing_uniprot_affinity_for_target,enzyme,D02229,135413523,Sildenafil Citrate,hsa:5136,P54750
missing_uniprot_affinity_for_target,enzyme,D02229,135413523,Sildenafil Citrate,hsa:5137,Q14123
missing_uniprot_affinity_for_target,enzyme,D02229,135413523,Sildenafil Citrate,hsa:5138,O00408;Q8IW54
missing_uniprot_affinity_for_target,enzyme,D02229,135413523,Sildenafil Citrate,hsa:5149,Q13956
missing_uniprot_affinity_for_target,enzyme,D02229,135413523,Sildenafil Citrate,hsa:8622,B3KN77;O95263
missing_ligand_affinity_file,enzyme,D02258,656846,Atorvastatin hemicalcium trihydrate,hsa:3156,P04035
missing_ligand_affinity_file,enzyme,D02267,169569,Sodium phosphonatoformate hexahydrate,hsa:7015,O14746
missing_ligand_affinity_file,enzyme,D02290,23706216,Ocufen,hsa:5742,P23219
missing_ligand_affinity_file,enzyme,D02290,23706216,Ocufen,hsa:5743,P35354
missing_ligand_affinity_file,enzyme,D02333,54675768,Coumermycin A1,hsa:7153,P11388
missing_ligand_affinity_file,enzyme,D02333,54675768,Coumermycin A1,hsa:7155,Q02880
missing_uniprot_affinity_for_target,enzyme,D02335,4055,Menadione,hsa:2677,P38435
missing_uniprot_affinity_for_target,enzyme,D02356,2520,Verapamil,hsa:13,P22760
missing_uniprot_affinity_for_target,enzyme,D02451,59694,"Benzonitrile, 4-(5,6,7,8-tetrahydroimidazo(1,5-a)pyridin-5-yl)-, hydrochloride (1:1)",hsa:1549,P20853
missing_uniprot_affinity_for_target,enzyme,D02451,59694,"Benzonitrile, 4-(5,6,7,8-tetrahydroimidazo(1,5-a)pyridin-5-yl)-, hydrochloride (1:1)",hsa:1572,P24903
missing_uniprot_affinity_for_target,enzyme,D02451,59694,"Benzonitrile, 4-(5,6,7,8-tetrahydroimidazo(1,5-a)pyridin-5-yl)-, hydrochloride (1:1)",hsa:1573,P51589
missing_uniprot_affinity_for_target,enzyme,D02451,59694,"Benzonitrile, 4-(5,6,7,8-tetrahydroimidazo(1,5-a)pyridin-5-yl)-, hydrochloride (1:1)",hsa:1580,P13584
missing_uniprot_affinity_for_target,enzyme,D02451,59694,"Benzonitrile, 4-(5,6,7,8-tetrahydroimidazo(1,5-a)pyridin-5-yl)-, hydrochloride (1:1)",hsa:199974,Q86W10
missing_uniprot_affinity_for_target,enzyme,D02451,59694,"Benzonitrile, 4-(5,6,7,8-tetrahydroimidazo(1,5-a)pyridin-5-yl)-, hydrochloride (1:1)",hsa:260293,Q8N118
missing_uniprot_affinity_for_target,enzyme,D02451,59694,"Benzonitrile, 4-(5,6,7,8-tetrahydroimidazo(1,5-a)pyridin-5-yl)-, hydrochloride (1:1)",hsa:29785,Q96SQ9
missing_uniprot_affinity_for_target,enzyme,D02451,59694,"Benzonitrile, 4-(5,6,7,8-tetrahydroimidazo(1,5-a)pyridin-5-yl)-, hydrochloride (1:1)",hsa:64816,Q9HB55
missing_uniprot_affinity_for_target,enzyme,D02655,37274,Etazolate Hydrochloride,hsa:27115,Q9NP56
missing_uniprot_affinity_for_target,enzyme,D02655,37274,Etazolate Hydrochloride,hsa:50940,Q9HCR9
missing_uniprot_affinity_for_target,enzyme,D02655,37274,Etazolate Hydrochloride,hsa:5136,P54750
missing_uniprot_affinity_for_target,enzyme,D02655,37274,Etazolate Hydrochloride,hsa:5137,Q14123
missing_uniprot_affinity_for_target,enzyme,D02655,37274,Etazolate Hydrochloride,hsa:5138,O00408;Q8IW54
missing_uniprot_affinity_for_target,enzyme,D02655,37274,Etazolate Hydrochloride,hsa:5149,Q13956
missing_uniprot_affinity_for_target,enzyme,D02655,37274,Etazolate Hydrochloride,hsa:5151,O60658
missing_uniprot_affinity_for_target,enzyme,D02655,37274,Etazolate Hydrochloride,hsa:8622,B3KN77;O95263
missing_ligand_affinity_file,enzyme,D02698,23724511,"(8aR,9R)-5-[[(4aR,6R,7R,8R,8aS)-7,8-dihydroxy-2-thiophen-2-yl-4,4a,6,7,8,8a-hexahydropyrano[3,2-d][1,3]dioxin-6-yl]oxy]-9-(4-hydroxy-3,5-dimethoxyphenyl)-5a,6,8a,9-tetrahydro-5H-[2]benzofuro[6,5-f][1,3]benzodioxol-8-one",hsa:7153,P11388
missing_ligand_affinity_file,enzyme,D02698,23724511,"(8aR,9R)-5-[[(4aR,6R,7R,8R,8aS)-7,8-dihydroxy-2-thiophen-2-yl-4,4a,6,7,8,8a-hexahydropyrano[3,2-d][1,3]dioxin-6-yl]oxy]-9-(4-hydroxy-3,5-dimethoxyphenyl)-5a,6,8a,9-tetrahydro-5H-[2]benzofuro[6,5-f][1,3]benzodioxol-8-one",hsa:7155,Q02880
missing_ligand_affinity_file,enzyme,D02731,135414253,Vardenafil Dihydrochloride,hsa:10846,Q9Y233
missing_ligand_affinity_file,enzyme,D02731,135414253,Vardenafil Dihydrochloride,hsa:27115,Q9NP56
missing_ligand_affinity_file,enzyme,D02731,135414253,Vardenafil Dihydrochloride,hsa:50940,Q9HCR9
missing_ligand_affinity_file,enzyme,D02731,135414253,Vardenafil Dihydrochloride,hsa:5136,P54750
missing_ligand_affinity_file,enzyme,D02731,135414253,Vardenafil Dihydrochloride,hsa:5137,Q14123
missing_ligand_affinity_file,enzyme,D02731,135414253,Vardenafil Dihydrochloride,hsa:5138,O00408;Q8IW54
missing_ligand_affinity_file,enzyme,D02731,135414253,Vardenafil Dihydrochloride,hsa:5140,A7E2E5;Q13370
missing_ligand_affinity_file,enzyme,D02731,135414253,Vardenafil Dihydrochloride,hsa:5141,P27815
missing_ligand_affinity_file,enzyme,D02731,135414253,Vardenafil Dihydrochloride,hsa:5142,Q07343;X5DNX5
missing_ligand_affinity_file,enzyme,D02731,135414253,Vardenafil Dihydrochloride,hsa:5143,F6R4I1;O43849;Q08493;Q32MM7
missing_ligand_affinity_file,enzyme,D02731,135414253,Vardenafil Dihydrochloride,hsa:5144,A0A140VJR0;Q08499
missing_ligand_affinity_file,enzyme,D02731,135414253,Vardenafil Dihydrochloride,hsa:5147,O43924;Q6IB24
missing_ligand_affinity_file,enzyme,D02731,135414253,Vardenafil Dihydrochloride,hsa:5148,P18545
missing_ligand_affinity_file,enzyme,D02731,135414253,Vardenafil Dihydrochloride,hsa:5149,Q13956
missing_ligand_affinity_file,enzyme,D02731,135414253,Vardenafil Dihydrochloride,hsa:5150,Q13946
missing_ligand_affinity_file,enzyme,D02731,135414253,Vardenafil Dihydrochloride,hsa:5151,O60658
missing_ligand_affinity_file,enzyme,D02731,135414253,Vardenafil Dihydrochloride,hsa:5152,A0A0S2Z4T6;O76083
missing_ligand_affinity_file,enzyme,D02731,135414253,Vardenafil Dihydrochloride,hsa:8622,B3KN77;O95263
missing_ligand_affinity_file,enzyme,D02731,135414253,Vardenafil Dihydrochloride,hsa:8654,O76074
missing_ligand_affinity_file,enzyme,D02756,451415,Aclarubicin,hsa:116447,E5KMK7;Q969P6
missing_ligand_affinity_file,enzyme,D02756,451415,Aclarubicin,hsa:7150,P11387;Q9BVT2
missing_ligand_affinity_file,enzyme,D02756,451415,Aclarubicin,hsa:7153,P11388
missing_ligand_affinity_file,enzyme,D02756,451415,Aclarubicin,hsa:7155,Q02880
missing_ligand_affinity_file,enzyme,D02756,451415,Aclarubicin,hsa:7156,Q13472
missing_ligand_affinity_file,enzyme,D02756,451415,Aclarubicin,hsa:8940,O95985
missing_uniprot_affinity_for_target,enzyme,D02769,6083,Adenosine Monophosphate,hsa:107,Q08828
missing_uniprot_affinity_for_target,enzyme,D02769,6083,Adenosine Monophosphate,hsa:2180,A8K9T3;P33121
missing_uniprot_affinity_for_target,enzyme,D02769,6083,Adenosine Monophosphate,hsa:270,P23109
missing_uniprot_affinity_for_target,enzyme,D02769,6083,Adenosine Monophosphate,hsa:55902,Q6DKJ3;Q9NR19
missing_ligand_affinity_file,enzyme,D02880,9910986,Flavopiridol hydrochloride,hsa:1017,P24941
missing_ligand_affinity_file,enzyme,D02880,9910986,Flavopiridol hydrochloride,hsa:1018,Q00526
missing_ligand_affinity_file,enzyme,D02880,9910986,Flavopiridol hydrochloride,hsa:1019,P11802
missing_ligand_affinity_file,enzyme,D02880,9910986,Flavopiridol hydrochloride,hsa:1020,A0A090N7W4;Q00535
missing_ligand_affinity_file,enzyme,D02880,9910986,Flavopiridol hydrochloride,hsa:1021,Q00534
missing_ligand_affinity_file,enzyme,D02880,9910986,Flavopiridol hydrochloride,hsa:1022,A0A0S2Z3F9;P50613
missing_ligand_affinity_file,enzyme,D02880,9910986,Flavopiridol hydrochloride,hsa:1024,P49336
missing_ligand_affinity_file,enzyme,D02880,9910986,Flavopiridol hydrochloride,hsa:1025,P50750
missing_ligand_affinity_file,enzyme,D02880,9910986,Flavopiridol hydrochloride,hsa:23097,Q9BWU1
missing_ligand_affinity_file,enzyme,D02880,9910986,Flavopiridol hydrochloride,hsa:4281,O15344
missing_ligand_affinity_file,enzyme,D02880,9910986,Flavopiridol hydrochloride,hsa:8558,B7Z537;Q15131
missing_ligand_affinity_file,enzyme,D02880,9910986,Flavopiridol hydrochloride,hsa:983,P06493
missing_ligand_affinity_file,enzyme,D03115,23724856,Fasudil Hydrochloride Hydrate,hsa:1432,Q16539
missing_ligand_affinity_file,enzyme,D03115,23724856,Fasudil Hydrochloride Hydrate,hsa:225689,Q8TD08
missing_ligand_affinity_file,enzyme,D03115,23724856,Fasudil Hydrochloride Hydrate,hsa:5594,P28482;Q499G7
missing_ligand_affinity_file,enzyme,D03115,23724856,Fasudil Hydrochloride Hydrate,hsa:5595,L7RXH5;P27361
missing_ligand_affinity_file,enzyme,D03115,23724856,Fasudil Hydrochloride Hydrate,hsa:5596,P31152
missing_ligand_affinity_file,enzyme,D03115,23724856,Fasudil Hydrochloride Hydrate,hsa:5597,Q16659
missing_ligand_affinity_file,enzyme,D03115,23724856,Fasudil Hydrochloride Hydrate,hsa:5598,Q13164
missing_ligand_affinity_file,enzyme,D03115,23724856,Fasudil Hydrochloride Hydrate,hsa:5599,P45983
missing_ligand_affinity_file,enzyme,D03115,23724856,Fasudil Hydrochloride Hydrate,hsa:5600,Q15759
missing_ligand_affinity_file,enzyme,D03115,23724856,Fasudil Hydrochloride Hydrate,hsa:5601,P45984
missing_ligand_affinity_file,enzyme,D03115,23724856,Fasudil Hydrochloride Hydrate,hsa:5602,P53779
missing_ligand_affinity_file,enzyme,D03115,23724856,Fasudil Hydrochloride Hydrate,hsa:5603,A0A024RD04;O15264
missing_ligand_affinity_file,enzyme,D03115,23724856,Fasudil Hydrochloride Hydrate,hsa:6300,P53778
missing_uniprot_affinity_for_target,enzyme,D03217,6450551,Axitinib,hsa:27115,Q9NP56
missing_uniprot_affinity_for_target,enzyme,D03217,6450551,Axitinib,hsa:50940,Q9HCR9
missing_uniprot_affinity_for_target,enzyme,D03217,6450551,Axitinib,hsa:5136,P54750
missing_uniprot_affinity_for_target,enzyme,D03217,6450551,Axitinib,hsa:5137,Q14123
missing_uniprot_affinity_for_target,enzyme,D03217,6450551,Axitinib,hsa:5149,Q13956
missing_uniprot_affinity_for_target,enzyme,D03217,6450551,Axitinib,hsa:8622,B3KN77;O95263
missing_uniprot_affinity_for_target,enzyme,D03218,5328940,Bosutinib,hsa:1969,P29317
missing_uniprot_affinity_for_target,enzyme,D03218,5328940,Bosutinib,hsa:2321,P17948
missing_uniprot_affinity_for_target,enzyme,D03218,5328940,Bosutinib,hsa:285220,Q9UF33
missing_uniprot_affinity_for_target,enzyme,D03218,5328940,Bosutinib,hsa:3480,P08069
missing_uniprot_affinity_for_target,enzyme,D03218,5328940,Bosutinib,hsa:3643,P06213
missing_uniprot_affinity_for_target,enzyme,D03218,5328940,Bosutinib,hsa:3645,P14616
missing_uniprot_affinity_for_target,enzyme,D03218,5328940,Bosutinib,hsa:4593,O15146
missing_uniprot_affinity_for_target,enzyme,D03218,5328940,Bosutinib,hsa:5979,P07949
missing_ligand_affinity_file,enzyme,D03252,135413545,Vardenafil Hydrochloride Trihydrate,hsa:10461,Q12866
missing_ligand_affinity_file,enzyme,D03252,135413545,Vardenafil Hydrochloride Trihydrate,hsa:1436,P07333
missing_ligand_affinity_file,enzyme,D03252,135413545,Vardenafil Hydrochloride Trihydrate,hsa:1956,F2YGG7;F6QWY5;P00533;Q504U8
missing_ligand_affinity_file,enzyme,D03252,135413545,Vardenafil Hydrochloride Trihydrate,hsa:1969,P29317
missing_ligand_affinity_file,enzyme,D03252,135413545,Vardenafil Hydrochloride Trihydrate,hsa:2041,P21709
missing_ligand_affinity_file,enzyme,D03252,135413545,Vardenafil Hydrochloride Trihydrate,hsa:2042,A0A140VJJ0;P29320;Q6P4R6
missing_ligand_affinity_file,enzyme,D03252,135413545,Vardenafil Hydrochloride Trihydrate,hsa:2043,P54764
missing_ligand_affinity_file,enzyme,D03252,135413545,Vardenafil Hydrochloride Trihydrate,hsa:2044,A0A087WX63;A0A384MU00;B7ZKJ3;P54756;Q59FT4
missing_ligand_affinity_file,enzyme,D03252,135413545,Vardenafil Hydrochloride Trihydrate,hsa:2045,Q15375
missing_ligand_affinity_file,enzyme,D03252,135413545,Vardenafil Hydrochloride Trihydrate,hsa:2046,P29322
missing_ligand_affinity_file,enzyme,D03252,135413545,Vardenafil Hydrochloride Trihydrate,hsa:2047,P54762
missing_ligand_affinity_file,enzyme,D03252,135413545,Vardenafil Hydrochloride Trihydrate,hsa:2048,F6TUL7;P29323;Q4LE53;Q6NVW1
missing_ligand_affinity_file,enzyme,D03252,135413545,Vardenafil Hydrochloride Trihydrate,hsa:2049,P54753
missing_ligand_affinity_file,enzyme,D03252,135413545,Vardenafil Hydrochloride Trihydrate,hsa:2050,F6RDZ0;P54760;Q96L35
missing_ligand_affinity_file,enzyme,D03252,135413545,Vardenafil Hydrochloride Trihydrate,hsa:2051,
missing_ligand_affinity_file,enzyme,D03252,135413545,Vardenafil Hydrochloride Trihydrate,hsa:2064,P04626;X5DNK3
missing_ligand_affinity_file,enzyme,D03252,135413545,Vardenafil Hydrochloride Trihydrate,hsa:2065,P21860
missing_ligand_affinity_file,enzyme,D03252,135413545,Vardenafil Hydrochloride Trihydrate,hsa:2066,Q15303
missing_ligand_affinity_file,enzyme,D03252,135413545,Vardenafil Hydrochloride Trihydrate,hsa:2260,P11362
missing_ligand_affinity_file,enzyme,D03252,135413545,Vardenafil Hydrochloride Trihydrate,hsa:2261,P22607;Q0IJ44
missing_ligand_affinity_file,enzyme,D03252,135413545,Vardenafil Hydrochloride Trihydrate,hsa:2263,P21802
missing_ligand_affinity_file,enzyme,D03252,135413545,Vardenafil Hydrochloride Trihydrate,hsa:2264,P22455
missing_ligand_affinity_file,enzyme,D03252,135413545,Vardenafil Hydrochloride Trihydrate,hsa:2321,P17948
missing_ligand_affinity_file,enzyme,D03252,135413545,Vardenafil Hydrochloride Trihydrate,hsa:2322,P36888
missing_ligand_affinity_file,enzyme,D03252,135413545,Vardenafil Hydrochloride Trihydrate,hsa:2324,P35916
missing_ligand_affinity_file,enzyme,D03252,135413545,Vardenafil Hydrochloride Trihydrate,hsa:238,B6D4Y2;Q9UM73
missing_ligand_affinity_file,enzyme,D03252,135413545,Vardenafil Hydrochloride Trihydrate,hsa:285220,Q9UF33
missing_ligand_affinity_file,enzyme,D03252,135413545,Vardenafil Hydrochloride Trihydrate,hsa:3480,P08069
missing_ligand_affinity_file,enzyme,D03252,135413545,Vardenafil Hydrochloride Trihydrate,hsa:3643,P06213
missing_ligand_affinity_file,enzyme,D03252,135413545,Vardenafil Hydrochloride Trihydrate,hsa:3645,P14616
missing_ligand_affinity_file,enzyme,D03252,135413545,Vardenafil Hydrochloride Trihydrate,hsa:3791,P35968
missing_ligand_affinity_file,enzyme,D03252,135413545,Vardenafil Hydrochloride Trihydrate,hsa:3815,P10721
missing_ligand_affinity_file,enzyme,D03252,135413545,Vardenafil Hydrochloride Trihydrate,hsa:4058,P29376
missing_ligand_affinity_file,enzyme,D03252,135413545,Vardenafil Hydrochloride Trihydrate,hsa:4233,P08581
missing_ligand_affinity_file,enzyme,D03252,135413545,Vardenafil Hydrochloride Trihydrate,hsa:4486,Q04912
missing_ligand_affinity_file,enzyme,D03252,135413545,Vardenafil Hydrochloride Trihydrate,hsa:4593,O15146
missing_ligand_affinity_file,enzyme,D03252,135413545,Vardenafil Hydrochloride Trihydrate,hsa:4914,P04629
missing_ligand_affinity_file,enzyme,D03252,135413545,Vardenafil Hydrochloride Trihydrate,hsa:4915,Q16620;Q548C2;Q5VWE5
missing_ligand_affinity_file,enzyme,D03252,135413545,Vardenafil Hydrochloride Trihydrate,hsa:4916,Q16288;X5D2R1
missing_ligand_affinity_file,enzyme,D03252,135413545,Vardenafil Hydrochloride Trihydrate,hsa:4919,Q01973
missing_ligand_affinity_file,enzyme,D03252,135413545,Vardenafil Hydrochloride Trihydrate,hsa:4920,Q01974
missing_ligand_affinity_file,enzyme,D03252,135413545,Vardenafil Hydrochloride Trihydrate,hsa:4921,Q16832
missing_ligand_affinity_file,enzyme,D03252,135413545,Vardenafil Hydrochloride Trihydrate,hsa:5156,P16234
missing_ligand_affinity_file,enzyme,D03252,135413545,Vardenafil Hydrochloride Trihydrate,hsa:5159,P09619;Q59F04
missing_ligand_affinity_file,enzyme,D03252,135413545,Vardenafil Hydrochloride Trihydrate,hsa:558,P30530
missing_ligand_affinity_file,enzyme,D03252,135413545,Vardenafil Hydrochloride Trihydrate,hsa:5754,Q13308
missing_ligand_affinity_file,enzyme,D03252,135413545,Vardenafil Hydrochloride Trihydrate,hsa:5979,P07949
missing_ligand_affinity_file,enzyme,D03252,135413545,Vardenafil Hydrochloride Trihydrate,hsa:6098,P08922
missing_ligand_affinity_file,enzyme,D03252,135413545,Vardenafil Hydrochloride Trihydrate,hsa:6259,P34925;Q59FQ5;Q8WTZ8
missing_ligand_affinity_file,enzyme,D03252,135413545,Vardenafil Hydrochloride Trihydrate,hsa:7010,Q02763;Q59HG2
missing_ligand_affinity_file,enzyme,D03252,135413545,Vardenafil Hydrochloride Trihydrate,hsa:7075,P35590
missing_ligand_affinity_file,enzyme,D03252,135413545,Vardenafil Hydrochloride Trihydrate,hsa:7301,Q06418
missing_ligand_affinity_file,enzyme,D03252,135413545,Vardenafil Hydrochloride Trihydrate,hsa:780,Q08345
missing_uniprot_affinity_for_target,enzyme,D03260,6431825,Chlorpromazine Hibenzate,hsa:27115,Q9NP56
missing_uniprot_affinity_for_target,enzyme,D03260,6431825,Chlorpromazine Hibenzate,hsa:50940,Q9HCR9
missing_uniprot_affinity_for_target,enzyme,D03260,6431825,Chlorpromazine Hibenzate,hsa:5136,P54750
missing_uniprot_affinity_for_target,enzyme,D03260,6431825,Chlorpromazine Hibenzate,hsa:5137,Q14123
missing_uniprot_affinity_for_target,enzyme,D03260,6431825,Chlorpromazine Hibenzate,hsa:5138,O00408;Q8IW54
missing_uniprot_affinity_for_target,enzyme,D03260,6431825,Chlorpromazine Hibenzate,hsa:5149,Q13956
missing_uniprot_affinity_for_target,enzyme,D03260,6431825,Chlorpromazine Hibenzate,hsa:8622,B3KN77;O95263
missing_uniprot_affinity_for_target,enzyme,D03350,89594,Nicotine,hsa:2321,P17948
missing_uniprot_affinity_for_target,enzyme,D03350,89594,Nicotine,hsa:285220,Q9UF33
missing_uniprot_affinity_for_target,enzyme,D03350,89594,Nicotine,hsa:4593,O15146
missing_ligand_affinity_file,enzyme,D03365,11954344,Carvedilol Phosphate,hsa:1549,P20853
missing_ligand_affinity_file,enzyme,D03365,11954344,Carvedilol Phosphate,hsa:1553,Q16696
missing_ligand_affinity_file,enzyme,D03365,11954344,Carvedilol Phosphate,hsa:2328,A0A024R8Z4;P31513;Q53FW5
missing_uniprot_affinity_for_target,enzyme,D03433,189729,Ceronapril,hsa:2595,Q8TET4
missing_ligand_affinity_file,enzyme,D03440,16129675,Ceruletide,hsa:1636,B4DKH4;P12821
missing_uniprot_affinity_for_target,enzyme,D03670,3058754,Deracoxib,hsa:1549,P20853
missing_uniprot_affinity_for_target,enzyme,D03670,3058754,Deracoxib,hsa:1572,P24903
missing_uniprot_affinity_for_target,enzyme,D03670,3058754,Deracoxib,hsa:1573,P51589
missing_uniprot_affinity_for_target,enzyme,D03670,3058754,Deracoxib,hsa:1580,P13584
missing_uniprot_affinity_for_target,enzyme,D03670,3058754,Deracoxib,hsa:1593,Q02318
missing_uniprot_affinity_for_target,enzyme,D03670,3058754,Deracoxib,hsa:1594,O15528
missing_uniprot_affinity_for_target,enzyme,D03670,3058754,Deracoxib,hsa:1733,A8K415;P49895
missing_uniprot_affinity_for_target,enzyme,D03670,3058754,Deracoxib,hsa:1734,Q92813
missing_uniprot_affinity_for_target,enzyme,D03670,3058754,Deracoxib,hsa:1735,P55073;Q86TU3
missing_uniprot_affinity_for_target,enzyme,D03670,3058754,Deracoxib,hsa:199974,Q86W10
missing_uniprot_affinity_for_target,enzyme,D03670,3058754,Deracoxib,hsa:260293,Q8N118
missing_uniprot_affinity_for_target,enzyme,D03670,3058754,Deracoxib,hsa:284541,Q5TCH4
missing_uniprot_affinity_for_target,enzyme,D03670,3058754,Deracoxib,hsa:29785,Q96SQ9
missing_uniprot_affinity_for_target,enzyme,D03670,3058754,Deracoxib,hsa:4025,P22079
missing_uniprot_affinity_for_target,enzyme,D03670,3058754,Deracoxib,hsa:4051,Q08477
missing_uniprot_affinity_for_target,enzyme,D03670,3058754,Deracoxib,hsa:64816,Q9HB55
missing_uniprot_affinity_for_target,enzyme,D03670,3058754,Deracoxib,hsa:8288,P11678
missing_uniprot_affinity_for_target,enzyme,D03670,3058754,Deracoxib,hsa:8529,P78329
missing_uniprot_affinity_for_target,enzyme,D03670,3058754,Deracoxib,hsa:9023,O95992
missing_uniprot_affinity_for_target,enzyme,D03716,15895902,Parecoxib Sodium,hsa:5742,P23219
missing_ligand_affinity_file,enzyme,D03731,6446650,Mofegiline Hydrochloride,hsa:4128,P21397;Q49A63;Q53YE7
missing_ligand_affinity_file,enzyme,D03731,6446650,Mofegiline Hydrochloride,hsa:4129,P27338
missing_ligand_affinity_file,enzyme,D03738,60594,Enalkiren,hsa:5972,P00797
missing_ligand_affinity_file,enzyme,D03767,3033690,Zofenopril Calcium,hsa:1636,B4DKH4;P12821
missing_ligand_affinity_file,enzyme,D03769,6917719,(2S)-1-((2S)-2-(((1S)-1-carboxy-3-phenylpropyl)amino)propanoyl)pyrrolidine-2-carboxylic acid;dihydrate,hsa:1636,B4DKH4;P12821
missing_ligand_affinity_file,enzyme,D03776,11954366,Zofenoprilat arginine,hsa:1636,B4DKH4;P12821
missing_ligand_affinity_file,enzyme,D03778,11954367,Fadrozole Hydrochloride Hemihydrate,hsa:1543,A0N0X8;P04798
missing_ligand_affinity_file,enzyme,D03778,11954367,Fadrozole Hydrochloride Hemihydrate,hsa:1544,P05177
missing_ligand_affinity_file,enzyme,D03778,11954367,Fadrozole Hydrochloride Hemihydrate,hsa:1545,Q16678;Q53TK1
missing_ligand_affinity_file,enzyme,D03778,11954367,Fadrozole Hydrochloride Hemihydrate,hsa:1548,P11509
missing_ligand_affinity_file,enzyme,D03778,11954367,Fadrozole Hydrochloride Hemihydrate,hsa:1549,P20853
missing_ligand_affinity_file,enzyme,D03778,11954367,Fadrozole Hydrochloride Hemihydrate,hsa:1551,P24462
missing_ligand_affinity_file,enzyme,D03778,11954367,Fadrozole Hydrochloride Hemihydrate,hsa:1553,Q16696
missing_ligand_affinity_file,enzyme,D03778,11954367,Fadrozole Hydrochloride Hemihydrate,hsa:1555,P20813
missing_ligand_affinity_file,enzyme,D03778,11954367,Fadrozole Hydrochloride Hemihydrate,hsa:1557,P33261
missing_ligand_affinity_file,enzyme,D03778,11954367,Fadrozole Hydrochloride Hemihydrate,hsa:1558,P10632
missing_ligand_affinity_file,enzyme,D03778,11954367,Fadrozole Hydrochloride Hemihydrate,hsa:1559,P11712
missing_ligand_affinity_file,enzyme,D03778,11954367,Fadrozole Hydrochloride Hemihydrate,hsa:1562,P33260;Q7Z348
missing_ligand_affinity_file,enzyme,D03778,11954367,Fadrozole Hydrochloride Hemihydrate,hsa:1565,C1ID52;P10635;Q5Y7H2
missing_ligand_affinity_file,enzyme,D03778,11954367,Fadrozole Hydrochloride Hemihydrate,hsa:1571,P05181
missing_ligand_affinity_file,enzyme,D03778,11954367,Fadrozole Hydrochloride Hemihydrate,hsa:1572,P24903
missing_ligand_affinity_file,enzyme,D03778,11954367,Fadrozole Hydrochloride Hemihydrate,hsa:1573,P51589
missing_ligand_affinity_file,enzyme,D03778,11954367,Fadrozole Hydrochloride Hemihydrate,hsa:1576,P08684;Q6GRK0
missing_ligand_affinity_file,enzyme,D03778,11954367,Fadrozole Hydrochloride Hemihydrate,hsa:1577,P20815
missing_ligand_affinity_file,enzyme,D03778,11954367,Fadrozole Hydrochloride Hemihydrate,hsa:1580,P13584
missing_ligand_affinity_file,enzyme,D03778,11954367,Fadrozole Hydrochloride Hemihydrate,hsa:1588,P11511;Q8IYG4;Q8TCA4
missing_ligand_affinity_file,enzyme,D03778,11954367,Fadrozole Hydrochloride Hemihydrate,hsa:199974,Q86W10
missing_ligand_affinity_file,enzyme,D03778,11954367,Fadrozole Hydrochloride Hemihydrate,hsa:260293,Q8N118
missing_ligand_affinity_file,enzyme,D03778,11954367,Fadrozole Hydrochloride Hemihydrate,hsa:29785,Q96SQ9
missing_ligand_affinity_file,enzyme,D03778,11954367,Fadrozole Hydrochloride Hemihydrate,hsa:64816,Q9HB55
missing_ligand_affinity_file,enzyme,D03781,11983193,Liarozole Fumarate,hsa:1543,A0N0X8;P04798
missing_ligand_affinity_file,enzyme,D03781,11983193,Liarozole Fumarate,hsa:1544,P05177
missing_ligand_affinity_file,enzyme,D03781,11983193,Liarozole Fumarate,hsa:1545,Q16678;Q53TK1
missing_ligand_affinity_file,enzyme,D03781,11983193,Liarozole Fumarate,hsa:1548,P11509
missing_ligand_affinity_file,enzyme,D03781,11983193,Liarozole Fumarate,hsa:1549,P20853
missing_ligand_affinity_file,enzyme,D03781,11983193,Liarozole Fumarate,hsa:1551,P24462
missing_ligand_affinity_file,enzyme,D03781,11983193,Liarozole Fumarate,hsa:1553,Q16696
missing_ligand_affinity_file,enzyme,D03781,11983193,Liarozole Fumarate,hsa:1555,P20813
missing_ligand_affinity_file,enzyme,D03781,11983193,Liarozole Fumarate,hsa:1557,P33261
missing_ligand_affinity_file,enzyme,D03781,11983193,Liarozole Fumarate,hsa:1558,P10632
missing_ligand_affinity_file,enzyme,D03781,11983193,Liarozole Fumarate,hsa:1559,P11712
missing_ligand_affinity_file,enzyme,D03781,11983193,Liarozole Fumarate,hsa:1562,P33260;Q7Z348
missing_ligand_affinity_file,enzyme,D03781,11983193,Liarozole Fumarate,hsa:1565,C1ID52;P10635;Q5Y7H2
missing_ligand_affinity_file,enzyme,D03781,11983193,Liarozole Fumarate,hsa:1571,P05181
missing_ligand_affinity_file,enzyme,D03781,11983193,Liarozole Fumarate,hsa:1572,P24903
missing_ligand_affinity_file,enzyme,D03781,11983193,Liarozole Fumarate,hsa:1573,P51589
missing_ligand_affinity_file,enzyme,D03781,11983193,Liarozole Fumarate,hsa:1576,P08684;Q6GRK0
missing_ligand_affinity_file,enzyme,D03781,11983193,Liarozole Fumarate,hsa:1577,P20815
missing_ligand_affinity_file,enzyme,D03781,11983193,Liarozole Fumarate,hsa:1580,P13584
missing_ligand_affinity_file,enzyme,D03781,11983193,Liarozole Fumarate,hsa:1586,P05093;Q1HB44
missing_ligand_affinity_file,enzyme,D03781,11983193,Liarozole Fumarate,hsa:1588,P11511;Q8IYG4;Q8TCA4
missing_ligand_affinity_file,enzyme,D03781,11983193,Liarozole Fumarate,hsa:199974,Q86W10
missing_ligand_affinity_file,enzyme,D03781,11983193,Liarozole Fumarate,hsa:260293,Q8N118
missing_ligand_affinity_file,enzyme,D03781,11983193,Liarozole Fumarate,hsa:29785,Q96SQ9
missing_ligand_affinity_file,enzyme,D03781,11983193,Liarozole Fumarate,hsa:64816,Q9HB55
missing_ligand_affinity_file,enzyme,D03784,71454,Liarozole hydrochloride,hsa:1543,A0N0X8;P04798
missing_ligand_affinity_file,enzyme,D03784,71454,Liarozole hydrochloride,hsa:1544,P05177
missing_ligand_affinity_file,enzyme,D03784,71454,Liarozole hydrochloride,hsa:1545,Q16678;Q53TK1
missing_ligand_affinity_file,enzyme,D03784,71454,Liarozole hydrochloride,hsa:1548,P11509
missing_ligand_affinity_file,enzyme,D03784,71454,Liarozole hydrochloride,hsa:1549,P20853
missing_ligand_affinity_file,enzyme,D03784,71454,Liarozole hydrochloride,hsa:1551,P24462
missing_ligand_affinity_file,enzyme,D03784,71454,Liarozole hydrochloride,hsa:1553,Q16696
missing_ligand_affinity_file,enzyme,D03784,71454,Liarozole hydrochloride,hsa:1555,P20813
missing_ligand_affinity_file,enzyme,D03784,71454,Liarozole hydrochloride,hsa:1557,P33261
missing_ligand_affinity_file,enzyme,D03784,71454,Liarozole hydrochloride,hsa:1558,P10632
missing_ligand_affinity_file,enzyme,D03784,71454,Liarozole hydrochloride,hsa:1559,P11712
missing_ligand_affinity_file,enzyme,D03784,71454,Liarozole hydrochloride,hsa:1562,P33260;Q7Z348
missing_ligand_affinity_file,enzyme,D03784,71454,Liarozole hydrochloride,hsa:1565,C1ID52;P10635;Q5Y7H2
missing_ligand_affinity_file,enzyme,D03784,71454,Liarozole hydrochloride,hsa:1571,P05181
missing_ligand_affinity_file,enzyme,D03784,71454,Liarozole hydrochloride,hsa:1572,P24903
missing_ligand_affinity_file,enzyme,D03784,71454,Liarozole hydrochloride,hsa:1573,P51589
missing_ligand_affinity_file,enzyme,D03784,71454,Liarozole hydrochloride,hsa:1576,P08684;Q6GRK0
missing_ligand_affinity_file,enzyme,D03784,71454,Liarozole hydrochloride,hsa:1577,P20815
missing_ligand_affinity_file,enzyme,D03784,71454,Liarozole hydrochloride,hsa:1580,P13584
missing_ligand_affinity_file,enzyme,D03784,71454,Liarozole hydrochloride,hsa:1586,P05093;Q1HB44
missing_ligand_affinity_file,enzyme,D03784,71454,Liarozole hydrochloride,hsa:1588,P11511;Q8IYG4;Q8TCA4
missing_ligand_affinity_file,enzyme,D03784,71454,Liarozole hydrochloride,hsa:199974,Q86W10
missing_ligand_affinity_file,enzyme,D03784,71454,Liarozole hydrochloride,hsa:260293,Q8N118
missing_ligand_affinity_file,enzyme,D03784,71454,Liarozole hydrochloride,hsa:29785,Q96SQ9
missing_ligand_affinity_file,enzyme,D03784,71454,Liarozole hydrochloride,hsa:64816,Q9HB55
missing_ligand_affinity_file,enzyme,D03816,11954370,Tenivastatin Calcium,hsa:3156,P04035
missing_ligand_affinity_file,enzyme,D03826,6419928,Physostigmine Sulfate,hsa:43,P22303
missing_ligand_affinity_file,enzyme,D03829,11954371,Peramivir trihydrate,hsa:10825,Q9UQ49
missing_ligand_affinity_file,enzyme,D03829,11954371,Peramivir trihydrate,hsa:129807,B3KR54;Q8WWR8
missing_ligand_affinity_file,enzyme,D03829,11954371,Peramivir trihydrate,hsa:4758,Q5JQI0;Q99519
missing_ligand_affinity_file,enzyme,D03829,11954371,Peramivir trihydrate,hsa:4759,Q9Y3R4
missing_uniprot_affinity_for_target,enzyme,D03845,60692,Sezolamide Hydrochloride,hsa:11238,Q9Y2D0
missing_uniprot_affinity_for_target,enzyme,D03845,60692,Sezolamide Hydrochloride,hsa:763,P35218
missing_uniprot_affinity_for_target,enzyme,D04023,176871,Erlotinib Hydrochloride,hsa:2041,P21709
missing_uniprot_affinity_for_target,enzyme,D04023,176871,Erlotinib Hydrochloride,hsa:2321,P17948
missing_uniprot_affinity_for_target,enzyme,D04023,176871,Erlotinib Hydrochloride,hsa:285220,Q9UF33
missing_uniprot_affinity_for_target,enzyme,D04023,176871,Erlotinib Hydrochloride,hsa:3643,P06213
missing_uniprot_affinity_for_target,enzyme,D04023,176871,Erlotinib Hydrochloride,hsa:3645,P14616
missing_uniprot_affinity_for_target,enzyme,D04023,176871,Erlotinib Hydrochloride,hsa:4593,O15146
missing_ligand_affinity_file,enzyme,D04024,11557040,Lapatinib Ditosylate,hsa:10461,Q12866
missing_ligand_affinity_file,enzyme,D04024,11557040,Lapatinib Ditosylate,hsa:1436,P07333
missing_ligand_affinity_file,enzyme,D04024,11557040,Lapatinib Ditosylate,hsa:1956,F2YGG7;F6QWY5;P00533;Q504U8
missing_ligand_affinity_file,enzyme,D04024,11557040,Lapatinib Ditosylate,hsa:1969,P29317
missing_ligand_affinity_file,enzyme,D04024,11557040,Lapatinib Ditosylate,hsa:2041,P21709
missing_ligand_affinity_file,enzyme,D04024,11557040,Lapatinib Ditosylate,hsa:2042,A0A140VJJ0;P29320;Q6P4R6
missing_ligand_affinity_file,enzyme,D04024,11557040,Lapatinib Ditosylate,hsa:2043,P54764
missing_ligand_affinity_file,enzyme,D04024,11557040,Lapatinib Ditosylate,hsa:2044,A0A087WX63;A0A384MU00;B7ZKJ3;P54756;Q59FT4
missing_ligand_affinity_file,enzyme,D04024,11557040,Lapatinib Ditosylate,hsa:2045,Q15375
missing_ligand_affinity_file,enzyme,D04024,11557040,Lapatinib Ditosylate,hsa:2046,P29322
missing_ligand_affinity_file,enzyme,D04024,11557040,Lapatinib Ditosylate,hsa:2047,P54762
missing_ligand_affinity_file,enzyme,D04024,11557040,Lapatinib Ditosylate,hsa:2048,F6TUL7;P29323;Q4LE53;Q6NVW1
missing_ligand_affinity_file,enzyme,D04024,11557040,Lapatinib Ditosylate,hsa:2049,P54753
missing_ligand_affinity_file,enzyme,D04024,11557040,Lapatinib Ditosylate,hsa:2050,F6RDZ0;P54760;Q96L35
missing_ligand_affinity_file,enzyme,D04024,11557040,Lapatinib Ditosylate,hsa:2051,
missing_ligand_affinity_file,enzyme,D04024,11557040,Lapatinib Ditosylate,hsa:2064,P04626;X5DNK3
missing_ligand_affinity_file,enzyme,D04024,11557040,Lapatinib Ditosylate,hsa:2065,P21860
missing_ligand_affinity_file,enzyme,D04024,11557040,Lapatinib Ditosylate,hsa:2066,Q15303
missing_ligand_affinity_file,enzyme,D04024,11557040,Lapatinib Ditosylate,hsa:2260,P11362
missing_ligand_affinity_file,enzyme,D04024,11557040,Lapatinib Ditosylate,hsa:2261,P22607;Q0IJ44
missing_ligand_affinity_file,enzyme,D04024,11557040,Lapatinib Ditosylate,hsa:2263,P21802
missing_ligand_affinity_file,enzyme,D04024,11557040,Lapatinib Ditosylate,hsa:2264,P22455
missing_ligand_affinity_file,enzyme,D04024,11557040,Lapatinib Ditosylate,hsa:2321,P17948
missing_ligand_affinity_file,enzyme,D04024,11557040,Lapatinib Ditosylate,hsa:2322,P36888
missing_ligand_affinity_file,enzyme,D04024,11557040,Lapatinib Ditosylate,hsa:2324,P35916
missing_ligand_affinity_file,enzyme,D04024,11557040,Lapatinib Ditosylate,hsa:238,B6D4Y2;Q9UM73
missing_ligand_affinity_file,enzyme,D04024,11557040,Lapatinib Ditosylate,hsa:285220,Q9UF33
missing_ligand_affinity_file,enzyme,D04024,11557040,Lapatinib Ditosylate,hsa:3480,P08069
missing_ligand_affinity_file,enzyme,D04024,11557040,Lapatinib Ditosylate,hsa:3643,P06213
missing_ligand_affinity_file,enzyme,D04024,11557040,Lapatinib Ditosylate,hsa:3645,P14616
missing_ligand_affinity_file,enzyme,D04024,11557040,Lapatinib Ditosylate,hsa:3791,P35968
missing_ligand_affinity_file,enzyme,D04024,11557040,Lapatinib Ditosylate,hsa:3815,P10721
missing_ligand_affinity_file,enzyme,D04024,11557040,Lapatinib Ditosylate,hsa:4058,P29376
missing_ligand_affinity_file,enzyme,D04024,11557040,Lapatinib Ditosylate,hsa:4233,P08581
missing_ligand_affinity_file,enzyme,D04024,11557040,Lapatinib Ditosylate,hsa:4486,Q04912
missing_ligand_affinity_file,enzyme,D04024,11557040,Lapatinib Ditosylate,hsa:4593,O15146
missing_ligand_affinity_file,enzyme,D04024,11557040,Lapatinib Ditosylate,hsa:4914,P04629
missing_ligand_affinity_file,enzyme,D04024,11557040,Lapatinib Ditosylate,hsa:4915,Q16620;Q548C2;Q5VWE5
missing_ligand_affinity_file,enzyme,D04024,11557040,Lapatinib Ditosylate,hsa:4916,Q16288;X5D2R1
missing_ligand_affinity_file,enzyme,D04024,11557040,Lapatinib Ditosylate,hsa:4919,Q01973
missing_ligand_affinity_file,enzyme,D04024,11557040,Lapatinib Ditosylate,hsa:4920,Q01974
missing_ligand_affinity_file,enzyme,D04024,11557040,Lapatinib Ditosylate,hsa:4921,Q16832
missing_ligand_affinity_file,enzyme,D04024,11557040,Lapatinib Ditosylate,hsa:5156,P16234
missing_ligand_affinity_file,enzyme,D04024,11557040,Lapatinib Ditosylate,hsa:5159,P09619;Q59F04
missing_ligand_affinity_file,enzyme,D04024,11557040,Lapatinib Ditosylate,hsa:558,P30530
missing_ligand_affinity_file,enzyme,D04024,11557040,Lapatinib Ditosylate,hsa:5754,Q13308
missing_ligand_affinity_file,enzyme,D04024,11557040,Lapatinib Ditosylate,hsa:5979,P07949
missing_ligand_affinity_file,enzyme,D04024,11557040,Lapatinib Ditosylate,hsa:6098,P08922
missing_ligand_affinity_file,enzyme,D04024,11557040,Lapatinib Ditosylate,hsa:6259,P34925;Q59FQ5;Q8WTZ8
missing_ligand_affinity_file,enzyme,D04024,11557040,Lapatinib Ditosylate,hsa:7010,Q02763;Q59HG2
missing_ligand_affinity_file,enzyme,D04024,11557040,Lapatinib Ditosylate,hsa:7075,P35590
missing_ligand_affinity_file,enzyme,D04024,11557040,Lapatinib Ditosylate,hsa:7301,Q06418
missing_ligand_affinity_file,enzyme,D04024,11557040,Lapatinib Ditosylate,hsa:780,Q08345
missing_uniprot_affinity_for_target,enzyme,D04025,6444692,Mubritinib,hsa:2321,P17948
missing_uniprot_affinity_for_target,enzyme,D04025,6444692,Mubritinib,hsa:285220,Q9UF33
missing_uniprot_affinity_for_target,enzyme,D04025,6444692,Mubritinib,hsa:3643,P06213
missing_uniprot_affinity_for_target,enzyme,D04025,6444692,Mubritinib,hsa:3645,P14616
missing_uniprot_affinity_for_target,enzyme,D04025,6444692,Mubritinib,hsa:4593,O15146
missing_ligand_affinity_file,enzyme,D04028,3034010,Orlistat,hsa:1056,B4DSX9;O75612;P19835;Q86SR3
missing_ligand_affinity_file,enzyme,D04028,3034010,Orlistat,hsa:3988,P38571
missing_ligand_affinity_file,enzyme,D04028,3034010,Orlistat,hsa:3990,A6H8L5;P11150
missing_ligand_affinity_file,enzyme,D04028,3034010,Orlistat,hsa:5406,P16233
missing_ligand_affinity_file,enzyme,D04028,3034010,Orlistat,hsa:5407,P54315
missing_ligand_affinity_file,enzyme,D04028,3034010,Orlistat,hsa:5408,A0AAG2UV77;P54317
missing_ligand_affinity_file,enzyme,D04028,3034010,Orlistat,hsa:80339,Q9NST1
missing_ligand_affinity_file,enzyme,D04028,3034010,Orlistat,hsa:8513,P07098
missing_ligand_affinity_file,enzyme,D04028,3034010,Orlistat,hsa:9388,Q9Y5X9
missing_uniprot_affinity_for_target,enzyme,D04031,472335,Rubitecan,hsa:116447,E5KMK7;Q969P6
missing_uniprot_affinity_for_target,enzyme,D04966,4091,Metformin,hsa:3643,P06213
missing_uniprot_affinity_for_target,enzyme,D04966,4091,Metformin,hsa:3645,P14616
missing_uniprot_affinity_for_target,enzyme,D04983,876,(+-)-Methionine,hsa:4482,Q9UJ68
missing_uniprot_affinity_for_target,enzyme,D05353,4679,Pantoprazole,hsa:476,P05023
missing_uniprot_affinity_for_target,gpcr,D00049,938,Nicotinic Acid,hsa:338442,Q8TDS4
missing_uniprot_affinity_for_target,gpcr,D00079,5280360,Prostaglandin E2,hsa:5739,P43119
missing_uniprot_affinity_for_target,gpcr,D00094,444795,Retinoic Acid,hsa:9052,Q8NFJ5
missing_uniprot_affinity_for_target,gpcr,D00095,5816,Epinephrine,hsa:148,P35348
missing_ligand_affinity_file,gpcr,D00106,5280427,"5-[(3aR,4R,5R,6aS)-5-hydroxy-4-[(E,3S)-3-hydroxyoct-1-enyl]-3,3a,4,5,6,6a-hexahydrocyclopenta[b]furan-2-ylidene]pentanoic acid",hsa:64805,A8K7T1;Q9H244
missing_uniprot_affinity_for_target,gpcr,D00180,5280723,Alprostadil,hsa:5731,P34995
missing_uniprot_affinity_for_target,gpcr,D00180,5280723,Alprostadil,hsa:5739,P43119
missing_ligand_affinity_file,gpcr,D00227,9433,Aminophylline,hsa:134,P30542
missing_ligand_affinity_file,gpcr,D00227,9433,Aminophylline,hsa:135,B3KVQ4;P29274;X5DNB4
missing_ligand_affinity_file,gpcr,D00227,9433,Aminophylline,hsa:140,P0DMS8
missing_uniprot_affinity_for_target,gpcr,D00234,2247,Astemizole,hsa:59340,Q9H3N8
missing_uniprot_affinity_for_target,gpcr,D00255,2585,Carvedilol,hsa:146,P25100
missing_uniprot_affinity_for_target,gpcr,D00255,2585,Carvedilol,hsa:147,P35368
missing_uniprot_affinity_for_target,gpcr,D00255,2585,Carvedilol,hsa:148,P35348
missing_uniprot_affinity_for_target,gpcr,D00255,2585,Carvedilol,hsa:155,A8KAG8;P13945
missing_uniprot_affinity_for_target,gpcr,D00270,2726,Chlorpromazine,hsa:1816,P21918
missing_uniprot_affinity_for_target,gpcr,D00281,2803,Clonidine,hsa:146,P25100
missing_uniprot_affinity_for_target,gpcr,D00281,2803,Clonidine,hsa:147,P35368
missing_uniprot_affinity_for_target,gpcr,D00281,2803,Clonidine,hsa:148,P35348
missing_uniprot_affinity_for_target,gpcr,D00283,135398737,Clozapine,hsa:146,P25100
missing_uniprot_affinity_for_target,gpcr,D00283,135398737,Clozapine,hsa:147,P35368
missing_uniprot_affinity_for_target,gpcr,D00283,135398737,Clozapine,hsa:148,P35348
missing_uniprot_affinity_for_target,gpcr,D00283,135398737,Clozapine,hsa:1816,P21918
missing_uniprot_affinity_for_target,gpcr,D00283,135398737,Clozapine,hsa:59340,Q9H3N8
missing_uniprot_affinity_for_target,gpcr,D00300,3100,Diphenhydramine,hsa:59340,Q9H3N8
missing_uniprot_affinity_for_target,gpcr,D00318,5702160,Famotidine,hsa:59340,Q9H3N8
missing_uniprot_affinity_for_target,gpcr,D00336,3488,Glibenclamide,hsa:6915,P21731;Q05C92;Q0VAB0
missing_uniprot_affinity_for_target,gpcr,D00356,5311221,Latanoprost,hsa:5737,P43088
missing_uniprot_affinity_for_target,gpcr,D00371,2153,Theophylline,hsa:136,P29275
missing_uniprot_affinity_for_target,gpcr,D00411,5717,Zafirlukast,hsa:56413,B4E292;Q9NPC1
missing_uniprot_affinity_for_target,gpcr,D00411,5717,Zafirlukast,hsa:57105,A4ZKH2;Q5KU17;Q9NS75
missing_uniprot_affinity_for_target,gpcr,D00426,5073,Risperidone,hsa:146,P25100
missing_uniprot_affinity_for_target,gpcr,D00426,5073,Risperidone,hsa:147,P35368
missing_uniprot_affinity_for_target,gpcr,D00426,5073,Risperidone,hsa:148,P35348
missing_uniprot_affinity_for_target,gpcr,D00432,39147,Nadolol,hsa:155,A8KAG8;P13945
missing_uniprot_affinity_for_target,gpcr,D00437,4485,Nifedipine,hsa:146,P25100
missing_uniprot_affinity_for_target,gpcr,D00437,4485,Nifedipine,hsa:147,P35368
missing_uniprot_affinity_for_target,gpcr,D00437,4485,Nifedipine,hsa:148,P35348
missing_uniprot_affinity_for_target,gpcr,D00437,4485,Nifedipine,hsa:155,A8KAG8;P13945
missing_ligand_affinity_file,gpcr,D00442,383414,Octreotide (USAN/INN),hsa:6751,P30872;Q86SW9
missing_ligand_affinity_file,gpcr,D00442,383414,Octreotide (USAN/INN),hsa:6752,P30874
missing_uniprot_affinity_for_target,gpcr,D00454,135398745,Olanzapine,hsa:146,P25100
missing_uniprot_affinity_for_target,gpcr,D00454,135398745,Olanzapine,hsa:147,P35368
missing_uniprot_affinity_for_target,gpcr,D00454,135398745,Olanzapine,hsa:148,P35348
missing_uniprot_affinity_for_target,gpcr,D00454,135398745,Olanzapine,hsa:155,A8KAG8;P13945
missing_uniprot_affinity_for_target,gpcr,D00454,135398745,Olanzapine,hsa:1816,P21918
missing_uniprot_affinity_for_target,gpcr,D00483,62882,Propranolol Hydrochloride,hsa:155,A8KAG8;P13945
missing_uniprot_affinity_for_target,gpcr,D00493,4917,Prochlorperazine,hsa:1816,P21918
missing_uniprot_affinity_for_target,gpcr,D00494,4927,Promethazine,hsa:148,P35348
missing_uniprot_affinity_for_target,gpcr,D00494,4927,Promethazine,hsa:59340,Q9H3N8
missing_uniprot_affinity_for_target,gpcr,D00499,4737,Pentobarbital,hsa:8843,P49019
missing_uniprot_affinity_for_target,gpcr,D00503,4748,Perphenazine,hsa:148,P35348
missing_uniprot_affinity_for_target,gpcr,D00509,91430,Phentolamine Methanesulfonate,hsa:146,P25100
missing_uniprot_affinity_for_target,gpcr,D00509,91430,Phentolamine Methanesulfonate,hsa:147,P35368
missing_uniprot_affinity_for_target,gpcr,D00509,91430,Phentolamine Methanesulfonate,hsa:148,P35348
missing_uniprot_affinity_for_target,gpcr,D00513,4828,Pindolol,hsa:146,P25100
missing_uniprot_affinity_for_target,gpcr,D00513,4828,Pindolol,hsa:147,P35368
missing_uniprot_affinity_for_target,gpcr,D00513,4828,Pindolol,hsa:148,P35348
missing_uniprot_affinity_for_target,gpcr,D00513,4828,Pindolol,hsa:155,A8KAG8;P13945
missing_uniprot_affinity_for_target,gpcr,D00524,5831,Carbachol,hsa:8843,P49019
missing_uniprot_affinity_for_target,gpcr,D00528,2519,Caffeine,hsa:10161,B3KVQ5;P43657
missing_uniprot_affinity_for_target,gpcr,D00528,2519,Caffeine,hsa:136,P29275
missing_uniprot_affinity_for_target,gpcr,D00528,2519,Caffeine,hsa:140,P0DMS8
missing_uniprot_affinity_for_target,gpcr,D00528,2519,Caffeine,hsa:2846,Q99677
missing_uniprot_affinity_for_target,gpcr,D00528,2519,Caffeine,hsa:5029,P41231
missing_uniprot_affinity_for_target,gpcr,D00528,2519,Caffeine,hsa:5030,P51582
missing_uniprot_affinity_for_target,gpcr,D00528,2519,Caffeine,hsa:5031,Q15077
missing_uniprot_affinity_for_target,gpcr,D00528,2519,Caffeine,hsa:5032,Q96G91
missing_uniprot_affinity_for_target,gpcr,D00528,2519,Caffeine,hsa:9934,A5JUU3;Q15391
missing_ligand_affinity_file,gpcr,D00559,166589,Pramipexole dihydrochloride monohydrate,hsa:1814,A8K8E4;P35462;X5D2G4
missing_uniprot_affinity_for_target,gpcr,D00560,16362,Pimozide,hsa:1816,P21918
missing_ligand_affinity_file,gpcr,D00601,441308,Metoprolol Tartrate,hsa:153,P08588
missing_ligand_affinity_file,gpcr,D00601,441308,Metoprolol Tartrate,hsa:154,P07550;X5DQM5
missing_uniprot_affinity_for_target,gpcr,D00604,20179,Clonidine Hydrochloride,hsa:146,P25100
missing_ligand_affinity_file,gpcr,D00607,68552,Guanadrel Sulfate,hsa:146,P25100
missing_ligand_affinity_file,gpcr,D00607,68552,Guanadrel Sulfate,hsa:147,P35368
missing_ligand_affinity_file,gpcr,D00607,68552,Guanadrel Sulfate,hsa:148,P35348
missing_ligand_affinity_file,gpcr,D00607,68552,Guanadrel Sulfate,hsa:150,P08913
missing_ligand_affinity_file,gpcr,D00607,68552,Guanadrel Sulfate,hsa:151,P18089
missing_ligand_affinity_file,gpcr,D00607,68552,Guanadrel Sulfate,hsa:152,P18825;Q4W594
missing_uniprot_affinity_for_target,gpcr,D00609,68546,Prazosin Hydrochloride,hsa:146,P25100
missing_uniprot_affinity_for_target,gpcr,D00609,68546,Prazosin Hydrochloride,hsa:147,P35368
missing_uniprot_affinity_for_target,gpcr,D00609,68546,Prazosin Hydrochloride,hsa:148,P35348
missing_ligand_affinity_file,gpcr,D00635,62937,Metoprolol Succinate,hsa:153,P08588
missing_ligand_affinity_file,gpcr,D00635,62937,Metoprolol Succinate,hsa:154,P07550;X5DQM5
missing_ligand_affinity_file,gpcr,D00675,77997,Rizatriptan Benzoate,hsa:3351,A8K215;P28222;X5D7I5
missing_ligand_affinity_file,gpcr,D00675,77997,Rizatriptan Benzoate,hsa:3352,P28221
missing_uniprot_affinity_for_target,gpcr,D00682,5281074,Carboprost Tromethamine,hsa:5731,P34995
missing_ligand_affinity_file,gpcr,D00683,39859,Albuterol Sulfate,hsa:154,P07550;X5DQM5
missing_ligand_affinity_file,gpcr,D00687,56801,Salmeterol Xinafoate,hsa:154,P07550;X5DQM5
missing_ligand_affinity_file,gpcr,D00688,441334,Terbutaline Sulfate,hsa:154,P07550;X5DQM5
missing_uniprot_affinity_for_target,gpcr,D00726,4168,Metoclopramide,hsa:8843,P49019
missing_ligand_affinity_file,gpcr,D00760,60168,Doxacurium chloride [VANDF],hsa:1129,A4D1Q0;P08172;Q6SL56;Q86SJ1
missing_uniprot_affinity_for_target,gpcr,D00775,5070,Riluzole,hsa:2914,A1L4F9;Q14833
missing_uniprot_affinity_for_target,gpcr,D00775,5070,Riluzole,hsa:2916,O15303
missing_uniprot_affinity_for_target,gpcr,D00775,5070,Riluzole,hsa:2917,B2R693;Q14831;Q59G95
missing_ligand_affinity_file,gpcr,D00837,5462346,"(1S,9R,10S)-17-(Cyclobutylmethyl)-17-azatetracyclo[7.5.3.01,10.02,7]heptadeca-2(7),3,5-triene-4,10-diol;(2R,3R)-2,3-dihydroxybutanedioic acid",hsa:4986,P41145
missing_ligand_affinity_file,gpcr,D00837,5462346,"(1S,9R,10S)-17-(Cyclobutylmethyl)-17-azatetracyclo[7.5.3.01,10.02,7]heptadeca-2(7),3,5-triene-4,10-diol;(2R,3R)-2,3-dihydroxybutanedioic acid",hsa:4988,G8XRH5;P35372
missing_uniprot_affinity_for_target,gpcr,D00954,13109,Levonorgestrel,hsa:148,P35348
missing_uniprot_affinity_for_target,gpcr,D00965,4493,Nilutamide,hsa:148,P35348
missing_uniprot_affinity_for_target,gpcr,D00996,441411,(-)-Epinephrine hydrochloride,hsa:146,P25100
missing_uniprot_affinity_for_target,gpcr,D00996,441411,(-)-Epinephrine hydrochloride,hsa:147,P35368
missing_uniprot_affinity_for_target,gpcr,D00996,441411,(-)-Epinephrine hydrochloride,hsa:148,P35348
missing_uniprot_affinity_for_target,gpcr,D00996,441411,(-)-Epinephrine hydrochloride,hsa:150,P08913
missing_uniprot_affinity_for_target,gpcr,D00996,441411,(-)-Epinephrine hydrochloride,hsa:152,P18825;Q4W594
missing_uniprot_affinity_for_target,gpcr,D00996,441411,(-)-Epinephrine hydrochloride,hsa:155,A8KAG8;P13945
missing_uniprot_affinity_for_target,gpcr,D01020,6081,"2-Amino-1-(2,5-dimethoxyphenyl)propan-1-ol hydrochloride",hsa:146,P25100
missing_uniprot_affinity_for_target,gpcr,D01020,6081,"2-Amino-1-(2,5-dimethoxyphenyl)propan-1-ol hydrochloride",hsa:147,P35368
missing_uniprot_affinity_for_target,gpcr,D01020,6081,"2-Amino-1-(2,5-dimethoxyphenyl)propan-1-ol hydrochloride",hsa:148,P35348
missing_uniprot_affinity_for_target,gpcr,D01022,66259,Oxymetazoline Hydrochloride,hsa:146,P25100
missing_uniprot_affinity_for_target,gpcr,D01022,66259,Oxymetazoline Hydrochloride,hsa:147,P35368
missing_uniprot_affinity_for_target,gpcr,D01022,66259,Oxymetazoline Hydrochloride,hsa:148,P35348
missing_uniprot_affinity_for_target,gpcr,D01024,5362376,Tamsulosin Hydrochloride,hsa:146,P25100
missing_uniprot_affinity_for_target,gpcr,D01024,5362376,Tamsulosin Hydrochloride,hsa:147,P35368
missing_uniprot_affinity_for_target,gpcr,D01024,5362376,Tamsulosin Hydrochloride,hsa:148,P35348
missing_uniprot_affinity_for_target,gpcr,D01051,5265,Spiperone,hsa:146,P25100
missing_uniprot_affinity_for_target,gpcr,D01051,5265,Spiperone,hsa:147,P35368
missing_uniprot_affinity_for_target,gpcr,D01051,5265,Spiperone,hsa:148,P35348
missing_uniprot_affinity_for_target,gpcr,D01126,66250,"L-Arginine, monohydrochloride",hsa:222545,Q5T6X5
missing_uniprot_affinity_for_target,gpcr,D01227,27522,Distigmine Bromide,hsa:1909,P25101
missing_uniprot_affinity_for_target,gpcr,D01242,92163,Prilocaine Hydrochloride,hsa:3269,P35367
missing_ligand_affinity_file,gpcr,D01295,71405,Pirenzepine Hydrochloride,hsa:1812,P21728
missing_ligand_affinity_file,gpcr,D01295,71405,Pirenzepine Hydrochloride,hsa:1813,P14416
missing_ligand_affinity_file,gpcr,D01295,71405,Pirenzepine Hydrochloride,hsa:1814,A8K8E4;P35462;X5D2G4
missing_ligand_affinity_file,gpcr,D01295,71405,Pirenzepine Hydrochloride,hsa:1816,P21918
missing_ligand_affinity_file,gpcr,D01295,71405,Pirenzepine Hydrochloride,hsa:3269,P35367
missing_ligand_affinity_file,gpcr,D01346,19648,Streptomycin Sulfate,hsa:2918,O00222
missing_uniprot_affinity_for_target,gpcr,D01352,68551,Mianserin Hydrochloride,hsa:5737,P43088
missing_uniprot_affinity_for_target,gpcr,D01352,68551,Mianserin Hydrochloride,hsa:5739,P43119
missing_ligand_affinity_file,gpcr,D01358,38911,Ciclopirox Olamine,hsa:146,P25100
missing_ligand_affinity_file,gpcr,D01358,38911,Ciclopirox Olamine,hsa:147,P35368
missing_ligand_affinity_file,gpcr,D01358,38911,Ciclopirox Olamine,hsa:148,P35348
missing_ligand_affinity_file,gpcr,D01358,38911,Ciclopirox Olamine,hsa:3356,P28223
missing_uniprot_affinity_for_target,gpcr,D01390,2176,Ampiroxicam,hsa:155,A8KAG8;P13945
missing_ligand_affinity_file,gpcr,D01441,5282418,Trifluoperazine dimaleate,hsa:9283,O60883
missing_uniprot_affinity_for_target,gpcr,D01454,5282421,Lisuride Maleate,hsa:155,A8KAG8;P13945
missing_uniprot_affinity_for_target,gpcr,D01603,65889,Apafant,hsa:146,P25100
missing_uniprot_affinity_for_target,gpcr,D01603,65889,Apafant,hsa:147,P35368
missing_uniprot_affinity_for_target,gpcr,D01603,65889,Apafant,hsa:148,P35348
missing_uniprot_affinity_for_target,gpcr,D01652,444020,Voglibose,hsa:5724,P25105
missing_uniprot_affinity_for_target,gpcr,D01692,444030,Darifenacin Hydrobromide,hsa:148,P35348
missing_uniprot_affinity_for_target,gpcr,D01717,54384,Levocabastine hydrochloride,hsa:23620,O95665
missing_ligand_affinity_file,gpcr,D01925,656609,Taltirelin tetrahydrate,hsa:7201,P34981
missing_uniprot_affinity_for_target,gpcr,D01964,5282226,Travoprost,hsa:5737,P43088
missing_uniprot_affinity_for_target,gpcr,D01965,5312125,Silodosin,hsa:146,P25100
missing_uniprot_affinity_for_target,gpcr,D01965,5312125,Silodosin,hsa:147,P35368
missing_uniprot_affinity_for_target,gpcr,D01965,5312125,Silodosin,hsa:148,P35348
missing_ligand_affinity_file,gpcr,D01994,6918047,Mosapride citrate dihydrate,hsa:3360,A0A2D3FAF9;Q13639
missing_ligand_affinity_file,gpcr,D02066,656677,Isoproterenol Sulfate,hsa:153,P08588
missing_ligand_affinity_file,gpcr,D02066,656677,Isoproterenol Sulfate,hsa:154,P07550;X5DQM5
missing_ligand_affinity_file,gpcr,D02066,656677,Isoproterenol Sulfate,hsa:155,A8KAG8;P13945
missing_uniprot_affinity_for_target,gpcr,D02149,5815,Epinephrine Bitartrate,hsa:146,P25100
missing_uniprot_affinity_for_target,gpcr,D02149,5815,Epinephrine Bitartrate,hsa:147,P35368
missing_uniprot_affinity_for_target,gpcr,D02149,5815,Epinephrine Bitartrate,hsa:148,P35348
missing_uniprot_affinity_for_target,gpcr,D02149,5815,Epinephrine Bitartrate,hsa:155,A8KAG8;P13945
missing_uniprot_affinity_for_target,gpcr,D02150,656783,Levisoprenaline hydrochloride,hsa:155,A8KAG8;P13945
missing_ligand_affinity_file,gpcr,D02234,11954233,Cyproheptadine hydrochloride sesquihydrate,hsa:146,P25100
missing_ligand_affinity_file,gpcr,D02234,11954233,Cyproheptadine hydrochloride sesquihydrate,hsa:147,P35368
missing_ligand_affinity_file,gpcr,D02234,11954233,Cyproheptadine hydrochloride sesquihydrate,hsa:148,P35348
missing_ligand_affinity_file,gpcr,D02237,65328,Guanethidine Sulfate,hsa:146,P25100
missing_ligand_affinity_file,gpcr,D02237,65328,Guanethidine Sulfate,hsa:147,P35368
missing_ligand_affinity_file,gpcr,D02237,65328,Guanethidine Sulfate,hsa:148,P35348
missing_ligand_affinity_file,gpcr,D02237,65328,Guanethidine Sulfate,hsa:150,P08913
missing_ligand_affinity_file,gpcr,D02237,65328,Guanethidine Sulfate,hsa:151,P18089
missing_ligand_affinity_file,gpcr,D02237,65328,Guanethidine Sulfate,hsa:152,P18825;Q4W594
missing_ligand_affinity_file,gpcr,D02250,441258,Sandostatin (TN),hsa:6752,P30874
missing_ligand_affinity_file,gpcr,D02250,441258,Sandostatin (TN),hsa:6753,P32745
missing_ligand_affinity_file,gpcr,D02250,441258,Sandostatin (TN),hsa:6755,P35346
missing_uniprot_affinity_for_target,gpcr,D02278,104152,"L-Lysine, acetate (1:1)",hsa:222545,Q5T6X5
missing_uniprot_affinity_for_target,gpcr,D02279,69568,L-Lysine monohydrochloride,hsa:222545,Q5T6X5
missing_uniprot_affinity_for_target,gpcr,D02338,1978,Acebutolol,hsa:155,A8KAG8;P13945
missing_uniprot_affinity_for_target,gpcr,D02356,2520,Verapamil,hsa:146,P25100
missing_uniprot_affinity_for_target,gpcr,D02356,2520,Verapamil,hsa:147,P35368
missing_uniprot_affinity_for_target,gpcr,D02356,2520,Verapamil,hsa:148,P35348
missing_uniprot_affinity_for_target,gpcr,D02361,4940,Propiomazine,hsa:146,P25100
missing_uniprot_affinity_for_target,gpcr,D02361,4940,Propiomazine,hsa:147,P35368
missing_uniprot_affinity_for_target,gpcr,D02361,4940,Propiomazine,hsa:148,P35348
missing_uniprot_affinity_for_target,gpcr,D02374,31477,Metipranolol,hsa:155,A8KAG8;P13945
missing_uniprot_affinity_for_target,gpcr,D02566,4011,Maprotiline,hsa:148,P35348
missing_uniprot_affinity_for_target,gpcr,D02566,4011,Maprotiline,hsa:59340,Q9H3N8
missing_uniprot_affinity_for_target,gpcr,D02671,4078,Mesoridazine,hsa:1816,P21918
missing_uniprot_affinity_for_target,gpcr,D02721,5311181,Iloprost,hsa:5731,P34995
missing_uniprot_affinity_for_target,gpcr,D02721,5311181,Iloprost,hsa:5739,P43119
missing_uniprot_affinity_for_target,gpcr,D02725,5312153,Sulprostone,hsa:5731,P34995
missing_ligand_affinity_file,gpcr,D02826,9907628,Alniditan Dihydrochloride,hsa:3351,A8K215;P28222;X5D7I5
missing_ligand_affinity_file,gpcr,D02826,9907628,Alniditan Dihydrochloride,hsa:3352,P28221
missing_uniprot_affinity_for_target,gpcr,D02910,2157,Amiodarone,hsa:148,P35348
missing_ligand_affinity_file,gpcr,D03274,156413,Canertinib Dihydrochloride,hsa:150,P08913
missing_ligand_affinity_file,gpcr,D03274,156413,Canertinib Dihydrochloride,hsa:151,P18089
missing_ligand_affinity_file,gpcr,D03274,156413,Canertinib Dihydrochloride,hsa:152,P18825;Q4W594
missing_ligand_affinity_file,gpcr,D03365,11954344,Carvedilol Phosphate,hsa:8843,P49019
missing_uniprot_affinity_for_target,gpcr,D03415,3033824,Celgosivir Hydrochloride,hsa:155,A8KAG8;P13945
missing_ligand_affinity_file,gpcr,D03503,21155870,Codeine Sulfate,hsa:3274,P25021
missing_uniprot_affinity_for_target,gpcr,D03642,6436002,Dalvastatin,hsa:6915,P21731;Q05C92;Q0VAB0
missing_uniprot_affinity_for_target,gpcr,D03879,36811,Dobutamine,hsa:155,A8KAG8;P13945
missing_uniprot_affinity_for_target,gpcr,D03966,156665,Eglumetad monohydrate,hsa:2916,O15303
missing_uniprot_affinity_for_target,gpcr,D04006,1676,Enprofylline,hsa:136,P29275
missing_uniprot_affinity_for_target,gpcr,D05129,50294,Nedocromil,hsa:57105,A4ZKH2;Q5KU17;Q9NS75
missing_uniprot_affinity_for_target,gpcr,D05129,50294,Nedocromil,hsa:5729,Q13258
missing_ligand_affinity_file,gpcr,D05740,19610426,Rizatriptan Sulfate,hsa:3351,A8K215;P28222;X5D7I5
missing_ligand_affinity_file,gpcr,D05740,19610426,Rizatriptan Sulfate,hsa:3352,P28221
missing_ligand_affinity_file,gpcr,D05792,5152,Salmeterol,hsa:154,P07550;X5DQM5
missing_ligand_affinity_file,gpcr,D06396,3035241,4-amino-N-(1-azabicyclo[3.3.1]nonan-4-yl)-5-chloro-2-methoxybenzamide,hsa:3360,A0A2D3FAF9;Q13639
missing_uniprot_affinity_for_target,ion_channel,D00035,145742,L-Proline,hsa:11254,B2R8J1;Q9UN76
missing_uniprot_affinity_for_target,ion_channel,D00035,145742,L-Proline,hsa:6534,Q99884
missing_uniprot_affinity_for_target,ion_channel,D00110,122142,Cocaine (USP),hsa:11280,Q9UI33
missing_uniprot_affinity_for_target,ion_channel,D00110,122142,Cocaine (USP),hsa:6530,P23975
missing_uniprot_affinity_for_target,ion_channel,D00110,122142,Cocaine (USP),hsa:6531,Q01959
missing_uniprot_affinity_for_target,ion_channel,D00136,3559,Haloperidol,hsa:116444,O60391;Q5F0I5
missing_uniprot_affinity_for_target,ion_channel,D00136,3559,Haloperidol,hsa:2902,Q05586
missing_uniprot_affinity_for_target,ion_channel,D00136,3559,Haloperidol,hsa:2903,Q12879;Q547U9
missing_uniprot_affinity_for_target,ion_channel,D00136,3559,Haloperidol,hsa:2905,A0A8D9PH81;O15398;Q14957
missing_uniprot_affinity_for_target,ion_channel,D00136,3559,Haloperidol,hsa:2906,O15399;Q59G17
missing_uniprot_affinity_for_target,ion_channel,D00195,5362471,"Morphinan-6-ol, 7,8-didehydro-4,5-epoxy-3-methoxy-17-methyl-, monohydrate, (5alpha,6alpha)-",hsa:1134,P02708;Q53SH4
missing_uniprot_affinity_for_target,ion_channel,D00195,5362471,"Morphinan-6-ol, 7,8-didehydro-4,5-epoxy-3-methoxy-17-methyl-, monohydrate, (5alpha,6alpha)-",hsa:1138,P30532;Q6EWN4
missing_uniprot_affinity_for_target,ion_channel,D00195,5362471,"Morphinan-6-ol, 7,8-didehydro-4,5-epoxy-3-methoxy-17-methyl-, monohydrate, (5alpha,6alpha)-",hsa:57053,Q9GZZ6
missing_uniprot_affinity_for_target,ion_channel,D00195,5362471,"Morphinan-6-ol, 7,8-didehydro-4,5-epoxy-3-methoxy-17-methyl-, monohydrate, (5alpha,6alpha)-",hsa:8973,Q15825
missing_uniprot_affinity_for_target,ion_channel,D00219,1989,Acetohexamide,hsa:3758,A8K432;P48048
missing_uniprot_affinity_for_target,ion_channel,D00225,2118,Alprazolam,hsa:2555,P47869
missing_uniprot_affinity_for_target,ion_channel,D00225,2118,Alprazolam,hsa:2556,P34903
missing_uniprot_affinity_for_target,ion_channel,D00225,2118,Alprazolam,hsa:2559,Q16445
missing_uniprot_affinity_for_target,ion_channel,D00225,2118,Alprazolam,hsa:2560,P18505;X5DNL6
missing_uniprot_affinity_for_target,ion_channel,D00225,2118,Alprazolam,hsa:2564,P78334
missing_uniprot_affinity_for_target,ion_channel,D00225,2118,Alprazolam,hsa:2567,Q99928
missing_uniprot_affinity_for_target,ion_channel,D00225,2118,Alprazolam,hsa:2569,P24046
missing_uniprot_affinity_for_target,ion_channel,D00225,2118,Alprazolam,hsa:55879,Q9UN88
missing_ligand_affinity_file,ion_channel,D00227,9433,Aminophylline,hsa:1080,P13569
missing_ligand_affinity_file,ion_channel,D00227,9433,Aminophylline,hsa:3783,O15554
missing_ligand_affinity_file,ion_channel,D00227,9433,Aminophylline,hsa:6261,P21817
missing_ligand_affinity_file,ion_channel,D00227,9433,Aminophylline,hsa:6262,Q92736
missing_ligand_affinity_file,ion_channel,D00227,9433,Aminophylline,hsa:6263,Q15413
missing_uniprot_affinity_for_target,ion_channel,D00228,2170,Amoxapine,hsa:6530,P23975
missing_uniprot_affinity_for_target,ion_channel,D00252,2554,Carbamazepine,hsa:51802,Q9NY37
missing_uniprot_affinity_for_target,ion_channel,D00252,2554,Carbamazepine,hsa:55515,A0A8I5KPF5
missing_uniprot_affinity_for_target,ion_channel,D00252,2554,Carbamazepine,hsa:6328,Q9C007;Q9NY46
missing_uniprot_affinity_for_target,ion_channel,D00252,2554,Carbamazepine,hsa:6329,P35499
missing_uniprot_affinity_for_target,ion_channel,D00252,2554,Carbamazepine,hsa:6331,Q14524
missing_uniprot_affinity_for_target,ion_channel,D00252,2554,Carbamazepine,hsa:6336,Q9Y5Y9
missing_uniprot_affinity_for_target,ion_channel,D00252,2554,Carbamazepine,hsa:6339,P51172
missing_uniprot_affinity_for_target,ion_channel,D00252,2554,Carbamazepine,hsa:9311,Q9UHC3
missing_uniprot_affinity_for_target,ion_channel,D00283,135398737,Clozapine,hsa:285242,A5X5Y0
missing_uniprot_affinity_for_target,ion_channel,D00283,135398737,Clozapine,hsa:3359,B4E398;P46098
missing_uniprot_affinity_for_target,ion_channel,D00283,135398737,Clozapine,hsa:9177,O95264
missing_uniprot_affinity_for_target,ion_channel,D00293,3016,Diazepam,hsa:2555,P47869
missing_uniprot_affinity_for_target,ion_channel,D00293,3016,Diazepam,hsa:2556,P34903
missing_uniprot_affinity_for_target,ion_channel,D00293,3016,Diazepam,hsa:2559,Q16445
missing_uniprot_affinity_for_target,ion_channel,D00293,3016,Diazepam,hsa:2560,P18505;X5DNL6
missing_uniprot_affinity_for_target,ion_channel,D00293,3016,Diazepam,hsa:2564,P78334
missing_uniprot_affinity_for_target,ion_channel,D00293,3016,Diazepam,hsa:2567,Q99928
missing_uniprot_affinity_for_target,ion_channel,D00293,3016,Diazepam,hsa:2569,P24046
missing_uniprot_affinity_for_target,ion_channel,D00293,3016,Diazepam,hsa:2570,P28476
missing_uniprot_affinity_for_target,ion_channel,D00293,3016,Diazepam,hsa:55879,Q9UN88
missing_uniprot_affinity_for_target,ion_channel,D00294,3019,Diazoxide,hsa:169522,Q8TDN2
missing_uniprot_affinity_for_target,ion_channel,D00294,3019,Diazoxide,hsa:23630,Q9UJ90
missing_uniprot_affinity_for_target,ion_channel,D00294,3019,Diazoxide,hsa:23704,Q8WWG9
missing_uniprot_affinity_for_target,ion_channel,D00294,3019,Diazoxide,hsa:26251,Q9UJ96
missing_uniprot_affinity_for_target,ion_channel,D00294,3019,Diazoxide,hsa:27012,Q6PIU1
missing_uniprot_affinity_for_target,ion_channel,D00294,3019,Diazoxide,hsa:27094,Q9NPA1
missing_uniprot_affinity_for_target,ion_channel,D00294,3019,Diazoxide,hsa:27133,Q8NCM2
missing_uniprot_affinity_for_target,ion_channel,D00294,3019,Diazoxide,hsa:2892,P42263;Q17R51
missing_uniprot_affinity_for_target,ion_channel,D00294,3019,Diazoxide,hsa:2893,P48058;Q1WWK6
missing_uniprot_affinity_for_target,ion_channel,D00294,3019,Diazoxide,hsa:3736,Q09470
missing_uniprot_affinity_for_target,ion_channel,D00294,3019,Diazoxide,hsa:3737,P16389
missing_uniprot_affinity_for_target,ion_channel,D00294,3019,Diazoxide,hsa:3739,P22459
missing_uniprot_affinity_for_target,ion_channel,D00294,3019,Diazoxide,hsa:3741,P22460
missing_uniprot_affinity_for_target,ion_channel,D00294,3019,Diazoxide,hsa:3742,P17658
missing_uniprot_affinity_for_target,ion_channel,D00294,3019,Diazoxide,hsa:3743,Q96RP8
missing_uniprot_affinity_for_target,ion_channel,D00294,3019,Diazoxide,hsa:3744,Q16322
missing_uniprot_affinity_for_target,ion_channel,D00294,3019,Diazoxide,hsa:3747,Q96PR1
missing_uniprot_affinity_for_target,ion_channel,D00294,3019,Diazoxide,hsa:3748,Q14003
missing_uniprot_affinity_for_target,ion_channel,D00294,3019,Diazoxide,hsa:3750,Q9NSA2
missing_uniprot_affinity_for_target,ion_channel,D00294,3019,Diazoxide,hsa:3754,Q9H3M0
missing_uniprot_affinity_for_target,ion_channel,D00294,3019,Diazoxide,hsa:3755,Q86Y85;Q9UIX4
missing_uniprot_affinity_for_target,ion_channel,D00294,3019,Diazoxide,hsa:3758,A8K432;P48048
missing_uniprot_affinity_for_target,ion_channel,D00294,3019,Diazoxide,hsa:3760,P48549
missing_uniprot_affinity_for_target,ion_channel,D00294,3019,Diazoxide,hsa:3762,A0A5J6E2W8;P48544
missing_uniprot_affinity_for_target,ion_channel,D00294,3019,Diazoxide,hsa:3763,P48051
missing_uniprot_affinity_for_target,ion_channel,D00294,3019,Diazoxide,hsa:3764,Q15842
missing_uniprot_affinity_for_target,ion_channel,D00294,3019,Diazoxide,hsa:3766,P78508
missing_uniprot_affinity_for_target,ion_channel,D00294,3019,Diazoxide,hsa:3768,Q14500
missing_uniprot_affinity_for_target,ion_channel,D00294,3019,Diazoxide,hsa:3769,O60928
missing_uniprot_affinity_for_target,ion_channel,D00294,3019,Diazoxide,hsa:3772,Q99712
missing_uniprot_affinity_for_target,ion_channel,D00294,3019,Diazoxide,hsa:3773,Q9NPI9
missing_uniprot_affinity_for_target,ion_channel,D00294,3019,Diazoxide,hsa:3779,Q16558
missing_uniprot_affinity_for_target,ion_channel,D00294,3019,Diazoxide,hsa:3780,Q92952
missing_uniprot_affinity_for_target,ion_channel,D00294,3019,Diazoxide,hsa:3782,Q9UGI6
missing_uniprot_affinity_for_target,ion_channel,D00294,3019,Diazoxide,hsa:3787,A2RUL8;Q96KK3
missing_uniprot_affinity_for_target,ion_channel,D00294,3019,Diazoxide,hsa:3788,Q9ULS6
missing_uniprot_affinity_for_target,ion_channel,D00294,3019,Diazoxide,hsa:3790,Q9BQ31
missing_uniprot_affinity_for_target,ion_channel,D00294,3019,Diazoxide,hsa:56659,Q9HB14
missing_uniprot_affinity_for_target,ion_channel,D00294,3019,Diazoxide,hsa:57657,Q9P1Z3
missing_uniprot_affinity_for_target,ion_channel,D00294,3019,Diazoxide,hsa:60598,Q9H427
missing_uniprot_affinity_for_target,ion_channel,D00294,3019,Diazoxide,hsa:6833,Q09428
missing_uniprot_affinity_for_target,ion_channel,D00294,3019,Diazoxide,hsa:7881,Q14722
missing_uniprot_affinity_for_target,ion_channel,D00294,3019,Diazoxide,hsa:81033,B4DKC0;Q9H252
missing_uniprot_affinity_for_target,ion_channel,D00294,3019,Diazoxide,hsa:83795,Q96T55
missing_uniprot_affinity_for_target,ion_channel,D00294,3019,Diazoxide,hsa:8645,O95279
missing_uniprot_affinity_for_target,ion_channel,D00294,3019,Diazoxide,hsa:89822,Q96T54
missing_uniprot_affinity_for_target,ion_channel,D00294,3019,Diazoxide,hsa:90134,Q9NS40
missing_uniprot_affinity_for_target,ion_channel,D00294,3019,Diazoxide,hsa:93107,Q32MC1;Q547S7;Q8TDN1
missing_uniprot_affinity_for_target,ion_channel,D00294,3019,Diazoxide,hsa:9312,Q92953
missing_uniprot_affinity_for_target,ion_channel,D00294,3019,Diazoxide,hsa:9424,B2RDS2;Q9Y257
missing_uniprot_affinity_for_target,ion_channel,D00303,3114,Disopyramide,hsa:51802,Q9NY37
missing_uniprot_affinity_for_target,ion_channel,D00303,3114,Disopyramide,hsa:55515,A0A8I5KPF5
missing_uniprot_affinity_for_target,ion_channel,D00303,3114,Disopyramide,hsa:6328,Q9C007;Q9NY46
missing_uniprot_affinity_for_target,ion_channel,D00303,3114,Disopyramide,hsa:6329,P35499
missing_uniprot_affinity_for_target,ion_channel,D00303,3114,Disopyramide,hsa:6331,Q14524
missing_uniprot_affinity_for_target,ion_channel,D00303,3114,Disopyramide,hsa:6332,Q01118
missing_uniprot_affinity_for_target,ion_channel,D00303,3114,Disopyramide,hsa:6336,Q9Y5Y9
missing_uniprot_affinity_for_target,ion_channel,D00303,3114,Disopyramide,hsa:6339,P51172
missing_uniprot_affinity_for_target,ion_channel,D00303,3114,Disopyramide,hsa:9311,Q9UHC3
missing_uniprot_affinity_for_target,ion_channel,D00319,3333,Felodipine,hsa:775,Q13936
missing_uniprot_affinity_for_target,ion_channel,D00319,3333,Felodipine,hsa:778,O60840
missing_uniprot_affinity_for_target,ion_channel,D00326,3386,Fluoxetine,hsa:3763,P48051
missing_uniprot_affinity_for_target,ion_channel,D00326,3386,Fluoxetine,hsa:3780,Q92952
missing_uniprot_affinity_for_target,ion_channel,D00326,3386,Fluoxetine,hsa:3782,Q9UGI6
missing_uniprot_affinity_for_target,ion_channel,D00329,3393,Flurazepam,hsa:2555,P47869
missing_uniprot_affinity_for_target,ion_channel,D00329,3393,Flurazepam,hsa:2556,P34903
missing_uniprot_affinity_for_target,ion_channel,D00329,3393,Flurazepam,hsa:2559,Q16445
missing_uniprot_affinity_for_target,ion_channel,D00329,3393,Flurazepam,hsa:2560,P18505;X5DNL6
missing_uniprot_affinity_for_target,ion_channel,D00329,3393,Flurazepam,hsa:2564,P78334
missing_uniprot_affinity_for_target,ion_channel,D00329,3393,Flurazepam,hsa:2567,Q99928
missing_uniprot_affinity_for_target,ion_channel,D00329,3393,Flurazepam,hsa:2569,P24046
missing_uniprot_affinity_for_target,ion_channel,D00329,3393,Flurazepam,hsa:55879,Q9UN88
missing_uniprot_affinity_for_target,ion_channel,D00331,3440,Furosemide,hsa:2555,P47869
missing_uniprot_affinity_for_target,ion_channel,D00331,3440,Furosemide,hsa:2556,P34903
missing_uniprot_affinity_for_target,ion_channel,D00331,3440,Furosemide,hsa:2559,Q16445
missing_uniprot_affinity_for_target,ion_channel,D00332,3446,Gabapentin,hsa:10369,Q9Y698
missing_uniprot_affinity_for_target,ion_channel,D00332,3446,Gabapentin,hsa:116443,Q8TCU5
missing_uniprot_affinity_for_target,ion_channel,D00332,3446,Gabapentin,hsa:27092,Q9UBN1
missing_uniprot_affinity_for_target,ion_channel,D00332,3446,Gabapentin,hsa:3708,Q14643
missing_uniprot_affinity_for_target,ion_channel,D00332,3446,Gabapentin,hsa:3710,A6H8K3;Q14573;Q59ES2
missing_uniprot_affinity_for_target,ion_channel,D00332,3446,Gabapentin,hsa:51802,Q9NY37
missing_uniprot_affinity_for_target,ion_channel,D00332,3446,Gabapentin,hsa:55515,A0A8I5KPF5
missing_uniprot_affinity_for_target,ion_channel,D00332,3446,Gabapentin,hsa:55799,Q8IZS8
missing_uniprot_affinity_for_target,ion_channel,D00332,3446,Gabapentin,hsa:59284,P62955
missing_uniprot_affinity_for_target,ion_channel,D00332,3446,Gabapentin,hsa:6328,Q9C007;Q9NY46
missing_uniprot_affinity_for_target,ion_channel,D00332,3446,Gabapentin,hsa:6329,P35499
missing_uniprot_affinity_for_target,ion_channel,D00332,3446,Gabapentin,hsa:6331,Q14524
missing_uniprot_affinity_for_target,ion_channel,D00332,3446,Gabapentin,hsa:6336,Q9Y5Y9
missing_uniprot_affinity_for_target,ion_channel,D00332,3446,Gabapentin,hsa:6339,P51172
missing_uniprot_affinity_for_target,ion_channel,D00332,3446,Gabapentin,hsa:775,Q13936
missing_uniprot_affinity_for_target,ion_channel,D00332,3446,Gabapentin,hsa:778,O60840
missing_uniprot_affinity_for_target,ion_channel,D00332,3446,Gabapentin,hsa:783,Q08289
missing_uniprot_affinity_for_target,ion_channel,D00332,3446,Gabapentin,hsa:786,Q06432
missing_uniprot_affinity_for_target,ion_channel,D00332,3446,Gabapentin,hsa:8912,B3KQH9;O95180
missing_uniprot_affinity_for_target,ion_channel,D00332,3446,Gabapentin,hsa:9254,Q9NY47
missing_uniprot_affinity_for_target,ion_channel,D00332,3446,Gabapentin,hsa:9311,Q9UHC3
missing_uniprot_affinity_for_target,ion_channel,D00332,3446,Gabapentin,hsa:93589,Q7Z3S7
missing_uniprot_affinity_for_target,ion_channel,D00335,3478,Glipizide,hsa:3758,A8K432;P48048
missing_uniprot_affinity_for_target,ion_channel,D00336,3488,Glibenclamide,hsa:3758,A8K432;P48048
missing_uniprot_affinity_for_target,ion_channel,D00336,3488,Glibenclamide,hsa:6833,Q09428
missing_uniprot_affinity_for_target,ion_channel,D00349,3784,Isradipine,hsa:775,Q13936
missing_uniprot_affinity_for_target,ion_channel,D00349,3784,Isradipine,hsa:778,O60840
missing_uniprot_affinity_for_target,ion_channel,D00349,3784,Isradipine,hsa:783,Q08289
missing_uniprot_affinity_for_target,ion_channel,D00349,3784,Isradipine,hsa:786,Q06432
missing_uniprot_affinity_for_target,ion_channel,D00349,3784,Isradipine,hsa:8911,Q9P0X4
missing_uniprot_affinity_for_target,ion_channel,D00349,3784,Isradipine,hsa:8912,B3KQH9;O95180
missing_uniprot_affinity_for_target,ion_channel,D00349,3784,Isradipine,hsa:93589,Q7Z3S7
missing_uniprot_affinity_for_target,ion_channel,D00351,47576,Ketoconazole,hsa:3744,Q16322
missing_uniprot_affinity_for_target,ion_channel,D00354,3878,Lamotrigine,hsa:6323,P35498
missing_uniprot_affinity_for_target,ion_channel,D00354,3878,Lamotrigine,hsa:6326,Q99250
missing_uniprot_affinity_for_target,ion_channel,D00354,3878,Lamotrigine,hsa:6328,Q9C007;Q9NY46
missing_uniprot_affinity_for_target,ion_channel,D00354,3878,Lamotrigine,hsa:6329,P35499
missing_uniprot_affinity_for_target,ion_channel,D00354,3878,Lamotrigine,hsa:6331,Q14524
missing_uniprot_affinity_for_target,ion_channel,D00354,3878,Lamotrigine,hsa:6334,Q6B4S4;Q9UQD0
missing_uniprot_affinity_for_target,ion_channel,D00354,3878,Lamotrigine,hsa:6335,Q15858
missing_uniprot_affinity_for_target,ion_channel,D00358,3676,Lidocaine,hsa:6323,P35498
missing_uniprot_affinity_for_target,ion_channel,D00358,3676,Lidocaine,hsa:6326,Q99250
missing_uniprot_affinity_for_target,ion_channel,D00358,3676,Lidocaine,hsa:6328,Q9C007;Q9NY46
missing_uniprot_affinity_for_target,ion_channel,D00358,3676,Lidocaine,hsa:6329,P35499
missing_uniprot_affinity_for_target,ion_channel,D00358,3676,Lidocaine,hsa:6331,Q14524
missing_uniprot_affinity_for_target,ion_channel,D00358,3676,Lidocaine,hsa:6334,Q6B4S4;Q9UQD0
missing_uniprot_affinity_for_target,ion_channel,D00358,3676,Lidocaine,hsa:6335,Q15858
missing_uniprot_affinity_for_target,ion_channel,D00358,3676,Lidocaine,hsa:6336,Q9Y5Y9
missing_uniprot_affinity_for_target,ion_channel,D00358,3676,Lidocaine,hsa:8645,O95279
missing_uniprot_affinity_for_target,ion_channel,D00364,3957,Loratadine,hsa:3741,P22460
missing_uniprot_affinity_for_target,ion_channel,D00367,4020,Mazindol,hsa:6530,P23975
missing_uniprot_affinity_for_target,ion_channel,D00367,4020,Mazindol,hsa:6531,Q01959
missing_uniprot_affinity_for_target,ion_channel,D00373,5452,Thioridazine,hsa:3763,P48051
missing_uniprot_affinity_for_target,ion_channel,D00379,5503,Tolazamide,hsa:3758,A8K432;P48048
missing_uniprot_affinity_for_target,ion_channel,D00380,5505,Tolbutamide,hsa:3758,A8K432;P48048
missing_uniprot_affinity_for_target,ion_channel,D00380,5505,Tolbutamide,hsa:6833,Q09428
missing_uniprot_affinity_for_target,ion_channel,D00394,5584,Trimipramine,hsa:6530,P23975
missing_uniprot_affinity_for_target,ion_channel,D00418,4201,Minoxidil,hsa:3758,A8K432;P48048
missing_uniprot_affinity_for_target,ion_channel,D00437,4485,Nifedipine,hsa:10369,Q9Y698
missing_uniprot_affinity_for_target,ion_channel,D00437,4485,Nifedipine,hsa:27092,Q9UBN1
missing_uniprot_affinity_for_target,ion_channel,D00437,4485,Nifedipine,hsa:3708,Q14643
missing_uniprot_affinity_for_target,ion_channel,D00437,4485,Nifedipine,hsa:3710,A6H8K3;Q14573;Q59ES2
missing_uniprot_affinity_for_target,ion_channel,D00437,4485,Nifedipine,hsa:55799,Q8IZS8
missing_uniprot_affinity_for_target,ion_channel,D00437,4485,Nifedipine,hsa:59284,P62955
missing_uniprot_affinity_for_target,ion_channel,D00437,4485,Nifedipine,hsa:774,Q00975
missing_uniprot_affinity_for_target,ion_channel,D00437,4485,Nifedipine,hsa:775,Q13936
missing_uniprot_affinity_for_target,ion_channel,D00437,4485,Nifedipine,hsa:778,O60840
missing_uniprot_affinity_for_target,ion_channel,D00437,4485,Nifedipine,hsa:783,Q08289
missing_uniprot_affinity_for_target,ion_channel,D00437,4485,Nifedipine,hsa:786,Q06432
missing_uniprot_affinity_for_target,ion_channel,D00437,4485,Nifedipine,hsa:8911,Q9P0X4
missing_uniprot_affinity_for_target,ion_channel,D00437,4485,Nifedipine,hsa:8912,B3KQH9;O95180
missing_uniprot_affinity_for_target,ion_channel,D00437,4485,Nifedipine,hsa:9254,Q9NY47
missing_uniprot_affinity_for_target,ion_channel,D00437,4485,Nifedipine,hsa:93589,Q7Z3S7
missing_uniprot_affinity_for_target,ion_channel,D00438,4497,Nimodipine,hsa:775,Q13936
missing_uniprot_affinity_for_target,ion_channel,D00438,4497,Nimodipine,hsa:778,O60840
missing_uniprot_affinity_for_target,ion_channel,D00438,4497,Nimodipine,hsa:783,Q08289
missing_uniprot_affinity_for_target,ion_channel,D00438,4497,Nimodipine,hsa:786,Q06432
missing_uniprot_affinity_for_target,ion_channel,D00438,4497,Nimodipine,hsa:93589,Q7Z3S7
missing_uniprot_affinity_for_target,ion_channel,D00451,5358,Sumatriptan,hsa:285242,A5X5Y0
missing_uniprot_affinity_for_target,ion_channel,D00451,5358,Sumatriptan,hsa:3359,B4E398;P46098
missing_uniprot_affinity_for_target,ion_channel,D00451,5358,Sumatriptan,hsa:9177,O95264
missing_uniprot_affinity_for_target,ion_channel,D00456,4595,Ondansetron,hsa:3359,B4E398;P46098
missing_uniprot_affinity_for_target,ion_channel,D00477,66068,Procainamide Hydrochloride,hsa:6323,P35498
missing_uniprot_affinity_for_target,ion_channel,D00477,66068,Procainamide Hydrochloride,hsa:6326,Q99250
missing_uniprot_affinity_for_target,ion_channel,D00477,66068,Procainamide Hydrochloride,hsa:6328,Q9C007;Q9NY46
missing_uniprot_affinity_for_target,ion_channel,D00477,66068,Procainamide Hydrochloride,hsa:6329,P35499
missing_uniprot_affinity_for_target,ion_channel,D00477,66068,Procainamide Hydrochloride,hsa:6331,Q14524
missing_uniprot_affinity_for_target,ion_channel,D00477,66068,Procainamide Hydrochloride,hsa:6334,Q6B4S4;Q9UQD0
missing_uniprot_affinity_for_target,ion_channel,D00477,66068,Procainamide Hydrochloride,hsa:6335,Q15858
missing_uniprot_affinity_for_target,ion_channel,D00480,6014,Promethazine Hydrochloride,hsa:3782,Q9UGI6
missing_uniprot_affinity_for_target,ion_channel,D00499,4737,Pentobarbital,hsa:1145,Q04844
missing_uniprot_affinity_for_target,ion_channel,D00499,4737,Pentobarbital,hsa:2555,P47869
missing_uniprot_affinity_for_target,ion_channel,D00499,4737,Pentobarbital,hsa:2556,P34903
missing_uniprot_affinity_for_target,ion_channel,D00499,4737,Pentobarbital,hsa:2559,Q16445
missing_uniprot_affinity_for_target,ion_channel,D00499,4737,Pentobarbital,hsa:2560,P18505;X5DNL6
missing_uniprot_affinity_for_target,ion_channel,D00499,4737,Pentobarbital,hsa:2564,P78334
missing_uniprot_affinity_for_target,ion_channel,D00499,4737,Pentobarbital,hsa:2567,Q99928
missing_uniprot_affinity_for_target,ion_channel,D00499,4737,Pentobarbital,hsa:2569,P24046
missing_uniprot_affinity_for_target,ion_channel,D00499,4737,Pentobarbital,hsa:55879,Q9UN88
missing_uniprot_affinity_for_target,ion_channel,D00499,4737,Pentobarbital,hsa:57053,Q9GZZ6
missing_uniprot_affinity_for_target,ion_channel,D00499,4737,Pentobarbital,hsa:8973,Q15825
missing_uniprot_affinity_for_target,ion_channel,D00504,4753,Phenacemide,hsa:6323,P35498
missing_uniprot_affinity_for_target,ion_channel,D00512,1775,Phenytoin,hsa:10369,Q9Y698
missing_uniprot_affinity_for_target,ion_channel,D00512,1775,Phenytoin,hsa:27092,Q9UBN1
missing_uniprot_affinity_for_target,ion_channel,D00512,1775,Phenytoin,hsa:3708,Q14643
missing_uniprot_affinity_for_target,ion_channel,D00512,1775,Phenytoin,hsa:3710,A6H8K3;Q14573;Q59ES2
missing_uniprot_affinity_for_target,ion_channel,D00512,1775,Phenytoin,hsa:51802,Q9NY37
missing_uniprot_affinity_for_target,ion_channel,D00512,1775,Phenytoin,hsa:55515,A0A8I5KPF5
missing_uniprot_affinity_for_target,ion_channel,D00512,1775,Phenytoin,hsa:55799,Q8IZS8
missing_uniprot_affinity_for_target,ion_channel,D00512,1775,Phenytoin,hsa:59284,P62955
missing_uniprot_affinity_for_target,ion_channel,D00512,1775,Phenytoin,hsa:6339,P51172
missing_uniprot_affinity_for_target,ion_channel,D00512,1775,Phenytoin,hsa:775,Q13936
missing_uniprot_affinity_for_target,ion_channel,D00512,1775,Phenytoin,hsa:778,O60840
missing_uniprot_affinity_for_target,ion_channel,D00512,1775,Phenytoin,hsa:783,Q08289
missing_uniprot_affinity_for_target,ion_channel,D00512,1775,Phenytoin,hsa:786,Q06432
missing_uniprot_affinity_for_target,ion_channel,D00512,1775,Phenytoin,hsa:8912,B3KQH9;O95180
missing_uniprot_affinity_for_target,ion_channel,D00512,1775,Phenytoin,hsa:9254,Q9NY47
missing_uniprot_affinity_for_target,ion_channel,D00512,1775,Phenytoin,hsa:9311,Q9UHC3
missing_uniprot_affinity_for_target,ion_channel,D00512,1775,Phenytoin,hsa:93589,Q7Z3S7
missing_uniprot_affinity_for_target,ion_channel,D00513,4828,Pindolol,hsa:285242,A5X5Y0
missing_uniprot_affinity_for_target,ion_channel,D00513,4828,Pindolol,hsa:3359,B4E398;P46098
missing_uniprot_affinity_for_target,ion_channel,D00513,4828,Pindolol,hsa:9177,O95264
missing_uniprot_affinity_for_target,ion_channel,D00524,5831,Carbachol,hsa:1145,Q04844
missing_uniprot_affinity_for_target,ion_channel,D00524,5831,Carbachol,hsa:57053,Q9GZZ6
missing_uniprot_affinity_for_target,ion_channel,D00524,5831,Carbachol,hsa:8973,Q15825
missing_uniprot_affinity_for_target,ion_channel,D00528,2519,Caffeine,hsa:22953,A0ACM8Q8Y1;Q32MC3;Q9UBL9
missing_uniprot_affinity_for_target,ion_channel,D00528,2519,Caffeine,hsa:5023,P51575
missing_uniprot_affinity_for_target,ion_channel,D00528,2519,Caffeine,hsa:5025,Q99571
missing_uniprot_affinity_for_target,ion_channel,D00528,2519,Caffeine,hsa:5026,Q93086
missing_uniprot_affinity_for_target,ion_channel,D00528,2519,Caffeine,hsa:5027,Q99572
missing_uniprot_affinity_for_target,ion_channel,D00528,2519,Caffeine,hsa:9127,O15547
missing_uniprot_affinity_for_target,ion_channel,D00530,5719,Zaleplon,hsa:2555,P47869
missing_uniprot_affinity_for_target,ion_channel,D00530,5719,Zaleplon,hsa:2556,P34903
missing_uniprot_affinity_for_target,ion_channel,D00530,5719,Zaleplon,hsa:2559,Q16445
missing_uniprot_affinity_for_target,ion_channel,D00530,5719,Zaleplon,hsa:2560,P18505;X5DNL6
missing_uniprot_affinity_for_target,ion_channel,D00530,5719,Zaleplon,hsa:2564,P78334
missing_uniprot_affinity_for_target,ion_channel,D00530,5719,Zaleplon,hsa:2567,Q99928
missing_uniprot_affinity_for_target,ion_channel,D00530,5719,Zaleplon,hsa:2569,P24046
missing_uniprot_affinity_for_target,ion_channel,D00530,5719,Zaleplon,hsa:2570,P28476
missing_uniprot_affinity_for_target,ion_channel,D00530,5719,Zaleplon,hsa:55879,Q9UN88
missing_uniprot_affinity_for_target,ion_channel,D00533,34312,Oxcarbazepine,hsa:6331,Q14524
missing_uniprot_affinity_for_target,ion_channel,D00536,3331,Felbamate,hsa:116443,Q8TCU5
missing_uniprot_affinity_for_target,ion_channel,D00537,5284627,Topiramate,hsa:6323,P35498
missing_uniprot_affinity_for_target,ion_channel,D00538,5734,Zonisamide,hsa:51802,Q9NY37
missing_uniprot_affinity_for_target,ion_channel,D00538,5734,Zonisamide,hsa:55515,A0A8I5KPF5
missing_uniprot_affinity_for_target,ion_channel,D00538,5734,Zonisamide,hsa:6323,P35498
missing_uniprot_affinity_for_target,ion_channel,D00538,5734,Zonisamide,hsa:6328,Q9C007;Q9NY46
missing_uniprot_affinity_for_target,ion_channel,D00538,5734,Zonisamide,hsa:6329,P35499
missing_uniprot_affinity_for_target,ion_channel,D00538,5734,Zonisamide,hsa:6332,Q01118
missing_uniprot_affinity_for_target,ion_channel,D00538,5734,Zonisamide,hsa:6336,Q9Y5Y9
missing_uniprot_affinity_for_target,ion_channel,D00538,5734,Zonisamide,hsa:6339,P51172
missing_uniprot_affinity_for_target,ion_channel,D00538,5734,Zonisamide,hsa:8911,Q9P0X4
missing_uniprot_affinity_for_target,ion_channel,D00538,5734,Zonisamide,hsa:8912,B3KQH9;O95180
missing_uniprot_affinity_for_target,ion_channel,D00538,5734,Zonisamide,hsa:8913,O43497
missing_uniprot_affinity_for_target,ion_channel,D00538,5734,Zonisamide,hsa:9311,Q9UHC3
missing_uniprot_affinity_for_target,ion_channel,D00539,3291,Ethosuximide,hsa:8912,B3KQH9;O95180
missing_uniprot_affinity_for_target,ion_channel,D00542,3562,Halothane,hsa:27092,Q9UBN1
missing_uniprot_affinity_for_target,ion_channel,D00542,3562,Halothane,hsa:3708,Q14643
missing_uniprot_affinity_for_target,ion_channel,D00542,3562,Halothane,hsa:3710,A6H8K3;Q14573;Q59ES2
missing_uniprot_affinity_for_target,ion_channel,D00542,3562,Halothane,hsa:55799,Q8IZS8
missing_uniprot_affinity_for_target,ion_channel,D00542,3562,Halothane,hsa:56659,Q9HB14
missing_uniprot_affinity_for_target,ion_channel,D00542,3562,Halothane,hsa:56660,Q9HB15
missing_uniprot_affinity_for_target,ion_channel,D00542,3562,Halothane,hsa:59284,P62955
missing_uniprot_affinity_for_target,ion_channel,D00542,3562,Halothane,hsa:775,Q13936
missing_uniprot_affinity_for_target,ion_channel,D00542,3562,Halothane,hsa:778,O60840
missing_uniprot_affinity_for_target,ion_channel,D00542,3562,Halothane,hsa:783,Q08289
missing_uniprot_affinity_for_target,ion_channel,D00542,3562,Halothane,hsa:786,Q06432
missing_uniprot_affinity_for_target,ion_channel,D00542,3562,Halothane,hsa:8912,B3KQH9;O95180
missing_uniprot_affinity_for_target,ion_channel,D00542,3562,Halothane,hsa:9254,Q9NY47
missing_uniprot_affinity_for_target,ion_channel,D00542,3562,Halothane,hsa:93589,Q7Z3S7
missing_uniprot_affinity_for_target,ion_channel,D00543,3226,Enflurane,hsa:3736,Q09470
missing_uniprot_affinity_for_target,ion_channel,D00544,4116,Methoxyflurane,hsa:3736,Q09470
missing_uniprot_affinity_for_target,ion_channel,D00545,3763,Isoflurane,hsa:2555,P47869
missing_uniprot_affinity_for_target,ion_channel,D00545,3763,Isoflurane,hsa:2556,P34903
missing_uniprot_affinity_for_target,ion_channel,D00545,3763,Isoflurane,hsa:2559,Q16445
missing_uniprot_affinity_for_target,ion_channel,D00545,3763,Isoflurane,hsa:2560,P18505;X5DNL6
missing_uniprot_affinity_for_target,ion_channel,D00545,3763,Isoflurane,hsa:2564,P78334
missing_uniprot_affinity_for_target,ion_channel,D00545,3763,Isoflurane,hsa:2567,Q99928
missing_uniprot_affinity_for_target,ion_channel,D00545,3763,Isoflurane,hsa:2569,P24046
missing_uniprot_affinity_for_target,ion_channel,D00545,3763,Isoflurane,hsa:3736,Q09470
missing_uniprot_affinity_for_target,ion_channel,D00545,3763,Isoflurane,hsa:55879,Q9UN88
missing_uniprot_affinity_for_target,ion_channel,D00546,42113,Desflurane,hsa:3736,Q09470
missing_uniprot_affinity_for_target,ion_channel,D00547,5206,Sevoflurane,hsa:2555,P47869
missing_uniprot_affinity_for_target,ion_channel,D00547,5206,Sevoflurane,hsa:2556,P34903
missing_uniprot_affinity_for_target,ion_channel,D00547,5206,Sevoflurane,hsa:2559,Q16445
missing_uniprot_affinity_for_target,ion_channel,D00547,5206,Sevoflurane,hsa:2560,P18505;X5DNL6
missing_uniprot_affinity_for_target,ion_channel,D00547,5206,Sevoflurane,hsa:2564,P78334
missing_uniprot_affinity_for_target,ion_channel,D00547,5206,Sevoflurane,hsa:2567,Q99928
missing_uniprot_affinity_for_target,ion_channel,D00547,5206,Sevoflurane,hsa:2569,P24046
missing_uniprot_affinity_for_target,ion_channel,D00547,5206,Sevoflurane,hsa:3736,Q09470
missing_uniprot_affinity_for_target,ion_channel,D00547,5206,Sevoflurane,hsa:55879,Q9UN88
missing_uniprot_affinity_for_target,ion_channel,D00548,667484,Etomidate,hsa:2555,P47869
missing_uniprot_affinity_for_target,ion_channel,D00548,667484,Etomidate,hsa:2556,P34903
missing_uniprot_affinity_for_target,ion_channel,D00548,667484,Etomidate,hsa:2559,Q16445
missing_uniprot_affinity_for_target,ion_channel,D00548,667484,Etomidate,hsa:2560,P18505;X5DNL6
missing_uniprot_affinity_for_target,ion_channel,D00548,667484,Etomidate,hsa:2564,P78334
missing_uniprot_affinity_for_target,ion_channel,D00548,667484,Etomidate,hsa:2567,Q99928
missing_uniprot_affinity_for_target,ion_channel,D00548,667484,Etomidate,hsa:2569,P24046
missing_uniprot_affinity_for_target,ion_channel,D00548,667484,Etomidate,hsa:55879,Q9UN88
missing_uniprot_affinity_for_target,ion_channel,D00549,4943,Propofol,hsa:2555,P47869
missing_uniprot_affinity_for_target,ion_channel,D00549,4943,Propofol,hsa:2556,P34903
missing_uniprot_affinity_for_target,ion_channel,D00549,4943,Propofol,hsa:2559,Q16445
missing_uniprot_affinity_for_target,ion_channel,D00549,4943,Propofol,hsa:2560,P18505;X5DNL6
missing_uniprot_affinity_for_target,ion_channel,D00549,4943,Propofol,hsa:2564,P78334
missing_uniprot_affinity_for_target,ion_channel,D00549,4943,Propofol,hsa:2567,Q99928
missing_uniprot_affinity_for_target,ion_channel,D00549,4943,Propofol,hsa:2569,P24046
missing_uniprot_affinity_for_target,ion_channel,D00549,4943,Propofol,hsa:2570,P28476
missing_uniprot_affinity_for_target,ion_channel,D00549,4943,Propofol,hsa:55879,Q9UN88
missing_uniprot_affinity_for_target,ion_channel,D00550,4192,Midazolam,hsa:2555,P47869
missing_uniprot_affinity_for_target,ion_channel,D00550,4192,Midazolam,hsa:2556,P34903
missing_uniprot_affinity_for_target,ion_channel,D00550,4192,Midazolam,hsa:2559,Q16445
missing_uniprot_affinity_for_target,ion_channel,D00550,4192,Midazolam,hsa:2560,P18505;X5DNL6
missing_uniprot_affinity_for_target,ion_channel,D00550,4192,Midazolam,hsa:2564,P78334
missing_uniprot_affinity_for_target,ion_channel,D00550,4192,Midazolam,hsa:2567,Q99928
missing_uniprot_affinity_for_target,ion_channel,D00550,4192,Midazolam,hsa:2569,P24046
missing_uniprot_affinity_for_target,ion_channel,D00550,4192,Midazolam,hsa:55879,Q9UN88
missing_uniprot_affinity_for_target,ion_channel,D00552,2337,Benzocaine,hsa:51802,Q9NY37
missing_uniprot_affinity_for_target,ion_channel,D00552,2337,Benzocaine,hsa:55515,A0A8I5KPF5
missing_uniprot_affinity_for_target,ion_channel,D00552,2337,Benzocaine,hsa:6339,P51172
missing_uniprot_affinity_for_target,ion_channel,D00552,2337,Benzocaine,hsa:9311,Q9UHC3
missing_uniprot_affinity_for_target,ion_channel,D00560,16362,Pimozide,hsa:10369,Q9Y698
missing_uniprot_affinity_for_target,ion_channel,D00560,16362,Pimozide,hsa:27092,Q9UBN1
missing_uniprot_affinity_for_target,ion_channel,D00560,16362,Pimozide,hsa:3708,Q14643
missing_uniprot_affinity_for_target,ion_channel,D00560,16362,Pimozide,hsa:3710,A6H8K3;Q14573;Q59ES2
missing_uniprot_affinity_for_target,ion_channel,D00560,16362,Pimozide,hsa:55799,Q8IZS8
missing_uniprot_affinity_for_target,ion_channel,D00560,16362,Pimozide,hsa:59284,P62955
missing_uniprot_affinity_for_target,ion_channel,D00560,16362,Pimozide,hsa:774,Q00975
missing_uniprot_affinity_for_target,ion_channel,D00560,16362,Pimozide,hsa:775,Q13936
missing_uniprot_affinity_for_target,ion_channel,D00560,16362,Pimozide,hsa:776,Q01668;Q59GD8
missing_uniprot_affinity_for_target,ion_channel,D00560,16362,Pimozide,hsa:777,Q15878;Q59FG1
missing_uniprot_affinity_for_target,ion_channel,D00560,16362,Pimozide,hsa:778,O60840
missing_uniprot_affinity_for_target,ion_channel,D00560,16362,Pimozide,hsa:783,Q08289
missing_uniprot_affinity_for_target,ion_channel,D00560,16362,Pimozide,hsa:786,Q06432
missing_uniprot_affinity_for_target,ion_channel,D00560,16362,Pimozide,hsa:8911,Q9P0X4
missing_uniprot_affinity_for_target,ion_channel,D00560,16362,Pimozide,hsa:8912,B3KQH9;O95180
missing_uniprot_affinity_for_target,ion_channel,D00560,16362,Pimozide,hsa:8913,O43497
missing_uniprot_affinity_for_target,ion_channel,D00560,16362,Pimozide,hsa:9254,Q9NY47
missing_uniprot_affinity_for_target,ion_channel,D00560,16362,Pimozide,hsa:93589,Q7Z3S7
missing_uniprot_affinity_for_target,ion_channel,D00563,4205,Mirtazapine,hsa:3359,B4E398;P46098
missing_uniprot_affinity_for_target,ion_channel,D00593,3476,"1H-Pyrrole-1-carboxamide, 3-ethyl-2,5-dihydro-4-methyl-N-2-4-(trans-4-methylcyclohexyl)aminocarbonylaminosulfonylphenylethyl-2-oxo-",hsa:3758,A8K432;P48048
missing_uniprot_affinity_for_target,ion_channel,D00594,65981,Repaglinide,hsa:3758,A8K432;P48048
missing_ligand_affinity_file,ion_channel,D00607,68552,Guanadrel Sulfate,hsa:6530,P23975
missing_uniprot_affinity_for_target,ion_channel,D00611,13221,Mecamylamine Hydrochloride,hsa:1134,P02708;Q53SH4
missing_uniprot_affinity_for_target,ion_channel,D00611,13221,Mecamylamine Hydrochloride,hsa:1138,P30532;Q6EWN4
missing_uniprot_affinity_for_target,ion_channel,D00611,13221,Mecamylamine Hydrochloride,hsa:57053,Q9GZZ6
missing_uniprot_affinity_for_target,ion_channel,D00611,13221,Mecamylamine Hydrochloride,hsa:8973,Q15825
missing_ligand_affinity_file,ion_channel,D00615,60496,Amlodipine Besylate,hsa:773,O00555
missing_ligand_affinity_file,ion_channel,D00615,60496,Amlodipine Besylate,hsa:775,Q13936
missing_ligand_affinity_file,ion_channel,D00615,60496,Amlodipine Besylate,hsa:776,Q01668;Q59GD8
missing_ligand_affinity_file,ion_channel,D00615,60496,Amlodipine Besylate,hsa:778,O60840
missing_ligand_affinity_file,ion_channel,D00615,60496,Amlodipine Besylate,hsa:779,Q13698
missing_ligand_affinity_file,ion_channel,D00616,62920,Diltiazem Hydrochloride,hsa:3736,Q09470
missing_ligand_affinity_file,ion_channel,D00616,62920,Diltiazem Hydrochloride,hsa:3737,P16389
missing_ligand_affinity_file,ion_channel,D00616,62920,Diltiazem Hydrochloride,hsa:3738,P22001
missing_ligand_affinity_file,ion_channel,D00616,62920,Diltiazem Hydrochloride,hsa:3741,P22460
missing_ligand_affinity_file,ion_channel,D00616,62920,Diltiazem Hydrochloride,hsa:3746,P48547
missing_ligand_affinity_file,ion_channel,D00616,62920,Diltiazem Hydrochloride,hsa:775,Q13936
missing_ligand_affinity_file,ion_channel,D00616,62920,Diltiazem Hydrochloride,hsa:778,O60840
missing_ligand_affinity_file,ion_channel,D00616,62920,Diltiazem Hydrochloride,hsa:779,Q13698
missing_ligand_affinity_file,ion_channel,D00617,41114,Nicardipine Hydrochloride,hsa:3739,P22459
missing_ligand_affinity_file,ion_channel,D00617,41114,Nicardipine Hydrochloride,hsa:773,O00555
missing_ligand_affinity_file,ion_channel,D00617,41114,Nicardipine Hydrochloride,hsa:775,Q13936
missing_ligand_affinity_file,ion_channel,D00617,41114,Nicardipine Hydrochloride,hsa:776,Q01668;Q59GD8
missing_ligand_affinity_file,ion_channel,D00617,41114,Nicardipine Hydrochloride,hsa:778,O60840
missing_ligand_affinity_file,ion_channel,D00617,41114,Nicardipine Hydrochloride,hsa:779,Q13698
missing_uniprot_affinity_for_target,ion_channel,D00618,4499,Nisoldipine,hsa:10369,Q9Y698
missing_uniprot_affinity_for_target,ion_channel,D00618,4499,Nisoldipine,hsa:27092,Q9UBN1
missing_uniprot_affinity_for_target,ion_channel,D00618,4499,Nisoldipine,hsa:3708,Q14643
missing_uniprot_affinity_for_target,ion_channel,D00618,4499,Nisoldipine,hsa:3710,A6H8K3;Q14573;Q59ES2
missing_uniprot_affinity_for_target,ion_channel,D00618,4499,Nisoldipine,hsa:55799,Q8IZS8
missing_uniprot_affinity_for_target,ion_channel,D00618,4499,Nisoldipine,hsa:59284,P62955
missing_uniprot_affinity_for_target,ion_channel,D00618,4499,Nisoldipine,hsa:774,Q00975
missing_uniprot_affinity_for_target,ion_channel,D00618,4499,Nisoldipine,hsa:775,Q13936
missing_uniprot_affinity_for_target,ion_channel,D00618,4499,Nisoldipine,hsa:778,O60840
missing_uniprot_affinity_for_target,ion_channel,D00618,4499,Nisoldipine,hsa:783,Q08289
missing_uniprot_affinity_for_target,ion_channel,D00618,4499,Nisoldipine,hsa:786,Q06432
missing_uniprot_affinity_for_target,ion_channel,D00618,4499,Nisoldipine,hsa:8911,Q9P0X4
missing_uniprot_affinity_for_target,ion_channel,D00618,4499,Nisoldipine,hsa:8912,B3KQH9;O95180
missing_uniprot_affinity_for_target,ion_channel,D00618,4499,Nisoldipine,hsa:9254,Q9NY47
missing_uniprot_affinity_for_target,ion_channel,D00618,4499,Nisoldipine,hsa:93589,Q7Z3S7
missing_uniprot_affinity_for_target,ion_channel,D00619,62969,Verapamil Hydrochloride,hsa:3743,Q96RP8
missing_uniprot_affinity_for_target,ion_channel,D00619,62969,Verapamil Hydrochloride,hsa:3744,Q16322
missing_uniprot_affinity_for_target,ion_channel,D00619,62969,Verapamil Hydrochloride,hsa:3747,Q96PR1
missing_uniprot_affinity_for_target,ion_channel,D00619,62969,Verapamil Hydrochloride,hsa:3763,P48051
missing_uniprot_affinity_for_target,ion_channel,D00619,62969,Verapamil Hydrochloride,hsa:775,Q13936
missing_uniprot_affinity_for_target,ion_channel,D00629,4507,Nitrendipine,hsa:10369,Q9Y698
missing_uniprot_affinity_for_target,ion_channel,D00629,4507,Nitrendipine,hsa:27092,Q9UBN1
missing_uniprot_affinity_for_target,ion_channel,D00629,4507,Nitrendipine,hsa:3708,Q14643
missing_uniprot_affinity_for_target,ion_channel,D00629,4507,Nitrendipine,hsa:3710,A6H8K3;Q14573;Q59ES2
missing_uniprot_affinity_for_target,ion_channel,D00629,4507,Nitrendipine,hsa:55799,Q8IZS8
missing_uniprot_affinity_for_target,ion_channel,D00629,4507,Nitrendipine,hsa:59284,P62955
missing_uniprot_affinity_for_target,ion_channel,D00629,4507,Nitrendipine,hsa:774,Q00975
missing_uniprot_affinity_for_target,ion_channel,D00629,4507,Nitrendipine,hsa:775,Q13936
missing_uniprot_affinity_for_target,ion_channel,D00629,4507,Nitrendipine,hsa:778,O60840
missing_uniprot_affinity_for_target,ion_channel,D00629,4507,Nitrendipine,hsa:783,Q08289
missing_uniprot_affinity_for_target,ion_channel,D00629,4507,Nitrendipine,hsa:786,Q06432
missing_uniprot_affinity_for_target,ion_channel,D00629,4507,Nitrendipine,hsa:8911,Q9P0X4
missing_uniprot_affinity_for_target,ion_channel,D00629,4507,Nitrendipine,hsa:8912,B3KQH9;O95180
missing_uniprot_affinity_for_target,ion_channel,D00629,4507,Nitrendipine,hsa:9254,Q9NY47
missing_uniprot_affinity_for_target,ion_channel,D00629,4507,Nitrendipine,hsa:93589,Q7Z3S7
missing_uniprot_affinity_for_target,ion_channel,D00636,441325,Amiodarone Hydrochloride,hsa:3743,Q96RP8
missing_uniprot_affinity_for_target,ion_channel,D00638,41022,Flecainide Acetate,hsa:3736,Q09470
missing_uniprot_affinity_for_target,ion_channel,D00638,41022,Flecainide Acetate,hsa:3737,P16389
missing_uniprot_affinity_for_target,ion_channel,D00638,41022,Flecainide Acetate,hsa:3741,P22460
missing_uniprot_affinity_for_target,ion_channel,D00638,41022,Flecainide Acetate,hsa:3743,Q96RP8
missing_uniprot_affinity_for_target,ion_channel,D00638,41022,Flecainide Acetate,hsa:6323,P35498
missing_uniprot_affinity_for_target,ion_channel,D00638,41022,Flecainide Acetate,hsa:6326,Q99250
missing_uniprot_affinity_for_target,ion_channel,D00638,41022,Flecainide Acetate,hsa:6328,Q9C007;Q9NY46
missing_uniprot_affinity_for_target,ion_channel,D00638,41022,Flecainide Acetate,hsa:6329,P35499
missing_uniprot_affinity_for_target,ion_channel,D00638,41022,Flecainide Acetate,hsa:6331,Q14524
missing_uniprot_affinity_for_target,ion_channel,D00638,41022,Flecainide Acetate,hsa:6334,Q6B4S4;Q9UQD0
missing_uniprot_affinity_for_target,ion_channel,D00638,41022,Flecainide Acetate,hsa:6335,Q15858
missing_uniprot_affinity_for_target,ion_channel,D00639,21467,Mexiletine Hydrochloride,hsa:6323,P35498
missing_uniprot_affinity_for_target,ion_channel,D00639,21467,Mexiletine Hydrochloride,hsa:6326,Q99250
missing_uniprot_affinity_for_target,ion_channel,D00639,21467,Mexiletine Hydrochloride,hsa:6334,Q6B4S4;Q9UQD0
missing_uniprot_affinity_for_target,ion_channel,D00639,21467,Mexiletine Hydrochloride,hsa:6335,Q15858
missing_uniprot_affinity_for_target,ion_channel,D00640,36708,Propafenone Hydrochloride,hsa:3741,P22460
missing_uniprot_affinity_for_target,ion_channel,D00640,36708,Propafenone Hydrochloride,hsa:6323,P35498
missing_uniprot_affinity_for_target,ion_channel,D00640,36708,Propafenone Hydrochloride,hsa:6326,Q99250
missing_uniprot_affinity_for_target,ion_channel,D00640,36708,Propafenone Hydrochloride,hsa:6328,Q9C007;Q9NY46
missing_uniprot_affinity_for_target,ion_channel,D00640,36708,Propafenone Hydrochloride,hsa:6329,P35499
missing_uniprot_affinity_for_target,ion_channel,D00640,36708,Propafenone Hydrochloride,hsa:6331,Q14524
missing_uniprot_affinity_for_target,ion_channel,D00640,36708,Propafenone Hydrochloride,hsa:6334,Q6B4S4;Q9UQD0
missing_uniprot_affinity_for_target,ion_channel,D00640,36708,Propafenone Hydrochloride,hsa:6335,Q15858
missing_uniprot_affinity_for_target,ion_channel,D00640,36708,Propafenone Hydrochloride,hsa:8645,O95279
missing_uniprot_affinity_for_target,ion_channel,D00642,64642,Quinaglute (TN),hsa:27133,Q8NCM2
missing_uniprot_affinity_for_target,ion_channel,D00642,64642,Quinaglute (TN),hsa:3739,P22459
missing_uniprot_affinity_for_target,ion_channel,D00642,64642,Quinaglute (TN),hsa:3741,P22460
missing_uniprot_affinity_for_target,ion_channel,D00642,64642,Quinaglute (TN),hsa:3743,Q96RP8
missing_uniprot_affinity_for_target,ion_channel,D00642,64642,Quinaglute (TN),hsa:6323,P35498
missing_uniprot_affinity_for_target,ion_channel,D00642,64642,Quinaglute (TN),hsa:6326,Q99250
missing_uniprot_affinity_for_target,ion_channel,D00642,64642,Quinaglute (TN),hsa:6328,Q9C007;Q9NY46
missing_uniprot_affinity_for_target,ion_channel,D00642,64642,Quinaglute (TN),hsa:6329,P35499
missing_uniprot_affinity_for_target,ion_channel,D00642,64642,Quinaglute (TN),hsa:6331,Q14524
missing_uniprot_affinity_for_target,ion_channel,D00642,64642,Quinaglute (TN),hsa:6334,Q6B4S4;Q9UQD0
missing_uniprot_affinity_for_target,ion_channel,D00642,64642,Quinaglute (TN),hsa:6335,Q15858
missing_uniprot_affinity_for_target,ion_channel,D00642,64642,Quinaglute (TN),hsa:83795,Q96T55
missing_uniprot_affinity_for_target,ion_channel,D00642,64642,Quinaglute (TN),hsa:8645,O95279
missing_uniprot_affinity_for_target,ion_channel,D00642,64642,Quinaglute (TN),hsa:9424,B2RDS2;Q9Y257
missing_uniprot_affinity_for_target,ion_channel,D00647,71329,Dofetilide,hsa:27133,Q8NCM2
missing_ligand_affinity_file,ion_channel,D00648,5281065,Ibutilide Fumarate,hsa:3757,Q12809;Q15BH2
missing_ligand_affinity_file,ion_channel,D00648,5281065,Ibutilide Fumarate,hsa:3767,B2RC52;Q14654
missing_ligand_affinity_file,ion_channel,D00648,5281065,Ibutilide Fumarate,hsa:3775,O00180
missing_ligand_affinity_file,ion_channel,D00648,5281065,Ibutilide Fumarate,hsa:775,Q13936
missing_ligand_affinity_file,ion_channel,D00648,5281065,Ibutilide Fumarate,hsa:781,P54289
missing_ligand_affinity_file,ion_channel,D00648,5281065,Ibutilide Fumarate,hsa:782,Q02641
missing_ligand_affinity_file,ion_channel,D00648,5281065,Ibutilide Fumarate,hsa:786,Q06432
missing_ligand_affinity_file,ion_channel,D00648,5281065,Ibutilide Fumarate,hsa:81033,B4DKC0;Q9H252
missing_ligand_affinity_file,ion_channel,D00648,5281065,Ibutilide Fumarate,hsa:90134,Q9NS40
missing_ligand_affinity_file,ion_channel,D00648,5281065,Ibutilide Fumarate,hsa:9424,B2RDS2;Q9Y257
missing_ligand_affinity_file,ion_channel,D00649,68540,Amiloride Hydrochloride,hsa:40,Q16515
missing_ligand_affinity_file,ion_channel,D00649,68540,Amiloride Hydrochloride,hsa:41,A8K1U5;P78348
missing_ligand_affinity_file,ion_channel,D00649,68540,Amiloride Hydrochloride,hsa:51802,Q9NY37
missing_ligand_affinity_file,ion_channel,D00649,68540,Amiloride Hydrochloride,hsa:5310,P98161
missing_ligand_affinity_file,ion_channel,D00649,68540,Amiloride Hydrochloride,hsa:55515,A0A8I5KPF5
missing_ligand_affinity_file,ion_channel,D00649,68540,Amiloride Hydrochloride,hsa:57192,Q9GZU1
missing_ligand_affinity_file,ion_channel,D00649,68540,Amiloride Hydrochloride,hsa:6337,P37088
missing_ligand_affinity_file,ion_channel,D00649,68540,Amiloride Hydrochloride,hsa:6338,B2R812;P51168
missing_ligand_affinity_file,ion_channel,D00649,68540,Amiloride Hydrochloride,hsa:6339,P51172
missing_ligand_affinity_file,ion_channel,D00649,68540,Amiloride Hydrochloride,hsa:6340,A5X2V1;P51170
missing_ligand_affinity_file,ion_channel,D00649,68540,Amiloride Hydrochloride,hsa:7225,Q9Y210
missing_ligand_affinity_file,ion_channel,D00649,68540,Amiloride Hydrochloride,hsa:8912,B3KQH9;O95180
missing_ligand_affinity_file,ion_channel,D00649,68540,Amiloride Hydrochloride,hsa:8913,O43497
missing_ligand_affinity_file,ion_channel,D00649,68540,Amiloride Hydrochloride,hsa:9311,Q9UHC3
missing_uniprot_affinity_for_target,ion_channel,D00677,6918003,Granisetron hydrochloride (JAN/USP),hsa:170572,Q8WXA8
missing_uniprot_affinity_for_target,ion_channel,D00677,6918003,Granisetron hydrochloride (JAN/USP),hsa:200909,Q70Z44
missing_uniprot_affinity_for_target,ion_channel,D00677,6918003,Granisetron hydrochloride (JAN/USP),hsa:285242,A5X5Y0
missing_uniprot_affinity_for_target,ion_channel,D00677,6918003,Granisetron hydrochloride (JAN/USP),hsa:3359,B4E398;P46098
missing_uniprot_affinity_for_target,ion_channel,D00677,6918003,Granisetron hydrochloride (JAN/USP),hsa:9177,O95264
missing_uniprot_affinity_for_target,ion_channel,D00678,59774,Zofran,hsa:170572,Q8WXA8
missing_uniprot_affinity_for_target,ion_channel,D00678,59774,Zofran,hsa:200909,Q70Z44
missing_uniprot_affinity_for_target,ion_channel,D00678,59774,Zofran,hsa:285242,A5X5Y0
missing_uniprot_affinity_for_target,ion_channel,D00678,59774,Zofran,hsa:3359,B4E398;P46098
missing_uniprot_affinity_for_target,ion_channel,D00678,59774,Zofran,hsa:9177,O95264
missing_uniprot_affinity_for_target,ion_channel,D00708,3292,Ethotoin,hsa:6331,Q14524
missing_uniprot_affinity_for_target,ion_channel,D00709,5284583,Levetiracetam,hsa:6323,P35498
missing_uniprot_affinity_for_target,ion_channel,D00711,15851,Ketamine Hydrochloride,hsa:116443,Q8TCU5
missing_uniprot_affinity_for_target,ion_channel,D00711,15851,Ketamine Hydrochloride,hsa:116444,O60391;Q5F0I5
missing_uniprot_affinity_for_target,ion_channel,D00711,15851,Ketamine Hydrochloride,hsa:2555,P47869
missing_uniprot_affinity_for_target,ion_channel,D00711,15851,Ketamine Hydrochloride,hsa:2556,P34903
missing_uniprot_affinity_for_target,ion_channel,D00711,15851,Ketamine Hydrochloride,hsa:2559,Q16445
missing_uniprot_affinity_for_target,ion_channel,D00711,15851,Ketamine Hydrochloride,hsa:2905,A0A8D9PH81;O15398;Q14957
missing_uniprot_affinity_for_target,ion_channel,D00711,15851,Ketamine Hydrochloride,hsa:2906,O15399;Q59G17
missing_uniprot_affinity_for_target,ion_channel,D00726,4168,Metoclopramide,hsa:1136,P32297
missing_uniprot_affinity_for_target,ion_channel,D00726,4168,Metoclopramide,hsa:1140,P11230
missing_uniprot_affinity_for_target,ion_channel,D00726,4168,Metoclopramide,hsa:1144,Q07001
missing_uniprot_affinity_for_target,ion_channel,D00726,4168,Metoclopramide,hsa:1145,Q04844
missing_uniprot_affinity_for_target,ion_channel,D00726,4168,Metoclopramide,hsa:285242,A5X5Y0
missing_uniprot_affinity_for_target,ion_channel,D00726,4168,Metoclopramide,hsa:3359,B4E398;P46098
missing_uniprot_affinity_for_target,ion_channel,D00726,4168,Metoclopramide,hsa:57053,Q9GZZ6
missing_uniprot_affinity_for_target,ion_channel,D00726,4168,Metoclopramide,hsa:8973,Q15825
missing_uniprot_affinity_for_target,ion_channel,D00726,4168,Metoclopramide,hsa:9177,O95264
missing_uniprot_affinity_for_target,ion_channel,D00732,441348,Chloroprocaine Hydrochloride,hsa:6323,P35498
missing_uniprot_affinity_for_target,ion_channel,D00732,441348,Chloroprocaine Hydrochloride,hsa:6326,Q99250
missing_uniprot_affinity_for_target,ion_channel,D00732,441348,Chloroprocaine Hydrochloride,hsa:6328,Q9C007;Q9NY46
missing_uniprot_affinity_for_target,ion_channel,D00732,441348,Chloroprocaine Hydrochloride,hsa:6329,P35499
missing_uniprot_affinity_for_target,ion_channel,D00732,441348,Chloroprocaine Hydrochloride,hsa:6331,Q14524
missing_uniprot_affinity_for_target,ion_channel,D00732,441348,Chloroprocaine Hydrochloride,hsa:6334,Q6B4S4;Q9UQD0
missing_uniprot_affinity_for_target,ion_channel,D00732,441348,Chloroprocaine Hydrochloride,hsa:6335,Q15858
missing_uniprot_affinity_for_target,ion_channel,D00732,441348,Chloroprocaine Hydrochloride,hsa:6336,Q9Y5Y9
missing_uniprot_affinity_for_target,ion_channel,D00732,441348,Chloroprocaine Hydrochloride,hsa:8645,O95279
missing_uniprot_affinity_for_target,ion_channel,D00733,3025,Dibucaine,hsa:6331,Q14524
missing_uniprot_affinity_for_target,ion_channel,D00733,3025,Dibucaine,hsa:6336,Q9Y5Y9
missing_uniprot_affinity_for_target,ion_channel,D00735,68304,Dyclonine Hydrochloride,hsa:6323,P35498
missing_uniprot_affinity_for_target,ion_channel,D00735,68304,Dyclonine Hydrochloride,hsa:6326,Q99250
missing_uniprot_affinity_for_target,ion_channel,D00735,68304,Dyclonine Hydrochloride,hsa:6334,Q6B4S4;Q9UQD0
missing_uniprot_affinity_for_target,ion_channel,D00735,68304,Dyclonine Hydrochloride,hsa:6335,Q15858
missing_uniprot_affinity_for_target,ion_channel,D00735,68304,Dyclonine Hydrochloride,hsa:8645,O95279
missing_uniprot_affinity_for_target,ion_channel,D00738,66070,Mepivacaine Hydrochloride,hsa:6323,P35498
missing_uniprot_affinity_for_target,ion_channel,D00738,66070,Mepivacaine Hydrochloride,hsa:6326,Q99250
missing_uniprot_affinity_for_target,ion_channel,D00738,66070,Mepivacaine Hydrochloride,hsa:6328,Q9C007;Q9NY46
missing_uniprot_affinity_for_target,ion_channel,D00738,66070,Mepivacaine Hydrochloride,hsa:6329,P35499
missing_uniprot_affinity_for_target,ion_channel,D00738,66070,Mepivacaine Hydrochloride,hsa:6331,Q14524
missing_uniprot_affinity_for_target,ion_channel,D00738,66070,Mepivacaine Hydrochloride,hsa:6334,Q6B4S4;Q9UQD0
missing_uniprot_affinity_for_target,ion_channel,D00738,66070,Mepivacaine Hydrochloride,hsa:6335,Q15858
missing_uniprot_affinity_for_target,ion_channel,D00738,66070,Mepivacaine Hydrochloride,hsa:6336,Q9Y5Y9
missing_uniprot_affinity_for_target,ion_channel,D00738,66070,Mepivacaine Hydrochloride,hsa:8645,O95279
missing_ligand_affinity_file,ion_channel,D00739,73957,Pramoxine Hydrochloride,hsa:6323,P35498
missing_ligand_affinity_file,ion_channel,D00739,73957,Pramoxine Hydrochloride,hsa:6326,Q99250
missing_ligand_affinity_file,ion_channel,D00739,73957,Pramoxine Hydrochloride,hsa:6328,Q9C007;Q9NY46
missing_ligand_affinity_file,ion_channel,D00739,73957,Pramoxine Hydrochloride,hsa:6329,P35499
missing_ligand_affinity_file,ion_channel,D00739,73957,Pramoxine Hydrochloride,hsa:6331,Q14524
missing_ligand_affinity_file,ion_channel,D00739,73957,Pramoxine Hydrochloride,hsa:6334,Q6B4S4;Q9UQD0
missing_ligand_affinity_file,ion_channel,D00739,73957,Pramoxine Hydrochloride,hsa:6335,Q15858
missing_ligand_affinity_file,ion_channel,D00739,73957,Pramoxine Hydrochloride,hsa:6336,Q9Y5Y9
missing_ligand_affinity_file,ion_channel,D00739,73957,Pramoxine Hydrochloride,hsa:8645,O95279
missing_uniprot_affinity_for_target,ion_channel,D00740,5795,Procaine Hydrochloride,hsa:6323,P35498
missing_uniprot_affinity_for_target,ion_channel,D00740,5795,Procaine Hydrochloride,hsa:6326,Q99250
missing_uniprot_affinity_for_target,ion_channel,D00740,5795,Procaine Hydrochloride,hsa:6328,Q9C007;Q9NY46
missing_uniprot_affinity_for_target,ion_channel,D00740,5795,Procaine Hydrochloride,hsa:6329,P35499
missing_uniprot_affinity_for_target,ion_channel,D00740,5795,Procaine Hydrochloride,hsa:6331,Q14524
missing_uniprot_affinity_for_target,ion_channel,D00740,5795,Procaine Hydrochloride,hsa:6334,Q6B4S4;Q9UQD0
missing_uniprot_affinity_for_target,ion_channel,D00740,5795,Procaine Hydrochloride,hsa:6335,Q15858
missing_uniprot_affinity_for_target,ion_channel,D00740,5795,Procaine Hydrochloride,hsa:6336,Q9Y5Y9
missing_uniprot_affinity_for_target,ion_channel,D00740,5795,Procaine Hydrochloride,hsa:8645,O95279
missing_uniprot_affinity_for_target,ion_channel,D00741,8695,Tetracaine Hydrochloride,hsa:6323,P35498
missing_uniprot_affinity_for_target,ion_channel,D00741,8695,Tetracaine Hydrochloride,hsa:6326,Q99250
missing_uniprot_affinity_for_target,ion_channel,D00741,8695,Tetracaine Hydrochloride,hsa:6328,Q9C007;Q9NY46
missing_uniprot_affinity_for_target,ion_channel,D00741,8695,Tetracaine Hydrochloride,hsa:6329,P35499
missing_uniprot_affinity_for_target,ion_channel,D00741,8695,Tetracaine Hydrochloride,hsa:6331,Q14524
missing_uniprot_affinity_for_target,ion_channel,D00741,8695,Tetracaine Hydrochloride,hsa:6334,Q6B4S4;Q9UQD0
missing_uniprot_affinity_for_target,ion_channel,D00741,8695,Tetracaine Hydrochloride,hsa:6335,Q15858
missing_uniprot_affinity_for_target,ion_channel,D00741,8695,Tetracaine Hydrochloride,hsa:6336,Q9Y5Y9
missing_uniprot_affinity_for_target,ion_channel,D00741,8695,Tetracaine Hydrochloride,hsa:8645,O95279
missing_ligand_affinity_file,ion_channel,D00759,62886,Cisatracurium Besylate,hsa:1135,Q15822
missing_ligand_affinity_file,ion_channel,D00760,60168,Doxacurium chloride [VANDF],hsa:1135,Q15822
missing_uniprot_affinity_for_target,ion_channel,D00775,5070,Riluzole,hsa:116443,Q8TCU5
missing_uniprot_affinity_for_target,ion_channel,D00775,5070,Riluzole,hsa:2892,P42263;Q17R51
missing_uniprot_affinity_for_target,ion_channel,D00775,5070,Riluzole,hsa:2893,P48058;Q1WWK6
missing_uniprot_affinity_for_target,ion_channel,D00775,5070,Riluzole,hsa:2899,Q13003
missing_uniprot_affinity_for_target,ion_channel,D00775,5070,Riluzole,hsa:2900,A0A8D9PH79;B2RAP6;Q16099
missing_uniprot_affinity_for_target,ion_channel,D00775,5070,Riluzole,hsa:2901,Q16478
missing_uniprot_affinity_for_target,ion_channel,D00775,5070,Riluzole,hsa:51802,Q9NY37
missing_uniprot_affinity_for_target,ion_channel,D00775,5070,Riluzole,hsa:55515,A0A8I5KPF5
missing_uniprot_affinity_for_target,ion_channel,D00775,5070,Riluzole,hsa:6328,Q9C007;Q9NY46
missing_uniprot_affinity_for_target,ion_channel,D00775,5070,Riluzole,hsa:6329,P35499
missing_uniprot_affinity_for_target,ion_channel,D00775,5070,Riluzole,hsa:6331,Q14524
missing_uniprot_affinity_for_target,ion_channel,D00775,5070,Riluzole,hsa:6332,Q01118
missing_uniprot_affinity_for_target,ion_channel,D00775,5070,Riluzole,hsa:6336,Q9Y5Y9
missing_uniprot_affinity_for_target,ion_channel,D00775,5070,Riluzole,hsa:6339,P51172
missing_uniprot_affinity_for_target,ion_channel,D00775,5070,Riluzole,hsa:9311,Q9UHC3
missing_ligand_affinity_file,ion_channel,D00791,67356,Fluphenazine Hydrochloride,hsa:3782,Q9UGI6
missing_uniprot_affinity_for_target,ion_channel,D00798,66062,Thioridazine Hydrochloride,hsa:3763,P48051
missing_ligand_affinity_file,ion_channel,D00799,66064,Trifluoperazine Hydrochloride,hsa:3781,Q9H2S1
missing_uniprot_affinity_for_target,ion_channel,D00809,11065,Amitriptyline Hydrochloride,hsa:3782,Q9UGI6
missing_uniprot_affinity_for_target,ion_channel,D00812,65327,Desipramine Hydrochloride,hsa:3782,Q9UGI6
missing_uniprot_affinity_for_target,ion_channel,D00816,441358,Nortriptyline Hydrochloride,hsa:3782,Q9UGI6
missing_uniprot_affinity_for_target,ion_channel,D00823,62857,Reconcile,hsa:3763,P48051
missing_uniprot_affinity_for_target,ion_channel,D00823,62857,Reconcile,hsa:3780,Q92952
missing_uniprot_affinity_for_target,ion_channel,D00823,62857,Reconcile,hsa:3782,Q9UGI6
missing_uniprot_affinity_for_target,ion_channel,D00831,65329,Mefloquine Hydrochloride,hsa:3784,P51787;Q96AI9
missing_ligand_affinity_file,ion_channel,D01108,24843,Magnesium Sulfate Heptahydrate,hsa:775,Q13936
missing_ligand_affinity_file,ion_channel,D01108,24843,Magnesium Sulfate Heptahydrate,hsa:781,P54289
missing_ligand_affinity_file,ion_channel,D01108,24843,Magnesium Sulfate Heptahydrate,hsa:786,Q06432
missing_uniprot_affinity_for_target,ion_channel,D01111,5311309,Nateglinide,hsa:3758,A8K432;P48048
missing_uniprot_affinity_for_target,ion_channel,D01118,122824,Ethopropazine Hydrochloride,hsa:116443,Q8TCU5
missing_uniprot_affinity_for_target,ion_channel,D01242,92163,Prilocaine Hydrochloride,hsa:3782,Q9UGI6
missing_uniprot_affinity_for_target,ion_channel,D01243,2789,Clobazam,hsa:6323,P35498
missing_uniprot_affinity_for_target,ion_channel,D01243,2789,Clobazam,hsa:6326,Q99250
missing_uniprot_affinity_for_target,ion_channel,D01243,2789,Clobazam,hsa:6328,Q9C007;Q9NY46
missing_uniprot_affinity_for_target,ion_channel,D01243,2789,Clobazam,hsa:6329,P35499
missing_uniprot_affinity_for_target,ion_channel,D01243,2789,Clobazam,hsa:6331,Q14524
missing_uniprot_affinity_for_target,ion_channel,D01243,2789,Clobazam,hsa:6334,Q6B4S4;Q9UQD0
missing_uniprot_affinity_for_target,ion_channel,D01243,2789,Clobazam,hsa:6335,Q15858
missing_uniprot_affinity_for_target,ion_channel,D01243,2789,Clobazam,hsa:6336,Q9Y5Y9
missing_uniprot_affinity_for_target,ion_channel,D01243,2789,Clobazam,hsa:8645,O95279
missing_uniprot_affinity_for_target,ion_channel,D01287,9270,Ethynodiol Diacetate,hsa:6334,Q6B4S4;Q9UQD0
missing_uniprot_affinity_for_target,ion_channel,D01287,9270,Ethynodiol Diacetate,hsa:8645,O95279
missing_ligand_affinity_file,ion_channel,D01295,71405,Pirenzepine Hydrochloride,hsa:10369,Q9Y698
missing_ligand_affinity_file,ion_channel,D01295,71405,Pirenzepine Hydrochloride,hsa:27092,Q9UBN1
missing_ligand_affinity_file,ion_channel,D01295,71405,Pirenzepine Hydrochloride,hsa:3708,Q14643
missing_ligand_affinity_file,ion_channel,D01295,71405,Pirenzepine Hydrochloride,hsa:3710,A6H8K3;Q14573;Q59ES2
missing_ligand_affinity_file,ion_channel,D01295,71405,Pirenzepine Hydrochloride,hsa:5310,P98161
missing_ligand_affinity_file,ion_channel,D01295,71405,Pirenzepine Hydrochloride,hsa:55503,Q9H1D0
missing_ligand_affinity_file,ion_channel,D01295,71405,Pirenzepine Hydrochloride,hsa:55799,Q8IZS8
missing_ligand_affinity_file,ion_channel,D01295,71405,Pirenzepine Hydrochloride,hsa:59284,P62955
missing_ligand_affinity_file,ion_channel,D01295,71405,Pirenzepine Hydrochloride,hsa:6261,P21817
missing_ligand_affinity_file,ion_channel,D01295,71405,Pirenzepine Hydrochloride,hsa:6262,Q92736
missing_ligand_affinity_file,ion_channel,D01295,71405,Pirenzepine Hydrochloride,hsa:6263,Q15413
missing_ligand_affinity_file,ion_channel,D01295,71405,Pirenzepine Hydrochloride,hsa:773,O00555
missing_ligand_affinity_file,ion_channel,D01295,71405,Pirenzepine Hydrochloride,hsa:774,Q00975
missing_ligand_affinity_file,ion_channel,D01295,71405,Pirenzepine Hydrochloride,hsa:775,Q13936
missing_ligand_affinity_file,ion_channel,D01295,71405,Pirenzepine Hydrochloride,hsa:776,Q01668;Q59GD8
missing_ligand_affinity_file,ion_channel,D01295,71405,Pirenzepine Hydrochloride,hsa:777,Q15878;Q59FG1
missing_ligand_affinity_file,ion_channel,D01295,71405,Pirenzepine Hydrochloride,hsa:778,O60840
missing_ligand_affinity_file,ion_channel,D01295,71405,Pirenzepine Hydrochloride,hsa:779,Q13698
missing_ligand_affinity_file,ion_channel,D01295,71405,Pirenzepine Hydrochloride,hsa:781,P54289
missing_ligand_affinity_file,ion_channel,D01295,71405,Pirenzepine Hydrochloride,hsa:782,Q02641
missing_ligand_affinity_file,ion_channel,D01295,71405,Pirenzepine Hydrochloride,hsa:783,Q08289
missing_ligand_affinity_file,ion_channel,D01295,71405,Pirenzepine Hydrochloride,hsa:784,P54284
missing_ligand_affinity_file,ion_channel,D01295,71405,Pirenzepine Hydrochloride,hsa:785,O00305
missing_ligand_affinity_file,ion_channel,D01295,71405,Pirenzepine Hydrochloride,hsa:786,Q06432
missing_ligand_affinity_file,ion_channel,D01295,71405,Pirenzepine Hydrochloride,hsa:8911,Q9P0X4
missing_ligand_affinity_file,ion_channel,D01295,71405,Pirenzepine Hydrochloride,hsa:8912,B3KQH9;O95180
missing_ligand_affinity_file,ion_channel,D01295,71405,Pirenzepine Hydrochloride,hsa:8913,O43497
missing_ligand_affinity_file,ion_channel,D01295,71405,Pirenzepine Hydrochloride,hsa:8989,O75762
missing_ligand_affinity_file,ion_channel,D01295,71405,Pirenzepine Hydrochloride,hsa:9254,Q9NY47
missing_ligand_affinity_file,ion_channel,D01295,71405,Pirenzepine Hydrochloride,hsa:93589,Q7Z3S7
missing_ligand_affinity_file,ion_channel,D01448,5282419,"2-Piperidinecarboxamide, 1-butyl-N-(2,6-dimethylphenyl)-, hydrochloride, hydrate (1:1:1)",hsa:3781,Q9H2S1
missing_uniprot_affinity_for_target,ion_channel,D01450,64119,Caffeine Monohydrate,hsa:3741,P22460
missing_uniprot_affinity_for_target,ion_channel,D01450,64119,Caffeine Monohydrate,hsa:3763,P48051
missing_uniprot_affinity_for_target,ion_channel,D01450,64119,Caffeine Monohydrate,hsa:6334,Q6B4S4;Q9UQD0
missing_uniprot_affinity_for_target,ion_channel,D01450,64119,Caffeine Monohydrate,hsa:8645,O95279
missing_uniprot_affinity_for_target,ion_channel,D01575,4888,Pranoprofen,hsa:3780,Q92952
missing_ligand_affinity_file,ion_channel,D01599,8248,Batel,hsa:3767,B2RC52;Q14654
missing_uniprot_affinity_for_target,ion_channel,D01603,65889,Apafant,hsa:6530,P23975
missing_uniprot_affinity_for_target,ion_channel,D01768,6420040,Oxybuprocaine Hydrochloride,hsa:6336,Q9Y5Y9
missing_uniprot_affinity_for_target,ion_channel,D01828,2161,Amlexanox,hsa:6833,Q09428
missing_ligand_affinity_file,ion_channel,D01854,6918235,Mitiglinide Calcium Hydrate,hsa:3767,B2RC52;Q14654
missing_uniprot_affinity_for_target,ion_channel,D01969,119442,Gallopamil Hydrochloride,hsa:775,Q13936
missing_uniprot_affinity_for_target,ion_channel,D02041,656664,Tropisetron hydrochloride,hsa:170572,Q8WXA8
missing_uniprot_affinity_for_target,ion_channel,D02041,656664,Tropisetron hydrochloride,hsa:200909,Q70Z44
missing_uniprot_affinity_for_target,ion_channel,D02041,656664,Tropisetron hydrochloride,hsa:285242,A5X5Y0
missing_uniprot_affinity_for_target,ion_channel,D02041,656664,Tropisetron hydrochloride,hsa:3359,B4E398;P46098
missing_uniprot_affinity_for_target,ion_channel,D02041,656664,Tropisetron hydrochloride,hsa:9177,O95264
missing_uniprot_affinity_for_target,ion_channel,D02086,6314,Lidocaine Hydrochloride,hsa:6323,P35498
missing_uniprot_affinity_for_target,ion_channel,D02086,6314,Lidocaine Hydrochloride,hsa:6326,Q99250
missing_uniprot_affinity_for_target,ion_channel,D02086,6314,Lidocaine Hydrochloride,hsa:6328,Q9C007;Q9NY46
missing_uniprot_affinity_for_target,ion_channel,D02086,6314,Lidocaine Hydrochloride,hsa:6329,P35499
missing_uniprot_affinity_for_target,ion_channel,D02086,6314,Lidocaine Hydrochloride,hsa:6331,Q14524
missing_uniprot_affinity_for_target,ion_channel,D02086,6314,Lidocaine Hydrochloride,hsa:6334,Q6B4S4;Q9UQD0
missing_uniprot_affinity_for_target,ion_channel,D02086,6314,Lidocaine Hydrochloride,hsa:6335,Q15858
missing_uniprot_affinity_for_target,ion_channel,D02086,6314,Lidocaine Hydrochloride,hsa:6336,Q9Y5Y9
missing_uniprot_affinity_for_target,ion_channel,D02086,6314,Lidocaine Hydrochloride,hsa:8645,O95279
missing_uniprot_affinity_for_target,ion_channel,D02087,34632,Ethmozine,hsa:6323,P35498
missing_uniprot_affinity_for_target,ion_channel,D02087,34632,Ethmozine,hsa:6326,Q99250
missing_uniprot_affinity_for_target,ion_channel,D02087,34632,Ethmozine,hsa:6328,Q9C007;Q9NY46
missing_uniprot_affinity_for_target,ion_channel,D02087,34632,Ethmozine,hsa:6329,P35499
missing_uniprot_affinity_for_target,ion_channel,D02087,34632,Ethmozine,hsa:6331,Q14524
missing_uniprot_affinity_for_target,ion_channel,D02087,34632,Ethmozine,hsa:6334,Q6B4S4;Q9UQD0
missing_uniprot_affinity_for_target,ion_channel,D02087,34632,Ethmozine,hsa:6335,Q15858
missing_uniprot_affinity_for_target,ion_channel,D02088,108173,Tocainide Hydrochloride,hsa:6323,P35498
missing_uniprot_affinity_for_target,ion_channel,D02088,108173,Tocainide Hydrochloride,hsa:6326,Q99250
missing_uniprot_affinity_for_target,ion_channel,D02088,108173,Tocainide Hydrochloride,hsa:6334,Q6B4S4;Q9UQD0
missing_uniprot_affinity_for_target,ion_channel,D02088,108173,Tocainide Hydrochloride,hsa:6335,Q15858
missing_ligand_affinity_file,ion_channel,D02092,656684,"Benzamide, 4-amino-5-chloro-N-[(3R,4S)-1-[3-(4-fluorophenoxy)propyl]-3-methoxy-4-piperidinyl]-2-methoxy-, hydrate (1:1), rel-",hsa:3757,Q12809;Q15BH2
missing_uniprot_affinity_for_target,ion_channel,D02098,517321,Proparacaine Hydrochloride,hsa:6323,P35498
missing_uniprot_affinity_for_target,ion_channel,D02098,517321,Proparacaine Hydrochloride,hsa:6326,Q99250
missing_uniprot_affinity_for_target,ion_channel,D02098,517321,Proparacaine Hydrochloride,hsa:6328,Q9C007;Q9NY46
missing_uniprot_affinity_for_target,ion_channel,D02098,517321,Proparacaine Hydrochloride,hsa:6329,P35499
missing_uniprot_affinity_for_target,ion_channel,D02098,517321,Proparacaine Hydrochloride,hsa:6331,Q14524
missing_uniprot_affinity_for_target,ion_channel,D02098,517321,Proparacaine Hydrochloride,hsa:6334,Q6B4S4;Q9UQD0
missing_uniprot_affinity_for_target,ion_channel,D02098,517321,Proparacaine Hydrochloride,hsa:6335,Q15858
missing_uniprot_affinity_for_target,ion_channel,D02098,517321,Proparacaine Hydrochloride,hsa:6336,Q9Y5Y9
missing_ligand_affinity_file,ion_channel,D02101,6321303,Codeine phosphate hemihydrate,hsa:1134,P02708;Q53SH4
missing_ligand_affinity_file,ion_channel,D02101,6321303,Codeine phosphate hemihydrate,hsa:1135,Q15822
missing_ligand_affinity_file,ion_channel,D02101,6321303,Codeine phosphate hemihydrate,hsa:1136,P32297
missing_ligand_affinity_file,ion_channel,D02101,6321303,Codeine phosphate hemihydrate,hsa:1137,B4DK78;P43681;Q59FV0
missing_ligand_affinity_file,ion_channel,D02101,6321303,Codeine phosphate hemihydrate,hsa:1138,P30532;Q6EWN4
missing_ligand_affinity_file,ion_channel,D02101,6321303,Codeine phosphate hemihydrate,hsa:1139,P36544
missing_ligand_affinity_file,ion_channel,D02101,6321303,Codeine phosphate hemihydrate,hsa:55584,Q9UGM1
missing_ligand_affinity_file,ion_channel,D02101,6321303,Codeine phosphate hemihydrate,hsa:57053,Q9GZZ6
missing_ligand_affinity_file,ion_channel,D02101,6321303,Codeine phosphate hemihydrate,hsa:8973,Q15825
missing_ligand_affinity_file,ion_channel,D02163,5282479,Fluphenazine Maleate,hsa:3782,Q9UGI6
missing_uniprot_affinity_for_target,ion_channel,D02173,121587,Galantamine Hydrobromide,hsa:1136,P32297
missing_uniprot_affinity_for_target,ion_channel,D02173,121587,Galantamine Hydrobromide,hsa:1138,P30532;Q6EWN4
missing_uniprot_affinity_for_target,ion_channel,D02173,121587,Galantamine Hydrobromide,hsa:57053,Q9GZZ6
missing_uniprot_affinity_for_target,ion_channel,D02173,121587,Galantamine Hydrobromide,hsa:8973,Q15825
missing_ligand_affinity_file,ion_channel,D02207,23422,(+)-Tubocurarine chloride pentahydrate,hsa:1134,P02708;Q53SH4
missing_ligand_affinity_file,ion_channel,D02207,23422,(+)-Tubocurarine chloride pentahydrate,hsa:1135,Q15822
missing_ligand_affinity_file,ion_channel,D02207,23422,(+)-Tubocurarine chloride pentahydrate,hsa:1136,P32297
missing_ligand_affinity_file,ion_channel,D02207,23422,(+)-Tubocurarine chloride pentahydrate,hsa:1137,B4DK78;P43681;Q59FV0
missing_ligand_affinity_file,ion_channel,D02207,23422,(+)-Tubocurarine chloride pentahydrate,hsa:1138,P30532;Q6EWN4
missing_ligand_affinity_file,ion_channel,D02207,23422,(+)-Tubocurarine chloride pentahydrate,hsa:1139,P36544
missing_ligand_affinity_file,ion_channel,D02207,23422,(+)-Tubocurarine chloride pentahydrate,hsa:2554,A8K177;P14867
missing_ligand_affinity_file,ion_channel,D02207,23422,(+)-Tubocurarine chloride pentahydrate,hsa:2555,P47869
missing_ligand_affinity_file,ion_channel,D02207,23422,(+)-Tubocurarine chloride pentahydrate,hsa:2556,P34903
missing_ligand_affinity_file,ion_channel,D02207,23422,(+)-Tubocurarine chloride pentahydrate,hsa:2557,P48169;X5D7F5
missing_ligand_affinity_file,ion_channel,D02207,23422,(+)-Tubocurarine chloride pentahydrate,hsa:2558,P31644
missing_ligand_affinity_file,ion_channel,D02207,23422,(+)-Tubocurarine chloride pentahydrate,hsa:2559,Q16445
missing_ligand_affinity_file,ion_channel,D02207,23422,(+)-Tubocurarine chloride pentahydrate,hsa:3780,Q92952
missing_ligand_affinity_file,ion_channel,D02207,23422,(+)-Tubocurarine chloride pentahydrate,hsa:3781,Q9H2S1
missing_ligand_affinity_file,ion_channel,D02207,23422,(+)-Tubocurarine chloride pentahydrate,hsa:55584,Q9UGM1
missing_ligand_affinity_file,ion_channel,D02207,23422,(+)-Tubocurarine chloride pentahydrate,hsa:57053,Q9GZZ6
missing_ligand_affinity_file,ion_channel,D02207,23422,(+)-Tubocurarine chloride pentahydrate,hsa:8973,Q15825
missing_ligand_affinity_file,ion_channel,D02234,11954233,Cyproheptadine hydrochloride sesquihydrate,hsa:3781,Q9H2S1
missing_ligand_affinity_file,ion_channel,D02237,65328,Guanethidine Sulfate,hsa:6530,P23975
missing_ligand_affinity_file,ion_channel,D02253,656845,Pentobarbital Calcium,hsa:2554,A8K177;P14867
missing_ligand_affinity_file,ion_channel,D02253,656845,Pentobarbital Calcium,hsa:2555,P47869
missing_ligand_affinity_file,ion_channel,D02253,656845,Pentobarbital Calcium,hsa:2556,P34903
missing_ligand_affinity_file,ion_channel,D02253,656845,Pentobarbital Calcium,hsa:2557,P48169;X5D7F5
missing_ligand_affinity_file,ion_channel,D02253,656845,Pentobarbital Calcium,hsa:2558,P31644
missing_ligand_affinity_file,ion_channel,D02253,656845,Pentobarbital Calcium,hsa:2559,Q16445
missing_ligand_affinity_file,ion_channel,D02261,2723885,Quinine hydrochloride hydrate,hsa:3738,P22001
missing_ligand_affinity_file,ion_channel,D02261,2723885,Quinine hydrochloride hydrate,hsa:9312,Q92953
missing_ligand_affinity_file,ion_channel,D02262,61367,Quinine sulfate (USP),hsa:3738,P22001
missing_ligand_affinity_file,ion_channel,D02262,61367,Quinine sulfate (USP),hsa:9312,Q92953
missing_ligand_affinity_file,ion_channel,D02272,64640,Quinidine sulfate hydrate,hsa:27133,Q8NCM2
missing_ligand_affinity_file,ion_channel,D02272,64640,Quinidine sulfate hydrate,hsa:3739,P22459
missing_ligand_affinity_file,ion_channel,D02272,64640,Quinidine sulfate hydrate,hsa:3741,P22460
missing_ligand_affinity_file,ion_channel,D02272,64640,Quinidine sulfate hydrate,hsa:3743,Q96RP8
missing_ligand_affinity_file,ion_channel,D02272,64640,Quinidine sulfate hydrate,hsa:3756,O95259
missing_ligand_affinity_file,ion_channel,D02272,64640,Quinidine sulfate hydrate,hsa:3776,F6VUL8;O95069;Q6ZW95
missing_ligand_affinity_file,ion_channel,D02272,64640,Quinidine sulfate hydrate,hsa:54207,P57789
missing_ligand_affinity_file,ion_channel,D02272,64640,Quinidine sulfate hydrate,hsa:6323,P35498
missing_ligand_affinity_file,ion_channel,D02272,64640,Quinidine sulfate hydrate,hsa:6326,Q99250
missing_ligand_affinity_file,ion_channel,D02272,64640,Quinidine sulfate hydrate,hsa:6328,Q9C007;Q9NY46
missing_ligand_affinity_file,ion_channel,D02272,64640,Quinidine sulfate hydrate,hsa:6329,P35499
missing_ligand_affinity_file,ion_channel,D02272,64640,Quinidine sulfate hydrate,hsa:6331,Q14524
missing_ligand_affinity_file,ion_channel,D02272,64640,Quinidine sulfate hydrate,hsa:6334,Q6B4S4;Q9UQD0
missing_ligand_affinity_file,ion_channel,D02272,64640,Quinidine sulfate hydrate,hsa:6335,Q15858
missing_ligand_affinity_file,ion_channel,D02272,64640,Quinidine sulfate hydrate,hsa:83795,Q96T55
missing_ligand_affinity_file,ion_channel,D02272,64640,Quinidine sulfate hydrate,hsa:8645,O95279
missing_ligand_affinity_file,ion_channel,D02272,64640,Quinidine sulfate hydrate,hsa:9424,B2RDS2;Q9Y257
missing_uniprot_affinity_for_target,ion_channel,D02356,2520,Verapamil,hsa:10060,O60706
missing_uniprot_affinity_for_target,ion_channel,D02356,2520,Verapamil,hsa:10369,Q9Y698
missing_uniprot_affinity_for_target,ion_channel,D02356,2520,Verapamil,hsa:169522,Q8TDN2
missing_uniprot_affinity_for_target,ion_channel,D02356,2520,Verapamil,hsa:23630,Q9UJ90
missing_uniprot_affinity_for_target,ion_channel,D02356,2520,Verapamil,hsa:23704,Q8WWG9
missing_uniprot_affinity_for_target,ion_channel,D02356,2520,Verapamil,hsa:26251,Q9UJ96
missing_uniprot_affinity_for_target,ion_channel,D02356,2520,Verapamil,hsa:27012,Q6PIU1
missing_uniprot_affinity_for_target,ion_channel,D02356,2520,Verapamil,hsa:27092,Q9UBN1
missing_uniprot_affinity_for_target,ion_channel,D02356,2520,Verapamil,hsa:27094,Q9NPA1
missing_uniprot_affinity_for_target,ion_channel,D02356,2520,Verapamil,hsa:27133,Q8NCM2
missing_uniprot_affinity_for_target,ion_channel,D02356,2520,Verapamil,hsa:3708,Q14643
missing_uniprot_affinity_for_target,ion_channel,D02356,2520,Verapamil,hsa:3710,A6H8K3;Q14573;Q59ES2
missing_uniprot_affinity_for_target,ion_channel,D02356,2520,Verapamil,hsa:3736,Q09470
missing_uniprot_affinity_for_target,ion_channel,D02356,2520,Verapamil,hsa:3737,P16389
missing_uniprot_affinity_for_target,ion_channel,D02356,2520,Verapamil,hsa:3739,P22459
missing_uniprot_affinity_for_target,ion_channel,D02356,2520,Verapamil,hsa:3741,P22460
missing_uniprot_affinity_for_target,ion_channel,D02356,2520,Verapamil,hsa:3742,P17658
missing_uniprot_affinity_for_target,ion_channel,D02356,2520,Verapamil,hsa:3743,Q96RP8
missing_uniprot_affinity_for_target,ion_channel,D02356,2520,Verapamil,hsa:3744,Q16322
missing_uniprot_affinity_for_target,ion_channel,D02356,2520,Verapamil,hsa:3747,Q96PR1
missing_uniprot_affinity_for_target,ion_channel,D02356,2520,Verapamil,hsa:3748,Q14003
missing_uniprot_affinity_for_target,ion_channel,D02356,2520,Verapamil,hsa:3750,Q9NSA2
missing_uniprot_affinity_for_target,ion_channel,D02356,2520,Verapamil,hsa:3754,Q9H3M0
missing_uniprot_affinity_for_target,ion_channel,D02356,2520,Verapamil,hsa:3755,Q86Y85;Q9UIX4
missing_uniprot_affinity_for_target,ion_channel,D02356,2520,Verapamil,hsa:3758,A8K432;P48048
missing_uniprot_affinity_for_target,ion_channel,D02356,2520,Verapamil,hsa:3760,P48549
missing_uniprot_affinity_for_target,ion_channel,D02356,2520,Verapamil,hsa:3762,A0A5J6E2W8;P48544
missing_uniprot_affinity_for_target,ion_channel,D02356,2520,Verapamil,hsa:3763,P48051
missing_uniprot_affinity_for_target,ion_channel,D02356,2520,Verapamil,hsa:3764,Q15842
missing_uniprot_affinity_for_target,ion_channel,D02356,2520,Verapamil,hsa:3766,P78508
missing_uniprot_affinity_for_target,ion_channel,D02356,2520,Verapamil,hsa:3768,Q14500
missing_uniprot_affinity_for_target,ion_channel,D02356,2520,Verapamil,hsa:3769,O60928
missing_uniprot_affinity_for_target,ion_channel,D02356,2520,Verapamil,hsa:3772,Q99712
missing_uniprot_affinity_for_target,ion_channel,D02356,2520,Verapamil,hsa:3773,Q9NPI9
missing_uniprot_affinity_for_target,ion_channel,D02356,2520,Verapamil,hsa:3779,Q16558
missing_uniprot_affinity_for_target,ion_channel,D02356,2520,Verapamil,hsa:3780,Q92952
missing_uniprot_affinity_for_target,ion_channel,D02356,2520,Verapamil,hsa:3782,Q9UGI6
missing_uniprot_affinity_for_target,ion_channel,D02356,2520,Verapamil,hsa:3787,A2RUL8;Q96KK3
missing_uniprot_affinity_for_target,ion_channel,D02356,2520,Verapamil,hsa:3788,Q9ULS6
missing_uniprot_affinity_for_target,ion_channel,D02356,2520,Verapamil,hsa:3790,Q9BQ31
missing_uniprot_affinity_for_target,ion_channel,D02356,2520,Verapamil,hsa:51802,Q9NY37
missing_uniprot_affinity_for_target,ion_channel,D02356,2520,Verapamil,hsa:55515,A0A8I5KPF5
missing_uniprot_affinity_for_target,ion_channel,D02356,2520,Verapamil,hsa:55799,Q8IZS8
missing_uniprot_affinity_for_target,ion_channel,D02356,2520,Verapamil,hsa:56659,Q9HB14
missing_uniprot_affinity_for_target,ion_channel,D02356,2520,Verapamil,hsa:57657,Q9P1Z3
missing_uniprot_affinity_for_target,ion_channel,D02356,2520,Verapamil,hsa:59284,P62955
missing_uniprot_affinity_for_target,ion_channel,D02356,2520,Verapamil,hsa:60598,Q9H427
missing_uniprot_affinity_for_target,ion_channel,D02356,2520,Verapamil,hsa:6328,Q9C007;Q9NY46
missing_uniprot_affinity_for_target,ion_channel,D02356,2520,Verapamil,hsa:6329,P35499
missing_uniprot_affinity_for_target,ion_channel,D02356,2520,Verapamil,hsa:6331,Q14524
missing_uniprot_affinity_for_target,ion_channel,D02356,2520,Verapamil,hsa:6332,Q01118
missing_uniprot_affinity_for_target,ion_channel,D02356,2520,Verapamil,hsa:6336,Q9Y5Y9
missing_uniprot_affinity_for_target,ion_channel,D02356,2520,Verapamil,hsa:6339,P51172
missing_uniprot_affinity_for_target,ion_channel,D02356,2520,Verapamil,hsa:774,Q00975
missing_uniprot_affinity_for_target,ion_channel,D02356,2520,Verapamil,hsa:775,Q13936
missing_uniprot_affinity_for_target,ion_channel,D02356,2520,Verapamil,hsa:778,O60840
missing_uniprot_affinity_for_target,ion_channel,D02356,2520,Verapamil,hsa:783,Q08289
missing_uniprot_affinity_for_target,ion_channel,D02356,2520,Verapamil,hsa:786,Q06432
missing_uniprot_affinity_for_target,ion_channel,D02356,2520,Verapamil,hsa:7881,Q14722
missing_uniprot_affinity_for_target,ion_channel,D02356,2520,Verapamil,hsa:81033,B4DKC0;Q9H252
missing_uniprot_affinity_for_target,ion_channel,D02356,2520,Verapamil,hsa:83795,Q96T55
missing_uniprot_affinity_for_target,ion_channel,D02356,2520,Verapamil,hsa:8645,O95279
missing_uniprot_affinity_for_target,ion_channel,D02356,2520,Verapamil,hsa:8911,Q9P0X4
missing_uniprot_affinity_for_target,ion_channel,D02356,2520,Verapamil,hsa:8912,B3KQH9;O95180
missing_uniprot_affinity_for_target,ion_channel,D02356,2520,Verapamil,hsa:89822,Q96T54
missing_uniprot_affinity_for_target,ion_channel,D02356,2520,Verapamil,hsa:90134,Q9NS40
missing_uniprot_affinity_for_target,ion_channel,D02356,2520,Verapamil,hsa:9254,Q9NY47
missing_uniprot_affinity_for_target,ion_channel,D02356,2520,Verapamil,hsa:93107,Q32MC1;Q547S7;Q8TDN1
missing_uniprot_affinity_for_target,ion_channel,D02356,2520,Verapamil,hsa:9311,Q9UHC3
missing_uniprot_affinity_for_target,ion_channel,D02356,2520,Verapamil,hsa:9312,Q92953
missing_uniprot_affinity_for_target,ion_channel,D02356,2520,Verapamil,hsa:93589,Q7Z3S7
missing_uniprot_affinity_for_target,ion_channel,D02356,2520,Verapamil,hsa:9424,B2RDS2;Q9Y257
missing_uniprot_affinity_for_target,ion_channel,D02461,22502,"4-Thia-1-azabicyclo(3.2.0)heptane-2-carboxylic acid, 3,3-dimethyl-7-oxo-6-((phenylacetyl)amino)-(2S,5R,6R)-, compd. with 2-(diethylamino)ethyl 4-aminobenzoate, hydrate (1:1:1)",hsa:2555,P47869
missing_uniprot_affinity_for_target,ion_channel,D02461,22502,"4-Thia-1-azabicyclo(3.2.0)heptane-2-carboxylic acid, 3,3-dimethyl-7-oxo-6-((phenylacetyl)amino)-(2S,5R,6R)-, compd. with 2-(diethylamino)ethyl 4-aminobenzoate, hydrate (1:1:1)",hsa:2556,P34903
missing_uniprot_affinity_for_target,ion_channel,D02461,22502,"4-Thia-1-azabicyclo(3.2.0)heptane-2-carboxylic acid, 3,3-dimethyl-7-oxo-6-((phenylacetyl)amino)-(2S,5R,6R)-, compd. with 2-(diethylamino)ethyl 4-aminobenzoate, hydrate (1:1:1)",hsa:2559,Q16445
missing_uniprot_affinity_for_target,ion_channel,D02546,11954253,Kainic acid monohydrate,hsa:2899,Q13003
missing_uniprot_affinity_for_target,ion_channel,D02546,11954253,Kainic acid monohydrate,hsa:2900,A0A8D9PH79;B2RAP6;Q16099
missing_uniprot_affinity_for_target,ion_channel,D02546,11954253,Kainic acid monohydrate,hsa:2901,Q16478
missing_uniprot_affinity_for_target,ion_channel,D02566,4011,Maprotiline,hsa:6530,P23975
missing_uniprot_affinity_for_target,ion_channel,D02630,33630,Penfluridol,hsa:8911,Q9P0X4
missing_uniprot_affinity_for_target,ion_channel,D02630,33630,Penfluridol,hsa:8912,B3KQH9;O95180
missing_uniprot_affinity_for_target,ion_channel,D02630,33630,Penfluridol,hsa:8913,O43497
missing_ligand_affinity_file,ion_channel,D02914,6435922,Amlodipine Maleate,hsa:773,O00555
missing_ligand_affinity_file,ion_channel,D02914,6435922,Amlodipine Maleate,hsa:775,Q13936
missing_ligand_affinity_file,ion_channel,D02914,6435922,Amlodipine Maleate,hsa:776,Q01668;Q59GD8
missing_ligand_affinity_file,ion_channel,D02914,6435922,Amlodipine Maleate,hsa:778,O60840
missing_ligand_affinity_file,ion_channel,D02914,6435922,Amlodipine Maleate,hsa:779,Q13698
missing_ligand_affinity_file,ion_channel,D03037,9571003,Azimilide Dihydrochloride,hsa:3784,P51787;Q96AI9
missing_ligand_affinity_file,ion_channel,D03274,156413,Canertinib Dihydrochloride,hsa:3781,Q9H2S1
missing_ligand_affinity_file,ion_channel,D03274,156413,Canertinib Dihydrochloride,hsa:3782,Q9UGI6
missing_ligand_affinity_file,ion_channel,D03365,11954344,Carvedilol Phosphate,hsa:1135,Q15822
missing_ligand_affinity_file,ion_channel,D03365,11954344,Carvedilol Phosphate,hsa:1136,P32297
missing_ligand_affinity_file,ion_channel,D03365,11954344,Carvedilol Phosphate,hsa:1141,P17787;Q5SXY3
missing_ligand_affinity_file,ion_channel,D03365,11954344,Carvedilol Phosphate,hsa:1145,Q04844
missing_ligand_affinity_file,ion_channel,D03365,11954344,Carvedilol Phosphate,hsa:3359,B4E398;P46098
missing_ligand_affinity_file,ion_channel,D03365,11954344,Carvedilol Phosphate,hsa:55584,Q9UGM1
missing_ligand_affinity_file,ion_channel,D03365,11954344,Carvedilol Phosphate,hsa:57053,Q9GZZ6
missing_ligand_affinity_file,ion_channel,D03365,11954344,Carvedilol Phosphate,hsa:8973,Q15825
missing_ligand_affinity_file,ion_channel,D03450,167446,Cicloprolol Hydrochloride,hsa:3783,O15554
missing_uniprot_affinity_for_target,ion_channel,D03580,9859832,"1R-cis-3,3,5-trimethylcyclohexyl ester5-oxo-L-proline",hsa:1138,P30532;Q6EWN4
missing_uniprot_affinity_for_target,ion_channel,D03580,9859832,"1R-cis-3,3,5-trimethylcyclohexyl ester5-oxo-L-proline",hsa:57053,Q9GZZ6
missing_uniprot_affinity_for_target,ion_channel,D03580,9859832,"1R-cis-3,3,5-trimethylcyclohexyl ester5-oxo-L-proline",hsa:8973,Q15825
missing_uniprot_affinity_for_target,ion_channel,D03742,5360696,Dextromethorphan,hsa:116443,Q8TCU5
missing_ligand_affinity_file,ion_channel,D03826,6419928,Physostigmine Sulfate,hsa:1134,P02708;Q53SH4
missing_ligand_affinity_file,ion_channel,D03826,6419928,Physostigmine Sulfate,hsa:1135,Q15822
missing_ligand_affinity_file,ion_channel,D03826,6419928,Physostigmine Sulfate,hsa:1136,P32297
missing_ligand_affinity_file,ion_channel,D03826,6419928,Physostigmine Sulfate,hsa:1137,B4DK78;P43681;Q59FV0
missing_ligand_affinity_file,ion_channel,D03826,6419928,Physostigmine Sulfate,hsa:1138,P30532;Q6EWN4
missing_ligand_affinity_file,ion_channel,D03826,6419928,Physostigmine Sulfate,hsa:1139,P36544
missing_ligand_affinity_file,ion_channel,D03826,6419928,Physostigmine Sulfate,hsa:55584,Q9UGM1
missing_ligand_affinity_file,ion_channel,D03826,6419928,Physostigmine Sulfate,hsa:57053,Q9GZZ6
missing_ligand_affinity_file,ion_channel,D03826,6419928,Physostigmine Sulfate,hsa:8973,Q15825
missing_ligand_affinity_file,ion_channel,D03830,3037122,Diltiazem Malate,hsa:3736,Q09470
missing_ligand_affinity_file,ion_channel,D03830,3037122,Diltiazem Malate,hsa:3737,P16389
missing_ligand_affinity_file,ion_channel,D03830,3037122,Diltiazem Malate,hsa:3738,P22001
missing_ligand_affinity_file,ion_channel,D03830,3037122,Diltiazem Malate,hsa:3741,P22460
missing_ligand_affinity_file,ion_channel,D03830,3037122,Diltiazem Malate,hsa:3746,P48547
missing_ligand_affinity_file,ion_channel,D03830,3037122,Diltiazem Malate,hsa:775,Q13936
missing_ligand_affinity_file,ion_channel,D03830,3037122,Diltiazem Malate,hsa:778,O60840
missing_ligand_affinity_file,ion_channel,D03830,3037122,Diltiazem Malate,hsa:779,Q13698
missing_uniprot_affinity_for_target,ion_channel,D03878,6420042,Dizocilpine Maleate,hsa:116443,Q8TCU5
missing_uniprot_affinity_for_target,ion_channel,D03878,6420042,Dizocilpine Maleate,hsa:116444,O60391;Q5F0I5
missing_uniprot_affinity_for_target,ion_channel,D03878,6420042,Dizocilpine Maleate,hsa:2905,A0A8D9PH81;O15398;Q14957
missing_uniprot_affinity_for_target,ion_channel,D03878,6420042,Dizocilpine Maleate,hsa:2906,O15399;Q59G17
missing_uniprot_affinity_for_target,ion_channel,D03878,6420042,Dizocilpine Maleate,hsa:3763,P48051
missing_uniprot_affinity_for_target,ion_channel,D03991,48040,Encainide Hydrochloride,hsa:6323,P35498
missing_uniprot_affinity_for_target,ion_channel,D03991,48040,Encainide Hydrochloride,hsa:6326,Q99250
missing_uniprot_affinity_for_target,ion_channel,D03991,48040,Encainide Hydrochloride,hsa:6328,Q9C007;Q9NY46
missing_uniprot_affinity_for_target,ion_channel,D03991,48040,Encainide Hydrochloride,hsa:6329,P35499
missing_uniprot_affinity_for_target,ion_channel,D03991,48040,Encainide Hydrochloride,hsa:6331,Q14524
missing_uniprot_affinity_for_target,ion_channel,D03991,48040,Encainide Hydrochloride,hsa:6334,Q6B4S4;Q9UQD0
missing_uniprot_affinity_for_target,ion_channel,D03991,48040,Encainide Hydrochloride,hsa:6335,Q15858
missing_uniprot_affinity_for_target,ion_channel,D04034,23724898,Chlorpromazine phenolphthalinate,hsa:3782,Q9UGI6
missing_ligand_affinity_file,ion_channel,D04048,6918111,"(2S)-N-(2,6-dimethylphenyl)-1-propyl-2-piperidinecarboxamide hydrochloride monohydrate",hsa:6323,P35498
missing_ligand_affinity_file,ion_channel,D04048,6918111,"(2S)-N-(2,6-dimethylphenyl)-1-propyl-2-piperidinecarboxamide hydrochloride monohydrate",hsa:6326,Q99250
missing_ligand_affinity_file,ion_channel,D04048,6918111,"(2S)-N-(2,6-dimethylphenyl)-1-propyl-2-piperidinecarboxamide hydrochloride monohydrate",hsa:6328,Q9C007;Q9NY46
missing_ligand_affinity_file,ion_channel,D04048,6918111,"(2S)-N-(2,6-dimethylphenyl)-1-propyl-2-piperidinecarboxamide hydrochloride monohydrate",hsa:6329,P35499
missing_ligand_affinity_file,ion_channel,D04048,6918111,"(2S)-N-(2,6-dimethylphenyl)-1-propyl-2-piperidinecarboxamide hydrochloride monohydrate",hsa:6331,Q14524
missing_ligand_affinity_file,ion_channel,D04048,6918111,"(2S)-N-(2,6-dimethylphenyl)-1-propyl-2-piperidinecarboxamide hydrochloride monohydrate",hsa:6334,Q6B4S4;Q9UQD0
missing_ligand_affinity_file,ion_channel,D04048,6918111,"(2S)-N-(2,6-dimethylphenyl)-1-propyl-2-piperidinecarboxamide hydrochloride monohydrate",hsa:6335,Q15858
missing_ligand_affinity_file,ion_channel,D04048,6918111,"(2S)-N-(2,6-dimethylphenyl)-1-propyl-2-piperidinecarboxamide hydrochloride monohydrate",hsa:6336,Q9Y5Y9
missing_ligand_affinity_file,ion_channel,D04048,6918111,"(2S)-N-(2,6-dimethylphenyl)-1-propyl-2-piperidinecarboxamide hydrochloride monohydrate",hsa:8645,O95279
missing_uniprot_affinity_for_target,ion_channel,D04370,5284566,Granisetron (JAN/USAN/INN),hsa:3359,B4E398;P46098
missing_uniprot_affinity_for_target,ion_channel,D04790,157920,Lubiprostone,hsa:1181,P51788
missing_uniprot_affinity_for_target,ion_channel,D04999,4158,Methylphenidate,hsa:6530,P23975
missing_uniprot_affinity_for_target,ion_channel,D04999,4158,Methylphenidate,hsa:6531,Q01959
missing_ligand_affinity_file,ion_channel,D05024,60662,Mibefradil Dihydrochloride,hsa:773,O00555
missing_ligand_affinity_file,ion_channel,D05024,60662,Mibefradil Dihydrochloride,hsa:777,Q15878;Q59FG1
missing_ligand_affinity_file,ion_channel,D05024,60662,Mibefradil Dihydrochloride,hsa:8911,Q9P0X4
missing_ligand_affinity_file,ion_channel,D05024,60662,Mibefradil Dihydrochloride,hsa:8912,B3KQH9;O95180
missing_ligand_affinity_file,ion_channel,D05024,60662,Mibefradil Dihydrochloride,hsa:8913,O43497
missing_uniprot_affinity_for_target,ion_channel,D05077,34633,Moricizine,hsa:6331,Q14524
missing_ligand_affinity_file,ion_channel,D05156,2735102,Nicotine Bitartrate,hsa:1134,P02708;Q53SH4
missing_ligand_affinity_file,ion_channel,D05156,2735102,Nicotine Bitartrate,hsa:1135,Q15822
missing_ligand_affinity_file,ion_channel,D05156,2735102,Nicotine Bitartrate,hsa:1136,P32297
missing_ligand_affinity_file,ion_channel,D05156,2735102,Nicotine Bitartrate,hsa:1137,B4DK78;P43681;Q59FV0
missing_ligand_affinity_file,ion_channel,D05156,2735102,Nicotine Bitartrate,hsa:1138,P30532;Q6EWN4
missing_ligand_affinity_file,ion_channel,D05156,2735102,Nicotine Bitartrate,hsa:1139,P36544
missing_ligand_affinity_file,ion_channel,D05156,2735102,Nicotine Bitartrate,hsa:3752,Q9UK17
missing_ligand_affinity_file,ion_channel,D05156,2735102,Nicotine Bitartrate,hsa:55584,Q9UGM1
missing_ligand_affinity_file,ion_channel,D05156,2735102,Nicotine Bitartrate,hsa:57053,Q9GZZ6
missing_ligand_affinity_file,ion_channel,D05156,2735102,Nicotine Bitartrate,hsa:8973,Q15825
missing_uniprot_affinity_for_target,ion_channel,D05453,9795678,Phencyclidine Hydrochloride,hsa:1134,P02708;Q53SH4
missing_uniprot_affinity_for_target,ion_channel,D05453,9795678,Phencyclidine Hydrochloride,hsa:1135,Q15822
missing_uniprot_affinity_for_target,ion_channel,D05453,9795678,Phencyclidine Hydrochloride,hsa:1138,P30532;Q6EWN4
missing_uniprot_affinity_for_target,ion_channel,D05453,9795678,Phencyclidine Hydrochloride,hsa:57053,Q9GZZ6
missing_uniprot_affinity_for_target,ion_channel,D05453,9795678,Phencyclidine Hydrochloride,hsa:8973,Q15825
missing_uniprot_affinity_for_target,ion_channel,D05453,9795678,Phencyclidine Hydrochloride,hsa:9312,Q92953
missing_uniprot_affinity_for_target,ion_channel,D05458,4771,Phentermine,hsa:6530,P23975
missing_uniprot_affinity_for_target,ion_channel,D05458,4771,Phentermine,hsa:6531,Q01959
missing_ligand_affinity_file,ion_channel,D05461,23724987,"1-Ethyl-6-fluoro-4-oxo-7-piperazin-1-yl-1,8-naphthyridine-3-carboxylic acid;dihydrate",hsa:2554,A8K177;P14867
missing_ligand_affinity_file,ion_channel,D05461,23724987,"1-Ethyl-6-fluoro-4-oxo-7-piperazin-1-yl-1,8-naphthyridine-3-carboxylic acid;dihydrate",hsa:2555,P47869
missing_ligand_affinity_file,ion_channel,D05461,23724987,"1-Ethyl-6-fluoro-4-oxo-7-piperazin-1-yl-1,8-naphthyridine-3-carboxylic acid;dihydrate",hsa:2556,P34903
missing_ligand_affinity_file,ion_channel,D05461,23724987,"1-Ethyl-6-fluoro-4-oxo-7-piperazin-1-yl-1,8-naphthyridine-3-carboxylic acid;dihydrate",hsa:2557,P48169;X5D7F5
missing_ligand_affinity_file,ion_channel,D05461,23724987,"1-Ethyl-6-fluoro-4-oxo-7-piperazin-1-yl-1,8-naphthyridine-3-carboxylic acid;dihydrate",hsa:2558,P31644
missing_ligand_affinity_file,ion_channel,D05461,23724987,"1-Ethyl-6-fluoro-4-oxo-7-piperazin-1-yl-1,8-naphthyridine-3-carboxylic acid;dihydrate",hsa:2559,Q16445
missing_uniprot_affinity_for_target,nuclear_receptor,D00094,444795,Retinoic Acid,hsa:6096,A0A1L4FMK7;Q92753
missing_uniprot_affinity_for_target,nuclear_receptor,D00577,448537,Diethylstilbestrol,hsa:2103,A0A2R8Y491
missing_uniprot_affinity_for_target,nuclear_receptor,D01132,5381,Tazarotene,hsa:6096,A0A1L4FMK7;Q92753
missing_ligand_affinity_file,nuclear_receptor,D01441,5282418,Trifluoperazine dimaleate,hsa:6095,P35398
