CID,MolecularWeight,MonoisotopicMass,TPSA,Complexity,Charge,HBondDonorCount,HBondAcceptorCount,RotatableBondCount,HeavyAtomCount,IsotopeAtomCount,AtomStereoCount,DefinedAtomStereoCount,UndefinedAtomStereoCount,BondStereoCount,DefinedBondStereoCount,UndefinedBondStereoCount,CovalentUnitCount,Volume3D,FeatureCount3D,FeatureAcceptorCount3D,FeatureDonorCount3D,FeatureAnionCount3D,FeatureCationCount3D,FeatureRingCount3D,FeatureHydrophobeCount3D,ConformerModelRMSD3D,EffectiveRotorCount3D,ConformerCount3D,Title,XLogP,XLogP_Source,Status,Formula,MW
7,163.18,163.0857953,69.6,162,0,1,4,1,12,0,0,0,0,0,0,0,1,121,7,0,1,0,4,2,0,0.4,1,4,9-Ethyladenine,0.2,PubChem XLogP,OK,C7H9N5,163.18
243,122.12,122.0367794,37.3,103,0,1,2,1,9,0,0,0,0,0,0,0,1,98.2,4,2,0,1,0,1,0,0.4,1,2,Benzoic Acid,1.9,PubChem XLogP,OK,C7H6O2,122.12
311,192.12,192.0270026,132,227,0,4,7,5,13,0,0,0,0,0,0,0,1,132.7,11,7,1,3,0,0,0,0.6,5,10,Citric Acid,-1.7,PubChem XLogP,OK,C6H8O7,192.12
338,138.12,138.031694,57.5,133,0,2,3,1,10,0,0,0,0,0,0,0,1,105.1,5,2,1,1,0,1,0,0.4,1,3,Salicylic Acid,2.3,PubChem XLogP,OK,C7H6O3,138.12
564,131.17,131.0946287,63.3,83,0,2,3,5,9,0,0,0,0,0,0,0,1,108.3,6,2,1,1,1,0,1,0.6,5,10,6-Aminohexanoic Acid,-3,PubChem XLogP,OK,C6H13NO2,131.17
864,206.3,206.043522,87.9,150,0,1,4,5,12,0,1,0,1,0,0,0,1,155.6,5,2,0,1,0,1,1,0.6,6,10,alpha Lipoic acid,1.7,PubChem XLogP,OK,C8H14O2S2,206.3
876,149.21,149.0510498,88.6,97,0,2,4,4,9,0,1,0,1,0,0,0,1,113.8,6,2,1,1,1,0,1,0.6,4,10,(+-)-Methionine,-1.9,PubChem XLogP,OK,C5H11NO2S,149.21
936,122.12,122.0480128,56,114,0,1,2,1,9,0,0,0,0,0,0,0,1,95.2,4,2,1,0,0,1,0,0.4,1,2,Nicotinamide,-0.4,PubChem XLogP,OK,C6H6N2O,122.12
938,123.11,123.0320284,50.2,114,0,1,3,1,9,0,0,0,0,0,0,0,1,94.6,5,3,0,1,0,1,0,0.4,1,2,Nicotinic Acid,0.4,PubChem XLogP,OK,C6H5NO2,123.11
967,156.1,156.0171066,95.5,268,0,3,4,1,11,0,0,0,0,0,0,0,1,106.5,8,4,2,1,0,1,0,0.4,1,2,Orotic Acid,-1.4,PubChem XLogP,OK,C5H4N2O4,156.1
985,256.42,256.2402303,37.3,178,0,1,2,14,18,0,0,0,0,0,0,0,1,229.5,4,2,0,1,0,0,1,1.4,14,10,Palmitic Acid,6.4,PubChem XLogP,OK,C16H32O2,256.42
1174,112.09,112.0272774,58.2,161,0,2,2,0,8,0,0,0,0,0,0,0,1,81.1,5,2,2,0,0,1,0,0.4,0,1,Uracil,-1.1,PubChem XLogP,OK,C4H4N2O2,112.09
1613,419.4,419.0551469,111,702,0,1,9,4,29,0,0,0,0,0,0,0,1,299.4,10,5,0,1,0,4,0,0.8,5,10,Zopolrestat,3.5,PubChem XLogP,OK,C19H12F3N3O3S,419.4
1676,194.19,194.0803756,78.1,268,0,2,3,2,14,0,0,0,0,0,0,0,1,142.8,8,2,2,0,1,2,1,0.6,2,3,Enprofylline,0.3,PubChem XLogP,OK,C8H10N4O2,194.19
1775,252.27,252.0898776,58.2,350,0,2,2,2,19,0,0,0,0,0,0,0,1,197.2,7,2,2,0,0,3,0,0.6,2.6,3,Phenytoin,2.5,PubChem XLogP,OK,C15H12N2O2,252.27
1967,326.4,326.1881947,54.4,692,0,1,3,6,24,0,0,0,0,0,0,0,1,276.7,7,3,1,0,0,1,2,0.8,6,10,Docebenone,3.9,PubChem XLogP,OK,C21H26O3,326.4
1978,336.4,336.2049074,87.7,400,0,3,5,10,24,0,1,0,1,0,0,0,1,271.9,11,4,3,0,1,1,2,1,11,10,Acebutolol,1.7,PubChem XLogP,OK,C18H28N2O4,336.4
1981,415.8,415.082265,94.8,620,0,1,6,7,29,0,0,0,0,0,0,0,1,308.3,9,5,0,1,0,3,0,1,8,10,Acemetacin,4.2,PubChem XLogP,OK,C21H18ClNO6,415.8
1983,151.16,151.0633285,49.3,139,0,2,2,1,11,0,0,0,0,0,0,0,1,120.2,4,1,2,0,0,1,0,0.4,2,2,Acetaminophen,0.5,PubChem XLogP,OK,C8H9NO2,151.16
1986,222.3,221.9881324,152,297,0,2,7,2,13,0,0,0,0,0,0,0,1,146.5,7,4,2,0,0,1,0,0.6,3,10,Acetazolamide,-0.3,PubChem XLogP,OK,C4H6N4O3S2,222.3
1989,324.4,324.1143783,101,498,0,2,4,4,22,0,0,0,0,0,0,0,1,244.9,8,4,2,0,0,2,0,0.8,7.2,10,Acetohexamide,2.4,PubChem XLogP,OK,C15H20N2O4S,324.4
2083,239.31,239.1521435,72.7,227,0,4,4,5,17,0,1,0,1,0,0,0,1,192.5,9,2,4,0,1,1,1,0.6,5,10,Salbutamol,0.3,PubChem XLogP,OK,C13H21NO3,239.31
2097,219.28,219.1259288,49.3,255,0,2,3,5,16,0,1,0,1,0,0,0,1,180.7,7,2,1,1,1,1,1,0.6,5,10,Alminoprofen,3.2,PubChem XLogP,OK,C13H17NO2,219.28
2118,308.8,308.0828741,43.1,434,0,0,3,1,22,0,0,0,0,0,0,0,1,233.4,7,1,0,0,2,4,0,0.6,1.2,1,Alprazolam,2.1,PubChem XLogP,OK,C17H13ClN4,308.8
2145,232.28,232.1211778,72.2,321,0,2,3,2,17,0,1,0,1,0,0,0,1,180.5,8,2,2,0,1,2,1,0.6,2.8,8,Aminoglutethimide,1.2,PubChem XLogP,OK,C13H16N2O2,232.28
2153,180.16,180.0647255,69.3,267,0,1,3,0,13,0,0,0,0,0,0,0,1,130.4,6,2,1,0,1,2,0,0.4,0,1,Theophylline,0,PubChem XLogP,OK,C7H8N4O2,180.16
2157,645.3,645.02369,42.7,547,0,0,4,11,31,0,0,0,0,0,0,0,1,379.3,10,3,0,0,1,3,3,1.4,11,10,Amiodarone,7.6,PubChem XLogP,OK,C25H29I2NO3,645.3
2161,298.29,298.0953569,103,467,0,2,6,2,22,0,0,0,0,0,0,0,1,224,10,3,1,1,1,3,1,0.6,2,2,Amlexanox,3.1,PubChem XLogP,OK,C16H14N2O4,298.29
2170,313.8,313.0981898,36.9,424,0,1,3,1,22,0,0,0,0,0,0,0,1,233.7,8,1,1,0,2,4,0,0.6,2.4,4,Amoxapine,2.6,PubChem XLogP,OK,C17H16ClN3O,313.8
2176,447.5,447.1100212,133,808,0,1,9,8,31,0,1,0,1,0,0,0,1,328.6,9,5,1,0,0,3,0,1,9.2,10,Ampiroxicam,4,PubChem XLogP,OK,C20H21N3O7S,447.5
2179,393.5,393.1147127,88.7,601,0,2,6,5,28,0,0,0,0,0,0,0,1,298.3,11,4,2,0,1,4,0,0.8,5,10,Amsacrine,4,PubChem XLogP,OK,C21H19N3O3S,393.5
2187,293.4,293.1640456,78.3,456,0,0,4,4,22,0,0,0,0,0,0,0,1,238.5,8,2,0,0,2,2,2,0.6,4,10,Anastrozole,2.1,PubChem XLogP,OK,C17H19N5,293.4
2244,180.16,180.0422587,63.6,212,0,1,4,3,13,0,0,0,0,0,0,0,1,136,5,3,0,1,0,1,0,0.6,3,10,Aspirin,1.2,PubChem XLogP,OK,C9H8O4,180.16
2247,458.6,458.2481898,42.3,599,0,1,5,8,34,0,0,0,0,0,0,0,1,367.3,9,1,1,0,2,5,0,1,9.2,10,Astemizole,6,PubChem XLogP,OK,C28H31FN4O,458.6
2249,266.34,266.1630426,84.6,263,0,3,4,8,19,0,1,0,1,0,0,0,1,214.2,9,3,3,0,1,1,1,1,8,10,Atenolol,0.2,PubChem XLogP,OK,C14H22N2O3,266.34
2266,188.22,188.104859,74.6,147,0,2,4,8,13,0,0,0,0,0,0,0,1,151.7,6,4,0,2,0,0,0,0.8,8,10,Azelaic Acid,1.6,PubChem XLogP,OK,C9H16O4,188.22
2284,213.66,213.0556563,63.3,191,0,2,3,4,14,0,1,0,1,0,0,0,1,160.8,6,2,1,1,1,1,0,0.6,4,10,Baclofen,-1,PubChem XLogP,OK,C10H12ClNO2,213.66
2315,421.4,421.0377828,135,740,0,3,10,3,27,0,1,0,1,0,0,0,1,281.4,11,4,3,0,1,3,0,0.8,4.6,10,Bendroflumethiazide,1.2,PubChem XLogP,OK,C15H14F3N3O4S2,421.4
2329,404.4,404.1372217,116,588,0,4,5,7,30,0,1,0,1,0,0,0,1,312.4,11,4,3,1,0,3,0,1,9,10,4-((2-(Benzoylamino)-3-(4-hydroxyphenyl)-1-oxopropyl)amino)benzoic acid,3.3,PubChem XLogP,OK,C23H20N2O5,404.4
2337,165.19,165.0789786,52.3,151,0,1,3,3,12,0,0,0,0,0,0,0,1,133.6,4,1,1,0,1,1,0,0.6,3,7,Benzocaine,1.9,PubChem XLogP,OK,C9H11NO2,165.19
2343,431.9,430.9834972,161,739,0,2,7,5,26,0,0,0,0,0,0,0,1,293.2,10,4,3,0,0,3,0,0.8,5.2,10,Benzthiazide,1.7,PubChem XLogP,OK,C15H14ClN3O4S3,431.9
2375,430.4,430.0610408,116,750,0,2,9,5,29,0,1,0,1,0,0,0,1,302.2,9,5,2,0,0,2,0,0.8,7,10,Bicalutamide,2.3,PubChem XLogP,OK,C18H14F4N2O4S,430.4
2381,311.5,311.2249145,23.5,422,0,1,2,5,23,0,4,0,4,0,0,0,1,257.2,6,1,1,0,1,3,0,0.8,6.8,10,Biperiden,4.3,PubChem XLogP,OK,C21H29NO,311.5
2405,325.4,325.2253085,60,278,0,2,5,12,23,0,1,0,1,0,0,0,1,268.1,10,4,2,0,1,1,2,1.2,12,10,Bisoprolol,1.9,PubChem XLogP,OK,C18H31NO4,325.4
2479,212.25,212.1160924,75.3,292,0,2,3,3,15,0,1,0,1,0,0,0,1,160.5,9,3,2,0,0,1,3,0.6,3.6,9,Butabarbital,1.6,PubChem XLogP,OK,C10H16N2O3,212.25
2482,193.24,193.1102787,52.3,174,0,1,3,5,14,0,0,0,0,0,0,0,1,159,5,1,1,0,1,1,1,0.6,5,10,Butyl 4-aminobenzoate,2.9,PubChem XLogP,OK,C11H15NO2,193.24
2519,194.19,194.0803756,58.4,293,0,0,3,0,14,0,0,0,0,0,0,0,1,143.9,5,2,0,0,1,2,0,0.4,0,1,Caffeine,-0.1,PubChem XLogP,OK,C8H10N4O2,194.19
2520,454.6,454.2831577,64,606,0,0,6,13,33,0,1,0,1,0,0,0,1,372.3,10,5,0,0,1,2,2,1.2,13,10,Verapamil,3.8,PubChem XLogP,OK,C27H38N2O4,454.6
2541,440.5,440.1596885,119,660,0,2,7,7,33,0,0,0,0,0,0,0,1,337.3,10,2,0,1,2,5,0,1,7,10,Candesartan,4.1,PubChem XLogP,OK,C24H20N6O3,440.5
2554,236.27,236.094963,46.3,326,0,1,1,0,18,0,0,0,0,0,0,0,1,186.8,5,1,1,0,0,3,0,0.6,1.2,2,Carbamazepine,2.5,PubChem XLogP,OK,C15H12N2O,236.27
2585,406.5,406.1892573,75.7,508,0,3,5,10,30,0,1,0,1,0,0,0,1,321.6,13,4,3,0,2,4,0,1.2,10,10,Carvedilol,4.2,PubChem XLogP,OK,C24H26N2O4,406.5
2662,381.4,381.0758824,86.4,577,0,1,7,3,26,0,0,0,0,0,0,0,1,273.5,7,3,1,0,0,3,0,0.8,4,4,Celecoxib,3.4,PubChem XLogP,OK,C17H14F3N3O2S,381.4
2720,295.7,294.9488257,135,532,0,2,6,1,17,0,0,0,0,0,0,0,1,184.7,9,4,3,0,0,2,0,0.6,1.2,2,Chlorothiazide,-0.2,PubChem XLogP,OK,C7H6ClN3O4S2,295.7
2726,318.9,318.0957475,31.8,339,0,0,3,4,21,0,0,0,0,0,0,0,1,245.9,5,0,0,0,2,3,0,0.6,4.4,10,Chlorpromazine,5.2,PubChem XLogP,OK,C17H19ClN2S,318.9
2733,169.56,168.9930561,38.3,185,0,1,2,0,11,0,0,0,0,0,0,0,1,118.7,4,1,1,0,0,2,0,0.4,0,1,Chlorzoxazone,1.8,PubChem XLogP,OK,C7H4ClNO2,169.56
2756,252.34,252.1157157,114,296,0,3,4,7,17,0,0,0,0,0,0,0,1,196.4,7,1,3,0,2,1,0,1,7,10,Cimetidine,0.4,PubChem XLogP,OK,C10H16N6S,252.34
2764,331.34,331.1332196,72.9,571,0,2,7,3,24,0,0,0,0,0,0,0,1,248,11,3,1,1,3,3,0,0.8,4.8,5,Ciprofloxacin,-1.1,PubChem XLogP,OK,C17H18FN3O3,331.34
2769,465.9,465.1830623,86.1,581,0,2,7,9,32,0,2,0,2,0,0,0,1,351,11,4,2,0,2,3,0,1.4,11.2,10,Cisapride (USP/INN),3.4,PubChem XLogP,OK,C23H29ClFN3O4,465.9
2789,300.74,300.0665554,40.6,423,0,0,2,1,21,0,0,0,0,0,0,0,1,224.3,6,2,0,1,0,3,0,0.6,1.6,2,Clobazam,2.1,PubChem XLogP,OK,C16H13ClN2O2,300.74
2796,242.7,242.070972,35.5,232,0,0,3,5,16,0,0,0,0,0,0,0,1,185.1,4,2,0,0,0,1,1,0.6,5,10,Clofibrate,3.3,PubChem XLogP,OK,C12H15ClO3,242.7
2803,230.09,229.0173527,36.4,222,0,2,1,2,14,0,0,0,0,0,0,0,1,160.5,5,0,2,0,1,2,0,0.6,2.6,4,Clonidine,1.6,PubChem XLogP,OK,C9H9Cl2N3,230.09
2910,389.9,389.027076,135,758,0,3,7,2,24,0,4,0,4,0,0,0,1,262.3,11,4,3,0,1,3,0,0.6,3.2,10,Cyclothiazide,2,PubChem XLogP,OK,C14H16ClN3O4S2,389.9
2973,560.7,560.3533625,206,739,0,6,9,23,39,0,0,0,0,0,0,0,1,,,,,,,,,,,0,Deferoxamine,-2.1,PubChem XLogP,OK,C25H48N6O8,560.7
3016,284.74,284.0716407,32.7,403,0,0,2,1,20,0,0,0,0,0,0,0,1,217.3,5,2,0,0,0,3,0,0.6,1.4,2,Diazepam,3,PubChem XLogP,OK,C16H13ClN2O,284.74
3019,230.67,229.9916763,66.9,360,0,1,3,0,14,0,0,0,0,0,0,0,1,155.9,6,2,2,0,0,2,0,0.4,0.2,1,Diazoxide,1.2,PubChem XLogP,OK,C8H7ClN2O2S,230.67
3025,343.5,343.2259772,54.5,387,0,1,4,10,25,0,0,0,0,0,0,0,1,282.3,6,1,1,0,1,2,1,1,11,10,Dibucaine,4.4,PubChem XLogP,OK,C20H29N3O2,343.5
3038,305.2,303.9146044,137,452,0,2,6,2,16,0,0,0,0,0,0,0,1,187.1,7,4,2,0,0,1,0,0.6,2,4,Dichlorphenamide,0.3,PubChem XLogP,OK,C6H6Cl2N2O4S2,305.2
3055,309.4,309.2092645,23.5,307,0,1,2,6,23,0,0,0,0,0,0,0,1,258.2,6,1,1,0,1,3,0,0.8,7.2,10,Diphenidol,4.2,PubChem XLogP,OK,C21H27NO,309.4
3059,250.2,250.0441504,57.5,311,0,2,5,2,18,0,0,0,0,0,0,0,1,182.7,6,2,1,1,0,2,0,0.6,2,6,Diflunisal,4.4,PubChem XLogP,OK,C13H8F2O3,250.2
3100,255.35,255.1623143,12.5,211,0,0,2,6,19,0,0,0,0,0,0,0,1,215.8,4,1,0,0,1,2,0,0.8,6,10,Diphenhydramine,3.3,PubChem XLogP,OK,C17H21NO,255.35
3105,351.4,351.204573,84.9,463,0,2,6,9,25,0,1,0,1,0,0,0,1,278.5,9,3,2,0,1,1,2,1,9,10,Dipivefrin,2.9,PubChem XLogP,OK,C19H29NO5,351.4
3114,339.5,339.2310626,59.2,409,0,1,3,8,25,0,1,0,1,0,0,0,1,271.9,8,2,1,0,1,2,2,0.8,8,6,Disopyramide,3.2,PubChem XLogP,OK,C21H29N3O,339.5
3117,296.5,296.0509333,121,201,0,0,4,7,16,0,0,0,0,0,0,0,1,225,2,2,0,0,0,0,0,0.8,9,10,Disulfiram,3.9,PubChem XLogP,OK,C10H20N2S4,296.5
3151,425.9,425.1618527,67.9,655,0,2,3,5,30,0,0,0,0,0,0,0,1,321,10,2,2,0,1,5,0,0.8,6.2,10,Domperidone,3.9,PubChem XLogP,OK,C22H24ClN5O2,425.9
3182,254.24,254.1015049,98.9,364,0,2,5,3,18,0,1,0,1,0,0,0,1,184.7,9,4,2,0,1,2,0,0.6,3,10,Diprophylline,-1.8,PubChem XLogP,OK,C10H14N4O4,254.24
3226,184.49,183.9714332,9.2,107,0,0,6,3,10,0,1,0,1,0,0,0,1,103.4,1,1,0,0,0,0,0,0.6,3,10,Enflurane,2.1,PubChem XLogP,OK,C3H2ClF5O,184.49
3284,167.2,167.0946287,52.3,220,0,1,2,3,12,0,0,0,0,0,0,0,1,131.5,4,1,1,0,0,1,1,0.6,3.2,9,Ethinamate,1.3,PubChem XLogP,OK,C9H13NO2,167.2
3291,141.17,141.0789786,46.2,188,0,1,2,1,10,0,1,0,1,0,0,0,1,112.4,5,2,1,0,0,1,1,0.4,1.6,6,Ethosuximide,0.4,PubChem XLogP,OK,C7H11NO2,141.17
3292,204.22,204.0898776,49.4,272,0,1,2,2,15,0,1,0,1,0,0,0,1,161.4,5,2,1,0,0,2,0,0.6,2.6,4,Ethotoin,1,PubChem XLogP,OK,C11H12N2O2,204.22
3295,258.3,258.0132845,119,341,0,1,6,3,16,0,0,0,0,0,0,0,1,181.8,7,4,1,0,0,2,0,0.6,3,8,Ethoxzolamide,2,PubChem XLogP,OK,C9H10N2O3S2,258.3
3308,287.35,287.1521435,62.3,399,0,2,3,4,21,0,1,0,1,0,0,0,1,225.4,11,3,1,1,1,3,2,0.8,4.8,10,Etodolac,2.8,PubChem XLogP,OK,C17H21NO3,287.35
3324,321.33,321.1437041,122,404,0,1,8,9,23,0,0,0,0,0,0,0,1,239.4,7,2,1,0,2,2,0,1,9,10,Famciclovir,0,PubChem XLogP,OK,C14H19N5O4,321.33
3331,238.24,238.0953569,105,246,0,2,4,7,17,0,0,0,0,0,0,0,1,180.9,5,2,2,0,0,1,0,0.8,7,10,Felbamate,0.6,PubChem XLogP,OK,C11H14N2O4,238.24
3333,384.2,383.0691135,64.6,614,0,1,5,6,25,0,1,0,1,0,0,0,1,282.5,6,2,1,0,1,2,0,0.8,6.4,10,Felodipine,3.9,PubChem XLogP,OK,C18H19Cl2NO4,384.2
3339,360.8,360.1128368,52.6,458,0,0,4,7,25,0,0,0,0,0,0,0,1,279.9,7,3,0,0,0,2,2,0.8,7,10,Fenofibrate,5.2,PubChem XLogP,OK,C20H21ClO4,360.8
3342,242.27,242.0942943,46.5,271,0,1,3,4,18,0,1,0,1,0,0,0,1,194,7,3,0,1,0,2,1,0.6,4,10,Fenoprofen,3.3,PubChem XLogP,OK,C15H14O3,242.27
3365,306.27,306.1040654,81.7,358,0,1,7,5,22,0,0,0,0,0,0,0,1,220.7,9,1,1,0,4,3,0,0.8,5,10,Fluconazole,0.4,PubChem XLogP,OK,C13H12F2N6O,306.27
3373,303.29,303.1019195,64.4,461,0,0,5,3,22,0,0,0,0,0,0,0,1,226.5,6,2,0,0,1,3,0,0.6,3.4,10,Flumazenil,1,PubChem XLogP,OK,C15H14FN3O3,303.29
3385,130.08,130.0178555,58.2,199,0,2,3,0,9,0,0,0,0,0,0,0,1,87.4,5,2,2,0,0,1,0,0.4,0,1,5-Fluorouracil,-0.9,PubChem XLogP,OK,C4H3FN2O2,130.08
3386,309.33,309.1340487,21.3,308,0,1,5,6,22,0,1,0,1,0,0,0,1,238.3,5,1,1,0,1,2,0,0.8,7,10,Fluoxetine,4,PubChem XLogP,OK,C17H18F3NO,309.33
3393,387.9,387.1513682,35.9,540,0,0,4,6,27,0,0,0,0,0,0,0,1,297.4,6,2,0,0,1,3,0,0.8,6.4,10,Flurazepam,3,PubChem XLogP,OK,C21H23ClFN3O,387.9
3394,244.26,244.0899578,37.3,286,0,1,3,3,18,0,1,0,1,0,0,0,1,193.4,6,2,0,1,0,2,1,0.6,3,10,Flurbiprofen,4.2,PubChem XLogP,OK,C15H13FO2,244.26
3395,330.3,330.1267373,52.6,433,0,0,5,7,24,0,2,0,2,0,0,0,1,260.7,5,2,0,0,0,2,1,1,7,10,Flurbiprofen Axetil,4.9,PubChem XLogP,OK,C19H19FO4,330.3
3397,276.21,276.0721767,74.9,352,0,1,6,2,19,0,0,0,0,0,0,0,1,192.8,7,3,1,1,0,1,1,0.6,5,8,Flutamide,3.3,PubChem XLogP,OK,C11H11F3N2O3,276.21
3440,330.74,330.0077203,131,481,0,3,7,5,21,0,0,0,0,0,0,0,1,226.5,11,5,2,1,1,2,0,0.8,5,10,Furosemide,2,PubChem XLogP,OK,C12H11ClN2O5S,330.74
3446,171.24,171.1259288,63.3,162,0,2,3,3,12,0,0,0,0,0,0,0,1,134.8,6,2,1,1,1,1,0,0.6,4.2,10,Gabapentin,-1.1,PubChem XLogP,OK,C9H17NO2,171.24
3475,323.4,323.1303627,86.9,497,0,2,4,3,22,0,2,0,2,0,0,0,1,242.8,8,3,2,0,0,3,0,0.8,6.2,10,Gliclazide,1.5,PubChem XLogP,OK,C15H21N3O3S,323.4
3476,490.6,490.2249914,133,895,0,3,5,7,34,0,0,0,0,0,0,0,1,376.4,12,5,3,0,0,3,1,1.4,12.6,10,"1H-Pyrrole-1-carboxamide, 3-ethyl-2,5-dihydro-4-methyl-N-2-4-(trans-4-methylcyclohexyl)aminocarbonylaminosulfonylphenylethyl-2-oxo-",3.9,PubChem XLogP,OK,C24H34N4O5S,490.6
3478,445.5,445.1783755,139,697,0,3,6,7,31,0,0,0,0,0,0,0,1,337.6,12,6,3,0,0,3,0,1.2,11.2,10,Glipizide,1.9,PubChem XLogP,OK,C21H27N5O4S,445.5
3488,494,493.1438199,122,746,0,3,5,8,33,0,0,0,0,0,0,0,1,365.7,11,5,3,0,0,3,0,1.2,12.2,10,Glibenclamide,4.8,PubChem XLogP,OK,C23H28ClN3O5S,494
3559,375.9,375.1401348,40.5,451,0,1,4,6,26,0,0,0,0,0,0,0,1,289.9,7,2,1,0,1,3,0,0.8,7.2,10,Haloperidol,3.2,PubChem XLogP,OK,C21H23ClFNO2,375.9
3562,197.38,195.89022,0,60,0,0,3,0,7,0,1,0,1,0,0,0,1,89.9,1,0,0,0,0,0,1,0.4,1,2,Halothane,2.3,PubChem XLogP,OK,C2HBrClF3,197.38
3608,236.27,236.1160924,66.5,427,0,1,3,1,17,0,1,0,1,0,0,0,1,178.6,6,3,1,0,0,2,0,0.6,2.4,5,Hexobarbital,1.5,PubChem XLogP,OK,C12H16N2O3,236.27
3639,297.7,296.9644758,135,494,0,3,7,1,17,0,0,0,0,0,0,0,1,187.1,10,4,3,0,1,2,0,0.6,1.6,2,Hydrochlorothiazide,-0.1,PubChem XLogP,OK,C7H8ClN3O4S2,297.7
3647,331.3,330.9908326,135,578,0,3,10,1,20,0,0,0,0,0,0,0,1,205,10,4,3,0,1,2,0,0.6,2.6,2,Hydroflumethiazide,0.4,PubChem XLogP,OK,C8H8F3N3O4S2,331.3
3672,206.28,206.1306798,37.3,203,0,1,2,4,15,0,1,0,1,0,0,0,1,172.2,6,2,0,1,0,1,2,0.6,4,8,"Ibuprofen, (+-)-",3.5,PubChem XLogP,OK,C13H18O2,206.28
3673,297.4,297.172879,39.2,334,0,0,3,7,22,0,1,0,1,0,0,0,1,246.2,6,2,0,0,0,2,2,0.8,7,10,Ibuprofen Piconol,4.3,PubChem XLogP,OK,C19H23NO2,297.4
3676,234.34,234.1732133,32.3,228,0,1,2,5,17,0,0,0,0,0,0,0,1,198.5,4,1,1,0,1,1,0,0.8,6,7,Lidocaine,2.3,PubChem XLogP,OK,C14H22N2O,234.34
3698,187.2,187.0745619,68,300,0,2,3,1,14,0,0,0,0,0,0,0,1,144.2,7,2,2,0,1,2,0,0.4,1,2,Amrinone,-0.2,PubChem XLogP,OK,C10H9N3O,187.2
3702,365.8,365.0600902,101,580,0,2,5,3,24,0,1,0,1,0,0,0,1,263.6,8,3,2,0,0,3,0,0.8,4.6,10,Indapamide,2.9,PubChem XLogP,OK,C16H16ClN3O3S,365.8
3715,357.8,357.0767857,68.5,506,0,1,4,4,25,0,0,0,0,0,0,0,1,268.6,8,4,0,1,0,3,0,0.8,5,10,Indomethacin,4.3,PubChem XLogP,OK,C19H16ClNO4,357.8
3748,179.22,179.105862,54,164,0,2,3,3,13,0,0,0,0,0,0,0,1,142.9,6,2,2,0,0,1,1,0.6,4,10,Iproniazid,0.4,PubChem XLogP,OK,C9H13N3O,179.22
3749,428.5,428.2324595,87.1,682,0,1,5,7,32,0,0,0,0,0,0,0,1,343,8,1,0,0,1,5,1,1,8,10,Irbesartan,4.1,PubChem XLogP,OK,C25H28N6O,428.5
3759,231.25,231.1007767,67.2,254,0,2,4,4,17,0,0,0,0,0,0,0,1,182.2,6,2,2,0,0,2,0,0.6,5,10,Isocarboxazid,1.5,PubChem XLogP,OK,C12H13N3O2,231.25
3762,239.31,239.1521435,72.7,223,0,4,4,5,17,0,2,0,2,0,0,0,1,192.2,9,1,4,0,1,1,2,0.6,5,10,Isoetharine,1.7,PubChem XLogP,OK,C13H21NO3,239.31
3763,184.49,183.9714332,9.2,102,0,0,6,2,10,0,1,0,1,0,0,0,1,104.8,1,1,0,0,0,0,0,0.6,3,9,Isoflurane,2.1,PubChem XLogP,OK,C3H2ClF5O,184.49
3784,371.4,371.1481208,104,685,0,1,8,6,27,0,1,0,1,0,0,0,1,284.4,10,4,1,0,1,3,1,0.8,6.4,10,Isradipine,4.3,PubChem XLogP,OK,C19H21N3O5,371.4
3825,254.28,254.0942943,54.4,331,0,1,3,4,19,0,1,0,1,0,0,0,1,204,7,3,0,1,0,2,1,0.6,4,10,Ketoprofen,3.1,PubChem XLogP,OK,C16H14O3,254.28
3878,256.09,255.0078506,90.7,242,0,2,5,1,16,0,0,0,0,0,0,0,1,172.7,6,0,2,0,2,2,0,0.6,1,3,Lamotrigine,1.4,PubChem XLogP,OK,C9H7Cl2N5,256.09
3899,270.21,270.061612,55.1,327,0,1,6,2,19,0,0,0,0,0,0,0,1,191.2,5,2,1,0,0,2,0,0.6,4,5,Leflunomide,2.5,PubChem XLogP,OK,C12H9F3N2O2,270.21
3902,285.3,285.1014454,78.3,420,0,0,4,3,22,0,0,0,0,0,0,0,1,227.8,7,2,0,0,2,3,0,0.6,3,10,Letrozole,2.7,PubChem XLogP,OK,C17H11N5,285.3
3957,382.9,382.1448057,42.4,569,0,0,3,2,27,0,0,0,0,0,0,0,1,293.6,6,2,0,0,0,4,0,0.8,4.4,10,Loratadine,5.2,PubChem XLogP,OK,C22H23ClN2O2,382.9
3964,327.8,327.1138399,28.1,450,0,0,3,1,23,0,0,0,0,0,0,0,1,247.6,7,1,0,0,2,4,0,0.6,2.4,8,Loxapine,3.1,PubChem XLogP,OK,C18H18ClN3O,327.8
4011,277.4,277.1830497,12,339,0,1,1,4,21,0,0,0,0,0,0,0,1,225.9,5,0,1,0,1,3,0,0.6,4.4,8,Maprotiline,4.6,PubChem XLogP,OK,C20H23N,277.4
4020,284.74,284.0716407,35.8,419,0,1,2,1,20,0,1,0,1,0,0,0,1,215.5,7,1,1,0,1,4,0,0.6,1.6,4,Mazindol,2.2,PubChem XLogP,OK,C16H13ClN2O,284.74
4037,296.1,295.016684,49.3,327,0,2,3,3,19,0,0,0,0,0,0,0,1,213.7,7,2,1,1,1,2,0,0.6,3,10,Meclofenamic Acid,5.2,PubChem XLogP,OK,C14H11Cl2NO2,296.1
4044,241.28,241.1102787,49.3,292,0,2,3,3,18,0,0,0,0,0,0,0,1,195.5,7,2,1,1,1,2,0,0.6,3,10,Mefenamic Acid,5.1,PubChem XLogP,OK,C15H15NO2,241.28
4055,172.18,172.0524295,34.1,288,0,0,2,0,13,0,0,0,0,0,0,0,1,137.9,4,2,0,0,0,2,0,0.4,0,1,Menadione,2.2,PubChem XLogP,OK,C11H8O2,172.18
4066,322.5,322.1503699,31.8,398,0,0,3,2,23,0,1,0,1,0,0,0,1,254.3,6,0,0,0,2,4,0,0.6,3.6,3,Mequitazine,4.6,PubChem XLogP,OK,C20H22N2S,322.5
4075,153.14,153.0425931,83.6,160,0,3,4,1,11,0,0,0,0,0,0,0,1,113.7,7,2,2,1,1,1,0,0.4,1,3,5-Aminosalicylic Acid,1.3,PubChem XLogP,OK,C7H7NO3,153.14
4078,386.6,386.1486558,68.1,502,0,0,5,4,26,0,2,0,2,0,0,0,1,301.5,7,1,0,0,2,4,0,0.8,5.6,10,Mesoridazine,4.5,PubChem XLogP,OK,C21H26N2OS2,386.6
4091,129.16,129.1014454,91.5,132,0,3,1,2,9,0,0,0,0,0,0,0,1,97.4,5,0,3,0,2,0,0,0.4,2,8,Metformin,-1.3,PubChem XLogP,OK,C4H11N5,129.16
4100,236.3,236.0037825,139,419,0,1,6,1,14,0,0,0,0,0,0,0,1,158.3,7,4,2,0,0,1,0,0.6,2,6,Methazolamide,0.1,PubChem XLogP,OK,C5H8N4O3S2,236.3
4114,216.19,216.0422587,48.7,325,0,0,4,1,16,0,0,0,0,0,0,0,1,163.1,6,3,0,0,0,3,0,0.6,1,1,8-Methoxypsoralen,1.9,PubChem XLogP,OK,C12H8O4,216.19
4116,164.96,163.9607265,9.2,75,0,0,3,2,8,0,0,0,0,0,0,0,1,99.2,1,1,0,0,0,0,0,0.4,2,5,Methoxyflurane,2.2,PubChem XLogP,OK,C3H4Cl2F2O,164.96
4121,360.2,358.9568036,126,571,0,2,7,2,20,0,1,0,1,0,0,0,1,229.7,9,4,2,0,1,2,0,0.6,2.6,10,Methyclothiazide,1.4,PubChem XLogP,OK,C9H11Cl2N3O4S2,360.2
4158,233.31,233.1415788,38.3,249,0,1,3,4,17,0,2,0,2,0,0,0,1,188.4,5,1,1,0,1,2,0,0.6,5.2,10,Methylphenidate,0.2,PubChem XLogP,OK,C14H19NO2,233.31
4168,299.79,299.1400546,67.6,300,0,2,4,7,20,0,0,0,0,0,0,0,1,230.3,7,2,2,0,2,1,0,0.8,8,10,Metoclopramide,2.6,PubChem XLogP,OK,C14H22ClN3O2,299.79
4171,267.36,267.1834437,50.7,215,0,2,4,9,19,0,1,0,1,0,0,0,1,220.6,8,3,2,0,1,1,1,1,9,10,Metoprolol,1.9,PubChem XLogP,OK,C15H25NO3,267.36
4174,226.27,226.1106131,42.9,275,0,0,3,3,17,0,0,0,0,0,0,0,1,183.3,6,3,0,0,0,2,1,0.6,3,10,Metyrapone,2,PubChem XLogP,OK,C14H14N2O,226.27
4189,416.1,413.986024,27.1,417,0,0,2,6,25,0,1,0,1,0,0,0,1,292.2,5,1,0,0,1,3,0,0.8,6,10,Miconazole,5.3,PubChem XLogP,OK,C18H14Cl4N2O,416.1
4192,325.8,325.0782033,30.2,471,0,0,3,1,23,0,0,0,0,0,0,0,1,242.5,6,1,0,0,1,4,0,0.6,1.2,8,Midazolam,2.5,PubChem XLogP,OK,C18H13ClFN3,325.8
4197,211.22,211.0745619,65.8,419,0,1,3,1,16,0,0,0,0,0,0,0,1,166.2,6,3,1,0,0,2,0,0.6,1,1,Milrinone,0,PubChem XLogP,OK,C12H9N3O,211.22
4201,209.25,209.1276601,88.9,329,0,3,3,1,15,0,0,0,0,0,0,0,1,154.3,6,0,2,0,2,2,0,0.6,2.2,4,Minoxidil,1.2,PubChem XLogP,OK,C9H15N5O,209.25
4205,265.35,265.1578976,19.4,345,0,0,3,0,20,0,1,0,1,0,0,0,1,208.5,7,1,0,0,2,4,0,0.6,1,4,Mirtazapine,3.3,PubChem XLogP,OK,C17H19N3,265.35
4235,268.74,268.0978555,41.6,262,0,1,3,4,18,0,0,0,0,0,0,0,1,203.7,6,2,1,0,1,2,0,0.8,6.2,10,Moclobemide,1.5,PubChem XLogP,OK,C13H17ClN2O2,268.74
4237,339.3,339.1106726,81.8,430,0,1,6,6,25,0,0,0,0,0,0,0,1,264.1,9,5,0,1,0,3,0,0.8,6,10,Mofezolac,3.1,PubChem XLogP,OK,C19H17NO5,339.3
4409,228.29,228.1150297,26.3,262,0,0,2,4,17,0,0,0,0,0,0,0,1,189.8,4,2,0,0,0,2,0,0.6,4,10,Nabumetone,3.1,PubChem XLogP,OK,C15H16O2,228.29
4421,232.23,232.0847923,70.5,378,0,1,5,2,17,0,0,0,0,0,0,0,1,176.7,8,4,0,1,1,2,0,0.6,2,2,Nalidixic Acid,1.4,PubChem XLogP,OK,C12H12N2O3,232.23
4485,346.3,346.1164863,110,608,0,1,7,5,25,0,0,0,0,0,0,0,1,257.8,9,4,1,1,1,2,0,0.8,6.4,9,Nifedipine,2.2,PubChem XLogP,OK,C17H18N2O6,346.3
4493,317.22,317.0623403,95.2,515,0,1,7,1,22,0,0,0,0,0,0,0,1,215.1,9,4,1,1,0,2,1,0.6,3.6,6,Nilutamide,2,PubChem XLogP,OK,C12H10F3N3O4,317.22
4497,418.4,418.1740012,120,736,0,1,8,9,30,0,1,0,1,0,0,0,1,321.8,11,5,1,1,1,2,1,1,10.4,10,Nimodipine,3.1,PubChem XLogP,OK,C21H26N2O7,418.4
4499,388.4,388.1634365,110,704,0,1,7,7,28,0,1,0,1,0,0,0,1,296.2,10,4,1,1,1,2,1,1,8.4,10,Nisoldipine,3.3,PubChem XLogP,OK,C20H24N2O6,388.4
4507,360.4,360.1321364,110,661,0,1,7,6,26,0,1,0,1,0,0,0,1,274.7,9,4,1,1,1,2,0,0.8,7.4,10,Nitrendipine,2.9,PubChem XLogP,OK,C18H20N2O6,360.4
4510,227.09,227.0025788,165,218,0,0,9,5,15,0,0,0,0,0,0,0,1,146.5,6,6,0,0,0,0,0,0.8,8,10,Nitroglycerin,1.6,PubChem XLogP,OK,C3H5N3O9,227.09
4594,345.4,345.1147127,96.3,453,0,1,6,5,24,0,1,0,1,0,0,0,1,263.2,9,4,1,0,1,3,0,0.8,5,10,Prilosec,2.2,PubChem XLogP,OK,C17H19N3O3S,345.4
4595,293.4,293.1528122,39.8,440,0,0,2,2,22,0,1,0,1,0,0,0,1,232.5,7,1,0,0,2,4,0,0.6,2.6,10,Ondansetron,2.3,PubChem XLogP,OK,C18H19N3O,293.4
4614,293.3,293.1051933,63.3,361,0,1,4,5,22,0,0,0,0,0,0,0,1,234.6,6,2,0,1,0,3,0,0.8,5,10,Oxaprozin,4.2,PubChem XLogP,OK,C18H15NO3,293.3
4616,286.71,286.0509053,61.7,407,0,2,3,1,20,0,1,0,1,0,0,0,1,211.6,8,3,2,0,0,3,0,0.6,1.4,2,Oxazepam,2.2,PubChem XLogP,OK,C15H11ClN2O2,286.71
4634,357.5,357.2303939,49.8,490,0,1,4,8,26,0,1,0,1,0,0,0,1,292,6,2,1,0,1,2,0,1.2,9.2,10,Oxybutynin,4.2,PubChem XLogP,OK,C22H31NO3,357.5
4679,383.4,383.0751335,106,490,0,1,9,7,26,0,1,0,1,0,0,0,1,274.3,10,5,1,0,1,3,0,0.8,7,10,Pantoprazole,2.4,PubChem XLogP,OK,C16H15F2N3O4S,383.4
4737,226.27,226.1317424,75.3,305,0,2,3,4,16,0,1,0,1,0,0,0,1,173.4,9,3,2,0,0,1,3,0.6,4.6,10,Pentobarbital,2.1,PubChem XLogP,OK,C11H18N2O3,226.27
4740,278.31,278.1378905,75.5,426,0,0,4,5,20,0,0,0,0,0,0,0,1,214.1,6,3,0,0,1,2,0,0.8,5,10,Pentoxifylline,0.3,PubChem XLogP,OK,C13H18N4O3,278.31
4748,404,403.1485113,55.3,463,0,1,5,6,27,0,0,0,0,0,0,0,1,308.9,9,1,1,0,3,4,0,0.8,7.6,10,Perphenazine,4.2,PubChem XLogP,OK,C21H26ClN3OS,404
4753,178.19,178.0742276,72.2,198,0,2,2,2,13,0,0,0,0,0,0,0,1,140.1,5,2,2,0,0,1,0,0.6,4,10,Phenacemide,0.9,PubChem XLogP,OK,C9H10N2O2,178.19
4754,179.22,179.0946287,38.3,162,0,1,2,3,13,0,0,0,0,0,0,0,1,145.6,4,2,1,0,0,1,0,0.6,4,8,Phenacetin,1.6,PubChem XLogP,OK,C10H13NO2,179.22
4763,232.23,232.0847923,75.3,339,0,2,3,2,17,0,0,0,0,0,0,0,1,175.4,8,3,2,0,0,2,1,0.6,2.6,4,Phenobarbital,1.5,PubChem XLogP,OK,C12H12N2O3,232.23
4771,149.23,149.1204495,26,112,0,1,1,2,11,0,0,0,0,0,0,0,1,130.7,4,0,1,0,1,1,1,0.4,2,4,Phentermine,1.9,PubChem XLogP,OK,C10H15N,149.23
4781,308.4,308.1524779,40.6,389,0,0,2,5,23,0,0,0,0,0,0,0,1,248.3,7,2,0,1,0,3,1,0.8,5.6,10,Phenylbutazone,3.2,PubChem XLogP,OK,C19H20N2O2,308.4
4823,334.4,334.1429758,79.4,530,0,2,4,3,25,0,1,0,1,0,0,0,1,260.5,10,3,2,0,1,4,0,0.8,3.6,7,Pimobendan,2.7,PubChem XLogP,OK,C19H18N4O2,334.4
4828,248.32,248.1524779,57.3,248,0,3,3,6,18,0,1,0,1,0,0,0,1,201,10,2,3,0,2,2,1,0.8,6,10,Pindolol,1.8,PubChem XLogP,OK,C14H20N2O2,248.32
4888,255.27,255.0895433,59.4,346,0,1,4,2,19,0,1,0,1,0,0,0,1,196.5,9,4,0,1,0,3,1,0.6,2.4,5,Pranoprofen,2.7,PubChem XLogP,OK,C15H13NO3,255.27
4906,220.31,220.1575633,41.1,218,0,2,2,5,16,0,1,0,1,0,0,0,1,185.5,6,1,2,0,1,1,1,0.8,6,10,Prilocaine,2.1,PubChem XLogP,OK,C13H20N2O,220.31
4909,218.25,218.1055277,58.2,279,0,2,2,2,16,0,0,0,0,0,0,0,1,167.4,7,2,2,0,0,2,1,0.6,2.8,6,Primidone,0.9,PubChem XLogP,OK,C12H14N2O2,218.25
4911,285.36,285.1034793,83.1,374,0,1,5,7,19,0,0,0,0,0,0,0,1,217.6,8,4,0,1,0,1,2,0.8,7,10,Probenecid,3.2,PubChem XLogP,OK,C13H19NO4S,285.36
4917,373.9,373.1379466,35,429,0,0,4,4,25,0,0,0,0,0,0,0,1,287.8,7,0,0,0,3,4,0,0.8,5.6,10,Prochlorperazine,4.9,PubChem XLogP,OK,C20H24ClN3S,373.9
4927,284.4,284.1347198,31.8,298,0,0,3,3,20,0,1,0,1,0,0,0,1,229.6,5,0,0,0,2,3,0,0.6,3.4,5,Promethazine,4.8,PubChem XLogP,OK,C17H20N2S,284.4
4940,340.5,340.1609346,48.9,441,0,0,4,5,24,0,1,0,1,0,0,0,1,274.2,7,1,0,0,2,3,1,0.8,5.4,10,Propiomazine,4.8,PubChem XLogP,OK,C20H24N2OS,340.5
4943,178.27,178.1357652,20.2,135,0,1,1,2,13,0,0,0,0,0,0,0,1,154.3,4,0,1,0,0,1,2,0.6,2,3,Propofol,3.8,PubChem XLogP,OK,C12H18O,178.27
4993,248.71,248.0828741,77.8,243,0,2,4,2,17,0,0,0,0,0,0,0,1,187,6,0,2,0,1,2,1,0.6,2,1,Pyrimethamine,2.7,PubChem XLogP,OK,C12H13ClN4,248.71
5070,234.2,234.0074685,76.4,238,0,1,7,1,15,0,0,0,0,0,0,0,1,155.7,5,1,1,0,1,2,0,0.6,2,4,Riluzole,3.6,PubChem XLogP,OK,C8H5F3N2OS,234.2
5073,410.5,410.2118043,61.9,731,0,0,6,4,30,0,0,0,0,0,0,0,1,317,8,2,0,0,1,5,0,0.8,6,10,Risperidone,2.7,PubChem XLogP,OK,C23H27FN4O2,410.5
5090,314.4,314.0612801,68.8,556,0,0,4,3,22,0,0,0,0,0,0,0,1,239.4,6,3,0,0,0,3,0,0.6,3.4,8,Rofecoxib,2.3,PubChem XLogP,OK,C17H14O4S,314.4
5147,137.14,137.0476785,63.3,136,0,2,2,1,10,0,0,0,0,0,0,0,1,105.7,4,1,2,0,0,1,0,0.4,1,4,Salicylamide,1.3,PubChem XLogP,OK,C7H7NO2,137.14
5152,415.6,415.2722587,82,403,0,4,5,16,30,0,1,0,1,0,0,0,1,,,,,,,,,,,0,Salmeterol,3.9,PubChem XLogP,OK,C25H37NO4,415.6
5206,200.05,200.0072119,9.2,121,0,0,8,2,12,0,0,0,0,0,0,0,1,112.5,1,1,0,0,0,0,0,0.6,4,3,Sevoflurane,2.8,PubChem XLogP,OK,C4H3F7O,200.05
5265,395.5,395.2009052,52.7,577,0,1,5,6,29,0,0,0,0,0,0,0,1,309.3,9,2,1,0,2,4,0,1,7.6,10,Spiperone,3,PubChem XLogP,OK,C23H26FN3O2,395.5
5278,391.2,390.00153,70,542,0,1,5,4,24,0,0,0,0,0,0,0,1,259.9,9,4,0,1,0,3,1,0.8,4,10,Ponalrestat,3.2,PubChem XLogP,OK,C17H12BrFN2O3,391.2
5339,398.4,398.0684907,150,657,0,3,9,6,28,0,0,0,0,0,0,0,1,291.7,11,5,2,1,0,3,0,0.8,6,10,Sulfasalazine,-0.7,PubChem XLogP,OK,C18H14N4O5S,398.4
5342,404.5,404.1194637,76.9,571,0,0,4,6,29,0,1,0,1,0,0,0,1,313.9,8,3,0,1,0,4,0,0.8,6.6,10,Sulfinpyrazone,2.3,PubChem XLogP,OK,C23H20N2O3S,404.5
5358,295.4,295.1354481,73.6,405,0,2,4,6,20,0,0,0,0,0,0,0,1,228.4,8,2,2,0,2,2,0,0.8,6,10,Sumatriptan,0.9,PubChem XLogP,OK,C14H21N3O2S,295.4
5359,260.31,260.0507154,82.6,321,0,1,4,4,18,0,1,0,1,0,0,0,1,200.5,7,3,0,1,0,2,1,0.6,4,10,Suprofen,3.3,PubChem XLogP,OK,C14H12O3S,260.31
5381,351.5,351.1293001,64.5,547,0,0,4,5,25,0,0,0,0,0,0,0,1,284.6,6,2,0,0,0,3,1,0.8,3.8,4,Tazarotene,4.9,PubChem XLogP,OK,C21H21NO2S,351.5
5405,471.7,471.3137296,43.7,582,0,2,3,9,35,0,1,0,1,0,0,0,1,390.3,10,2,2,0,1,4,1,1,10.2,10,Terfenadine,6.6,PubChem XLogP,OK,C32H41NO2,471.7
5440,399.6,399.1802903,60.3,455,0,0,5,6,27,0,0,0,0,0,0,0,1,316.1,8,0,0,0,3,4,1,0.8,7.6,10,Thiethylperazine,5.4,PubChem XLogP,OK,C22H29N3S2,399.6
5452,370.6,370.1537412,57.1,432,0,0,4,4,25,0,1,0,1,0,0,0,1,293.1,7,0,0,0,2,4,1,0.8,5.6,10,Thioridazine,5.9,PubChem XLogP,OK,C21H26N2S2,370.6
5468,260.31,260.0507154,82.6,323,0,1,4,4,18,0,1,0,1,0,0,0,1,201.1,7,3,0,1,0,2,1,0.6,4,10,Tiaprofenic Acid,3.3,PubChem XLogP,OK,C14H12O3S,260.31
5503,311.4,311.1303627,86.9,431,0,2,4,3,21,0,0,0,0,0,0,0,1,234.7,7,3,2,0,0,2,0,0.8,6.4,10,Tolazamide,1.5,PubChem XLogP,OK,C14H21N3O3S,311.4
5505,270.35,270.1038136,83.7,354,0,2,3,5,18,0,0,0,0,0,0,0,1,207,7,3,2,0,0,1,1,0.8,7,10,Tolbutamide,2.3,PubChem XLogP,OK,C12H18N2O3S,270.35
5509,257.28,257.1051933,59.3,347,0,1,3,4,19,0,0,0,0,0,0,0,1,205.5,7,3,0,1,1,2,0,0.6,4,10,Tolmetin,2.8,PubChem XLogP,OK,C15H15NO3,257.28
5526,157.21,157.1102787,63.3,139,0,2,3,2,11,0,0,0,0,0,0,0,1,124.3,6,2,1,1,1,1,0,0.6,3.2,10,4-(Aminomethyl)cyclohexanecarboxylic acid,-2,PubChem XLogP,OK,C8H15NO2,157.21
5556,343.2,342.0439018,43.1,472,0,0,3,1,23,0,0,0,0,0,0,0,1,248,7,1,0,0,2,4,0,0.6,1.2,7,Triazolam,2.4,PubChem XLogP,OK,C17H12Cl2N4,343.2
5560,380.7,378.902181,135,571,0,3,7,2,20,0,1,0,1,0,0,0,1,231.2,10,4,3,0,1,2,0,0.6,2.6,7,Trichlormethiazide,0.6,PubChem XLogP,OK,C8H8Cl3N3O4S2,380.7
5576,143.14,143.0582431,46.6,197,0,0,3,0,10,0,0,0,0,0,0,0,1,109.2,4,2,0,0,0,1,1,0.4,0.6,1,Trimethadione,0.3,PubChem XLogP,OK,C6H9NO3,143.14
5578,290.32,290.1378905,106,307,0,2,7,5,21,0,0,0,0,0,0,0,1,219.9,8,3,2,0,1,2,0,0.8,5,10,Trimethoprim,0.9,PubChem XLogP,OK,C14H18N4O3,290.32
5583,369.4,369.1800896,118,457,0,3,8,6,27,0,0,0,0,0,0,0,1,281.5,11,3,3,0,2,3,0,0.8,6,10,Trimetrexate,2.5,PubChem XLogP,OK,C19H23N5O3,369.4
5584,294.4,294.2095988,6.5,317,0,0,2,4,22,0,1,0,1,0,0,0,1,244.4,6,0,0,0,2,3,1,0.8,4.6,10,Trimipramine,5.8,PubChem XLogP,OK,C20H26N2,294.4
5593,284.35,284.1524779,53.4,310,0,1,3,6,21,0,1,0,1,0,0,0,1,229,6,3,1,0,0,2,0,0.8,7,10,Tropicamide,1.5,PubChem XLogP,OK,C17H20N2O2,284.35
5663,395.5,395.1845063,71.1,593,0,1,5,4,29,0,0,0,0,0,0,0,1,306,10,4,1,0,1,4,0,0.8,6.8,10,Vesnarinone,2.1,PubChem XLogP,OK,C22H25N3O4,395.5
5665,129.16,129.0789786,63.3,112,0,2,3,4,9,0,1,0,1,0,0,0,1,105.4,6,2,1,1,1,0,1,0.6,4,10,Vigabatrin,-2.2,PubChem XLogP,OK,C6H11NO2,129.16
5717,575.7,575.209007,124,1010,0,2,6,9,41,0,0,0,0,0,0,0,1,440.7,13,5,2,0,1,5,0,1.4,12,10,Zafirlukast,5.5,PubChem XLogP,OK,C31H33N3O6S,575.7
5719,305.33,305.1276601,74.3,487,0,0,4,3,23,0,0,0,0,0,0,0,1,239.2,7,4,0,0,0,3,0,0.6,4,10,Zaleplon,1,PubChem XLogP,OK,C17H15N5O,305.33
5720,298.4,298.0663655,79.7,422,0,1,4,2,21,0,1,0,1,0,0,0,1,229.2,8,3,0,1,0,3,1,0.6,2.4,8,Zaltoprofen,3.5,PubChem XLogP,OK,C17H14O3S,298.4
5724,441.6,439.95748,77.9,595,0,1,5,4,26,0,0,0,0,0,0,0,1,283.2,9,4,0,1,0,3,1,0.8,4,10,Zenarestat,3.3,PubChem XLogP,OK,C17H11BrClFN2O4,441.6
5734,212.23,212.0255633,94.6,298,0,1,5,2,14,0,0,0,0,0,0,0,1,151.1,6,3,1,0,0,2,0,0.6,2,10,Zonisamide,0.2,PubChem XLogP,OK,C8H8N2O3S,212.23
5741,416,415.1914215,38.8,510,0,1,4,6,29,0,1,0,1,0,0,0,2,,,,,,,,,,,0,Donepezil Hydrochloride,,,Not applicable (ionic/extreme),C24H30ClNO3,416
5746,334.33,334.1277197,147,757,0,3,8,4,24,0,4,4,0,0,0,0,1,241.8,13,4,3,0,3,3,0,0.8,4.6,5,Mitomycin C,-0.4,PubChem XLogP,OK,C15H18N4O5,334.33
5754,362.5,362.2093241,94.8,684,0,3,5,2,26,0,7,7,0,0,0,0,1,274.5,12,5,3,0,0,4,0,0.8,3.8,2,Cortisol,1.6,PubChem XLogP,OK,C21H30O5,362.5
5756,288.4,288.1725446,60.7,411,0,3,3,0,21,0,6,6,0,0,0,0,1,225.3,9,2,3,0,0,4,0,0.6,1.4,1,Estriol,2.5,PubChem XLogP,OK,C18H24O3,288.4
5757,272.4,272.17763,40.5,382,0,2,2,0,20,0,5,5,0,0,0,0,1,217.1,7,1,2,0,0,4,0,0.6,1.4,1,Estradiol,4,PubChem XLogP,OK,C18H24O2,272.4
5790,246.19,246.0651996,99.1,386,0,3,6,2,17,0,3,3,0,0,0,0,1,170.6,10,5,3,0,0,2,0,0.6,3,10,Floxuridine,-1.2,PubChem XLogP,OK,C9H11FN2O5,246.19
5795,272.77,272.1291556,55.6,221,0,2,4,7,18,0,0,0,0,0,0,0,2,,,,,,,,,,,0,Procaine Hydrochloride,,,Not applicable (ionic/extreme),C13H21ClN2O2,272.77
5807,247.72,247.0975211,72.7,187,0,5,4,4,16,0,1,0,1,0,0,0,2,,,,,,,,,,,0,(+-)-Isoproterenol hydrochloride,,,Not applicable (ionic/extreme),C11H18ClNO3,247.72
5815,333.29,333.1059812,188,288,0,8,10,6,23,0,3,3,0,0,0,0,2,,,,,,,,,,,0,Epinephrine Bitartrate,,,Not applicable (ionic/extreme),C13H19NO9,333.29
5816,183.2,183.0895433,72.7,154,0,4,4,3,13,0,1,1,0,0,0,0,1,142.6,7,1,4,0,1,1,0,0.6,3,10,Epinephrine,-1.4,PubChem XLogP,OK,C9H13NO3,183.2
5824,334.39,334.1198576,104,337,0,0,6,3,22,0,0,0,0,0,0,0,2,,,,,,,,,,,0,Neostigmine Methylsulfate,,,Not applicable (ionic/extreme),C13H22N2O6S,334.39
5831,182.65,182.0822054,52.3,117,0,1,3,4,11,0,0,0,0,0,0,0,2,,,,,,,,,,,0,Carbachol,,,Not applicable (ionic/extreme),C6H15ClN2O2,182.65
5833,416.6,416.2021307,85.7,818,0,0,5,2,29,0,7,7,0,0,0,0,1,325,7,2,0,0,0,5,0,0.8,4.2,1,Spironolactone,2.9,PubChem XLogP,OK,C24H32O4S,416.6
5852,149.21,149.0510498,64.3,124,0,3,4,2,9,0,1,1,0,0,0,0,1,111.9,6,2,1,1,1,0,1,0.4,2,9,Penicillamine,-1.8,PubChem XLogP,OK,C5H11NO2S,149.21
5853,257.43,255.922579,55.8,183,0,1,4,3,12,0,1,0,1,0,0,0,1,156.8,3,2,1,0,0,0,0,0.6,4,10,Trichlorfon,0.5,PubChem XLogP,OK,C4H8Cl3O4P,257.43
5870,270.4,270.1619799,37.3,418,0,1,2,0,20,0,4,4,0,0,0,0,1,216.5,6,1,1,0,0,4,0,0.6,1.2,1,Estrone,3.1,PubChem XLogP,OK,C18H22O2,270.4
5878,306.4,306.2194948,46.5,503,0,1,3,0,22,0,7,7,0,0,0,0,1,239.9,7,2,1,0,0,4,0,0.6,2,1,Oxandrolone,3.7,PubChem XLogP,OK,C19H30O3,306.4
5893,664.4,664.1169476,318,1130,1,8,18,11,44,0,8,8,0,0,0,0,1,449.3,26,11,6,0,4,5,0,2,13,10,Nadide (JAN/USAN/INN),-5.9,PubChem XLogP,OK,C21H28N7O14P2+,664.4
5905,354.1,353.97127,99.1,386,0,3,5,2,17,0,3,3,0,0,0,0,1,191.2,11,5,3,0,0,2,1,0.6,3,10,Idoxuridine,-1,PubChem XLogP,OK,C9H11IN2O5,354.1
5910,208.26,208.1211778,44.1,245,0,0,3,3,15,0,2,2,0,0,0,0,1,167.6,5,1,0,0,1,2,1,0.6,3.8,10,Pilocarpine,1.1,PubChem XLogP,OK,C11H16N2O2,208.26
5936,184.15,184.0664595,35.5,144,0,0,4,4,11,0,0,0,0,0,0,0,1,134.5,3,1,0,0,0,0,2,0.6,4,10,Diisopropyl Fluorophosphate,1.2,PubChem XLogP,OK,C6H14FO3P,184.15
5962,146.19,146.1055277,89.3,106,0,3,4,5,10,0,1,1,0,0,0,0,1,116.7,7,2,2,1,2,0,0,0.6,5,10,L-Lysine,-3,PubChem XLogP,OK,C6H14N2O2,146.19
5965,716.6,714.23553,59.1,686,0,0,6,17,42,0,0,0,0,0,0,0,3,,,,,,,,,,,0,Demecarium Bromide,,,Not applicable (ionic/extreme),C32H52Br2N4O4,716.6
5983,275.35,275.1633769,44.8,403,0,1,4,2,20,0,2,2,0,0,0,0,1,216.3,7,1,1,0,2,3,0,0.6,3.8,10,Physostigmine,0.7,PubChem XLogP,OK,C15H21N3O2,275.35
5991,296.4,296.17763,40.5,505,0,2,2,1,22,0,5,5,0,0,0,0,1,238.8,8,1,2,0,0,4,1,0.6,1.4,1,Ethinylestradiol,3.7,PubChem XLogP,OK,C20H24O2,296.4
5994,314.5,314.2245802,34.1,589,0,0,2,1,23,0,6,6,0,0,0,0,1,254.3,6,2,0,0,0,4,0,0.6,2.8,2,Progesterone,3.9,PubChem XLogP,OK,C21H30O2,314.5
5997,386.7,386.3548661,20.2,591,0,1,1,5,28,0,8,8,0,0,0,0,1,325.9,9,1,1,0,0,4,3,0.8,7,8,Cholesterol,8.7,PubChem XLogP,OK,C27H46O,386.7
6013,288.4,288.2089301,37.3,508,0,1,2,0,21,0,6,6,0,0,0,0,1,230.1,7,2,1,0,0,4,0,0.6,1.8,1,Testosterone,3.3,PubChem XLogP,OK,C19H28O2,288.4
6014,320.9,320.1113975,31.8,298,0,1,3,3,21,0,1,0,1,0,0,0,2,,,,,,,,,,,0,Promethazine Hydrochloride,,,Not applicable (ionic/extreme),C17H21ClN2S,320.9
6047,197.19,197.0688078,104,209,0,4,5,3,14,0,1,1,0,0,0,0,1,147.5,8,2,3,1,1,1,0,0.6,3,10,Levodopa,-2.7,PubChem XLogP,OK,C9H11NO4,197.19
6049,292.24,292.0906655,156,315,0,4,10,11,20,0,0,0,0,0,0,0,1,211.7,14,8,0,4,2,0,0,1,11,10,Ethylenediaminetetraacetic Acid,-5.9,PubChem XLogP,OK,C10H16N2O8,292.24
6081,247.72,247.0975211,64.7,189,0,3,4,4,16,0,2,0,2,0,0,0,2,,,,,,,,,,,0,"2-Amino-1-(2,5-dimethoxyphenyl)propan-1-ol hydrochloride",,,Not applicable (ionic/extreme),C11H18ClNO3,247.72
6083,347.22,347.0630848,186,481,0,5,11,4,23,0,4,4,0,0,0,0,1,232.7,17,6,3,1,4,3,0,0.8,5,10,Adenosine Monophosphate,-3.5,PubChem XLogP,OK,C10H14N5O7P,347.22
6100,414.4,413.06603,65.6,349,0,0,3,3,24,0,0,0,0,0,0,0,2,,,,,,,,,,,0,Bretylium Tosylate,,,Not applicable (ionic/extreme),C18H24BrNO3S,414.4
6140,165.19,165.0789786,63.3,153,0,2,3,3,12,0,1,1,0,0,0,0,1,132.1,6,2,1,1,1,1,0,0.6,3,10,L-Phenylalanine,-1.5,PubChem XLogP,OK,C9H11NO2,165.19
6215,452.5,452.201045,93.1,960,0,2,8,2,32,0,9,9,0,0,0,0,1,330.1,14,6,2,0,0,5,1,0.8,3.6,2,Fluocinolone Acetonide,2.5,PubChem XLogP,OK,C24H30F2O6,452.5
6230,298.4,298.1932801,37.3,594,0,1,2,1,22,0,6,6,0,0,0,0,1,240.1,8,2,1,0,0,4,1,0.6,1.8,2,Norethindrone,3,PubChem XLogP,OK,C20H26O2,298.4
6253,243.22,243.0855205,129,383,0,4,5,2,17,0,4,4,0,0,0,0,1,170.8,12,5,5,0,0,2,0,0.6,3,10,Cytarabine,-2.1,PubChem XLogP,OK,C9H13N3O5,243.22
6256,296.2,296.0620059,99.1,464,0,3,8,2,20,0,3,3,0,0,0,0,1,195.8,10,5,3,0,0,2,0,0.6,4,10,Trifluridine,-0.5,PubChem XLogP,OK,C10H11F3N2O5,296.2
6274,155.15,155.0694765,92,151,0,3,4,3,11,0,1,1,0,0,0,0,1,117.2,8,2,2,1,2,1,0,0.6,3,10,L-Histidine,-3.2,PubChem XLogP,OK,C6H9N3O2,155.15
6279,386.5,386.2457096,60.4,767,0,0,4,3,28,0,7,7,0,0,0,0,1,303,7,3,0,0,0,4,0,0.8,4.8,3,Medroxyprogesterone Acetate,4.1,PubChem XLogP,OK,C24H34O4,386.5
6287,117.15,117.0789786,63.3,90,0,2,3,2,8,0,1,1,0,0,0,0,1,94.4,6,2,1,1,1,0,1,0.4,2,8,L-Valine,-2.3,PubChem XLogP,OK,C5H11NO2,117.15
6288,119.12,119.0582431,83.6,93,0,3,4,2,8,0,2,2,0,0,0,0,1,88.9,7,3,2,1,1,0,0,0.4,2,9,L-Threonine,-2.9,PubChem XLogP,OK,C4H9NO3,119.12
6306,131.17,131.0946287,63.3,103,0,2,3,3,9,0,2,2,0,0,0,0,1,106.1,7,2,1,1,1,0,2,0.6,3,10,L-Isoleucine,-1.7,PubChem XLogP,OK,C6H13NO2,131.17
6314,270.8,270.1498911,32.3,228,0,2,2,5,18,0,0,0,0,0,0,0,2,,,,,,,,,,,0,Lidocaine Hydrochloride,,,Not applicable (ionic/extreme),C14H23ClN2O,270.8
6446,336.4,336.2100729,57.5,630,0,2,4,0,24,0,7,7,0,0,0,0,1,258.3,9,3,2,0,0,4,0,0.6,1.8,1,Fluoxymesterone,2.4,PubChem XLogP,OK,C20H29FO3,336.4
6726,266.4,266.1782987,6.5,253,0,0,2,3,20,0,0,0,0,0,0,0,1,220.6,5,0,0,0,2,3,0,0.6,4.2,6,Cyclizine,3.6,PubChem XLogP,OK,C18H22N2,266.4
6883,236.14,236.0280652,129,268,0,0,8,2,16,0,4,4,0,0,0,0,1,155,8,6,0,0,0,2,0,0.6,5.2,10,Isosorbide Dinitrate,1.3,PubChem XLogP,OK,C6H8N2O8,236.14
7550,261.12,260.01604,33.4,182,0,0,3,2,14,0,0,0,0,0,0,0,2,,,,,,,,,,,0,Pyridostigmine Bromide,,,Not applicable (ionic/extreme),C9H13BrN2O2,261.12
8246,303.2,302.06299,29.5,246,0,0,3,3,17,0,0,0,0,0,0,0,2,,,,,,,,,,,0,Neostigmine Bromide,,,Not applicable (ionic/extreme),C12H19BrN2O2,303.2
8248,452.6,452.2205747,171,222,0,4,6,8,31,0,0,0,0,0,0,0,3,,,,,,,,,,,0,Batel,,,Not applicable (ionic/extreme),C20H32N6O4S,452.6
8280,157.17,157.0738932,46.6,214,0,0,3,1,11,0,1,0,1,0,0,0,1,121.3,4,2,0,0,0,1,1,0.4,1.6,6,Paramethadione,0.8,PubChem XLogP,OK,C7H11NO3,157.17
8288,608.5,606.206187,58.2,614,0,2,4,14,38,0,0,0,0,0,0,0,3,,,,,,,,,,,0,Ambenonium Chloride,,,Not applicable (ionic/extreme),C28H42Cl4N4O2,608.5
8307,201.69,201.0920418,20.2,145,0,1,2,2,13,0,0,0,0,0,0,0,2,,,,,,,,,,,0,Edrophonium Chloride,,,Not applicable (ionic/extreme),C10H16ClNO,201.69
8366,248.32,248.1524779,79.1,212,0,3,3,3,18,0,1,0,1,0,0,0,2,,,,,,,,,,,0,Etryptamine Acetate,,,Not applicable (ionic/extreme),C14H20N2O2,248.32
8695,300.82,300.1604557,41.6,249,0,2,4,9,20,0,0,0,0,0,0,0,2,,,,,,,,,,,0,Tetracaine Hydrochloride,,,Not applicable (ionic/extreme),C15H25ClN2O2,300.82
8955,316.5,316.2402303,37.3,550,0,1,2,1,23,0,7,7,0,0,0,0,1,256,7,2,1,0,0,4,0,0.6,3,2,Pregnenolone,4.2,PubChem XLogP,OK,C21H32O2,316.5
9034,262.3,262.1317424,66.5,497,0,1,3,3,19,0,2,0,2,0,0,0,1,207.1,8,3,1,0,0,1,3,0.6,3.6,10,Methohexital,2.3,PubChem XLogP,OK,C14H18N2O3,262.3
9051,312.4,312.2089301,34.1,628,0,0,2,1,23,0,6,6,0,0,0,0,1,252.8,6,2,0,0,0,4,0,0.6,2.4,2,Dydrogesterone,3.8,PubChem XLogP,OK,C21H28O2,312.4
9270,384.5,384.2300595,52.6,758,0,0,4,5,28,0,7,7,0,0,0,0,1,303.5,7,2,0,0,0,4,1,0.8,6,6,Ethynodiol Diacetate,3.9,PubChem XLogP,OK,C24H32O4,384.5
9373,195.69,195.0814771,3.2,159,0,1,1,3,13,0,0,0,0,0,0,0,2,,,,,,,,,,,0,Pargyline Hydrochloride,,,Not applicable (ionic/extreme),C11H14ClN,195.69
9433,420.43,420.1981993,191,273,0,4,8,1,30,0,0,0,0,0,0,0,3,,,,,,,,,,,0,Aminophylline,,,Not applicable (ionic/extreme),C16H24N10O4,420.43
9642,494.5,494.2116097,99.1,1070,0,1,9,4,35,0,9,9,0,0,0,0,1,362.3,13,6,1,0,0,5,1,0.8,5.6,10,Fluocinonide,3.2,PubChem XLogP,OK,C26H32F2O7,494.5
9651,287.35,287.1521435,41.9,440,0,1,4,1,21,0,3,3,0,0,0,0,1,218.5,9,3,1,0,1,4,0,0.6,2.4,4,(-)-Galantamine,1.8,PubChem XLogP,OK,C17H21NO3,287.35
9681,353.5,353.2103271,57.5,578,0,2,3,4,26,0,3,3,0,0,0,0,1,279.9,11,2,2,0,2,4,1,0.8,5.8,10,Methysergide,2.3,PubChem XLogP,OK,C21H27N3O2,353.5
9878,376.5,376.2049876,74.6,787,0,2,5,1,27,0,8,8,0,0,0,0,1,287.9,10,4,2,0,0,4,0,0.6,2.4,2,Fluorometholone,2,PubChem XLogP,OK,C22H29FO4,376.5
10133,392.6,392.2926598,77.8,605,0,3,4,4,28,0,10,10,0,0,0,0,1,310.5,12,4,2,1,0,4,1,0.8,6.2,5,Chenodeoxycholic Acid,4.9,PubChem XLogP,OK,C24H40O4,392.6
10547,383.23,383.0181,60.8,208,0,0,5,8,16,0,0,0,0,0,0,0,2,,,,,,,,,,,0,Echothiophate Iodide,,,Not applicable (ionic/extreme),C9H23INO3PS,383.23
10649,527.6,526.2630027,59.8,532,0,2,4,11,36,0,0,0,0,0,0,0,3,,,,,,,,,,,0,Dequalinium Chloride,,,Not applicable (ionic/extreme),C30H40Cl2N4,527.6
10660,470,469.1880675,81.8,509,0,1,5,6,33,0,0,0,0,0,0,0,2,,,,,,,,,,,0,Dimenhydrinate,,,Not applicable (ionic/extreme),C24H28ClN5O3,470
10917,161.2,161.1051933,60.4,134,0,1,3,3,11,0,1,1,0,0,0,0,1,128.7,6,3,1,1,1,0,0,0.6,4,5,(-)-Carnitine,-0.2,PubChem XLogP,OK,C7H15NO3,161.2
11065,313.9,313.1597275,3.2,331,0,1,1,3,22,0,0,0,0,0,0,0,2,,,,,,,,,,,0,Amitriptyline Hydrochloride,,,Not applicable (ionic/extreme),C20H24ClN,313.9
11224,388.5,388.199822,100,369,0,2,7,9,28,0,1,0,1,0,0,0,2,,,,,,,,,,,0,Donormil,,,Not applicable (ionic/extreme),C21H28N2O5,388.5
11693,398.3,397.12526,46.5,424,0,1,4,5,24,0,2,0,2,0,0,0,2,,,,,,,,,,,0,Glycopyrrolate,,,Not applicable (ionic/extreme),C19H28BrNO3,398.3
13109,312.4,312.2089301,37.3,609,0,1,2,2,23,0,6,6,0,0,0,0,1,251.4,9,2,1,0,0,4,2,0.6,2.8,1,Levonorgestrel,3.3,PubChem XLogP,OK,C21H28O2,312.4
13221,203.75,203.1440774,12,197,0,2,1,1,13,0,3,0,3,0,0,0,2,,,,,,,,,,,0,Mecamylamine Hydrochloride,,,Not applicable (ionic/extreme),C11H22ClN,203.75
13769,300.4,300.1725446,43.4,602,0,0,3,0,22,0,5,5,0,0,0,0,1,234.1,6,2,0,0,0,4,0,0.6,1.4,1,Testolactone,3,PubChem XLogP,OK,C19H24O3,300.4
14677,296.4,296.1347198,31.8,339,0,0,3,2,21,0,1,0,1,0,0,0,1,237.1,6,0,0,0,2,4,0,0.6,3.4,7,Methdilazine,5.2,PubChem XLogP,OK,C18H20N2S,296.4
15130,353.5,353.2354792,29.5,404,0,0,3,9,26,0,2,2,0,0,0,0,1,290.1,5,1,0,0,1,2,1,1,9,7,Levomethadyl Acetate,4.3,PubChem XLogP,OK,C23H31NO2,353.5
15209,436.5,436.2261169,93.1,868,0,2,7,2,31,0,9,9,0,0,0,0,1,327,14,6,2,0,0,5,1,0.8,4,4,Flurandrenolide,1.4,PubChem XLogP,OK,C24H33FO6,436.5
15851,274.18,273.0687196,29.1,269,0,2,2,2,17,0,1,0,1,0,0,0,2,,,,,,,,,,,0,Ketamine Hydrochloride,,,Not applicable (ionic/extreme),C13H17Cl2NO,274.18
16078,314.5,314.2245802,29.5,439,0,1,2,4,23,0,2,2,0,0,0,0,1,260.6,8,1,1,0,0,3,3,0.8,4.8,10,Tetrahydrocannabinol,7,PubChem XLogP,OK,C21H30O2,314.5
16362,461.5,461.2278689,35.6,632,0,1,4,7,34,0,0,0,0,0,0,0,1,362.6,8,1,1,0,1,5,0,1,8.2,10,Pimozide,6.3,PubChem XLogP,OK,C28H29F2N3O,461.5
19648,1457.4,1456.433479,922,1020,0,30,42,18,95,0,30,30,0,0,0,0,5,,,,,,,,,,,0,Streptomycin Sulfate,,,Not applicable (ionic/extreme),C42H84N14O36S3,1457.4
20179,266.6,264.99403,36.4,222,0,3,1,2,15,0,0,0,0,0,0,0,2,,,,,,,,,,,0,Clonidine Hydrochloride,,,Not applicable (ionic/extreme),C9H10Cl3N3,266.6
20279,285.69,285.062867,119,338,0,3,7,2,19,0,3,3,0,0,0,0,1,196.2,13,3,3,0,4,3,0,0.6,3,10,Cladribine,0.8,PubChem XLogP,OK,C10H12ClN5O3,285.69
21467,215.72,215.1076919,35.3,139,0,2,2,3,14,0,1,0,1,0,0,0,2,,,,,,,,,,,0,Mexiletine Hydrochloride,,,Not applicable (ionic/extreme),C11H18ClNO,215.72
21850,269.3,269.1487895,116,310,0,3,5,1,19,0,0,0,0,0,0,0,2,,,,,,,,,,,0,Ambuphylline,,,Not applicable (ionic/extreme),C11H19N5O3,269.3
22502,588.7,588.2617708,169,752,0,4,10,11,41,0,3,3,0,0,0,0,3,,,,,,,,,,,0,"4-Thia-1-azabicyclo(3.2.0)heptane-2-carboxylic acid, 3,3-dimethyl-7-oxo-6-((phenylacetyl)amino)-(2S,5R,6R)-, compd. with 2-(diethylamino)ethyl 4-aminobenzoate, hydrate (1:1:1)",,,Not applicable (ionic/extreme),C29H40N4O7S,588.7
23422,771.7,770.2948159,85.6,990,0,8,13,2,52,0,2,2,0,0,0,0,8,,,,,,,,,,,0,(+)-Tubocurarine chloride pentahydrate,,,Not applicable (ionic/extreme),C37H52Cl2N2O11,771.7
24244,906.6,906.16018,55.4,1060,0,0,8,4,50,0,2,2,0,0,0,0,3,,,,,,,,,,,0,Metocurine Iodide,,,Not applicable (ionic/extreme),C40H48I2N2O6,906.6
24843,246.48,246.0107241,95.6,62,0,7,11,0,13,0,0,0,0,0,0,0,9,,,,,,,,,,,0,Magnesium Sulfate Heptahydrate,,,Not applicable (ionic/extreme),H14MgO11S,246.48
26757,187.28,187.1360995,3.2,195,0,0,1,4,14,0,1,1,0,0,0,0,1,166.7,3,0,0,0,1,1,1,0.6,4,10,Selegiline,2.8,PubChem XLogP,OK,C13H17N,187.28
26758,223.74,223.1127773,3.2,195,0,1,1,4,15,0,1,1,0,0,0,0,2,,,,,,,,,,,0,Selegiline Hydrochloride,,,Not applicable (ionic/extreme),C13H18ClN,223.74
27072,308.2,307.1105844,41.5,242,0,3,3,6,19,0,1,0,1,0,0,0,2,,,,,,,,,,,0,"2-Propanol, 1-(2-chloro-5-methylphenoxy)-3-((1,1-dimethylethyl)amino)-, hydrochloride (1:1)",,,Not applicable (ionic/extreme),C14H23Cl2NO2,308.2
27522,576.3,574.07903,66.8,487,0,0,6,11,32,0,0,0,0,0,0,0,3,,,,,,,,,,,0,Distigmine Bromide,,,Not applicable (ionic/extreme),C22H32Br2N4O4,576.3
27661,191.14,191.042987,93.7,216,0,1,6,1,13,0,4,4,0,0,0,0,1,129.8,8,5,1,0,0,2,0,0.6,3.2,7,Isosorbide Mononitrate,-0.4,PubChem XLogP,OK,C6H9NO6,191.14
28620,943.1,942.4824301,282,1760,0,9,19,10,66,0,26,26,0,0,0,0,1,,,,,,,,,,,0,Deslanoside,-0.3,PubChem XLogP,OK,C47H74O19,943.1
30751,365.21,365.0536629,186,514,0,5,12,4,24,0,4,4,0,0,0,0,1,241.1,17,6,3,1,4,3,0,0.8,5,10,Fludarabine Phosphate,-3.1,PubChem XLogP,OK,C10H13FN5O7P,365.21
31100,750.7,749.2094,181,1320,0,4,9,5,48,0,6,6,0,0,0,0,2,,,,,,,,,,,0,Bromocriptine Mesylate,,,Not applicable (ionic/extreme),C33H44BrN5O8S,750.7
31101,654.6,653.22128,118,1230,0,3,6,5,43,0,6,6,0,0,0,0,1,462,20,5,3,0,2,7,3,1,8,10,Bromocriptine,3.8,PubChem XLogP,OK,C32H40BrN5O5,654.6
31477,309.4,309.1940083,67.8,348,0,2,5,8,22,0,1,0,1,0,0,0,1,250.5,8,3,2,0,1,1,1,0.8,8,10,Metipranolol,2.7,PubChem XLogP,OK,C17H27NO4,309.4
31640,352.7,352.0590252,32.7,503,0,0,5,2,24,0,0,0,0,0,0,0,1,250.6,5,2,0,0,0,3,0,0.6,3.4,6,Halazepam,4,PubChem XLogP,OK,C17H12ClF3N2O,352.7
31703,543.5,543.1740607,206,977,0,6,12,5,39,0,6,6,0,0,0,0,1,385.7,21,9,6,0,1,5,0,1,7,10,Doxorubicin,1.3,PubChem XLogP,OK,C27H29NO11,543.5
33032,147.13,147.0531578,101,145,0,3,5,4,10,0,1,1,0,0,0,0,1,108.5,8,4,1,2,1,0,0,0.6,4,10,L-Glutamic Acid,-3.7,PubChem XLogP,OK,C5H9NO4,147.13
33572,287.35,287.1521435,72.7,284,0,4,4,6,21,0,2,2,0,0,0,0,1,232.1,8,1,4,0,1,2,0,0.8,6,10,Ritodrine,2.3,PubChem XLogP,OK,C17H21NO3,287.35
33630,524,523.170133,23.5,647,0,1,7,7,36,0,0,0,0,0,0,0,1,386.4,7,1,1,0,1,4,0,1,9.2,10,Penfluridol,7.3,PubChem XLogP,OK,C28H27ClF5NO,524
34312,252.27,252.0898776,63.4,382,0,1,2,0,19,0,0,0,0,0,0,0,1,194.9,6,2,1,0,0,3,0,0.6,1.4,8,Oxcarbazepine,1.7,PubChem XLogP,OK,C15H12N2O2,252.27
34521,207.23,207.0895433,49.8,244,0,1,3,2,15,0,1,0,1,0,0,0,1,160.9,5,2,1,0,0,2,0,0.6,2.8,10,Toloxatone,1.2,PubChem XLogP,OK,C11H13NO3,207.23
34632,464,463.1332552,96.4,601,0,2,6,6,31,0,0,0,0,0,0,0,2,,,,,,,,,,,0,Ethmozine,,,Not applicable (ionic/extreme),C22H26ClN3O4S,464
34633,427.5,427.1565775,96.4,601,0,1,6,6,30,0,0,0,0,0,0,0,1,326.6,9,3,1,0,1,4,0,1,9.6,10,Moricizine,3,PubChem XLogP,OK,C22H25N3O4S,427.5
35329,557.7,557.2083383,148,751,0,3,9,10,39,0,1,0,1,0,0,0,2,,,,,,,,,,,0,Bitolterol Mesylate,,,Not applicable (ionic/extreme),C29H35NO8S,557.7
36462,588.6,588.1842911,161,969,0,3,13,5,42,0,10,10,0,0,0,0,1,418,21,11,3,0,0,7,0,1,8,6,Etoposide,0.6,PubChem XLogP,OK,C29H32O13,588.6
36708,377.9,377.1757714,58.6,368,0,3,4,11,26,0,1,0,1,0,0,0,2,,,,,,,,,,,0,Propafenone Hydrochloride,,,Not applicable (ionic/extreme),C21H28ClNO3,377.9
36811,301.4,301.1677936,72.7,305,0,4,4,7,22,0,1,0,1,0,0,0,1,244.4,7,0,4,0,1,2,0,0.8,7,10,Dobutamine,3.4,PubChem XLogP,OK,C18H23NO3,301.4
37274,325.79,325.1305526,81.4,397,0,2,6,6,22,0,0,0,0,0,0,0,2,,,,,,,,,,,0,Etazolate Hydrochloride,,,Not applicable (ionic/extreme),C14H20ClN5O2,325.79
37542,244.2,244.0807695,144,304,0,4,7,3,17,0,4,4,0,0,0,0,1,169.5,13,5,4,0,2,2,0,0.6,4,10,Ribavirin,-1.8,PubChem XLogP,OK,C8H12N4O5,244.2
38911,268.35,268.1786926,86.8,335,0,3,4,2,19,0,0,0,0,0,0,0,2,,,,,,,,,,,0,Ciclopirox Olamine,,,Not applicable (ionic/extreme),C14H24N2O3,268.35
38945,192.26,192.1262631,55.1,195,0,2,2,2,14,0,1,0,1,0,0,0,1,159.1,5,1,2,0,1,1,0,0.6,3,5,Tocainide,0.8,PubChem XLogP,OK,C11H16N2O,192.26
39147,309.4,309.1940083,82,344,0,4,5,6,22,0,3,2,1,0,0,0,1,244.5,12,4,4,0,1,2,1,0.8,6.8,10,Nadolol,0.7,PubChem XLogP,OK,C17H27NO4,309.4
39859,576.7,576.2716668,228,309,0,10,12,10,39,0,2,0,2,0,0,0,3,,,,,,,,,,,0,Albuterol Sulfate,,,Not applicable (ionic/extreme),C26H44N2O10S,576.7
40973,310.5,310.2296656,20.2,605,0,1,1,2,23,0,6,6,0,0,0,0,1,255.5,8,1,1,0,0,4,2,0.6,2.8,1,Desogestrel,4.9,PubChem XLogP,OK,C22H30O,310.5
41022,474.4,474.1589408,96.9,531,0,3,12,7,32,0,1,0,1,0,0,0,2,,,,,,,,,,,0,Flecainide Acetate,,,Not applicable (ionic/extreme),C19H24F6N2O5,474.4
41114,516,515.1823134,114,856,0,2,8,10,36,0,1,0,1,0,0,0,2,,,,,,,,,,,0,Nicardipine Hydrochloride,,,Not applicable (ionic/extreme),C26H30ClN3O6,516
41693,386.6,386.2027994,61,459,0,0,4,8,27,0,0,0,0,0,0,0,1,309.7,7,2,0,0,1,3,1,1,10.2,10,Sufentanil,4,PubChem XLogP,OK,C22H30N2O2S,386.6
41774,645.6,645.2480135,321,962,0,14,19,9,44,0,19,18,1,0,0,0,1,441.4,37,18,14,0,1,4,0,1.2,13.4,10,"(3R,4R,5S,6R)-5-(((2R,3R,4R,5S,6R)-5-(((2R,3R,4S,5S,6R)-3,4-dihydroxy-6-methyl-5-(((1S,4R,5S,6S)-4,5,6-trihydroxy-3-(hydroxymethyl)cyclohex-2-en-1-yl)amino)oxan-2-yl)oxy)-3,4-dihydroxy-6-(hydroxymethyl)oxan-2-yl)oxy)-6-(hydroxymethyl)oxane-2,3,4-triol",-8.5,PubChem XLogP,OK,C25H43NO18,645.6
42113,168.04,168.0009837,9.2,97,0,0,7,2,10,0,1,0,1,0,0,0,1,94.5,1,1,0,0,0,0,0,0.6,3,6,Desflurane,2.6,PubChem XLogP,OK,C3H2F6O,168.04
43815,329.4,329.1427217,39.7,402,0,1,5,4,24,0,2,2,0,0,0,0,1,252.1,9,3,1,0,1,4,0,0.8,5.8,10,Paroxetine,3.5,PubChem XLogP,OK,C19H20FNO3,329.4
44093,217.29,217.0772645,58.6,244,0,2,4,3,14,0,2,2,0,0,0,0,1,163.7,6,3,0,1,0,1,1,0.6,5,10,Captopril,0.3,PubChem XLogP,OK,C9H15NO3S,217.29
44561,191.95,191.9176429,103,103,0,0,5,0,10,0,0,0,0,0,0,0,4,,,,,,,,,,,0,Foscarnet Sodium,,,Not applicable (ionic/extreme),CNa3O5P,191.95
44571,310.19,309.03644,34.4,283,0,1,3,2,18,0,0,0,0,0,0,0,1,206.8,8,2,1,0,1,3,1,0.6,3.2,10,Brofaromine,3.1,PubChem XLogP,OK,C14H16BrNO2,310.19
47576,531.4,530.1487608,69.1,735,0,0,6,7,36,0,2,2,0,0,0,0,1,390.3,11,4,0,0,2,5,0,1,10.2,10,Ketoconazole,4.3,PubChem XLogP,OK,C26H28Cl2N4O4,531.4
48040,388.9,388.1917559,41.6,434,0,2,3,6,27,0,1,0,1,0,0,0,2,,,,,,,,,,,0,Encainide Hydrochloride,,,Not applicable (ionic/extreme),C22H29ClN2O2,388.9
50294,371.3,371.1005019,121,753,0,2,8,5,27,0,0,0,0,0,0,0,1,272.9,14,7,0,2,1,3,1,0.8,5,3,Nedocromil,2.2,PubChem XLogP,OK,C19H17NO7,371.3
50963,288.8,288.0923934,114,296,0,4,4,7,18,0,0,0,0,0,0,0,2,,,,,,,,,,,0,Cimetidine Hydrochloride,,,Not applicable (ionic/extreme),C10H17ClN6S,288.8
51082,517.4,516.1542401,163,571,0,10,10,12,34,0,0,0,0,0,0,0,3,,,,,,,,,,,0,Mitoxantrone Hydrochloride,,,Not applicable (ionic/extreme),C22H30Cl2N4O6,517.4
52542,338.4,338.1266571,71.8,495,0,0,5,6,25,0,1,0,1,0,0,0,1,264.4,7,4,0,0,0,3,0,0.8,6.8,10,Cimoxatone,2.6,PubChem XLogP,OK,C19H18N2O4,338.4
53232,404.5,404.2562742,72.8,666,0,1,5,7,29,0,8,8,0,0,0,0,1,320.6,9,3,1,0,0,3,2,1,9,10,Lovastatin,4.3,PubChem XLogP,OK,C24H36O5,404.5
53359,357.3,357.064649,81.9,486,0,1,7,4,24,0,0,0,0,0,0,0,1,258,7,4,0,1,0,2,0,0.8,6,10,Tolrestat,3.7,PubChem XLogP,OK,C16H14F3NO3S,357.3
54343,353.8,353.0488569,91.9,475,0,2,5,7,23,0,0,0,0,0,0,0,1,259.2,8,4,1,1,0,2,0,0.8,7,10,Daltroban,2.9,PubChem XLogP,OK,C16H16ClNO4S,353.8
54384,457,456.1979841,64.3,681,0,2,5,4,32,0,2,2,0,0,0,0,2,,,,,,,,,,,0,Levocabastine hydrochloride,,,Not applicable (ionic/extreme),C26H30ClFN2O2,457
54405,442.22,441.0284,177,442,0,6,9,5,27,0,2,2,0,0,0,0,2,,,,,,,,,,,0,Brimonidine Tartrate,,,Not applicable (ionic/extreme),C15H16BrN5O6,442.22
54454,418.6,418.2719243,72.8,706,0,1,5,7,30,0,7,7,0,0,0,0,1,332.3,9,3,1,0,0,3,2,1,9,10,Simvastatin,4.7,PubChem XLogP,OK,C25H38O5,418.6
54746,451.6,451.2947254,71.7,713,0,2,4,8,33,0,3,3,0,0,0,0,1,358.7,12,2,2,0,3,4,1,1.2,12,10,Cabergoline,3.4,PubChem XLogP,OK,C26H37N5O2,451.6
54889,535,534.2132792,114,742,0,3,8,12,37,0,3,3,0,0,0,0,2,,,,,,,,,,,0,Moexipril Hydrochloride,,,Not applicable (ionic/extreme),C27H35ClN2O7,535
54891,475,474.1921498,95.9,648,0,3,6,10,33,0,3,3,0,0,0,0,2,,,,,,,,,,,0,Quinapril Hydrochloride,,,Not applicable (ionic/extreme),C25H31ClN2O5,475
54892,438.5,438.2154721,95.9,648,0,2,6,10,32,0,3,3,0,0,0,0,1,344.9,10,4,1,1,1,3,0,1.2,11.8,10,Quinapril,1.2,PubChem XLogP,OK,C25H30N2O5,438.5
54900,510,509.1427572,98.2,655,0,3,6,7,35,0,0,0,0,0,0,0,2,,,,,,,,,,,0,Raloxifene Hydrochloride,,,Not applicable (ionic/extreme),C28H28ClNO4S,510
55245,429.6,429.2667794,40.5,921,0,1,3,3,32,0,5,5,0,0,0,0,1,350,10,2,1,0,1,5,1,0.8,3.8,1,Mifepristone,3.8,PubChem XLogP,OK,C29H35NO2,429.6
56329,435.5,435.2369358,100,608,0,3,8,9,31,0,3,3,0,0,0,0,2,,,,,,,,,,,0,Cilazapril Monohydrate,,,Not applicable (ionic/extreme),C22H33N3O6,435.5
56801,603.7,603.3196028,139,629,0,6,8,17,44,0,1,0,1,0,0,0,2,,,,,,,,,,,0,Salmeterol Xinafoate,,,Not applicable (ionic/extreme),C36H45NO7,603.7
59694,259.73,259.0876252,41.6,311,0,1,2,1,18,0,1,0,1,0,0,0,2,,,,,,,,,,,0,"Benzonitrile, 4-(5,6,7,8-tetrahydroimidazo(1,5-a)pyridin-5-yl)-, hydrochloride (1:1)",,,Not applicable (ionic/extreme),C14H14ClN3,259.73
59772,413.5,413.1620568,148,498,0,4,8,9,28,0,0,0,0,0,0,0,2,,,,,,,,,,,0,Sumatriptan Succinate,,,Not applicable (ionic/extreme),C18H27N3O6S,413.5
59774,365.9,365.1506193,41.8,440,0,3,4,2,25,0,1,0,1,0,0,0,4,,,,,,,,,,,0,Zofran,,,Not applicable (ionic/extreme),C18H24ClN3O3,365.9
60168,1106.1,1104.47284,163,1540,0,0,18,29,76,0,4,0,4,0,0,0,3,,,,,,,,,,,0,Doxacurium chloride [VANDF],,,Not applicable (ionic/extreme),C56H78Cl2N2O16,1106.1
60198,296.4,296.17763,34.1,653,0,0,2,0,22,0,5,5,0,0,0,0,1,238.9,6,2,0,0,0,4,0,0.6,1,1,Exemestane,3.1,PubChem XLogP,OK,C20H24O2,296.4
60490,236.29,236.0619488,94.8,275,0,2,3,2,16,0,1,0,1,0,0,0,1,178.3,4,1,1,0,0,2,0,0.6,3,10,Zileuton,1.6,PubChem XLogP,OK,C11H12N2O2S,236.29
60496,567.1,566.1489648,163,830,0,3,10,11,38,0,1,0,1,0,0,0,2,,,,,,,,,,,0,Amlodipine Besylate,,,Not applicable (ionic/extreme),C26H31ClN2O8S,567.1
60594,656.9,656.4261335,192,968,0,7,8,18,47,0,5,5,0,0,0,0,1,,,,,,,,,,,0,Enalkiren,3.6,PubChem XLogP,OK,C35H56N6O6,656.9
60662,568.5,567.2430757,67.5,709,0,3,6,12,38,0,2,2,0,0,0,0,3,,,,,,,,,,,0,Mibefradil Dihydrochloride,,,Not applicable (ionic/extreme),C29H40Cl2FN3O3,568.5
60692,374.9,374.0195483,151,547,0,3,7,4,21,0,1,1,0,0,0,0,2,,,,,,,,,,,0,Sezolamide Hydrochloride,,,Not applicable (ionic/extreme),C11H19ClN2O4S3,374.9
60699,457.9,457.1404486,103,867,0,3,7,3,32,0,1,1,0,0,0,0,2,,,,,,,,,,,0,Topotecan Hydrochloride,,,Not applicable (ionic/extreme),C23H24ClN3O5,457.9
60750,263.2,263.0717622,108,426,0,3,6,2,18,0,3,3,0,0,0,0,1,176.4,10,4,4,0,0,2,0,0.6,3,10,Gemcitabine,-1.5,PubChem XLogP,OK,C9H11F2N3O4,263.2
60781,514.6,514.2209686,226,683,0,6,9,11,35,0,3,3,0,0,0,0,2,,,,,,,,,,,0,"L-Prolinamide, N-methyl-D-phenylalanyl-N-((1S)-4-((aminoiminomethyl)amino)-1-formylbutyl)-, sulfate (1:1)",,,Not applicable (ionic/extreme),C21H34N6O7S,514.6
60790,384.4,384.1685219,89.1,529,0,3,6,9,28,0,1,0,1,0,0,0,1,298.9,12,5,3,0,1,3,0,1,9,10,Toborinone,1.7,PubChem XLogP,OK,C21H24N2O5,384.4
60795,448.4,447.1480325,44.8,559,0,1,4,7,30,0,0,0,0,0,0,0,1,337.2,9,2,1,0,2,4,0,1.2,8.8,10,Aripiprazole,4.6,PubChem XLogP,OK,C23H27Cl2N3O2,448.4
60822,1155.3,1154.452942,229,817,0,6,12,22,83,0,4,4,0,0,0,0,3,,,,,,,,,,,0,Atorvastatin Calcium,,,Not applicable (ionic/extreme),C66H68CaF2N4O10,1155.3
60824,349.3,349.1137072,68.2,412,0,1,8,7,24,0,2,2,0,0,0,0,1,251.5,7,4,1,0,0,2,0,1,8.8,10,Befloxatone,2.2,PubChem XLogP,OK,C15H18F3NO5,349.3
60837,677.2,676.2875067,116,1200,0,5,11,5,47,0,1,1,0,0,0,0,5,,,,,,,,,,,0,Camptosar,,,Not applicable (ionic/extreme),C33H45ClN4O9,677.2
60846,435.5,435.2270398,112,608,0,2,6,10,32,0,1,1,0,0,0,0,1,345,10,3,0,1,1,3,2,1,11,10,Valsartan,4.4,PubChem XLogP,OK,C24H29N5O3,435.5
60855,332.31,332.133199,201,518,0,7,8,6,23,0,5,5,0,0,0,0,1,234.9,16,7,6,1,1,1,0,0.8,7.8,10,Zanamivir,-3.2,PubChem XLogP,OK,C12H20N4O7,332.31
60857,287.36,287.1633769,57.4,375,0,2,3,5,21,0,1,1,0,0,0,0,1,228.9,8,1,2,0,2,3,0,0.8,5.8,10,Zolmitriptan,2.2,PubChem XLogP,OK,C16H21N3O2,287.36
60875,371.9,371.1434259,73.6,483,0,3,4,5,24,0,0,0,0,0,0,0,2,,,,,,,,,,,0,Naratriptan Hydrochloride,,,Not applicable (ionic/extreme),C17H26ClN3O2S,371.9
60953,359.35,359.1492636,121,582,0,3,7,7,25,0,4,4,0,0,0,0,1,263.1,12,5,4,0,0,2,1,1,9,10,Capecitabine,0.6,PubChem XLogP,OK,C15H22FN3O6,359.35
60961,267.24,267.0967539,140,335,0,4,8,2,19,0,4,4,0,0,0,0,1,183.3,15,4,4,0,4,3,0,0.6,3,10,Adenosine,-1.1,PubChem XLogP,OK,C10H13N5O4,267.24
61100,234.28,234.0674281,121,159,0,4,6,3,15,0,0,0,0,0,0,0,2,,,,,,,,,,,0,Phenelzine Sulfate,,,Not applicable (ionic/extreme),C8H14N2O4S,234.28
61367,782.9,782.3560651,176,538,0,6,14,8,55,0,8,6,2,0,0,0,5,,,,,,,,,,,0,Quinine sulfate (USP),,,Not applicable (ionic/extreme),C40H54N4O10S,782.9
62770,564,563.1558238,186,960,0,6,11,4,39,0,6,6,0,0,0,0,2,,,,,,,,,,,0,Daunorubicin Hydrochloride,,,Not applicable (ionic/extreme),C27H30ClNO10,564
62857,345.8,345.1107264,21.3,308,0,2,5,6,23,0,1,0,1,0,0,0,2,,,,,,,,,,,0,Reconcile,,,Not applicable (ionic/extreme),C17H19ClF3NO,345.8
62882,295.8,295.1339066,41.5,257,0,3,3,6,20,0,1,0,1,0,0,0,2,,,,,,,,,,,0,Propranolol Hydrochloride,,,Not applicable (ionic/extreme),C16H22ClNO2,295.8
62886,1243.5,1242.500406,258,1560,0,0,18,26,87,0,4,4,0,0,0,0,3,,,,,,,,,,,0,Cisatracurium Besylate,,,Not applicable (ionic/extreme),C65H82N2O18S2,1243.5
62920,451,450.1380062,84.4,565,0,1,6,7,30,0,2,2,0,0,0,0,2,,,,,,,,,,,0,Diltiazem Hydrochloride,,,Not applicable (ionic/extreme),C22H27ClN2O4S,451
62937,652.8,652.393496,176,308,0,6,12,21,46,0,2,0,2,0,0,0,3,,,,,,,,,,,0,Metoprolol Succinate,,,Not applicable (ionic/extreme),C34H56N2O10,652.8
62956,435.5,435.2174602,94.9,627,0,2,5,9,30,0,2,2,0,0,0,0,1,340,7,3,0,1,0,3,0,1.2,12.2,10,Fosinoprilat,3.8,PubChem XLogP,OK,C23H34NO5P,435.5
62969,491.1,490.2598354,64,606,0,1,6,13,34,0,1,0,1,0,0,0,2,,,,,,,,,,,0,Verapamil Hydrochloride,,,Not applicable (ionic/extreme),C27H39ClN2O4,491.1
63030,499,498.160473,101,596,0,1,6,3,34,0,1,0,1,0,0,0,2,,,,,,,,,,,0,Promethazine Teoclate,,,Not applicable (ionic/extreme),C24H27ClN6O2S,499
64119,212.21,212.0909403,59.4,293,0,1,4,0,15,0,0,0,0,0,0,0,2,,,,,,,,,,,0,Caffeine Monohydrate,,,Not applicable (ionic/extreme),C8H12N4O3,212.21
64640,782.9,782.3560651,176,538,0,6,14,8,55,0,8,6,2,0,0,0,5,,,,,,,,,,,0,Quinidine sulfate hydrate,,,Not applicable (ionic/extreme),C40H54N4O10S,782.9
64642,520.6,520.2420807,184,627,0,7,11,9,37,0,8,7,1,0,0,0,2,,,,,,,,,,,0,Quinaglute (TN),,,Not applicable (ionic/extreme),C26H36N2O9,520.6
64747,558.6,558.1566588,101,265,0,2,8,6,39,0,2,0,2,0,0,0,5,,,,,,,,,,,0,Fenoprofen Calcium,,,Not applicable (ionic/extreme),C30H30CaO8,558.6
64922,620.8,620.3243711,172,889,0,4,8,15,43,0,4,4,0,0,0,0,1,,,,,,,,,,,0,Terlakiren,3.8,PubChem XLogP,OK,C31H48N4O7S,620.8
65324,337.8,337.1444713,72.7,305,0,5,4,7,23,0,1,0,1,0,0,0,2,,,,,,,,,,,0,Dobutamine Hydrochloride,,,Not applicable (ionic/extreme),C18H24ClNO3,337.8
65326,201.69,201.0920418,32.3,121,0,3,2,3,13,0,2,2,0,0,0,0,2,,,,,,,,,,,0,Ephedrine Hydrochloride,,,Not applicable (ionic/extreme),C10H16ClNO,201.69
65327,302.8,302.1549764,15.3,267,0,2,2,4,21,0,0,0,0,0,0,0,2,,,,,,,,,,,0,Desipramine Hydrochloride,,,Not applicable (ionic/extreme),C18H23ClN2,302.8
65328,494.7,494.3362732,218,248,0,6,8,6,33,0,0,0,0,0,0,0,3,,,,,,,,,,,0,Guanethidine Sulfate,,,Not applicable (ionic/extreme),C20H46N8O4S,494.7
65329,414.8,414.0933598,45.2,483,0,3,9,2,27,0,2,2,0,0,0,0,2,,,,,,,,,,,0,Mefloquine Hydrochloride,,,Not applicable (ionic/extreme),C17H17ClF6N2O,414.8
65348,580,579.1507385,206,977,0,7,12,5,40,0,6,6,0,0,0,0,2,,,,,,,,,,,0,Epirubicin Hydrochloride,,,Not applicable (ionic/extreme),C27H30ClNO11,580
65494,578.7,578.229802,193,687,0,4,11,13,40,0,0,0,0,0,0,0,2,,,,,,,,,,,0,Sufentanil Citrate,,,Not applicable (ionic/extreme),C28H38N2O9S,578.7
65889,456,455.1182738,101,691,0,0,6,4,31,0,0,0,0,0,0,0,1,336.8,10,3,0,0,2,5,0,0.8,6.4,10,Apafant,1.1,PubChem XLogP,OK,C22H22ClN5O2S,456
65981,452.6,452.2675076,78.9,619,0,2,5,10,33,0,1,1,0,0,0,0,1,364.9,11,4,1,1,1,3,1,1.2,12.2,10,Repaglinide,5.2,PubChem XLogP,OK,C27H36N2O4,452.6
65999,514.6,514.2368762,72.9,831,0,1,4,7,39,0,0,0,0,0,0,0,1,412.9,12,2,0,1,2,6,1,1,7,10,Telmisartan,6.9,PubChem XLogP,OK,C33H30N4O2,514.6
66062,407,406.1304189,57.1,432,0,1,4,4,26,0,1,0,1,0,0,0,2,,,,,,,,,,,0,Thioridazine Hydrochloride,,,Not applicable (ionic/extreme),C21H27ClN2S2,407
66064,480.4,479.1176589,35,510,0,2,7,4,30,0,0,0,0,0,0,0,3,,,,,,,,,,,0,Trifluoperazine Hydrochloride,,,Not applicable (ionic/extreme),C21H26Cl2F3N3S,480.4
66068,271.78,271.14514,58.4,221,0,3,3,6,18,0,0,0,0,0,0,0,2,,,,,,,,,,,0,Procainamide Hydrochloride,,,Not applicable (ionic/extreme),C13H22ClN3O,271.78
66070,282.81,282.1498911,32.3,282,0,2,2,2,19,0,1,0,1,0,0,0,2,,,,,,,,,,,0,Mepivacaine Hydrochloride,,,Not applicable (ionic/extreme),C15H23ClN2O,282.81
66250,210.66,210.0883534,128,176,0,5,4,5,13,0,1,1,0,0,0,0,2,,,,,,,,,,,0,"L-Arginine, monohydrochloride",,,Not applicable (ionic/extreme),C6H15ClN4O2,210.66
66259,296.83,296.1655411,44.6,345,0,3,2,3,20,0,0,0,0,0,0,0,2,,,,,,,,,,,0,Oxymetazoline Hydrochloride,,,Not applicable (ionic/extreme),C16H25ClN2O,296.83
66383,541.7,541.234553,190,603,0,4,11,12,37,0,1,0,1,0,0,0,2,,,,,,,,,,,0,Cetiedil Citrate,,,Not applicable (ionic/extreme),C26H39NO9S,541.7
67356,510.4,509.1282236,55.3,544,0,3,8,6,32,0,0,0,0,0,0,0,3,,,,,,,,,,,0,Fluphenazine Hydrochloride,,,Not applicable (ionic/extreme),C22H28Cl2F3N3OS,510.4
68304,325.9,325.1808568,29.5,292,0,1,3,8,22,0,0,0,0,0,0,0,2,,,,,,,,,,,0,Dyclonine Hydrochloride,,,Not applicable (ionic/extreme),C18H28ClNO2,325.9
68540,302.12,301.0456927,161,279,0,7,7,1,18,0,0,0,0,0,0,0,4,,,,,,,,,,,0,Amiloride Hydrochloride,,,Not applicable (ionic/extreme),C6H13Cl2N7O3,302.12
68546,419.9,419.1360319,107,544,0,2,8,4,29,0,0,0,0,0,0,0,2,,,,,,,,,,,0,Prazosin Hydrochloride,,,Not applicable (ionic/extreme),C19H22ClN5O4,419.9
68551,300.8,300.1393264,6.5,342,0,1,2,0,21,0,1,0,1,0,0,0,2,,,,,,,,,,,0,Mianserin Hydrochloride,,,Not applicable (ionic/extreme),C18H21ClN2,300.8
68552,524.6,524.2628334,249,326,0,6,10,4,35,0,2,0,2,0,0,0,3,,,,,,,,,,,0,Guanadrel Sulfate,,,Not applicable (ionic/extreme),C20H40N6O8S,524.6
68553,479.1,476.981667,93.1,441,0,1,5,6,29,0,1,0,1,0,0,0,2,,,,,,,,,,,0,Miconazole Nitrate,,,Not applicable (ionic/extreme),C18H15Cl4N3O4,479.1
68617,306.2,305.0738049,12,322,0,1,1,2,20,0,2,2,0,0,0,0,1,229.9,5,0,1,0,1,3,0,0.6,2.8,10,Sertraline,4.8,PubChem XLogP,OK,C17H17Cl2N,306.2
68844,383.5,383.0643343,164,598,0,2,9,7,23,0,1,1,0,0,0,0,1,267,10,5,2,0,1,2,0,0.8,7.6,10,Brinzolamide,-0.3,PubChem XLogP,OK,C12H21N3O5S3,383.5
69568,182.65,182.0822054,89.3,106,0,4,4,5,11,0,1,1,0,0,0,0,2,,,,,,,,,,,0,L-Lysine monohydrochloride,,,Not applicable (ionic/extreme),C6H15ClN2O2,182.65
71177,363.9,363.1423633,29.5,349,0,2,3,2,24,0,1,0,1,0,0,0,3,,,,,,,,,,,0,"Piperidine, 1-methyl-3-(9H-thioxanthen-9-ylmethyl)-, hydrochloride, hydrate (1:1:1)",,,Not applicable (ionic/extreme),C20H26ClNOS,363.9
71320,363.4,363.1794209,133,513,0,4,7,9,26,0,2,2,0,0,0,0,1,277.6,13,5,2,2,2,2,0,1,9.8,10,Libenzapril,-3.9,PubChem XLogP,OK,C18H25N3O5,363.4
71329,441.6,441.1392133,122,672,0,2,8,11,29,0,0,0,0,0,0,0,1,330.1,10,5,2,0,1,2,0,1.6,11,10,Dofetilide,1.8,PubChem XLogP,OK,C19H27N3O5S2,441.6
71355,590.8,590.2890894,86.3,751,0,2,5,16,42,0,0,0,0,0,0,0,1,,,,,,,,,,,0,Lecimibide,9.3,PubChem XLogP,OK,C34H40F2N4OS,590.8
71405,424.3,423.1228804,68.8,534,0,3,5,2,28,0,0,0,0,0,0,0,3,,,,,,,,,,,0,Pirenzepine Hydrochloride,,,Not applicable (ionic/extreme),C19H23Cl2N5O2,424.3
71454,345.2,344.0595519,46.5,380,0,2,2,3,23,0,1,0,1,0,0,0,2,,,,,,,,,,,0,Liarozole hydrochloride,,,Not applicable (ionic/extreme),C17H14Cl2N4,345.2
71764,425.9,425.1829821,112,511,0,3,8,8,29,0,1,0,1,0,0,0,2,,,,,,,,,,,0,Alfuzosin Hydrochloride,,,Not applicable (ionic/extreme),C19H28ClN5O4,425.9
71793,303.77,303.0444402,86.9,409,0,2,4,3,19,0,0,0,0,0,0,0,1,214.4,7,3,2,0,0,2,0,0.8,6,10,Glyclopyramide,0.9,PubChem XLogP,OK,C11H14ClN3O3S,303.77
71992,406.5,406.1562431,129,591,0,2,6,9,28,0,3,3,0,0,0,0,1,313.8,9,4,1,1,0,2,1,1,12,10,Alacepril,2.1,PubChem XLogP,OK,C20H26N2O5S,406.5
73957,329.9,329.1757714,30.9,248,0,1,4,9,22,0,0,0,0,0,0,0,2,,,,,,,,,,,0,Pramoxine Hydrochloride,,,Not applicable (ionic/extreme),C17H28ClNO3,329.9
77991,250.34,250.1681279,32.8,269,0,0,3,5,18,0,1,1,0,0,0,0,1,205.7,3,1,0,0,1,1,0,0.8,6,10,Rivastigmine,2.3,PubChem XLogP,OK,C14H22N2O2,250.34
77997,391.5,391.2008251,87,412,0,2,5,6,29,0,0,0,0,0,0,0,2,,,,,,,,,,,0,Rizatriptan Benzoate,,,Not applicable (ionic/extreme),C22H25N5O2,391.5
78000,410.4,410.181803,168,468,0,5,9,8,27,0,3,3,0,0,0,0,2,,,,,,,,,,,0,Tamiflu,,,Not applicable (ionic/extreme),C16H31N2O8P,410.4
82148,243.3,243.1259288,38.3,280,0,1,2,4,18,0,0,0,0,0,0,0,1,198.8,5,2,1,0,0,2,0,0.6,5,10,Agomelatine,2.7,PubChem XLogP,OK,C15H17NO2,243.3
84003,376.4,376.1634365,146,430,0,5,7,6,27,0,1,0,1,0,0,0,2,,,,,,,,,,,0,Ketorolac Tromethamine,,,Not applicable (ionic/extreme),C19H24N2O6,376.4
89594,162.23,162.1156985,16.1,147,0,0,2,1,12,0,1,1,0,0,0,0,1,134.9,4,1,0,0,1,2,0,0.6,2,8,Nicotine,1.2,PubChem XLogP,OK,C10H14N2,162.23
91430,377.5,377.1409274,111,456,0,3,6,4,26,0,0,0,0,0,0,0,2,,,,,,,,,,,0,Phentolamine Methanesulfonate,,,Not applicable (ionic/extreme),C18H23N3O4S,377.5
91725,421,420.2543561,16.7,382,0,2,4,10,29,0,1,0,1,0,0,0,3,,,,,,,,,,,0,Vascor,,,Not applicable (ionic/extreme),C24H37ClN2O2,421
92163,256.77,256.134241,41.1,218,0,3,2,5,17,0,1,0,1,0,0,0,2,,,,,,,,,,,0,Prilocaine Hydrochloride,,,Not applicable (ionic/extreme),C13H21ClN2O,256.77
92727,628.8,628.3624706,120,940,0,4,5,15,46,0,4,4,0,0,0,0,1,,,,,,,,,,,0,Lopinavir,5.9,PubChem XLogP,OK,C37H48N4O5,628.8
104152,206.24,206.1266571,127,137,0,4,6,5,14,0,1,1,0,0,0,0,2,,,,,,,,,,,0,"L-Lysine, acetate (1:1)",,,Not applicable (ionic/extreme),C8H18N2O4,206.24
104741,606.8,606.3166073,76.7,854,0,2,9,14,41,0,7,6,1,0,0,0,1,461,8,2,2,0,0,4,0,1.6,16.4,10,Fulvestrant,9.2,PubChem XLogP,OK,C32H47F5O3S,606.8
107706,434.5,434.1147722,147,731,0,3,8,9,30,0,0,0,0,0,0,0,1,323.5,12,6,2,1,0,2,1,1,10,10,Sivelestat,3,PubChem XLogP,OK,C20H22N2O7S,434.5
107807,368.5,368.2311221,95.9,524,0,2,6,9,26,0,5,5,0,0,0,0,1,289,10,4,1,1,1,2,1,1,11.4,10,Perindopril,0.9,PubChem XLogP,OK,C19H32N2O5,368.5
107952,343.9,343.1914215,50.7,286,0,3,4,11,23,0,1,0,1,0,0,0,2,,,,,,,,,,,0,Betaxolol Hydrochloride,,,Not applicable (ionic/extreme),C18H30ClNO3,343.9
107979,428,427.1914215,46.5,553,0,1,4,5,30,0,2,0,2,0,0,0,2,,,,,,,,,,,0,"Spiro(8-azoniabicyclo(3.2.1)octane-8,1'-pyrrolidinium), 3-hydroxy-, chloride, benzilate",,,Not applicable (ionic/extreme),C25H30ClNO3,428
107994,410.5,410.1841719,107,619,0,3,6,8,30,0,3,3,0,0,0,0,1,319.3,12,5,1,2,1,3,0,1,9.8,10,Quinaprilat,0.5,PubChem XLogP,OK,C23H26N2O5,410.5
108173,228.72,228.1029409,55.1,195,0,3,2,2,15,0,1,0,1,0,0,0,2,,,,,,,,,,,0,Tocainide Hydrochloride,,,Not applicable (ionic/extreme),C11H17ClN2O,228.72
110635,389.4,389.1375561,74.9,702,0,1,4,1,29,0,2,2,0,0,0,0,1,289.1,12,4,1,0,1,6,0,0.6,2.4,6,Tadalafil,2.3,PubChem XLogP,OK,C22H19N3O4,389.4
115366,419.9,419.0264073,141,463,0,2,8,4,26,0,1,1,0,0,0,0,2,,,,,,,,,,,0,Clopidogrel Bisulfate,,,Not applicable (ionic/extreme),C16H18ClNO6S2,419.9
117965,324.9,324.1968412,32.3,321,0,2,2,5,22,0,1,1,0,0,0,0,2,,,,,,,,,,,0,"2-Piperidinecarboxamide, 1-butyl-N-(2,6-dimethylphenyl)-, hydrochloride (1:1), (2S)-",,,Not applicable (ionic/extreme),C18H29ClN2O,324.9
119442,521.1,520.2704001,73.2,639,0,1,7,14,36,0,1,0,1,0,0,0,2,,,,,,,,,,,0,Gallopamil Hydrochloride,,,Not applicable (ionic/extreme),C28H41ClN2O5,521.1
119607,314.4,314.0725135,94.6,462,0,1,5,3,22,0,0,0,0,0,0,0,1,236.8,7,3,1,0,0,3,0,0.6,3,8,Valdecoxib,2.6,PubChem XLogP,OK,C16H14N2O3S,314.4
119828,370.4,370.0987282,97.7,575,0,1,5,5,26,0,0,0,0,0,0,0,1,281.8,9,4,1,0,0,3,1,0.8,6,10,Parecoxib,3.3,PubChem XLogP,OK,C19H18N2O4S,370.4
121586,290.11,290.0068893,154,327,0,6,9,4,17,0,0,0,0,0,0,0,2,,,,,,,,,,,0,Zoledronic acid monohydrate,,,Not applicable (ionic/extreme),C5H12N2O8P2,290.11
121587,368.3,367.07831,41.9,440,0,2,4,1,22,0,3,3,0,0,0,0,2,,,,,,,,,,,0,Galantamine Hydrobromide,,,Not applicable (ionic/extreme),C17H22BrNO3,368.3
122142,303.35,303.1470582,55.8,432,0,0,5,5,22,0,4,3,1,0,0,0,1,233.9,5,2,0,0,1,2,0,0.8,6.2,10,Cocaine (USP),2.3,PubChem XLogP,OK,C17H21NO4,303.35
122824,348.9,348.1426977,31.8,322,0,1,3,5,23,0,1,0,1,0,0,0,2,,,,,,,,,,,0,Ethopropazine Hydrochloride,,,Not applicable (ionic/extreme),C19H25ClN2S,348.9
123596,589.7,589.2471238,149,799,0,3,10,7,42,0,0,0,0,0,0,0,2,,,,,,,,,,,0,Imatinib Mesylate,,,Not applicable (ionic/extreme),C30H35N7O4S,589.7
123619,358.8,358.0542766,68.3,514,0,0,4,3,24,0,0,0,0,0,0,0,1,267.8,7,4,0,0,0,3,0,0.6,3,4,Etoricoxib,3.3,PubChem XLogP,OK,C18H15ClN2O2S,358.8
123631,446.9,446.1520965,68.7,545,0,1,8,8,31,0,0,0,0,0,0,0,1,331.7,11,3,1,0,3,4,0,1,9.2,10,Gefitinib,4.1,PubChem XLogP,OK,C22H24ClFN4O3,446.9
124886,307.33,307.0838064,160,389,0,6,8,9,20,0,2,2,0,0,0,0,1,222.1,12,6,3,2,1,0,0,1,11,10,Glutathione,-4.5,PubChem XLogP,OK,C10H17N3O6S,307.33
126941,454.4,454.1713158,211,704,0,5,12,9,33,0,1,1,0,0,0,0,1,331.9,16,6,3,2,2,3,0,1,10,10,Methotrexate,-1.8,PubChem XLogP,OK,C20H22N8O5,454.4
129791,394.9,394.165935,60,411,0,2,5,9,27,0,0,0,0,0,0,0,2,,,,,,,,,,,0,Itopride Hydrochloride,,,Not applicable (ionic/extreme),C20H27ClN2O4,394.9
132228,377.5,377.2103271,36,613,0,0,4,2,28,0,2,2,0,0,0,0,1,300.1,8,1,0,0,2,5,0,0.8,4.6,10,Quilostigmine,2.5,PubChem XLogP,OK,C23H27N3O2,377.5
133264,323.4,323.1191293,89.9,390,0,1,5,8,22,0,1,0,1,0,0,0,1,250.3,7,3,1,0,0,2,1,0.8,8.6,10,Risarestat,3.9,PubChem XLogP,OK,C16H21NO4S,323.4
145742,115.13,115.0633285,49.3,103,0,2,3,1,8,0,1,1,0,0,0,0,1,89,6,2,1,1,1,1,0,0.4,2,4,L-Proline,-2.5,PubChem XLogP,OK,C5H9NO2,115.13
150311,409.4,409.1489499,60.8,567,0,2,5,6,30,0,3,3,0,0,0,0,1,316.6,8,2,2,0,0,4,0,0.8,6.6,10,Ezetimibe,4,PubChem XLogP,OK,C24H21F2NO3,409.4
151114,567.6,567.1686789,171,1040,0,5,12,1,39,0,2,2,0,0,0,0,4,,,,,,,,,,,0,Exatecan Mesylate,,,Not applicable (ionic/extreme),C25H30FN3O9S,567.6
151166,293.72,293.0618845,49.3,342,0,2,4,4,20,0,0,0,0,0,0,0,1,217.7,7,2,1,1,1,2,0,0.6,4,10,Lumiracoxib,4.2,PubChem XLogP,OK,C15H13ClFNO2,293.72
151170,343.4,343.1783583,79.6,511,0,1,5,5,25,0,0,0,0,0,0,0,1,268.4,9,5,0,1,0,3,0,0.8,7.2,10,Cilomilast,3.4,PubChem XLogP,OK,C20H25NO4,343.4
153751,848.3,847.3181977,217,1530,0,5,16,10,59,0,13,13,0,0,0,0,2,,,,,,,,,,,0,Aclarubicin Hydrochloride,,,Not applicable (ionic/extreme),C42H54ClNO15,848.3
156391,230.26,230.0942943,46.5,277,0,1,3,3,17,0,1,1,0,0,0,0,1,183.5,7,3,0,1,0,2,1,0.6,3,10,Naproxen,3.3,PubChem XLogP,OK,C14H14O3,230.26
156413,558.9,557.116351,88.6,671,0,4,8,9,36,0,0,0,0,0,0,0,3,,,,,,,,,,,0,Canertinib Dihydrochloride,,,Not applicable (ionic/extreme),C24H27Cl3FN5O3,558.9
156422,527.7,527.2896401,80.7,777,0,2,5,8,39,0,0,0,0,0,0,0,1,417.8,13,4,2,0,1,5,1,1.2,11.2,10,Doramapimod,5.7,PubChem XLogP,OK,C31H37N5O3,527.7
156665,203.19,203.0793725,102,290,0,4,6,2,14,0,4,4,0,0,0,0,2,,,,,,,,,,,0,Eglumetad monohydrate,,,Not applicable (ionic/extreme),C8H13NO5,203.19
157313,285.77,285.1032752,41.6,378,0,2,1,0,20,0,1,0,1,0,0,0,2,,,,,,,,,,,0,Epinastine Hydrochloride,,,Not applicable (ionic/extreme),C16H16ClN3,285.77
157838,394.4,394.0598979,84.4,543,0,2,8,4,27,0,0,0,0,0,0,0,2,,,,,,,,,,,0,Lidorestat monohydrate,,,Not applicable (ionic/extreme),C18H13F3N2O3S,394.4
157920,390.5,390.2217804,83.8,525,0,2,7,11,27,0,4,4,0,0,0,0,1,299.7,12,5,1,1,0,2,3,1.2,12.2,10,Lubiprostone,4,PubChem XLogP,OK,C20H32F2O5,390.5
158550,802.9,802.3571277,254,1190,0,7,13,18,56,0,4,4,0,0,0,0,2,,,,,,,,,,,0,Atazanavir Sulfate,,,Not applicable (ionic/extreme),C38H54N6O11S,802.9
158781,446.5,446.2066387,130,656,0,3,7,8,33,0,0,0,0,0,0,0,1,346.7,13,3,1,1,2,4,2,1,8,10,Olmesartan,3.2,PubChem XLogP,OK,C24H26N6O3,446.5
159271,338.4,338.1100418,94.6,504,0,1,6,3,23,0,0,0,0,0,0,0,1,250.7,6,2,1,0,0,3,0,0.8,4.2,10,Tilmacoxib,3.3,PubChem XLogP,OK,C16H19FN2O3S,338.4
159324,489.4,488.1170667,64.2,785,0,1,3,4,34,0,1,1,0,0,0,0,1,365.7,9,1,1,0,2,5,0,0.8,4,10,Tipifarnib,4.1,PubChem XLogP,OK,C27H22Cl2N4O,489.4
160024,279.22,279.065534,111,485,0,3,5,1,20,0,2,2,0,0,0,0,1,195.4,10,4,3,0,0,3,0,0.6,2,5,Fidarestat,-0.3,PubChem XLogP,OK,C12H10FN3O4,279.22
163727,236.1,235.0279174,68,177,0,3,3,3,14,0,0,0,0,0,0,0,2,,,,,,,,,,,0,Lazabemide Hydrochloride,,,Not applicable (ionic/extreme),C8H11Cl2N3O,236.1
163751,327.8,327.0808257,70.7,421,0,2,5,2,21,0,0,0,0,0,0,0,2,,,,,,,,,,,0,Fasudil Hydrochloride,,,Not applicable (ionic/extreme),C14H18ClN3O2S,327.8
166558,501.7,501.29128,80.9,734,0,1,4,10,35,0,0,0,0,0,0,0,1,407.8,11,3,1,0,0,2,5,1.2,11,10,Avasimibe,8.2,PubChem XLogP,OK,C29H43NO4S,501.7
166589,302.3,301.0782389,80.2,188,0,5,5,3,17,0,1,1,0,0,0,0,4,,,,,,,,,,,0,Pramipexole dihydrochloride monohydrate,,,Not applicable (ionic/extreme),C10H21Cl2N3OS,302.3
167446,359.9,359.1863361,60,301,0,3,5,12,24,0,1,0,1,0,0,0,2,,,,,,,,,,,0,Cicloprolol Hydrochloride,,,Not applicable (ionic/extreme),C18H30ClNO4,359.9
169569,300.04,299.981031,109,103,0,6,11,0,16,0,0,0,0,0,0,0,10,,,,,,,,,,,0,Sodium phosphonatoformate hexahydrate,,,Not applicable (ionic/extreme),CH12Na3O11P,300.04
170321,634.9,634.434573,88.1,1010,0,2,7,14,46,0,0,0,0,0,0,0,1,516.2,15,2,2,0,2,3,6,1.4,14.6,10,Eldacimibe,11.6,PubChem XLogP,OK,C39H58N2O5,634.9
171548,244.31,244.0881636,104,298,0,3,4,5,16,0,3,3,0,0,0,0,1,182.8,9,3,2,1,0,2,1,0.8,6,10,Biotin,0.3,PubChem XLogP,OK,C10H16N2O3S,244.31
174174,289.4,289.1677936,49.8,353,0,1,4,5,21,0,3,2,1,0,0,0,1,228.6,6,2,1,0,1,2,0,0.8,6.2,10,Npc209773,1.8,PubChem XLogP,OK,C17H23NO3,289.4
176871,429.9,429.1455339,74.7,525,0,2,7,11,30,0,0,0,0,0,0,0,2,,,,,,,,,,,0,Erlotinib Hydrochloride,,,Not applicable (ionic/extreme),C22H24ClN3O4,429.9
185462,569.6,569.1944195,155,839,0,3,12,11,40,0,0,0,0,0,0,0,2,,,,,,,,,,,0,Bosentan Monohydrate,,,Not applicable (ionic/extreme),C27H31N5O7S,569.6
189729,440.5,440.2076238,130,596,0,3,7,13,30,0,2,2,0,0,0,0,1,339.1,10,5,1,1,1,2,0,1.2,15,10,Ceronapril,-0.7,PubChem XLogP,OK,C21H33N2O6P,440.5
190816,449.2,447.98703,83.6,735,0,1,6,2,28,0,1,0,1,0,0,0,1,291.2,10,4,1,0,0,4,1,0.6,2.6,10,Minalrestat,2.1,PubChem XLogP,OK,C19H11BrF2N2O4,449.2
204101,564.9,564.1412123,120,838,0,3,11,6,39,0,0,0,0,0,0,0,2,,,,,,,,,,,0,Razaxaban Hydrochloride,,,Not applicable (ionic/extreme),C24H21ClF4N8O2,564.9
208850,451.5,451.1842315,188,439,0,8,10,10,32,0,3,2,1,0,0,0,2,,,,,,,,,,,0,Dobutamine Tartrate,,,Not applicable (ionic/extreme),C22H29NO9,451.5
208910,336.4,336.1031449,78.1,614,0,0,5,5,23,0,0,0,0,0,0,0,1,257.3,7,4,0,0,0,2,1,0.8,6,10,Firocoxib,2.2,PubChem XLogP,OK,C17H20O5S,336.4
216322,535,534.1822538,78.1,820,0,3,3,4,39,0,0,0,0,0,0,0,2,,,,,,,,,,,0,Conivaptan Hydrochloride,,,Not applicable (ionic/extreme),C32H27ClN4O2,535
216457,480.6,480.2260367,107,617,0,2,7,6,35,0,2,2,0,0,0,0,2,,,,,,,,,,,0,Solifenacin Succinate,,,Not applicable (ionic/extreme),C27H32N2O6,480.6
229455,406.6,406.2507949,43.4,703,0,0,3,5,30,0,6,6,0,0,0,0,1,325.7,7,2,0,0,0,5,0,0.8,6.8,10,Nandrolone Phenylpropionate,5.1,PubChem XLogP,OK,C27H34O3,406.6
247839,344.5,344.2351449,54.4,650,0,1,3,1,25,0,8,8,0,0,0,0,1,272.8,8,3,1,0,0,4,0,0.6,2.8,2,Medrysone,2.7,PubChem XLogP,OK,C22H32O3,344.5
259331,440.4,439.1680992,49.8,584,0,1,3,6,29,0,5,5,0,0,0,0,1,332.2,7,2,1,0,0,4,0,1,8.4,10,Estramustine,4,PubChem XLogP,OK,C23H31Cl2NO3,440.4
358641,543.6,543.1900028,212,653,0,4,13,8,38,0,0,0,0,0,0,0,2,,,,,,,,,,,0,Sulfamethoxazole-trimethoprim mixt.,,,Not applicable (ionic/extreme),C24H29N7O6S,543.6
383414,1019.2,1018.440481,383,1740,0,13,14,17,71,0,10,0,10,0,0,0,1,,,,,,,,,,,0,Octreotide (USAN/INN),1,PubChem XLogP,OK,C49H66N10O10S2,1019.2
439693,268.27,268.117155,112,356,0,4,6,2,19,0,4,4,0,0,0,0,1,190.5,13,4,4,0,2,3,0,0.6,3.6,10,Pentostatin,-2.1,PubChem XLogP,OK,C11H16N4O4,268.27
441258,1139.3,1138.482739,457,1780,0,15,18,17,79,0,10,0,10,0,0,0,3,,,,,,,,,,,0,Sandostatin (TN),,,Not applicable (ionic/extreme),C53H74N10O14S2,1139.3
441278,285.4,285.2092645,23.5,414,0,1,2,2,21,0,3,3,0,0,0,0,1,235.2,6,0,1,0,1,3,1,0.6,3,10,Pentazocine,3.3,PubChem XLogP,OK,C19H27NO,285.4
441308,684.8,684.3833252,217,349,0,8,14,21,48,0,4,2,2,0,0,0,3,,,,,,,,,,,0,Metoprolol Tartrate,,,Not applicable (ionic/extreme),C34H56N2O12,684.8
441313,441.6,441.3202715,122,549,0,3,7,9,31,0,5,5,0,0,0,0,2,,,,,,,,,,,0,Perindopril Erbumine,,,Not applicable (ionic/extreme),C23H43N3O5,441.6
441314,207.22,207.1106726,104,179,0,5,6,3,14,0,4,4,0,0,0,0,1,150,12,5,5,0,1,1,0,0.6,4.2,10,Miglitol,-2.6,PubChem XLogP,OK,C8H17NO5,207.22
441325,681.8,681.00037,42.7,547,0,1,4,11,32,0,0,0,0,0,0,0,2,,,,,,,,,,,0,Amiodarone Hydrochloride,,,Not applicable (ionic/extreme),C25H30ClI2NO3,681.8
441334,548.6,548.2403667,228,286,0,10,12,8,37,0,2,0,2,0,0,0,3,,,,,,,,,,,0,Terbutaline Sulfate,,,Not applicable (ionic/extreme),C24H40N2O10S,548.6
441336,521.4,520.1419441,93.8,1020,0,1,6,5,35,0,8,8,0,0,0,0,1,375.2,11,5,1,0,0,5,0,1,6.4,3,Mometasone Furoate,3.9,PubChem XLogP,OK,C27H30Cl2O6,521.4
441348,307.21,306.0901833,55.6,259,0,2,4,7,19,0,0,0,0,0,0,0,2,,,,,,,,,,,0,Chloroprocaine Hydrochloride,,,Not applicable (ionic/extreme),C13H20Cl2N2O2,307.21
441350,195.21,195.0895433,83.6,211,0,3,4,3,14,0,1,1,0,0,0,0,1,151.8,7,2,2,1,1,1,0,0.6,3,8,Metyrosine,-1.6,PubChem XLogP,OK,C10H13NO3,195.21
441351,609.7,608.31887,59,898,0,1,6,6,39,0,10,10,0,0,0,0,2,,,,,,,,,,,0,Rocuronium Bromide,,,Not applicable (ionic/extreme),C32H53BrN2O4,609.7
441358,299.8,299.1440774,12,307,0,2,1,3,21,0,0,0,0,0,0,0,2,,,,,,,,,,,0,Nortriptyline Hydrochloride,,,Not applicable (ionic/extreme),C19H22ClN,299.8
441361,236.64,236.0739264,90.3,166,0,5,7,5,14,0,1,0,1,0,0,0,3,,,,,,,,,,,0,"Ornithine, 2-(difluoromethyl)-, hydrochloride, hydrate (1:1:1)",,,Not applicable (ionic/extreme),C6H15ClF2N2O3,236.64
441401,337.35,337.1437843,71.1,472,0,1,6,4,24,0,1,1,0,0,0,0,1,252.6,8,3,1,0,1,3,0,0.8,7,10,Linezolid,0.7,PubChem XLogP,OK,C16H20FN3O4,337.35
441411,219.66,219.066221,72.7,154,0,5,4,3,14,0,1,1,0,0,0,0,2,,,,,,,,,,,0,(-)-Epinephrine hydrochloride,,,Not applicable (ionic/extreme),C9H14ClNO3,219.66
443872,414.5,414.2042387,82.2,907,0,0,6,2,30,0,8,8,0,0,0,0,1,310.9,9,4,0,0,0,5,0,0.8,4.2,2,Eplerenone,1.4,PubChem XLogP,OK,C24H30O6,414.5
443873,513.1,512.1206421,149,644,0,3,8,11,33,0,3,3,0,0,0,0,2,,,,,,,,,,,0,Temocapril Hydrochloride,,,Not applicable (ionic/extreme),C23H29ClN2O5S2,513.1
443879,325.5,325.2405646,23.5,340,0,1,2,7,24,0,1,1,0,0,0,0,1,274.6,6,0,1,0,1,2,2,0.8,7,10,Tolterodine,5.6,PubChem XLogP,OK,C22H31NO,325.5
443939,580,579.1507385,206,977,0,7,12,5,40,0,6,6,0,0,0,0,2,,,,,,,,,,,0,Doxorubicin Hydrochloride,,,Not applicable (ionic/extreme),C27H30ClNO11,580
443958,502.6,502.2366816,99.1,1090,0,1,8,4,36,0,8,8,0,0,0,0,1,375.9,13,6,1,0,0,6,0,1,6.2,5,Amcinonide,3.6,PubChem XLogP,OK,C28H35FO7,502.6
444020,267.28,267.131802,154,263,0,8,8,5,18,0,5,5,0,0,0,0,1,189.9,17,7,8,0,1,1,0,0.8,6.2,10,Voglibose,-4.1,PubChem XLogP,OK,C10H21NO7,267.28
444025,466.9,466.175831,99.1,882,0,1,7,7,32,0,7,7,0,0,0,0,1,343.8,8,3,1,0,0,4,0,1,8.4,4,Loteprednol Etabonate,3.9,PubChem XLogP,OK,C24H31ClO7,466.9
444030,507.5,506.15689,55.6,607,0,2,3,7,33,0,1,1,0,0,0,0,2,,,,,,,,,,,0,Darifenacin Hydrobromide,,,Not applicable (ionic/extreme),C28H31BrN2O2,507.5
444031,426.5,426.2307282,55.6,607,0,1,3,7,32,0,1,1,0,0,0,0,1,340.6,9,2,1,0,1,5,0,1,8.6,10,Darifenacin,4.6,PubChem XLogP,OK,C28H30N2O2,426.5
444305,150.09,150.0164379,115,134,0,4,6,3,10,0,2,2,0,0,0,0,1,102,10,6,2,2,0,0,0,0.6,3,9,L-Tartaric acid,-1.9,PubChem XLogP,OK,C4H6O6,150.09
444795,300.4,300.2089301,37.3,567,0,1,2,5,22,0,0,0,0,4,4,0,1,258.7,7,2,0,1,0,1,3,0.8,5.8,10,Retinoic Acid,6.3,PubChem XLogP,OK,C20H28O2,300.4
444972,116.07,116.0109586,74.6,119,0,2,4,2,8,0,0,0,0,1,1,0,1,84.1,6,4,0,2,0,0,0,0.4,2,5,Fumaric Acid,-0.3,PubChem XLogP,OK,C4H4O4,116.07
445639,282.5,282.2558803,37.3,234,0,1,2,15,20,0,0,0,0,1,1,0,1,252.5,4,2,0,1,0,0,1,1.4,15,10,Oleic Acid,6.5,PubChem XLogP,OK,C18H34O2,282.5
448537,268.3,268.1463299,40.5,286,0,2,2,4,20,0,0,0,0,1,1,0,1,224.1,6,0,2,0,0,2,2,0.6,4,3,Diethylstilbestrol,5.1,PubChem XLogP,OK,C18H20O2,268.3
451415,811.9,811.34152,217,1530,0,4,16,10,58,0,13,13,0,0,0,0,1,,,,,,,,,,,0,Aclarubicin,3.8,PubChem XLogP,OK,C42H53NO15,811.9
460612,305.2,304.0745332,66.6,265,0,2,4,8,19,0,1,1,0,0,0,0,1,224.8,7,2,1,1,2,1,0,0.8,8,10,Melphalan,-0.5,PubChem XLogP,OK,C13H18Cl2N2O2,305.2
467825,437.5,437.1121877,116,657,0,1,8,6,31,0,2,2,0,0,0,0,1,328.8,11,3,1,0,2,4,1,0.8,6,10,Ravuconazole,3.5,PubChem XLogP,OK,C22H17F2N5OS,437.5
472335,393.3,393.0960852,126,861,0,1,7,1,29,0,1,1,0,0,0,0,1,282.6,14,6,1,1,0,5,1,0.8,2.8,1,Rubitecan,0.8,PubChem XLogP,OK,C20H15N3O6,393.3
493570,376.4,376.1382844,155,680,0,5,7,5,27,0,3,3,0,0,0,0,1,273,16,7,6,0,0,3,0,0.8,5,10,Riboflavin,-1.5,PubChem XLogP,OK,C17H20N4O6,376.4
517321,330.8,330.1710204,64.8,295,0,2,5,10,22,0,0,0,0,0,0,0,2,,,,,,,,,,,0,Proparacaine Hydrochloride,,,Not applicable (ionic/extreme),C16H27ClN2O3,330.8
610479,261.7,261.0556563,49.3,298,0,2,3,3,18,0,0,0,0,0,0,0,1,197.6,7,2,1,1,1,2,0,0.6,3,10,Tolfenamic Acid,5.2,PubChem XLogP,OK,C14H12ClNO2,261.7
636362,534,533.1452592,177,912,0,6,10,3,37,0,6,6,0,0,0,0,2,,,,,,,,,,,0,Idarubicin Hydrochloride,,,Not applicable (ionic/extreme),C26H28ClNO9,534
636380,1728.1,1726.770777,901,3330,0,9,52,20,101,0,25,25,0,0,0,0,11,,,,,,,,,,,0,Fondaparinux Sodium,,,Not applicable (ionic/extreme),C31H43N3Na10O49S8,1728.1
636397,627.6,627.2315756,204,1120,0,5,13,7,45,0,7,7,0,0,0,0,1,450,22,10,5,0,1,6,0,1.2,10.2,10,"(8S,10S)-10-(((2R,4S,5S,6S)-4-amino-6-methyl-5-(((S)-tetrahydro-2H-pyran-2-yl)oxy)tetrahydro-2H-pyran-2-yl)oxy)-6,8,11-trihydroxy-8-(2-hydroxyacetyl)-1-methoxy-7,8,9,10-tetrahydrotetracene-5,12-dione",2.7,PubChem XLogP,OK,C32H37NO12,627.6
636399,244.72,244.0978555,56.5,201,0,3,4,4,16,0,1,0,1,0,0,0,2,,,,,,,,,,,0,Safrazine Hydrochloride,,,Not applicable (ionic/extreme),C11H17ClN2O2,244.72
643975,785.5,785.1571354,356,1560,0,9,20,13,53,0,7,7,0,0,0,0,1,,,,,,,,,,,0,Flavin Adenine Dinucleotide,-5,PubChem XLogP,OK,C27H33N9O15P2,785.5
656583,329.4,329.1990937,76.8,692,0,2,4,0,24,0,8,8,0,0,0,0,1,252.5,9,3,2,0,0,4,0,0.6,1.8,1,Trilostane,2.9,PubChem XLogP,OK,C20H27NO3,329.4
656609,477.5,477.2183256,175,714,0,8,10,6,33,0,3,3,0,0,0,0,5,,,,,,,,,,,0,Taltirelin tetrahydrate,,,Not applicable (ionic/extreme),C17H31N7O9,477.5
656631,463.4,462.09766,61.6,582,0,2,3,6,28,0,1,1,0,0,0,0,2,,,,,,,,,,,0,Eletriptan Hydrobromide,,,Not applicable (ionic/extreme),C22H27BrN2O2S,463.4
656652,283.33,283.1644396,91.6,415,0,1,4,2,20,0,0,0,0,0,0,0,2,,,,,,,,,,,0,Oxtriphylline,,,Not applicable (ionic/extreme),C12H21N5O3,283.33
656664,320.8,320.1291556,45.3,400,0,2,3,3,22,0,2,2,0,0,0,0,2,,,,,,,,,,,0,Tropisetron hydrochloride,,,Not applicable (ionic/extreme),C17H21ClN2O2,320.8
656677,556.6,556.2301959,230,268,0,12,14,8,37,0,2,0,2,0,0,0,5,,,,,,,,,,,0,Isoproterenol Sulfate,,,Not applicable (ionic/extreme),C22H40N2O12S,556.6
656684,484,483.193627,87.1,581,0,3,8,9,33,0,2,0,2,0,0,0,2,,,,,,,,,,,0,"Benzamide, 4-amino-5-chloro-N-[(3R,4S)-1-[3-(4-fluorophenoxy)propyl]-3-methoxy-4-piperidinyl]-2-methoxy-, hydrate (1:1), rel-",,,Not applicable (ionic/extreme),C23H31ClFN3O5,484
656783,247.72,247.0975211,72.7,187,0,5,4,4,16,0,1,1,0,0,0,0,2,,,,,,,,,,,0,Levisoprenaline hydrochloride,,,Not applicable (ionic/extreme),C11H18ClNO3,247.72
656845,490.6,490.2104257,163,338,0,2,6,8,33,0,4,0,4,0,0,0,3,,,,,,,,,,,0,Pentobarbital Calcium,,,Not applicable (ionic/extreme),C22H34CaN4O6,490.6
656846,1209.4,1208.484636,232,817,0,9,15,22,86,0,4,4,0,0,0,0,6,,,,,,,,,,,0,Atorvastatin hemicalcium trihydrate,,,Not applicable (ionic/extreme),C66H74CaF2N4O13,1209.4
657201,362.3,361.16164,26.3,318,0,0,3,7,21,0,2,2,0,0,0,0,2,,,,,,,,,,,0,Anisotropine methylbromide,,,Not applicable (ionic/extreme),C17H32BrNO2,362.3
657298,170.23,170.0513841,73.2,222,0,2,2,2,11,0,0,0,0,0,0,0,1,130.4,6,2,2,0,0,1,1,0.4,2,9,Propylthiouracil,0.8,PubChem XLogP,OK,C7H10N2OS,170.23
657348,413.5,413.195071,102,535,0,3,7,3,30,0,2,2,0,0,0,0,2,,,,,,,,,,,0,(-)-Physostigmine salicylate,,,Not applicable (ionic/extreme),C22H27N3O5,413.5
667467,315.9,315.0848484,28.5,381,0,0,2,3,21,0,0,0,0,1,1,0,1,246.4,4,0,0,0,1,3,0,0.6,3.2,10,Chlorprothixene,5.2,PubChem XLogP,OK,C18H18ClNS,315.9
667476,266.3,266.1306798,40.5,318,0,2,2,3,20,0,0,0,0,2,2,0,1,222.6,6,0,2,0,0,2,2,0.6,3,3,Dienestrol,5.4,PubChem XLogP,OK,C18H18O2,266.3
667484,244.29,244.1211778,44.1,277,0,0,3,5,18,0,1,1,0,0,0,0,1,197.6,4,1,0,0,1,2,0,0.6,5,10,Etomidate,3,PubChem XLogP,OK,C14H16N2O2,244.29
1349907,114.17,114.0251694,47.4,119,0,1,1,0,7,0,0,0,0,0,0,0,1,86,3,1,1,0,0,1,0,0.4,0,1,Methimazole,-0.3,PubChem XLogP,OK,C4H6N2S,114.17
1547484,368.5,368.2252489,6.5,429,0,0,2,6,28,0,0,0,0,1,1,0,1,307.8,6,0,0,0,2,4,0,0.8,7.2,10,Cinnarizine,5.8,PubChem XLogP,OK,C26H28N2,368.5
1548887,356.4,356.0882437,73.6,616,0,1,5,4,25,0,1,0,1,1,1,0,1,276.7,7,3,0,1,0,3,0,0.8,4,5,Sulindac,3.4,PubChem XLogP,OK,C20H17FO3S,356.4
1549008,291.4,291.1986998,3.2,428,0,0,1,5,22,0,0,0,0,1,1,0,1,253.5,4,0,0,0,1,2,1,0.6,4,10,Terbinafine,5.6,PubChem XLogP,OK,C21H25N,291.4
1549120,319.4,319.0336856,115,519,0,1,5,4,21,0,0,0,0,2,2,0,1,240.8,8,4,0,1,0,2,1,0.6,4.4,10,Epalrestat,3.8,PubChem XLogP,OK,C15H13NO3S2,319.4
2723754,234.72,234.0923762,38.9,229,0,2,2,0,16,0,0,0,0,0,0,0,2,,,,,,,,,,,0,Tacrine Hydrochloride,,,Not applicable (ionic/extreme),C13H15ClN2,234.72
2723885,396.9,396.1815851,47.6,457,0,4,6,4,27,0,4,3,1,0,0,0,4,,,,,,,,,,,0,Quinine hydrochloride hydrate,,,Not applicable (ionic/extreme),C20H29ClN2O4,396.9
2724385,780.9,780.4296067,203,1450,0,6,14,7,55,0,21,21,0,0,0,0,1,,,,,,,,,,,0,Digoxin,1.3,PubChem XLogP,OK,C41H64O14,780.9
2735102,498.4,498.1697036,248,281,0,10,16,7,34,0,5,5,0,0,0,0,5,,,,,,,,,,,0,Nicotine Bitartrate,,,Not applicable (ionic/extreme),C18H30N2O14,498.4
3001055,314.41,314.1412618,112,347,0,2,7,9,21,0,0,0,0,1,1,0,1,243.5,10,3,2,1,3,1,0,1,10,10,Ranitidine,0.3,PubChem XLogP,OK,C13H22N4O3S,314.41
3032285,254.35,254.108899,90.3,346,0,2,3,5,17,0,1,0,1,0,0,0,1,197.9,9,3,2,0,0,1,3,0.8,5.6,10,Thiamylal,3.2,PubChem XLogP,OK,C12H18N2O2S,254.35
3033053,245.36,245.1779644,46.3,305,0,2,2,0,18,0,3,3,0,0,0,0,1,198,5,0,2,0,1,2,0,0.6,1.4,2,Dezocine,3.7,PubChem XLogP,OK,C16H23NO,245.36
3033332,350.87,350.1179395,112,347,0,3,7,9,22,0,0,0,0,1,1,0,2,,,,,,,,,,,0,Ranitidine Hydrochloride,,,Not applicable (ionic/extreme),C13H23ClN4O3S,350.87
3033637,331.5,331.1136673,140,349,0,2,8,9,21,0,0,0,0,1,1,0,1,250.3,10,3,2,1,3,1,0,1,10,10,Nizax,1.6,PubChem XLogP,OK,C12H21N5O2S2,331.5
3033690,897.2,896.1606419,256,582,0,0,12,14,59,0,6,6,0,0,0,0,3,,,,,,,,,,,0,Zofenopril Calcium,,,Not applicable (ionic/extreme),C44H44CaN2O8S4,897.2
3033702,438.6,438.1283143,158,620,0,3,8,8,29,0,3,3,0,0,0,0,1,327.2,12,5,1,2,1,3,0,1,10.6,10,Spiraprilat,0.3,PubChem XLogP,OK,C20H26N2O5S2,438.6
3033824,295.76,295.1186505,90.2,311,0,4,6,4,19,0,5,5,0,0,0,0,2,,,,,,,,,,,0,Celgosivir Hydrochloride,,,Not applicable (ionic/extreme),C12H22ClNO5,295.76
3034010,495.7,495.3923738,81.7,579,0,1,5,23,35,0,4,4,0,0,0,0,1,,,,,,,,,,,0,Orlistat,10,PubChem XLogP,OK,C29H53NO5,495.7
3035241,323.82,323.1400546,67.6,409,0,2,4,3,22,0,2,0,2,0,0,0,1,241.1,9,2,2,0,2,3,0,0.8,5.4,10,4-amino-N-(1-azabicyclo[3.3.1]nonan-4-yl)-5-chloro-2-methoxybenzamide,2.1,PubChem XLogP,OK,C16H22ClN3O2,323.82
3037122,548.6,548.1828518,179,694,0,3,11,10,38,0,3,3,0,0,0,0,2,,,,,,,,,,,0,Diltiazem Malate,,,Not applicable (ionic/extreme),C26H32N2O9S,548.6
3038222,659.7,659.2789197,290,710,0,13,16,15,46,0,10,9,1,0,0,0,2,,,,,,,,,,,0,Dobutamine Lactobionate,,,Not applicable (ionic/extreme),C30H45NO15,659.7
3052775,267.35,267.0929146,74.8,305,0,2,4,2,18,0,1,1,0,0,0,0,2,,,,,,,,,,,0,Rasagiline Mesylate,,,Not applicable (ionic/extreme),C13H17NO3S,267.35
3058754,397.4,397.070797,95.6,596,0,1,8,5,27,0,0,0,0,0,0,0,1,281.8,8,4,1,0,0,3,0,0.8,5,10,Deracoxib,2.8,PubChem XLogP,OK,C17H14F3N3O3S,397.4
3086651,742.4,741.3360546,189,1090,0,5,10,17,49,0,5,5,0,0,0,0,2,,,,,,,,,,,0,Zankiren Hydrochloride,,,Not applicable (ionic/extreme),C35H56ClN5O6S2,742.4
4659569,273.24,273.0637225,103,372,0,2,5,2,20,0,0,0,0,0,0,0,1,204.8,8,3,2,1,0,2,0,0.6,3,6,Tolcapone,3.3,PubChem XLogP,OK,C14H11NO5,273.24
5018304,318.1,316.9986282,52.2,310,0,1,3,4,20,0,0,0,0,0,0,0,2,,,,,,,,,,,0,Diclofenac sodium,,,Not applicable (ionic/extreme),C14H10Cl2NNaO2,318.1
5280360,352.5,352.2249741,94.8,469,0,3,5,12,25,0,4,4,0,2,2,0,1,291.2,12,5,2,1,0,1,3,1.2,12.8,10,Prostaglandin E2,2.8,PubChem XLogP,OK,C20H32O5,352.5
5280427,352.5,352.2249741,87,484,0,3,5,10,25,0,5,5,0,2,1,1,1,286.2,13,5,2,1,0,2,3,1,11,10,"5-[(3aR,4R,5R,6aS)-5-hydroxy-4-[(E,3S)-3-hydroxyoct-1-enyl]-3,3a,4,5,6,6a-hexahydrocyclopenta[b]furan-2-ylidene]pentanoic acid",2.9,PubChem XLogP,OK,C20H32O5,352.5
5280453,416.6,416.3290453,60.7,688,0,3,3,6,30,0,6,6,0,2,2,0,1,345.7,12,3,3,0,0,3,3,1,8,10,Calcitriol,5.1,PubChem XLogP,OK,C27H44O3,416.6
5280483,450.7,450.3497807,34.1,696,0,0,2,14,33,0,2,0,2,1,1,0,1,391,8,2,0,0,0,2,4,1.6,14,10,Vitamin K,10.9,PubChem XLogP,OK,C31H46O2,450.7
5280723,354.5,354.2406242,94.8,432,0,3,5,13,25,0,4,4,0,1,1,0,1,292.9,13,5,2,1,0,1,4,1.2,13.8,10,Alprostadil,3.2,PubChem XLogP,OK,C20H34O5,354.5
5280754,1202.6,1201.841368,279,2330,0,5,12,15,85,0,12,0,12,1,1,0,1,,,,,,,,,,,0,Cyclosporine (USP),7.5,PubChem XLogP,OK,C62H111N11O12,1202.6
5280793,396.6,396.339216,20.2,678,0,1,1,5,29,0,6,6,0,3,3,0,1,341.1,8,1,1,0,0,3,3,0.8,7,10,Ergocalciferol,7.4,PubChem XLogP,OK,C28H44O,396.6
5280795,384.6,384.339216,20.2,610,0,1,1,6,28,0,5,5,0,2,2,0,1,330.1,8,1,1,0,0,3,3,1,8,8,Vitamin D3,7.9,PubChem XLogP,OK,C27H44O,384.6
5280954,634.7,634.2890309,118,1080,0,1,10,11,46,0,6,6,0,1,1,0,1,480.1,16,7,1,0,2,6,0,1.2,12.6,10,Rescinnamine,4.5,PubChem XLogP,OK,C35H42N2O9,634.7
5280965,924.1,923.4878499,320,1670,0,12,18,3,65,0,19,19,0,7,7,0,1,,,,,,,,,,,0,Amphotericin B,0,PubChem XLogP,OK,C47H73NO17,924.1
5281004,430.5,430.2355388,93.1,862,0,2,6,4,31,0,9,8,1,0,0,0,1,325.8,14,6,2,0,0,5,1,0.8,5.6,6,Budesonide,2.5,PubChem XLogP,OK,C25H34O6,430.5
5281037,424.5,424.1456784,121,618,0,2,6,10,30,0,0,0,0,1,1,0,1,331.5,11,4,0,2,1,3,1,1,10,10,Eprosartan,4.5,PubChem XLogP,OK,C23H24N2O4S,424.5
5281055,473.5,473.1256713,171,587,0,3,10,9,33,0,1,0,1,1,1,0,2,,,,,,,,,,,0,Rosiglitazone Maleate,,,Not applicable (ionic/extreme),C22H23N3O7S,473.5
5281065,885.2,884.500287,231,561,0,6,14,30,60,0,2,0,2,1,1,0,3,,,,,,,,,,,0,Ibutilide Fumarate,,,Not applicable (ionic/extreme),C44H76N4O10S2,885.2
5281068,390.9,390.1346349,90.7,368,0,2,6,7,27,0,1,0,1,1,1,0,2,,,,,,,,,,,0,Chlorpheniramine Maleate,,,Not applicable (ionic/extreme),C20H23ClN2O4,390.9
5281074,489.6,489.3301675,185,527,0,8,9,15,34,0,5,5,0,2,2,0,2,,,,,,,,,,,0,Carboprost Tromethamine,,,Not applicable (ionic/extreme),C25H47NO8,489.6
5281077,144.6,144.0341926,20.2,154,0,1,1,3,9,0,1,0,1,1,1,0,1,115.6,4,1,1,0,0,0,2,0.4,2,10,Ethchlorvynol,1.5,PubChem XLogP,OK,C7H9ClO,144.6
5281078,433.5,433.2100523,94.5,646,0,1,8,10,31,0,0,0,0,1,1,0,1,336.7,10,4,1,0,1,3,1,1.2,11.6,10,Mycophenolate Mofetil,3.2,PubChem XLogP,OK,C23H31NO7,433.5
5281081,305.29,305.1011706,130,500,0,2,6,4,22,0,0,0,0,1,1,0,1,230.6,8,4,2,1,0,1,0,0.8,6,10,Entacapone,2.1,PubChem XLogP,OK,C14H15N3O5,305.29
5281104,416.6,416.3290453,60.7,676,0,3,3,5,30,0,7,7,0,2,2,0,1,346.2,12,3,3,0,0,3,3,1,7.2,10,Paricalcitol,5,PubChem XLogP,OK,C27H44O3,416.6
5282183,562.1,561.2645865,57.5,928,0,0,4,13,40,0,0,0,0,2,2,0,1,455.4,11,3,0,0,0,3,5,1.8,14,10,Indomethacin farnesil,9.8,PubChem XLogP,OK,C34H40ClNO4,562.1
5282193,1076.6,1075.419309,289,1480,0,5,18,27,76,0,1,0,1,2,2,0,3,,,,,,,,,,,0,Proglumetacin Maleate,,,Not applicable (ionic/extreme),C54H66ClN5O16,1076.6
5282226,500.5,500.2385733,96.2,693,0,3,9,13,35,0,5,5,0,2,2,0,1,385.4,12,5,3,0,0,2,2,1.8,15,10,Travoprost,,,PubChem lookup failed,,
5282315,822,821.4925413,179,1480,0,4,13,7,58,0,14,14,0,2,2,0,2,,,,,,,,,,,0,Tacrolimus Hydrate,,,Not applicable (ionic/extreme),C44H71NO13,822
5282375,354.5,354.2194948,35.5,568,0,0,3,8,26,0,0,0,0,4,4,0,1,302.9,5,2,0,0,0,1,2,0.8,8,10,Etretinate,6.8,PubChem XLogP,OK,C23H30O3,354.5
5282379,300.4,300.2089301,37.3,567,0,1,2,5,22,0,0,0,0,4,4,0,1,259,7,2,0,1,0,1,3,0.8,5.8,10,Isotretinoin,6.3,PubChem XLogP,OK,C20H28O2,300.4
5282381,382.5,382.2719243,83.8,487,0,2,5,14,27,0,4,3,1,1,1,0,1,318.4,10,4,2,0,0,1,3,1.4,14.8,10,Misoprostol,3.7,PubChem XLogP,OK,C22H38O5,382.5
5282387,370.59,370.0750385,125,303,0,6,10,4,25,0,0,0,0,0,0,0,7,,,,,,,,,,,0,Magnesium salicylate hydrate,,,Not applicable (ionic/extreme),C14H18MgO10,370.59
5282408,425.5,425.129694,123,595,0,2,7,2,30,0,0,0,0,1,1,0,2,,,,,,,,,,,0,Ketotifen Fumarate,,,Not applicable (ionic/extreme),C23H23NO5S,425.5
5282415,475.6,475.3145174,185,486,0,8,9,15,33,0,5,5,0,2,2,0,2,,,,,,,,,,,0,Dinoprost Tromethamine,,,Not applicable (ionic/extreme),C24H45NO8,475.6
5282418,639.6,639.1862207,184,629,0,4,15,8,44,0,0,0,0,2,2,0,3,,,,,,,,,,,0,Trifluoperazine dimaleate,,,Not applicable (ionic/extreme),C29H32F3N3O8S,639.6
5282419,342.9,342.2074059,33.3,321,0,3,3,5,23,0,1,0,1,0,0,0,3,,,,,,,,,,,0,"2-Piperidinecarboxamide, 1-butyl-N-(2,6-dimethylphenyl)-, hydrochloride, hydrate (1:1:1)",,,Not applicable (ionic/extreme),C18H31ClN2O2,342.9
5282421,454.5,454.2216201,126,663,0,4,6,5,33,0,2,2,0,1,1,0,2,,,,,,,,,,,0,Lisuride Maleate,,,Not applicable (ionic/extreme),C24H30N4O5,454.5
5282451,881,880.2848136,187,626,0,4,12,14,63,0,4,4,0,2,2,0,3,,,,,,,,,,,0,Pitavastatin Calcium,,,Not applicable (ionic/extreme),C50H46CaF2N2O8,881
5282455,1001.1,1000.283511,304,761,0,4,20,18,67,0,4,4,0,2,2,0,3,,,,,,,,,,,0,Rosuvastatin Calcium,,,Not applicable (ionic/extreme),C44H54CaF2N6O12S2,1001.1
5282469,530.5,530.1972558,266,731,0,9,12,9,37,0,5,5,0,0,0,0,3,,,,,,,,,,,0,Protirelin tartrate monohydrate,,,Not applicable (ionic/extreme),C20H30N6O11,530.5
5282474,520.6,520.1337936,183,711,0,3,9,10,35,0,0,0,0,1,1,0,2,,,,,,,,,,,0,Eprosartan Mesylate,,,Not applicable (ionic/extreme),C24H28N2O7S2,520.6
5282479,553.6,553.1858267,130,663,0,3,12,8,38,0,0,0,0,1,1,0,2,,,,,,,,,,,0,Fluphenazine Maleate,,,Not applicable (ionic/extreme),C26H30F3N3O5S,553.6
5284472,332.9,332.1655411,17.1,335,0,2,3,4,23,0,0,0,0,1,1,0,3,,,,,,,,,,,0,Triprolidine hydrochloride monohydrate,,,Not applicable (ionic/extreme),C19H25ClN2O,332.9
5284566,312.4,312.1950114,50.2,442,0,1,3,2,23,0,2,2,0,0,0,0,1,246.7,8,2,1,0,1,4,0,0.8,4.4,10,Granisetron (JAN/USAN/INN),2.8,PubChem XLogP,OK,C18H24N4O,312.4
5284583,170.21,170.1055277,63.4,203,0,1,2,3,12,0,1,1,0,0,0,0,1,134.6,5,2,1,0,0,1,1,0.6,3.8,10,Levetiracetam,-0.3,PubChem XLogP,OK,C8H14N2O2,170.21
5284603,315.4,315.1470582,59,553,0,1,5,1,23,0,4,4,0,0,0,0,1,231.6,11,4,1,0,1,5,0,0.6,2.4,1,Oxycodone,1.2,PubChem XLogP,OK,C18H21NO4,315.4
5284627,339.36,339.0987878,124,556,0,1,9,3,22,0,4,4,0,0,0,0,1,237.3,13,7,1,0,0,3,2,0.8,4.6,10,Topiramate,-0.8,PubChem XLogP,OK,C12H21NO8S,339.36
5311035,408.6,408.2875744,83.8,551,0,2,5,14,29,0,4,4,0,1,1,0,1,337.3,11,4,2,0,0,2,3,1.4,15.6,10,Butaprost,4.2,PubChem XLogP,OK,C24H40O5,408.6
5311064,317.4,317.1627082,71,320,0,3,5,8,23,0,1,1,0,0,0,0,1,254.1,9,3,3,0,1,2,0,0.8,8,10,Denopamine,1.8,PubChem XLogP,OK,C18H23NO4,317.4
5311068,200.28,200.1313485,28.7,205,0,1,1,2,15,0,1,1,0,0,0,0,1,168.5,5,0,1,0,1,2,1,0.6,2,10,Dexmedetomidine,3.1,PubChem XLogP,OK,C13H16N2,200.28
5311071,398.7,398.3548661,20.2,639,0,1,1,5,29,0,7,7,0,3,3,0,1,343.2,8,1,1,0,0,3,3,0.8,7.2,10,Dihydrotachysterol,7.7,PubChem XLogP,OK,C28H46O,398.7
5311181,360.5,360.2300595,77.8,606,0,3,4,8,26,0,6,5,1,2,2,0,1,300.9,12,4,2,1,0,2,3,1.2,9,10,Iloprost,2.8,PubChem XLogP,OK,C22H32O4,360.5
5311221,432.6,432.2875744,87,526,0,3,5,14,31,0,5,5,0,1,1,0,1,356.6,11,4,3,0,0,2,2,1.4,15,10,Latanoprost,4.3,PubChem XLogP,OK,C26H40O5,432.6
5311225,400.5,400.1885886,93.1,613,0,2,6,11,29,0,4,4,0,1,1,0,1,322.9,9,5,2,0,0,2,0,1.2,11.8,10,Syngard,1.3,PubChem XLogP,OK,C23H28O6,400.5
5311309,317.4,317.1990937,66.4,393,0,2,3,6,23,0,1,1,0,0,0,0,1,257.2,8,3,1,1,0,2,1,0.8,8.2,10,Nateglinide,3.2,PubChem XLogP,OK,C19H27NO3,317.4
5312125,495.5,495.234491,97.1,654,0,3,9,13,35,0,1,1,0,0,0,0,1,374.2,12,4,3,0,2,3,0,1.2,14.6,10,Silodosin,3.6,PubChem XLogP,OK,C25H32F3N3O4,495.5
5312153,465.6,465.1821235,138,766,0,3,7,12,32,0,4,4,0,2,2,0,1,359.7,13,7,3,0,0,2,1,1.6,13.8,10,Sulprostone,1.5,PubChem XLogP,OK,C23H31NO7S,465.6
5328940,530.4,529.1647452,82.9,734,0,1,8,9,36,0,0,0,0,0,0,0,1,396.2,13,5,1,0,3,4,0,1.2,10.2,10,Bosutinib,5.4,PubChem XLogP,OK,C26H29Cl2N5O3,530.4
5360515,341.4,341.1627082,70,621,0,2,5,2,25,0,4,4,0,0,0,0,1,252.3,11,3,2,0,1,5,0,0.8,4,3,Naltrexone,1.9,PubChem XLogP,OK,C20H23NO4,341.4
5360696,271.4,271.1936144,12.5,370,0,0,2,1,20,0,3,3,0,0,0,0,1,216.6,6,1,0,0,1,4,0,0.6,2.6,2,Dextromethorphan,3.4,PubChem XLogP,OK,C18H25NO,271.4
5362115,489,488.2077999,95.9,649,0,3,6,12,34,0,2,2,0,0,0,0,2,,,,,,,,,,,0,Delapril Hydrochloride,,,Not applicable (ionic/extreme),C26H33ClN2O5,489
5362118,441.5,441.2475005,135,550,0,6,9,12,31,0,3,3,0,0,0,0,3,,,,,,,,,,,0,Lisinopril dihydrate,,,Not applicable (ionic/extreme),C21H35N3O7,441.5
5362123,460.9,460.1764997,95.9,619,0,3,6,10,32,0,2,2,0,0,0,0,2,,,,,,,,,,,0,Benazepril Hydrochloride,,,Not applicable (ionic/extreme),C24H29ClN2O5,460.9
5362129,416.5,416.2311221,95.9,619,0,2,6,10,30,0,5,5,0,0,0,0,1,327.9,10,4,1,1,1,3,0,1.2,12.2,10,Ramipril,1.4,PubChem XLogP,OK,C23H32N2O5,416.5
5362376,445,444.1485709,108,539,0,3,7,11,29,0,1,1,0,0,0,0,2,,,,,,,,,,,0,Tamsulosin Hydrochloride,,,Not applicable (ionic/extreme),C20H29ClN2O5S,445
5362471,317.4,317.1627082,42.9,509,0,2,5,1,23,0,5,5,0,0,0,0,2,,,,,,,,,,,0,"Morphinan-6-ol, 7,8-didehydro-4,5-epoxy-3-methoxy-17-methyl-, monohydrate, (5alpha,6alpha)-",,,Not applicable (ionic/extreme),C18H23NO4,317.4
5388961,492.5,492.2107806,171,637,0,4,10,12,35,0,3,3,0,1,1,0,2,,,,,,,,,,,0,Enalapril Maleate,,,Not applicable (ionic/extreme),C24H32N2O9,492.5
5462346,477.5,477.2362671,159,626,0,6,9,5,34,0,5,5,0,0,0,0,2,,,,,,,,,,,0,"(1S,9R,10S)-17-(Cyclobutylmethyl)-17-azatetracyclo[7.5.3.01,10.02,7]heptadeca-2(7),3,5-triene-4,10-diol;(2R,3R)-2,3-dihydroxybutanedioic acid",,,Not applicable (ionic/extreme),C25H35NO8,477.5
5463984,396.4,396.1685219,107,590,0,3,6,8,29,0,2,2,0,0,0,0,1,305.2,12,5,1,2,1,3,0,1,8.8,10,Benazeprilat,0.6,PubChem XLogP,OK,C22H24N2O5,396.4
5464201,930.2,929.5738604,228,1600,0,6,10,25,67,0,8,8,0,0,0,0,1,,,,,,,,,,,0,Ditekiren,5.6,PubChem XLogP,OK,C50H75N9O8,930.2
5484727,430.5,430.2467722,95.9,633,0,2,6,10,31,0,5,5,0,0,0,0,1,339.7,10,4,1,1,1,3,0,1.2,12.4,10,Trandolapril,2,PubChem XLogP,OK,C24H34N2O5,430.5
5485193,441.9,441.1666633,116,619,0,3,7,10,30,0,3,3,0,0,0,0,2,,,,,,,,,,,0,Imidapril Hydrochloride,,,Not applicable (ionic/extreme),C20H28ClN3O6,441.9
5493444,551.8,551.3934364,146,717,0,4,7,19,39,0,4,4,0,0,0,0,1,,,,,,,,,,,0,Aliskiren,3.5,PubChem XLogP,OK,C30H53N3O6,551.8
5497196,914.2,913.5551416,195,1760,0,3,13,6,65,0,15,14,1,4,4,0,1,,,,,,,,,,,0,Rapamycin (TN),6,PubChem XLogP,OK,C51H79NO13,914.2
5702063,231.08,230.0126017,76.8,227,0,2,2,2,14,0,0,0,0,1,1,0,1,158.9,5,1,2,0,1,1,0,0.6,2,2,Guanabenz,1.7,PubChem XLogP,OK,C8H8Cl2N4,231.08
5702160,337.5,337.0449363,238,469,0,4,8,7,20,0,0,0,0,1,1,0,1,231.3,8,0,5,0,1,1,1,1,7,10,Famotidine,-0.6,PubChem XLogP,OK,C8H15N7O2S3,337.5
6321303,812.7,812.2686429,240,558,0,9,17,2,55,0,10,10,0,0,0,0,5,,,,,,,,,,,0,Codeine phosphate hemihydrate,,,Not applicable (ionic/extreme),C36H50N2O15P2,812.7
6419928,648.8,648.2941336,173,484,0,4,12,4,45,0,4,4,0,0,0,0,3,,,,,,,,,,,0,Physostigmine Sulfate,,,Not applicable (ionic/extreme),C30H44N6O8S,648.8
6420009,598.1,597.2129448,145,708,0,4,9,14,42,0,0,0,0,1,1,0,2,,,,,,,,,,,0,Enclomiphene Citrate,,,Not applicable (ionic/extreme),C32H36ClNO8,598.1
6420040,344.9,344.1866705,64.8,308,0,2,5,11,23,0,0,0,0,0,0,0,2,,,,,,,,,,,0,Oxybuprocaine Hydrochloride,,,Not applicable (ionic/extreme),C17H29ClN2O3,344.9
6420042,337.4,337.1314081,86.6,432,0,3,5,2,25,0,2,2,0,1,1,0,2,,,,,,,,,,,0,Dizocilpine Maleate,,,Not applicable (ionic/extreme),C20H19NO4,337.4
6431825,561.1,560.1536563,106,657,0,2,7,7,39,0,0,0,0,0,0,0,2,,,,,,,,,,,0,Chlorpromazine Hibenzate,,,Not applicable (ionic/extreme),C31H29ClN2O4S,561.1
6435922,524.9,524.1561582,174,765,0,4,11,12,36,0,1,0,1,1,1,0,2,,,,,,,,,,,0,Amlodipine Maleate,,,Not applicable (ionic/extreme),C24H29ClN2O9,524.9
6436002,386.5,386.225723,46.5,661,0,1,4,3,28,0,2,2,0,1,1,0,1,311.5,8,2,1,0,0,3,2,0.8,4.8,10,Dalvastatin,5,PubChem XLogP,OK,C24H31FO3,386.5
6444692,468.5,468.1773105,66,620,0,0,8,10,34,0,0,0,0,1,1,0,1,358.9,5,1,0,0,0,4,0,1,11,10,Mubritinib,5.4,PubChem XLogP,OK,C25H23F3N4O2,468.5
6446650,233.68,233.0782835,26,184,0,2,3,4,15,0,0,0,0,1,1,0,2,,,,,,,,,,,0,Mofegiline Hydrochloride,,,Not applicable (ionic/extreme),C11H14ClF2N,233.68
6450551,386.5,386.1201324,96,557,0,2,4,5,28,0,0,0,0,1,1,0,1,303.6,9,3,2,0,0,4,0,0.8,6,10,Axitinib,4.2,PubChem XLogP,OK,C22H18N4OS,386.5
6850814,503.1,502.1362921,147,650,0,3,8,10,32,0,3,3,0,0,0,0,2,,,,,,,,,,,0,Spirapril Hydrochloride,,,Not applicable (ionic/extreme),C22H31ClN2O5S2,503.1
6914273,314.25,314.0651194,121,524,0,1,6,3,23,0,0,0,0,1,1,0,1,230.2,11,6,1,1,0,3,0,0.8,4.6,8,Dantrolene,1.7,PubChem XLogP,OK,C14H10N4O5,314.25
6917719,384.4,384.1896512,109,490,0,5,8,8,27,0,3,3,0,0,0,0,3,,,,,,,,,,,0,(2S)-1-((2S)-2-(((1S)-1-carboxy-3-phenylpropyl)amino)propanoyl)pyrrolidine-2-carboxylic acid;dihydrate,,,Not applicable (ionic/extreme),C18H28N2O7,384.4
6917793,408.5,408.1579744,176,647,0,4,6,6,28,0,4,4,0,0,0,0,1,300.9,12,4,4,0,1,3,0,1.2,10,10,Montirelin,-1.7,PubChem XLogP,OK,C17H24N6O4S,408.5
6917815,333.4,333.1576228,83.9,492,0,1,5,7,24,0,3,3,0,0,0,0,1,261.1,9,4,0,1,0,2,2,1,8.6,10,Pentopril,2.6,PubChem XLogP,OK,C18H23NO5,333.4
6917956,329.5,329.1660795,100,424,0,1,5,8,22,0,1,1,0,0,0,0,1,259.7,7,3,0,1,0,1,2,1,10,10,Pivopril,2.9,PubChem XLogP,OK,C16H27NO4S,329.5
6918003,348.9,348.1716891,50.2,442,0,2,3,2,24,0,2,2,0,0,0,0,2,,,,,,,,,,,0,Granisetron hydrochloride (JAN/USP),,,Not applicable (ionic/extreme),C18H25ClN4O,348.9
6918034,304.73,304.0727034,71.2,525,0,3,4,1,21,0,0,0,0,0,0,0,3,,,,,,,,,,,0,Olprinone Hydrochloride Hydrate,,,Not applicable (ionic/extreme),C14H13ClN4O2,304.73
6918047,650,649.2049795,211,749,0,8,15,12,44,0,1,0,1,0,0,0,4,,,,,,,,,,,0,Mosapride citrate dihydrate,,,Not applicable (ionic/extreme),C27H37ClFN3O12,650
6918078,400.4,400.1845659,148,402,0,4,9,8,28,0,3,3,0,0,0,0,2,,,,,,,,,,,0,Rivastigmine Tartrate,,,Not applicable (ionic/extreme),C18H28N2O8,400.4
6918111,328.9,328.1917559,33.3,308,0,3,3,4,22,0,1,1,0,0,0,0,3,,,,,,,,,,,0,"(2S)-N-(2,6-dimethylphenyl)-1-propyl-2-piperidinecarboxamide hydrochloride monohydrate",,,Not applicable (ionic/extreme),C17H29ClN2O2,328.9
6918132,360.9,360.0038982,151,534,0,3,7,3,20,0,2,2,0,0,0,0,2,,,,,,,,,,,0,Dorzolamide Hydrochloride,,,Not applicable (ionic/extreme),C10H17ClN2O4S3,360.9
6918235,704.9,704.3349575,123,411,0,2,8,8,49,0,6,6,0,0,0,0,5,,,,,,,,,,,0,Mitiglinide Calcium Hydrate,,,Not applicable (ionic/extreme),C38H52CaN2O8,704.9
9556529,492.1,489.976916,105,506,0,1,6,6,30,0,0,0,0,1,1,0,2,,,,,,,,,,,0,Oxiconazole Nitrate,,,Not applicable (ionic/extreme),C18H14Cl4N4O4,492.1
9570076,290.19,289.086101,88.8,292,0,4,1,4,18,0,0,0,0,1,1,0,2,,,,,,,,,,,0,Proguanil Hydrochloride,,,Not applicable (ionic/extreme),C11H17Cl2N5,290.19
9571003,530.9,529.141423,72.6,677,0,2,6,8,34,0,0,0,0,1,1,0,3,,,,,,,,,,,0,Azimilide Dihydrochloride,,,Not applicable (ionic/extreme),C23H30Cl3N5O3,530.9
9574101,473.6,473.2638192,146,731,0,4,7,11,34,0,2,2,0,1,1,0,1,368.2,12,3,3,1,2,3,0,1.2,15,10,Ximelagatran,2.2,PubChem XLogP,OK,C24H35N5O5,473.6
9574343,557.5,556.2049,70.6,756,0,0,5,6,36,0,0,0,0,1,1,0,1,409,9,2,0,1,1,4,1,1.2,9.4,10,Ancriviroc,4.3,PubChem XLogP,OK,C28H37BrN4O3,557.5
9795678,279.8,279.1753775,3.2,242,0,1,1,2,19,0,0,0,0,0,0,0,2,,,,,,,,,,,0,Phencyclidine Hydrochloride,,,Not applicable (ionic/extreme),C17H26ClN,279.8
9859832,253.34,253.1677936,55.4,351,0,1,3,3,18,0,3,3,0,0,0,0,1,200.9,6,2,1,0,0,2,1,0.6,5,10,"1R-cis-3,3,5-trimethylcyclohexyl ester5-oxo-L-proline",2.6,PubChem XLogP,OK,C14H23NO3,253.34
9869929,483.9,483.1785654,125,642,0,3,9,9,34,0,1,1,0,0,0,0,1,362.1,13,4,3,0,2,4,0,1,11,10,Avanafil,2.6,PubChem XLogP,OK,C23H26ClN7O3,483.9
9907628,375.3,374.1640169,57.7,361,0,5,3,7,24,0,1,1,0,0,0,0,3,,,,,,,,,,,0,Alniditan Dihydrochloride,,,Not applicable (ionic/extreme),C17H28Cl2N4O,375.3
9910986,438.3,437.0796782,90.2,628,0,4,6,2,29,0,2,2,0,0,0,0,2,,,,,,,,,,,0,Flavopiridol hydrochloride,,,Not applicable (ionic/extreme),C21H21Cl2NO5,438.3
10429215,370.3,369.09396,46.5,373,0,1,4,4,22,0,3,2,1,0,0,0,2,,,,,,,,,,,0,Arkitropin,,,Not applicable (ionic/extreme),C17H24BrNO3,370.3
10457278,467,466.2234499,95.9,633,0,3,6,10,32,0,5,5,0,0,0,0,2,,,,,,,,,,,0,Indolapril Hydrochloride,,,Not applicable (ionic/extreme),C24H35ClN2O5,467
11557040,943.5,942.1841276,241,1100,0,5,16,13,63,0,0,0,0,0,0,0,4,,,,,,,,,,,0,Lapatinib Ditosylate,,,Not applicable (ionic/extreme),C43H44ClFN4O11S3,943.5
11953898,1347.4,1346.57489,453,3150,-2,10,20,26,92,0,14,13,1,3,3,0,3,,,,,,,,,,,0,"Cobalt;[(2R,3S,4R,5S)-5-(5,6-dimethylbenzimidazol-1-yl)-4-hydroxy-2-(hydroxymethyl)oxolan-3-yl] [(2S)-1-[3-[(2R,3R,4Z,7S,9Z,12S,13S,14Z,17S,18S,19R)-2,13,18-tris(2-amino-2-oxoethyl)-7,12,17-tris(3-amino-3-oxopropyl)-3,5,8,8,13,15,18,19-octamethyl-2,7,12,17-tetrahydro-1H-corrin-21-id-3-yl]propanoylamino]propan-2-yl] phosphate;hydrate",,,Not applicable (ionic/extreme),C62H90CoN13O15P-2,1347.4
11954221,887,886.4314984,187,910,0,5,15,4,63,0,18,18,0,0,0,0,3,,,,,,,,,,,0,"6alpha-Fluoro-11beta,16alpha,17,21-tetrahydroxypregna-1,4-diene-3,20-dione cyclic 16,17-acetal with acetone, hemihydrate",,,Not applicable (ionic/extreme),C48H64F2O13,887
11954233,701.8,700.3198488,9.5,423,0,5,5,0,49,0,0,0,0,0,0,0,7,,,,,,,,,,,0,Cyproheptadine hydrochloride sesquihydrate,,,Not applicable (ionic/extreme),C42H50Cl2N2O3,701.8
11954253,231.25,231.1106726,87.6,300,0,4,6,4,16,0,3,3,0,0,0,0,2,,,,,,,,,,,0,Kainic acid monohydrate,,,Not applicable (ionic/extreme),C10H17NO5,231.25
11954344,1027,1026.34287,308,557,0,13,19,20,71,0,2,0,2,0,0,0,5,,,,,,,,,,,0,Carvedilol Phosphate,,,Not applicable (ionic/extreme),C48H60N4O17P2,1027
11954363,576.7,576.2366187,195,1030,0,6,9,12,40,0,2,2,0,0,0,0,2,,,,,,,,,,,0,Napsagatran,,,Not applicable (ionic/extreme),C26H36N6O7S,576.7
11954366,499.7,499.1923115,212,562,0,6,9,10,33,0,4,4,0,0,0,0,2,,,,,,,,,,,0,Zofenoprilat arginine,,,Not applicable (ionic/extreme),C21H33N5O5S2,499.7
11954367,537.5,536.185815,84.2,311,0,3,5,2,37,0,2,0,2,0,0,0,5,,,,,,,,,,,0,Fadrozole Hydrochloride Hemihydrate,,,Not applicable (ionic/extreme),C28H30Cl2N6O,537.5
11954368,349.8,349.0827174,74.4,429,0,4,5,2,22,0,1,1,0,0,0,0,3,,,,,,,,,,,0,Nepicastat Hydrochloride,,,Not applicable (ionic/extreme),C14H18ClF2N3OS,349.8
11954370,911.2,910.5119188,214,689,0,4,12,20,63,0,14,14,0,0,0,0,3,,,,,,,,,,,0,Tenivastatin Calcium,,,Not applicable (ionic/extreme),C50H78CaO12,911.2
11954371,382.45,382.2427494,154,460,0,8,8,7,26,0,5,5,0,0,0,0,4,,,,,,,,,,,0,Peramivir trihydrate,,,Not applicable (ionic/extreme),C15H34N4O7,382.45
11983193,965.7,964.1986241,317,499,0,8,16,12,68,0,2,0,2,3,3,0,5,,,,,,,,,,,0,Liarozole Fumarate,,,Not applicable (ionic/extreme),C46H38Cl2N8O12,965.7
13290219,244.2,243.9700767,127,302,0,2,7,2,14,0,0,0,0,0,0,0,2,,,,,,,,,,,0,Acetazolamide Sodium,,,Not applicable (ionic/extreme),C4H5N4NaO3S2,244.2
15895902,392.4,392.0806725,86.6,581,0,0,6,5,27,0,0,0,0,0,0,0,2,,,,,,,,,,,0,Parecoxib Sodium,,,Not applicable (ionic/extreme),C19H17N2NaO4S,392.4
16129675,1352.4,1351.448539,585,2840,0,17,22,38,94,0,10,10,0,0,0,0,1,,,,,,,,,,,0,Ceruletide,-3,PubChem XLogP,OK,C58H73N13O21S2,1352.4
16759173,446.5,446.2280477,127,662,0,3,7,11,31,0,8,8,0,0,0,0,2,,,,,,,,,,,0,Pravastatin Sodium,,,Not applicable (ionic/extreme),C23H35NaO7,446.5
16760658,160.1,160.0136383,60.4,138,0,1,3,1,11,0,0,0,0,0,0,0,2,,,,,,,,,,,0,Sodium Salicylate,,,Not applicable (ionic/extreme),C7H5NaO3,160.1
19610426,654.8,654.3060357,183,390,0,5,11,10,46,0,0,0,0,0,0,0,4,,,,,,,,,,,0,Rizatriptan Sulfate,,,Not applicable (ionic/extreme),C30H42N10O5S,654.8
21121303,767.2,766.230511,166,453,0,3,17,10,52,0,2,2,0,0,0,0,6,,,,,,,,,,,0,Esomeprazole magnesium trihydrate,,,Not applicable (ionic/extreme),C34H42MgN6O9S2,767.2
21155870,750.9,750.3033608,170,590,0,7,15,2,52,0,10,10,0,0,0,0,6,,,,,,,,,,,0,Codeine Sulfate,,,Not applicable (ionic/extreme),C36H50N2O13S,750.9
23663403,380.4,380.1381874,158,525,0,3,7,11,25,0,2,2,0,1,1,0,2,,,,,,,,,,,0,Cilastatin Sodium,,,Not applicable (ionic/extreme),C16H25N2NaO5S,380.4
23663959,336.1,335.0091929,53.2,332,0,2,4,3,21,0,0,0,0,0,0,0,3,,,,,,,,,,,0,Sodium meclofenamate monohydrate,,,Not applicable (ionic/extreme),C14H12Cl2NNaO3,336.1
23663985,528.5,528.1389752,154,738,0,6,12,9,35,0,0,0,0,0,0,0,6,,,,,,,,,,,0,Sivelestat Sodium,,,Not applicable (ionic/extreme),C20H29N2NaO11S,528.5
23663992,481.5,481.2240456,103,626,0,2,7,11,34,0,2,2,0,1,1,0,2,,,,,,,,,,,0,Cerivastatin Sodium,,,Not applicable (ionic/extreme),C26H33FNNaO5,481.5
23667301,372.4,372.1007392,91.9,630,0,0,5,2,25,0,4,4,0,0,0,0,2,,,,,,,,,,,0,Estrone Sodium Sulfate,,,Not applicable (ionic/extreme),C18H21NaO5S,372.4
23667642,334.2,332.9725654,52.2,310,0,1,3,4,20,0,0,0,0,0,0,0,2,,,,,,,,,,,0,Diclofenac Potassium,,,Not applicable (ionic/extreme),C14H10Cl2KNO2,334.2
23667962,585.6,585.2831341,113,857,0,0,7,15,40,0,4,3,1,0,0,0,2,,,,,,,,,,,0,Dynacil,,,Not applicable (ionic/extreme),C30H45NNaO7P,585.6
23669229,338.29,338.0990993,98.6,401,0,0,5,1,24,0,0,0,0,0,0,0,3,,,,,,,,,,,0,Sodium caffeine benzoate,,,Not applicable (ionic/extreme),C15H15N4NaO4,338.29
23674731,433.8,433.090424,74.4,512,0,3,7,4,29,0,0,0,0,0,0,0,5,,,,,,,,,,,0,Indometacin (sodium hydrate),,,Not applicable (ionic/extreme),C19H21ClNNaO7,433.8
23674745,304.31,304.1286681,59.2,321,0,2,5,4,21,0,2,0,2,0,0,0,4,,,,,,,,,,,0,Sodium 2-(4-(2-oxocyclopentylmethyl)phenyl)propionate dihydrate,,,Not applicable (ionic/extreme),C15H21NaO5,304.31
23675769,262.2,262.0677991,109,302,0,1,5,0,18,0,0,0,0,0,0,0,3,,,,,,,,,,,0,"sodium;1,3-dimethyl-7H-purine-2,6-dione;acetate",,,Not applicable (ionic/extreme),C9H11N4NaO4,262.2
23677829,315.3,315.108267,64.1,353,0,2,5,4,22,0,0,0,0,0,0,0,4,,,,,,,,,,,0,Tolmetin sodium dihydrate,,,Not applicable (ionic/extreme),C15H18NNaO5,315.3
23678981,476.4,476.1532601,213,710,0,4,12,9,34,0,1,1,0,0,0,0,2,,,,,,,,,,,0,Methotrexate monosodium,,,Not applicable (ionic/extreme),C20H21N8NaO5,476.4
23679527,433.4,433.1665307,85.5,596,0,2,5,8,31,0,2,2,0,1,1,0,2,,,,,,,,,,,0,Fluvastatin Sodium,,,Not applicable (ionic/extreme),C24H25FNNaO4,433.4
23681059,252.24,252.0762386,49.4,282,0,0,3,3,18,0,1,1,0,0,0,0,2,,,,,,,,,,,0,Naproxen Sodium,,,Not applicable (ionic/extreme),C14H13NaO3,252.24
23683779,277.21,277.035102,77.5,409,0,0,4,2,20,0,0,0,0,0,0,0,2,,,,,,,,,,,0,Alrestatin Sodium,,,Not applicable (ionic/extreme),C14H8NNaO4,277.21
23706210,408.92,407.9681475,82.6,496,0,2,5,2,25,0,1,0,1,0,0,0,4,,,,,,,,,,,0,Tranxilium,,,Not applicable (ionic/extreme),C16H11ClK2N2O4,408.92
23706216,302.27,302.0930314,42.1,292,0,2,5,3,21,0,1,0,1,0,0,0,4,,,,,,,,,,,0,Ocufen,,,Not applicable (ionic/extreme),C15H16FNaO4,302.27
23724511,656.7,656.1563622,189,1090,0,3,14,6,46,0,10,8,2,0,0,0,1,472.8,22,11,3,0,0,8,0,1.2,9,10,"(8aR,9R)-5-[[(4aR,6R,7R,8R,8aS)-7,8-dihydroxy-2-thiophen-2-yl-4,4a,6,7,8,8a-hexahydropyrano[3,2-d][1,3]dioxin-6-yl]oxy]-9-(4-hydroxy-3,5-dimethoxyphenyl)-5a,6,8a,9-tetrahydro-5H-[2]benzofuro[6,5-f][1,3]benzodioxol-8-one",1.2,PubChem XLogP,OK,C32H32O13S,656.7
23724775,876.5,875.3582293,186,1100,0,4,12,14,61,0,3,2,1,0,0,0,4,,,,,,,,,,,0,Atropine sulfate and diphenoxylate hydrochloride,,,Not applicable (ionic/extreme),C47H58ClN3O9S,876.5
23724780,460,459.1812508,87.1,495,0,2,6,8,32,0,2,1,1,1,1,0,2,,,,,,,,,,,0,Clemastinefumarate,,,Not applicable (ionic/extreme),C25H30ClNO5,460
23724784,364.5,364.1456784,135,197,0,4,6,2,25,0,4,2,2,0,0,0,3,,,,,,,,,,,0,bis((1R)-2-phenylcyclopropan-1-amine);sulfuric acid,,,Not applicable (ionic/extreme),C18H24N2O4S,364.5
23724856,673.7,672.1722161,142,421,0,5,11,4,43,0,0,0,0,0,0,0,5,,,,,,,,,,,0,Fasudil Hydrochloride Hydrate,,,Not applicable (ionic/extreme),C28H38Cl2N6O5S2,673.7
23724898,639.2,638.2006065,110,725,0,3,7,8,45,0,0,0,0,0,0,0,2,,,,,,,,,,,0,Chlorpromazine phenolphthalinate,,,Not applicable (ionic/extreme),C37H35ClN2O4S,639.2
23724987,997,996.4065351,259,521,0,8,26,9,71,0,0,0,0,0,0,0,5,,,,,,,,,,,0,"1-Ethyl-6-fluoro-4-oxo-7-piperazin-1-yl-1,8-naphthyridine-3-carboxylic acid;dihydrate",,,Not applicable (ionic/extreme),C45H55F3N12O11,997
54670067,176.12,176.032088,107,232,0,4,6,2,12,0,2,2,0,0,0,0,1,120.9,8,3,4,0,0,1,0,0.6,2.4,9,L-Ascorbic Acid,-1.6,PubChem XLogP,OK,C6H8O6,176.12
54675768,1110.1,1109.375339,347,2440,0,9,20,16,80,0,8,8,0,0,0,0,1,,,,,,,,,,,0,Coumermycin A1,4.6,PubChem XLogP,OK,C55H59N5O20,1110.1
54676038,336.3,336.0633881,93.1,605,0,2,6,2,25,0,0,0,0,0,0,0,1,248.5,8,2,2,0,0,4,0,0.6,2,10,Dicoumarol,2.6,PubChem XLogP,OK,C19H12O6,336.3
54676228,331.3,331.0626771,108,611,0,2,6,2,23,0,0,0,0,0,0,0,1,241.7,9,4,2,0,0,3,0,0.6,3.2,10,Piroxicam,3.1,PubChem XLogP,OK,C15H13N3O4S,331.3
54677470,351.4,351.0347483,136,628,0,2,7,2,23,0,0,0,0,0,0,0,1,249.9,8,3,2,0,0,3,0,0.6,3.2,10,Meloxicam,3,PubChem XLogP,OK,C14H13N3O4S2,351.4
54677971,337.4,337.0190982,136,599,0,2,7,2,22,0,0,0,0,0,0,0,1,237.2,9,4,2,0,0,3,0,0.6,3.2,10,Tenoxicam,1.1,PubChem XLogP,OK,C13H11N3O4S2,337.4
54686350,241.28,241.1314081,80.6,179,0,2,4,3,17,0,0,0,0,0,0,0,2,,,,,,,,,,,0,Choline Salicylate,,,Not applicable (ionic/extreme),C12H19NO4,241.28
54690031,371.8,370.9801258,136,634,0,2,7,2,23,0,0,0,0,0,0,0,1,252.5,9,4,2,0,0,3,0,0.6,3.2,10,Lornoxicam,2.1,PubChem XLogP,OK,C13H10ClN3O4S2,371.8
72734318,665.7,665.3047406,231,1220,0,7,14,3,47,0,14,14,0,5,5,0,1,501.8,22,12,6,1,1,2,0,1,6.8,10,Natacyn (TN),-1.3,PubChem XLogP,OK,C33H47NO13,665.7
135398513,225.2,225.0861892,115,308,0,3,5,4,16,0,0,0,0,0,0,0,1,159.6,9,3,3,0,1,2,0,0.6,4,10,Acyclovir,-1.9,PubChem XLogP,OK,C8H11N5O3,225.2
135398641,268.23,268.0807695,129,405,0,4,7,2,19,0,4,4,0,0,0,0,1,183.9,13,5,4,0,1,3,0,0.6,3,10,Inosine,-1.3,PubChem XLogP,OK,C10H12N4O5,268.23
135398658,441.4,441.1396814,209,767,0,6,10,9,32,0,1,1,0,0,0,0,1,320.4,18,7,4,2,2,3,0,1,10,10,Folic Acid,-1.1,PubChem XLogP,OK,C19H19N7O6,441.4
135398735,822.9,822.4051233,220,1620,0,6,15,5,59,0,9,9,0,4,4,0,1,,,,,,,,,,,0,Rifampicin,4.9,PubChem XLogP,OK,C43H58N4O12,822.9
135398737,326.8,326.1298243,30.9,446,0,1,3,1,23,0,0,0,0,0,0,0,1,248.2,8,0,1,0,3,4,0,0.6,2.4,4,Clozapine,3.1,PubChem XLogP,OK,C18H19ClN4,326.8
135398740,255.23,255.0967539,135,346,0,4,6,5,18,0,0,0,0,0,0,0,1,179.8,11,4,4,0,1,2,0,0.6,5,10,Ganciclovir,-2.5,PubChem XLogP,OK,C9H13N5O4,255.23
135398741,360.8,360.1312809,147,483,0,4,7,8,24,0,1,1,0,0,0,0,2,,,,,,,,,,,0,Valacyclovir Hydrochloride,,,Not applicable (ionic/extreme),C13H21ClN6O4,360.8
135398745,312.4,312.1408678,59.1,432,0,1,4,1,22,0,0,0,0,0,0,0,1,242.8,8,0,1,0,3,4,0,0.6,2.4,5,Olanzapine,2.9,PubChem XLogP,OK,C17H20N4S,312.4
135398748,253.26,253.1174894,126,344,0,4,5,5,18,0,0,0,0,0,0,0,1,183.5,10,3,4,0,1,2,0,0.6,5,10,Penciclovir,-1.9,PubChem XLogP,OK,C10H15N5O3,253.26
135400182,458.5,458.1260056,177,790,0,4,9,9,32,0,1,1,0,0,0,0,1,341.8,14,6,2,2,1,3,0,1,10,10,Raltitrexed,1.4,PubChem XLogP,OK,C21H22N4O6S,458.5
135401907,136.11,136.0385108,70.1,190,0,2,3,0,10,0,0,0,0,0,0,0,1,94.9,6,2,2,0,0,2,0,0.4,0,1,Allopurinol,-0.7,PubChem XLogP,OK,C5H4N4O,136.11
135403648,473.4,473.1658961,216,911,0,7,10,9,34,0,2,1,1,0,0,0,1,342,19,7,5,2,2,3,0,1.2,11.8,10,Leucovorin,-1.2,PubChem XLogP,OK,C20H23N7O7,473.4
135409453,301.39,301.1902604,87.8,385,0,3,3,8,22,0,0,0,0,1,1,0,1,241.8,10,2,3,0,2,2,1,1,8,10,Tegaserod,2.6,PubChem XLogP,OK,C16H23N5O,301.39
135413520,471.4,471.1130719,193,737,0,4,7,7,33,0,1,1,0,0,0,0,3,,,,,,,,,,,0,Pemetrexed Disodium,,,Not applicable (ionic/extreme),C20H19N5Na2O6,471.4
135413523,666.7,666.2319272,250,1070,0,5,15,12,46,0,0,0,0,0,0,0,2,,,,,,,,,,,0,Sildenafil Citrate,,,Not applicable (ionic/extreme),C28H38N6O11S,666.7
135413545,579.1,578.2289465,121,854,0,5,11,8,38,0,0,0,0,0,0,0,5,,,,,,,,,,,0,Vardenafil Hydrochloride Trihydrate,,,Not applicable (ionic/extreme),C23H39ClN6O7S,579.1
135414253,561.5,560.1739301,118,854,0,3,8,8,36,0,0,0,0,0,0,0,3,,,,,,,,,,,0,Vardenafil Dihydrochloride,,,Not applicable (ionic/extreme),C23H34Cl2N6O4S,561.5
135462830,491.5,491.2056357,133,661,0,3,8,7,36,0,0,0,0,1,1,0,2,,,,,,,,,,,0,Icopezil Maleate,,,Not applicable (ionic/extreme),C27H29N3O6,491.5
